source,source_line,section,headers_json,values_json
boop-docs/microbenching/timing-reference/evidence/historical/drisc-overlap-output-microbench.md,33,Validated Harness Default,"[""mode"", ""page B"", ""pages"", ""MiB"", ""cycles"", ""B/cyc"", ""GB/s"", ""ok"", ""note""]","[""`drisc_dma`"", ""2048"", ""32"", ""0.06"", ""7116"", ""9.210"", ""12.4"", ""True"", ""GDDR->DRISC L1 read, repeated 2 KiB descriptor""]"
boop-docs/microbenching/timing-reference/evidence/historical/drisc-overlap-output-microbench.md,34,Validated Harness Default,"[""mode"", ""page B"", ""pages"", ""MiB"", ""cycles"", ""B/cyc"", ""GB/s"", ""ok"", ""note""]","[""`drisc_stage`"", ""2048"", ""32"", ""0.06"", ""0"", ""0.000"", ""0.0"", ""True"", ""correctness only; source PoC does not stamp cycles""]"
boop-docs/microbenching/timing-reference/evidence/historical/drisc-overlap-output-microbench.md,40,DRISC GDDR DMA,"[""transfer"", ""iters"", ""total bytes"", ""read cycles"", ""read GB/s"", ""write cycles"", ""write GB/s"", ""useful model point""]","[""2048 B"", ""1024"", ""2,097,152"", ""213,592"", ""13.3"", ""105,494"", ""26.8"", ""descriptor-limited tile stream""]"
boop-docs/microbenching/timing-reference/evidence/historical/drisc-overlap-output-microbench.md,41,DRISC GDDR DMA,"[""transfer"", ""iters"", ""total bytes"", ""read cycles"", ""read GB/s"", ""write cycles"", ""write GB/s"", ""useful model point""]","[""100,352 B"", ""256"", ""25,690,112"", ""583,958"", ""59.4"", ""542,192"", ""64.0"", ""large-transfer DRISC DMA roof in this harness""]"
boop-docs/microbenching/timing-reference/evidence/historical/drisc-overlap-output-microbench.md,47,DRISC GDDR DMA,"[""path"", ""cycles/tile"", ""ns/tile at 1.35 GHz""]","[""GDDR -> DRISC L1 read"", ""208.6"", ""154.5""]"
boop-docs/microbenching/timing-reference/evidence/historical/drisc-overlap-output-microbench.md,48,DRISC GDDR DMA,"[""path"", ""cycles/tile"", ""ns/tile at 1.35 GHz""]","[""DRISC L1 -> GDDR write"", ""103.0"", ""76.3""]"
boop-docs/microbenching/timing-reference/evidence/historical/drisc-overlap-output-microbench.md,57,Worker Stateful 2 KiB DRAM Writes,"[""tiles"", ""bytes"", ""cycles"", ""cycles/tile"", ""GB/s""]","[""64"", ""131,072"", ""2,942"", ""46.0"", ""60.1""]"
boop-docs/microbenching/timing-reference/evidence/historical/drisc-overlap-output-microbench.md,58,Worker Stateful 2 KiB DRAM Writes,"[""tiles"", ""bytes"", ""cycles"", ""cycles/tile"", ""GB/s""]","[""1024"", ""2,097,152"", ""38,258"", ""37.4"", ""74.0""]"
boop-docs/microbenching/timing-reference/evidence/historical/math-backend-microbench.md,88,Run 2026-06-08T13:18:21-04:00,"[""test"", ""variant"", ""group"", ""cycles/iter"", ""adj cycles"", ""adj us"", ""cycles/MOP"", ""cycles/tile-K"", ""cycles/subblock""]","[""empty"", ""unthrottled"", ""baseline"", ""5.30"", ""0.00"", ""0.0000"", """", """", """"]"
boop-docs/microbenching/timing-reference/evidence/historical/math-backend-microbench.md,89,Run 2026-06-08T13:18:21-04:00,"[""test"", ""variant"", ""group"", ""cycles/iter"", ""adj cycles"", ""adj us"", ""cycles/MOP"", ""cycles/tile-K"", ""cycles/subblock""]","[""sync_empty"", ""unthrottled"", ""sync"", ""13.25"", ""7.95"", ""0.0059"", """", """", """"]"
boop-docs/microbenching/timing-reference/evidence/historical/math-backend-microbench.md,90,Run 2026-06-08T13:18:21-04:00,"[""test"", ""variant"", ""group"", ""cycles/iter"", ""adj cycles"", ""adj us"", ""cycles/MOP"", ""cycles/tile-K"", ""cycles/subblock""]","[""prep_src"", ""unthrottled"", ""prep"", ""21.70"", ""16.40"", ""0.0121"", """", """", """"]"
boop-docs/microbenching/timing-reference/evidence/historical/math-backend-microbench.md,91,Run 2026-06-08T13:18:21-04:00,"[""test"", ""variant"", ""group"", ""cycles/iter"", ""adj cycles"", ""adj us"", ""cycles/MOP"", ""cycles/tile-K"", ""cycles/subblock""]","[""math_init_unthrottled"", ""unthrottled"", ""init"", ""271.00"", ""265.70"", ""0.1968"", """", """", """"]"
boop-docs/microbenching/timing-reference/evidence/historical/math-backend-microbench.md,92,Run 2026-06-08T13:18:21-04:00,"[""test"", ""variant"", ""group"", ""cycles/iter"", ""adj cycles"", ""adj us"", ""cycles/MOP"", ""cycles/tile-K"", ""cycles/subblock""]","[""program_mop_unthrottled"", ""unthrottled"", ""program_mop"", ""106.00"", ""100.70"", ""0.0746"", """", """", """"]"
boop-docs/microbenching/timing-reference/evidence/historical/math-backend-microbench.md,93,Run 2026-06-08T13:18:21-04:00,"[""test"", ""variant"", ""group"", ""cycles/iter"", ""adj cycles"", ""adj us"", ""cycles/MOP"", ""cycles/tile-K"", ""cycles/subblock""]","[""math_init_throttle0"", ""throttle0"", ""init"", ""290.00"", ""284.70"", ""0.2109"", """", """", """"]"
boop-docs/microbenching/timing-reference/evidence/historical/math-backend-microbench.md,94,Run 2026-06-08T13:18:21-04:00,"[""test"", ""variant"", ""group"", ""cycles/iter"", ""adj cycles"", ""adj us"", ""cycles/MOP"", ""cycles/tile-K"", ""cycles/subblock""]","[""program_mop_throttle0"", ""throttle0"", ""program_mop"", ""115.00"", ""109.70"", ""0.0813"", """", """", """"]"
boop-docs/microbenching/timing-reference/evidence/historical/math-backend-microbench.md,112,Run 2026-06-08T13:18:44-04:00,"[""test"", ""variant"", ""group"", ""cycles/iter"", ""adj cycles"", ""adj us"", ""cycles/MOP"", ""cycles/tile-K"", ""cycles/subblock""]","[""empty"", ""unthrottled"", ""baseline"", ""26.00"", ""0.00"", ""0.0000"", """", """", """"]"
boop-docs/microbenching/timing-reference/evidence/historical/math-backend-microbench.md,113,Run 2026-06-08T13:18:44-04:00,"[""test"", ""variant"", ""group"", ""cycles/iter"", ""adj cycles"", ""adj us"", ""cycles/MOP"", ""cycles/tile-K"", ""cycles/subblock""]","[""mop_tile_unthrottled"", ""unthrottled"", ""mop_tile"", ""80.00"", ""54.00"", ""0.0400"", ""27.00"", ""54.00"", """"]"
boop-docs/microbenching/timing-reference/evidence/historical/math-backend-microbench.md,119,Run 2026-06-08T13:18:44-04:00,"[""constant"", ""cycles"", ""us @ 1.35 GHz""]","[""`mop_tile_unthrottled_cycles_per_output_tile_k`"", ""54.00"", ""0.0400""]"
boop-docs/microbenching/timing-reference/evidence/historical/math-backend-microbench.md,120,Run 2026-06-08T13:18:44-04:00,"[""constant"", ""cycles"", ""us @ 1.35 GHz""]","[""`program_timing_model_TRISC_CYCLES_PER_SUBBLOCK`"", ""216.00"", ""0.1600""]"
boop-docs/microbenching/timing-reference/evidence/historical/math-backend-microbench.md,133,Run 2026-06-08T13:19:01-04:00,"[""test"", ""variant"", ""group"", ""cycles/iter"", ""adj cycles"", ""adj us"", ""cycles/MOP"", ""cycles/tile-K"", ""cycles/subblock""]","[""empty"", ""unthrottled"", ""baseline"", ""26.00"", ""0.00"", ""0.0000"", """", """", """"]"
boop-docs/microbenching/timing-reference/evidence/historical/math-backend-microbench.md,134,Run 2026-06-08T13:19:01-04:00,"[""test"", ""variant"", ""group"", ""cycles/iter"", ""adj cycles"", ""adj us"", ""cycles/MOP"", ""cycles/tile-K"", ""cycles/subblock""]","[""mop_tile_throttle0"", ""throttle0"", ""mop_tile"", ""75.00"", ""49.00"", ""0.0363"", ""49.00"", ""49.00"", """"]"
boop-docs/microbenching/timing-reference/evidence/historical/math-backend-microbench.md,140,Run 2026-06-08T13:19:01-04:00,"[""constant"", ""cycles"", ""us @ 1.35 GHz""]","[""`mop_tile_throttle0_cycles_per_output_tile_k`"", ""49.00"", ""0.0363""]"
boop-docs/microbenching/timing-reference/evidence/historical/math-mvmul.md,125,Current Results,"[""job"", ""row"", ""iters"", ""adjusted cycles"", ""cycles/tile"", ""cycles/encoded TTMVMUL slot"", ""produced"", ""packed""]","[""`5e2accd9`"", ""`mvmul_issue`"", ""1"", ""19.00"", ""19.00"", ""1.19"", ""1"", ""1""]"
boop-docs/microbenching/timing-reference/evidence/historical/math-mvmul.md,126,Current Results,"[""job"", ""row"", ""iters"", ""adjusted cycles"", ""cycles/tile"", ""cycles/encoded TTMVMUL slot"", ""produced"", ""packed""]","[""`b8193106`"", ""`mvmul_latency`"", ""1"", ""90.00"", ""90.00"", ""5.62"", ""1"", ""1""]"
boop-docs/microbenching/timing-reference/evidence/historical/math-mvmul.md,127,Current Results,"[""job"", ""row"", ""iters"", ""adjusted cycles"", ""cycles/tile"", ""cycles/encoded TTMVMUL slot"", ""produced"", ""packed""]","[""`923041b9`"", ""`mvmul_throughput`"", ""2"", ""147.00"", ""147.00"", ""9.19"", ""2"", ""2""]"
boop-docs/microbenching/timing-reference/evidence/historical/math-mvmul.md,128,Current Results,"[""job"", ""row"", ""iters"", ""adjusted cycles"", ""cycles/tile"", ""cycles/encoded TTMVMUL slot"", ""produced"", ""packed""]","[""`1e21db8f`"", ""`subblock2x2_issue`"", ""1"", ""32.00"", ""8.00"", ""0.50"", ""1"", ""1""]"
boop-docs/microbenching/timing-reference/evidence/historical/math-mvmul.md,129,Current Results,"[""job"", ""row"", ""iters"", ""adjusted cycles"", ""cycles/tile"", ""cycles/encoded TTMVMUL slot"", ""produced"", ""packed""]","[""`f485f98f`"", ""`subblock2x2_latency`"", ""1"", ""187.00"", ""46.75"", ""2.92"", ""1"", ""1""]"
boop-docs/microbenching/timing-reference/evidence/historical/math-mvmul.md,130,Current Results,"[""job"", ""row"", ""iters"", ""adjusted cycles"", ""cycles/tile"", ""cycles/encoded TTMVMUL slot"", ""produced"", ""packed""]","[""`4e6d48c9`"", ""`subblock2x2_throughput`"", ""2"", ""244.00"", ""61.00"", ""3.81"", ""2"", ""2""]"
boop-docs/microbenching/timing-reference/evidence/historical/math-mvmul.md,141,Current Results,"[""row"", ""adjusted cycles"", ""cycles/architectural MVMUL""]","[""`mvmul_issue`"", ""19.00"", ""2.38""]"
boop-docs/microbenching/timing-reference/evidence/historical/math-mvmul.md,142,Current Results,"[""row"", ""adjusted cycles"", ""cycles/architectural MVMUL""]","[""`mvmul_latency`"", ""90.00"", ""11.25""]"
boop-docs/microbenching/timing-reference/evidence/historical/math-mvmul.md,143,Current Results,"[""row"", ""adjusted cycles"", ""cycles/architectural MVMUL""]","[""`mvmul_throughput`"", ""147.00"", ""18.38""]"
boop-docs/microbenching/timing-reference/evidence/historical/math-mvmul.md,144,Current Results,"[""row"", ""adjusted cycles"", ""cycles/architectural MVMUL""]","[""`subblock2x2_issue`"", ""32.00"", ""1.00""]"
boop-docs/microbenching/timing-reference/evidence/historical/math-mvmul.md,145,Current Results,"[""row"", ""adjusted cycles"", ""cycles/architectural MVMUL""]","[""`subblock2x2_latency`"", ""187.00"", ""5.84""]"
boop-docs/microbenching/timing-reference/evidence/historical/math-mvmul.md,146,Current Results,"[""row"", ""adjusted cycles"", ""cycles/architectural MVMUL""]","[""`subblock2x2_throughput`"", ""244.00"", ""7.62""]"
boop-docs/microbenching/timing-reference/evidence/historical/pack-backend-microbench.md,152,Run 2026-06-08T13:15:37-04:00,"[""test"", ""mode"", ""iters"", ""cb pages"", ""cycles"", ""cyc/subblock adj"", ""cyc/tile adj"", ""us/subblock"", ""us/tile"", ""sink""]","[""empty"", ""baseline"", ""8"", ""4"", ""58"", ""0.0"", ""0.0"", ""0.000"", ""0.000"", ""0x50420008""]"
boop-docs/microbenching/timing-reference/evidence/historical/pack-backend-microbench.md,190,Real Pipeline Profile 2026-06-08,"[""shape"", ""blocks"", ""pack path"", ""`trisc2_pack_body` min us"", ""avg us"", ""max us"", ""avg cycles total"", ""avg cycles/subblock"", ""avg cycles/tile""]","[""`256 256 128`"", ""1"", ""CB16 final, L1 acc off"", ""3.8"", ""3.9"", ""4.3"", ""5265"", ""5265"", ""1316""]"
boop-docs/microbenching/timing-reference/evidence/historical/pack-backend-microbench.md,191,Real Pipeline Profile 2026-06-08,"[""shape"", ""blocks"", ""pack path"", ""`trisc2_pack_body` min us"", ""avg us"", ""max us"", ""avg cycles total"", ""avg cycles/subblock"", ""avg cycles/tile""]","[""`384 384 384`"", ""2"", ""CB24 partial off + CB16 final"", ""8.5"", ""9.4"", ""9.9"", ""12690"", ""6345"", ""1586""]"
boop-docs/microbenching/timing-reference/evidence/historical/pack-backend-microbench.md,192,Real Pipeline Profile 2026-06-08,"[""shape"", ""blocks"", ""pack path"", ""`trisc2_pack_body` min us"", ""avg us"", ""max us"", ""avg cycles total"", ""avg cycles/subblock"", ""avg cycles/tile""]","[""`384 384 576`"", ""3"", ""CB24 partial off + CB24 partial on + CB16 final"", ""12.8"", ""13.3"", ""13.8"", ""17955"", ""5985"", ""1496""]"
boop-docs/microbenching/timing-reference/evidence/historical/pack-backend-microbench.md,198,Real Pipeline Profile 2026-06-08,"[""constant"", ""source"", ""us/subblock"", ""cycles/subblock"", ""cycles/tile""]","[""CB16 final pack, L1 acc off"", ""one-block total"", ""3.9"", ""5265"", ""1316""]"
boop-docs/microbenching/timing-reference/evidence/historical/pack-backend-microbench.md,199,Real Pipeline Profile 2026-06-08,"[""constant"", ""source"", ""us/subblock"", ""cycles/subblock"", ""cycles/tile""]","[""CB24 partial pack, L1 acc off"", ""two-block total minus one-block total"", ""5.5"", ""7425"", ""1856""]"
boop-docs/microbenching/timing-reference/evidence/historical/pack-backend-microbench.md,200,Real Pipeline Profile 2026-06-08,"[""constant"", ""source"", ""us/subblock"", ""cycles/subblock"", ""cycles/tile""]","[""CB24 partial pack, L1 acc on"", ""three-block total minus two-block total"", ""3.9"", ""5265"", ""1316""]"
boop-docs/microbenching/timing-reference/evidence/historical/pack-backend-microbench.md,201,Real Pipeline Profile 2026-06-08,"[""constant"", ""source"", ""us/subblock"", ""cycles/subblock"", ""cycles/tile""]","[""Generic pack body for coarse model"", ""two-block average"", ""4.7"", ""6345"", ""1586""]"
boop-docs/microbenching/timing-reference/evidence/historical/program-timing-microbench-summary.md,110,Matmul Interpretation,"[""component"", ""cycles/subblock""]","[""math lower bound"", ""`216`""]"
boop-docs/microbenching/timing-reference/evidence/historical/program-timing-microbench-summary.md,111,Matmul Interpretation,"[""component"", ""cycles/subblock""]","[""math scaffold 2x2 latency"", ""`187`""]"
boop-docs/microbenching/timing-reference/evidence/historical/program-timing-microbench-summary.md,112,Matmul Interpretation,"[""component"", ""cycles/subblock""]","[""math scaffold 2x2 throughput"", ""`244`""]"
boop-docs/microbenching/timing-reference/evidence/historical/program-timing-microbench-summary.md,113,Matmul Interpretation,"[""component"", ""cycles/subblock""]","[""unpack measured"", ""`487`""]"
boop-docs/microbenching/timing-reference/evidence/historical/program-timing-microbench-summary.md,114,Matmul Interpretation,"[""component"", ""cycles/subblock""]","[""ready CB/semaphore overhead"", ""tens of cycles""]"
boop-docs/microbenching/timing-reference/evidence/historical/riscv-contention-microbench.md,15,Quick Read,"[""Probe shape"", ""Solo adj cost"", ""2-role adj cost"", ""All-five adj cost""]","[""same-address wall-clock MMIO read"", ""`~2.0 cyc/op`"", ""`~2.0 cyc/op`"", ""`~2.25 cyc/op`""]"
boop-docs/microbenching/timing-reference/evidence/historical/riscv-contention-microbench.md,16,Quick Read,"[""Probe shape"", ""Solo adj cost"", ""2-role adj cost"", ""All-five adj cost""]","[""same-address NoC status MMIO read"", ""`~2.0 cyc/op`"", ""`~2.0 cyc/op`"", ""`~2.0 cyc/op`""]"
boop-docs/microbenching/timing-reference/evidence/historical/riscv-contention-microbench.md,17,Quick Read,"[""Probe shape"", ""Solo adj cost"", ""2-role adj cost"", ""All-five adj cost""]","[""same-address L1 read"", ""`~2.5-2.6 cyc/op`"", ""`~2.5 cyc/op`"", ""`~2.67 cyc/op`""]"
boop-docs/microbenching/timing-reference/evidence/historical/riscv-contention-microbench.md,18,Quick Read,"[""Probe shape"", ""Solo adj cost"", ""2-role adj cost"", ""All-five adj cost""]","[""distinct-address L1 read"", ""`~2.5-2.6 cyc/op`"", ""`~2.5 cyc/op`"", ""`~2.5 cyc/op`""]"
boop-docs/microbenching/timing-reference/evidence/historical/riscv-contention-microbench.md,19,Quick Read,"[""Probe shape"", ""Solo adj cost"", ""2-role adj cost"", ""All-five adj cost""]","[""L1 store"", ""`~1.0 cyc/op`"", ""`~1.0 cyc/op`"", ""`~1.0 cyc/op`""]"
boop-docs/microbenching/timing-reference/evidence/historical/riscv-contention-microbench.md,20,Quick Read,"[""Probe shape"", ""Solo adj cost"", ""2-role adj cost"", ""All-five adj cost""]","[""local RISC LDM load/store"", ""`~1.0 cyc/op`"", ""`~1.0 cyc/op`"", ""`~1.0 cyc/op`""]"
boop-docs/microbenching/timing-reference/evidence/historical/riscv-contention-microbench.md,21,Quick Read,"[""Probe shape"", ""Solo adj cost"", ""2-role adj cost"", ""All-five adj cost""]","[""cross-RISC LDM window read (single target)"", ""`~2.5 cyc/op`"", ""`~5.0 cyc/op`"", ""`~17.0 cyc/op`""]"
boop-docs/microbenching/timing-reference/evidence/historical/riscv-contention-microbench.md,22,Quick Read,"[""Probe shape"", ""Solo adj cost"", ""2-role adj cost"", ""All-five adj cost""]","[""cross-RISC LDM read, round-robin targets"", ""`~2.5 cyc/op`"", ""`~5.0 cyc/op`"", ""`~17.0 cyc/op`""]"
boop-docs/microbenching/timing-reference/evidence/historical/riscv-contention-microbench.md,23,Quick Read,"[""Probe shape"", ""Solo adj cost"", ""2-role adj cost"", ""All-five adj cost""]","[""contested: owner writes, others read window"", ""owner `~1.0` / reader `~2.8 cyc/op`"", ""\u2014"", ""owner `~1.0` / reader `~13.0 cyc/op`""]"
boop-docs/microbenching/timing-reference/evidence/historical/riscv-contention-microbench.md,24,Quick Read,"[""Probe shape"", ""Solo adj cost"", ""2-role adj cost"", ""All-five adj cost""]","[""cross-LDM ptr chase (2 loads/op, BRISC target)"", ""\u2014"", ""`~7.0 cyc/op`"", ""`~18.5 cyc/op`""]"
boop-docs/microbenching/timing-reference/evidence/historical/riscv-contention-microbench.md,174,Run 2026-06-06T22:30:17-04:00,"[""group"", ""role"", ""test"", ""cycles"", ""cyc/iter"", ""adj cyc/op"", ""sink""]","[""brisc"", ""brisc"", ""empty"", ""30027"", ""3.003"", """", ""0xc0001234""]"
boop-docs/microbenching/timing-reference/evidence/historical/riscv-contention-microbench.md,175,Run 2026-06-06T22:30:17-04:00,"[""group"", ""role"", ""test"", ""cycles"", ""cyc/iter"", ""adj cyc/op"", ""sink""]","[""brisc"", ""brisc"", ""mmio_wall_lw1"", ""50022"", ""5.002"", ""2.000"", ""0x9adcc3fe""]"
boop-docs/microbenching/timing-reference/evidence/historical/riscv-contention-microbench.md,176,Run 2026-06-06T22:30:17-04:00,"[""group"", ""role"", ""test"", ""cycles"", ""cyc/iter"", ""adj cyc/op"", ""sink""]","[""brisc"", ""brisc"", ""mmio_noc_status_lw1"", ""50022"", ""5.002"", ""2.000"", ""0x00000121""]"
boop-docs/microbenching/timing-reference/evidence/historical/riscv-contention-microbench.md,177,Run 2026-06-06T22:30:17-04:00,"[""group"", ""role"", ""test"", ""cycles"", ""cyc/iter"", ""adj cyc/op"", ""sink""]","[""brisc"", ""brisc"", ""l1_same_lw1"", ""56023"", ""5.602"", ""2.600"", ""0xc0001234""]"
boop-docs/microbenching/timing-reference/evidence/historical/riscv-contention-microbench.md,178,Run 2026-06-06T22:30:17-04:00,"[""group"", ""role"", ""test"", ""cycles"", ""cyc/iter"", ""adj cyc/op"", ""sink""]","[""brisc"", ""brisc"", ""l1_dist_lw1"", ""55406"", ""5.541"", ""2.538"", ""0xc0001234""]"
boop-docs/microbenching/timing-reference/evidence/historical/riscv-contention-microbench.md,179,Run 2026-06-06T22:30:17-04:00,"[""group"", ""role"", ""test"", ""cycles"", ""cyc/iter"", ""adj cyc/op"", ""sink""]","[""brisc"", ""brisc"", ""l1_same_sw1"", ""40024"", ""4.002"", ""1.000"", ""0xc0001234""]"
boop-docs/microbenching/timing-reference/evidence/historical/riscv-contention-microbench.md,180,Run 2026-06-06T22:30:17-04:00,"[""group"", ""role"", ""test"", ""cycles"", ""cyc/iter"", ""adj cyc/op"", ""sink""]","[""brisc"", ""brisc"", ""l1_dist_sw1"", ""40023"", ""4.002"", ""1.000"", ""0xc0001234""]"
boop-docs/microbenching/timing-reference/evidence/historical/riscv-contention-microbench.md,181,Run 2026-06-06T22:30:17-04:00,"[""group"", ""role"", ""test"", ""cycles"", ""cyc/iter"", ""adj cyc/op"", ""sink""]","[""brisc"", ""brisc"", ""l1_same_rmw2"", ""190013"", ""19.001"", ""7.999"", ""0xc0001234""]"
boop-docs/microbenching/timing-reference/evidence/historical/riscv-contention-microbench.md,182,Run 2026-06-06T22:30:17-04:00,"[""group"", ""role"", ""test"", ""cycles"", ""cyc/iter"", ""adj cyc/op"", ""sink""]","[""brisc"", ""brisc"", ""ldm_self_lw1"", ""40023"", ""4.002"", ""1.000"", ""0xc0001234""]"
boop-docs/microbenching/timing-reference/evidence/historical/riscv-contention-microbench.md,183,Run 2026-06-06T22:30:17-04:00,"[""group"", ""role"", ""test"", ""cycles"", ""cyc/iter"", ""adj cyc/op"", ""sink""]","[""brisc"", ""brisc"", ""ldm_self_sw1"", ""40024"", ""4.002"", ""1.000"", ""0xc0001234""]"
boop-docs/microbenching/timing-reference/evidence/historical/riscv-contention-microbench.md,184,Run 2026-06-06T22:30:17-04:00,"[""group"", ""role"", ""test"", ""cycles"", ""cyc/iter"", ""adj cyc/op"", ""sink""]","[""brisc"", ""brisc"", ""xldm_brisc_lw1"", ""55022"", ""5.502"", ""2.499"", ""0xc0001234""]"
boop-docs/microbenching/timing-reference/evidence/historical/riscv-contention-microbench.md,185,Run 2026-06-06T22:30:17-04:00,"[""group"", ""role"", ""test"", ""cycles"", ""cyc/iter"", ""adj cyc/op"", ""sink""]","[""brisc"", ""brisc"", ""xldm_ncrisc_lw1"", ""55022"", ""5.502"", ""2.499"", ""0x00ca00c7""]"
boop-docs/microbenching/timing-reference/evidence/historical/riscv-contention-microbench.md,186,Run 2026-06-06T22:30:17-04:00,"[""group"", ""role"", ""test"", ""cycles"", ""cyc/iter"", ""adj cyc/op"", ""sink""]","[""brisc"", ""brisc"", ""xldm_trisc0_lw1"", ""55022"", ""5.502"", ""2.499"", ""0x00000000""]"
boop-docs/microbenching/timing-reference/evidence/historical/riscv-contention-microbench.md,187,Run 2026-06-06T22:30:17-04:00,"[""group"", ""role"", ""test"", ""cycles"", ""cyc/iter"", ""adj cyc/op"", ""sink""]","[""brisc"", ""brisc"", ""xldm_trisc1_lw1"", ""55022"", ""5.502"", ""2.499"", ""0x00000000""]"
boop-docs/microbenching/timing-reference/evidence/historical/riscv-contention-microbench.md,188,Run 2026-06-06T22:30:17-04:00,"[""group"", ""role"", ""test"", ""cycles"", ""cyc/iter"", ""adj cyc/op"", ""sink""]","[""brisc"", ""brisc"", ""xldm_trisc2_lw1"", ""55022"", ""5.502"", ""2.499"", ""0x00000000""]"
boop-docs/microbenching/timing-reference/evidence/historical/riscv-contention-microbench.md,189,Run 2026-06-06T22:30:17-04:00,"[""group"", ""role"", ""test"", ""cycles"", ""cyc/iter"", ""adj cyc/op"", ""sink""]","[""ncrisc"", ""ncrisc"", ""empty"", ""30023"", ""3.002"", """", ""0xc1001234""]"
boop-docs/microbenching/timing-reference/evidence/historical/riscv-contention-microbench.md,190,Run 2026-06-06T22:30:17-04:00,"[""group"", ""role"", ""test"", ""cycles"", ""cyc/iter"", ""adj cyc/op"", ""sink""]","[""ncrisc"", ""ncrisc"", ""mmio_wall_lw1"", ""50022"", ""5.002"", ""2.000"", ""0x9bbdc12b""]"
boop-docs/microbenching/timing-reference/evidence/historical/riscv-contention-microbench.md,191,Run 2026-06-06T22:30:17-04:00,"[""group"", ""role"", ""test"", ""cycles"", ""cyc/iter"", ""adj cyc/op"", ""sink""]","[""ncrisc"", ""ncrisc"", ""mmio_noc_status_lw1"", ""50022"", ""5.002"", ""2.000"", ""0x00000121""]"
boop-docs/microbenching/timing-reference/evidence/historical/riscv-contention-microbench.md,192,Run 2026-06-06T22:30:17-04:00,"[""group"", ""role"", ""test"", ""cycles"", ""cyc/iter"", ""adj cyc/op"", ""sink""]","[""ncrisc"", ""ncrisc"", ""l1_same_lw1"", ""56021"", ""5.602"", ""2.600"", ""0xc1001234""]"
boop-docs/microbenching/timing-reference/evidence/historical/riscv-contention-microbench.md,193,Run 2026-06-06T22:30:17-04:00,"[""group"", ""role"", ""test"", ""cycles"", ""cyc/iter"", ""adj cyc/op"", ""sink""]","[""ncrisc"", ""ncrisc"", ""l1_dist_lw1"", ""55407"", ""5.541"", ""2.538"", ""0xc1001234""]"
boop-docs/microbenching/timing-reference/evidence/historical/riscv-contention-microbench.md,194,Run 2026-06-06T22:30:17-04:00,"[""group"", ""role"", ""test"", ""cycles"", ""cyc/iter"", ""adj cyc/op"", ""sink""]","[""ncrisc"", ""ncrisc"", ""l1_same_sw1"", ""40023"", ""4.002"", ""1.000"", ""0xc1001234""]"
boop-docs/microbenching/timing-reference/evidence/historical/riscv-contention-microbench.md,195,Run 2026-06-06T22:30:17-04:00,"[""group"", ""role"", ""test"", ""cycles"", ""cyc/iter"", ""adj cyc/op"", ""sink""]","[""ncrisc"", ""ncrisc"", ""l1_dist_sw1"", ""40023"", ""4.002"", ""1.000"", ""0xc1001234""]"
boop-docs/microbenching/timing-reference/evidence/historical/riscv-contention-microbench.md,196,Run 2026-06-06T22:30:17-04:00,"[""group"", ""role"", ""test"", ""cycles"", ""cyc/iter"", ""adj cyc/op"", ""sink""]","[""ncrisc"", ""ncrisc"", ""l1_same_rmw2"", ""190011"", ""19.001"", ""7.999"", ""0xc1001234""]"
boop-docs/microbenching/timing-reference/evidence/historical/riscv-contention-microbench.md,197,Run 2026-06-06T22:30:17-04:00,"[""group"", ""role"", ""test"", ""cycles"", ""cyc/iter"", ""adj cyc/op"", ""sink""]","[""ncrisc"", ""ncrisc"", ""ldm_self_lw1"", ""40023"", ""4.002"", ""1.000"", ""0xc1001234""]"
boop-docs/microbenching/timing-reference/evidence/historical/riscv-contention-microbench.md,198,Run 2026-06-06T22:30:17-04:00,"[""group"", ""role"", ""test"", ""cycles"", ""cyc/iter"", ""adj cyc/op"", ""sink""]","[""ncrisc"", ""ncrisc"", ""ldm_self_sw1"", ""40023"", ""4.002"", ""1.000"", ""0xc1001234""]"
boop-docs/microbenching/timing-reference/evidence/historical/riscv-contention-microbench.md,199,Run 2026-06-06T22:30:17-04:00,"[""group"", ""role"", ""test"", ""cycles"", ""cyc/iter"", ""adj cyc/op"", ""sink""]","[""ncrisc"", ""ncrisc"", ""xldm_brisc_lw1"", ""55022"", ""5.502"", ""2.500"", ""0xc0001234""]"
boop-docs/microbenching/timing-reference/evidence/historical/riscv-contention-microbench.md,200,Run 2026-06-06T22:30:17-04:00,"[""group"", ""role"", ""test"", ""cycles"", ""cyc/iter"", ""adj cyc/op"", ""sink""]","[""ncrisc"", ""ncrisc"", ""xldm_ncrisc_lw1"", ""55022"", ""5.502"", ""2.500"", ""0xc1001234""]"
boop-docs/microbenching/timing-reference/evidence/historical/riscv-contention-microbench.md,201,Run 2026-06-06T22:30:17-04:00,"[""group"", ""role"", ""test"", ""cycles"", ""cyc/iter"", ""adj cyc/op"", ""sink""]","[""ncrisc"", ""ncrisc"", ""xldm_trisc0_lw1"", ""55022"", ""5.502"", ""2.500"", ""0x00000000""]"
boop-docs/microbenching/timing-reference/evidence/historical/riscv-contention-microbench.md,202,Run 2026-06-06T22:30:17-04:00,"[""group"", ""role"", ""test"", ""cycles"", ""cyc/iter"", ""adj cyc/op"", ""sink""]","[""ncrisc"", ""ncrisc"", ""xldm_trisc1_lw1"", ""55022"", ""5.502"", ""2.500"", ""0x00000000""]"
boop-docs/microbenching/timing-reference/evidence/historical/riscv-contention-microbench.md,203,Run 2026-06-06T22:30:17-04:00,"[""group"", ""role"", ""test"", ""cycles"", ""cyc/iter"", ""adj cyc/op"", ""sink""]","[""ncrisc"", ""ncrisc"", ""xldm_trisc2_lw1"", ""55022"", ""5.502"", ""2.500"", ""0x00000000""]"
boop-docs/microbenching/timing-reference/evidence/historical/riscv-contention-microbench.md,204,Run 2026-06-06T22:30:17-04:00,"[""group"", ""role"", ""test"", ""cycles"", ""cyc/iter"", ""adj cyc/op"", ""sink""]","[""trisc0"", ""trisc0"", ""empty"", ""30023"", ""3.002"", """", ""0xc2001234""]"
boop-docs/microbenching/timing-reference/evidence/historical/riscv-contention-microbench.md,205,Run 2026-06-06T22:30:17-04:00,"[""group"", ""role"", ""test"", ""cycles"", ""cyc/iter"", ""adj cyc/op"", ""sink""]","[""trisc0"", ""trisc0"", ""mmio_wall_lw1"", ""50022"", ""5.002"", ""2.000"", ""0x9c7faea0""]"
boop-docs/microbenching/timing-reference/evidence/historical/riscv-contention-microbench.md,206,Run 2026-06-06T22:30:17-04:00,"[""group"", ""role"", ""test"", ""cycles"", ""cyc/iter"", ""adj cyc/op"", ""sink""]","[""trisc0"", ""trisc0"", ""mmio_noc_status_lw1"", ""50022"", ""5.002"", ""2.000"", ""0x00000121""]"
boop-docs/microbenching/timing-reference/evidence/historical/riscv-contention-microbench.md,207,Run 2026-06-06T22:30:17-04:00,"[""group"", ""role"", ""test"", ""cycles"", ""cyc/iter"", ""adj cyc/op"", ""sink""]","[""trisc0"", ""trisc0"", ""l1_same_lw1"", ""55407"", ""5.541"", ""2.538"", ""0xc2001234""]"
boop-docs/microbenching/timing-reference/evidence/historical/riscv-contention-microbench.md,208,Run 2026-06-06T22:30:17-04:00,"[""group"", ""role"", ""test"", ""cycles"", ""cyc/iter"", ""adj cyc/op"", ""sink""]","[""trisc0"", ""trisc0"", ""l1_dist_lw1"", ""55406"", ""5.541"", ""2.538"", ""0xc2001234""]"
boop-docs/microbenching/timing-reference/evidence/historical/riscv-contention-microbench.md,209,Run 2026-06-06T22:30:17-04:00,"[""group"", ""role"", ""test"", ""cycles"", ""cyc/iter"", ""adj cyc/op"", ""sink""]","[""trisc0"", ""trisc0"", ""l1_same_sw1"", ""40023"", ""4.002"", ""1.000"", ""0xc2001234""]"
boop-docs/microbenching/timing-reference/evidence/historical/riscv-contention-microbench.md,210,Run 2026-06-06T22:30:17-04:00,"[""group"", ""role"", ""test"", ""cycles"", ""cyc/iter"", ""adj cyc/op"", ""sink""]","[""trisc0"", ""trisc0"", ""l1_dist_sw1"", ""40023"", ""4.002"", ""1.000"", ""0xc2001234""]"
boop-docs/microbenching/timing-reference/evidence/historical/riscv-contention-microbench.md,211,Run 2026-06-06T22:30:17-04:00,"[""group"", ""role"", ""test"", ""cycles"", ""cyc/iter"", ""adj cyc/op"", ""sink""]","[""trisc0"", ""trisc0"", ""l1_same_rmw2"", ""190011"", ""19.001"", ""7.999"", ""0xc2001234""]"
boop-docs/microbenching/timing-reference/evidence/historical/riscv-contention-microbench.md,212,Run 2026-06-06T22:30:17-04:00,"[""group"", ""role"", ""test"", ""cycles"", ""cyc/iter"", ""adj cyc/op"", ""sink""]","[""trisc0"", ""trisc0"", ""ldm_self_lw1"", ""40023"", ""4.002"", ""1.000"", ""0xc2001234""]"
boop-docs/microbenching/timing-reference/evidence/historical/riscv-contention-microbench.md,213,Run 2026-06-06T22:30:17-04:00,"[""group"", ""role"", ""test"", ""cycles"", ""cyc/iter"", ""adj cyc/op"", ""sink""]","[""trisc0"", ""trisc0"", ""ldm_self_sw1"", ""40023"", ""4.002"", ""1.000"", ""0xc2001234""]"
boop-docs/microbenching/timing-reference/evidence/historical/riscv-contention-microbench.md,214,Run 2026-06-06T22:30:17-04:00,"[""group"", ""role"", ""test"", ""cycles"", ""cyc/iter"", ""adj cyc/op"", ""sink""]","[""trisc0"", ""trisc0"", ""xldm_brisc_lw1"", ""55022"", ""5.502"", ""2.500"", ""0xc0001234""]"
boop-docs/microbenching/timing-reference/evidence/historical/riscv-contention-microbench.md,215,Run 2026-06-06T22:30:17-04:00,"[""group"", ""role"", ""test"", ""cycles"", ""cyc/iter"", ""adj cyc/op"", ""sink""]","[""trisc0"", ""trisc0"", ""xldm_ncrisc_lw1"", ""55022"", ""5.502"", ""2.500"", ""0xc1001234""]"
boop-docs/microbenching/timing-reference/evidence/historical/riscv-contention-microbench.md,216,Run 2026-06-06T22:30:17-04:00,"[""group"", ""role"", ""test"", ""cycles"", ""cyc/iter"", ""adj cyc/op"", ""sink""]","[""trisc0"", ""trisc0"", ""xldm_trisc0_lw1"", ""55022"", ""5.502"", ""2.500"", ""0xc2001234""]"
boop-docs/microbenching/timing-reference/evidence/historical/riscv-contention-microbench.md,217,Run 2026-06-06T22:30:17-04:00,"[""group"", ""role"", ""test"", ""cycles"", ""cyc/iter"", ""adj cyc/op"", ""sink""]","[""trisc0"", ""trisc0"", ""xldm_trisc1_lw1"", ""55022"", ""5.502"", ""2.500"", ""0x00000000""]"
boop-docs/microbenching/timing-reference/evidence/historical/riscv-contention-microbench.md,218,Run 2026-06-06T22:30:17-04:00,"[""group"", ""role"", ""test"", ""cycles"", ""cyc/iter"", ""adj cyc/op"", ""sink""]","[""trisc0"", ""trisc0"", ""xldm_trisc2_lw1"", ""55022"", ""5.502"", ""2.500"", ""0x00000000""]"
boop-docs/microbenching/timing-reference/evidence/historical/riscv-contention-microbench.md,219,Run 2026-06-06T22:30:17-04:00,"[""group"", ""role"", ""test"", ""cycles"", ""cyc/iter"", ""adj cyc/op"", ""sink""]","[""trisc1"", ""trisc1"", ""empty"", ""30023"", ""3.002"", """", ""0xc3001234""]"
boop-docs/microbenching/timing-reference/evidence/historical/riscv-contention-microbench.md,220,Run 2026-06-06T22:30:17-04:00,"[""group"", ""role"", ""test"", ""cycles"", ""cyc/iter"", ""adj cyc/op"", ""sink""]","[""trisc1"", ""trisc1"", ""mmio_wall_lw1"", ""50022"", ""5.002"", ""2.000"", ""0x9d68db80""]"
boop-docs/microbenching/timing-reference/evidence/historical/riscv-contention-microbench.md,221,Run 2026-06-06T22:30:17-04:00,"[""group"", ""role"", ""test"", ""cycles"", ""cyc/iter"", ""adj cyc/op"", ""sink""]","[""trisc1"", ""trisc1"", ""mmio_noc_status_lw1"", ""50022"", ""5.002"", ""2.000"", ""0x00000121""]"
boop-docs/microbenching/timing-reference/evidence/historical/riscv-contention-microbench.md,222,Run 2026-06-06T22:30:17-04:00,"[""group"", ""role"", ""test"", ""cycles"", ""cyc/iter"", ""adj cyc/op"", ""sink""]","[""trisc1"", ""trisc1"", ""l1_same_lw1"", ""56020"", ""5.602"", ""2.600"", ""0xc3001234""]"
boop-docs/microbenching/timing-reference/evidence/historical/riscv-contention-microbench.md,223,Run 2026-06-06T22:30:17-04:00,"[""group"", ""role"", ""test"", ""cycles"", ""cyc/iter"", ""adj cyc/op"", ""sink""]","[""trisc1"", ""trisc1"", ""l1_dist_lw1"", ""56020"", ""5.602"", ""2.600"", ""0xc3001234""]"
boop-docs/microbenching/timing-reference/evidence/historical/riscv-contention-microbench.md,224,Run 2026-06-06T22:30:17-04:00,"[""group"", ""role"", ""test"", ""cycles"", ""cyc/iter"", ""adj cyc/op"", ""sink""]","[""trisc1"", ""trisc1"", ""l1_same_sw1"", ""40023"", ""4.002"", ""1.000"", ""0xc3001234""]"
boop-docs/microbenching/timing-reference/evidence/historical/riscv-contention-microbench.md,225,Run 2026-06-06T22:30:17-04:00,"[""group"", ""role"", ""test"", ""cycles"", ""cyc/iter"", ""adj cyc/op"", ""sink""]","[""trisc1"", ""trisc1"", ""l1_dist_sw1"", ""40023"", ""4.002"", ""1.000"", ""0xc3001234""]"
boop-docs/microbenching/timing-reference/evidence/historical/riscv-contention-microbench.md,226,Run 2026-06-06T22:30:17-04:00,"[""group"", ""role"", ""test"", ""cycles"", ""cyc/iter"", ""adj cyc/op"", ""sink""]","[""trisc1"", ""trisc1"", ""l1_same_rmw2"", ""190011"", ""19.001"", ""7.999"", ""0xc3001234""]"
boop-docs/microbenching/timing-reference/evidence/historical/riscv-contention-microbench.md,227,Run 2026-06-06T22:30:17-04:00,"[""group"", ""role"", ""test"", ""cycles"", ""cyc/iter"", ""adj cyc/op"", ""sink""]","[""trisc1"", ""trisc1"", ""ldm_self_lw1"", ""40023"", ""4.002"", ""1.000"", ""0xc3001234""]"
boop-docs/microbenching/timing-reference/evidence/historical/riscv-contention-microbench.md,228,Run 2026-06-06T22:30:17-04:00,"[""group"", ""role"", ""test"", ""cycles"", ""cyc/iter"", ""adj cyc/op"", ""sink""]","[""trisc1"", ""trisc1"", ""ldm_self_sw1"", ""40023"", ""4.002"", ""1.000"", ""0xc3001234""]"
boop-docs/microbenching/timing-reference/evidence/historical/riscv-contention-microbench.md,229,Run 2026-06-06T22:30:17-04:00,"[""group"", ""role"", ""test"", ""cycles"", ""cyc/iter"", ""adj cyc/op"", ""sink""]","[""trisc1"", ""trisc1"", ""xldm_brisc_lw1"", ""55022"", ""5.502"", ""2.500"", ""0xc0001234""]"
boop-docs/microbenching/timing-reference/evidence/historical/riscv-contention-microbench.md,230,Run 2026-06-06T22:30:17-04:00,"[""group"", ""role"", ""test"", ""cycles"", ""cyc/iter"", ""adj cyc/op"", ""sink""]","[""trisc1"", ""trisc1"", ""xldm_ncrisc_lw1"", ""55022"", ""5.502"", ""2.500"", ""0xc1001234""]"
boop-docs/microbenching/timing-reference/evidence/historical/riscv-contention-microbench.md,231,Run 2026-06-06T22:30:17-04:00,"[""group"", ""role"", ""test"", ""cycles"", ""cyc/iter"", ""adj cyc/op"", ""sink""]","[""trisc1"", ""trisc1"", ""xldm_trisc0_lw1"", ""55022"", ""5.502"", ""2.500"", ""0xc2001234""]"
boop-docs/microbenching/timing-reference/evidence/historical/riscv-contention-microbench.md,232,Run 2026-06-06T22:30:17-04:00,"[""group"", ""role"", ""test"", ""cycles"", ""cyc/iter"", ""adj cyc/op"", ""sink""]","[""trisc1"", ""trisc1"", ""xldm_trisc1_lw1"", ""55022"", ""5.502"", ""2.500"", ""0xc3001234""]"
boop-docs/microbenching/timing-reference/evidence/historical/riscv-contention-microbench.md,233,Run 2026-06-06T22:30:17-04:00,"[""group"", ""role"", ""test"", ""cycles"", ""cyc/iter"", ""adj cyc/op"", ""sink""]","[""trisc1"", ""trisc1"", ""xldm_trisc2_lw1"", ""55022"", ""5.502"", ""2.500"", ""0x00000000""]"
boop-docs/microbenching/timing-reference/evidence/historical/riscv-contention-microbench.md,234,Run 2026-06-06T22:30:17-04:00,"[""group"", ""role"", ""test"", ""cycles"", ""cyc/iter"", ""adj cyc/op"", ""sink""]","[""trisc2"", ""trisc2"", ""empty"", ""30023"", ""3.002"", """", ""0xc4001234""]"
boop-docs/microbenching/timing-reference/evidence/historical/riscv-contention-microbench.md,235,Run 2026-06-06T22:30:17-04:00,"[""group"", ""role"", ""test"", ""cycles"", ""cyc/iter"", ""adj cyc/op"", ""sink""]","[""trisc2"", ""trisc2"", ""mmio_wall_lw1"", ""50022"", ""5.002"", ""2.000"", ""0x9e49d2a4""]"
boop-docs/microbenching/timing-reference/evidence/historical/riscv-contention-microbench.md,236,Run 2026-06-06T22:30:17-04:00,"[""group"", ""role"", ""test"", ""cycles"", ""cyc/iter"", ""adj cyc/op"", ""sink""]","[""trisc2"", ""trisc2"", ""mmio_noc_status_lw1"", ""50022"", ""5.002"", ""2.000"", ""0x00000121""]"
boop-docs/microbenching/timing-reference/evidence/historical/riscv-contention-microbench.md,237,Run 2026-06-06T22:30:17-04:00,"[""group"", ""role"", ""test"", ""cycles"", ""cyc/iter"", ""adj cyc/op"", ""sink""]","[""trisc2"", ""trisc2"", ""l1_same_lw1"", ""56022"", ""5.602"", ""2.600"", ""0xc4001234""]"
boop-docs/microbenching/timing-reference/evidence/historical/riscv-contention-microbench.md,238,Run 2026-06-06T22:30:17-04:00,"[""group"", ""role"", ""test"", ""cycles"", ""cyc/iter"", ""adj cyc/op"", ""sink""]","[""trisc2"", ""trisc2"", ""l1_dist_lw1"", ""56020"", ""5.602"", ""2.600"", ""0xc4001234""]"
boop-docs/microbenching/timing-reference/evidence/historical/riscv-contention-microbench.md,239,Run 2026-06-06T22:30:17-04:00,"[""group"", ""role"", ""test"", ""cycles"", ""cyc/iter"", ""adj cyc/op"", ""sink""]","[""trisc2"", ""trisc2"", ""l1_same_sw1"", ""40023"", ""4.002"", ""1.000"", ""0xc4001234""]"
boop-docs/microbenching/timing-reference/evidence/historical/riscv-contention-microbench.md,240,Run 2026-06-06T22:30:17-04:00,"[""group"", ""role"", ""test"", ""cycles"", ""cyc/iter"", ""adj cyc/op"", ""sink""]","[""trisc2"", ""trisc2"", ""l1_dist_sw1"", ""40023"", ""4.002"", ""1.000"", ""0xc4001234""]"
boop-docs/microbenching/timing-reference/evidence/historical/riscv-contention-microbench.md,241,Run 2026-06-06T22:30:17-04:00,"[""group"", ""role"", ""test"", ""cycles"", ""cyc/iter"", ""adj cyc/op"", ""sink""]","[""trisc2"", ""trisc2"", ""l1_same_rmw2"", ""190012"", ""19.001"", ""7.999"", ""0xc4001234""]"
boop-docs/microbenching/timing-reference/evidence/historical/riscv-contention-microbench.md,242,Run 2026-06-06T22:30:17-04:00,"[""group"", ""role"", ""test"", ""cycles"", ""cyc/iter"", ""adj cyc/op"", ""sink""]","[""trisc2"", ""trisc2"", ""ldm_self_lw1"", ""40023"", ""4.002"", ""1.000"", ""0xc4001234""]"
boop-docs/microbenching/timing-reference/evidence/historical/riscv-contention-microbench.md,243,Run 2026-06-06T22:30:17-04:00,"[""group"", ""role"", ""test"", ""cycles"", ""cyc/iter"", ""adj cyc/op"", ""sink""]","[""trisc2"", ""trisc2"", ""ldm_self_sw1"", ""40023"", ""4.002"", ""1.000"", ""0xc4001234""]"
boop-docs/microbenching/timing-reference/evidence/historical/riscv-contention-microbench.md,244,Run 2026-06-06T22:30:17-04:00,"[""group"", ""role"", ""test"", ""cycles"", ""cyc/iter"", ""adj cyc/op"", ""sink""]","[""trisc2"", ""trisc2"", ""xldm_brisc_lw1"", ""55022"", ""5.502"", ""2.500"", ""0xc0001234""]"
boop-docs/microbenching/timing-reference/evidence/historical/riscv-contention-microbench.md,245,Run 2026-06-06T22:30:17-04:00,"[""group"", ""role"", ""test"", ""cycles"", ""cyc/iter"", ""adj cyc/op"", ""sink""]","[""trisc2"", ""trisc2"", ""xldm_ncrisc_lw1"", ""55022"", ""5.502"", ""2.500"", ""0xc1001234""]"
boop-docs/microbenching/timing-reference/evidence/historical/riscv-contention-microbench.md,246,Run 2026-06-06T22:30:17-04:00,"[""group"", ""role"", ""test"", ""cycles"", ""cyc/iter"", ""adj cyc/op"", ""sink""]","[""trisc2"", ""trisc2"", ""xldm_trisc0_lw1"", ""55022"", ""5.502"", ""2.500"", ""0xc2001234""]"
boop-docs/microbenching/timing-reference/evidence/historical/riscv-contention-microbench.md,247,Run 2026-06-06T22:30:17-04:00,"[""group"", ""role"", ""test"", ""cycles"", ""cyc/iter"", ""adj cyc/op"", ""sink""]","[""trisc2"", ""trisc2"", ""xldm_trisc1_lw1"", ""55022"", ""5.502"", ""2.500"", ""0xc3001234""]"
boop-docs/microbenching/timing-reference/evidence/historical/riscv-contention-microbench.md,248,Run 2026-06-06T22:30:17-04:00,"[""group"", ""role"", ""test"", ""cycles"", ""cyc/iter"", ""adj cyc/op"", ""sink""]","[""trisc2"", ""trisc2"", ""xldm_trisc2_lw1"", ""55022"", ""5.502"", ""2.500"", ""0xc4001234""]"
boop-docs/microbenching/timing-reference/evidence/historical/riscv-contention-microbench.md,249,Run 2026-06-06T22:30:17-04:00,"[""group"", ""role"", ""test"", ""cycles"", ""cyc/iter"", ""adj cyc/op"", ""sink""]","[""brisc+ncrisc"", ""brisc"", ""empty"", ""30035"", ""3.003"", """", ""0xc0001234""]"
boop-docs/microbenching/timing-reference/evidence/historical/riscv-contention-microbench.md,250,Run 2026-06-06T22:30:17-04:00,"[""group"", ""role"", ""test"", ""cycles"", ""cyc/iter"", ""adj cyc/op"", ""sink""]","[""brisc+ncrisc"", ""brisc"", ""mmio_wall_lw1"", ""50030"", ""5.003"", ""2.000"", ""0x9f952866""]"
boop-docs/microbenching/timing-reference/evidence/historical/riscv-contention-microbench.md,251,Run 2026-06-06T22:30:17-04:00,"[""group"", ""role"", ""test"", ""cycles"", ""cyc/iter"", ""adj cyc/op"", ""sink""]","[""brisc+ncrisc"", ""brisc"", ""mmio_noc_status_lw1"", ""50043"", ""5.004"", ""2.001"", ""0x00000121""]"
boop-docs/microbenching/timing-reference/evidence/historical/riscv-contention-microbench.md,252,Run 2026-06-06T22:30:17-04:00,"[""group"", ""role"", ""test"", ""cycles"", ""cyc/iter"", ""adj cyc/op"", ""sink""]","[""brisc+ncrisc"", ""brisc"", ""l1_same_lw1"", ""55023"", ""5.502"", ""2.499"", ""0xc0001234""]"
boop-docs/microbenching/timing-reference/evidence/historical/riscv-contention-microbench.md,253,Run 2026-06-06T22:30:17-04:00,"[""group"", ""role"", ""test"", ""cycles"", ""cyc/iter"", ""adj cyc/op"", ""sink""]","[""brisc+ncrisc"", ""brisc"", ""l1_dist_lw1"", ""55026"", ""5.503"", ""2.499"", ""0xc0001234""]"
boop-docs/microbenching/timing-reference/evidence/historical/riscv-contention-microbench.md,254,Run 2026-06-06T22:30:17-04:00,"[""group"", ""role"", ""test"", ""cycles"", ""cyc/iter"", ""adj cyc/op"", ""sink""]","[""brisc+ncrisc"", ""brisc"", ""l1_same_sw1"", ""40028"", ""4.003"", ""0.999"", ""0xc0001234""]"
boop-docs/microbenching/timing-reference/evidence/historical/riscv-contention-microbench.md,255,Run 2026-06-06T22:30:17-04:00,"[""group"", ""role"", ""test"", ""cycles"", ""cyc/iter"", ""adj cyc/op"", ""sink""]","[""brisc+ncrisc"", ""brisc"", ""l1_dist_sw1"", ""40024"", ""4.002"", ""0.999"", ""0xc0001234""]"
boop-docs/microbenching/timing-reference/evidence/historical/riscv-contention-microbench.md,256,Run 2026-06-06T22:30:17-04:00,"[""group"", ""role"", ""test"", ""cycles"", ""cyc/iter"", ""adj cyc/op"", ""sink""]","[""brisc+ncrisc"", ""brisc"", ""l1_same_rmw2"", ""190011"", ""19.001"", ""7.999"", ""0xc0001234""]"
boop-docs/microbenching/timing-reference/evidence/historical/riscv-contention-microbench.md,257,Run 2026-06-06T22:30:17-04:00,"[""group"", ""role"", ""test"", ""cycles"", ""cyc/iter"", ""adj cyc/op"", ""sink""]","[""brisc+ncrisc"", ""brisc"", ""ldm_self_lw1"", ""40028"", ""4.003"", ""0.999"", ""0xc0001234""]"
boop-docs/microbenching/timing-reference/evidence/historical/riscv-contention-microbench.md,258,Run 2026-06-06T22:30:17-04:00,"[""group"", ""role"", ""test"", ""cycles"", ""cyc/iter"", ""adj cyc/op"", ""sink""]","[""brisc+ncrisc"", ""brisc"", ""ldm_self_sw1"", ""40027"", ""4.003"", ""0.999"", ""0xc0001234""]"
boop-docs/microbenching/timing-reference/evidence/historical/riscv-contention-microbench.md,259,Run 2026-06-06T22:30:17-04:00,"[""group"", ""role"", ""test"", ""cycles"", ""cyc/iter"", ""adj cyc/op"", ""sink""]","[""brisc+ncrisc"", ""brisc"", ""xldm_brisc_lw1"", ""80011"", ""8.001"", ""4.998"", ""0xc0001234""]"
boop-docs/microbenching/timing-reference/evidence/historical/riscv-contention-microbench.md,260,Run 2026-06-06T22:30:17-04:00,"[""group"", ""role"", ""test"", ""cycles"", ""cyc/iter"", ""adj cyc/op"", ""sink""]","[""brisc+ncrisc"", ""brisc"", ""xldm_ncrisc_lw1"", ""80019"", ""8.002"", ""4.998"", ""0xc1001234""]"
boop-docs/microbenching/timing-reference/evidence/historical/riscv-contention-microbench.md,261,Run 2026-06-06T22:30:17-04:00,"[""group"", ""role"", ""test"", ""cycles"", ""cyc/iter"", ""adj cyc/op"", ""sink""]","[""brisc+ncrisc"", ""brisc"", ""xldm_trisc0_lw1"", ""80016"", ""8.002"", ""4.998"", ""0xc2001234""]"
boop-docs/microbenching/timing-reference/evidence/historical/riscv-contention-microbench.md,262,Run 2026-06-06T22:30:17-04:00,"[""group"", ""role"", ""test"", ""cycles"", ""cyc/iter"", ""adj cyc/op"", ""sink""]","[""brisc+ncrisc"", ""brisc"", ""xldm_trisc1_lw1"", ""80012"", ""8.001"", ""4.998"", ""0xc3001234""]"
boop-docs/microbenching/timing-reference/evidence/historical/riscv-contention-microbench.md,263,Run 2026-06-06T22:30:17-04:00,"[""group"", ""role"", ""test"", ""cycles"", ""cyc/iter"", ""adj cyc/op"", ""sink""]","[""brisc+ncrisc"", ""brisc"", ""xldm_trisc2_lw1"", ""80010"", ""8.001"", ""4.997"", ""0xc4001234""]"
boop-docs/microbenching/timing-reference/evidence/historical/riscv-contention-microbench.md,264,Run 2026-06-06T22:30:17-04:00,"[""group"", ""role"", ""test"", ""cycles"", ""cyc/iter"", ""adj cyc/op"", ""sink""]","[""brisc+ncrisc"", ""ncrisc"", ""empty"", ""30023"", ""3.002"", """", ""0xc1001234""]"
boop-docs/microbenching/timing-reference/evidence/historical/riscv-contention-microbench.md,265,Run 2026-06-06T22:30:17-04:00,"[""group"", ""role"", ""test"", ""cycles"", ""cyc/iter"", ""adj cyc/op"", ""sink""]","[""brisc+ncrisc"", ""ncrisc"", ""mmio_wall_lw1"", ""50022"", ""5.002"", ""2.000"", ""0x9f952873""]"
boop-docs/microbenching/timing-reference/evidence/historical/riscv-contention-microbench.md,266,Run 2026-06-06T22:30:17-04:00,"[""group"", ""role"", ""test"", ""cycles"", ""cyc/iter"", ""adj cyc/op"", ""sink""]","[""brisc+ncrisc"", ""ncrisc"", ""mmio_noc_status_lw1"", ""50041"", ""5.004"", ""2.002"", ""0x00000121""]"
boop-docs/microbenching/timing-reference/evidence/historical/riscv-contention-microbench.md,267,Run 2026-06-06T22:30:17-04:00,"[""group"", ""role"", ""test"", ""cycles"", ""cyc/iter"", ""adj cyc/op"", ""sink""]","[""brisc+ncrisc"", ""ncrisc"", ""l1_same_lw1"", ""55025"", ""5.503"", ""2.500"", ""0xc0001234""]"
boop-docs/microbenching/timing-reference/evidence/historical/riscv-contention-microbench.md,268,Run 2026-06-06T22:30:17-04:00,"[""group"", ""role"", ""test"", ""cycles"", ""cyc/iter"", ""adj cyc/op"", ""sink""]","[""brisc+ncrisc"", ""ncrisc"", ""l1_dist_lw1"", ""55023"", ""5.502"", ""2.500"", ""0xc1001234""]"
boop-docs/microbenching/timing-reference/evidence/historical/riscv-contention-microbench.md,269,Run 2026-06-06T22:30:17-04:00,"[""group"", ""role"", ""test"", ""cycles"", ""cyc/iter"", ""adj cyc/op"", ""sink""]","[""brisc+ncrisc"", ""ncrisc"", ""l1_same_sw1"", ""40023"", ""4.002"", ""1.000"", ""0xc1001234""]"
boop-docs/microbenching/timing-reference/evidence/historical/riscv-contention-microbench.md,270,Run 2026-06-06T22:30:17-04:00,"[""group"", ""role"", ""test"", ""cycles"", ""cyc/iter"", ""adj cyc/op"", ""sink""]","[""brisc+ncrisc"", ""ncrisc"", ""l1_dist_sw1"", ""40023"", ""4.002"", ""1.000"", ""0xc1001234""]"
boop-docs/microbenching/timing-reference/evidence/historical/riscv-contention-microbench.md,271,Run 2026-06-06T22:30:17-04:00,"[""group"", ""role"", ""test"", ""cycles"", ""cyc/iter"", ""adj cyc/op"", ""sink""]","[""brisc+ncrisc"", ""ncrisc"", ""l1_same_rmw2"", ""190012"", ""19.001"", ""7.999"", ""0xc1001234""]"
boop-docs/microbenching/timing-reference/evidence/historical/riscv-contention-microbench.md,272,Run 2026-06-06T22:30:17-04:00,"[""group"", ""role"", ""test"", ""cycles"", ""cyc/iter"", ""adj cyc/op"", ""sink""]","[""brisc+ncrisc"", ""ncrisc"", ""ldm_self_lw1"", ""40023"", ""4.002"", ""1.000"", ""0xc1001234""]"
boop-docs/microbenching/timing-reference/evidence/historical/riscv-contention-microbench.md,273,Run 2026-06-06T22:30:17-04:00,"[""group"", ""role"", ""test"", ""cycles"", ""cyc/iter"", ""adj cyc/op"", ""sink""]","[""brisc+ncrisc"", ""ncrisc"", ""ldm_self_sw1"", ""40023"", ""4.002"", ""1.000"", ""0xc1001234""]"
boop-docs/microbenching/timing-reference/evidence/historical/riscv-contention-microbench.md,274,Run 2026-06-06T22:30:17-04:00,"[""group"", ""role"", ""test"", ""cycles"", ""cyc/iter"", ""adj cyc/op"", ""sink""]","[""brisc+ncrisc"", ""ncrisc"", ""xldm_brisc_lw1"", ""80007"", ""8.001"", ""4.998"", ""0xc0001234""]"
boop-docs/microbenching/timing-reference/evidence/historical/riscv-contention-microbench.md,275,Run 2026-06-06T22:30:17-04:00,"[""group"", ""role"", ""test"", ""cycles"", ""cyc/iter"", ""adj cyc/op"", ""sink""]","[""brisc+ncrisc"", ""ncrisc"", ""xldm_ncrisc_lw1"", ""80011"", ""8.001"", ""4.999"", ""0xc1001234""]"
boop-docs/microbenching/timing-reference/evidence/historical/riscv-contention-microbench.md,276,Run 2026-06-06T22:30:17-04:00,"[""group"", ""role"", ""test"", ""cycles"", ""cyc/iter"", ""adj cyc/op"", ""sink""]","[""brisc+ncrisc"", ""ncrisc"", ""xldm_trisc0_lw1"", ""80012"", ""8.001"", ""4.999"", ""0xc2001234""]"
boop-docs/microbenching/timing-reference/evidence/historical/riscv-contention-microbench.md,277,Run 2026-06-06T22:30:17-04:00,"[""group"", ""role"", ""test"", ""cycles"", ""cyc/iter"", ""adj cyc/op"", ""sink""]","[""brisc+ncrisc"", ""ncrisc"", ""xldm_trisc1_lw1"", ""80007"", ""8.001"", ""4.998"", ""0xc3001234""]"
boop-docs/microbenching/timing-reference/evidence/historical/riscv-contention-microbench.md,278,Run 2026-06-06T22:30:17-04:00,"[""group"", ""role"", ""test"", ""cycles"", ""cyc/iter"", ""adj cyc/op"", ""sink""]","[""brisc+ncrisc"", ""ncrisc"", ""xldm_trisc2_lw1"", ""80007"", ""8.001"", ""4.998"", ""0xc4001234""]"
boop-docs/microbenching/timing-reference/evidence/historical/riscv-contention-microbench.md,279,Run 2026-06-06T22:30:17-04:00,"[""group"", ""role"", ""test"", ""cycles"", ""cyc/iter"", ""adj cyc/op"", ""sink""]","[""brisc+trisc0"", ""brisc"", ""empty"", ""30024"", ""3.002"", """", ""0xc0001234""]"
boop-docs/microbenching/timing-reference/evidence/historical/riscv-contention-microbench.md,280,Run 2026-06-06T22:30:17-04:00,"[""group"", ""role"", ""test"", ""cycles"", ""cyc/iter"", ""adj cyc/op"", ""sink""]","[""brisc+trisc0"", ""brisc"", ""mmio_wall_lw1"", ""50025"", ""5.003"", ""2.000"", ""0xa0ccb24b""]"
boop-docs/microbenching/timing-reference/evidence/historical/riscv-contention-microbench.md,281,Run 2026-06-06T22:30:17-04:00,"[""group"", ""role"", ""test"", ""cycles"", ""cyc/iter"", ""adj cyc/op"", ""sink""]","[""brisc+trisc0"", ""brisc"", ""mmio_noc_status_lw1"", ""50038"", ""5.004"", ""2.001"", ""0x00000121""]"
boop-docs/microbenching/timing-reference/evidence/historical/riscv-contention-microbench.md,282,Run 2026-06-06T22:30:17-04:00,"[""group"", ""role"", ""test"", ""cycles"", ""cyc/iter"", ""adj cyc/op"", ""sink""]","[""brisc+trisc0"", ""brisc"", ""l1_same_lw1"", ""55025"", ""5.503"", ""2.500"", ""0xc0001234""]"
boop-docs/microbenching/timing-reference/evidence/historical/riscv-contention-microbench.md,283,Run 2026-06-06T22:30:17-04:00,"[""group"", ""role"", ""test"", ""cycles"", ""cyc/iter"", ""adj cyc/op"", ""sink""]","[""brisc+trisc0"", ""brisc"", ""l1_dist_lw1"", ""55025"", ""5.503"", ""2.500"", ""0xc0001234""]"
boop-docs/microbenching/timing-reference/evidence/historical/riscv-contention-microbench.md,284,Run 2026-06-06T22:30:17-04:00,"[""group"", ""role"", ""test"", ""cycles"", ""cyc/iter"", ""adj cyc/op"", ""sink""]","[""brisc+trisc0"", ""brisc"", ""l1_same_sw1"", ""40024"", ""4.002"", ""1.000"", ""0xc0001234""]"
boop-docs/microbenching/timing-reference/evidence/historical/riscv-contention-microbench.md,285,Run 2026-06-06T22:30:17-04:00,"[""group"", ""role"", ""test"", ""cycles"", ""cyc/iter"", ""adj cyc/op"", ""sink""]","[""brisc+trisc0"", ""brisc"", ""l1_dist_sw1"", ""40024"", ""4.002"", ""1.000"", ""0xc0001234""]"
boop-docs/microbenching/timing-reference/evidence/historical/riscv-contention-microbench.md,286,Run 2026-06-06T22:30:17-04:00,"[""group"", ""role"", ""test"", ""cycles"", ""cyc/iter"", ""adj cyc/op"", ""sink""]","[""brisc+trisc0"", ""brisc"", ""l1_same_rmw2"", ""250006"", ""25.001"", ""10.999"", ""0xc0001234""]"
boop-docs/microbenching/timing-reference/evidence/historical/riscv-contention-microbench.md,287,Run 2026-06-06T22:30:17-04:00,"[""group"", ""role"", ""test"", ""cycles"", ""cyc/iter"", ""adj cyc/op"", ""sink""]","[""brisc+trisc0"", ""brisc"", ""ldm_self_lw1"", ""40024"", ""4.002"", ""1.000"", ""0xc0001234""]"
boop-docs/microbenching/timing-reference/evidence/historical/riscv-contention-microbench.md,288,Run 2026-06-06T22:30:17-04:00,"[""group"", ""role"", ""test"", ""cycles"", ""cyc/iter"", ""adj cyc/op"", ""sink""]","[""brisc+trisc0"", ""brisc"", ""ldm_self_sw1"", ""40024"", ""4.002"", ""1.000"", ""0xc0001234""]"
boop-docs/microbenching/timing-reference/evidence/historical/riscv-contention-microbench.md,289,Run 2026-06-06T22:30:17-04:00,"[""group"", ""role"", ""test"", ""cycles"", ""cyc/iter"", ""adj cyc/op"", ""sink""]","[""brisc+trisc0"", ""brisc"", ""xldm_brisc_lw1"", ""80007"", ""8.001"", ""4.998"", ""0xc0001234""]"
boop-docs/microbenching/timing-reference/evidence/historical/riscv-contention-microbench.md,290,Run 2026-06-06T22:30:17-04:00,"[""group"", ""role"", ""test"", ""cycles"", ""cyc/iter"", ""adj cyc/op"", ""sink""]","[""brisc+trisc0"", ""brisc"", ""xldm_ncrisc_lw1"", ""80007"", ""8.001"", ""4.998"", ""0xc1001234""]"
boop-docs/microbenching/timing-reference/evidence/historical/riscv-contention-microbench.md,291,Run 2026-06-06T22:30:17-04:00,"[""group"", ""role"", ""test"", ""cycles"", ""cyc/iter"", ""adj cyc/op"", ""sink""]","[""brisc+trisc0"", ""brisc"", ""xldm_trisc0_lw1"", ""80006"", ""8.001"", ""4.998"", ""0xc2001234""]"
boop-docs/microbenching/timing-reference/evidence/historical/riscv-contention-microbench.md,292,Run 2026-06-06T22:30:17-04:00,"[""group"", ""role"", ""test"", ""cycles"", ""cyc/iter"", ""adj cyc/op"", ""sink""]","[""brisc+trisc0"", ""brisc"", ""xldm_trisc1_lw1"", ""80010"", ""8.001"", ""4.999"", ""0xc3001234""]"
boop-docs/microbenching/timing-reference/evidence/historical/riscv-contention-microbench.md,293,Run 2026-06-06T22:30:17-04:00,"[""group"", ""role"", ""test"", ""cycles"", ""cyc/iter"", ""adj cyc/op"", ""sink""]","[""brisc+trisc0"", ""brisc"", ""xldm_trisc2_lw1"", ""80012"", ""8.001"", ""4.999"", ""0xc4001234""]"
boop-docs/microbenching/timing-reference/evidence/historical/riscv-contention-microbench.md,294,Run 2026-06-06T22:30:17-04:00,"[""group"", ""role"", ""test"", ""cycles"", ""cyc/iter"", ""adj cyc/op"", ""sink""]","[""brisc+trisc0"", ""trisc0"", ""empty"", ""30023"", ""3.002"", """", ""0xc2001234""]"
boop-docs/microbenching/timing-reference/evidence/historical/riscv-contention-microbench.md,295,Run 2026-06-06T22:30:17-04:00,"[""group"", ""role"", ""test"", ""cycles"", ""cyc/iter"", ""adj cyc/op"", ""sink""]","[""brisc+trisc0"", ""trisc0"", ""mmio_wall_lw1"", ""50023"", ""5.002"", ""2.000"", ""0xa0ccb26c""]"
boop-docs/microbenching/timing-reference/evidence/historical/riscv-contention-microbench.md,296,Run 2026-06-06T22:30:17-04:00,"[""group"", ""role"", ""test"", ""cycles"", ""cyc/iter"", ""adj cyc/op"", ""sink""]","[""brisc+trisc0"", ""trisc0"", ""mmio_noc_status_lw1"", ""50040"", ""5.004"", ""2.002"", ""0x00000121""]"
boop-docs/microbenching/timing-reference/evidence/historical/riscv-contention-microbench.md,297,Run 2026-06-06T22:30:17-04:00,"[""group"", ""role"", ""test"", ""cycles"", ""cyc/iter"", ""adj cyc/op"", ""sink""]","[""brisc+trisc0"", ""trisc0"", ""l1_same_lw1"", ""55022"", ""5.502"", ""2.500"", ""0xc0001234""]"
boop-docs/microbenching/timing-reference/evidence/historical/riscv-contention-microbench.md,298,Run 2026-06-06T22:30:17-04:00,"[""group"", ""role"", ""test"", ""cycles"", ""cyc/iter"", ""adj cyc/op"", ""sink""]","[""brisc+trisc0"", ""trisc0"", ""l1_dist_lw1"", ""55022"", ""5.502"", ""2.500"", ""0xc2001234""]"
boop-docs/microbenching/timing-reference/evidence/historical/riscv-contention-microbench.md,299,Run 2026-06-06T22:30:17-04:00,"[""group"", ""role"", ""test"", ""cycles"", ""cyc/iter"", ""adj cyc/op"", ""sink""]","[""brisc+trisc0"", ""trisc0"", ""l1_same_sw1"", ""40023"", ""4.002"", ""1.000"", ""0xc2001234""]"
boop-docs/microbenching/timing-reference/evidence/historical/riscv-contention-microbench.md,300,Run 2026-06-06T22:30:17-04:00,"[""group"", ""role"", ""test"", ""cycles"", ""cyc/iter"", ""adj cyc/op"", ""sink""]","[""brisc+trisc0"", ""trisc0"", ""l1_dist_sw1"", ""40023"", ""4.002"", ""1.000"", ""0xc2001234""]"
boop-docs/microbenching/timing-reference/evidence/historical/riscv-contention-microbench.md,301,Run 2026-06-06T22:30:17-04:00,"[""group"", ""role"", ""test"", ""cycles"", ""cyc/iter"", ""adj cyc/op"", ""sink""]","[""brisc+trisc0"", ""trisc0"", ""l1_same_rmw2"", ""250002"", ""25.000"", ""10.999"", ""0xc2001234""]"
boop-docs/microbenching/timing-reference/evidence/historical/riscv-contention-microbench.md,302,Run 2026-06-06T22:30:17-04:00,"[""group"", ""role"", ""test"", ""cycles"", ""cyc/iter"", ""adj cyc/op"", ""sink""]","[""brisc+trisc0"", ""trisc0"", ""ldm_self_lw1"", ""40023"", ""4.002"", ""1.000"", ""0xc2001234""]"
boop-docs/microbenching/timing-reference/evidence/historical/riscv-contention-microbench.md,303,Run 2026-06-06T22:30:17-04:00,"[""group"", ""role"", ""test"", ""cycles"", ""cyc/iter"", ""adj cyc/op"", ""sink""]","[""brisc+trisc0"", ""trisc0"", ""ldm_self_sw1"", ""40023"", ""4.002"", ""1.000"", ""0xc2001234""]"
boop-docs/microbenching/timing-reference/evidence/historical/riscv-contention-microbench.md,304,Run 2026-06-06T22:30:17-04:00,"[""group"", ""role"", ""test"", ""cycles"", ""cyc/iter"", ""adj cyc/op"", ""sink""]","[""brisc+trisc0"", ""trisc0"", ""xldm_brisc_lw1"", ""80010"", ""8.001"", ""4.999"", ""0xc0001234""]"
boop-docs/microbenching/timing-reference/evidence/historical/riscv-contention-microbench.md,305,Run 2026-06-06T22:30:17-04:00,"[""group"", ""role"", ""test"", ""cycles"", ""cyc/iter"", ""adj cyc/op"", ""sink""]","[""brisc+trisc0"", ""trisc0"", ""xldm_ncrisc_lw1"", ""80010"", ""8.001"", ""4.999"", ""0xc1001234""]"
boop-docs/microbenching/timing-reference/evidence/historical/riscv-contention-microbench.md,306,Run 2026-06-06T22:30:17-04:00,"[""group"", ""role"", ""test"", ""cycles"", ""cyc/iter"", ""adj cyc/op"", ""sink""]","[""brisc+trisc0"", ""trisc0"", ""xldm_trisc0_lw1"", ""80010"", ""8.001"", ""4.999"", ""0xc2001234""]"
boop-docs/microbenching/timing-reference/evidence/historical/riscv-contention-microbench.md,307,Run 2026-06-06T22:30:17-04:00,"[""group"", ""role"", ""test"", ""cycles"", ""cyc/iter"", ""adj cyc/op"", ""sink""]","[""brisc+trisc0"", ""trisc0"", ""xldm_trisc1_lw1"", ""80007"", ""8.001"", ""4.998"", ""0xc3001234""]"
boop-docs/microbenching/timing-reference/evidence/historical/riscv-contention-microbench.md,308,Run 2026-06-06T22:30:17-04:00,"[""group"", ""role"", ""test"", ""cycles"", ""cyc/iter"", ""adj cyc/op"", ""sink""]","[""brisc+trisc0"", ""trisc0"", ""xldm_trisc2_lw1"", ""80011"", ""8.001"", ""4.999"", ""0xc4001234""]"
boop-docs/microbenching/timing-reference/evidence/historical/riscv-contention-microbench.md,309,Run 2026-06-06T22:30:17-04:00,"[""group"", ""role"", ""test"", ""cycles"", ""cyc/iter"", ""adj cyc/op"", ""sink""]","[""brisc+ncrisc+trisc0+trisc1+trisc2"", ""brisc"", ""empty"", ""30024"", ""3.002"", """", ""0xc0001234""]"
boop-docs/microbenching/timing-reference/evidence/historical/riscv-contention-microbench.md,310,Run 2026-06-06T22:30:17-04:00,"[""group"", ""role"", ""test"", ""cycles"", ""cyc/iter"", ""adj cyc/op"", ""sink""]","[""brisc+ncrisc+trisc0+trisc1+trisc2"", ""brisc"", ""mmio_wall_lw1"", ""52526"", ""5.253"", ""2.250"", ""0xa35881f3""]"
boop-docs/microbenching/timing-reference/evidence/historical/riscv-contention-microbench.md,311,Run 2026-06-06T22:30:17-04:00,"[""group"", ""role"", ""test"", ""cycles"", ""cyc/iter"", ""adj cyc/op"", ""sink""]","[""brisc+ncrisc+trisc0+trisc1+trisc2"", ""brisc"", ""mmio_noc_status_lw1"", ""50063"", ""5.006"", ""2.004"", ""0x00000121""]"
boop-docs/microbenching/timing-reference/evidence/historical/riscv-contention-microbench.md,312,Run 2026-06-06T22:30:17-04:00,"[""group"", ""role"", ""test"", ""cycles"", ""cyc/iter"", ""adj cyc/op"", ""sink""]","[""brisc+ncrisc+trisc0+trisc1+trisc2"", ""brisc"", ""l1_same_lw1"", ""56691"", ""5.669"", ""2.667"", ""0xc0001234""]"
boop-docs/microbenching/timing-reference/evidence/historical/riscv-contention-microbench.md,313,Run 2026-06-06T22:30:17-04:00,"[""group"", ""role"", ""test"", ""cycles"", ""cyc/iter"", ""adj cyc/op"", ""sink""]","[""brisc+ncrisc+trisc0+trisc1+trisc2"", ""brisc"", ""l1_dist_lw1"", ""55024"", ""5.502"", ""2.500"", ""0xc0001234""]"
boop-docs/microbenching/timing-reference/evidence/historical/riscv-contention-microbench.md,314,Run 2026-06-06T22:30:17-04:00,"[""group"", ""role"", ""test"", ""cycles"", ""cyc/iter"", ""adj cyc/op"", ""sink""]","[""brisc+ncrisc+trisc0+trisc1+trisc2"", ""brisc"", ""l1_same_sw1"", ""40032"", ""4.003"", ""1.001"", ""0xc0001234""]"
boop-docs/microbenching/timing-reference/evidence/historical/riscv-contention-microbench.md,315,Run 2026-06-06T22:30:17-04:00,"[""group"", ""role"", ""test"", ""cycles"", ""cyc/iter"", ""adj cyc/op"", ""sink""]","[""brisc+ncrisc+trisc0+trisc1+trisc2"", ""brisc"", ""l1_dist_sw1"", ""40023"", ""4.002"", ""1.000"", ""0xc0001234""]"
boop-docs/microbenching/timing-reference/evidence/historical/riscv-contention-microbench.md,316,Run 2026-06-06T22:30:17-04:00,"[""group"", ""role"", ""test"", ""cycles"", ""cyc/iter"", ""adj cyc/op"", ""sink""]","[""brisc+ncrisc+trisc0+trisc1+trisc2"", ""brisc"", ""l1_same_rmw2"", ""320013"", ""32.001"", ""14.499"", ""0xc0001234""]"
boop-docs/microbenching/timing-reference/evidence/historical/riscv-contention-microbench.md,317,Run 2026-06-06T22:30:17-04:00,"[""group"", ""role"", ""test"", ""cycles"", ""cyc/iter"", ""adj cyc/op"", ""sink""]","[""brisc+ncrisc+trisc0+trisc1+trisc2"", ""brisc"", ""ldm_self_lw1"", ""40023"", ""4.002"", ""1.000"", ""0xc0001234""]"
boop-docs/microbenching/timing-reference/evidence/historical/riscv-contention-microbench.md,318,Run 2026-06-06T22:30:17-04:00,"[""group"", ""role"", ""test"", ""cycles"", ""cyc/iter"", ""adj cyc/op"", ""sink""]","[""brisc+ncrisc+trisc0+trisc1+trisc2"", ""brisc"", ""ldm_self_sw1"", ""40023"", ""4.002"", ""1.000"", ""0xc0001234""]"
boop-docs/microbenching/timing-reference/evidence/historical/riscv-contention-microbench.md,319,Run 2026-06-06T22:30:17-04:00,"[""group"", ""role"", ""test"", ""cycles"", ""cyc/iter"", ""adj cyc/op"", ""sink""]","[""brisc+ncrisc+trisc0+trisc1+trisc2"", ""brisc"", ""xldm_brisc_lw1"", ""199961"", ""19.996"", ""16.994"", ""0xc0001234""]"
boop-docs/microbenching/timing-reference/evidence/historical/riscv-contention-microbench.md,320,Run 2026-06-06T22:30:17-04:00,"[""group"", ""role"", ""test"", ""cycles"", ""cyc/iter"", ""adj cyc/op"", ""sink""]","[""brisc+ncrisc+trisc0+trisc1+trisc2"", ""brisc"", ""xldm_ncrisc_lw1"", ""199968"", ""19.997"", ""16.994"", ""0xc1001234""]"
boop-docs/microbenching/timing-reference/evidence/historical/riscv-contention-microbench.md,321,Run 2026-06-06T22:30:17-04:00,"[""group"", ""role"", ""test"", ""cycles"", ""cyc/iter"", ""adj cyc/op"", ""sink""]","[""brisc+ncrisc+trisc0+trisc1+trisc2"", ""brisc"", ""xldm_trisc0_lw1"", ""199962"", ""19.996"", ""16.994"", ""0xc2001234""]"
boop-docs/microbenching/timing-reference/evidence/historical/riscv-contention-microbench.md,322,Run 2026-06-06T22:30:17-04:00,"[""group"", ""role"", ""test"", ""cycles"", ""cyc/iter"", ""adj cyc/op"", ""sink""]","[""brisc+ncrisc+trisc0+trisc1+trisc2"", ""brisc"", ""xldm_trisc1_lw1"", ""199968"", ""19.997"", ""16.994"", ""0xc3001234""]"
boop-docs/microbenching/timing-reference/evidence/historical/riscv-contention-microbench.md,323,Run 2026-06-06T22:30:17-04:00,"[""group"", ""role"", ""test"", ""cycles"", ""cyc/iter"", ""adj cyc/op"", ""sink""]","[""brisc+ncrisc+trisc0+trisc1+trisc2"", ""brisc"", ""xldm_trisc2_lw1"", ""199965"", ""19.997"", ""16.994"", ""0xc4001234""]"
boop-docs/microbenching/timing-reference/evidence/historical/riscv-contention-microbench.md,324,Run 2026-06-06T22:30:17-04:00,"[""group"", ""role"", ""test"", ""cycles"", ""cyc/iter"", ""adj cyc/op"", ""sink""]","[""brisc+ncrisc+trisc0+trisc1+trisc2"", ""ncrisc"", ""empty"", ""30030"", ""3.003"", """", ""0xc1001234""]"
boop-docs/microbenching/timing-reference/evidence/historical/riscv-contention-microbench.md,325,Run 2026-06-06T22:30:17-04:00,"[""group"", ""role"", ""test"", ""cycles"", ""cyc/iter"", ""adj cyc/op"", ""sink""]","[""brisc+ncrisc+trisc0+trisc1+trisc2"", ""ncrisc"", ""mmio_wall_lw1"", ""52530"", ""5.253"", ""2.250"", ""0xa3588216""]"
boop-docs/microbenching/timing-reference/evidence/historical/riscv-contention-microbench.md,326,Run 2026-06-06T22:30:17-04:00,"[""group"", ""role"", ""test"", ""cycles"", ""cyc/iter"", ""adj cyc/op"", ""sink""]","[""brisc+ncrisc+trisc0+trisc1+trisc2"", ""ncrisc"", ""mmio_noc_status_lw1"", ""50056"", ""5.006"", ""2.003"", ""0x00000121""]"
boop-docs/microbenching/timing-reference/evidence/historical/riscv-contention-microbench.md,327,Run 2026-06-06T22:30:17-04:00,"[""group"", ""role"", ""test"", ""cycles"", ""cyc/iter"", ""adj cyc/op"", ""sink""]","[""brisc+ncrisc+trisc0+trisc1+trisc2"", ""ncrisc"", ""l1_same_lw1"", ""56697"", ""5.670"", ""2.667"", ""0xc0001234""]"
boop-docs/microbenching/timing-reference/evidence/historical/riscv-contention-microbench.md,328,Run 2026-06-06T22:30:17-04:00,"[""group"", ""role"", ""test"", ""cycles"", ""cyc/iter"", ""adj cyc/op"", ""sink""]","[""brisc+ncrisc+trisc0+trisc1+trisc2"", ""ncrisc"", ""l1_dist_lw1"", ""55027"", ""5.503"", ""2.500"", ""0xc1001234""]"
boop-docs/microbenching/timing-reference/evidence/historical/riscv-contention-microbench.md,329,Run 2026-06-06T22:30:17-04:00,"[""group"", ""role"", ""test"", ""cycles"", ""cyc/iter"", ""adj cyc/op"", ""sink""]","[""brisc+ncrisc+trisc0+trisc1+trisc2"", ""ncrisc"", ""l1_same_sw1"", ""40031"", ""4.003"", ""1.000"", ""0xc1001234""]"
boop-docs/microbenching/timing-reference/evidence/historical/riscv-contention-microbench.md,330,Run 2026-06-06T22:30:17-04:00,"[""group"", ""role"", ""test"", ""cycles"", ""cyc/iter"", ""adj cyc/op"", ""sink""]","[""brisc+ncrisc+trisc0+trisc1+trisc2"", ""ncrisc"", ""l1_dist_sw1"", ""40028"", ""4.003"", ""1.000"", ""0xc1001234""]"
boop-docs/microbenching/timing-reference/evidence/historical/riscv-contention-microbench.md,331,Run 2026-06-06T22:30:17-04:00,"[""group"", ""role"", ""test"", ""cycles"", ""cyc/iter"", ""adj cyc/op"", ""sink""]","[""brisc+ncrisc+trisc0+trisc1+trisc2"", ""ncrisc"", ""l1_same_rmw2"", ""320010"", ""32.001"", ""14.499"", ""0xc1001234""]"
boop-docs/microbenching/timing-reference/evidence/historical/riscv-contention-microbench.md,332,Run 2026-06-06T22:30:17-04:00,"[""group"", ""role"", ""test"", ""cycles"", ""cyc/iter"", ""adj cyc/op"", ""sink""]","[""brisc+ncrisc+trisc0+trisc1+trisc2"", ""ncrisc"", ""ldm_self_lw1"", ""40026"", ""4.003"", ""1.000"", ""0xc1001234""]"
boop-docs/microbenching/timing-reference/evidence/historical/riscv-contention-microbench.md,333,Run 2026-06-06T22:30:17-04:00,"[""group"", ""role"", ""test"", ""cycles"", ""cyc/iter"", ""adj cyc/op"", ""sink""]","[""brisc+ncrisc+trisc0+trisc1+trisc2"", ""ncrisc"", ""ldm_self_sw1"", ""40028"", ""4.003"", ""1.000"", ""0xc1001234""]"
boop-docs/microbenching/timing-reference/evidence/historical/riscv-contention-microbench.md,334,Run 2026-06-06T22:30:17-04:00,"[""group"", ""role"", ""test"", ""cycles"", ""cyc/iter"", ""adj cyc/op"", ""sink""]","[""brisc+ncrisc+trisc0+trisc1+trisc2"", ""ncrisc"", ""xldm_brisc_lw1"", ""199998"", ""20.000"", ""16.997"", ""0xc0001234""]"
boop-docs/microbenching/timing-reference/evidence/historical/riscv-contention-microbench.md,335,Run 2026-06-06T22:30:17-04:00,"[""group"", ""role"", ""test"", ""cycles"", ""cyc/iter"", ""adj cyc/op"", ""sink""]","[""brisc+ncrisc+trisc0+trisc1+trisc2"", ""ncrisc"", ""xldm_ncrisc_lw1"", ""200001"", ""20.000"", ""16.997"", ""0xc1001234""]"
boop-docs/microbenching/timing-reference/evidence/historical/riscv-contention-microbench.md,336,Run 2026-06-06T22:30:17-04:00,"[""group"", ""role"", ""test"", ""cycles"", ""cyc/iter"", ""adj cyc/op"", ""sink""]","[""brisc+ncrisc+trisc0+trisc1+trisc2"", ""ncrisc"", ""xldm_trisc0_lw1"", ""199999"", ""20.000"", ""16.997"", ""0xc2001234""]"
boop-docs/microbenching/timing-reference/evidence/historical/riscv-contention-microbench.md,337,Run 2026-06-06T22:30:17-04:00,"[""group"", ""role"", ""test"", ""cycles"", ""cyc/iter"", ""adj cyc/op"", ""sink""]","[""brisc+ncrisc+trisc0+trisc1+trisc2"", ""ncrisc"", ""xldm_trisc1_lw1"", ""200001"", ""20.000"", ""16.997"", ""0xc3001234""]"
boop-docs/microbenching/timing-reference/evidence/historical/riscv-contention-microbench.md,338,Run 2026-06-06T22:30:17-04:00,"[""group"", ""role"", ""test"", ""cycles"", ""cyc/iter"", ""adj cyc/op"", ""sink""]","[""brisc+ncrisc+trisc0+trisc1+trisc2"", ""ncrisc"", ""xldm_trisc2_lw1"", ""200003"", ""20.000"", ""16.997"", ""0xc4001234""]"
boop-docs/microbenching/timing-reference/evidence/historical/riscv-contention-microbench.md,339,Run 2026-06-06T22:30:17-04:00,"[""group"", ""role"", ""test"", ""cycles"", ""cyc/iter"", ""adj cyc/op"", ""sink""]","[""brisc+ncrisc+trisc0+trisc1+trisc2"", ""trisc0"", ""empty"", ""30023"", ""3.002"", """", ""0xc2001234""]"
boop-docs/microbenching/timing-reference/evidence/historical/riscv-contention-microbench.md,340,Run 2026-06-06T22:30:17-04:00,"[""group"", ""role"", ""test"", ""cycles"", ""cyc/iter"", ""adj cyc/op"", ""sink""]","[""brisc+ncrisc+trisc0+trisc1+trisc2"", ""trisc0"", ""mmio_wall_lw1"", ""52525"", ""5.253"", ""2.250"", ""0xa3588210""]"
boop-docs/microbenching/timing-reference/evidence/historical/riscv-contention-microbench.md,341,Run 2026-06-06T22:30:17-04:00,"[""group"", ""role"", ""test"", ""cycles"", ""cyc/iter"", ""adj cyc/op"", ""sink""]","[""brisc+ncrisc+trisc0+trisc1+trisc2"", ""trisc0"", ""mmio_noc_status_lw1"", ""50050"", ""5.005"", ""2.003"", ""0x00000121""]"
boop-docs/microbenching/timing-reference/evidence/historical/riscv-contention-microbench.md,342,Run 2026-06-06T22:30:17-04:00,"[""group"", ""role"", ""test"", ""cycles"", ""cyc/iter"", ""adj cyc/op"", ""sink""]","[""brisc+ncrisc+trisc0+trisc1+trisc2"", ""trisc0"", ""l1_same_lw1"", ""56691"", ""5.669"", ""2.667"", ""0xc0001234""]"
boop-docs/microbenching/timing-reference/evidence/historical/riscv-contention-microbench.md,343,Run 2026-06-06T22:30:17-04:00,"[""group"", ""role"", ""test"", ""cycles"", ""cyc/iter"", ""adj cyc/op"", ""sink""]","[""brisc+ncrisc+trisc0+trisc1+trisc2"", ""trisc0"", ""l1_dist_lw1"", ""55023"", ""5.502"", ""2.500"", ""0xc2001234""]"
boop-docs/microbenching/timing-reference/evidence/historical/riscv-contention-microbench.md,344,Run 2026-06-06T22:30:17-04:00,"[""group"", ""role"", ""test"", ""cycles"", ""cyc/iter"", ""adj cyc/op"", ""sink""]","[""brisc+ncrisc+trisc0+trisc1+trisc2"", ""trisc0"", ""l1_same_sw1"", ""40028"", ""4.003"", ""1.000"", ""0xc2001234""]"
boop-docs/microbenching/timing-reference/evidence/historical/riscv-contention-microbench.md,345,Run 2026-06-06T22:30:17-04:00,"[""group"", ""role"", ""test"", ""cycles"", ""cyc/iter"", ""adj cyc/op"", ""sink""]","[""brisc+ncrisc+trisc0+trisc1+trisc2"", ""trisc0"", ""l1_dist_sw1"", ""40029"", ""4.003"", ""1.001"", ""0xc2001234""]"
boop-docs/microbenching/timing-reference/evidence/historical/riscv-contention-microbench.md,346,Run 2026-06-06T22:30:17-04:00,"[""group"", ""role"", ""test"", ""cycles"", ""cyc/iter"", ""adj cyc/op"", ""sink""]","[""brisc+ncrisc+trisc0+trisc1+trisc2"", ""trisc0"", ""l1_same_rmw2"", ""320023"", ""32.002"", ""14.500"", ""0xc2001234""]"
boop-docs/microbenching/timing-reference/evidence/historical/riscv-contention-microbench.md,347,Run 2026-06-06T22:30:17-04:00,"[""group"", ""role"", ""test"", ""cycles"", ""cyc/iter"", ""adj cyc/op"", ""sink""]","[""brisc+ncrisc+trisc0+trisc1+trisc2"", ""trisc0"", ""ldm_self_lw1"", ""40025"", ""4.003"", ""1.000"", ""0xc2001234""]"
boop-docs/microbenching/timing-reference/evidence/historical/riscv-contention-microbench.md,348,Run 2026-06-06T22:30:17-04:00,"[""group"", ""role"", ""test"", ""cycles"", ""cyc/iter"", ""adj cyc/op"", ""sink""]","[""brisc+ncrisc+trisc0+trisc1+trisc2"", ""trisc0"", ""ldm_self_sw1"", ""40028"", ""4.003"", ""1.000"", ""0xc2001234""]"
boop-docs/microbenching/timing-reference/evidence/historical/riscv-contention-microbench.md,349,Run 2026-06-06T22:30:17-04:00,"[""group"", ""role"", ""test"", ""cycles"", ""cyc/iter"", ""adj cyc/op"", ""sink""]","[""brisc+ncrisc+trisc0+trisc1+trisc2"", ""trisc0"", ""xldm_brisc_lw1"", ""200003"", ""20.000"", ""16.998"", ""0xc0001234""]"
boop-docs/microbenching/timing-reference/evidence/historical/riscv-contention-microbench.md,350,Run 2026-06-06T22:30:17-04:00,"[""group"", ""role"", ""test"", ""cycles"", ""cyc/iter"", ""adj cyc/op"", ""sink""]","[""brisc+ncrisc+trisc0+trisc1+trisc2"", ""trisc0"", ""xldm_ncrisc_lw1"", ""200003"", ""20.000"", ""16.998"", ""0xc1001234""]"
boop-docs/microbenching/timing-reference/evidence/historical/riscv-contention-microbench.md,351,Run 2026-06-06T22:30:17-04:00,"[""group"", ""role"", ""test"", ""cycles"", ""cyc/iter"", ""adj cyc/op"", ""sink""]","[""brisc+ncrisc+trisc0+trisc1+trisc2"", ""trisc0"", ""xldm_trisc0_lw1"", ""199999"", ""20.000"", ""16.998"", ""0xc2001234""]"
boop-docs/microbenching/timing-reference/evidence/historical/riscv-contention-microbench.md,352,Run 2026-06-06T22:30:17-04:00,"[""group"", ""role"", ""test"", ""cycles"", ""cyc/iter"", ""adj cyc/op"", ""sink""]","[""brisc+ncrisc+trisc0+trisc1+trisc2"", ""trisc0"", ""xldm_trisc1_lw1"", ""200003"", ""20.000"", ""16.998"", ""0xc3001234""]"
boop-docs/microbenching/timing-reference/evidence/historical/riscv-contention-microbench.md,353,Run 2026-06-06T22:30:17-04:00,"[""group"", ""role"", ""test"", ""cycles"", ""cyc/iter"", ""adj cyc/op"", ""sink""]","[""brisc+ncrisc+trisc0+trisc1+trisc2"", ""trisc0"", ""xldm_trisc2_lw1"", ""200001"", ""20.000"", ""16.998"", ""0xc4001234""]"
boop-docs/microbenching/timing-reference/evidence/historical/riscv-contention-microbench.md,354,Run 2026-06-06T22:30:17-04:00,"[""group"", ""role"", ""test"", ""cycles"", ""cyc/iter"", ""adj cyc/op"", ""sink""]","[""brisc+ncrisc+trisc0+trisc1+trisc2"", ""trisc1"", ""empty"", ""30025"", ""3.002"", """", ""0xc3001234""]"
boop-docs/microbenching/timing-reference/evidence/historical/riscv-contention-microbench.md,355,Run 2026-06-06T22:30:17-04:00,"[""group"", ""role"", ""test"", ""cycles"", ""cyc/iter"", ""adj cyc/op"", ""sink""]","[""brisc+ncrisc+trisc0+trisc1+trisc2"", ""trisc1"", ""mmio_wall_lw1"", ""52525"", ""5.253"", ""2.250"", ""0xa358820d""]"
boop-docs/microbenching/timing-reference/evidence/historical/riscv-contention-microbench.md,356,Run 2026-06-06T22:30:17-04:00,"[""group"", ""role"", ""test"", ""cycles"", ""cyc/iter"", ""adj cyc/op"", ""sink""]","[""brisc+ncrisc+trisc0+trisc1+trisc2"", ""trisc1"", ""mmio_noc_status_lw1"", ""50052"", ""5.005"", ""2.003"", ""0x00000121""]"
boop-docs/microbenching/timing-reference/evidence/historical/riscv-contention-microbench.md,357,Run 2026-06-06T22:30:17-04:00,"[""group"", ""role"", ""test"", ""cycles"", ""cyc/iter"", ""adj cyc/op"", ""sink""]","[""brisc+ncrisc+trisc0+trisc1+trisc2"", ""trisc1"", ""l1_same_lw1"", ""56688"", ""5.669"", ""2.666"", ""0xc0001234""]"
boop-docs/microbenching/timing-reference/evidence/historical/riscv-contention-microbench.md,358,Run 2026-06-06T22:30:17-04:00,"[""group"", ""role"", ""test"", ""cycles"", ""cyc/iter"", ""adj cyc/op"", ""sink""]","[""brisc+ncrisc+trisc0+trisc1+trisc2"", ""trisc1"", ""l1_dist_lw1"", ""55024"", ""5.502"", ""2.500"", ""0xc3001234""]"
boop-docs/microbenching/timing-reference/evidence/historical/riscv-contention-microbench.md,359,Run 2026-06-06T22:30:17-04:00,"[""group"", ""role"", ""test"", ""cycles"", ""cyc/iter"", ""adj cyc/op"", ""sink""]","[""brisc+ncrisc+trisc0+trisc1+trisc2"", ""trisc1"", ""l1_same_sw1"", ""40028"", ""4.003"", ""1.000"", ""0xc3001234""]"
boop-docs/microbenching/timing-reference/evidence/historical/riscv-contention-microbench.md,360,Run 2026-06-06T22:30:17-04:00,"[""group"", ""role"", ""test"", ""cycles"", ""cyc/iter"", ""adj cyc/op"", ""sink""]","[""brisc+ncrisc+trisc0+trisc1+trisc2"", ""trisc1"", ""l1_dist_sw1"", ""40027"", ""4.003"", ""1.000"", ""0xc3001234""]"
boop-docs/microbenching/timing-reference/evidence/historical/riscv-contention-microbench.md,361,Run 2026-06-06T22:30:17-04:00,"[""group"", ""role"", ""test"", ""cycles"", ""cyc/iter"", ""adj cyc/op"", ""sink""]","[""brisc+ncrisc+trisc0+trisc1+trisc2"", ""trisc1"", ""l1_same_rmw2"", ""240016"", ""24.002"", ""10.500"", ""0xc3001234""]"
boop-docs/microbenching/timing-reference/evidence/historical/riscv-contention-microbench.md,362,Run 2026-06-06T22:30:17-04:00,"[""group"", ""role"", ""test"", ""cycles"", ""cyc/iter"", ""adj cyc/op"", ""sink""]","[""brisc+ncrisc+trisc0+trisc1+trisc2"", ""trisc1"", ""ldm_self_lw1"", ""40025"", ""4.003"", ""1.000"", ""0xc3001234""]"
boop-docs/microbenching/timing-reference/evidence/historical/riscv-contention-microbench.md,363,Run 2026-06-06T22:30:17-04:00,"[""group"", ""role"", ""test"", ""cycles"", ""cyc/iter"", ""adj cyc/op"", ""sink""]","[""brisc+ncrisc+trisc0+trisc1+trisc2"", ""trisc1"", ""ldm_self_sw1"", ""40028"", ""4.003"", ""1.000"", ""0xc3001234""]"
boop-docs/microbenching/timing-reference/evidence/historical/riscv-contention-microbench.md,364,Run 2026-06-06T22:30:17-04:00,"[""group"", ""role"", ""test"", ""cycles"", ""cyc/iter"", ""adj cyc/op"", ""sink""]","[""brisc+ncrisc+trisc0+trisc1+trisc2"", ""trisc1"", ""xldm_brisc_lw1"", ""200001"", ""20.000"", ""16.998"", ""0xc0001234""]"
boop-docs/microbenching/timing-reference/evidence/historical/riscv-contention-microbench.md,365,Run 2026-06-06T22:30:17-04:00,"[""group"", ""role"", ""test"", ""cycles"", ""cyc/iter"", ""adj cyc/op"", ""sink""]","[""brisc+ncrisc+trisc0+trisc1+trisc2"", ""trisc1"", ""xldm_ncrisc_lw1"", ""200007"", ""20.001"", ""16.998"", ""0xc1001234""]"
boop-docs/microbenching/timing-reference/evidence/historical/riscv-contention-microbench.md,366,Run 2026-06-06T22:30:17-04:00,"[""group"", ""role"", ""test"", ""cycles"", ""cyc/iter"", ""adj cyc/op"", ""sink""]","[""brisc+ncrisc+trisc0+trisc1+trisc2"", ""trisc1"", ""xldm_trisc0_lw1"", ""200002"", ""20.000"", ""16.998"", ""0xc2001234""]"
boop-docs/microbenching/timing-reference/evidence/historical/riscv-contention-microbench.md,367,Run 2026-06-06T22:30:17-04:00,"[""group"", ""role"", ""test"", ""cycles"", ""cyc/iter"", ""adj cyc/op"", ""sink""]","[""brisc+ncrisc+trisc0+trisc1+trisc2"", ""trisc1"", ""xldm_trisc1_lw1"", ""200007"", ""20.001"", ""16.998"", ""0xc3001234""]"
boop-docs/microbenching/timing-reference/evidence/historical/riscv-contention-microbench.md,368,Run 2026-06-06T22:30:17-04:00,"[""group"", ""role"", ""test"", ""cycles"", ""cyc/iter"", ""adj cyc/op"", ""sink""]","[""brisc+ncrisc+trisc0+trisc1+trisc2"", ""trisc1"", ""xldm_trisc2_lw1"", ""200007"", ""20.001"", ""16.998"", ""0xc4001234""]"
boop-docs/microbenching/timing-reference/evidence/historical/riscv-contention-microbench.md,369,Run 2026-06-06T22:30:17-04:00,"[""group"", ""role"", ""test"", ""cycles"", ""cyc/iter"", ""adj cyc/op"", ""sink""]","[""brisc+ncrisc+trisc0+trisc1+trisc2"", ""trisc2"", ""empty"", ""30023"", ""3.002"", """", ""0xc4001234""]"
boop-docs/microbenching/timing-reference/evidence/historical/riscv-contention-microbench.md,370,Run 2026-06-06T22:30:17-04:00,"[""group"", ""role"", ""test"", ""cycles"", ""cyc/iter"", ""adj cyc/op"", ""sink""]","[""brisc+ncrisc+trisc0+trisc1+trisc2"", ""trisc2"", ""mmio_wall_lw1"", ""52524"", ""5.252"", ""2.250"", ""0xa3588214""]"
boop-docs/microbenching/timing-reference/evidence/historical/riscv-contention-microbench.md,371,Run 2026-06-06T22:30:17-04:00,"[""group"", ""role"", ""test"", ""cycles"", ""cyc/iter"", ""adj cyc/op"", ""sink""]","[""brisc+ncrisc+trisc0+trisc1+trisc2"", ""trisc2"", ""mmio_noc_status_lw1"", ""50063"", ""5.006"", ""2.004"", ""0x00000121""]"
boop-docs/microbenching/timing-reference/evidence/historical/riscv-contention-microbench.md,372,Run 2026-06-06T22:30:17-04:00,"[""group"", ""role"", ""test"", ""cycles"", ""cyc/iter"", ""adj cyc/op"", ""sink""]","[""brisc+ncrisc+trisc0+trisc1+trisc2"", ""trisc2"", ""l1_same_lw1"", ""56691"", ""5.669"", ""2.667"", ""0xc0001234""]"
boop-docs/microbenching/timing-reference/evidence/historical/riscv-contention-microbench.md,373,Run 2026-06-06T22:30:17-04:00,"[""group"", ""role"", ""test"", ""cycles"", ""cyc/iter"", ""adj cyc/op"", ""sink""]","[""brisc+ncrisc+trisc0+trisc1+trisc2"", ""trisc2"", ""l1_dist_lw1"", ""55024"", ""5.502"", ""2.500"", ""0xc4001234""]"
boop-docs/microbenching/timing-reference/evidence/historical/riscv-contention-microbench.md,374,Run 2026-06-06T22:30:17-04:00,"[""group"", ""role"", ""test"", ""cycles"", ""cyc/iter"", ""adj cyc/op"", ""sink""]","[""brisc+ncrisc+trisc0+trisc1+trisc2"", ""trisc2"", ""l1_same_sw1"", ""40024"", ""4.002"", ""1.000"", ""0xc4001234""]"
boop-docs/microbenching/timing-reference/evidence/historical/riscv-contention-microbench.md,375,Run 2026-06-06T22:30:17-04:00,"[""group"", ""role"", ""test"", ""cycles"", ""cyc/iter"", ""adj cyc/op"", ""sink""]","[""brisc+ncrisc+trisc0+trisc1+trisc2"", ""trisc2"", ""l1_dist_sw1"", ""40028"", ""4.003"", ""1.000"", ""0xc4001234""]"
boop-docs/microbenching/timing-reference/evidence/historical/riscv-contention-microbench.md,376,Run 2026-06-06T22:30:17-04:00,"[""group"", ""role"", ""test"", ""cycles"", ""cyc/iter"", ""adj cyc/op"", ""sink""]","[""brisc+ncrisc+trisc0+trisc1+trisc2"", ""trisc2"", ""l1_same_rmw2"", ""240005"", ""24.000"", ""10.499"", ""0xc4001234""]"
boop-docs/microbenching/timing-reference/evidence/historical/riscv-contention-microbench.md,377,Run 2026-06-06T22:30:17-04:00,"[""group"", ""role"", ""test"", ""cycles"", ""cyc/iter"", ""adj cyc/op"", ""sink""]","[""brisc+ncrisc+trisc0+trisc1+trisc2"", ""trisc2"", ""ldm_self_lw1"", ""40028"", ""4.003"", ""1.000"", ""0xc4001234""]"
boop-docs/microbenching/timing-reference/evidence/historical/riscv-contention-microbench.md,378,Run 2026-06-06T22:30:17-04:00,"[""group"", ""role"", ""test"", ""cycles"", ""cyc/iter"", ""adj cyc/op"", ""sink""]","[""brisc+ncrisc+trisc0+trisc1+trisc2"", ""trisc2"", ""ldm_self_sw1"", ""40025"", ""4.003"", ""1.000"", ""0xc4001234""]"
boop-docs/microbenching/timing-reference/evidence/historical/riscv-contention-microbench.md,379,Run 2026-06-06T22:30:17-04:00,"[""group"", ""role"", ""test"", ""cycles"", ""cyc/iter"", ""adj cyc/op"", ""sink""]","[""brisc+ncrisc+trisc0+trisc1+trisc2"", ""trisc2"", ""xldm_brisc_lw1"", ""200007"", ""20.001"", ""16.998"", ""0xc0001234""]"
boop-docs/microbenching/timing-reference/evidence/historical/riscv-contention-microbench.md,380,Run 2026-06-06T22:30:17-04:00,"[""group"", ""role"", ""test"", ""cycles"", ""cyc/iter"", ""adj cyc/op"", ""sink""]","[""brisc+ncrisc+trisc0+trisc1+trisc2"", ""trisc2"", ""xldm_ncrisc_lw1"", ""200003"", ""20.000"", ""16.998"", ""0xc1001234""]"
boop-docs/microbenching/timing-reference/evidence/historical/riscv-contention-microbench.md,381,Run 2026-06-06T22:30:17-04:00,"[""group"", ""role"", ""test"", ""cycles"", ""cyc/iter"", ""adj cyc/op"", ""sink""]","[""brisc+ncrisc+trisc0+trisc1+trisc2"", ""trisc2"", ""xldm_trisc0_lw1"", ""200003"", ""20.000"", ""16.998"", ""0xc2001234""]"
boop-docs/microbenching/timing-reference/evidence/historical/riscv-contention-microbench.md,382,Run 2026-06-06T22:30:17-04:00,"[""group"", ""role"", ""test"", ""cycles"", ""cyc/iter"", ""adj cyc/op"", ""sink""]","[""brisc+ncrisc+trisc0+trisc1+trisc2"", ""trisc2"", ""xldm_trisc1_lw1"", ""200003"", ""20.000"", ""16.998"", ""0xc3001234""]"
boop-docs/microbenching/timing-reference/evidence/historical/riscv-contention-microbench.md,383,Run 2026-06-06T22:30:17-04:00,"[""group"", ""role"", ""test"", ""cycles"", ""cyc/iter"", ""adj cyc/op"", ""sink""]","[""brisc+ncrisc+trisc0+trisc1+trisc2"", ""trisc2"", ""xldm_trisc2_lw1"", ""200002"", ""20.000"", ""16.998"", ""0xc4001234""]"
boop-docs/microbenching/timing-reference/evidence/historical/riscv-core-microbench.md,27,Quick Read,"[""Probe"", ""Approx adjusted cost""]","[""base ALU/immediate/shift/compare/control ops"", ""`~1.0 cycle/op`""]"
boop-docs/microbenching/timing-reference/evidence/historical/riscv-core-microbench.md,28,Quick Read,"[""Probe"", ""Approx adjusted cost""]","[""`mul`, `mulhu` dependent chains"", ""`~1.75 cycles/op`""]"
boop-docs/microbenching/timing-reference/evidence/historical/riscv-core-microbench.md,29,Quick Read,"[""Probe"", ""Approx adjusted cost""]","[""independent `mul` issue"", ""`~1.0 cycle/op`""]"
boop-docs/microbenching/timing-reference/evidence/historical/riscv-core-microbench.md,30,Quick Read,"[""Probe"", ""Approx adjusted cost""]","[""`divu`, `remu` dependent chains"", ""`~6.0 cycles/op`""]"
boop-docs/microbenching/timing-reference/evidence/historical/riscv-core-microbench.md,31,Quick Read,"[""Probe"", ""Approx adjusted cost""]","[""`fence`"", ""`~4.0 cycles/op`""]"
boop-docs/microbenching/timing-reference/evidence/historical/riscv-core-microbench.md,32,Quick Read,"[""Probe"", ""Approx adjusted cost""]","[""dependent L1 load"", ""`~5.0 cycles/op`""]"
boop-docs/microbenching/timing-reference/evidence/historical/riscv-core-microbench.md,33,Quick Read,"[""Probe"", ""Approx adjusted cost""]","[""L1 stores"", ""`~1.0 cycle/op`""]"
boop-docs/microbenching/timing-reference/evidence/historical/riscv-core-microbench.md,137,Run 2026-06-06T20:36:49-04:00,"[""role"", ""test"", ""cycles"", ""cyc/iter"", ""adj cyc/op"", ""sink""]","[""brisc"", ""empty"", ""30027"", ""3.003"", """", ""0x12345679""]"
boop-docs/microbenching/timing-reference/evidence/historical/riscv-core-microbench.md,138,Run 2026-06-06T20:36:49-04:00,"[""role"", ""test"", ""cycles"", ""cyc/iter"", ""adj cyc/op"", ""sink""]","[""brisc"", ""nop8"", ""110026"", ""11.003"", ""1.000"", ""0x12345679""]"
boop-docs/microbenching/timing-reference/evidence/historical/riscv-core-microbench.md,139,Run 2026-06-06T20:36:49-04:00,"[""role"", ""test"", ""cycles"", ""cyc/iter"", ""adj cyc/op"", ""sink""]","[""brisc"", ""lui8"", ""110023"", ""11.002"", ""1.000"", ""0x12345679""]"
boop-docs/microbenching/timing-reference/evidence/historical/riscv-core-microbench.md,140,Run 2026-06-06T20:36:49-04:00,"[""role"", ""test"", ""cycles"", ""cyc/iter"", ""adj cyc/op"", ""sink""]","[""brisc"", ""auipc8"", ""110023"", ""11.002"", ""1.000"", ""0x12345679""]"
boop-docs/microbenching/timing-reference/evidence/historical/riscv-core-microbench.md,141,Run 2026-06-06T20:36:49-04:00,"[""role"", ""test"", ""cycles"", ""cyc/iter"", ""adj cyc/op"", ""sink""]","[""brisc"", ""addi_dep8"", ""110023"", ""11.002"", ""1.000"", ""0x12358ef9""]"
boop-docs/microbenching/timing-reference/evidence/historical/riscv-core-microbench.md,142,Run 2026-06-06T20:36:49-04:00,"[""role"", ""test"", ""cycles"", ""cyc/iter"", ""adj cyc/op"", ""sink""]","[""brisc"", ""xori_dep8"", ""110023"", ""11.002"", ""1.000"", ""0x12345679""]"
boop-docs/microbenching/timing-reference/evidence/historical/riscv-core-microbench.md,143,Run 2026-06-06T20:36:49-04:00,"[""role"", ""test"", ""cycles"", ""cyc/iter"", ""adj cyc/op"", ""sink""]","[""brisc"", ""ori_dep8"", ""110023"", ""11.002"", ""1.000"", ""0x1234577b""]"
boop-docs/microbenching/timing-reference/evidence/historical/riscv-core-microbench.md,144,Run 2026-06-06T20:36:49-04:00,"[""role"", ""test"", ""cycles"", ""cyc/iter"", ""adj cyc/op"", ""sink""]","[""brisc"", ""andi_dep8"", ""110023"", ""11.002"", ""1.000"", ""0x00000679""]"
boop-docs/microbenching/timing-reference/evidence/historical/riscv-core-microbench.md,145,Run 2026-06-06T20:36:49-04:00,"[""role"", ""test"", ""cycles"", ""cyc/iter"", ""adj cyc/op"", ""sink""]","[""brisc"", ""sltiu_dep8"", ""110023"", ""11.002"", ""1.000"", ""0x00000001""]"
boop-docs/microbenching/timing-reference/evidence/historical/riscv-core-microbench.md,146,Run 2026-06-06T20:36:49-04:00,"[""role"", ""test"", ""cycles"", ""cyc/iter"", ""adj cyc/op"", ""sink""]","[""brisc"", ""slli_dep8"", ""110023"", ""11.002"", ""1.000"", ""0x00000000""]"
boop-docs/microbenching/timing-reference/evidence/historical/riscv-core-microbench.md,147,Run 2026-06-06T20:36:49-04:00,"[""role"", ""test"", ""cycles"", ""cyc/iter"", ""adj cyc/op"", ""sink""]","[""brisc"", ""srli_dep8"", ""110023"", ""11.002"", ""1.000"", ""0x00000000""]"
boop-docs/microbenching/timing-reference/evidence/historical/riscv-core-microbench.md,148,Run 2026-06-06T20:36:49-04:00,"[""role"", ""test"", ""cycles"", ""cyc/iter"", ""adj cyc/op"", ""sink""]","[""brisc"", ""srai_dep8"", ""110023"", ""11.002"", ""1.000"", ""0x00000000""]"
boop-docs/microbenching/timing-reference/evidence/historical/riscv-core-microbench.md,149,Run 2026-06-06T20:36:49-04:00,"[""role"", ""test"", ""cycles"", ""cyc/iter"", ""adj cyc/op"", ""sink""]","[""brisc"", ""ctz_dep4"", ""70023"", ""7.002"", ""1.000"", ""0x00000000""]"
boop-docs/microbenching/timing-reference/evidence/historical/riscv-core-microbench.md,150,Run 2026-06-06T20:36:49-04:00,"[""role"", ""test"", ""cycles"", ""cyc/iter"", ""adj cyc/op"", ""sink""]","[""brisc"", ""sext_b_dep8"", ""110023"", ""11.002"", ""1.000"", ""0x00000079""]"
boop-docs/microbenching/timing-reference/evidence/historical/riscv-core-microbench.md,151,Run 2026-06-06T20:36:49-04:00,"[""role"", ""test"", ""cycles"", ""cyc/iter"", ""adj cyc/op"", ""sink""]","[""brisc"", ""sext_h_dep8"", ""110023"", ""11.002"", ""1.000"", ""0x00005679""]"
boop-docs/microbenching/timing-reference/evidence/historical/riscv-core-microbench.md,152,Run 2026-06-06T20:36:49-04:00,"[""role"", ""test"", ""cycles"", ""cyc/iter"", ""adj cyc/op"", ""sink""]","[""brisc"", ""zext_h_dep8"", ""110023"", ""11.002"", ""1.000"", ""0x00005679""]"
boop-docs/microbenching/timing-reference/evidence/historical/riscv-core-microbench.md,153,Run 2026-06-06T20:36:49-04:00,"[""role"", ""test"", ""cycles"", ""cyc/iter"", ""adj cyc/op"", ""sink""]","[""brisc"", ""add_dep8"", ""110023"", ""11.002"", ""1.000"", ""0x1237fff9""]"
boop-docs/microbenching/timing-reference/evidence/historical/riscv-core-microbench.md,154,Run 2026-06-06T20:36:49-04:00,"[""role"", ""test"", ""cycles"", ""cyc/iter"", ""adj cyc/op"", ""sink""]","[""brisc"", ""sub_dep8"", ""110023"", ""11.002"", ""1.000"", ""0x1230acf9""]"
boop-docs/microbenching/timing-reference/evidence/historical/riscv-core-microbench.md,155,Run 2026-06-06T20:36:49-04:00,"[""role"", ""test"", ""cycles"", ""cyc/iter"", ""adj cyc/op"", ""sink""]","[""brisc"", ""addi_ind8"", ""110023"", ""11.002"", ""1.000"", ""0x12345679""]"
boop-docs/microbenching/timing-reference/evidence/historical/riscv-core-microbench.md,156,Run 2026-06-06T20:36:49-04:00,"[""role"", ""test"", ""cycles"", ""cyc/iter"", ""adj cyc/op"", ""sink""]","[""brisc"", ""xor_dep8"", ""110023"", ""11.002"", ""1.000"", ""0x12345679""]"
boop-docs/microbenching/timing-reference/evidence/historical/riscv-core-microbench.md,157,Run 2026-06-06T20:36:49-04:00,"[""role"", ""test"", ""cycles"", ""cyc/iter"", ""adj cyc/op"", ""sink""]","[""brisc"", ""or_dep8"", ""110023"", ""11.002"", ""1.000"", ""0x1234567b""]"
boop-docs/microbenching/timing-reference/evidence/historical/riscv-core-microbench.md,158,Run 2026-06-06T20:36:49-04:00,"[""role"", ""test"", ""cycles"", ""cyc/iter"", ""adj cyc/op"", ""sink""]","[""brisc"", ""and_dep8"", ""110023"", ""11.002"", ""1.000"", ""0x00000001""]"
boop-docs/microbenching/timing-reference/evidence/historical/riscv-core-microbench.md,159,Run 2026-06-06T20:36:49-04:00,"[""role"", ""test"", ""cycles"", ""cyc/iter"", ""adj cyc/op"", ""sink""]","[""brisc"", ""sll_dep8"", ""110023"", ""11.002"", ""1.000"", ""0x00000000""]"
boop-docs/microbenching/timing-reference/evidence/historical/riscv-core-microbench.md,160,Run 2026-06-06T20:36:49-04:00,"[""role"", ""test"", ""cycles"", ""cyc/iter"", ""adj cyc/op"", ""sink""]","[""brisc"", ""srl_dep8"", ""110023"", ""11.002"", ""1.000"", ""0x00000000""]"
boop-docs/microbenching/timing-reference/evidence/historical/riscv-core-microbench.md,161,Run 2026-06-06T20:36:49-04:00,"[""role"", ""test"", ""cycles"", ""cyc/iter"", ""adj cyc/op"", ""sink""]","[""brisc"", ""sra_dep8"", ""110023"", ""11.002"", ""1.000"", ""0x00000000""]"
boop-docs/microbenching/timing-reference/evidence/historical/riscv-core-microbench.md,162,Run 2026-06-06T20:36:49-04:00,"[""role"", ""test"", ""cycles"", ""cyc/iter"", ""adj cyc/op"", ""sink""]","[""brisc"", ""slt_dep8"", ""110023"", ""11.002"", ""1.000"", ""0x00000001""]"
boop-docs/microbenching/timing-reference/evidence/historical/riscv-core-microbench.md,163,Run 2026-06-06T20:36:49-04:00,"[""role"", ""test"", ""cycles"", ""cyc/iter"", ""adj cyc/op"", ""sink""]","[""brisc"", ""sltu_dep8"", ""110023"", ""11.002"", ""1.000"", ""0x00000001""]"
boop-docs/microbenching/timing-reference/evidence/historical/riscv-core-microbench.md,164,Run 2026-06-06T20:36:49-04:00,"[""role"", ""test"", ""cycles"", ""cyc/iter"", ""adj cyc/op"", ""sink""]","[""brisc"", ""sh1add_dep8"", ""110023"", ""11.002"", ""1.000"", ""0xfffffffd""]"
boop-docs/microbenching/timing-reference/evidence/historical/riscv-core-microbench.md,165,Run 2026-06-06T20:36:49-04:00,"[""role"", ""test"", ""cycles"", ""cyc/iter"", ""adj cyc/op"", ""sink""]","[""brisc"", ""sh2add_dep8"", ""110023"", ""11.002"", ""1.000"", ""0xffffffff""]"
boop-docs/microbenching/timing-reference/evidence/historical/riscv-core-microbench.md,166,Run 2026-06-06T20:36:49-04:00,"[""role"", ""test"", ""cycles"", ""cyc/iter"", ""adj cyc/op"", ""sink""]","[""brisc"", ""sh3add_dep8"", ""110023"", ""11.002"", ""1.000"", ""0xdb6db6db""]"
boop-docs/microbenching/timing-reference/evidence/historical/riscv-core-microbench.md,167,Run 2026-06-06T20:36:49-04:00,"[""role"", ""test"", ""cycles"", ""cyc/iter"", ""adj cyc/op"", ""sink""]","[""brisc"", ""min_dep8"", ""110023"", ""11.002"", ""1.000"", ""0x00000003""]"
boop-docs/microbenching/timing-reference/evidence/historical/riscv-core-microbench.md,168,Run 2026-06-06T20:36:49-04:00,"[""role"", ""test"", ""cycles"", ""cyc/iter"", ""adj cyc/op"", ""sink""]","[""brisc"", ""minu_dep8"", ""110023"", ""11.002"", ""1.000"", ""0x00000003""]"
boop-docs/microbenching/timing-reference/evidence/historical/riscv-core-microbench.md,169,Run 2026-06-06T20:36:49-04:00,"[""role"", ""test"", ""cycles"", ""cyc/iter"", ""adj cyc/op"", ""sink""]","[""brisc"", ""maxu_dep8"", ""110023"", ""11.002"", ""1.000"", ""0x12345679""]"
boop-docs/microbenching/timing-reference/evidence/historical/riscv-core-microbench.md,170,Run 2026-06-06T20:36:49-04:00,"[""role"", ""test"", ""cycles"", ""cyc/iter"", ""adj cyc/op"", ""sink""]","[""brisc"", ""add_ind8"", ""110023"", ""11.002"", ""1.000"", ""0x12345679""]"
boop-docs/microbenching/timing-reference/evidence/historical/riscv-core-microbench.md,171,Run 2026-06-06T20:36:49-04:00,"[""role"", ""test"", ""cycles"", ""cyc/iter"", ""adj cyc/op"", ""sink""]","[""brisc"", ""xor_ind8"", ""110023"", ""11.002"", ""1.000"", ""0x12345679""]"
boop-docs/microbenching/timing-reference/evidence/historical/riscv-core-microbench.md,172,Run 2026-06-06T20:36:49-04:00,"[""role"", ""test"", ""cycles"", ""cyc/iter"", ""adj cyc/op"", ""sink""]","[""brisc"", ""mul_dep4"", ""100025"", ""10.002"", ""1.750"", ""0x4150db79""]"
boop-docs/microbenching/timing-reference/evidence/historical/riscv-core-microbench.md,173,Run 2026-06-06T20:36:49-04:00,"[""role"", ""test"", ""cycles"", ""cyc/iter"", ""adj cyc/op"", ""sink""]","[""brisc"", ""mulhu_dep4"", ""100024"", ""10.002"", ""1.750"", ""0x00000000""]"
boop-docs/microbenching/timing-reference/evidence/historical/riscv-core-microbench.md,174,Run 2026-06-06T20:36:49-04:00,"[""role"", ""test"", ""cycles"", ""cyc/iter"", ""adj cyc/op"", ""sink""]","[""brisc"", ""mul_ind4"", ""70023"", ""7.002"", ""1.000"", ""0x12345679""]"
boop-docs/microbenching/timing-reference/evidence/historical/riscv-core-microbench.md,175,Run 2026-06-06T20:36:49-04:00,"[""role"", ""test"", ""cycles"", ""cyc/iter"", ""adj cyc/op"", ""sink""]","[""brisc"", ""divu_dep1"", ""90256"", ""9.026"", ""6.023"", ""0x00000000""]"
boop-docs/microbenching/timing-reference/evidence/historical/riscv-core-microbench.md,176,Run 2026-06-06T20:36:49-04:00,"[""role"", ""test"", ""cycles"", ""cyc/iter"", ""adj cyc/op"", ""sink""]","[""brisc"", ""remu_dep1"", ""90052"", ""9.005"", ""6.003"", ""0x00000001""]"
boop-docs/microbenching/timing-reference/evidence/historical/riscv-core-microbench.md,177,Run 2026-06-06T20:36:49-04:00,"[""role"", ""test"", ""cycles"", ""cyc/iter"", ""adj cyc/op"", ""sink""]","[""brisc"", ""branch_taken1"", ""40027"", ""4.003"", ""1.000"", ""0x12345679""]"
boop-docs/microbenching/timing-reference/evidence/historical/riscv-core-microbench.md,178,Run 2026-06-06T20:36:49-04:00,"[""role"", ""test"", ""cycles"", ""cyc/iter"", ""adj cyc/op"", ""sink""]","[""brisc"", ""branch_not_taken1"", ""40024"", ""4.002"", ""1.000"", ""0x12345679""]"
boop-docs/microbenching/timing-reference/evidence/historical/riscv-core-microbench.md,179,Run 2026-06-06T20:36:49-04:00,"[""role"", ""test"", ""cycles"", ""cyc/iter"", ""adj cyc/op"", ""sink""]","[""brisc"", ""jal1"", ""40027"", ""4.003"", ""1.000"", ""0x12345679""]"
boop-docs/microbenching/timing-reference/evidence/historical/riscv-core-microbench.md,180,Run 2026-06-06T20:36:49-04:00,"[""role"", ""test"", ""cycles"", ""cyc/iter"", ""adj cyc/op"", ""sink""]","[""brisc"", ""fence1"", ""70024"", ""7.002"", ""4.000"", ""0x12345679""]"
boop-docs/microbenching/timing-reference/evidence/historical/riscv-core-microbench.md,181,Run 2026-06-06T20:36:49-04:00,"[""role"", ""test"", ""cycles"", ""cyc/iter"", ""adj cyc/op"", ""sink""]","[""brisc"", ""load_l1_dep1"", ""80018"", ""8.002"", ""4.999"", ""0x12345679""]"
boop-docs/microbenching/timing-reference/evidence/historical/riscv-core-microbench.md,182,Run 2026-06-06T20:36:49-04:00,"[""role"", ""test"", ""cycles"", ""cyc/iter"", ""adj cyc/op"", ""sink""]","[""brisc"", ""store_l1_4"", ""70023"", ""7.002"", ""1.000"", ""0x12345679""]"
boop-docs/microbenching/timing-reference/evidence/historical/riscv-core-microbench.md,183,Run 2026-06-06T20:36:49-04:00,"[""role"", ""test"", ""cycles"", ""cyc/iter"", ""adj cyc/op"", ""sink""]","[""ncrisc"", ""empty"", ""30024"", ""3.002"", """", ""0x12345679""]"
boop-docs/microbenching/timing-reference/evidence/historical/riscv-core-microbench.md,184,Run 2026-06-06T20:36:49-04:00,"[""role"", ""test"", ""cycles"", ""cyc/iter"", ""adj cyc/op"", ""sink""]","[""ncrisc"", ""nop8"", ""110023"", ""11.002"", ""1.000"", ""0x12345679""]"
boop-docs/microbenching/timing-reference/evidence/historical/riscv-core-microbench.md,185,Run 2026-06-06T20:36:49-04:00,"[""role"", ""test"", ""cycles"", ""cyc/iter"", ""adj cyc/op"", ""sink""]","[""ncrisc"", ""lui8"", ""110023"", ""11.002"", ""1.000"", ""0x12345679""]"
boop-docs/microbenching/timing-reference/evidence/historical/riscv-core-microbench.md,186,Run 2026-06-06T20:36:49-04:00,"[""role"", ""test"", ""cycles"", ""cyc/iter"", ""adj cyc/op"", ""sink""]","[""ncrisc"", ""auipc8"", ""110023"", ""11.002"", ""1.000"", ""0x12345679""]"
boop-docs/microbenching/timing-reference/evidence/historical/riscv-core-microbench.md,187,Run 2026-06-06T20:36:49-04:00,"[""role"", ""test"", ""cycles"", ""cyc/iter"", ""adj cyc/op"", ""sink""]","[""ncrisc"", ""addi_dep8"", ""110023"", ""11.002"", ""1.000"", ""0x12358ef9""]"
boop-docs/microbenching/timing-reference/evidence/historical/riscv-core-microbench.md,188,Run 2026-06-06T20:36:49-04:00,"[""role"", ""test"", ""cycles"", ""cyc/iter"", ""adj cyc/op"", ""sink""]","[""ncrisc"", ""xori_dep8"", ""110023"", ""11.002"", ""1.000"", ""0x12345679""]"
boop-docs/microbenching/timing-reference/evidence/historical/riscv-core-microbench.md,189,Run 2026-06-06T20:36:49-04:00,"[""role"", ""test"", ""cycles"", ""cyc/iter"", ""adj cyc/op"", ""sink""]","[""ncrisc"", ""ori_dep8"", ""110023"", ""11.002"", ""1.000"", ""0x1234577b""]"
boop-docs/microbenching/timing-reference/evidence/historical/riscv-core-microbench.md,190,Run 2026-06-06T20:36:49-04:00,"[""role"", ""test"", ""cycles"", ""cyc/iter"", ""adj cyc/op"", ""sink""]","[""ncrisc"", ""andi_dep8"", ""110023"", ""11.002"", ""1.000"", ""0x00000679""]"
boop-docs/microbenching/timing-reference/evidence/historical/riscv-core-microbench.md,191,Run 2026-06-06T20:36:49-04:00,"[""role"", ""test"", ""cycles"", ""cyc/iter"", ""adj cyc/op"", ""sink""]","[""ncrisc"", ""sltiu_dep8"", ""110023"", ""11.002"", ""1.000"", ""0x00000001""]"
boop-docs/microbenching/timing-reference/evidence/historical/riscv-core-microbench.md,192,Run 2026-06-06T20:36:49-04:00,"[""role"", ""test"", ""cycles"", ""cyc/iter"", ""adj cyc/op"", ""sink""]","[""ncrisc"", ""slli_dep8"", ""110026"", ""11.003"", ""1.000"", ""0x00000000""]"
boop-docs/microbenching/timing-reference/evidence/historical/riscv-core-microbench.md,193,Run 2026-06-06T20:36:49-04:00,"[""role"", ""test"", ""cycles"", ""cyc/iter"", ""adj cyc/op"", ""sink""]","[""ncrisc"", ""srli_dep8"", ""110023"", ""11.002"", ""1.000"", ""0x00000000""]"
boop-docs/microbenching/timing-reference/evidence/historical/riscv-core-microbench.md,194,Run 2026-06-06T20:36:49-04:00,"[""role"", ""test"", ""cycles"", ""cyc/iter"", ""adj cyc/op"", ""sink""]","[""ncrisc"", ""srai_dep8"", ""110023"", ""11.002"", ""1.000"", ""0x00000000""]"
boop-docs/microbenching/timing-reference/evidence/historical/riscv-core-microbench.md,195,Run 2026-06-06T20:36:49-04:00,"[""role"", ""test"", ""cycles"", ""cyc/iter"", ""adj cyc/op"", ""sink""]","[""ncrisc"", ""ctz_dep4"", ""70023"", ""7.002"", ""1.000"", ""0x00000000""]"
boop-docs/microbenching/timing-reference/evidence/historical/riscv-core-microbench.md,196,Run 2026-06-06T20:36:49-04:00,"[""role"", ""test"", ""cycles"", ""cyc/iter"", ""adj cyc/op"", ""sink""]","[""ncrisc"", ""sext_b_dep8"", ""110023"", ""11.002"", ""1.000"", ""0x00000079""]"
boop-docs/microbenching/timing-reference/evidence/historical/riscv-core-microbench.md,197,Run 2026-06-06T20:36:49-04:00,"[""role"", ""test"", ""cycles"", ""cyc/iter"", ""adj cyc/op"", ""sink""]","[""ncrisc"", ""sext_h_dep8"", ""110023"", ""11.002"", ""1.000"", ""0x00005679""]"
boop-docs/microbenching/timing-reference/evidence/historical/riscv-core-microbench.md,198,Run 2026-06-06T20:36:49-04:00,"[""role"", ""test"", ""cycles"", ""cyc/iter"", ""adj cyc/op"", ""sink""]","[""ncrisc"", ""zext_h_dep8"", ""110023"", ""11.002"", ""1.000"", ""0x00005679""]"
boop-docs/microbenching/timing-reference/evidence/historical/riscv-core-microbench.md,199,Run 2026-06-06T20:36:49-04:00,"[""role"", ""test"", ""cycles"", ""cyc/iter"", ""adj cyc/op"", ""sink""]","[""ncrisc"", ""add_dep8"", ""110023"", ""11.002"", ""1.000"", ""0x1237fff9""]"
boop-docs/microbenching/timing-reference/evidence/historical/riscv-core-microbench.md,200,Run 2026-06-06T20:36:49-04:00,"[""role"", ""test"", ""cycles"", ""cyc/iter"", ""adj cyc/op"", ""sink""]","[""ncrisc"", ""sub_dep8"", ""110023"", ""11.002"", ""1.000"", ""0x1230acf9""]"
boop-docs/microbenching/timing-reference/evidence/historical/riscv-core-microbench.md,201,Run 2026-06-06T20:36:49-04:00,"[""role"", ""test"", ""cycles"", ""cyc/iter"", ""adj cyc/op"", ""sink""]","[""ncrisc"", ""addi_ind8"", ""110023"", ""11.002"", ""1.000"", ""0x12345679""]"
boop-docs/microbenching/timing-reference/evidence/historical/riscv-core-microbench.md,202,Run 2026-06-06T20:36:49-04:00,"[""role"", ""test"", ""cycles"", ""cyc/iter"", ""adj cyc/op"", ""sink""]","[""ncrisc"", ""xor_dep8"", ""110023"", ""11.002"", ""1.000"", ""0x12345679""]"
boop-docs/microbenching/timing-reference/evidence/historical/riscv-core-microbench.md,203,Run 2026-06-06T20:36:49-04:00,"[""role"", ""test"", ""cycles"", ""cyc/iter"", ""adj cyc/op"", ""sink""]","[""ncrisc"", ""or_dep8"", ""110023"", ""11.002"", ""1.000"", ""0x1234567b""]"
boop-docs/microbenching/timing-reference/evidence/historical/riscv-core-microbench.md,204,Run 2026-06-06T20:36:49-04:00,"[""role"", ""test"", ""cycles"", ""cyc/iter"", ""adj cyc/op"", ""sink""]","[""ncrisc"", ""and_dep8"", ""110026"", ""11.003"", ""1.000"", ""0x00000001""]"
boop-docs/microbenching/timing-reference/evidence/historical/riscv-core-microbench.md,205,Run 2026-06-06T20:36:49-04:00,"[""role"", ""test"", ""cycles"", ""cyc/iter"", ""adj cyc/op"", ""sink""]","[""ncrisc"", ""sll_dep8"", ""110023"", ""11.002"", ""1.000"", ""0x00000000""]"
boop-docs/microbenching/timing-reference/evidence/historical/riscv-core-microbench.md,206,Run 2026-06-06T20:36:49-04:00,"[""role"", ""test"", ""cycles"", ""cyc/iter"", ""adj cyc/op"", ""sink""]","[""ncrisc"", ""srl_dep8"", ""110023"", ""11.002"", ""1.000"", ""0x00000000""]"
boop-docs/microbenching/timing-reference/evidence/historical/riscv-core-microbench.md,207,Run 2026-06-06T20:36:49-04:00,"[""role"", ""test"", ""cycles"", ""cyc/iter"", ""adj cyc/op"", ""sink""]","[""ncrisc"", ""sra_dep8"", ""110023"", ""11.002"", ""1.000"", ""0x00000000""]"
boop-docs/microbenching/timing-reference/evidence/historical/riscv-core-microbench.md,208,Run 2026-06-06T20:36:49-04:00,"[""role"", ""test"", ""cycles"", ""cyc/iter"", ""adj cyc/op"", ""sink""]","[""ncrisc"", ""slt_dep8"", ""110023"", ""11.002"", ""1.000"", ""0x00000001""]"
boop-docs/microbenching/timing-reference/evidence/historical/riscv-core-microbench.md,209,Run 2026-06-06T20:36:49-04:00,"[""role"", ""test"", ""cycles"", ""cyc/iter"", ""adj cyc/op"", ""sink""]","[""ncrisc"", ""sltu_dep8"", ""110023"", ""11.002"", ""1.000"", ""0x00000001""]"
boop-docs/microbenching/timing-reference/evidence/historical/riscv-core-microbench.md,210,Run 2026-06-06T20:36:49-04:00,"[""role"", ""test"", ""cycles"", ""cyc/iter"", ""adj cyc/op"", ""sink""]","[""ncrisc"", ""sh1add_dep8"", ""110023"", ""11.002"", ""1.000"", ""0xfffffffd""]"
boop-docs/microbenching/timing-reference/evidence/historical/riscv-core-microbench.md,211,Run 2026-06-06T20:36:49-04:00,"[""role"", ""test"", ""cycles"", ""cyc/iter"", ""adj cyc/op"", ""sink""]","[""ncrisc"", ""sh2add_dep8"", ""110023"", ""11.002"", ""1.000"", ""0xffffffff""]"
boop-docs/microbenching/timing-reference/evidence/historical/riscv-core-microbench.md,212,Run 2026-06-06T20:36:49-04:00,"[""role"", ""test"", ""cycles"", ""cyc/iter"", ""adj cyc/op"", ""sink""]","[""ncrisc"", ""sh3add_dep8"", ""110023"", ""11.002"", ""1.000"", ""0xdb6db6db""]"
boop-docs/microbenching/timing-reference/evidence/historical/riscv-core-microbench.md,213,Run 2026-06-06T20:36:49-04:00,"[""role"", ""test"", ""cycles"", ""cyc/iter"", ""adj cyc/op"", ""sink""]","[""ncrisc"", ""min_dep8"", ""110023"", ""11.002"", ""1.000"", ""0x00000003""]"
boop-docs/microbenching/timing-reference/evidence/historical/riscv-core-microbench.md,214,Run 2026-06-06T20:36:49-04:00,"[""role"", ""test"", ""cycles"", ""cyc/iter"", ""adj cyc/op"", ""sink""]","[""ncrisc"", ""minu_dep8"", ""110023"", ""11.002"", ""1.000"", ""0x00000003""]"
boop-docs/microbenching/timing-reference/evidence/historical/riscv-core-microbench.md,215,Run 2026-06-06T20:36:49-04:00,"[""role"", ""test"", ""cycles"", ""cyc/iter"", ""adj cyc/op"", ""sink""]","[""ncrisc"", ""maxu_dep8"", ""110023"", ""11.002"", ""1.000"", ""0x12345679""]"
boop-docs/microbenching/timing-reference/evidence/historical/riscv-core-microbench.md,216,Run 2026-06-06T20:36:49-04:00,"[""role"", ""test"", ""cycles"", ""cyc/iter"", ""adj cyc/op"", ""sink""]","[""ncrisc"", ""add_ind8"", ""110023"", ""11.002"", ""1.000"", ""0x12345679""]"
boop-docs/microbenching/timing-reference/evidence/historical/riscv-core-microbench.md,217,Run 2026-06-06T20:36:49-04:00,"[""role"", ""test"", ""cycles"", ""cyc/iter"", ""adj cyc/op"", ""sink""]","[""ncrisc"", ""xor_ind8"", ""110023"", ""11.002"", ""1.000"", ""0x12345679""]"
boop-docs/microbenching/timing-reference/evidence/historical/riscv-core-microbench.md,218,Run 2026-06-06T20:36:49-04:00,"[""role"", ""test"", ""cycles"", ""cyc/iter"", ""adj cyc/op"", ""sink""]","[""ncrisc"", ""mul_dep4"", ""100024"", ""10.002"", ""1.750"", ""0x4150db79""]"
boop-docs/microbenching/timing-reference/evidence/historical/riscv-core-microbench.md,219,Run 2026-06-06T20:36:49-04:00,"[""role"", ""test"", ""cycles"", ""cyc/iter"", ""adj cyc/op"", ""sink""]","[""ncrisc"", ""mulhu_dep4"", ""100024"", ""10.002"", ""1.750"", ""0x00000000""]"
boop-docs/microbenching/timing-reference/evidence/historical/riscv-core-microbench.md,220,Run 2026-06-06T20:36:49-04:00,"[""role"", ""test"", ""cycles"", ""cyc/iter"", ""adj cyc/op"", ""sink""]","[""ncrisc"", ""mul_ind4"", ""70023"", ""7.002"", ""1.000"", ""0x12345679""]"
boop-docs/microbenching/timing-reference/evidence/historical/riscv-core-microbench.md,221,Run 2026-06-06T20:36:49-04:00,"[""role"", ""test"", ""cycles"", ""cyc/iter"", ""adj cyc/op"", ""sink""]","[""ncrisc"", ""divu_dep1"", ""90256"", ""9.026"", ""6.023"", ""0x00000000""]"
boop-docs/microbenching/timing-reference/evidence/historical/riscv-core-microbench.md,222,Run 2026-06-06T20:36:49-04:00,"[""role"", ""test"", ""cycles"", ""cyc/iter"", ""adj cyc/op"", ""sink""]","[""ncrisc"", ""remu_dep1"", ""90052"", ""9.005"", ""6.003"", ""0x00000001""]"
boop-docs/microbenching/timing-reference/evidence/historical/riscv-core-microbench.md,223,Run 2026-06-06T20:36:49-04:00,"[""role"", ""test"", ""cycles"", ""cyc/iter"", ""adj cyc/op"", ""sink""]","[""ncrisc"", ""branch_taken1"", ""40027"", ""4.003"", ""1.000"", ""0x12345679""]"
boop-docs/microbenching/timing-reference/evidence/historical/riscv-core-microbench.md,224,Run 2026-06-06T20:36:49-04:00,"[""role"", ""test"", ""cycles"", ""cyc/iter"", ""adj cyc/op"", ""sink""]","[""ncrisc"", ""branch_not_taken1"", ""40024"", ""4.002"", ""1.000"", ""0x12345679""]"
boop-docs/microbenching/timing-reference/evidence/historical/riscv-core-microbench.md,225,Run 2026-06-06T20:36:49-04:00,"[""role"", ""test"", ""cycles"", ""cyc/iter"", ""adj cyc/op"", ""sink""]","[""ncrisc"", ""jal1"", ""40027"", ""4.003"", ""1.000"", ""0x12345679""]"
boop-docs/microbenching/timing-reference/evidence/historical/riscv-core-microbench.md,226,Run 2026-06-06T20:36:49-04:00,"[""role"", ""test"", ""cycles"", ""cyc/iter"", ""adj cyc/op"", ""sink""]","[""ncrisc"", ""fence1"", ""70025"", ""7.003"", ""4.000"", ""0x12345679""]"
boop-docs/microbenching/timing-reference/evidence/historical/riscv-core-microbench.md,227,Run 2026-06-06T20:36:49-04:00,"[""role"", ""test"", ""cycles"", ""cyc/iter"", ""adj cyc/op"", ""sink""]","[""ncrisc"", ""load_l1_dep1"", ""81679"", ""8.168"", ""5.165"", ""0x12345679""]"
boop-docs/microbenching/timing-reference/evidence/historical/riscv-core-microbench.md,228,Run 2026-06-06T20:36:49-04:00,"[""role"", ""test"", ""cycles"", ""cyc/iter"", ""adj cyc/op"", ""sink""]","[""ncrisc"", ""store_l1_4"", ""70023"", ""7.002"", ""1.000"", ""0x12345679""]"
boop-docs/microbenching/timing-reference/evidence/historical/riscv-core-microbench.md,229,Run 2026-06-06T20:36:49-04:00,"[""role"", ""test"", ""cycles"", ""cyc/iter"", ""adj cyc/op"", ""sink""]","[""trisc0"", ""empty"", ""30023"", ""3.002"", """", ""0x12345679""]"
boop-docs/microbenching/timing-reference/evidence/historical/riscv-core-microbench.md,230,Run 2026-06-06T20:36:49-04:00,"[""role"", ""test"", ""cycles"", ""cyc/iter"", ""adj cyc/op"", ""sink""]","[""trisc0"", ""nop8"", ""110023"", ""11.002"", ""1.000"", ""0x12345679""]"
boop-docs/microbenching/timing-reference/evidence/historical/riscv-core-microbench.md,231,Run 2026-06-06T20:36:49-04:00,"[""role"", ""test"", ""cycles"", ""cyc/iter"", ""adj cyc/op"", ""sink""]","[""trisc0"", ""lui8"", ""110023"", ""11.002"", ""1.000"", ""0x12345679""]"
boop-docs/microbenching/timing-reference/evidence/historical/riscv-core-microbench.md,232,Run 2026-06-06T20:36:49-04:00,"[""role"", ""test"", ""cycles"", ""cyc/iter"", ""adj cyc/op"", ""sink""]","[""trisc0"", ""auipc8"", ""110023"", ""11.002"", ""1.000"", ""0x12345679""]"
boop-docs/microbenching/timing-reference/evidence/historical/riscv-core-microbench.md,233,Run 2026-06-06T20:36:49-04:00,"[""role"", ""test"", ""cycles"", ""cyc/iter"", ""adj cyc/op"", ""sink""]","[""trisc0"", ""addi_dep8"", ""110023"", ""11.002"", ""1.000"", ""0x12358ef9""]"
boop-docs/microbenching/timing-reference/evidence/historical/riscv-core-microbench.md,234,Run 2026-06-06T20:36:49-04:00,"[""role"", ""test"", ""cycles"", ""cyc/iter"", ""adj cyc/op"", ""sink""]","[""trisc0"", ""xori_dep8"", ""110023"", ""11.002"", ""1.000"", ""0x12345679""]"
boop-docs/microbenching/timing-reference/evidence/historical/riscv-core-microbench.md,235,Run 2026-06-06T20:36:49-04:00,"[""role"", ""test"", ""cycles"", ""cyc/iter"", ""adj cyc/op"", ""sink""]","[""trisc0"", ""ori_dep8"", ""110023"", ""11.002"", ""1.000"", ""0x1234577b""]"
boop-docs/microbenching/timing-reference/evidence/historical/riscv-core-microbench.md,236,Run 2026-06-06T20:36:49-04:00,"[""role"", ""test"", ""cycles"", ""cyc/iter"", ""adj cyc/op"", ""sink""]","[""trisc0"", ""andi_dep8"", ""110023"", ""11.002"", ""1.000"", ""0x00000679""]"
boop-docs/microbenching/timing-reference/evidence/historical/riscv-core-microbench.md,237,Run 2026-06-06T20:36:49-04:00,"[""role"", ""test"", ""cycles"", ""cyc/iter"", ""adj cyc/op"", ""sink""]","[""trisc0"", ""sltiu_dep8"", ""110023"", ""11.002"", ""1.000"", ""0x00000001""]"
boop-docs/microbenching/timing-reference/evidence/historical/riscv-core-microbench.md,238,Run 2026-06-06T20:36:49-04:00,"[""role"", ""test"", ""cycles"", ""cyc/iter"", ""adj cyc/op"", ""sink""]","[""trisc0"", ""slli_dep8"", ""110023"", ""11.002"", ""1.000"", ""0x00000000""]"
boop-docs/microbenching/timing-reference/evidence/historical/riscv-core-microbench.md,239,Run 2026-06-06T20:36:49-04:00,"[""role"", ""test"", ""cycles"", ""cyc/iter"", ""adj cyc/op"", ""sink""]","[""trisc0"", ""srli_dep8"", ""110023"", ""11.002"", ""1.000"", ""0x00000000""]"
boop-docs/microbenching/timing-reference/evidence/historical/riscv-core-microbench.md,240,Run 2026-06-06T20:36:49-04:00,"[""role"", ""test"", ""cycles"", ""cyc/iter"", ""adj cyc/op"", ""sink""]","[""trisc0"", ""srai_dep8"", ""110023"", ""11.002"", ""1.000"", ""0x00000000""]"
boop-docs/microbenching/timing-reference/evidence/historical/riscv-core-microbench.md,241,Run 2026-06-06T20:36:49-04:00,"[""role"", ""test"", ""cycles"", ""cyc/iter"", ""adj cyc/op"", ""sink""]","[""trisc0"", ""ctz_dep4"", ""70023"", ""7.002"", ""1.000"", ""0x00000000""]"
boop-docs/microbenching/timing-reference/evidence/historical/riscv-core-microbench.md,242,Run 2026-06-06T20:36:49-04:00,"[""role"", ""test"", ""cycles"", ""cyc/iter"", ""adj cyc/op"", ""sink""]","[""trisc0"", ""sext_b_dep8"", ""110023"", ""11.002"", ""1.000"", ""0x00000079""]"
boop-docs/microbenching/timing-reference/evidence/historical/riscv-core-microbench.md,243,Run 2026-06-06T20:36:49-04:00,"[""role"", ""test"", ""cycles"", ""cyc/iter"", ""adj cyc/op"", ""sink""]","[""trisc0"", ""sext_h_dep8"", ""110023"", ""11.002"", ""1.000"", ""0x00005679""]"
boop-docs/microbenching/timing-reference/evidence/historical/riscv-core-microbench.md,244,Run 2026-06-06T20:36:49-04:00,"[""role"", ""test"", ""cycles"", ""cyc/iter"", ""adj cyc/op"", ""sink""]","[""trisc0"", ""zext_h_dep8"", ""110023"", ""11.002"", ""1.000"", ""0x00005679""]"
boop-docs/microbenching/timing-reference/evidence/historical/riscv-core-microbench.md,245,Run 2026-06-06T20:36:49-04:00,"[""role"", ""test"", ""cycles"", ""cyc/iter"", ""adj cyc/op"", ""sink""]","[""trisc0"", ""add_dep8"", ""110023"", ""11.002"", ""1.000"", ""0x1237fff9""]"
boop-docs/microbenching/timing-reference/evidence/historical/riscv-core-microbench.md,246,Run 2026-06-06T20:36:49-04:00,"[""role"", ""test"", ""cycles"", ""cyc/iter"", ""adj cyc/op"", ""sink""]","[""trisc0"", ""sub_dep8"", ""110025"", ""11.002"", ""1.000"", ""0x1230acf9""]"
boop-docs/microbenching/timing-reference/evidence/historical/riscv-core-microbench.md,247,Run 2026-06-06T20:36:49-04:00,"[""role"", ""test"", ""cycles"", ""cyc/iter"", ""adj cyc/op"", ""sink""]","[""trisc0"", ""addi_ind8"", ""110023"", ""11.002"", ""1.000"", ""0x12345679""]"
boop-docs/microbenching/timing-reference/evidence/historical/riscv-core-microbench.md,248,Run 2026-06-06T20:36:49-04:00,"[""role"", ""test"", ""cycles"", ""cyc/iter"", ""adj cyc/op"", ""sink""]","[""trisc0"", ""xor_dep8"", ""110023"", ""11.002"", ""1.000"", ""0x12345679""]"
boop-docs/microbenching/timing-reference/evidence/historical/riscv-core-microbench.md,249,Run 2026-06-06T20:36:49-04:00,"[""role"", ""test"", ""cycles"", ""cyc/iter"", ""adj cyc/op"", ""sink""]","[""trisc0"", ""or_dep8"", ""110023"", ""11.002"", ""1.000"", ""0x1234567b""]"
boop-docs/microbenching/timing-reference/evidence/historical/riscv-core-microbench.md,250,Run 2026-06-06T20:36:49-04:00,"[""role"", ""test"", ""cycles"", ""cyc/iter"", ""adj cyc/op"", ""sink""]","[""trisc0"", ""and_dep8"", ""110023"", ""11.002"", ""1.000"", ""0x00000001""]"
boop-docs/microbenching/timing-reference/evidence/historical/riscv-core-microbench.md,251,Run 2026-06-06T20:36:49-04:00,"[""role"", ""test"", ""cycles"", ""cyc/iter"", ""adj cyc/op"", ""sink""]","[""trisc0"", ""sll_dep8"", ""110023"", ""11.002"", ""1.000"", ""0x00000000""]"
boop-docs/microbenching/timing-reference/evidence/historical/riscv-core-microbench.md,252,Run 2026-06-06T20:36:49-04:00,"[""role"", ""test"", ""cycles"", ""cyc/iter"", ""adj cyc/op"", ""sink""]","[""trisc0"", ""srl_dep8"", ""110023"", ""11.002"", ""1.000"", ""0x00000000""]"
boop-docs/microbenching/timing-reference/evidence/historical/riscv-core-microbench.md,253,Run 2026-06-06T20:36:49-04:00,"[""role"", ""test"", ""cycles"", ""cyc/iter"", ""adj cyc/op"", ""sink""]","[""trisc0"", ""sra_dep8"", ""110023"", ""11.002"", ""1.000"", ""0x00000000""]"
boop-docs/microbenching/timing-reference/evidence/historical/riscv-core-microbench.md,254,Run 2026-06-06T20:36:49-04:00,"[""role"", ""test"", ""cycles"", ""cyc/iter"", ""adj cyc/op"", ""sink""]","[""trisc0"", ""slt_dep8"", ""110023"", ""11.002"", ""1.000"", ""0x00000001""]"
boop-docs/microbenching/timing-reference/evidence/historical/riscv-core-microbench.md,255,Run 2026-06-06T20:36:49-04:00,"[""role"", ""test"", ""cycles"", ""cyc/iter"", ""adj cyc/op"", ""sink""]","[""trisc0"", ""sltu_dep8"", ""110023"", ""11.002"", ""1.000"", ""0x00000001""]"
boop-docs/microbenching/timing-reference/evidence/historical/riscv-core-microbench.md,256,Run 2026-06-06T20:36:49-04:00,"[""role"", ""test"", ""cycles"", ""cyc/iter"", ""adj cyc/op"", ""sink""]","[""trisc0"", ""sh1add_dep8"", ""110023"", ""11.002"", ""1.000"", ""0xfffffffd""]"
boop-docs/microbenching/timing-reference/evidence/historical/riscv-core-microbench.md,257,Run 2026-06-06T20:36:49-04:00,"[""role"", ""test"", ""cycles"", ""cyc/iter"", ""adj cyc/op"", ""sink""]","[""trisc0"", ""sh2add_dep8"", ""110023"", ""11.002"", ""1.000"", ""0xffffffff""]"
boop-docs/microbenching/timing-reference/evidence/historical/riscv-core-microbench.md,258,Run 2026-06-06T20:36:49-04:00,"[""role"", ""test"", ""cycles"", ""cyc/iter"", ""adj cyc/op"", ""sink""]","[""trisc0"", ""sh3add_dep8"", ""110023"", ""11.002"", ""1.000"", ""0xdb6db6db""]"
boop-docs/microbenching/timing-reference/evidence/historical/riscv-core-microbench.md,259,Run 2026-06-06T20:36:49-04:00,"[""role"", ""test"", ""cycles"", ""cyc/iter"", ""adj cyc/op"", ""sink""]","[""trisc0"", ""min_dep8"", ""110023"", ""11.002"", ""1.000"", ""0x00000003""]"
boop-docs/microbenching/timing-reference/evidence/historical/riscv-core-microbench.md,260,Run 2026-06-06T20:36:49-04:00,"[""role"", ""test"", ""cycles"", ""cyc/iter"", ""adj cyc/op"", ""sink""]","[""trisc0"", ""minu_dep8"", ""110023"", ""11.002"", ""1.000"", ""0x00000003""]"
boop-docs/microbenching/timing-reference/evidence/historical/riscv-core-microbench.md,261,Run 2026-06-06T20:36:49-04:00,"[""role"", ""test"", ""cycles"", ""cyc/iter"", ""adj cyc/op"", ""sink""]","[""trisc0"", ""maxu_dep8"", ""110023"", ""11.002"", ""1.000"", ""0x12345679""]"
boop-docs/microbenching/timing-reference/evidence/historical/riscv-core-microbench.md,262,Run 2026-06-06T20:36:49-04:00,"[""role"", ""test"", ""cycles"", ""cyc/iter"", ""adj cyc/op"", ""sink""]","[""trisc0"", ""add_ind8"", ""110023"", ""11.002"", ""1.000"", ""0x12345679""]"
boop-docs/microbenching/timing-reference/evidence/historical/riscv-core-microbench.md,263,Run 2026-06-06T20:36:49-04:00,"[""role"", ""test"", ""cycles"", ""cyc/iter"", ""adj cyc/op"", ""sink""]","[""trisc0"", ""xor_ind8"", ""110023"", ""11.002"", ""1.000"", ""0x12345679""]"
boop-docs/microbenching/timing-reference/evidence/historical/riscv-core-microbench.md,264,Run 2026-06-06T20:36:49-04:00,"[""role"", ""test"", ""cycles"", ""cyc/iter"", ""adj cyc/op"", ""sink""]","[""trisc0"", ""mul_dep4"", ""100024"", ""10.002"", ""1.750"", ""0x4150db79""]"
boop-docs/microbenching/timing-reference/evidence/historical/riscv-core-microbench.md,265,Run 2026-06-06T20:36:49-04:00,"[""role"", ""test"", ""cycles"", ""cyc/iter"", ""adj cyc/op"", ""sink""]","[""trisc0"", ""mulhu_dep4"", ""100024"", ""10.002"", ""1.750"", ""0x00000000""]"
boop-docs/microbenching/timing-reference/evidence/historical/riscv-core-microbench.md,266,Run 2026-06-06T20:36:49-04:00,"[""role"", ""test"", ""cycles"", ""cyc/iter"", ""adj cyc/op"", ""sink""]","[""trisc0"", ""mul_ind4"", ""70023"", ""7.002"", ""1.000"", ""0x12345679""]"
boop-docs/microbenching/timing-reference/evidence/historical/riscv-core-microbench.md,267,Run 2026-06-06T20:36:49-04:00,"[""role"", ""test"", ""cycles"", ""cyc/iter"", ""adj cyc/op"", ""sink""]","[""trisc0"", ""divu_dep1"", ""90256"", ""9.026"", ""6.023"", ""0x00000000""]"
boop-docs/microbenching/timing-reference/evidence/historical/riscv-core-microbench.md,268,Run 2026-06-06T20:36:49-04:00,"[""role"", ""test"", ""cycles"", ""cyc/iter"", ""adj cyc/op"", ""sink""]","[""trisc0"", ""remu_dep1"", ""90052"", ""9.005"", ""6.003"", ""0x00000001""]"
boop-docs/microbenching/timing-reference/evidence/historical/riscv-core-microbench.md,269,Run 2026-06-06T20:36:49-04:00,"[""role"", ""test"", ""cycles"", ""cyc/iter"", ""adj cyc/op"", ""sink""]","[""trisc0"", ""branch_taken1"", ""40027"", ""4.003"", ""1.000"", ""0x12345679""]"
boop-docs/microbenching/timing-reference/evidence/historical/riscv-core-microbench.md,270,Run 2026-06-06T20:36:49-04:00,"[""role"", ""test"", ""cycles"", ""cyc/iter"", ""adj cyc/op"", ""sink""]","[""trisc0"", ""branch_not_taken1"", ""40024"", ""4.002"", ""1.000"", ""0x12345679""]"
boop-docs/microbenching/timing-reference/evidence/historical/riscv-core-microbench.md,271,Run 2026-06-06T20:36:49-04:00,"[""role"", ""test"", ""cycles"", ""cyc/iter"", ""adj cyc/op"", ""sink""]","[""trisc0"", ""jal1"", ""40027"", ""4.003"", ""1.000"", ""0x12345679""]"
boop-docs/microbenching/timing-reference/evidence/historical/riscv-core-microbench.md,272,Run 2026-06-06T20:36:49-04:00,"[""role"", ""test"", ""cycles"", ""cyc/iter"", ""adj cyc/op"", ""sink""]","[""trisc0"", ""fence1"", ""70024"", ""7.002"", ""4.000"", ""0x12345679""]"
boop-docs/microbenching/timing-reference/evidence/historical/riscv-core-microbench.md,273,Run 2026-06-06T20:36:49-04:00,"[""role"", ""test"", ""cycles"", ""cyc/iter"", ""adj cyc/op"", ""sink""]","[""trisc0"", ""load_l1_dep1"", ""80020"", ""8.002"", ""5.000"", ""0x12345679""]"
boop-docs/microbenching/timing-reference/evidence/historical/riscv-core-microbench.md,274,Run 2026-06-06T20:36:49-04:00,"[""role"", ""test"", ""cycles"", ""cyc/iter"", ""adj cyc/op"", ""sink""]","[""trisc0"", ""store_l1_4"", ""70023"", ""7.002"", ""1.000"", ""0x12345679""]"
boop-docs/microbenching/timing-reference/evidence/historical/riscv-core-microbench.md,275,Run 2026-06-06T20:36:49-04:00,"[""role"", ""test"", ""cycles"", ""cyc/iter"", ""adj cyc/op"", ""sink""]","[""trisc1"", ""empty"", ""30023"", ""3.002"", """", ""0x12345679""]"
boop-docs/microbenching/timing-reference/evidence/historical/riscv-core-microbench.md,276,Run 2026-06-06T20:36:49-04:00,"[""role"", ""test"", ""cycles"", ""cyc/iter"", ""adj cyc/op"", ""sink""]","[""trisc1"", ""nop8"", ""110023"", ""11.002"", ""1.000"", ""0x12345679""]"
boop-docs/microbenching/timing-reference/evidence/historical/riscv-core-microbench.md,277,Run 2026-06-06T20:36:49-04:00,"[""role"", ""test"", ""cycles"", ""cyc/iter"", ""adj cyc/op"", ""sink""]","[""trisc1"", ""lui8"", ""110023"", ""11.002"", ""1.000"", ""0x12345679""]"
boop-docs/microbenching/timing-reference/evidence/historical/riscv-core-microbench.md,278,Run 2026-06-06T20:36:49-04:00,"[""role"", ""test"", ""cycles"", ""cyc/iter"", ""adj cyc/op"", ""sink""]","[""trisc1"", ""auipc8"", ""110023"", ""11.002"", ""1.000"", ""0x12345679""]"
boop-docs/microbenching/timing-reference/evidence/historical/riscv-core-microbench.md,279,Run 2026-06-06T20:36:49-04:00,"[""role"", ""test"", ""cycles"", ""cyc/iter"", ""adj cyc/op"", ""sink""]","[""trisc1"", ""addi_dep8"", ""110023"", ""11.002"", ""1.000"", ""0x12358ef9""]"
boop-docs/microbenching/timing-reference/evidence/historical/riscv-core-microbench.md,280,Run 2026-06-06T20:36:49-04:00,"[""role"", ""test"", ""cycles"", ""cyc/iter"", ""adj cyc/op"", ""sink""]","[""trisc1"", ""xori_dep8"", ""110023"", ""11.002"", ""1.000"", ""0x12345679""]"
boop-docs/microbenching/timing-reference/evidence/historical/riscv-core-microbench.md,281,Run 2026-06-06T20:36:49-04:00,"[""role"", ""test"", ""cycles"", ""cyc/iter"", ""adj cyc/op"", ""sink""]","[""trisc1"", ""ori_dep8"", ""110023"", ""11.002"", ""1.000"", ""0x1234577b""]"
boop-docs/microbenching/timing-reference/evidence/historical/riscv-core-microbench.md,282,Run 2026-06-06T20:36:49-04:00,"[""role"", ""test"", ""cycles"", ""cyc/iter"", ""adj cyc/op"", ""sink""]","[""trisc1"", ""andi_dep8"", ""110023"", ""11.002"", ""1.000"", ""0x00000679""]"
boop-docs/microbenching/timing-reference/evidence/historical/riscv-core-microbench.md,283,Run 2026-06-06T20:36:49-04:00,"[""role"", ""test"", ""cycles"", ""cyc/iter"", ""adj cyc/op"", ""sink""]","[""trisc1"", ""sltiu_dep8"", ""110023"", ""11.002"", ""1.000"", ""0x00000001""]"
boop-docs/microbenching/timing-reference/evidence/historical/riscv-core-microbench.md,284,Run 2026-06-06T20:36:49-04:00,"[""role"", ""test"", ""cycles"", ""cyc/iter"", ""adj cyc/op"", ""sink""]","[""trisc1"", ""slli_dep8"", ""110023"", ""11.002"", ""1.000"", ""0x00000000""]"
boop-docs/microbenching/timing-reference/evidence/historical/riscv-core-microbench.md,285,Run 2026-06-06T20:36:49-04:00,"[""role"", ""test"", ""cycles"", ""cyc/iter"", ""adj cyc/op"", ""sink""]","[""trisc1"", ""srli_dep8"", ""110023"", ""11.002"", ""1.000"", ""0x00000000""]"
boop-docs/microbenching/timing-reference/evidence/historical/riscv-core-microbench.md,286,Run 2026-06-06T20:36:49-04:00,"[""role"", ""test"", ""cycles"", ""cyc/iter"", ""adj cyc/op"", ""sink""]","[""trisc1"", ""srai_dep8"", ""110023"", ""11.002"", ""1.000"", ""0x00000000""]"
boop-docs/microbenching/timing-reference/evidence/historical/riscv-core-microbench.md,287,Run 2026-06-06T20:36:49-04:00,"[""role"", ""test"", ""cycles"", ""cyc/iter"", ""adj cyc/op"", ""sink""]","[""trisc1"", ""ctz_dep4"", ""70023"", ""7.002"", ""1.000"", ""0x00000000""]"
boop-docs/microbenching/timing-reference/evidence/historical/riscv-core-microbench.md,288,Run 2026-06-06T20:36:49-04:00,"[""role"", ""test"", ""cycles"", ""cyc/iter"", ""adj cyc/op"", ""sink""]","[""trisc1"", ""sext_b_dep8"", ""110023"", ""11.002"", ""1.000"", ""0x00000079""]"
boop-docs/microbenching/timing-reference/evidence/historical/riscv-core-microbench.md,289,Run 2026-06-06T20:36:49-04:00,"[""role"", ""test"", ""cycles"", ""cyc/iter"", ""adj cyc/op"", ""sink""]","[""trisc1"", ""sext_h_dep8"", ""110023"", ""11.002"", ""1.000"", ""0x00005679""]"
boop-docs/microbenching/timing-reference/evidence/historical/riscv-core-microbench.md,290,Run 2026-06-06T20:36:49-04:00,"[""role"", ""test"", ""cycles"", ""cyc/iter"", ""adj cyc/op"", ""sink""]","[""trisc1"", ""zext_h_dep8"", ""110023"", ""11.002"", ""1.000"", ""0x00005679""]"
boop-docs/microbenching/timing-reference/evidence/historical/riscv-core-microbench.md,291,Run 2026-06-06T20:36:49-04:00,"[""role"", ""test"", ""cycles"", ""cyc/iter"", ""adj cyc/op"", ""sink""]","[""trisc1"", ""add_dep8"", ""110023"", ""11.002"", ""1.000"", ""0x1237fff9""]"
boop-docs/microbenching/timing-reference/evidence/historical/riscv-core-microbench.md,292,Run 2026-06-06T20:36:49-04:00,"[""role"", ""test"", ""cycles"", ""cyc/iter"", ""adj cyc/op"", ""sink""]","[""trisc1"", ""sub_dep8"", ""110023"", ""11.002"", ""1.000"", ""0x1230acf9""]"
boop-docs/microbenching/timing-reference/evidence/historical/riscv-core-microbench.md,293,Run 2026-06-06T20:36:49-04:00,"[""role"", ""test"", ""cycles"", ""cyc/iter"", ""adj cyc/op"", ""sink""]","[""trisc1"", ""addi_ind8"", ""110023"", ""11.002"", ""1.000"", ""0x12345679""]"
boop-docs/microbenching/timing-reference/evidence/historical/riscv-core-microbench.md,294,Run 2026-06-06T20:36:49-04:00,"[""role"", ""test"", ""cycles"", ""cyc/iter"", ""adj cyc/op"", ""sink""]","[""trisc1"", ""xor_dep8"", ""110023"", ""11.002"", ""1.000"", ""0x12345679""]"
boop-docs/microbenching/timing-reference/evidence/historical/riscv-core-microbench.md,295,Run 2026-06-06T20:36:49-04:00,"[""role"", ""test"", ""cycles"", ""cyc/iter"", ""adj cyc/op"", ""sink""]","[""trisc1"", ""or_dep8"", ""110023"", ""11.002"", ""1.000"", ""0x1234567b""]"
boop-docs/microbenching/timing-reference/evidence/historical/riscv-core-microbench.md,296,Run 2026-06-06T20:36:49-04:00,"[""role"", ""test"", ""cycles"", ""cyc/iter"", ""adj cyc/op"", ""sink""]","[""trisc1"", ""and_dep8"", ""110023"", ""11.002"", ""1.000"", ""0x00000001""]"
boop-docs/microbenching/timing-reference/evidence/historical/riscv-core-microbench.md,297,Run 2026-06-06T20:36:49-04:00,"[""role"", ""test"", ""cycles"", ""cyc/iter"", ""adj cyc/op"", ""sink""]","[""trisc1"", ""sll_dep8"", ""110023"", ""11.002"", ""1.000"", ""0x00000000""]"
boop-docs/microbenching/timing-reference/evidence/historical/riscv-core-microbench.md,298,Run 2026-06-06T20:36:49-04:00,"[""role"", ""test"", ""cycles"", ""cyc/iter"", ""adj cyc/op"", ""sink""]","[""trisc1"", ""srl_dep8"", ""110023"", ""11.002"", ""1.000"", ""0x00000000""]"
boop-docs/microbenching/timing-reference/evidence/historical/riscv-core-microbench.md,299,Run 2026-06-06T20:36:49-04:00,"[""role"", ""test"", ""cycles"", ""cyc/iter"", ""adj cyc/op"", ""sink""]","[""trisc1"", ""sra_dep8"", ""110023"", ""11.002"", ""1.000"", ""0x00000000""]"
boop-docs/microbenching/timing-reference/evidence/historical/riscv-core-microbench.md,300,Run 2026-06-06T20:36:49-04:00,"[""role"", ""test"", ""cycles"", ""cyc/iter"", ""adj cyc/op"", ""sink""]","[""trisc1"", ""slt_dep8"", ""110023"", ""11.002"", ""1.000"", ""0x00000001""]"
boop-docs/microbenching/timing-reference/evidence/historical/riscv-core-microbench.md,301,Run 2026-06-06T20:36:49-04:00,"[""role"", ""test"", ""cycles"", ""cyc/iter"", ""adj cyc/op"", ""sink""]","[""trisc1"", ""sltu_dep8"", ""110023"", ""11.002"", ""1.000"", ""0x00000001""]"
boop-docs/microbenching/timing-reference/evidence/historical/riscv-core-microbench.md,302,Run 2026-06-06T20:36:49-04:00,"[""role"", ""test"", ""cycles"", ""cyc/iter"", ""adj cyc/op"", ""sink""]","[""trisc1"", ""sh1add_dep8"", ""110023"", ""11.002"", ""1.000"", ""0xfffffffd""]"
boop-docs/microbenching/timing-reference/evidence/historical/riscv-core-microbench.md,303,Run 2026-06-06T20:36:49-04:00,"[""role"", ""test"", ""cycles"", ""cyc/iter"", ""adj cyc/op"", ""sink""]","[""trisc1"", ""sh2add_dep8"", ""110023"", ""11.002"", ""1.000"", ""0xffffffff""]"
boop-docs/microbenching/timing-reference/evidence/historical/riscv-core-microbench.md,304,Run 2026-06-06T20:36:49-04:00,"[""role"", ""test"", ""cycles"", ""cyc/iter"", ""adj cyc/op"", ""sink""]","[""trisc1"", ""sh3add_dep8"", ""110023"", ""11.002"", ""1.000"", ""0xdb6db6db""]"
boop-docs/microbenching/timing-reference/evidence/historical/riscv-core-microbench.md,305,Run 2026-06-06T20:36:49-04:00,"[""role"", ""test"", ""cycles"", ""cyc/iter"", ""adj cyc/op"", ""sink""]","[""trisc1"", ""min_dep8"", ""110023"", ""11.002"", ""1.000"", ""0x00000003""]"
boop-docs/microbenching/timing-reference/evidence/historical/riscv-core-microbench.md,306,Run 2026-06-06T20:36:49-04:00,"[""role"", ""test"", ""cycles"", ""cyc/iter"", ""adj cyc/op"", ""sink""]","[""trisc1"", ""minu_dep8"", ""110023"", ""11.002"", ""1.000"", ""0x00000003""]"
boop-docs/microbenching/timing-reference/evidence/historical/riscv-core-microbench.md,307,Run 2026-06-06T20:36:49-04:00,"[""role"", ""test"", ""cycles"", ""cyc/iter"", ""adj cyc/op"", ""sink""]","[""trisc1"", ""maxu_dep8"", ""110023"", ""11.002"", ""1.000"", ""0x12345679""]"
boop-docs/microbenching/timing-reference/evidence/historical/riscv-core-microbench.md,308,Run 2026-06-06T20:36:49-04:00,"[""role"", ""test"", ""cycles"", ""cyc/iter"", ""adj cyc/op"", ""sink""]","[""trisc1"", ""add_ind8"", ""110023"", ""11.002"", ""1.000"", ""0x12345679""]"
boop-docs/microbenching/timing-reference/evidence/historical/riscv-core-microbench.md,309,Run 2026-06-06T20:36:49-04:00,"[""role"", ""test"", ""cycles"", ""cyc/iter"", ""adj cyc/op"", ""sink""]","[""trisc1"", ""xor_ind8"", ""110023"", ""11.002"", ""1.000"", ""0x12345679""]"
boop-docs/microbenching/timing-reference/evidence/historical/riscv-core-microbench.md,310,Run 2026-06-06T20:36:49-04:00,"[""role"", ""test"", ""cycles"", ""cyc/iter"", ""adj cyc/op"", ""sink""]","[""trisc1"", ""mul_dep4"", ""100024"", ""10.002"", ""1.750"", ""0x4150db79""]"
boop-docs/microbenching/timing-reference/evidence/historical/riscv-core-microbench.md,311,Run 2026-06-06T20:36:49-04:00,"[""role"", ""test"", ""cycles"", ""cyc/iter"", ""adj cyc/op"", ""sink""]","[""trisc1"", ""mulhu_dep4"", ""100025"", ""10.002"", ""1.750"", ""0x00000000""]"
boop-docs/microbenching/timing-reference/evidence/historical/riscv-core-microbench.md,312,Run 2026-06-06T20:36:49-04:00,"[""role"", ""test"", ""cycles"", ""cyc/iter"", ""adj cyc/op"", ""sink""]","[""trisc1"", ""mul_ind4"", ""70023"", ""7.002"", ""1.000"", ""0x12345679""]"
boop-docs/microbenching/timing-reference/evidence/historical/riscv-core-microbench.md,313,Run 2026-06-06T20:36:49-04:00,"[""role"", ""test"", ""cycles"", ""cyc/iter"", ""adj cyc/op"", ""sink""]","[""trisc1"", ""divu_dep1"", ""90256"", ""9.026"", ""6.023"", ""0x00000000""]"
boop-docs/microbenching/timing-reference/evidence/historical/riscv-core-microbench.md,314,Run 2026-06-06T20:36:49-04:00,"[""role"", ""test"", ""cycles"", ""cyc/iter"", ""adj cyc/op"", ""sink""]","[""trisc1"", ""remu_dep1"", ""90052"", ""9.005"", ""6.003"", ""0x00000001""]"
boop-docs/microbenching/timing-reference/evidence/historical/riscv-core-microbench.md,315,Run 2026-06-06T20:36:49-04:00,"[""role"", ""test"", ""cycles"", ""cyc/iter"", ""adj cyc/op"", ""sink""]","[""trisc1"", ""branch_taken1"", ""40027"", ""4.003"", ""1.000"", ""0x12345679""]"
boop-docs/microbenching/timing-reference/evidence/historical/riscv-core-microbench.md,316,Run 2026-06-06T20:36:49-04:00,"[""role"", ""test"", ""cycles"", ""cyc/iter"", ""adj cyc/op"", ""sink""]","[""trisc1"", ""branch_not_taken1"", ""40024"", ""4.002"", ""1.000"", ""0x12345679""]"
boop-docs/microbenching/timing-reference/evidence/historical/riscv-core-microbench.md,317,Run 2026-06-06T20:36:49-04:00,"[""role"", ""test"", ""cycles"", ""cyc/iter"", ""adj cyc/op"", ""sink""]","[""trisc1"", ""jal1"", ""40027"", ""4.003"", ""1.000"", ""0x12345679""]"
boop-docs/microbenching/timing-reference/evidence/historical/riscv-core-microbench.md,318,Run 2026-06-06T20:36:49-04:00,"[""role"", ""test"", ""cycles"", ""cyc/iter"", ""adj cyc/op"", ""sink""]","[""trisc1"", ""fence1"", ""70024"", ""7.002"", ""4.000"", ""0x12345679""]"
boop-docs/microbenching/timing-reference/evidence/historical/riscv-core-microbench.md,319,Run 2026-06-06T20:36:49-04:00,"[""role"", ""test"", ""cycles"", ""cyc/iter"", ""adj cyc/op"", ""sink""]","[""trisc1"", ""load_l1_dep1"", ""80018"", ""8.002"", ""5.000"", ""0x12345679""]"
boop-docs/microbenching/timing-reference/evidence/historical/riscv-core-microbench.md,320,Run 2026-06-06T20:36:49-04:00,"[""role"", ""test"", ""cycles"", ""cyc/iter"", ""adj cyc/op"", ""sink""]","[""trisc1"", ""store_l1_4"", ""70023"", ""7.002"", ""1.000"", ""0x12345679""]"
boop-docs/microbenching/timing-reference/evidence/historical/riscv-core-microbench.md,321,Run 2026-06-06T20:36:49-04:00,"[""role"", ""test"", ""cycles"", ""cyc/iter"", ""adj cyc/op"", ""sink""]","[""trisc2"", ""empty"", ""30023"", ""3.002"", """", ""0x12345679""]"
boop-docs/microbenching/timing-reference/evidence/historical/riscv-core-microbench.md,322,Run 2026-06-06T20:36:49-04:00,"[""role"", ""test"", ""cycles"", ""cyc/iter"", ""adj cyc/op"", ""sink""]","[""trisc2"", ""nop8"", ""110023"", ""11.002"", ""1.000"", ""0x12345679""]"
boop-docs/microbenching/timing-reference/evidence/historical/riscv-core-microbench.md,323,Run 2026-06-06T20:36:49-04:00,"[""role"", ""test"", ""cycles"", ""cyc/iter"", ""adj cyc/op"", ""sink""]","[""trisc2"", ""lui8"", ""110023"", ""11.002"", ""1.000"", ""0x12345679""]"
boop-docs/microbenching/timing-reference/evidence/historical/riscv-core-microbench.md,324,Run 2026-06-06T20:36:49-04:00,"[""role"", ""test"", ""cycles"", ""cyc/iter"", ""adj cyc/op"", ""sink""]","[""trisc2"", ""auipc8"", ""110023"", ""11.002"", ""1.000"", ""0x12345679""]"
boop-docs/microbenching/timing-reference/evidence/historical/riscv-core-microbench.md,325,Run 2026-06-06T20:36:49-04:00,"[""role"", ""test"", ""cycles"", ""cyc/iter"", ""adj cyc/op"", ""sink""]","[""trisc2"", ""addi_dep8"", ""110023"", ""11.002"", ""1.000"", ""0x12358ef9""]"
boop-docs/microbenching/timing-reference/evidence/historical/riscv-core-microbench.md,326,Run 2026-06-06T20:36:49-04:00,"[""role"", ""test"", ""cycles"", ""cyc/iter"", ""adj cyc/op"", ""sink""]","[""trisc2"", ""xori_dep8"", ""110023"", ""11.002"", ""1.000"", ""0x12345679""]"
boop-docs/microbenching/timing-reference/evidence/historical/riscv-core-microbench.md,327,Run 2026-06-06T20:36:49-04:00,"[""role"", ""test"", ""cycles"", ""cyc/iter"", ""adj cyc/op"", ""sink""]","[""trisc2"", ""ori_dep8"", ""110023"", ""11.002"", ""1.000"", ""0x1234577b""]"
boop-docs/microbenching/timing-reference/evidence/historical/riscv-core-microbench.md,328,Run 2026-06-06T20:36:49-04:00,"[""role"", ""test"", ""cycles"", ""cyc/iter"", ""adj cyc/op"", ""sink""]","[""trisc2"", ""andi_dep8"", ""110023"", ""11.002"", ""1.000"", ""0x00000679""]"
boop-docs/microbenching/timing-reference/evidence/historical/riscv-core-microbench.md,329,Run 2026-06-06T20:36:49-04:00,"[""role"", ""test"", ""cycles"", ""cyc/iter"", ""adj cyc/op"", ""sink""]","[""trisc2"", ""sltiu_dep8"", ""110023"", ""11.002"", ""1.000"", ""0x00000001""]"
boop-docs/microbenching/timing-reference/evidence/historical/riscv-core-microbench.md,330,Run 2026-06-06T20:36:49-04:00,"[""role"", ""test"", ""cycles"", ""cyc/iter"", ""adj cyc/op"", ""sink""]","[""trisc2"", ""slli_dep8"", ""110023"", ""11.002"", ""1.000"", ""0x00000000""]"
boop-docs/microbenching/timing-reference/evidence/historical/riscv-core-microbench.md,331,Run 2026-06-06T20:36:49-04:00,"[""role"", ""test"", ""cycles"", ""cyc/iter"", ""adj cyc/op"", ""sink""]","[""trisc2"", ""srli_dep8"", ""110023"", ""11.002"", ""1.000"", ""0x00000000""]"
boop-docs/microbenching/timing-reference/evidence/historical/riscv-core-microbench.md,332,Run 2026-06-06T20:36:49-04:00,"[""role"", ""test"", ""cycles"", ""cyc/iter"", ""adj cyc/op"", ""sink""]","[""trisc2"", ""srai_dep8"", ""110023"", ""11.002"", ""1.000"", ""0x00000000""]"
boop-docs/microbenching/timing-reference/evidence/historical/riscv-core-microbench.md,333,Run 2026-06-06T20:36:49-04:00,"[""role"", ""test"", ""cycles"", ""cyc/iter"", ""adj cyc/op"", ""sink""]","[""trisc2"", ""ctz_dep4"", ""70023"", ""7.002"", ""1.000"", ""0x00000000""]"
boop-docs/microbenching/timing-reference/evidence/historical/riscv-core-microbench.md,334,Run 2026-06-06T20:36:49-04:00,"[""role"", ""test"", ""cycles"", ""cyc/iter"", ""adj cyc/op"", ""sink""]","[""trisc2"", ""sext_b_dep8"", ""110023"", ""11.002"", ""1.000"", ""0x00000079""]"
boop-docs/microbenching/timing-reference/evidence/historical/riscv-core-microbench.md,335,Run 2026-06-06T20:36:49-04:00,"[""role"", ""test"", ""cycles"", ""cyc/iter"", ""adj cyc/op"", ""sink""]","[""trisc2"", ""sext_h_dep8"", ""110023"", ""11.002"", ""1.000"", ""0x00005679""]"
boop-docs/microbenching/timing-reference/evidence/historical/riscv-core-microbench.md,336,Run 2026-06-06T20:36:49-04:00,"[""role"", ""test"", ""cycles"", ""cyc/iter"", ""adj cyc/op"", ""sink""]","[""trisc2"", ""zext_h_dep8"", ""110023"", ""11.002"", ""1.000"", ""0x00005679""]"
boop-docs/microbenching/timing-reference/evidence/historical/riscv-core-microbench.md,337,Run 2026-06-06T20:36:49-04:00,"[""role"", ""test"", ""cycles"", ""cyc/iter"", ""adj cyc/op"", ""sink""]","[""trisc2"", ""add_dep8"", ""110023"", ""11.002"", ""1.000"", ""0x1237fff9""]"
boop-docs/microbenching/timing-reference/evidence/historical/riscv-core-microbench.md,338,Run 2026-06-06T20:36:49-04:00,"[""role"", ""test"", ""cycles"", ""cyc/iter"", ""adj cyc/op"", ""sink""]","[""trisc2"", ""sub_dep8"", ""110023"", ""11.002"", ""1.000"", ""0x1230acf9""]"
boop-docs/microbenching/timing-reference/evidence/historical/riscv-core-microbench.md,339,Run 2026-06-06T20:36:49-04:00,"[""role"", ""test"", ""cycles"", ""cyc/iter"", ""adj cyc/op"", ""sink""]","[""trisc2"", ""addi_ind8"", ""110023"", ""11.002"", ""1.000"", ""0x12345679""]"
boop-docs/microbenching/timing-reference/evidence/historical/riscv-core-microbench.md,340,Run 2026-06-06T20:36:49-04:00,"[""role"", ""test"", ""cycles"", ""cyc/iter"", ""adj cyc/op"", ""sink""]","[""trisc2"", ""xor_dep8"", ""110023"", ""11.002"", ""1.000"", ""0x12345679""]"
boop-docs/microbenching/timing-reference/evidence/historical/riscv-core-microbench.md,341,Run 2026-06-06T20:36:49-04:00,"[""role"", ""test"", ""cycles"", ""cyc/iter"", ""adj cyc/op"", ""sink""]","[""trisc2"", ""or_dep8"", ""110023"", ""11.002"", ""1.000"", ""0x1234567b""]"
boop-docs/microbenching/timing-reference/evidence/historical/riscv-core-microbench.md,342,Run 2026-06-06T20:36:49-04:00,"[""role"", ""test"", ""cycles"", ""cyc/iter"", ""adj cyc/op"", ""sink""]","[""trisc2"", ""and_dep8"", ""110023"", ""11.002"", ""1.000"", ""0x00000001""]"
boop-docs/microbenching/timing-reference/evidence/historical/riscv-core-microbench.md,343,Run 2026-06-06T20:36:49-04:00,"[""role"", ""test"", ""cycles"", ""cyc/iter"", ""adj cyc/op"", ""sink""]","[""trisc2"", ""sll_dep8"", ""110023"", ""11.002"", ""1.000"", ""0x00000000""]"
boop-docs/microbenching/timing-reference/evidence/historical/riscv-core-microbench.md,344,Run 2026-06-06T20:36:49-04:00,"[""role"", ""test"", ""cycles"", ""cyc/iter"", ""adj cyc/op"", ""sink""]","[""trisc2"", ""srl_dep8"", ""110023"", ""11.002"", ""1.000"", ""0x00000000""]"
boop-docs/microbenching/timing-reference/evidence/historical/riscv-core-microbench.md,345,Run 2026-06-06T20:36:49-04:00,"[""role"", ""test"", ""cycles"", ""cyc/iter"", ""adj cyc/op"", ""sink""]","[""trisc2"", ""sra_dep8"", ""110023"", ""11.002"", ""1.000"", ""0x00000000""]"
boop-docs/microbenching/timing-reference/evidence/historical/riscv-core-microbench.md,346,Run 2026-06-06T20:36:49-04:00,"[""role"", ""test"", ""cycles"", ""cyc/iter"", ""adj cyc/op"", ""sink""]","[""trisc2"", ""slt_dep8"", ""110023"", ""11.002"", ""1.000"", ""0x00000001""]"
boop-docs/microbenching/timing-reference/evidence/historical/riscv-core-microbench.md,347,Run 2026-06-06T20:36:49-04:00,"[""role"", ""test"", ""cycles"", ""cyc/iter"", ""adj cyc/op"", ""sink""]","[""trisc2"", ""sltu_dep8"", ""110023"", ""11.002"", ""1.000"", ""0x00000001""]"
boop-docs/microbenching/timing-reference/evidence/historical/riscv-core-microbench.md,348,Run 2026-06-06T20:36:49-04:00,"[""role"", ""test"", ""cycles"", ""cyc/iter"", ""adj cyc/op"", ""sink""]","[""trisc2"", ""sh1add_dep8"", ""110023"", ""11.002"", ""1.000"", ""0xfffffffd""]"
boop-docs/microbenching/timing-reference/evidence/historical/riscv-core-microbench.md,349,Run 2026-06-06T20:36:49-04:00,"[""role"", ""test"", ""cycles"", ""cyc/iter"", ""adj cyc/op"", ""sink""]","[""trisc2"", ""sh2add_dep8"", ""110023"", ""11.002"", ""1.000"", ""0xffffffff""]"
boop-docs/microbenching/timing-reference/evidence/historical/riscv-core-microbench.md,350,Run 2026-06-06T20:36:49-04:00,"[""role"", ""test"", ""cycles"", ""cyc/iter"", ""adj cyc/op"", ""sink""]","[""trisc2"", ""sh3add_dep8"", ""110023"", ""11.002"", ""1.000"", ""0xdb6db6db""]"
boop-docs/microbenching/timing-reference/evidence/historical/riscv-core-microbench.md,351,Run 2026-06-06T20:36:49-04:00,"[""role"", ""test"", ""cycles"", ""cyc/iter"", ""adj cyc/op"", ""sink""]","[""trisc2"", ""min_dep8"", ""110023"", ""11.002"", ""1.000"", ""0x00000003""]"
boop-docs/microbenching/timing-reference/evidence/historical/riscv-core-microbench.md,352,Run 2026-06-06T20:36:49-04:00,"[""role"", ""test"", ""cycles"", ""cyc/iter"", ""adj cyc/op"", ""sink""]","[""trisc2"", ""minu_dep8"", ""110023"", ""11.002"", ""1.000"", ""0x00000003""]"
boop-docs/microbenching/timing-reference/evidence/historical/riscv-core-microbench.md,353,Run 2026-06-06T20:36:49-04:00,"[""role"", ""test"", ""cycles"", ""cyc/iter"", ""adj cyc/op"", ""sink""]","[""trisc2"", ""maxu_dep8"", ""110023"", ""11.002"", ""1.000"", ""0x12345679""]"
boop-docs/microbenching/timing-reference/evidence/historical/riscv-core-microbench.md,354,Run 2026-06-06T20:36:49-04:00,"[""role"", ""test"", ""cycles"", ""cyc/iter"", ""adj cyc/op"", ""sink""]","[""trisc2"", ""add_ind8"", ""110023"", ""11.002"", ""1.000"", ""0x12345679""]"
boop-docs/microbenching/timing-reference/evidence/historical/riscv-core-microbench.md,355,Run 2026-06-06T20:36:49-04:00,"[""role"", ""test"", ""cycles"", ""cyc/iter"", ""adj cyc/op"", ""sink""]","[""trisc2"", ""xor_ind8"", ""110023"", ""11.002"", ""1.000"", ""0x12345679""]"
boop-docs/microbenching/timing-reference/evidence/historical/riscv-core-microbench.md,356,Run 2026-06-06T20:36:49-04:00,"[""role"", ""test"", ""cycles"", ""cyc/iter"", ""adj cyc/op"", ""sink""]","[""trisc2"", ""mul_dep4"", ""100024"", ""10.002"", ""1.750"", ""0x4150db79""]"
boop-docs/microbenching/timing-reference/evidence/historical/riscv-core-microbench.md,357,Run 2026-06-06T20:36:49-04:00,"[""role"", ""test"", ""cycles"", ""cyc/iter"", ""adj cyc/op"", ""sink""]","[""trisc2"", ""mulhu_dep4"", ""100025"", ""10.002"", ""1.750"", ""0x00000000""]"
boop-docs/microbenching/timing-reference/evidence/historical/riscv-core-microbench.md,358,Run 2026-06-06T20:36:49-04:00,"[""role"", ""test"", ""cycles"", ""cyc/iter"", ""adj cyc/op"", ""sink""]","[""trisc2"", ""mul_ind4"", ""70023"", ""7.002"", ""1.000"", ""0x12345679""]"
boop-docs/microbenching/timing-reference/evidence/historical/riscv-core-microbench.md,359,Run 2026-06-06T20:36:49-04:00,"[""role"", ""test"", ""cycles"", ""cyc/iter"", ""adj cyc/op"", ""sink""]","[""trisc2"", ""divu_dep1"", ""90256"", ""9.026"", ""6.023"", ""0x00000000""]"
boop-docs/microbenching/timing-reference/evidence/historical/riscv-core-microbench.md,360,Run 2026-06-06T20:36:49-04:00,"[""role"", ""test"", ""cycles"", ""cyc/iter"", ""adj cyc/op"", ""sink""]","[""trisc2"", ""remu_dep1"", ""90052"", ""9.005"", ""6.003"", ""0x00000001""]"
boop-docs/microbenching/timing-reference/evidence/historical/riscv-core-microbench.md,361,Run 2026-06-06T20:36:49-04:00,"[""role"", ""test"", ""cycles"", ""cyc/iter"", ""adj cyc/op"", ""sink""]","[""trisc2"", ""branch_taken1"", ""40027"", ""4.003"", ""1.000"", ""0x12345679""]"
boop-docs/microbenching/timing-reference/evidence/historical/riscv-core-microbench.md,362,Run 2026-06-06T20:36:49-04:00,"[""role"", ""test"", ""cycles"", ""cyc/iter"", ""adj cyc/op"", ""sink""]","[""trisc2"", ""branch_not_taken1"", ""40024"", ""4.002"", ""1.000"", ""0x12345679""]"
boop-docs/microbenching/timing-reference/evidence/historical/riscv-core-microbench.md,363,Run 2026-06-06T20:36:49-04:00,"[""role"", ""test"", ""cycles"", ""cyc/iter"", ""adj cyc/op"", ""sink""]","[""trisc2"", ""jal1"", ""40027"", ""4.003"", ""1.000"", ""0x12345679""]"
boop-docs/microbenching/timing-reference/evidence/historical/riscv-core-microbench.md,364,Run 2026-06-06T20:36:49-04:00,"[""role"", ""test"", ""cycles"", ""cyc/iter"", ""adj cyc/op"", ""sink""]","[""trisc2"", ""fence1"", ""70024"", ""7.002"", ""4.000"", ""0x12345679""]"
boop-docs/microbenching/timing-reference/evidence/historical/riscv-core-microbench.md,365,Run 2026-06-06T20:36:49-04:00,"[""role"", ""test"", ""cycles"", ""cyc/iter"", ""adj cyc/op"", ""sink""]","[""trisc2"", ""load_l1_dep1"", ""80018"", ""8.002"", ""5.000"", ""0x12345679""]"
boop-docs/microbenching/timing-reference/evidence/historical/riscv-core-microbench.md,366,Run 2026-06-06T20:36:49-04:00,"[""role"", ""test"", ""cycles"", ""cyc/iter"", ""adj cyc/op"", ""sink""]","[""trisc2"", ""store_l1_4"", ""70023"", ""7.002"", ""1.000"", ""0x12345679""]"
boop-docs/microbenching/timing-reference/evidence/historical/riscv-memory-microbench.md,15,Quick Read,"[""Probe"", ""Approx adjusted cost""]","[""local RISC LDM load/store"", ""`~1.0 cycle/op`""]"
boop-docs/microbenching/timing-reference/evidence/historical/riscv-memory-microbench.md,16,Quick Read,"[""Probe"", ""Approx adjusted cost""]","[""L1 fixed-address `lw`"", ""`~2.6 cycles/op`""]"
boop-docs/microbenching/timing-reference/evidence/historical/riscv-memory-microbench.md,17,Quick Read,"[""Probe"", ""Approx adjusted cost""]","[""L1 independent `lw` stream"", ""`~1.25-1.6 cycles/load`""]"
boop-docs/microbenching/timing-reference/evidence/historical/riscv-memory-microbench.md,18,Quick Read,"[""Probe"", ""Approx adjusted cost""]","[""L1 pointer chase"", ""`~5.0 cycles/load`""]"
boop-docs/microbenching/timing-reference/evidence/historical/riscv-memory-microbench.md,19,Quick Read,"[""Probe"", ""Approx adjusted cost""]","[""L1 store"", ""`~1.0 cycle/op`""]"
boop-docs/microbenching/timing-reference/evidence/historical/riscv-memory-microbench.md,20,Quick Read,"[""Probe"", ""Approx adjusted cost""]","[""L1 store followed by same-address load"", ""`~6.5 cycles` per pair""]"
boop-docs/microbenching/timing-reference/evidence/historical/riscv-memory-microbench.md,21,Quick Read,"[""Probe"", ""Approx adjusted cost""]","[""local LDM store followed by same-address load"", ""`~3.0 cycles` per pair on most roles""]"
boop-docs/microbenching/timing-reference/evidence/historical/riscv-memory-microbench.md,22,Quick Read,"[""Probe"", ""Approx adjusted cost""]","[""cross-core LDM window read"", ""`~2.5 cycles/op`""]"
boop-docs/microbenching/timing-reference/evidence/historical/riscv-memory-microbench.md,90,Run 2026-06-06T20:44:41-04:00,"[""role"", ""test"", ""cycles"", ""cyc/iter"", ""adj cyc/op"", ""sink""]","[""brisc"", ""empty"", ""30027"", ""3.003"", """", ""0x12345679""]"
boop-docs/microbenching/timing-reference/evidence/historical/riscv-memory-microbench.md,91,Run 2026-06-06T20:44:41-04:00,"[""role"", ""test"", ""cycles"", ""cyc/iter"", ""adj cyc/op"", ""sink""]","[""brisc"", ""l1_lw_fixed1"", ""56023"", ""5.602"", ""2.600"", ""0x00124000""]"
boop-docs/microbenching/timing-reference/evidence/historical/riscv-memory-microbench.md,92,Run 2026-06-06T20:44:41-04:00,"[""role"", ""test"", ""cycles"", ""cyc/iter"", ""adj cyc/op"", ""sink""]","[""brisc"", ""l1_lw_ind4"", ""80022"", ""8.002"", ""1.250"", ""0x12345679""]"
boop-docs/microbenching/timing-reference/evidence/historical/riscv-memory-microbench.md,93,Run 2026-06-06T20:44:41-04:00,"[""role"", ""test"", ""cycles"", ""cyc/iter"", ""adj cyc/op"", ""sink""]","[""brisc"", ""l1_lw_ind8"", ""160018"", ""16.002"", ""1.625"", ""0x12345679""]"
boop-docs/microbenching/timing-reference/evidence/historical/riscv-memory-microbench.md,94,Run 2026-06-06T20:44:41-04:00,"[""role"", ""test"", ""cycles"", ""cyc/iter"", ""adj cyc/op"", ""sink""]","[""brisc"", ""l1_lw_chase1"", ""80017"", ""8.002"", ""4.999"", ""0x12345679""]"
boop-docs/microbenching/timing-reference/evidence/historical/riscv-memory-microbench.md,95,Run 2026-06-06T20:44:41-04:00,"[""role"", ""test"", ""cycles"", ""cyc/iter"", ""adj cyc/op"", ""sink""]","[""brisc"", ""l1_load_use0_2"", ""120025"", ""12.002"", ""4.500"", ""0xdb185679""]"
boop-docs/microbenching/timing-reference/evidence/historical/riscv-memory-microbench.md,96,Run 2026-06-06T20:44:41-04:00,"[""role"", ""test"", ""cycles"", ""cyc/iter"", ""adj cyc/op"", ""sink""]","[""brisc"", ""l1_load_use1_3"", ""120026"", ""12.003"", ""3.000"", ""0xdb185679""]"
boop-docs/microbenching/timing-reference/evidence/historical/riscv-memory-microbench.md,97,Run 2026-06-06T20:44:41-04:00,"[""role"", ""test"", ""cycles"", ""cyc/iter"", ""adj cyc/op"", ""sink""]","[""brisc"", ""l1_load_use2_4"", ""120027"", ""12.003"", ""2.250"", ""0xdb185679""]"
boop-docs/microbenching/timing-reference/evidence/historical/riscv-memory-microbench.md,98,Run 2026-06-06T20:44:41-04:00,"[""role"", ""test"", ""cycles"", ""cyc/iter"", ""adj cyc/op"", ""sink""]","[""brisc"", ""l1_load_use4_6"", ""120026"", ""12.003"", ""1.500"", ""0xdb185679""]"
boop-docs/microbenching/timing-reference/evidence/historical/riscv-memory-microbench.md,99,Run 2026-06-06T20:44:41-04:00,"[""role"", ""test"", ""cycles"", ""cyc/iter"", ""adj cyc/op"", ""sink""]","[""brisc"", ""l1_sw_fixed1"", ""40024"", ""4.002"", ""1.000"", ""0x12345679""]"
boop-docs/microbenching/timing-reference/evidence/historical/riscv-memory-microbench.md,100,Run 2026-06-06T20:44:41-04:00,"[""role"", ""test"", ""cycles"", ""cyc/iter"", ""adj cyc/op"", ""sink""]","[""brisc"", ""l1_sw_ind4"", ""70023"", ""7.002"", ""1.000"", ""0x12345679""]"
boop-docs/microbenching/timing-reference/evidence/historical/riscv-memory-microbench.md,101,Run 2026-06-06T20:44:41-04:00,"[""role"", ""test"", ""cycles"", ""cyc/iter"", ""adj cyc/op"", ""sink""]","[""brisc"", ""l1_sw_lw_pair2"", ""95024"", ""9.502"", ""3.250"", ""0x12345679""]"
boop-docs/microbenching/timing-reference/evidence/historical/riscv-memory-microbench.md,102,Run 2026-06-06T20:44:41-04:00,"[""role"", ""test"", ""cycles"", ""cyc/iter"", ""adj cyc/op"", ""sink""]","[""brisc"", ""ldm_lw_fixed1"", ""40024"", ""4.002"", ""1.000"", ""0xffb00080""]"
boop-docs/microbenching/timing-reference/evidence/historical/riscv-memory-microbench.md,103,Run 2026-06-06T20:44:41-04:00,"[""role"", ""test"", ""cycles"", ""cyc/iter"", ""adj cyc/op"", ""sink""]","[""brisc"", ""ldm_lw_ind4"", ""70023"", ""7.002"", ""1.000"", ""0x12345679""]"
boop-docs/microbenching/timing-reference/evidence/historical/riscv-memory-microbench.md,104,Run 2026-06-06T20:44:41-04:00,"[""role"", ""test"", ""cycles"", ""cyc/iter"", ""adj cyc/op"", ""sink""]","[""brisc"", ""ldm_lw_chase1"", ""40023"", ""4.002"", ""1.000"", ""0x12345679""]"
boop-docs/microbenching/timing-reference/evidence/historical/riscv-memory-microbench.md,105,Run 2026-06-06T20:44:41-04:00,"[""role"", ""test"", ""cycles"", ""cyc/iter"", ""adj cyc/op"", ""sink""]","[""brisc"", ""ldm_sw_fixed1"", ""40023"", ""4.002"", ""1.000"", ""0x12345679""]"
boop-docs/microbenching/timing-reference/evidence/historical/riscv-memory-microbench.md,106,Run 2026-06-06T20:44:41-04:00,"[""role"", ""test"", ""cycles"", ""cyc/iter"", ""adj cyc/op"", ""sink""]","[""brisc"", ""ldm_sw_lw_pair2"", ""60024"", ""6.002"", ""1.500"", ""0x12345679""]"
boop-docs/microbenching/timing-reference/evidence/historical/riscv-memory-microbench.md,107,Run 2026-06-06T20:44:41-04:00,"[""role"", ""test"", ""cycles"", ""cyc/iter"", ""adj cyc/op"", ""sink""]","[""brisc"", ""xldm_brisc_lw1"", ""55022"", ""5.502"", ""2.499"", ""0xffb00080""]"
boop-docs/microbenching/timing-reference/evidence/historical/riscv-memory-microbench.md,108,Run 2026-06-06T20:44:41-04:00,"[""role"", ""test"", ""cycles"", ""cyc/iter"", ""adj cyc/op"", ""sink""]","[""brisc"", ""xldm_ncrisc_lw1"", ""55023"", ""5.502"", ""2.500"", ""0x00ca00c7""]"
boop-docs/microbenching/timing-reference/evidence/historical/riscv-memory-microbench.md,109,Run 2026-06-06T20:44:41-04:00,"[""role"", ""test"", ""cycles"", ""cyc/iter"", ""adj cyc/op"", ""sink""]","[""brisc"", ""xldm_trisc0_lw1"", ""55022"", ""5.502"", ""2.499"", ""0x00000000""]"
boop-docs/microbenching/timing-reference/evidence/historical/riscv-memory-microbench.md,110,Run 2026-06-06T20:44:41-04:00,"[""role"", ""test"", ""cycles"", ""cyc/iter"", ""adj cyc/op"", ""sink""]","[""ncrisc"", ""empty"", ""30024"", ""3.002"", """", ""0x12345679""]"
boop-docs/microbenching/timing-reference/evidence/historical/riscv-memory-microbench.md,111,Run 2026-06-06T20:44:41-04:00,"[""role"", ""test"", ""cycles"", ""cyc/iter"", ""adj cyc/op"", ""sink""]","[""ncrisc"", ""l1_lw_fixed1"", ""56022"", ""5.602"", ""2.600"", ""0x00124000""]"
boop-docs/microbenching/timing-reference/evidence/historical/riscv-memory-microbench.md,112,Run 2026-06-06T20:44:41-04:00,"[""role"", ""test"", ""cycles"", ""cyc/iter"", ""adj cyc/op"", ""sink""]","[""ncrisc"", ""l1_lw_ind4"", ""81692"", ""8.169"", ""1.292"", ""0x12345679""]"
boop-docs/microbenching/timing-reference/evidence/historical/riscv-memory-microbench.md,113,Run 2026-06-06T20:44:41-04:00,"[""role"", ""test"", ""cycles"", ""cyc/iter"", ""adj cyc/op"", ""sink""]","[""ncrisc"", ""l1_lw_ind8"", ""150792"", ""15.079"", ""1.510"", ""0x12345679""]"
boop-docs/microbenching/timing-reference/evidence/historical/riscv-memory-microbench.md,114,Run 2026-06-06T20:44:41-04:00,"[""role"", ""test"", ""cycles"", ""cyc/iter"", ""adj cyc/op"", ""sink""]","[""ncrisc"", ""l1_lw_chase1"", ""81682"", ""8.168"", ""5.166"", ""0x12345679""]"
boop-docs/microbenching/timing-reference/evidence/historical/riscv-memory-microbench.md,115,Run 2026-06-06T20:44:41-04:00,"[""role"", ""test"", ""cycles"", ""cyc/iter"", ""adj cyc/op"", ""sink""]","[""ncrisc"", ""l1_load_use0_2"", ""120029"", ""12.003"", ""4.500"", ""0xdb185679""]"
boop-docs/microbenching/timing-reference/evidence/historical/riscv-memory-microbench.md,116,Run 2026-06-06T20:44:41-04:00,"[""role"", ""test"", ""cycles"", ""cyc/iter"", ""adj cyc/op"", ""sink""]","[""ncrisc"", ""l1_load_use1_3"", ""122526"", ""12.253"", ""3.083"", ""0xdb185679""]"
boop-docs/microbenching/timing-reference/evidence/historical/riscv-memory-microbench.md,117,Run 2026-06-06T20:44:41-04:00,"[""role"", ""test"", ""cycles"", ""cyc/iter"", ""adj cyc/op"", ""sink""]","[""ncrisc"", ""l1_load_use2_4"", ""122525"", ""12.252"", ""2.313"", ""0xdb185679""]"
boop-docs/microbenching/timing-reference/evidence/historical/riscv-memory-microbench.md,118,Run 2026-06-06T20:44:41-04:00,"[""role"", ""test"", ""cycles"", ""cyc/iter"", ""adj cyc/op"", ""sink""]","[""ncrisc"", ""l1_load_use4_6"", ""122513"", ""12.251"", ""1.541"", ""0xdb185679""]"
boop-docs/microbenching/timing-reference/evidence/historical/riscv-memory-microbench.md,119,Run 2026-06-06T20:44:41-04:00,"[""role"", ""test"", ""cycles"", ""cyc/iter"", ""adj cyc/op"", ""sink""]","[""ncrisc"", ""l1_sw_fixed1"", ""40023"", ""4.002"", ""1.000"", ""0x12345679""]"
boop-docs/microbenching/timing-reference/evidence/historical/riscv-memory-microbench.md,120,Run 2026-06-06T20:44:41-04:00,"[""role"", ""test"", ""cycles"", ""cyc/iter"", ""adj cyc/op"", ""sink""]","[""ncrisc"", ""l1_sw_ind4"", ""70023"", ""7.002"", ""1.000"", ""0x12345679""]"
boop-docs/microbenching/timing-reference/evidence/historical/riscv-memory-microbench.md,121,Run 2026-06-06T20:44:41-04:00,"[""role"", ""test"", ""cycles"", ""cyc/iter"", ""adj cyc/op"", ""sink""]","[""ncrisc"", ""l1_sw_lw_pair2"", ""95026"", ""9.503"", ""3.250"", ""0x12345679""]"
boop-docs/microbenching/timing-reference/evidence/historical/riscv-memory-microbench.md,122,Run 2026-06-06T20:44:41-04:00,"[""role"", ""test"", ""cycles"", ""cyc/iter"", ""adj cyc/op"", ""sink""]","[""ncrisc"", ""ldm_lw_fixed1"", ""40025"", ""4.003"", ""1.000"", ""0xffb00080""]"
boop-docs/microbenching/timing-reference/evidence/historical/riscv-memory-microbench.md,123,Run 2026-06-06T20:44:41-04:00,"[""role"", ""test"", ""cycles"", ""cyc/iter"", ""adj cyc/op"", ""sink""]","[""ncrisc"", ""ldm_lw_ind4"", ""70023"", ""7.002"", ""1.000"", ""0x12345679""]"
boop-docs/microbenching/timing-reference/evidence/historical/riscv-memory-microbench.md,124,Run 2026-06-06T20:44:41-04:00,"[""role"", ""test"", ""cycles"", ""cyc/iter"", ""adj cyc/op"", ""sink""]","[""ncrisc"", ""ldm_lw_chase1"", ""40023"", ""4.002"", ""1.000"", ""0x12345679""]"
boop-docs/microbenching/timing-reference/evidence/historical/riscv-memory-microbench.md,125,Run 2026-06-06T20:44:41-04:00,"[""role"", ""test"", ""cycles"", ""cyc/iter"", ""adj cyc/op"", ""sink""]","[""ncrisc"", ""ldm_sw_fixed1"", ""40024"", ""4.002"", ""1.000"", ""0x12345679""]"
boop-docs/microbenching/timing-reference/evidence/historical/riscv-memory-microbench.md,126,Run 2026-06-06T20:44:41-04:00,"[""role"", ""test"", ""cycles"", ""cyc/iter"", ""adj cyc/op"", ""sink""]","[""ncrisc"", ""ldm_sw_lw_pair2"", ""60024"", ""6.002"", ""1.500"", ""0x12345679""]"
boop-docs/microbenching/timing-reference/evidence/historical/riscv-memory-microbench.md,127,Run 2026-06-06T20:44:41-04:00,"[""role"", ""test"", ""cycles"", ""cyc/iter"", ""adj cyc/op"", ""sink""]","[""ncrisc"", ""xldm_brisc_lw1"", ""55022"", ""5.502"", ""2.500"", ""0xffb00080""]"
boop-docs/microbenching/timing-reference/evidence/historical/riscv-memory-microbench.md,128,Run 2026-06-06T20:44:41-04:00,"[""role"", ""test"", ""cycles"", ""cyc/iter"", ""adj cyc/op"", ""sink""]","[""ncrisc"", ""xldm_ncrisc_lw1"", ""55023"", ""5.502"", ""2.500"", ""0xffb00080""]"
boop-docs/microbenching/timing-reference/evidence/historical/riscv-memory-microbench.md,129,Run 2026-06-06T20:44:41-04:00,"[""role"", ""test"", ""cycles"", ""cyc/iter"", ""adj cyc/op"", ""sink""]","[""ncrisc"", ""xldm_trisc0_lw1"", ""55022"", ""5.502"", ""2.500"", ""0x00000000""]"
boop-docs/microbenching/timing-reference/evidence/historical/riscv-memory-microbench.md,130,Run 2026-06-06T20:44:41-04:00,"[""role"", ""test"", ""cycles"", ""cyc/iter"", ""adj cyc/op"", ""sink""]","[""trisc0"", ""empty"", ""30024"", ""3.002"", """", ""0x12345679""]"
boop-docs/microbenching/timing-reference/evidence/historical/riscv-memory-microbench.md,131,Run 2026-06-06T20:44:41-04:00,"[""role"", ""test"", ""cycles"", ""cyc/iter"", ""adj cyc/op"", ""sink""]","[""trisc0"", ""l1_lw_fixed1"", ""56023"", ""5.602"", ""2.600"", ""0x00124000""]"
boop-docs/microbenching/timing-reference/evidence/historical/riscv-memory-microbench.md,132,Run 2026-06-06T20:44:41-04:00,"[""role"", ""test"", ""cycles"", ""cyc/iter"", ""adj cyc/op"", ""sink""]","[""trisc0"", ""l1_lw_ind4"", ""80024"", ""8.002"", ""1.250"", ""0x12345679""]"
boop-docs/microbenching/timing-reference/evidence/historical/riscv-memory-microbench.md,133,Run 2026-06-06T20:44:41-04:00,"[""role"", ""test"", ""cycles"", ""cyc/iter"", ""adj cyc/op"", ""sink""]","[""trisc0"", ""l1_lw_ind8"", ""150792"", ""15.079"", ""1.510"", ""0x12345679""]"
boop-docs/microbenching/timing-reference/evidence/historical/riscv-memory-microbench.md,134,Run 2026-06-06T20:44:41-04:00,"[""role"", ""test"", ""cycles"", ""cyc/iter"", ""adj cyc/op"", ""sink""]","[""trisc0"", ""l1_lw_chase1"", ""80018"", ""8.002"", ""4.999"", ""0x12345679""]"
boop-docs/microbenching/timing-reference/evidence/historical/riscv-memory-microbench.md,135,Run 2026-06-06T20:44:41-04:00,"[""role"", ""test"", ""cycles"", ""cyc/iter"", ""adj cyc/op"", ""sink""]","[""trisc0"", ""l1_load_use0_2"", ""120031"", ""12.003"", ""4.500"", ""0xdb185679""]"
boop-docs/microbenching/timing-reference/evidence/historical/riscv-memory-microbench.md,136,Run 2026-06-06T20:44:41-04:00,"[""role"", ""test"", ""cycles"", ""cyc/iter"", ""adj cyc/op"", ""sink""]","[""trisc0"", ""l1_load_use1_3"", ""120028"", ""12.003"", ""3.000"", ""0xdb185679""]"
boop-docs/microbenching/timing-reference/evidence/historical/riscv-memory-microbench.md,137,Run 2026-06-06T20:44:41-04:00,"[""role"", ""test"", ""cycles"", ""cyc/iter"", ""adj cyc/op"", ""sink""]","[""trisc0"", ""l1_load_use2_4"", ""120028"", ""12.003"", ""2.250"", ""0xdb185679""]"
boop-docs/microbenching/timing-reference/evidence/historical/riscv-memory-microbench.md,138,Run 2026-06-06T20:44:41-04:00,"[""role"", ""test"", ""cycles"", ""cyc/iter"", ""adj cyc/op"", ""sink""]","[""trisc0"", ""l1_load_use4_6"", ""120031"", ""12.003"", ""1.500"", ""0xdb185679""]"
boop-docs/microbenching/timing-reference/evidence/historical/riscv-memory-microbench.md,139,Run 2026-06-06T20:44:41-04:00,"[""role"", ""test"", ""cycles"", ""cyc/iter"", ""adj cyc/op"", ""sink""]","[""trisc0"", ""l1_sw_fixed1"", ""40023"", ""4.002"", ""1.000"", ""0x12345679""]"
boop-docs/microbenching/timing-reference/evidence/historical/riscv-memory-microbench.md,140,Run 2026-06-06T20:44:41-04:00,"[""role"", ""test"", ""cycles"", ""cyc/iter"", ""adj cyc/op"", ""sink""]","[""trisc0"", ""l1_sw_ind4"", ""70023"", ""7.002"", ""1.000"", ""0x12345679""]"
boop-docs/microbenching/timing-reference/evidence/historical/riscv-memory-microbench.md,141,Run 2026-06-06T20:44:41-04:00,"[""role"", ""test"", ""cycles"", ""cyc/iter"", ""adj cyc/op"", ""sink""]","[""trisc0"", ""l1_sw_lw_pair2"", ""95026"", ""9.503"", ""3.250"", ""0x12345679""]"
boop-docs/microbenching/timing-reference/evidence/historical/riscv-memory-microbench.md,142,Run 2026-06-06T20:44:41-04:00,"[""role"", ""test"", ""cycles"", ""cyc/iter"", ""adj cyc/op"", ""sink""]","[""trisc0"", ""ldm_lw_fixed1"", ""40025"", ""4.003"", ""1.000"", ""0xffb00080""]"
boop-docs/microbenching/timing-reference/evidence/historical/riscv-memory-microbench.md,143,Run 2026-06-06T20:44:41-04:00,"[""role"", ""test"", ""cycles"", ""cyc/iter"", ""adj cyc/op"", ""sink""]","[""trisc0"", ""ldm_lw_ind4"", ""70023"", ""7.002"", ""1.000"", ""0x12345679""]"
boop-docs/microbenching/timing-reference/evidence/historical/riscv-memory-microbench.md,144,Run 2026-06-06T20:44:41-04:00,"[""role"", ""test"", ""cycles"", ""cyc/iter"", ""adj cyc/op"", ""sink""]","[""trisc0"", ""ldm_lw_chase1"", ""40023"", ""4.002"", ""1.000"", ""0x12345679""]"
boop-docs/microbenching/timing-reference/evidence/historical/riscv-memory-microbench.md,145,Run 2026-06-06T20:44:41-04:00,"[""role"", ""test"", ""cycles"", ""cyc/iter"", ""adj cyc/op"", ""sink""]","[""trisc0"", ""ldm_sw_fixed1"", ""40025"", ""4.003"", ""1.000"", ""0x12345679""]"
boop-docs/microbenching/timing-reference/evidence/historical/riscv-memory-microbench.md,146,Run 2026-06-06T20:44:41-04:00,"[""role"", ""test"", ""cycles"", ""cyc/iter"", ""adj cyc/op"", ""sink""]","[""trisc0"", ""ldm_sw_lw_pair2"", ""60024"", ""6.002"", ""1.500"", ""0x12345679""]"
boop-docs/microbenching/timing-reference/evidence/historical/riscv-memory-microbench.md,147,Run 2026-06-06T20:44:41-04:00,"[""role"", ""test"", ""cycles"", ""cyc/iter"", ""adj cyc/op"", ""sink""]","[""trisc0"", ""xldm_brisc_lw1"", ""55022"", ""5.502"", ""2.500"", ""0xffb00080""]"
boop-docs/microbenching/timing-reference/evidence/historical/riscv-memory-microbench.md,148,Run 2026-06-06T20:44:41-04:00,"[""role"", ""test"", ""cycles"", ""cyc/iter"", ""adj cyc/op"", ""sink""]","[""trisc0"", ""xldm_ncrisc_lw1"", ""55023"", ""5.502"", ""2.500"", ""0xffb00080""]"
boop-docs/microbenching/timing-reference/evidence/historical/riscv-memory-microbench.md,149,Run 2026-06-06T20:44:41-04:00,"[""role"", ""test"", ""cycles"", ""cyc/iter"", ""adj cyc/op"", ""sink""]","[""trisc0"", ""xldm_trisc0_lw1"", ""55022"", ""5.502"", ""2.500"", ""0xffb00080""]"
boop-docs/microbenching/timing-reference/evidence/historical/riscv-memory-microbench.md,150,Run 2026-06-06T20:44:41-04:00,"[""role"", ""test"", ""cycles"", ""cyc/iter"", ""adj cyc/op"", ""sink""]","[""trisc1"", ""empty"", ""30023"", ""3.002"", """", ""0x12345679""]"
boop-docs/microbenching/timing-reference/evidence/historical/riscv-memory-microbench.md,151,Run 2026-06-06T20:44:41-04:00,"[""role"", ""test"", ""cycles"", ""cyc/iter"", ""adj cyc/op"", ""sink""]","[""trisc1"", ""l1_lw_fixed1"", ""56023"", ""5.602"", ""2.600"", ""0x00124000""]"
boop-docs/microbenching/timing-reference/evidence/historical/riscv-memory-microbench.md,152,Run 2026-06-06T20:44:41-04:00,"[""role"", ""test"", ""cycles"", ""cyc/iter"", ""adj cyc/op"", ""sink""]","[""trisc1"", ""l1_lw_ind4"", ""80022"", ""8.002"", ""1.250"", ""0x12345679""]"
boop-docs/microbenching/timing-reference/evidence/historical/riscv-memory-microbench.md,153,Run 2026-06-06T20:44:41-04:00,"[""role"", ""test"", ""cycles"", ""cyc/iter"", ""adj cyc/op"", ""sink""]","[""trisc1"", ""l1_lw_ind8"", ""147025"", ""14.703"", ""1.463"", ""0x12345679""]"
boop-docs/microbenching/timing-reference/evidence/historical/riscv-memory-microbench.md,154,Run 2026-06-06T20:44:41-04:00,"[""role"", ""test"", ""cycles"", ""cyc/iter"", ""adj cyc/op"", ""sink""]","[""trisc1"", ""l1_lw_chase1"", ""80017"", ""8.002"", ""4.999"", ""0x12345679""]"
boop-docs/microbenching/timing-reference/evidence/historical/riscv-memory-microbench.md,155,Run 2026-06-06T20:44:41-04:00,"[""role"", ""test"", ""cycles"", ""cyc/iter"", ""adj cyc/op"", ""sink""]","[""trisc1"", ""l1_load_use0_2"", ""120027"", ""12.003"", ""4.500"", ""0xdb185679""]"
boop-docs/microbenching/timing-reference/evidence/historical/riscv-memory-microbench.md,156,Run 2026-06-06T20:44:41-04:00,"[""role"", ""test"", ""cycles"", ""cyc/iter"", ""adj cyc/op"", ""sink""]","[""trisc1"", ""l1_load_use1_3"", ""120027"", ""12.003"", ""3.000"", ""0xdb185679""]"
boop-docs/microbenching/timing-reference/evidence/historical/riscv-memory-microbench.md,157,Run 2026-06-06T20:44:41-04:00,"[""role"", ""test"", ""cycles"", ""cyc/iter"", ""adj cyc/op"", ""sink""]","[""trisc1"", ""l1_load_use2_4"", ""120026"", ""12.003"", ""2.250"", ""0xdb185679""]"
boop-docs/microbenching/timing-reference/evidence/historical/riscv-memory-microbench.md,158,Run 2026-06-06T20:44:41-04:00,"[""role"", ""test"", ""cycles"", ""cyc/iter"", ""adj cyc/op"", ""sink""]","[""trisc1"", ""l1_load_use4_6"", ""120025"", ""12.002"", ""1.500"", ""0xdb185679""]"
boop-docs/microbenching/timing-reference/evidence/historical/riscv-memory-microbench.md,159,Run 2026-06-06T20:44:41-04:00,"[""role"", ""test"", ""cycles"", ""cyc/iter"", ""adj cyc/op"", ""sink""]","[""trisc1"", ""l1_sw_fixed1"", ""40023"", ""4.002"", ""1.000"", ""0x12345679""]"
boop-docs/microbenching/timing-reference/evidence/historical/riscv-memory-microbench.md,160,Run 2026-06-06T20:44:41-04:00,"[""role"", ""test"", ""cycles"", ""cyc/iter"", ""adj cyc/op"", ""sink""]","[""trisc1"", ""l1_sw_ind4"", ""70023"", ""7.002"", ""1.000"", ""0x12345679""]"
boop-docs/microbenching/timing-reference/evidence/historical/riscv-memory-microbench.md,161,Run 2026-06-06T20:44:41-04:00,"[""role"", ""test"", ""cycles"", ""cyc/iter"", ""adj cyc/op"", ""sink""]","[""trisc1"", ""l1_sw_lw_pair2"", ""95026"", ""9.503"", ""3.250"", ""0x12345679""]"
boop-docs/microbenching/timing-reference/evidence/historical/riscv-memory-microbench.md,162,Run 2026-06-06T20:44:41-04:00,"[""role"", ""test"", ""cycles"", ""cyc/iter"", ""adj cyc/op"", ""sink""]","[""trisc1"", ""ldm_lw_fixed1"", ""40024"", ""4.002"", ""1.000"", ""0xffb00080""]"
boop-docs/microbenching/timing-reference/evidence/historical/riscv-memory-microbench.md,163,Run 2026-06-06T20:44:41-04:00,"[""role"", ""test"", ""cycles"", ""cyc/iter"", ""adj cyc/op"", ""sink""]","[""trisc1"", ""ldm_lw_ind4"", ""70023"", ""7.002"", ""1.000"", ""0x12345679""]"
boop-docs/microbenching/timing-reference/evidence/historical/riscv-memory-microbench.md,164,Run 2026-06-06T20:44:41-04:00,"[""role"", ""test"", ""cycles"", ""cyc/iter"", ""adj cyc/op"", ""sink""]","[""trisc1"", ""ldm_lw_chase1"", ""40023"", ""4.002"", ""1.000"", ""0x12345679""]"
boop-docs/microbenching/timing-reference/evidence/historical/riscv-memory-microbench.md,165,Run 2026-06-06T20:44:41-04:00,"[""role"", ""test"", ""cycles"", ""cyc/iter"", ""adj cyc/op"", ""sink""]","[""trisc1"", ""ldm_sw_fixed1"", ""40024"", ""4.002"", ""1.000"", ""0x12345679""]"
boop-docs/microbenching/timing-reference/evidence/historical/riscv-memory-microbench.md,166,Run 2026-06-06T20:44:41-04:00,"[""role"", ""test"", ""cycles"", ""cyc/iter"", ""adj cyc/op"", ""sink""]","[""trisc1"", ""ldm_sw_lw_pair2"", ""60024"", ""6.002"", ""1.500"", ""0x12345679""]"
boop-docs/microbenching/timing-reference/evidence/historical/riscv-memory-microbench.md,167,Run 2026-06-06T20:44:41-04:00,"[""role"", ""test"", ""cycles"", ""cyc/iter"", ""adj cyc/op"", ""sink""]","[""trisc1"", ""xldm_brisc_lw1"", ""55022"", ""5.502"", ""2.500"", ""0xffb00080""]"
boop-docs/microbenching/timing-reference/evidence/historical/riscv-memory-microbench.md,168,Run 2026-06-06T20:44:41-04:00,"[""role"", ""test"", ""cycles"", ""cyc/iter"", ""adj cyc/op"", ""sink""]","[""trisc1"", ""xldm_ncrisc_lw1"", ""55023"", ""5.502"", ""2.500"", ""0xffb00080""]"
boop-docs/microbenching/timing-reference/evidence/historical/riscv-memory-microbench.md,169,Run 2026-06-06T20:44:41-04:00,"[""role"", ""test"", ""cycles"", ""cyc/iter"", ""adj cyc/op"", ""sink""]","[""trisc1"", ""xldm_trisc0_lw1"", ""55022"", ""5.502"", ""2.500"", ""0xffb00080""]"
boop-docs/microbenching/timing-reference/evidence/historical/riscv-memory-microbench.md,170,Run 2026-06-06T20:44:41-04:00,"[""role"", ""test"", ""cycles"", ""cyc/iter"", ""adj cyc/op"", ""sink""]","[""trisc2"", ""empty"", ""30024"", ""3.002"", """", ""0x12345679""]"
boop-docs/microbenching/timing-reference/evidence/historical/riscv-memory-microbench.md,171,Run 2026-06-06T20:44:41-04:00,"[""role"", ""test"", ""cycles"", ""cyc/iter"", ""adj cyc/op"", ""sink""]","[""trisc2"", ""l1_lw_fixed1"", ""56021"", ""5.602"", ""2.600"", ""0x00124000""]"
boop-docs/microbenching/timing-reference/evidence/historical/riscv-memory-microbench.md,172,Run 2026-06-06T20:44:41-04:00,"[""role"", ""test"", ""cycles"", ""cyc/iter"", ""adj cyc/op"", ""sink""]","[""trisc2"", ""l1_lw_ind4"", ""80025"", ""8.002"", ""1.250"", ""0x12345679""]"
boop-docs/microbenching/timing-reference/evidence/historical/riscv-memory-microbench.md,173,Run 2026-06-06T20:44:41-04:00,"[""role"", ""test"", ""cycles"", ""cyc/iter"", ""adj cyc/op"", ""sink""]","[""trisc2"", ""l1_lw_ind8"", ""147025"", ""14.703"", ""1.463"", ""0x12345679""]"
boop-docs/microbenching/timing-reference/evidence/historical/riscv-memory-microbench.md,174,Run 2026-06-06T20:44:41-04:00,"[""role"", ""test"", ""cycles"", ""cyc/iter"", ""adj cyc/op"", ""sink""]","[""trisc2"", ""l1_lw_chase1"", ""80017"", ""8.002"", ""4.999"", ""0x12345679""]"
boop-docs/microbenching/timing-reference/evidence/historical/riscv-memory-microbench.md,175,Run 2026-06-06T20:44:41-04:00,"[""role"", ""test"", ""cycles"", ""cyc/iter"", ""adj cyc/op"", ""sink""]","[""trisc2"", ""l1_load_use0_2"", ""120026"", ""12.003"", ""4.500"", ""0xdb185679""]"
boop-docs/microbenching/timing-reference/evidence/historical/riscv-memory-microbench.md,176,Run 2026-06-06T20:44:41-04:00,"[""role"", ""test"", ""cycles"", ""cyc/iter"", ""adj cyc/op"", ""sink""]","[""trisc2"", ""l1_load_use1_3"", ""120027"", ""12.003"", ""3.000"", ""0xdb185679""]"
boop-docs/microbenching/timing-reference/evidence/historical/riscv-memory-microbench.md,177,Run 2026-06-06T20:44:41-04:00,"[""role"", ""test"", ""cycles"", ""cyc/iter"", ""adj cyc/op"", ""sink""]","[""trisc2"", ""l1_load_use2_4"", ""120026"", ""12.003"", ""2.250"", ""0xdb185679""]"
boop-docs/microbenching/timing-reference/evidence/historical/riscv-memory-microbench.md,178,Run 2026-06-06T20:44:41-04:00,"[""role"", ""test"", ""cycles"", ""cyc/iter"", ""adj cyc/op"", ""sink""]","[""trisc2"", ""l1_load_use4_6"", ""120025"", ""12.002"", ""1.500"", ""0xdb185679""]"
boop-docs/microbenching/timing-reference/evidence/historical/riscv-memory-microbench.md,179,Run 2026-06-06T20:44:41-04:00,"[""role"", ""test"", ""cycles"", ""cyc/iter"", ""adj cyc/op"", ""sink""]","[""trisc2"", ""l1_sw_fixed1"", ""40023"", ""4.002"", ""1.000"", ""0x12345679""]"
boop-docs/microbenching/timing-reference/evidence/historical/riscv-memory-microbench.md,180,Run 2026-06-06T20:44:41-04:00,"[""role"", ""test"", ""cycles"", ""cyc/iter"", ""adj cyc/op"", ""sink""]","[""trisc2"", ""l1_sw_ind4"", ""70023"", ""7.002"", ""1.000"", ""0x12345679""]"
boop-docs/microbenching/timing-reference/evidence/historical/riscv-memory-microbench.md,181,Run 2026-06-06T20:44:41-04:00,"[""role"", ""test"", ""cycles"", ""cyc/iter"", ""adj cyc/op"", ""sink""]","[""trisc2"", ""l1_sw_lw_pair2"", ""95026"", ""9.503"", ""3.250"", ""0x12345679""]"
boop-docs/microbenching/timing-reference/evidence/historical/riscv-memory-microbench.md,182,Run 2026-06-06T20:44:41-04:00,"[""role"", ""test"", ""cycles"", ""cyc/iter"", ""adj cyc/op"", ""sink""]","[""trisc2"", ""ldm_lw_fixed1"", ""40024"", ""4.002"", ""1.000"", ""0xffb00080""]"
boop-docs/microbenching/timing-reference/evidence/historical/riscv-memory-microbench.md,183,Run 2026-06-06T20:44:41-04:00,"[""role"", ""test"", ""cycles"", ""cyc/iter"", ""adj cyc/op"", ""sink""]","[""trisc2"", ""ldm_lw_ind4"", ""70023"", ""7.002"", ""1.000"", ""0x12345679""]"
boop-docs/microbenching/timing-reference/evidence/historical/riscv-memory-microbench.md,184,Run 2026-06-06T20:44:41-04:00,"[""role"", ""test"", ""cycles"", ""cyc/iter"", ""adj cyc/op"", ""sink""]","[""trisc2"", ""ldm_lw_chase1"", ""40023"", ""4.002"", ""1.000"", ""0x12345679""]"
boop-docs/microbenching/timing-reference/evidence/historical/riscv-memory-microbench.md,185,Run 2026-06-06T20:44:41-04:00,"[""role"", ""test"", ""cycles"", ""cyc/iter"", ""adj cyc/op"", ""sink""]","[""trisc2"", ""ldm_sw_fixed1"", ""40024"", ""4.002"", ""1.000"", ""0x12345679""]"
boop-docs/microbenching/timing-reference/evidence/historical/riscv-memory-microbench.md,186,Run 2026-06-06T20:44:41-04:00,"[""role"", ""test"", ""cycles"", ""cyc/iter"", ""adj cyc/op"", ""sink""]","[""trisc2"", ""ldm_sw_lw_pair2"", ""70023"", ""7.002"", ""2.000"", ""0x12345679""]"
boop-docs/microbenching/timing-reference/evidence/historical/riscv-memory-microbench.md,187,Run 2026-06-06T20:44:41-04:00,"[""role"", ""test"", ""cycles"", ""cyc/iter"", ""adj cyc/op"", ""sink""]","[""trisc2"", ""xldm_brisc_lw1"", ""55022"", ""5.502"", ""2.500"", ""0xffb00080""]"
boop-docs/microbenching/timing-reference/evidence/historical/riscv-memory-microbench.md,188,Run 2026-06-06T20:44:41-04:00,"[""role"", ""test"", ""cycles"", ""cyc/iter"", ""adj cyc/op"", ""sink""]","[""trisc2"", ""xldm_ncrisc_lw1"", ""55023"", ""5.502"", ""2.500"", ""0xffb00080""]"
boop-docs/microbenching/timing-reference/evidence/historical/riscv-memory-microbench.md,189,Run 2026-06-06T20:44:41-04:00,"[""role"", ""test"", ""cycles"", ""cyc/iter"", ""adj cyc/op"", ""sink""]","[""trisc2"", ""xldm_trisc0_lw1"", ""55022"", ""5.502"", ""2.500"", ""0xffb00080""]"
boop-docs/microbenching/timing-reference/evidence/historical/riscv-special-instr-microbench.md,14,Quick Read,"[""Probe"", ""Approx adjusted cost""]","[""`lbu`, `lhu`, `lw` from L1 scratch"", ""`~2.6 cycles/op`""]"
boop-docs/microbenching/timing-reference/evidence/historical/riscv-special-instr-microbench.md,15,Quick Read,"[""Probe"", ""Approx adjusted cost""]","[""`sb`, `sh`, `sw` to L1 scratch"", ""`~1.0 cycle/op`""]"
boop-docs/microbenching/timing-reference/evidence/historical/riscv-special-instr-microbench.md,16,Quick Read,"[""Probe"", ""Approx adjusted cost""]","[""all branch forms, taken and not taken"", ""`~1.0 cycle/op`""]"
boop-docs/microbenching/timing-reference/evidence/historical/riscv-special-instr-microbench.md,17,Quick Read,"[""Probe"", ""Approx adjusted cost""]","[""`auipc` + `addi` + `jalr` sequence"", ""`~1.0 cycle/op` per instruction""]"
boop-docs/microbenching/timing-reference/evidence/historical/riscv-special-instr-microbench.md,18,Quick Read,"[""Probe"", ""Approx adjusted cost""]","[""read-only `csrrs` / `csrrc`"", ""`~4.0 cycles/op`""]"
boop-docs/microbenching/timing-reference/evidence/historical/riscv-special-instr-microbench.md,68,Run 2026-06-06T20:40:41-04:00,"[""role"", ""test"", ""cycles"", ""cyc/iter"", ""adj cyc/op"", ""sink""]","[""brisc"", ""empty"", ""30027"", ""3.003"", """", ""0x12345679""]"
boop-docs/microbenching/timing-reference/evidence/historical/riscv-special-instr-microbench.md,69,Run 2026-06-06T20:40:41-04:00,"[""role"", ""test"", ""cycles"", ""cyc/iter"", ""adj cyc/op"", ""sink""]","[""brisc"", ""lbu_l1_1"", ""56023"", ""5.602"", ""2.600"", ""0x00000000""]"
boop-docs/microbenching/timing-reference/evidence/historical/riscv-special-instr-microbench.md,70,Run 2026-06-06T20:40:41-04:00,"[""role"", ""test"", ""cycles"", ""cyc/iter"", ""adj cyc/op"", ""sink""]","[""brisc"", ""lhu_l1_1"", ""56022"", ""5.602"", ""2.599"", ""0x00004000""]"
boop-docs/microbenching/timing-reference/evidence/historical/riscv-special-instr-microbench.md,71,Run 2026-06-06T20:40:41-04:00,"[""role"", ""test"", ""cycles"", ""cyc/iter"", ""adj cyc/op"", ""sink""]","[""brisc"", ""lw_l1_1"", ""56023"", ""5.602"", ""2.600"", ""0x00124000""]"
boop-docs/microbenching/timing-reference/evidence/historical/riscv-special-instr-microbench.md,72,Run 2026-06-06T20:40:41-04:00,"[""role"", ""test"", ""cycles"", ""cyc/iter"", ""adj cyc/op"", ""sink""]","[""brisc"", ""sb_l1_1"", ""40024"", ""4.002"", ""1.000"", ""0x12345679""]"
boop-docs/microbenching/timing-reference/evidence/historical/riscv-special-instr-microbench.md,73,Run 2026-06-06T20:40:41-04:00,"[""role"", ""test"", ""cycles"", ""cyc/iter"", ""adj cyc/op"", ""sink""]","[""brisc"", ""sh_l1_1"", ""40024"", ""4.002"", ""1.000"", ""0x12345679""]"
boop-docs/microbenching/timing-reference/evidence/historical/riscv-special-instr-microbench.md,74,Run 2026-06-06T20:40:41-04:00,"[""role"", ""test"", ""cycles"", ""cyc/iter"", ""adj cyc/op"", ""sink""]","[""brisc"", ""sw_l1_1"", ""40024"", ""4.002"", ""1.000"", ""0x12345679""]"
boop-docs/microbenching/timing-reference/evidence/historical/riscv-special-instr-microbench.md,75,Run 2026-06-06T20:40:41-04:00,"[""role"", ""test"", ""cycles"", ""cyc/iter"", ""adj cyc/op"", ""sink""]","[""brisc"", ""beq_taken1"", ""40028"", ""4.003"", ""1.000"", ""0x12345679""]"
boop-docs/microbenching/timing-reference/evidence/historical/riscv-special-instr-microbench.md,76,Run 2026-06-06T20:40:41-04:00,"[""role"", ""test"", ""cycles"", ""cyc/iter"", ""adj cyc/op"", ""sink""]","[""brisc"", ""beq_not_taken1"", ""40027"", ""4.003"", ""1.000"", ""0x12345679""]"
boop-docs/microbenching/timing-reference/evidence/historical/riscv-special-instr-microbench.md,77,Run 2026-06-06T20:40:41-04:00,"[""role"", ""test"", ""cycles"", ""cyc/iter"", ""adj cyc/op"", ""sink""]","[""brisc"", ""bne_taken1"", ""40031"", ""4.003"", ""1.000"", ""0x12345679""]"
boop-docs/microbenching/timing-reference/evidence/historical/riscv-special-instr-microbench.md,78,Run 2026-06-06T20:40:41-04:00,"[""role"", ""test"", ""cycles"", ""cyc/iter"", ""adj cyc/op"", ""sink""]","[""brisc"", ""bne_not_taken1"", ""40028"", ""4.003"", ""1.000"", ""0x12345679""]"
boop-docs/microbenching/timing-reference/evidence/historical/riscv-special-instr-microbench.md,79,Run 2026-06-06T20:40:41-04:00,"[""role"", ""test"", ""cycles"", ""cyc/iter"", ""adj cyc/op"", ""sink""]","[""brisc"", ""blt_taken1"", ""40024"", ""4.002"", ""1.000"", ""0x12345679""]"
boop-docs/microbenching/timing-reference/evidence/historical/riscv-special-instr-microbench.md,80,Run 2026-06-06T20:40:41-04:00,"[""role"", ""test"", ""cycles"", ""cyc/iter"", ""adj cyc/op"", ""sink""]","[""brisc"", ""blt_not_taken1"", ""40024"", ""4.002"", ""1.000"", ""0x12345679""]"
boop-docs/microbenching/timing-reference/evidence/historical/riscv-special-instr-microbench.md,81,Run 2026-06-06T20:40:41-04:00,"[""role"", ""test"", ""cycles"", ""cyc/iter"", ""adj cyc/op"", ""sink""]","[""brisc"", ""bge_taken1"", ""40024"", ""4.002"", ""1.000"", ""0x12345679""]"
boop-docs/microbenching/timing-reference/evidence/historical/riscv-special-instr-microbench.md,82,Run 2026-06-06T20:40:41-04:00,"[""role"", ""test"", ""cycles"", ""cyc/iter"", ""adj cyc/op"", ""sink""]","[""brisc"", ""bge_not_taken1"", ""40024"", ""4.002"", ""1.000"", ""0x12345679""]"
boop-docs/microbenching/timing-reference/evidence/historical/riscv-special-instr-microbench.md,83,Run 2026-06-06T20:40:41-04:00,"[""role"", ""test"", ""cycles"", ""cyc/iter"", ""adj cyc/op"", ""sink""]","[""brisc"", ""bltu_taken1"", ""40024"", ""4.002"", ""1.000"", ""0x12345679""]"
boop-docs/microbenching/timing-reference/evidence/historical/riscv-special-instr-microbench.md,84,Run 2026-06-06T20:40:41-04:00,"[""role"", ""test"", ""cycles"", ""cyc/iter"", ""adj cyc/op"", ""sink""]","[""brisc"", ""bltu_not_taken1"", ""40024"", ""4.002"", ""1.000"", ""0x12345679""]"
boop-docs/microbenching/timing-reference/evidence/historical/riscv-special-instr-microbench.md,85,Run 2026-06-06T20:40:41-04:00,"[""role"", ""test"", ""cycles"", ""cyc/iter"", ""adj cyc/op"", ""sink""]","[""brisc"", ""bgeu_taken1"", ""40024"", ""4.002"", ""1.000"", ""0x12345679""]"
boop-docs/microbenching/timing-reference/evidence/historical/riscv-special-instr-microbench.md,86,Run 2026-06-06T20:40:41-04:00,"[""role"", ""test"", ""cycles"", ""cyc/iter"", ""adj cyc/op"", ""sink""]","[""brisc"", ""bgeu_not_taken1"", ""40024"", ""4.002"", ""1.000"", ""0x12345679""]"
boop-docs/microbenching/timing-reference/evidence/historical/riscv-special-instr-microbench.md,87,Run 2026-06-06T20:40:41-04:00,"[""role"", ""test"", ""cycles"", ""cyc/iter"", ""adj cyc/op"", ""sink""]","[""brisc"", ""auipc_addi_jalr3"", ""60028"", ""6.003"", ""1.000"", ""0x12345679""]"
boop-docs/microbenching/timing-reference/evidence/historical/riscv-special-instr-microbench.md,88,Run 2026-06-06T20:40:41-04:00,"[""role"", ""test"", ""cycles"", ""cyc/iter"", ""adj cyc/op"", ""sink""]","[""brisc"", ""csrrs_read4"", ""190025"", ""19.003"", ""4.000"", ""0x00060008""]"
boop-docs/microbenching/timing-reference/evidence/historical/riscv-special-instr-microbench.md,89,Run 2026-06-06T20:40:41-04:00,"[""role"", ""test"", ""cycles"", ""cyc/iter"", ""adj cyc/op"", ""sink""]","[""brisc"", ""csrrc_read4"", ""190025"", ""19.003"", ""4.000"", ""0x00060008""]"
boop-docs/microbenching/timing-reference/evidence/historical/riscv-special-instr-microbench.md,90,Run 2026-06-06T20:40:41-04:00,"[""role"", ""test"", ""cycles"", ""cyc/iter"", ""adj cyc/op"", ""sink""]","[""ncrisc"", ""empty"", ""30024"", ""3.002"", """", ""0x12345679""]"
boop-docs/microbenching/timing-reference/evidence/historical/riscv-special-instr-microbench.md,91,Run 2026-06-06T20:40:41-04:00,"[""role"", ""test"", ""cycles"", ""cyc/iter"", ""adj cyc/op"", ""sink""]","[""ncrisc"", ""lbu_l1_1"", ""56021"", ""5.602"", ""2.600"", ""0x00000000""]"
boop-docs/microbenching/timing-reference/evidence/historical/riscv-special-instr-microbench.md,92,Run 2026-06-06T20:40:41-04:00,"[""role"", ""test"", ""cycles"", ""cyc/iter"", ""adj cyc/op"", ""sink""]","[""ncrisc"", ""lhu_l1_1"", ""56022"", ""5.602"", ""2.600"", ""0x00004000""]"
boop-docs/microbenching/timing-reference/evidence/historical/riscv-special-instr-microbench.md,93,Run 2026-06-06T20:40:41-04:00,"[""role"", ""test"", ""cycles"", ""cyc/iter"", ""adj cyc/op"", ""sink""]","[""ncrisc"", ""lw_l1_1"", ""56022"", ""5.602"", ""2.600"", ""0x00124000""]"
boop-docs/microbenching/timing-reference/evidence/historical/riscv-special-instr-microbench.md,94,Run 2026-06-06T20:40:41-04:00,"[""role"", ""test"", ""cycles"", ""cyc/iter"", ""adj cyc/op"", ""sink""]","[""ncrisc"", ""sb_l1_1"", ""40024"", ""4.002"", ""1.000"", ""0x12345679""]"
boop-docs/microbenching/timing-reference/evidence/historical/riscv-special-instr-microbench.md,95,Run 2026-06-06T20:40:41-04:00,"[""role"", ""test"", ""cycles"", ""cyc/iter"", ""adj cyc/op"", ""sink""]","[""ncrisc"", ""sh_l1_1"", ""40024"", ""4.002"", ""1.000"", ""0x12345679""]"
boop-docs/microbenching/timing-reference/evidence/historical/riscv-special-instr-microbench.md,96,Run 2026-06-06T20:40:41-04:00,"[""role"", ""test"", ""cycles"", ""cyc/iter"", ""adj cyc/op"", ""sink""]","[""ncrisc"", ""sw_l1_1"", ""40024"", ""4.002"", ""1.000"", ""0x12345679""]"
boop-docs/microbenching/timing-reference/evidence/historical/riscv-special-instr-microbench.md,97,Run 2026-06-06T20:40:41-04:00,"[""role"", ""test"", ""cycles"", ""cyc/iter"", ""adj cyc/op"", ""sink""]","[""ncrisc"", ""beq_taken1"", ""40028"", ""4.003"", ""1.000"", ""0x12345679""]"
boop-docs/microbenching/timing-reference/evidence/historical/riscv-special-instr-microbench.md,98,Run 2026-06-06T20:40:41-04:00,"[""role"", ""test"", ""cycles"", ""cyc/iter"", ""adj cyc/op"", ""sink""]","[""ncrisc"", ""beq_not_taken1"", ""40028"", ""4.003"", ""1.000"", ""0x12345679""]"
boop-docs/microbenching/timing-reference/evidence/historical/riscv-special-instr-microbench.md,99,Run 2026-06-06T20:40:41-04:00,"[""role"", ""test"", ""cycles"", ""cyc/iter"", ""adj cyc/op"", ""sink""]","[""ncrisc"", ""bne_taken1"", ""40027"", ""4.003"", ""1.000"", ""0x12345679""]"
boop-docs/microbenching/timing-reference/evidence/historical/riscv-special-instr-microbench.md,100,Run 2026-06-06T20:40:41-04:00,"[""role"", ""test"", ""cycles"", ""cyc/iter"", ""adj cyc/op"", ""sink""]","[""ncrisc"", ""bne_not_taken1"", ""40028"", ""4.003"", ""1.000"", ""0x12345679""]"
boop-docs/microbenching/timing-reference/evidence/historical/riscv-special-instr-microbench.md,101,Run 2026-06-06T20:40:41-04:00,"[""role"", ""test"", ""cycles"", ""cyc/iter"", ""adj cyc/op"", ""sink""]","[""ncrisc"", ""blt_taken1"", ""40024"", ""4.002"", ""1.000"", ""0x12345679""]"
boop-docs/microbenching/timing-reference/evidence/historical/riscv-special-instr-microbench.md,102,Run 2026-06-06T20:40:41-04:00,"[""role"", ""test"", ""cycles"", ""cyc/iter"", ""adj cyc/op"", ""sink""]","[""ncrisc"", ""blt_not_taken1"", ""40025"", ""4.003"", ""1.000"", ""0x12345679""]"
boop-docs/microbenching/timing-reference/evidence/historical/riscv-special-instr-microbench.md,103,Run 2026-06-06T20:40:41-04:00,"[""role"", ""test"", ""cycles"", ""cyc/iter"", ""adj cyc/op"", ""sink""]","[""ncrisc"", ""bge_taken1"", ""40024"", ""4.002"", ""1.000"", ""0x12345679""]"
boop-docs/microbenching/timing-reference/evidence/historical/riscv-special-instr-microbench.md,104,Run 2026-06-06T20:40:41-04:00,"[""role"", ""test"", ""cycles"", ""cyc/iter"", ""adj cyc/op"", ""sink""]","[""ncrisc"", ""bge_not_taken1"", ""40024"", ""4.002"", ""1.000"", ""0x12345679""]"
boop-docs/microbenching/timing-reference/evidence/historical/riscv-special-instr-microbench.md,105,Run 2026-06-06T20:40:41-04:00,"[""role"", ""test"", ""cycles"", ""cyc/iter"", ""adj cyc/op"", ""sink""]","[""ncrisc"", ""bltu_taken1"", ""40024"", ""4.002"", ""1.000"", ""0x12345679""]"
boop-docs/microbenching/timing-reference/evidence/historical/riscv-special-instr-microbench.md,106,Run 2026-06-06T20:40:41-04:00,"[""role"", ""test"", ""cycles"", ""cyc/iter"", ""adj cyc/op"", ""sink""]","[""ncrisc"", ""bltu_not_taken1"", ""40024"", ""4.002"", ""1.000"", ""0x12345679""]"
boop-docs/microbenching/timing-reference/evidence/historical/riscv-special-instr-microbench.md,107,Run 2026-06-06T20:40:41-04:00,"[""role"", ""test"", ""cycles"", ""cyc/iter"", ""adj cyc/op"", ""sink""]","[""ncrisc"", ""bgeu_taken1"", ""40024"", ""4.002"", ""1.000"", ""0x12345679""]"
boop-docs/microbenching/timing-reference/evidence/historical/riscv-special-instr-microbench.md,108,Run 2026-06-06T20:40:41-04:00,"[""role"", ""test"", ""cycles"", ""cyc/iter"", ""adj cyc/op"", ""sink""]","[""ncrisc"", ""bgeu_not_taken1"", ""40024"", ""4.002"", ""1.000"", ""0x12345679""]"
boop-docs/microbenching/timing-reference/evidence/historical/riscv-special-instr-microbench.md,109,Run 2026-06-06T20:40:41-04:00,"[""role"", ""test"", ""cycles"", ""cyc/iter"", ""adj cyc/op"", ""sink""]","[""ncrisc"", ""auipc_addi_jalr3"", ""60028"", ""6.003"", ""1.000"", ""0x12345679""]"
boop-docs/microbenching/timing-reference/evidence/historical/riscv-special-instr-microbench.md,110,Run 2026-06-06T20:40:41-04:00,"[""role"", ""test"", ""cycles"", ""cyc/iter"", ""adj cyc/op"", ""sink""]","[""ncrisc"", ""csrrs_read4"", ""190025"", ""19.003"", ""4.000"", ""0x00060008""]"
boop-docs/microbenching/timing-reference/evidence/historical/riscv-special-instr-microbench.md,111,Run 2026-06-06T20:40:41-04:00,"[""role"", ""test"", ""cycles"", ""cyc/iter"", ""adj cyc/op"", ""sink""]","[""ncrisc"", ""csrrc_read4"", ""190025"", ""19.003"", ""4.000"", ""0x00060008""]"
boop-docs/microbenching/timing-reference/evidence/historical/riscv-special-instr-microbench.md,112,Run 2026-06-06T20:40:41-04:00,"[""role"", ""test"", ""cycles"", ""cyc/iter"", ""adj cyc/op"", ""sink""]","[""trisc0"", ""empty"", ""30024"", ""3.002"", """", ""0x12345679""]"
boop-docs/microbenching/timing-reference/evidence/historical/riscv-special-instr-microbench.md,113,Run 2026-06-06T20:40:41-04:00,"[""role"", ""test"", ""cycles"", ""cyc/iter"", ""adj cyc/op"", ""sink""]","[""trisc0"", ""lbu_l1_1"", ""56023"", ""5.602"", ""2.600"", ""0x00000000""]"
boop-docs/microbenching/timing-reference/evidence/historical/riscv-special-instr-microbench.md,114,Run 2026-06-06T20:40:41-04:00,"[""role"", ""test"", ""cycles"", ""cyc/iter"", ""adj cyc/op"", ""sink""]","[""trisc0"", ""lhu_l1_1"", ""56022"", ""5.602"", ""2.600"", ""0x00004000""]"
boop-docs/microbenching/timing-reference/evidence/historical/riscv-special-instr-microbench.md,115,Run 2026-06-06T20:40:41-04:00,"[""role"", ""test"", ""cycles"", ""cyc/iter"", ""adj cyc/op"", ""sink""]","[""trisc0"", ""lw_l1_1"", ""56024"", ""5.602"", ""2.600"", ""0x00124000""]"
boop-docs/microbenching/timing-reference/evidence/historical/riscv-special-instr-microbench.md,116,Run 2026-06-06T20:40:41-04:00,"[""role"", ""test"", ""cycles"", ""cyc/iter"", ""adj cyc/op"", ""sink""]","[""trisc0"", ""sb_l1_1"", ""40024"", ""4.002"", ""1.000"", ""0x12345679""]"
boop-docs/microbenching/timing-reference/evidence/historical/riscv-special-instr-microbench.md,117,Run 2026-06-06T20:40:41-04:00,"[""role"", ""test"", ""cycles"", ""cyc/iter"", ""adj cyc/op"", ""sink""]","[""trisc0"", ""sh_l1_1"", ""40024"", ""4.002"", ""1.000"", ""0x12345679""]"
boop-docs/microbenching/timing-reference/evidence/historical/riscv-special-instr-microbench.md,118,Run 2026-06-06T20:40:41-04:00,"[""role"", ""test"", ""cycles"", ""cyc/iter"", ""adj cyc/op"", ""sink""]","[""trisc0"", ""sw_l1_1"", ""40024"", ""4.002"", ""1.000"", ""0x12345679""]"
boop-docs/microbenching/timing-reference/evidence/historical/riscv-special-instr-microbench.md,119,Run 2026-06-06T20:40:41-04:00,"[""role"", ""test"", ""cycles"", ""cyc/iter"", ""adj cyc/op"", ""sink""]","[""trisc0"", ""beq_taken1"", ""40028"", ""4.003"", ""1.000"", ""0x12345679""]"
boop-docs/microbenching/timing-reference/evidence/historical/riscv-special-instr-microbench.md,120,Run 2026-06-06T20:40:41-04:00,"[""role"", ""test"", ""cycles"", ""cyc/iter"", ""adj cyc/op"", ""sink""]","[""trisc0"", ""beq_not_taken1"", ""40028"", ""4.003"", ""1.000"", ""0x12345679""]"
boop-docs/microbenching/timing-reference/evidence/historical/riscv-special-instr-microbench.md,121,Run 2026-06-06T20:40:41-04:00,"[""role"", ""test"", ""cycles"", ""cyc/iter"", ""adj cyc/op"", ""sink""]","[""trisc0"", ""bne_taken1"", ""40027"", ""4.003"", ""1.000"", ""0x12345679""]"
boop-docs/microbenching/timing-reference/evidence/historical/riscv-special-instr-microbench.md,122,Run 2026-06-06T20:40:41-04:00,"[""role"", ""test"", ""cycles"", ""cyc/iter"", ""adj cyc/op"", ""sink""]","[""trisc0"", ""bne_not_taken1"", ""40028"", ""4.003"", ""1.000"", ""0x12345679""]"
boop-docs/microbenching/timing-reference/evidence/historical/riscv-special-instr-microbench.md,123,Run 2026-06-06T20:40:41-04:00,"[""role"", ""test"", ""cycles"", ""cyc/iter"", ""adj cyc/op"", ""sink""]","[""trisc0"", ""blt_taken1"", ""40024"", ""4.002"", ""1.000"", ""0x12345679""]"
boop-docs/microbenching/timing-reference/evidence/historical/riscv-special-instr-microbench.md,124,Run 2026-06-06T20:40:41-04:00,"[""role"", ""test"", ""cycles"", ""cyc/iter"", ""adj cyc/op"", ""sink""]","[""trisc0"", ""blt_not_taken1"", ""40024"", ""4.002"", ""1.000"", ""0x12345679""]"
boop-docs/microbenching/timing-reference/evidence/historical/riscv-special-instr-microbench.md,125,Run 2026-06-06T20:40:41-04:00,"[""role"", ""test"", ""cycles"", ""cyc/iter"", ""adj cyc/op"", ""sink""]","[""trisc0"", ""bge_taken1"", ""40024"", ""4.002"", ""1.000"", ""0x12345679""]"
boop-docs/microbenching/timing-reference/evidence/historical/riscv-special-instr-microbench.md,126,Run 2026-06-06T20:40:41-04:00,"[""role"", ""test"", ""cycles"", ""cyc/iter"", ""adj cyc/op"", ""sink""]","[""trisc0"", ""bge_not_taken1"", ""40024"", ""4.002"", ""1.000"", ""0x12345679""]"
boop-docs/microbenching/timing-reference/evidence/historical/riscv-special-instr-microbench.md,127,Run 2026-06-06T20:40:41-04:00,"[""role"", ""test"", ""cycles"", ""cyc/iter"", ""adj cyc/op"", ""sink""]","[""trisc0"", ""bltu_taken1"", ""40024"", ""4.002"", ""1.000"", ""0x12345679""]"
boop-docs/microbenching/timing-reference/evidence/historical/riscv-special-instr-microbench.md,128,Run 2026-06-06T20:40:41-04:00,"[""role"", ""test"", ""cycles"", ""cyc/iter"", ""adj cyc/op"", ""sink""]","[""trisc0"", ""bltu_not_taken1"", ""40024"", ""4.002"", ""1.000"", ""0x12345679""]"
boop-docs/microbenching/timing-reference/evidence/historical/riscv-special-instr-microbench.md,129,Run 2026-06-06T20:40:41-04:00,"[""role"", ""test"", ""cycles"", ""cyc/iter"", ""adj cyc/op"", ""sink""]","[""trisc0"", ""bgeu_taken1"", ""40024"", ""4.002"", ""1.000"", ""0x12345679""]"
boop-docs/microbenching/timing-reference/evidence/historical/riscv-special-instr-microbench.md,130,Run 2026-06-06T20:40:41-04:00,"[""role"", ""test"", ""cycles"", ""cyc/iter"", ""adj cyc/op"", ""sink""]","[""trisc0"", ""bgeu_not_taken1"", ""40024"", ""4.002"", ""1.000"", ""0x12345679""]"
boop-docs/microbenching/timing-reference/evidence/historical/riscv-special-instr-microbench.md,131,Run 2026-06-06T20:40:41-04:00,"[""role"", ""test"", ""cycles"", ""cyc/iter"", ""adj cyc/op"", ""sink""]","[""trisc0"", ""auipc_addi_jalr3"", ""60028"", ""6.003"", ""1.000"", ""0x12345679""]"
boop-docs/microbenching/timing-reference/evidence/historical/riscv-special-instr-microbench.md,132,Run 2026-06-06T20:40:41-04:00,"[""role"", ""test"", ""cycles"", ""cyc/iter"", ""adj cyc/op"", ""sink""]","[""trisc0"", ""csrrs_read4"", ""190025"", ""19.003"", ""4.000"", ""0x00060008""]"
boop-docs/microbenching/timing-reference/evidence/historical/riscv-special-instr-microbench.md,133,Run 2026-06-06T20:40:41-04:00,"[""role"", ""test"", ""cycles"", ""cyc/iter"", ""adj cyc/op"", ""sink""]","[""trisc0"", ""csrrc_read4"", ""190025"", ""19.003"", ""4.000"", ""0x00060008""]"
boop-docs/microbenching/timing-reference/evidence/historical/riscv-special-instr-microbench.md,134,Run 2026-06-06T20:40:41-04:00,"[""role"", ""test"", ""cycles"", ""cyc/iter"", ""adj cyc/op"", ""sink""]","[""trisc1"", ""empty"", ""30023"", ""3.002"", """", ""0x12345679""]"
boop-docs/microbenching/timing-reference/evidence/historical/riscv-special-instr-microbench.md,135,Run 2026-06-06T20:40:41-04:00,"[""role"", ""test"", ""cycles"", ""cyc/iter"", ""adj cyc/op"", ""sink""]","[""trisc1"", ""lbu_l1_1"", ""56023"", ""5.602"", ""2.600"", ""0x00000000""]"
boop-docs/microbenching/timing-reference/evidence/historical/riscv-special-instr-microbench.md,136,Run 2026-06-06T20:40:41-04:00,"[""role"", ""test"", ""cycles"", ""cyc/iter"", ""adj cyc/op"", ""sink""]","[""trisc1"", ""lhu_l1_1"", ""56023"", ""5.602"", ""2.600"", ""0x00004000""]"
boop-docs/microbenching/timing-reference/evidence/historical/riscv-special-instr-microbench.md,137,Run 2026-06-06T20:40:41-04:00,"[""role"", ""test"", ""cycles"", ""cyc/iter"", ""adj cyc/op"", ""sink""]","[""trisc1"", ""lw_l1_1"", ""56023"", ""5.602"", ""2.600"", ""0x00124000""]"
boop-docs/microbenching/timing-reference/evidence/historical/riscv-special-instr-microbench.md,138,Run 2026-06-06T20:40:41-04:00,"[""role"", ""test"", ""cycles"", ""cyc/iter"", ""adj cyc/op"", ""sink""]","[""trisc1"", ""sb_l1_1"", ""40024"", ""4.002"", ""1.000"", ""0x12345679""]"
boop-docs/microbenching/timing-reference/evidence/historical/riscv-special-instr-microbench.md,139,Run 2026-06-06T20:40:41-04:00,"[""role"", ""test"", ""cycles"", ""cyc/iter"", ""adj cyc/op"", ""sink""]","[""trisc1"", ""sh_l1_1"", ""40024"", ""4.002"", ""1.000"", ""0x12345679""]"
boop-docs/microbenching/timing-reference/evidence/historical/riscv-special-instr-microbench.md,140,Run 2026-06-06T20:40:41-04:00,"[""role"", ""test"", ""cycles"", ""cyc/iter"", ""adj cyc/op"", ""sink""]","[""trisc1"", ""sw_l1_1"", ""40024"", ""4.002"", ""1.000"", ""0x12345679""]"
boop-docs/microbenching/timing-reference/evidence/historical/riscv-special-instr-microbench.md,141,Run 2026-06-06T20:40:41-04:00,"[""role"", ""test"", ""cycles"", ""cyc/iter"", ""adj cyc/op"", ""sink""]","[""trisc1"", ""beq_taken1"", ""40028"", ""4.003"", ""1.000"", ""0x12345679""]"
boop-docs/microbenching/timing-reference/evidence/historical/riscv-special-instr-microbench.md,142,Run 2026-06-06T20:40:41-04:00,"[""role"", ""test"", ""cycles"", ""cyc/iter"", ""adj cyc/op"", ""sink""]","[""trisc1"", ""beq_not_taken1"", ""40028"", ""4.003"", ""1.000"", ""0x12345679""]"
boop-docs/microbenching/timing-reference/evidence/historical/riscv-special-instr-microbench.md,143,Run 2026-06-06T20:40:41-04:00,"[""role"", ""test"", ""cycles"", ""cyc/iter"", ""adj cyc/op"", ""sink""]","[""trisc1"", ""bne_taken1"", ""40030"", ""4.003"", ""1.001"", ""0x12345679""]"
boop-docs/microbenching/timing-reference/evidence/historical/riscv-special-instr-microbench.md,144,Run 2026-06-06T20:40:41-04:00,"[""role"", ""test"", ""cycles"", ""cyc/iter"", ""adj cyc/op"", ""sink""]","[""trisc1"", ""bne_not_taken1"", ""40028"", ""4.003"", ""1.000"", ""0x12345679""]"
boop-docs/microbenching/timing-reference/evidence/historical/riscv-special-instr-microbench.md,145,Run 2026-06-06T20:40:41-04:00,"[""role"", ""test"", ""cycles"", ""cyc/iter"", ""adj cyc/op"", ""sink""]","[""trisc1"", ""blt_taken1"", ""40025"", ""4.003"", ""1.000"", ""0x12345679""]"
boop-docs/microbenching/timing-reference/evidence/historical/riscv-special-instr-microbench.md,146,Run 2026-06-06T20:40:41-04:00,"[""role"", ""test"", ""cycles"", ""cyc/iter"", ""adj cyc/op"", ""sink""]","[""trisc1"", ""blt_not_taken1"", ""40025"", ""4.003"", ""1.000"", ""0x12345679""]"
boop-docs/microbenching/timing-reference/evidence/historical/riscv-special-instr-microbench.md,147,Run 2026-06-06T20:40:41-04:00,"[""role"", ""test"", ""cycles"", ""cyc/iter"", ""adj cyc/op"", ""sink""]","[""trisc1"", ""bge_taken1"", ""40025"", ""4.003"", ""1.000"", ""0x12345679""]"
boop-docs/microbenching/timing-reference/evidence/historical/riscv-special-instr-microbench.md,148,Run 2026-06-06T20:40:41-04:00,"[""role"", ""test"", ""cycles"", ""cyc/iter"", ""adj cyc/op"", ""sink""]","[""trisc1"", ""bge_not_taken1"", ""40025"", ""4.003"", ""1.000"", ""0x12345679""]"
boop-docs/microbenching/timing-reference/evidence/historical/riscv-special-instr-microbench.md,149,Run 2026-06-06T20:40:41-04:00,"[""role"", ""test"", ""cycles"", ""cyc/iter"", ""adj cyc/op"", ""sink""]","[""trisc1"", ""bltu_taken1"", ""40025"", ""4.003"", ""1.000"", ""0x12345679""]"
boop-docs/microbenching/timing-reference/evidence/historical/riscv-special-instr-microbench.md,150,Run 2026-06-06T20:40:41-04:00,"[""role"", ""test"", ""cycles"", ""cyc/iter"", ""adj cyc/op"", ""sink""]","[""trisc1"", ""bltu_not_taken1"", ""40025"", ""4.003"", ""1.000"", ""0x12345679""]"
boop-docs/microbenching/timing-reference/evidence/historical/riscv-special-instr-microbench.md,151,Run 2026-06-06T20:40:41-04:00,"[""role"", ""test"", ""cycles"", ""cyc/iter"", ""adj cyc/op"", ""sink""]","[""trisc1"", ""bgeu_taken1"", ""40025"", ""4.003"", ""1.000"", ""0x12345679""]"
boop-docs/microbenching/timing-reference/evidence/historical/riscv-special-instr-microbench.md,152,Run 2026-06-06T20:40:41-04:00,"[""role"", ""test"", ""cycles"", ""cyc/iter"", ""adj cyc/op"", ""sink""]","[""trisc1"", ""bgeu_not_taken1"", ""40025"", ""4.003"", ""1.000"", ""0x12345679""]"
boop-docs/microbenching/timing-reference/evidence/historical/riscv-special-instr-microbench.md,153,Run 2026-06-06T20:40:41-04:00,"[""role"", ""test"", ""cycles"", ""cyc/iter"", ""adj cyc/op"", ""sink""]","[""trisc1"", ""auipc_addi_jalr3"", ""60029"", ""6.003"", ""1.000"", ""0x12345679""]"
boop-docs/microbenching/timing-reference/evidence/historical/riscv-special-instr-microbench.md,154,Run 2026-06-06T20:40:41-04:00,"[""role"", ""test"", ""cycles"", ""cyc/iter"", ""adj cyc/op"", ""sink""]","[""trisc1"", ""csrrs_read4"", ""190025"", ""19.003"", ""4.000"", ""0x00060008""]"
boop-docs/microbenching/timing-reference/evidence/historical/riscv-special-instr-microbench.md,155,Run 2026-06-06T20:40:41-04:00,"[""role"", ""test"", ""cycles"", ""cyc/iter"", ""adj cyc/op"", ""sink""]","[""trisc1"", ""csrrc_read4"", ""190025"", ""19.003"", ""4.000"", ""0x00060008""]"
boop-docs/microbenching/timing-reference/evidence/historical/riscv-special-instr-microbench.md,156,Run 2026-06-06T20:40:41-04:00,"[""role"", ""test"", ""cycles"", ""cyc/iter"", ""adj cyc/op"", ""sink""]","[""trisc2"", ""empty"", ""30023"", ""3.002"", """", ""0x12345679""]"
boop-docs/microbenching/timing-reference/evidence/historical/riscv-special-instr-microbench.md,157,Run 2026-06-06T20:40:41-04:00,"[""role"", ""test"", ""cycles"", ""cyc/iter"", ""adj cyc/op"", ""sink""]","[""trisc2"", ""lbu_l1_1"", ""56023"", ""5.602"", ""2.600"", ""0x00000000""]"
boop-docs/microbenching/timing-reference/evidence/historical/riscv-special-instr-microbench.md,158,Run 2026-06-06T20:40:41-04:00,"[""role"", ""test"", ""cycles"", ""cyc/iter"", ""adj cyc/op"", ""sink""]","[""trisc2"", ""lhu_l1_1"", ""56022"", ""5.602"", ""2.600"", ""0x00004000""]"
boop-docs/microbenching/timing-reference/evidence/historical/riscv-special-instr-microbench.md,159,Run 2026-06-06T20:40:41-04:00,"[""role"", ""test"", ""cycles"", ""cyc/iter"", ""adj cyc/op"", ""sink""]","[""trisc2"", ""lw_l1_1"", ""56023"", ""5.602"", ""2.600"", ""0x00124000""]"
boop-docs/microbenching/timing-reference/evidence/historical/riscv-special-instr-microbench.md,160,Run 2026-06-06T20:40:41-04:00,"[""role"", ""test"", ""cycles"", ""cyc/iter"", ""adj cyc/op"", ""sink""]","[""trisc2"", ""sb_l1_1"", ""40024"", ""4.002"", ""1.000"", ""0x12345679""]"
boop-docs/microbenching/timing-reference/evidence/historical/riscv-special-instr-microbench.md,161,Run 2026-06-06T20:40:41-04:00,"[""role"", ""test"", ""cycles"", ""cyc/iter"", ""adj cyc/op"", ""sink""]","[""trisc2"", ""sh_l1_1"", ""40024"", ""4.002"", ""1.000"", ""0x12345679""]"
boop-docs/microbenching/timing-reference/evidence/historical/riscv-special-instr-microbench.md,162,Run 2026-06-06T20:40:41-04:00,"[""role"", ""test"", ""cycles"", ""cyc/iter"", ""adj cyc/op"", ""sink""]","[""trisc2"", ""sw_l1_1"", ""40024"", ""4.002"", ""1.000"", ""0x12345679""]"
boop-docs/microbenching/timing-reference/evidence/historical/riscv-special-instr-microbench.md,163,Run 2026-06-06T20:40:41-04:00,"[""role"", ""test"", ""cycles"", ""cyc/iter"", ""adj cyc/op"", ""sink""]","[""trisc2"", ""beq_taken1"", ""40028"", ""4.003"", ""1.000"", ""0x12345679""]"
boop-docs/microbenching/timing-reference/evidence/historical/riscv-special-instr-microbench.md,164,Run 2026-06-06T20:40:41-04:00,"[""role"", ""test"", ""cycles"", ""cyc/iter"", ""adj cyc/op"", ""sink""]","[""trisc2"", ""beq_not_taken1"", ""40028"", ""4.003"", ""1.000"", ""0x12345679""]"
boop-docs/microbenching/timing-reference/evidence/historical/riscv-special-instr-microbench.md,165,Run 2026-06-06T20:40:41-04:00,"[""role"", ""test"", ""cycles"", ""cyc/iter"", ""adj cyc/op"", ""sink""]","[""trisc2"", ""bne_taken1"", ""40030"", ""4.003"", ""1.001"", ""0x12345679""]"
boop-docs/microbenching/timing-reference/evidence/historical/riscv-special-instr-microbench.md,166,Run 2026-06-06T20:40:41-04:00,"[""role"", ""test"", ""cycles"", ""cyc/iter"", ""adj cyc/op"", ""sink""]","[""trisc2"", ""bne_not_taken1"", ""40028"", ""4.003"", ""1.000"", ""0x12345679""]"
boop-docs/microbenching/timing-reference/evidence/historical/riscv-special-instr-microbench.md,167,Run 2026-06-06T20:40:41-04:00,"[""role"", ""test"", ""cycles"", ""cyc/iter"", ""adj cyc/op"", ""sink""]","[""trisc2"", ""blt_taken1"", ""40025"", ""4.003"", ""1.000"", ""0x12345679""]"
boop-docs/microbenching/timing-reference/evidence/historical/riscv-special-instr-microbench.md,168,Run 2026-06-06T20:40:41-04:00,"[""role"", ""test"", ""cycles"", ""cyc/iter"", ""adj cyc/op"", ""sink""]","[""trisc2"", ""blt_not_taken1"", ""40025"", ""4.003"", ""1.000"", ""0x12345679""]"
boop-docs/microbenching/timing-reference/evidence/historical/riscv-special-instr-microbench.md,169,Run 2026-06-06T20:40:41-04:00,"[""role"", ""test"", ""cycles"", ""cyc/iter"", ""adj cyc/op"", ""sink""]","[""trisc2"", ""bge_taken1"", ""40025"", ""4.003"", ""1.000"", ""0x12345679""]"
boop-docs/microbenching/timing-reference/evidence/historical/riscv-special-instr-microbench.md,170,Run 2026-06-06T20:40:41-04:00,"[""role"", ""test"", ""cycles"", ""cyc/iter"", ""adj cyc/op"", ""sink""]","[""trisc2"", ""bge_not_taken1"", ""40025"", ""4.003"", ""1.000"", ""0x12345679""]"
boop-docs/microbenching/timing-reference/evidence/historical/riscv-special-instr-microbench.md,171,Run 2026-06-06T20:40:41-04:00,"[""role"", ""test"", ""cycles"", ""cyc/iter"", ""adj cyc/op"", ""sink""]","[""trisc2"", ""bltu_taken1"", ""40025"", ""4.003"", ""1.000"", ""0x12345679""]"
boop-docs/microbenching/timing-reference/evidence/historical/riscv-special-instr-microbench.md,172,Run 2026-06-06T20:40:41-04:00,"[""role"", ""test"", ""cycles"", ""cyc/iter"", ""adj cyc/op"", ""sink""]","[""trisc2"", ""bltu_not_taken1"", ""40025"", ""4.003"", ""1.000"", ""0x12345679""]"
boop-docs/microbenching/timing-reference/evidence/historical/riscv-special-instr-microbench.md,173,Run 2026-06-06T20:40:41-04:00,"[""role"", ""test"", ""cycles"", ""cyc/iter"", ""adj cyc/op"", ""sink""]","[""trisc2"", ""bgeu_taken1"", ""40025"", ""4.003"", ""1.000"", ""0x12345679""]"
boop-docs/microbenching/timing-reference/evidence/historical/riscv-special-instr-microbench.md,174,Run 2026-06-06T20:40:41-04:00,"[""role"", ""test"", ""cycles"", ""cyc/iter"", ""adj cyc/op"", ""sink""]","[""trisc2"", ""bgeu_not_taken1"", ""40025"", ""4.003"", ""1.000"", ""0x12345679""]"
boop-docs/microbenching/timing-reference/evidence/historical/riscv-special-instr-microbench.md,175,Run 2026-06-06T20:40:41-04:00,"[""role"", ""test"", ""cycles"", ""cyc/iter"", ""adj cyc/op"", ""sink""]","[""trisc2"", ""auipc_addi_jalr3"", ""60029"", ""6.003"", ""1.000"", ""0x12345679""]"
boop-docs/microbenching/timing-reference/evidence/historical/riscv-special-instr-microbench.md,176,Run 2026-06-06T20:40:41-04:00,"[""role"", ""test"", ""cycles"", ""cyc/iter"", ""adj cyc/op"", ""sink""]","[""trisc2"", ""csrrs_read4"", ""190025"", ""19.003"", ""4.000"", ""0x00060008""]"
boop-docs/microbenching/timing-reference/evidence/historical/riscv-special-instr-microbench.md,177,Run 2026-06-06T20:40:41-04:00,"[""role"", ""test"", ""cycles"", ""cyc/iter"", ""adj cyc/op"", ""sink""]","[""trisc2"", ""csrrc_read4"", ""190025"", ""19.003"", ""4.000"", ""0x00060008""]"
boop-docs/microbenching/timing-reference/evidence/historical/sem-cb-microbench.md,90,Run 2026-06-08T13:15:13-04:00,"[""role"", ""test"", ""group"", ""mode"", ""ops/iter"", ""cycles"", ""cyc/iter"", ""adj cyc/op"", ""sink""]","[""brisc"", ""empty"", ""baseline"", ""baseline"", ""0"", ""4026"", ""4.026"", """", ""0x5c0b03e8""]"
boop-docs/microbenching/timing-reference/evidence/historical/sem-cb-microbench.md,91,Run 2026-06-08T13:15:13-04:00,"[""role"", ""test"", ""group"", ""mode"", ""ops/iter"", ""cycles"", ""cyc/iter"", ""adj cyc/op"", ""sink""]","[""brisc"", ""release_signal"", ""control"", ""control"", ""1"", ""291051"", ""291.051"", ""287.025"", ""0x5c0b0001""]"
boop-docs/microbenching/timing-reference/evidence/historical/sem-cb-microbench.md,92,Run 2026-06-08T13:15:13-04:00,"[""role"", ""test"", ""group"", ""mode"", ""ops/iter"", ""cycles"", ""cyc/iter"", ""adj cyc/op"", ""sink""]","[""brisc"", ""cb_wait_front_ready"", ""cb"", ""ready"", ""1"", ""26028"", ""26.028"", ""22.002"", ""0x5c0b0002""]"
boop-docs/microbenching/timing-reference/evidence/historical/sem-cb-microbench.md,93,Run 2026-06-08T13:15:13-04:00,"[""role"", ""test"", ""group"", ""mode"", ""ops/iter"", ""cycles"", ""cyc/iter"", ""adj cyc/op"", ""sink""]","[""brisc"", ""cb_wait_front_block"", ""cb"", ""blocking"", ""1"", ""324029"", ""324.029"", ""320.003"", ""0x5c0b0003""]"
boop-docs/microbenching/timing-reference/evidence/historical/sem-cb-microbench.md,94,Run 2026-06-08T13:15:13-04:00,"[""role"", ""test"", ""group"", ""mode"", ""ops/iter"", ""cycles"", ""cyc/iter"", ""adj cyc/op"", ""sink""]","[""brisc"", ""cb_reserve_back_ready"", ""cb"", ""ready"", ""1"", ""27028"", ""27.028"", ""23.002"", ""0x5c0b0004""]"
boop-docs/microbenching/timing-reference/evidence/historical/sem-cb-microbench.md,95,Run 2026-06-08T13:15:13-04:00,"[""role"", ""test"", ""group"", ""mode"", ""ops/iter"", ""cycles"", ""cyc/iter"", ""adj cyc/op"", ""sink""]","[""brisc"", ""cb_reserve_back_block"", ""cb"", ""blocking"", ""1"", ""328047"", ""328.047"", ""324.021"", ""0x5c0b0005""]"
boop-docs/microbenching/timing-reference/evidence/historical/sem-cb-microbench.md,96,Run 2026-06-08T13:15:13-04:00,"[""role"", ""test"", ""group"", ""mode"", ""ops/iter"", ""cycles"", ""cyc/iter"", ""adj cyc/op"", ""sink""]","[""brisc"", ""cb_push_back"", ""cb"", ""ready"", ""1"", ""35041"", ""35.041"", ""31.015"", ""0x5c0b0006""]"
boop-docs/microbenching/timing-reference/evidence/historical/sem-cb-microbench.md,97,Run 2026-06-08T13:15:13-04:00,"[""role"", ""test"", ""group"", ""mode"", ""ops/iter"", ""cycles"", ""cyc/iter"", ""adj cyc/op"", ""sink""]","[""brisc"", ""cb_pop_front"", ""cb"", ""ready"", ""1"", ""35541"", ""35.541"", ""31.515"", ""0x5c0b0007""]"
boop-docs/microbenching/timing-reference/evidence/historical/sem-cb-microbench.md,98,Run 2026-06-08T13:15:13-04:00,"[""role"", ""test"", ""group"", ""mode"", ""ops/iter"", ""cycles"", ""cyc/iter"", ""adj cyc/op"", ""sink""]","[""brisc"", ""noc_sem_set"", ""noc_sem"", ""ready"", ""1"", ""16023"", ""16.023"", ""11.997"", ""0x5c0b0008""]"
boop-docs/microbenching/timing-reference/evidence/historical/sem-cb-microbench.md,99,Run 2026-06-08T13:15:13-04:00,"[""role"", ""test"", ""group"", ""mode"", ""ops/iter"", ""cycles"", ""cyc/iter"", ""adj cyc/op"", ""sink""]","[""brisc"", ""noc_sem_wait_ready"", ""noc_sem"", ""ready"", ""1"", ""23107"", ""23.107"", ""19.081"", ""0x5c0b0009""]"
boop-docs/microbenching/timing-reference/evidence/historical/sem-cb-microbench.md,100,Run 2026-06-08T13:15:13-04:00,"[""role"", ""test"", ""group"", ""mode"", ""ops/iter"", ""cycles"", ""cyc/iter"", ""adj cyc/op"", ""sink""]","[""brisc"", ""noc_sem_wait_block"", ""noc_sem"", ""blocking"", ""1"", ""312044"", ""312.044"", ""308.018"", ""0x5c0b000a""]"
boop-docs/microbenching/timing-reference/evidence/historical/sem-cb-microbench.md,101,Run 2026-06-08T13:15:13-04:00,"[""role"", ""test"", ""group"", ""mode"", ""ops/iter"", ""cycles"", ""cyc/iter"", ""adj cyc/op"", ""sink""]","[""brisc"", ""noc_sem_inc_wait"", ""noc_sem"", ""ready"", ""1"", ""103022"", ""103.022"", ""98.996"", ""0x5c0b000b""]"
boop-docs/microbenching/timing-reference/evidence/historical/sem-cb-microbench.md,102,Run 2026-06-08T13:15:13-04:00,"[""role"", ""test"", ""group"", ""mode"", ""ops/iter"", ""cycles"", ""cyc/iter"", ""adj cyc/op"", ""sink""]","[""trisc2"", ""trisc_empty"", ""baseline"", ""baseline"", ""0"", ""4022"", ""4.022"", """", ""0x5c0b03f4""]"
boop-docs/microbenching/timing-reference/evidence/historical/sem-cb-microbench.md,103,Run 2026-06-08T13:15:13-04:00,"[""role"", ""test"", ""group"", ""mode"", ""ops/iter"", ""cycles"", ""cyc/iter"", ""adj cyc/op"", ""sink""]","[""trisc2"", ""cb_push_back_tensix_received"", ""cb_tensix"", ""ready"", ""1"", ""45046"", ""45.046"", ""41.024"", ""0x5c0b000d""]"
boop-docs/microbenching/timing-reference/evidence/historical/sem-cb-microbench.md,104,Run 2026-06-08T13:15:13-04:00,"[""role"", ""test"", ""group"", ""mode"", ""ops/iter"", ""cycles"", ""cyc/iter"", ""adj cyc/op"", ""sink""]","[""trisc2"", ""cb_pop_front_tensix_ack"", ""cb_tensix"", ""ready"", ""1"", ""45540"", ""45.540"", ""41.518"", ""0x5c0b000e""]"
boop-docs/microbenching/timing-reference/evidence/historical/sem-cb-microbench.md,105,Run 2026-06-08T13:15:13-04:00,"[""role"", ""test"", ""group"", ""mode"", ""ops/iter"", ""cycles"", ""cyc/iter"", ""adj cyc/op"", ""sink""]","[""trisc2"", ""ttsemwait_ready_sync"", ""ttsem"", ""ready"", ""1"", ""12024"", ""12.024"", ""8.002"", ""0x4cb0fb5e""]"
boop-docs/microbenching/timing-reference/evidence/historical/sem-cb-microbench.md,106,Run 2026-06-08T13:15:13-04:00,"[""role"", ""test"", ""group"", ""mode"", ""ops/iter"", ""cycles"", ""cyc/iter"", ""adj cyc/op"", ""sink""]","[""trisc2"", ""ttsempost_get_pair_sync"", ""ttsem"", ""ready"", ""2"", ""13024"", ""13.024"", ""4.501"", ""0x4cb0fb5e""]"
boop-docs/microbenching/timing-reference/evidence/historical/sem-cb-microbench.md,107,Run 2026-06-08T13:15:13-04:00,"[""role"", ""test"", ""group"", ""mode"", ""ops/iter"", ""cycles"", ""cyc/iter"", ""adj cyc/op"", ""sink""]","[""trisc2"", ""ttsemget_post_pair_sync"", ""ttsem"", ""ready"", ""2"", ""13024"", ""13.024"", ""4.501"", ""0x4cb0fb5e""]"
boop-docs/microbenching/timing-reference/evidence/historical/sem-cb-microbench.md,113,Run 2026-06-08T13:15:13-04:00,"[""constant"", ""cycles"", ""basis""]","[""`CB_WAIT_FRONT_READY_CYCLES`"", ""22.0"", ""BRISC ready helper""]"
boop-docs/microbenching/timing-reference/evidence/historical/sem-cb-microbench.md,114,Run 2026-06-08T13:15:13-04:00,"[""constant"", ""cycles"", ""basis""]","[""`CB_RESERVE_BACK_READY_CYCLES`"", ""23.0"", ""BRISC ready helper""]"
boop-docs/microbenching/timing-reference/evidence/historical/sem-cb-microbench.md,115,Run 2026-06-08T13:15:13-04:00,"[""constant"", ""cycles"", ""basis""]","[""`CB_PUSH_BACK_CYCLES`"", ""31.0"", ""BRISC helper""]"
boop-docs/microbenching/timing-reference/evidence/historical/sem-cb-microbench.md,116,Run 2026-06-08T13:15:13-04:00,"[""constant"", ""cycles"", ""basis""]","[""`CB_POP_FRONT_CYCLES`"", ""31.5"", ""BRISC helper""]"
boop-docs/microbenching/timing-reference/evidence/historical/sem-cb-microbench.md,117,Run 2026-06-08T13:15:13-04:00,"[""constant"", ""cycles"", ""basis""]","[""`NOC_SEM_SET_CYCLES`"", ""12.0"", ""local RISC helper""]"
boop-docs/microbenching/timing-reference/evidence/historical/sem-cb-microbench.md,118,Run 2026-06-08T13:15:13-04:00,"[""constant"", ""cycles"", ""basis""]","[""`NOC_SEM_WAIT_READY_CYCLES`"", ""19.1"", ""local RISC helper""]"
boop-docs/microbenching/timing-reference/evidence/historical/sem-cb-microbench.md,119,Run 2026-06-08T13:15:13-04:00,"[""constant"", ""cycles"", ""basis""]","[""`NOC_SEM_INC_WAIT_CYCLES`"", ""99.0"", ""local NOC atomic inc plus response wait""]"
boop-docs/microbenching/timing-reference/evidence/historical/sem-cb-microbench.md,120,Run 2026-06-08T13:15:13-04:00,"[""constant"", ""cycles"", ""basis""]","[""`CB_PUSH_BACK_TENSIX_RECEIVED_CYCLES`"", ""41.0"", ""TRISC helper including Tensix received path""]"
boop-docs/microbenching/timing-reference/evidence/historical/sem-cb-microbench.md,121,Run 2026-06-08T13:15:13-04:00,"[""constant"", ""cycles"", ""basis""]","[""`CB_POP_FRONT_TENSIX_ACK_CYCLES`"", ""41.5"", ""TRISC helper including Tensix ack path""]"
boop-docs/microbenching/timing-reference/evidence/historical/sem-cb-microbench.md,122,Run 2026-06-08T13:15:13-04:00,"[""constant"", ""cycles"", ""basis""]","[""`TTSEMWAIT_READY_SYNC_CYCLES`"", ""8.0"", ""TTSEMWAIT plus per-iter PC_BUF_SYNC""]"
boop-docs/microbenching/timing-reference/evidence/historical/sem-cb-microbench.md,123,Run 2026-06-08T13:15:13-04:00,"[""constant"", ""cycles"", ""basis""]","[""`TTSEMPOST_OR_GET_SYNC_PAIR_HALF_CYCLES`"", ""2.3"", ""half of TTSEMPOST+TTSEMGET pair with per-iter sync""]"
boop-docs/microbenching/timing-reference/evidence/historical/tensix-instr-microbench.md,113,Run 2026-06-06T23:07:16-04:00,"[""role"", ""test"", ""mode"", ""pushes/iter"", ""cycles"", ""cyc/iter"", ""adj cyc/push"", ""sync extra/push"", ""sink""]","[""trisc1"", ""empty"", ""baseline"", ""0"", ""326"", ""3.260"", """", """", ""0x71000000""]"
boop-docs/microbenching/timing-reference/evidence/historical/tensix-instr-microbench.md,114,Run 2026-06-06T23:07:16-04:00,"[""role"", ""test"", ""mode"", ""pushes/iter"", ""cycles"", ""cyc/iter"", ""adj cyc/push"", ""sync extra/push"", ""sink""]","[""trisc1"", ""sync_empty"", ""sync-only"", ""0"", ""924"", ""9.240"", """", """", ""0x70cb087f""]"
boop-docs/microbenching/timing-reference/evidence/historical/tensix-instr-microbench.md,115,Run 2026-06-06T23:07:16-04:00,"[""role"", ""test"", ""mode"", ""pushes/iter"", ""cycles"", ""cyc/iter"", ""adj cyc/push"", ""sync extra/push"", ""sink""]","[""trisc1"", ""ttnop_issue8"", ""issue"", ""8"", ""1122"", ""11.220"", ""0.995"", """", ""0x70cb087f""]"
boop-docs/microbenching/timing-reference/evidence/historical/tensix-instr-microbench.md,116,Run 2026-06-06T23:07:16-04:00,"[""role"", ""test"", ""mode"", ""pushes/iter"", ""cycles"", ""cyc/iter"", ""adj cyc/push"", ""sync extra/push"", ""sink""]","[""trisc1"", ""ttnop_sync8"", ""issue+sync"", ""8"", ""1925"", ""19.250"", ""1.999"", ""0.256"", ""0x70cb087f""]"
boop-docs/microbenching/timing-reference/evidence/historical/tensix-instr-microbench.md,117,Run 2026-06-06T23:07:16-04:00,"[""role"", ""test"", ""mode"", ""pushes/iter"", ""cycles"", ""cyc/iter"", ""adj cyc/push"", ""sync extra/push"", ""sink""]","[""trisc1"", ""stallwait_none_issue8"", ""issue"", ""8"", ""1560"", ""15.600"", ""1.542"", """", ""0x70cb087f""]"
boop-docs/microbenching/timing-reference/evidence/historical/tensix-instr-microbench.md,118,Run 2026-06-06T23:07:16-04:00,"[""role"", ""test"", ""mode"", ""pushes/iter"", ""cycles"", ""cyc/iter"", ""adj cyc/push"", ""sync extra/push"", ""sink""]","[""trisc1"", ""stallwait_none_sync8"", ""issue+sync"", ""8"", ""2625"", ""26.250"", ""2.874"", ""0.584"", ""0x70cb087f""]"
boop-docs/microbenching/timing-reference/evidence/historical/tensix-instr-microbench.md,119,Run 2026-06-06T23:07:16-04:00,"[""role"", ""test"", ""mode"", ""pushes/iter"", ""cycles"", ""cyc/iter"", ""adj cyc/push"", ""sync extra/push"", ""sink""]","[""trisc1"", ""seminit_issue4"", ""issue"", ""4"", ""722"", ""7.220"", ""0.990"", """", ""0x70cb087f""]"
boop-docs/microbenching/timing-reference/evidence/historical/tensix-instr-microbench.md,120,Run 2026-06-06T23:07:16-04:00,"[""role"", ""test"", ""mode"", ""pushes/iter"", ""cycles"", ""cyc/iter"", ""adj cyc/push"", ""sync extra/push"", ""sink""]","[""trisc1"", ""seminit_sync4"", ""issue+sync"", ""4"", ""1525"", ""15.250"", ""2.998"", ""0.513"", ""0x70cb087f""]"
boop-docs/microbenching/timing-reference/evidence/historical/tensix-instr-microbench.md,121,Run 2026-06-06T23:07:16-04:00,"[""role"", ""test"", ""mode"", ""pushes/iter"", ""cycles"", ""cyc/iter"", ""adj cyc/push"", ""sync extra/push"", ""sink""]","[""trisc1"", ""seminit_stallwait_issue4"", ""issue"", ""4"", ""722"", ""7.220"", ""0.990"", """", ""0x70cb087f""]"
boop-docs/microbenching/timing-reference/evidence/historical/tensix-instr-microbench.md,122,Run 2026-06-06T23:07:16-04:00,"[""role"", ""test"", ""mode"", ""pushes/iter"", ""cycles"", ""cyc/iter"", ""adj cyc/push"", ""sync extra/push"", ""sink""]","[""trisc1"", ""seminit_stallwait_sync4"", ""issue+sync"", ""4"", ""1525"", ""15.250"", ""2.998"", ""0.513"", ""0x70cb087f""]"
boop-docs/microbenching/timing-reference/evidence/historical/unpack-backend-microbench.md,42,Control Costs,"[""test"", ""cycles/iter"", ""adjusted cycles"", ""us/iter"", ""note""]","[""`pc_unpack_sync_poll`"", ""10.80"", ""4.20"", ""0.0031"", ""Poll `PC_UNPACK_SYNC` and mask off bit 0.""]"
boop-docs/microbenching/timing-reference/evidence/historical/unpack-backend-microbench.md,43,Control Costs,"[""test"", ""cycles/iter"", ""adjusted cycles"", ""us/iter"", ""note""]","[""`pc_unpack_sync_write`"", ""6.20"", ""-0.40"", ""-0.0003"", ""Loop noise; treat as ~0 by itself.""]"
boop-docs/microbenching/timing-reference/evidence/historical/unpack-backend-microbench.md,44,Control Costs,"[""test"", ""cycles/iter"", ""adjusted cycles"", ""us/iter"", ""note""]","[""`cfg_context_flip_setc16`"", ""16.10"", ""9.50"", ""0.0070"", ""Local context word toggle plus `SETC16`.""]"
boop-docs/microbenching/timing-reference/evidence/historical/unpack-backend-microbench.md,45,Control Costs,"[""test"", ""cycles/iter"", ""adjusted cycles"", ""us/iter"", ""note""]","[""`stallwait_unpack_trisc_cfg`"", ""6.20"", ""-0.40"", ""-0.0003"", ""Loop noise when no pending cfg transaction.""]"
boop-docs/microbenching/timing-reference/evidence/historical/unpack-backend-microbench.md,57,Unpack Rows And Subblocks,"[""test"", ""iters"", ""bw"", ""cycles/subblock"", ""cycles/row"", ""cycles/unpack tile"", ""us/subblock""]","[""`matmul_2x2_bw1`"", ""10"", ""1"", ""74.60"", ""37.30"", ""12.43"", ""0.0553""]"
boop-docs/microbenching/timing-reference/evidence/historical/unpack-backend-microbench.md,58,Unpack Rows And Subblocks,"[""test"", ""iters"", ""bw"", ""cycles/subblock"", ""cycles/row"", ""cycles/unpack tile"", ""us/subblock""]","[""`matmul_2x2_bw2`"", ""10"", ""2"", ""149.90"", ""37.48"", ""12.49"", ""0.1110""]"
boop-docs/microbenching/timing-reference/evidence/historical/unpack-backend-microbench.md,59,Unpack Rows And Subblocks,"[""test"", ""iters"", ""bw"", ""cycles/subblock"", ""cycles/row"", ""cycles/unpack tile"", ""us/subblock""]","[""`matmul_2x2_bw3`"", ""10"", ""3"", ""224.50"", ""37.42"", ""12.47"", ""0.1663""]"
boop-docs/microbenching/timing-reference/evidence/historical/unpack-backend-microbench.md,60,Unpack Rows And Subblocks,"[""test"", ""iters"", ""bw"", ""cycles/subblock"", ""cycles/row"", ""cycles/unpack tile"", ""us/subblock""]","[""`matmul_2x2_bw4`"", ""10"", ""4"", ""300.00"", ""37.50"", ""12.50"", ""0.2222""]"
boop-docs/microbenching/timing-reference/evidence/historical/unpack-backend-microbench.md,61,Unpack Rows And Subblocks,"[""test"", ""iters"", ""bw"", ""cycles/subblock"", ""cycles/row"", ""cycles/unpack tile"", ""us/subblock""]","[""`matmul_2x2_bw5`"", ""10"", ""5"", ""375.40"", ""37.54"", ""12.51"", ""0.2781""]"
boop-docs/microbenching/timing-reference/evidence/historical/unpack-backend-microbench.md,62,Unpack Rows And Subblocks,"[""test"", ""iters"", ""bw"", ""cycles/subblock"", ""cycles/row"", ""cycles/unpack tile"", ""us/subblock""]","[""`matmul_2x2_bw6`"", ""5"", ""6"", ""487.40"", ""40.62"", ""13.54"", ""0.3610""]"
boop-docs/microbenching/timing-reference/evidence/historical/unpack-backend-microbench.md,70,Reload-Unpack,"[""test"", ""iters"", ""cycles/2x2 reload"", ""cycles/reload tile"", ""us/2x2 reload"", ""note""]","[""`reload_recfg_2x2`"", ""10"", ""273.90"", ""68.47"", ""0.2029"", ""Includes reload MOP config, four reload tiles, `tensix_sync`, and restore to AB MOP.""]"
boop-docs/microbenching/timing-reference/evidence/historical/xmov-microbench.md,133,Current Summary 2026-06-09,"[""op"", ""issue cyc/op"", ""latency cyc"", ""steady cyc/op"", ""steady engine cyc/op"", ""status""]","[""`TTMOVD2A`"", ""paused"", ""12.000"", ""paused"", """", ""one-shot latency completed; remaining direct-mover rows paused""]"
boop-docs/microbenching/timing-reference/evidence/historical/xmov-microbench.md,134,Current Summary 2026-06-09,"[""op"", ""issue cyc/op"", ""latency cyc"", ""steady cyc/op"", ""steady engine cyc/op"", ""status""]","[""`TTMOVA2D`"", ""paused"", ""hang"", ""paused"", """", ""avoid list; isolated latency timed out, job `18ce9062`""]"
boop-docs/microbenching/timing-reference/evidence/historical/xmov-microbench.md,135,Current Summary 2026-06-09,"[""op"", ""issue cyc/op"", ""latency cyc"", ""steady cyc/op"", ""steady engine cyc/op"", ""status""]","[""`TTMOVD2B`"", ""paused"", ""paused"", ""paused"", """", ""avoid list; do not run until explicitly cleared""]"
boop-docs/microbenching/timing-reference/evidence/historical/xmov-microbench.md,136,Current Summary 2026-06-09,"[""op"", ""issue cyc/op"", ""latency cyc"", ""steady cyc/op"", ""steady engine cyc/op"", ""status""]","[""`TTMOVDBGA2D`"", ""paused"", ""paused"", ""paused"", """", ""direct debug-move/readback path paused""]"
boop-docs/microbenching/timing-reference/evidence/historical/xmov-microbench.md,137,Current Summary 2026-06-09,"[""op"", ""issue cyc/op"", ""latency cyc"", ""steady cyc/op"", ""steady engine cyc/op"", ""status""]","[""`TTMOVDBGB2D`"", ""paused"", ""paused"", ""paused"", """", ""direct debug-move/readback path paused""]"
boop-docs/microbenching/timing-reference/evidence/historical/xmov-microbench.md,138,Current Summary 2026-06-09,"[""op"", ""issue cyc/op"", ""latency cyc"", ""steady cyc/op"", ""steady engine cyc/op"", ""status""]","[""`TTSETDMAREG`"", ""1.750"", ""14.000"", ""4.062"", ""1.000"", ""completed""]"
boop-docs/microbenching/timing-reference/evidence/historical/xmov-microbench.md,139,Current Summary 2026-06-09,"[""op"", ""issue cyc/op"", ""latency cyc"", ""steady cyc/op"", ""steady engine cyc/op"", ""status""]","[""`TTSHIFTDMAREG`"", ""1.938"", ""15.250"", ""6.125"", ""3.062"", ""completed""]"
boop-docs/microbenching/timing-reference/evidence/historical/xmov-microbench.md,140,Current Summary 2026-06-09,"[""op"", ""issue cyc/op"", ""latency cyc"", ""steady cyc/op"", ""steady engine cyc/op"", ""status""]","[""`TTRSTDMA`"", ""1.312"", ""14.250"", ""4.062"", ""1.000"", ""completed""]"
boop-docs/microbenching/timing-reference/evidence/historical/xmov-microbench.md,141,Current Summary 2026-06-09,"[""op"", ""issue cyc/op"", ""latency cyc"", ""steady cyc/op"", ""steady engine cyc/op"", ""status""]","[""`TTDMANOP`"", ""1.938"", ""15.500"", ""4.312"", ""1.250"", ""completed""]"
boop-docs/microbenching/timing-reference/evidence/historical/xmov-microbench.md,142,Current Summary 2026-06-09,"[""op"", ""issue cyc/op"", ""latency cyc"", ""steady cyc/op"", ""steady engine cyc/op"", ""status""]","[""`dest_readback_probe`"", ""paused"", ""paused"", ""paused"", """", ""avoid list; do not run until explicitly cleared""]"
boop-docs/microbenching/timing-reference/evidence/historical/xmov-microbench.md,151,Safe DMA-Reg Summary,"[""op"", ""issue cyc/op"", ""latency cyc"", ""steady cyc/op"", ""steady engine cyc/op"", ""read""]","[""`TTSETDMAREG`"", ""1.750"", ""14.000"", ""4.062"", ""1.000"", ""register set itself is about one engine cycle/op in steady state""]"
boop-docs/microbenching/timing-reference/evidence/historical/xmov-microbench.md,152,Safe DMA-Reg Summary,"[""op"", ""issue cyc/op"", ""latency cyc"", ""steady cyc/op"", ""steady engine cyc/op"", ""read""]","[""`TTSHIFTDMAREG`"", ""1.938"", ""15.250"", ""6.125"", ""3.062"", ""shift is the expensive DMA-reg ALU op in this set""]"
boop-docs/microbenching/timing-reference/evidence/historical/xmov-microbench.md,153,Safe DMA-Reg Summary,"[""op"", ""issue cyc/op"", ""latency cyc"", ""steady cyc/op"", ""steady engine cyc/op"", ""read""]","[""`TTRSTDMA`"", ""1.312"", ""14.250"", ""4.062"", ""1.000"", ""reset drains like the one-cycle DMA-reg ops""]"
boop-docs/microbenching/timing-reference/evidence/historical/xmov-microbench.md,154,Safe DMA-Reg Summary,"[""op"", ""issue cyc/op"", ""latency cyc"", ""steady cyc/op"", ""steady engine cyc/op"", ""read""]","[""`TTDMANOP`"", ""1.938"", ""15.500"", ""4.312"", ""1.250"", ""no-op is close to the one-cycle path after sync removal""]"
boop-docs/microbenching/timing-reference/evidence/historical/xmov-microbench.md,205,Run 2026-06-09T00:45:34-04:00,"[""op"", ""issue cyc/op"", ""latency cyc"", ""steady cyc/op"", ""steady engine cyc/op""]","[""`ttmovd2a`"", """", """", """", """"]"
boop-docs/microbenching/timing-reference/evidence/historical/xmov-microbench.md,206,Run 2026-06-09T00:45:34-04:00,"[""op"", ""issue cyc/op"", ""latency cyc"", ""steady cyc/op"", ""steady engine cyc/op""]","[""`ttmova2d`"", """", """", """", """"]"
boop-docs/microbenching/timing-reference/evidence/historical/xmov-microbench.md,207,Run 2026-06-09T00:45:34-04:00,"[""op"", ""issue cyc/op"", ""latency cyc"", ""steady cyc/op"", ""steady engine cyc/op""]","[""`ttmovd2b`"", """", """", """", """"]"
boop-docs/microbenching/timing-reference/evidence/historical/xmov-microbench.md,208,Run 2026-06-09T00:45:34-04:00,"[""op"", ""issue cyc/op"", ""latency cyc"", ""steady cyc/op"", ""steady engine cyc/op""]","[""`ttmovdbga2d`"", """", """", """", """"]"
boop-docs/microbenching/timing-reference/evidence/historical/xmov-microbench.md,209,Run 2026-06-09T00:45:34-04:00,"[""op"", ""issue cyc/op"", ""latency cyc"", ""steady cyc/op"", ""steady engine cyc/op""]","[""`ttmovdbgb2d`"", """", """", """", """"]"
boop-docs/microbenching/timing-reference/evidence/historical/xmov-microbench.md,210,Run 2026-06-09T00:45:34-04:00,"[""op"", ""issue cyc/op"", ""latency cyc"", ""steady cyc/op"", ""steady engine cyc/op""]","[""`ttsetdmareg`"", """", """", """", """"]"
boop-docs/microbenching/timing-reference/evidence/historical/xmov-microbench.md,211,Run 2026-06-09T00:45:34-04:00,"[""op"", ""issue cyc/op"", ""latency cyc"", ""steady cyc/op"", ""steady engine cyc/op""]","[""`ttshiftdmareg`"", """", """", """", """"]"
boop-docs/microbenching/timing-reference/evidence/historical/xmov-microbench.md,212,Run 2026-06-09T00:45:34-04:00,"[""op"", ""issue cyc/op"", ""latency cyc"", ""steady cyc/op"", ""steady engine cyc/op""]","[""`ttrstdma`"", """", """", """", """"]"
boop-docs/microbenching/timing-reference/evidence/historical/xmov-microbench.md,213,Run 2026-06-09T00:45:34-04:00,"[""op"", ""issue cyc/op"", ""latency cyc"", ""steady cyc/op"", ""steady engine cyc/op""]","[""`ttdmanop`"", ""1.938"", ""15.500"", ""4.312"", ""1.250""]"
boop-docs/microbenching/timing-reference/evidence/historical/xmov-microbench.md,217,Run 2026-06-09T00:45:34-04:00,"[""role"", ""test"", ""op"", ""mode"", ""ops/iter"", ""cycles/iter"", ""adj cycles"", ""cycles/op"", ""engine cycles/op"", ""us/op"", ""check""]","[""trisc1"", ""empty"", ""empty"", ""baseline"", ""0"", ""8.500"", ""0.000"", """", """", """", """"]"
boop-docs/microbenching/timing-reference/evidence/historical/xmov-microbench.md,218,Run 2026-06-09T00:45:34-04:00,"[""role"", ""test"", ""op"", ""mode"", ""ops/iter"", ""cycles/iter"", ""adj cycles"", ""cycles/op"", ""engine cycles/op"", ""us/op"", ""check""]","[""trisc1"", ""sync_empty"", ""sync_empty"", ""sync"", ""0"", ""20.750"", ""12.250"", """", """", """", """"]"
boop-docs/microbenching/timing-reference/evidence/historical/xmov-microbench.md,219,Run 2026-06-09T00:45:34-04:00,"[""role"", ""test"", ""op"", ""mode"", ""ops/iter"", ""cycles/iter"", ""adj cycles"", ""cycles/op"", ""engine cycles/op"", ""us/op"", ""check""]","[""trisc1"", ""ttdmanop_issue"", ""ttdmanop"", ""issue"", ""4"", ""16.250"", ""7.750"", ""1.938"", """", ""0.00144"", """"]"
boop-docs/microbenching/timing-reference/evidence/historical/xmov-microbench.md,220,Run 2026-06-09T00:45:34-04:00,"[""role"", ""test"", ""op"", ""mode"", ""ops/iter"", ""cycles/iter"", ""adj cycles"", ""cycles/op"", ""engine cycles/op"", ""us/op"", ""check""]","[""trisc1"", ""ttdmanop_latency"", ""ttdmanop"", ""latency"", ""1"", ""24.000"", ""15.500"", ""15.500"", ""3.250"", ""0.01148"", """"]"
boop-docs/microbenching/timing-reference/evidence/historical/xmov-microbench.md,221,Run 2026-06-09T00:45:34-04:00,"[""role"", ""test"", ""op"", ""mode"", ""ops/iter"", ""cycles/iter"", ""adj cycles"", ""cycles/op"", ""engine cycles/op"", ""us/op"", ""check""]","[""trisc1"", ""ttdmanop_throughput"", ""ttdmanop"", ""throughput"", ""4"", ""25.750"", ""17.250"", ""4.312"", ""1.250"", ""0.00319"", """"]"
boop-docs/microbenching/timing-reference/evidence/historical/xmov-microbench.md,236,Run 2026-06-09T00:45:46-04:00,"[""op"", ""issue cyc/op"", ""latency cyc"", ""steady cyc/op"", ""steady engine cyc/op""]","[""`ttmovd2a`"", """", """", """", """"]"
boop-docs/microbenching/timing-reference/evidence/historical/xmov-microbench.md,237,Run 2026-06-09T00:45:46-04:00,"[""op"", ""issue cyc/op"", ""latency cyc"", ""steady cyc/op"", ""steady engine cyc/op""]","[""`ttmova2d`"", """", """", """", """"]"
boop-docs/microbenching/timing-reference/evidence/historical/xmov-microbench.md,238,Run 2026-06-09T00:45:46-04:00,"[""op"", ""issue cyc/op"", ""latency cyc"", ""steady cyc/op"", ""steady engine cyc/op""]","[""`ttmovd2b`"", """", """", """", """"]"
boop-docs/microbenching/timing-reference/evidence/historical/xmov-microbench.md,239,Run 2026-06-09T00:45:46-04:00,"[""op"", ""issue cyc/op"", ""latency cyc"", ""steady cyc/op"", ""steady engine cyc/op""]","[""`ttmovdbga2d`"", """", """", """", """"]"
boop-docs/microbenching/timing-reference/evidence/historical/xmov-microbench.md,240,Run 2026-06-09T00:45:46-04:00,"[""op"", ""issue cyc/op"", ""latency cyc"", ""steady cyc/op"", ""steady engine cyc/op""]","[""`ttmovdbgb2d`"", """", """", """", """"]"
boop-docs/microbenching/timing-reference/evidence/historical/xmov-microbench.md,241,Run 2026-06-09T00:45:46-04:00,"[""op"", ""issue cyc/op"", ""latency cyc"", ""steady cyc/op"", ""steady engine cyc/op""]","[""`ttsetdmareg`"", ""1.750"", ""14.000"", ""4.062"", ""1.000""]"
boop-docs/microbenching/timing-reference/evidence/historical/xmov-microbench.md,242,Run 2026-06-09T00:45:46-04:00,"[""op"", ""issue cyc/op"", ""latency cyc"", ""steady cyc/op"", ""steady engine cyc/op""]","[""`ttshiftdmareg`"", ""1.938"", ""15.250"", ""6.125"", ""3.062""]"
boop-docs/microbenching/timing-reference/evidence/historical/xmov-microbench.md,243,Run 2026-06-09T00:45:46-04:00,"[""op"", ""issue cyc/op"", ""latency cyc"", ""steady cyc/op"", ""steady engine cyc/op""]","[""`ttrstdma`"", ""1.312"", ""14.250"", ""4.062"", ""1.000""]"
boop-docs/microbenching/timing-reference/evidence/historical/xmov-microbench.md,244,Run 2026-06-09T00:45:46-04:00,"[""op"", ""issue cyc/op"", ""latency cyc"", ""steady cyc/op"", ""steady engine cyc/op""]","[""`ttdmanop`"", """", """", """", """"]"
boop-docs/microbenching/timing-reference/evidence/historical/xmov-microbench.md,248,Run 2026-06-09T00:45:46-04:00,"[""role"", ""test"", ""op"", ""mode"", ""ops/iter"", ""cycles/iter"", ""adj cycles"", ""cycles/op"", ""engine cycles/op"", ""us/op"", ""check""]","[""trisc1"", ""empty"", ""empty"", ""baseline"", ""0"", ""8.500"", ""0.000"", """", """", """", """"]"
boop-docs/microbenching/timing-reference/evidence/historical/xmov-microbench.md,249,Run 2026-06-09T00:45:46-04:00,"[""role"", ""test"", ""op"", ""mode"", ""ops/iter"", ""cycles/iter"", ""adj cycles"", ""cycles/op"", ""engine cycles/op"", ""us/op"", ""check""]","[""trisc1"", ""sync_empty"", ""sync_empty"", ""sync"", ""0"", ""20.750"", ""12.250"", """", """", """", """"]"
boop-docs/microbenching/timing-reference/evidence/historical/xmov-microbench.md,250,Run 2026-06-09T00:45:46-04:00,"[""role"", ""test"", ""op"", ""mode"", ""ops/iter"", ""cycles/iter"", ""adj cycles"", ""cycles/op"", ""engine cycles/op"", ""us/op"", ""check""]","[""trisc1"", ""ttsetdmareg_issue"", ""ttsetdmareg"", ""issue"", ""4"", ""15.500"", ""7.000"", ""1.750"", """", ""0.00130"", """"]"
boop-docs/microbenching/timing-reference/evidence/historical/xmov-microbench.md,251,Run 2026-06-09T00:45:46-04:00,"[""role"", ""test"", ""op"", ""mode"", ""ops/iter"", ""cycles/iter"", ""adj cycles"", ""cycles/op"", ""engine cycles/op"", ""us/op"", ""check""]","[""trisc1"", ""ttsetdmareg_latency"", ""ttsetdmareg"", ""latency"", ""1"", ""22.500"", ""14.000"", ""14.000"", ""1.750"", ""0.01037"", """"]"
boop-docs/microbenching/timing-reference/evidence/historical/xmov-microbench.md,252,Run 2026-06-09T00:45:46-04:00,"[""role"", ""test"", ""op"", ""mode"", ""ops/iter"", ""cycles/iter"", ""adj cycles"", ""cycles/op"", ""engine cycles/op"", ""us/op"", ""check""]","[""trisc1"", ""ttsetdmareg_throughput"", ""ttsetdmareg"", ""throughput"", ""4"", ""24.750"", ""16.250"", ""4.062"", ""1.000"", ""0.00301"", """"]"
boop-docs/microbenching/timing-reference/evidence/historical/xmov-microbench.md,253,Run 2026-06-09T00:45:46-04:00,"[""role"", ""test"", ""op"", ""mode"", ""ops/iter"", ""cycles/iter"", ""adj cycles"", ""cycles/op"", ""engine cycles/op"", ""us/op"", ""check""]","[""trisc1"", ""ttshiftdmareg_issue"", ""ttshiftdmareg"", ""issue"", ""4"", ""16.250"", ""7.750"", ""1.938"", """", ""0.00144"", """"]"
boop-docs/microbenching/timing-reference/evidence/historical/xmov-microbench.md,254,Run 2026-06-09T00:45:46-04:00,"[""role"", ""test"", ""op"", ""mode"", ""ops/iter"", ""cycles/iter"", ""adj cycles"", ""cycles/op"", ""engine cycles/op"", ""us/op"", ""check""]","[""trisc1"", ""ttshiftdmareg_latency"", ""ttshiftdmareg"", ""latency"", ""1"", ""23.750"", ""15.250"", ""15.250"", ""3.000"", ""0.01130"", """"]"
boop-docs/microbenching/timing-reference/evidence/historical/xmov-microbench.md,255,Run 2026-06-09T00:45:46-04:00,"[""role"", ""test"", ""op"", ""mode"", ""ops/iter"", ""cycles/iter"", ""adj cycles"", ""cycles/op"", ""engine cycles/op"", ""us/op"", ""check""]","[""trisc1"", ""ttshiftdmareg_throughput"", ""ttshiftdmareg"", ""throughput"", ""4"", ""33.000"", ""24.500"", ""6.125"", ""3.062"", ""0.00454"", """"]"
boop-docs/microbenching/timing-reference/evidence/historical/xmov-microbench.md,256,Run 2026-06-09T00:45:46-04:00,"[""role"", ""test"", ""op"", ""mode"", ""ops/iter"", ""cycles/iter"", ""adj cycles"", ""cycles/op"", ""engine cycles/op"", ""us/op"", ""check""]","[""trisc1"", ""ttrstdma_issue"", ""ttrstdma"", ""issue"", ""4"", ""13.750"", ""5.250"", ""1.312"", """", ""0.00097"", """"]"
boop-docs/microbenching/timing-reference/evidence/historical/xmov-microbench.md,257,Run 2026-06-09T00:45:46-04:00,"[""role"", ""test"", ""op"", ""mode"", ""ops/iter"", ""cycles/iter"", ""adj cycles"", ""cycles/op"", ""engine cycles/op"", ""us/op"", ""check""]","[""trisc1"", ""ttrstdma_latency"", ""ttrstdma"", ""latency"", ""1"", ""22.750"", ""14.250"", ""14.250"", ""2.000"", ""0.01056"", """"]"
boop-docs/microbenching/timing-reference/evidence/historical/xmov-microbench.md,258,Run 2026-06-09T00:45:46-04:00,"[""role"", ""test"", ""op"", ""mode"", ""ops/iter"", ""cycles/iter"", ""adj cycles"", ""cycles/op"", ""engine cycles/op"", ""us/op"", ""check""]","[""trisc1"", ""ttrstdma_throughput"", ""ttrstdma"", ""throughput"", ""4"", ""24.750"", ""16.250"", ""4.062"", ""1.000"", ""0.00301"", """"]"
boop-docs/microbenching/timing-reference/evidence/historical/xmov-microbench.md,273,Run 2026-06-09T00:46:29-04:00,"[""op"", ""issue cyc/op"", ""latency cyc"", ""steady cyc/op"", ""steady engine cyc/op""]","[""`ttmovd2a`"", """", ""12.000"", """", """"]"
boop-docs/microbenching/timing-reference/evidence/historical/xmov-microbench.md,274,Run 2026-06-09T00:46:29-04:00,"[""op"", ""issue cyc/op"", ""latency cyc"", ""steady cyc/op"", ""steady engine cyc/op""]","[""`ttmova2d`"", """", """", """", """"]"
boop-docs/microbenching/timing-reference/evidence/historical/xmov-microbench.md,275,Run 2026-06-09T00:46:29-04:00,"[""op"", ""issue cyc/op"", ""latency cyc"", ""steady cyc/op"", ""steady engine cyc/op""]","[""`ttmovd2b`"", """", """", """", """"]"
boop-docs/microbenching/timing-reference/evidence/historical/xmov-microbench.md,276,Run 2026-06-09T00:46:29-04:00,"[""op"", ""issue cyc/op"", ""latency cyc"", ""steady cyc/op"", ""steady engine cyc/op""]","[""`ttmovdbga2d`"", """", """", """", """"]"
boop-docs/microbenching/timing-reference/evidence/historical/xmov-microbench.md,277,Run 2026-06-09T00:46:29-04:00,"[""op"", ""issue cyc/op"", ""latency cyc"", ""steady cyc/op"", ""steady engine cyc/op""]","[""`ttmovdbgb2d`"", """", """", """", """"]"
boop-docs/microbenching/timing-reference/evidence/historical/xmov-microbench.md,278,Run 2026-06-09T00:46:29-04:00,"[""op"", ""issue cyc/op"", ""latency cyc"", ""steady cyc/op"", ""steady engine cyc/op""]","[""`ttsetdmareg`"", """", """", """", """"]"
boop-docs/microbenching/timing-reference/evidence/historical/xmov-microbench.md,279,Run 2026-06-09T00:46:29-04:00,"[""op"", ""issue cyc/op"", ""latency cyc"", ""steady cyc/op"", ""steady engine cyc/op""]","[""`ttshiftdmareg`"", """", """", """", """"]"
boop-docs/microbenching/timing-reference/evidence/historical/xmov-microbench.md,280,Run 2026-06-09T00:46:29-04:00,"[""op"", ""issue cyc/op"", ""latency cyc"", ""steady cyc/op"", ""steady engine cyc/op""]","[""`ttrstdma`"", """", """", """", """"]"
boop-docs/microbenching/timing-reference/evidence/historical/xmov-microbench.md,281,Run 2026-06-09T00:46:29-04:00,"[""op"", ""issue cyc/op"", ""latency cyc"", ""steady cyc/op"", ""steady engine cyc/op""]","[""`ttdmanop`"", """", """", """", """"]"
boop-docs/microbenching/timing-reference/evidence/historical/xmov-microbench.md,285,Run 2026-06-09T00:46:29-04:00,"[""role"", ""test"", ""op"", ""mode"", ""ops/iter"", ""cycles/iter"", ""adj cycles"", ""cycles/op"", ""engine cycles/op"", ""us/op"", ""check""]","[""trisc1"", ""empty"", ""empty"", ""baseline"", ""0"", ""29.000"", ""0.000"", """", """", """", """"]"
boop-docs/microbenching/timing-reference/evidence/historical/xmov-microbench.md,286,Run 2026-06-09T00:46:29-04:00,"[""role"", ""test"", ""op"", ""mode"", ""ops/iter"", ""cycles/iter"", ""adj cycles"", ""cycles/op"", ""engine cycles/op"", ""us/op"", ""check""]","[""trisc1"", ""sync_empty"", ""sync_empty"", ""sync"", ""0"", ""46.000"", ""17.000"", """", """", """", """"]"
boop-docs/microbenching/timing-reference/evidence/historical/xmov-microbench.md,287,Run 2026-06-09T00:46:29-04:00,"[""role"", ""test"", ""op"", ""mode"", ""ops/iter"", ""cycles/iter"", ""adj cycles"", ""cycles/op"", ""engine cycles/op"", ""us/op"", ""check""]","[""trisc1"", ""ttmovd2a_latency"", ""ttmovd2a"", ""latency"", ""1"", ""41.000"", ""12.000"", ""12.000"", ""-5.000"", ""0.00889"", """"]"
boop-docs/microbenching/docs/noc/dram-noc-bench.md,13,Run 2026-06-13T16:45:48-04:00,"[""op"", ""noc"", ""mode"", ""endpoint"", ""posting"", ""cores"", ""total MiB"", ""window cyc"", ""agg B/cyc"", ""agg GB/s"", ""bad counter rows""]","[""read"", ""0"", ""spread"", ""preferred"", ""standard"", ""1"", ""1.0"", ""22618"", ""46.360"", ""62.6"", ""0""]"
boop-docs/microbenching/docs/noc/dram-noc-bench.md,14,Run 2026-06-13T16:45:48-04:00,"[""op"", ""noc"", ""mode"", ""endpoint"", ""posting"", ""cores"", ""total MiB"", ""window cyc"", ""agg B/cyc"", ""agg GB/s"", ""bad counter rows""]","[""read"", ""0"", ""spread"", ""preferred"", ""standard"", ""7"", ""7.0"", ""84571"", ""86.791"", ""117.2"", ""0""]"
boop-docs/microbenching/docs/noc/dram-noc-bench.md,15,Run 2026-06-13T16:45:48-04:00,"[""op"", ""noc"", ""mode"", ""endpoint"", ""posting"", ""cores"", ""total MiB"", ""window cyc"", ""agg B/cyc"", ""agg GB/s"", ""bad counter rows""]","[""read"", ""0"", ""spread"", ""preferred"", ""standard"", ""14"", ""14.0"", ""128480"", ""114.260"", ""154.3"", ""0""]"
boop-docs/microbenching/docs/noc/dram-noc-bench.md,16,Run 2026-06-13T16:45:48-04:00,"[""op"", ""noc"", ""mode"", ""endpoint"", ""posting"", ""cores"", ""total MiB"", ""window cyc"", ""agg B/cyc"", ""agg GB/s"", ""bad counter rows""]","[""read"", ""0"", ""spread"", ""preferred"", ""standard"", ""28"", ""28.0"", ""161047"", ""182.308"", ""246.1"", ""0""]"
boop-docs/microbenching/docs/noc/dram-noc-bench.md,17,Run 2026-06-13T16:45:48-04:00,"[""op"", ""noc"", ""mode"", ""endpoint"", ""posting"", ""cores"", ""total MiB"", ""window cyc"", ""agg B/cyc"", ""agg GB/s"", ""bad counter rows""]","[""read"", ""0"", ""spread"", ""preferred"", ""standard"", ""56"", ""56.0"", ""274864"", ""213.634"", ""288.4"", ""0""]"
boop-docs/microbenching/docs/noc/dram-noc-bench.md,18,Run 2026-06-13T16:45:48-04:00,"[""op"", ""noc"", ""mode"", ""endpoint"", ""posting"", ""cores"", ""total MiB"", ""window cyc"", ""agg B/cyc"", ""agg GB/s"", ""bad counter rows""]","[""read"", ""0"", ""spread"", ""preferred"", ""standard"", ""118"", ""118.0"", ""585333"", ""211.387"", ""285.4"", ""0""]"
boop-docs/microbenching/docs/noc/dram-noc-bench.md,19,Run 2026-06-13T16:45:48-04:00,"[""op"", ""noc"", ""mode"", ""endpoint"", ""posting"", ""cores"", ""total MiB"", ""window cyc"", ""agg B/cyc"", ""agg GB/s"", ""bad counter rows""]","[""read"", ""1"", ""spread"", ""preferred"", ""standard"", ""1"", ""1.0"", ""22643"", ""46.309"", ""62.5"", ""0""]"
boop-docs/microbenching/docs/noc/dram-noc-bench.md,20,Run 2026-06-13T16:45:48-04:00,"[""op"", ""noc"", ""mode"", ""endpoint"", ""posting"", ""cores"", ""total MiB"", ""window cyc"", ""agg B/cyc"", ""agg GB/s"", ""bad counter rows""]","[""read"", ""1"", ""spread"", ""preferred"", ""standard"", ""7"", ""7.0"", ""68450"", ""107.232"", ""144.8"", ""0""]"
boop-docs/microbenching/docs/noc/dram-noc-bench.md,21,Run 2026-06-13T16:45:48-04:00,"[""op"", ""noc"", ""mode"", ""endpoint"", ""posting"", ""cores"", ""total MiB"", ""window cyc"", ""agg B/cyc"", ""agg GB/s"", ""bad counter rows""]","[""read"", ""1"", ""spread"", ""preferred"", ""standard"", ""14"", ""14.0"", ""112922"", ""130.002"", ""175.5"", ""0""]"
boop-docs/microbenching/docs/noc/dram-noc-bench.md,22,Run 2026-06-13T16:45:48-04:00,"[""op"", ""noc"", ""mode"", ""endpoint"", ""posting"", ""cores"", ""total MiB"", ""window cyc"", ""agg B/cyc"", ""agg GB/s"", ""bad counter rows""]","[""read"", ""1"", ""spread"", ""preferred"", ""standard"", ""28"", ""28.0"", ""232147"", ""126.472"", ""170.7"", ""0""]"
boop-docs/microbenching/docs/noc/dram-noc-bench.md,23,Run 2026-06-13T16:45:48-04:00,"[""op"", ""noc"", ""mode"", ""endpoint"", ""posting"", ""cores"", ""total MiB"", ""window cyc"", ""agg B/cyc"", ""agg GB/s"", ""bad counter rows""]","[""read"", ""1"", ""spread"", ""preferred"", ""standard"", ""56"", ""56.0"", ""428325"", ""137.093"", ""185.1"", ""0""]"
boop-docs/microbenching/docs/noc/dram-noc-bench.md,24,Run 2026-06-13T16:45:48-04:00,"[""op"", ""noc"", ""mode"", ""endpoint"", ""posting"", ""cores"", ""total MiB"", ""window cyc"", ""agg B/cyc"", ""agg GB/s"", ""bad counter rows""]","[""read"", ""1"", ""spread"", ""preferred"", ""standard"", ""118"", ""118.0"", ""840611"", ""147.193"", ""198.7"", ""0""]"
boop-docs/microbenching/docs/noc/dram-noc-bench.md,25,Run 2026-06-13T16:45:48-04:00,"[""op"", ""noc"", ""mode"", ""endpoint"", ""posting"", ""cores"", ""total MiB"", ""window cyc"", ""agg B/cyc"", ""agg GB/s"", ""bad counter rows""]","[""write"", ""0"", ""spread"", ""preferred"", ""standard"", ""1"", ""1.0"", ""22300"", ""47.021"", ""63.5"", ""0""]"
boop-docs/microbenching/docs/noc/dram-noc-bench.md,26,Run 2026-06-13T16:45:48-04:00,"[""op"", ""noc"", ""mode"", ""endpoint"", ""posting"", ""cores"", ""total MiB"", ""window cyc"", ""agg B/cyc"", ""agg GB/s"", ""bad counter rows""]","[""write"", ""0"", ""spread"", ""preferred"", ""standard"", ""7"", ""7.0"", ""65022"", ""112.885"", ""152.4"", ""0""]"
boop-docs/microbenching/docs/noc/dram-noc-bench.md,27,Run 2026-06-13T16:45:48-04:00,"[""op"", ""noc"", ""mode"", ""endpoint"", ""posting"", ""cores"", ""total MiB"", ""window cyc"", ""agg B/cyc"", ""agg GB/s"", ""bad counter rows""]","[""write"", ""0"", ""spread"", ""preferred"", ""standard"", ""14"", ""14.0"", ""110056"", ""133.387"", ""180.1"", ""0""]"
boop-docs/microbenching/docs/noc/dram-noc-bench.md,28,Run 2026-06-13T16:45:48-04:00,"[""op"", ""noc"", ""mode"", ""endpoint"", ""posting"", ""cores"", ""total MiB"", ""window cyc"", ""agg B/cyc"", ""agg GB/s"", ""bad counter rows""]","[""write"", ""0"", ""spread"", ""preferred"", ""standard"", ""28"", ""28.0"", ""236395"", ""124.199"", ""167.7"", ""0""]"
boop-docs/microbenching/docs/noc/dram-noc-bench.md,29,Run 2026-06-13T16:45:48-04:00,"[""op"", ""noc"", ""mode"", ""endpoint"", ""posting"", ""cores"", ""total MiB"", ""window cyc"", ""agg B/cyc"", ""agg GB/s"", ""bad counter rows""]","[""write"", ""0"", ""spread"", ""preferred"", ""standard"", ""56"", ""56.0"", ""527543"", ""111.309"", ""150.3"", ""0""]"
boop-docs/microbenching/docs/noc/dram-noc-bench.md,30,Run 2026-06-13T16:45:48-04:00,"[""op"", ""noc"", ""mode"", ""endpoint"", ""posting"", ""cores"", ""total MiB"", ""window cyc"", ""agg B/cyc"", ""agg GB/s"", ""bad counter rows""]","[""write"", ""0"", ""spread"", ""preferred"", ""standard"", ""118"", ""118.0"", ""1080217"", ""114.544"", ""154.6"", ""0""]"
boop-docs/microbenching/docs/noc/dram-noc-bench.md,31,Run 2026-06-13T16:45:48-04:00,"[""op"", ""noc"", ""mode"", ""endpoint"", ""posting"", ""cores"", ""total MiB"", ""window cyc"", ""agg B/cyc"", ""agg GB/s"", ""bad counter rows""]","[""write"", ""1"", ""spread"", ""preferred"", ""standard"", ""1"", ""1.0"", ""22694"", ""46.205"", ""62.4"", ""0""]"
boop-docs/microbenching/docs/noc/dram-noc-bench.md,32,Run 2026-06-13T16:45:48-04:00,"[""op"", ""noc"", ""mode"", ""endpoint"", ""posting"", ""cores"", ""total MiB"", ""window cyc"", ""agg B/cyc"", ""agg GB/s"", ""bad counter rows""]","[""write"", ""1"", ""spread"", ""preferred"", ""standard"", ""7"", ""7.0"", ""81249"", ""90.340"", ""122.0"", ""0""]"
boop-docs/microbenching/docs/noc/dram-noc-bench.md,33,Run 2026-06-13T16:45:48-04:00,"[""op"", ""noc"", ""mode"", ""endpoint"", ""posting"", ""cores"", ""total MiB"", ""window cyc"", ""agg B/cyc"", ""agg GB/s"", ""bad counter rows""]","[""write"", ""1"", ""spread"", ""preferred"", ""standard"", ""14"", ""14.0"", ""128773"", ""114.000"", ""153.9"", ""0""]"
boop-docs/microbenching/docs/noc/dram-noc-bench.md,34,Run 2026-06-13T16:45:48-04:00,"[""op"", ""noc"", ""mode"", ""endpoint"", ""posting"", ""cores"", ""total MiB"", ""window cyc"", ""agg B/cyc"", ""agg GB/s"", ""bad counter rows""]","[""write"", ""1"", ""spread"", ""preferred"", ""standard"", ""28"", ""28.0"", ""213745"", ""137.361"", ""185.4"", ""0""]"
boop-docs/microbenching/docs/noc/dram-noc-bench.md,35,Run 2026-06-13T16:45:48-04:00,"[""op"", ""noc"", ""mode"", ""endpoint"", ""posting"", ""cores"", ""total MiB"", ""window cyc"", ""agg B/cyc"", ""agg GB/s"", ""bad counter rows""]","[""write"", ""1"", ""spread"", ""preferred"", ""standard"", ""56"", ""56.0"", ""359606"", ""163.291"", ""220.4"", ""0""]"
boop-docs/microbenching/docs/noc/dram-noc-bench.md,36,Run 2026-06-13T16:45:48-04:00,"[""op"", ""noc"", ""mode"", ""endpoint"", ""posting"", ""cores"", ""total MiB"", ""window cyc"", ""agg B/cyc"", ""agg GB/s"", ""bad counter rows""]","[""write"", ""1"", ""spread"", ""preferred"", ""standard"", ""118"", ""118.0"", ""682209"", ""181.370"", ""244.8"", ""0""]"
boop-docs/microbenching/docs/noc/dram-noc-bench.md,49,Run 2026-06-13T16:45:49-04:00,"[""op"", ""noc"", ""mode"", ""endpoint"", ""posting"", ""cores"", ""total MiB"", ""window cyc"", ""agg B/cyc"", ""agg GB/s"", ""bad counter rows""]","[""read"", ""0"", ""spread"", ""split3"", ""standard"", ""1"", ""1.0"", ""22608"", ""46.381"", ""62.6"", ""0""]"
boop-docs/microbenching/docs/noc/dram-noc-bench.md,50,Run 2026-06-13T16:45:49-04:00,"[""op"", ""noc"", ""mode"", ""endpoint"", ""posting"", ""cores"", ""total MiB"", ""window cyc"", ""agg B/cyc"", ""agg GB/s"", ""bad counter rows""]","[""read"", ""0"", ""spread"", ""split3"", ""standard"", ""7"", ""7.0"", ""103418"", ""70.974"", ""95.8"", ""0""]"
boop-docs/microbenching/docs/noc/dram-noc-bench.md,51,Run 2026-06-13T16:45:49-04:00,"[""op"", ""noc"", ""mode"", ""endpoint"", ""posting"", ""cores"", ""total MiB"", ""window cyc"", ""agg B/cyc"", ""agg GB/s"", ""bad counter rows""]","[""read"", ""0"", ""spread"", ""split3"", ""standard"", ""14"", ""14.0"", ""138602"", ""105.915"", ""143.0"", ""0""]"
boop-docs/microbenching/docs/noc/dram-noc-bench.md,52,Run 2026-06-13T16:45:49-04:00,"[""op"", ""noc"", ""mode"", ""endpoint"", ""posting"", ""cores"", ""total MiB"", ""window cyc"", ""agg B/cyc"", ""agg GB/s"", ""bad counter rows""]","[""read"", ""0"", ""spread"", ""split3"", ""standard"", ""28"", ""28.0"", ""159822"", ""183.705"", ""248.0"", ""0""]"
boop-docs/microbenching/docs/noc/dram-noc-bench.md,53,Run 2026-06-13T16:45:49-04:00,"[""op"", ""noc"", ""mode"", ""endpoint"", ""posting"", ""cores"", ""total MiB"", ""window cyc"", ""agg B/cyc"", ""agg GB/s"", ""bad counter rows""]","[""read"", ""0"", ""spread"", ""split3"", ""standard"", ""56"", ""56.0"", ""276542"", ""212.338"", ""286.7"", ""0""]"
boop-docs/microbenching/docs/noc/dram-noc-bench.md,54,Run 2026-06-13T16:45:49-04:00,"[""op"", ""noc"", ""mode"", ""endpoint"", ""posting"", ""cores"", ""total MiB"", ""window cyc"", ""agg B/cyc"", ""agg GB/s"", ""bad counter rows""]","[""read"", ""0"", ""spread"", ""split3"", ""standard"", ""118"", ""118.0"", ""567465"", ""218.043"", ""294.4"", ""0""]"
boop-docs/microbenching/docs/noc/dram-noc-bench.md,55,Run 2026-06-13T16:45:49-04:00,"[""op"", ""noc"", ""mode"", ""endpoint"", ""posting"", ""cores"", ""total MiB"", ""window cyc"", ""agg B/cyc"", ""agg GB/s"", ""bad counter rows""]","[""read"", ""1"", ""spread"", ""split3"", ""standard"", ""1"", ""1.0"", ""22616"", ""46.364"", ""62.6"", ""0""]"
boop-docs/microbenching/docs/noc/dram-noc-bench.md,56,Run 2026-06-13T16:45:49-04:00,"[""op"", ""noc"", ""mode"", ""endpoint"", ""posting"", ""cores"", ""total MiB"", ""window cyc"", ""agg B/cyc"", ""agg GB/s"", ""bad counter rows""]","[""read"", ""1"", ""spread"", ""split3"", ""standard"", ""7"", ""7.0"", ""85185"", ""86.166"", ""116.3"", ""0""]"
boop-docs/microbenching/docs/noc/dram-noc-bench.md,57,Run 2026-06-13T16:45:49-04:00,"[""op"", ""noc"", ""mode"", ""endpoint"", ""posting"", ""cores"", ""total MiB"", ""window cyc"", ""agg B/cyc"", ""agg GB/s"", ""bad counter rows""]","[""read"", ""1"", ""spread"", ""split3"", ""standard"", ""14"", ""14.0"", ""105961"", ""138.542"", ""187.0"", ""0""]"
boop-docs/microbenching/docs/noc/dram-noc-bench.md,58,Run 2026-06-13T16:45:49-04:00,"[""op"", ""noc"", ""mode"", ""endpoint"", ""posting"", ""cores"", ""total MiB"", ""window cyc"", ""agg B/cyc"", ""agg GB/s"", ""bad counter rows""]","[""read"", ""1"", ""spread"", ""split3"", ""standard"", ""28"", ""28.0"", ""228292"", ""128.608"", ""173.6"", ""0""]"
boop-docs/microbenching/docs/noc/dram-noc-bench.md,59,Run 2026-06-13T16:45:49-04:00,"[""op"", ""noc"", ""mode"", ""endpoint"", ""posting"", ""cores"", ""total MiB"", ""window cyc"", ""agg B/cyc"", ""agg GB/s"", ""bad counter rows""]","[""read"", ""1"", ""spread"", ""split3"", ""standard"", ""56"", ""56.0"", ""374201"", ""156.922"", ""211.8"", ""0""]"
boop-docs/microbenching/docs/noc/dram-noc-bench.md,60,Run 2026-06-13T16:45:49-04:00,"[""op"", ""noc"", ""mode"", ""endpoint"", ""posting"", ""cores"", ""total MiB"", ""window cyc"", ""agg B/cyc"", ""agg GB/s"", ""bad counter rows""]","[""read"", ""1"", ""spread"", ""split3"", ""standard"", ""118"", ""118.0"", ""743071"", ""166.514"", ""224.8"", ""0""]"
boop-docs/microbenching/docs/noc/dram-noc-bench.md,61,Run 2026-06-13T16:45:49-04:00,"[""op"", ""noc"", ""mode"", ""endpoint"", ""posting"", ""cores"", ""total MiB"", ""window cyc"", ""agg B/cyc"", ""agg GB/s"", ""bad counter rows""]","[""write"", ""0"", ""spread"", ""split3"", ""standard"", ""1"", ""1.0"", ""22300"", ""47.021"", ""63.5"", ""0""]"
boop-docs/microbenching/docs/noc/dram-noc-bench.md,62,Run 2026-06-13T16:45:49-04:00,"[""op"", ""noc"", ""mode"", ""endpoint"", ""posting"", ""cores"", ""total MiB"", ""window cyc"", ""agg B/cyc"", ""agg GB/s"", ""bad counter rows""]","[""write"", ""0"", ""spread"", ""split3"", ""standard"", ""7"", ""7.0"", ""60018"", ""122.297"", ""165.1"", ""0""]"
boop-docs/microbenching/docs/noc/dram-noc-bench.md,63,Run 2026-06-13T16:45:49-04:00,"[""op"", ""noc"", ""mode"", ""endpoint"", ""posting"", ""cores"", ""total MiB"", ""window cyc"", ""agg B/cyc"", ""agg GB/s"", ""bad counter rows""]","[""write"", ""0"", ""spread"", ""split3"", ""standard"", ""14"", ""14.0"", ""111748"", ""131.368"", ""177.3"", ""0""]"
boop-docs/microbenching/docs/noc/dram-noc-bench.md,64,Run 2026-06-13T16:45:49-04:00,"[""op"", ""noc"", ""mode"", ""endpoint"", ""posting"", ""cores"", ""total MiB"", ""window cyc"", ""agg B/cyc"", ""agg GB/s"", ""bad counter rows""]","[""write"", ""0"", ""spread"", ""split3"", ""standard"", ""28"", ""28.0"", ""232562"", ""126.246"", ""170.4"", ""0""]"
boop-docs/microbenching/docs/noc/dram-noc-bench.md,65,Run 2026-06-13T16:45:49-04:00,"[""op"", ""noc"", ""mode"", ""endpoint"", ""posting"", ""cores"", ""total MiB"", ""window cyc"", ""agg B/cyc"", ""agg GB/s"", ""bad counter rows""]","[""write"", ""0"", ""spread"", ""split3"", ""standard"", ""56"", ""56.0"", ""478391"", ""122.745"", ""165.7"", ""0""]"
boop-docs/microbenching/docs/noc/dram-noc-bench.md,66,Run 2026-06-13T16:45:49-04:00,"[""op"", ""noc"", ""mode"", ""endpoint"", ""posting"", ""cores"", ""total MiB"", ""window cyc"", ""agg B/cyc"", ""agg GB/s"", ""bad counter rows""]","[""write"", ""0"", ""spread"", ""split3"", ""standard"", ""118"", ""118.0"", ""1039322"", ""119.051"", ""160.7"", ""0""]"
boop-docs/microbenching/docs/noc/dram-noc-bench.md,67,Run 2026-06-13T16:45:49-04:00,"[""op"", ""noc"", ""mode"", ""endpoint"", ""posting"", ""cores"", ""total MiB"", ""window cyc"", ""agg B/cyc"", ""agg GB/s"", ""bad counter rows""]","[""write"", ""1"", ""spread"", ""split3"", ""standard"", ""1"", ""1.0"", ""22308"", ""47.004"", ""63.5"", ""0""]"
boop-docs/microbenching/docs/noc/dram-noc-bench.md,68,Run 2026-06-13T16:45:49-04:00,"[""op"", ""noc"", ""mode"", ""endpoint"", ""posting"", ""cores"", ""total MiB"", ""window cyc"", ""agg B/cyc"", ""agg GB/s"", ""bad counter rows""]","[""write"", ""1"", ""spread"", ""split3"", ""standard"", ""7"", ""7.0"", ""114998"", ""63.827"", ""86.2"", ""0""]"
boop-docs/microbenching/docs/noc/dram-noc-bench.md,69,Run 2026-06-13T16:45:49-04:00,"[""op"", ""noc"", ""mode"", ""endpoint"", ""posting"", ""cores"", ""total MiB"", ""window cyc"", ""agg B/cyc"", ""agg GB/s"", ""bad counter rows""]","[""write"", ""1"", ""spread"", ""split3"", ""standard"", ""14"", ""14.0"", ""157895"", ""92.974"", ""125.5"", ""0""]"
boop-docs/microbenching/docs/noc/dram-noc-bench.md,70,Run 2026-06-13T16:45:49-04:00,"[""op"", ""noc"", ""mode"", ""endpoint"", ""posting"", ""cores"", ""total MiB"", ""window cyc"", ""agg B/cyc"", ""agg GB/s"", ""bad counter rows""]","[""write"", ""1"", ""spread"", ""split3"", ""standard"", ""28"", ""28.0"", ""204341"", ""143.682"", ""194.0"", ""0""]"
boop-docs/microbenching/docs/noc/dram-noc-bench.md,71,Run 2026-06-13T16:45:49-04:00,"[""op"", ""noc"", ""mode"", ""endpoint"", ""posting"", ""cores"", ""total MiB"", ""window cyc"", ""agg B/cyc"", ""agg GB/s"", ""bad counter rows""]","[""write"", ""1"", ""spread"", ""split3"", ""standard"", ""56"", ""56.0"", ""318835"", ""184.171"", ""248.6"", ""0""]"
boop-docs/microbenching/docs/noc/dram-noc-bench.md,72,Run 2026-06-13T16:45:49-04:00,"[""op"", ""noc"", ""mode"", ""endpoint"", ""posting"", ""cores"", ""total MiB"", ""window cyc"", ""agg B/cyc"", ""agg GB/s"", ""bad counter rows""]","[""write"", ""1"", ""spread"", ""split3"", ""standard"", ""118"", ""118.0"", ""530974"", ""233.028"", ""314.6"", ""0""]"
boop-docs/microbenching/docs/noc/dram-noc-structural-matrix.md,47,Run 2026-06-13T17:36:41-04:00 DRAM structural matrix,"[""case"", ""op pair"", ""NoC0 streams"", ""NoC1 streams"", ""NoC0 alone B/cyc"", ""NoC1 alone B/cyc"", ""mixed NoC0 B/cyc"", ""mixed NoC1 B/cyc"", ""mixed aggregate B/cyc"", ""bad counters""]","[""same-dram-bank"", ""read/read"", ""NoC0/read `1,4`->b0.e2"", ""NoC1/read `2,4`->b0.e1"", ""40.181"", ""40.293"", ""22.141"", ""22.383"", ""44.281"", ""0""]"
boop-docs/microbenching/docs/noc/dram-noc-structural-matrix.md,48,Run 2026-06-13T17:36:41-04:00 DRAM structural matrix,"[""case"", ""op pair"", ""NoC0 streams"", ""NoC1 streams"", ""NoC0 alone B/cyc"", ""NoC1 alone B/cyc"", ""mixed NoC0 B/cyc"", ""mixed NoC1 B/cyc"", ""mixed aggregate B/cyc"", ""bad counters""]","[""same-dram-bank"", ""read/write"", ""NoC0/read `1,4`->b0.e2"", ""NoC1/write `2,4`->b0.e1"", ""38.460"", ""44.371"", ""20.739"", ""21.996"", ""41.478"", ""0""]"
boop-docs/microbenching/docs/noc/dram-noc-structural-matrix.md,49,Run 2026-06-13T17:36:41-04:00 DRAM structural matrix,"[""case"", ""op pair"", ""NoC0 streams"", ""NoC1 streams"", ""NoC0 alone B/cyc"", ""NoC1 alone B/cyc"", ""mixed NoC0 B/cyc"", ""mixed NoC1 B/cyc"", ""mixed aggregate B/cyc"", ""bad counters""]","[""different-banks-same-dram-column"", ""read/read"", ""NoC0/read `1,4`->b0.e2"", ""NoC1/read `2,4`->b1.e1"", ""40.157"", ""40.022"", ""40.157"", ""40.095"", ""80.093"", ""0""]"
boop-docs/microbenching/docs/noc/dram-noc-structural-matrix.md,50,Run 2026-06-13T17:36:41-04:00 DRAM structural matrix,"[""case"", ""op pair"", ""NoC0 streams"", ""NoC1 streams"", ""NoC0 alone B/cyc"", ""NoC1 alone B/cyc"", ""mixed NoC0 B/cyc"", ""mixed NoC1 B/cyc"", ""mixed aggregate B/cyc"", ""bad counters""]","[""different-banks-same-dram-column"", ""read/write"", ""NoC0/read `1,4`->b0.e2"", ""NoC1/write `2,4`->b1.e1"", ""40.145"", ""44.401"", ""40.157"", ""44.416"", ""80.020"", ""0""]"
boop-docs/microbenching/docs/noc/dram-noc-structural-matrix.md,51,Run 2026-06-13T17:36:41-04:00 DRAM structural matrix,"[""case"", ""op pair"", ""NoC0 streams"", ""NoC1 streams"", ""NoC0 alone B/cyc"", ""NoC1 alone B/cyc"", ""mixed NoC0 B/cyc"", ""mixed NoC1 B/cyc"", ""mixed aggregate B/cyc"", ""bad counters""]","[""disjoint-route-links"", ""read/read"", ""NoC0/read `1,4`->b0.e2"", ""NoC1/read `13,7`->b4.e1"", ""40.157"", ""38.348"", ""40.157"", ""40.157"", ""80.215"", ""0""]"
boop-docs/microbenching/docs/noc/dram-noc-structural-matrix.md,52,Run 2026-06-13T17:36:41-04:00 DRAM structural matrix,"[""case"", ""op pair"", ""NoC0 streams"", ""NoC1 streams"", ""NoC0 alone B/cyc"", ""NoC1 alone B/cyc"", ""mixed NoC0 B/cyc"", ""mixed NoC1 B/cyc"", ""mixed aggregate B/cyc"", ""bad counters""]","[""disjoint-route-links"", ""read/write"", ""NoC0/read `1,4`->b0.e2"", ""NoC1/write `13,7`->b4.e1"", ""40.157"", ""44.371"", ""40.157"", ""44.326"", ""80.314"", ""0""]"
boop-docs/microbenching/docs/noc/noc-arbitration-priority.md,16,Run 2026-06-24T17:52:47-04:00,"[""layout"", ""noc"", ""K"", ""packet B"", ""packets"", ""target"", ""sender order (+skew cyc)"", ""aggregate B/cyc"", ""aggregate req/cyc"", ""per-stream B/cyc"", ""near-rank B/cyc"", ""ladder B/cyc"", ""max ladder err"", ""spread"", ""interpretation"", ""receiver visibility cycles"", ""bad counters"", ""target missing"", ""target polls""]","[""rank-line"", ""0"", ""2"", ""16384"", ""256"", ""`14,4`"", ""`13,4` `12,4`"", ""62.895"", ""0.00384"", ""31.506 31.449"", ""31.506 31.449"", ""31.447 31.447"", ""0.002"", ""0.002"", ""roughly equal"", ""393 652"", ""0"", ""0"", ""16""]"
boop-docs/microbenching/docs/noc/noc-arbitration-priority.md,17,Run 2026-06-24T17:52:47-04:00,"[""layout"", ""noc"", ""K"", ""packet B"", ""packets"", ""target"", ""sender order (+skew cyc)"", ""aggregate B/cyc"", ""aggregate req/cyc"", ""per-stream B/cyc"", ""near-rank B/cyc"", ""ladder B/cyc"", ""max ladder err"", ""spread"", ""interpretation"", ""receiver visibility cycles"", ""bad counters"", ""target missing"", ""target polls""]","[""rank-line"", ""0"", ""3"", ""16384"", ""256"", ""`14,4`"", ""`13,4` `12,4` `11,4`"", ""63.040"", ""0.00385"", ""31.588 21.015 21.042"", ""31.588 21.015 21.042"", ""31.520 21.013 21.013"", ""0.002"", ""0.431"", ""near target favored"", ""384 1180 671"", ""0"", ""0"", ""26""]"
boop-docs/microbenching/docs/noc/noc-arbitration-priority.md,18,Run 2026-06-24T17:52:47-04:00,"[""layout"", ""noc"", ""K"", ""packet B"", ""packets"", ""target"", ""sender order (+skew cyc)"", ""aggregate B/cyc"", ""aggregate req/cyc"", ""per-stream B/cyc"", ""near-rank B/cyc"", ""ladder B/cyc"", ""max ladder err"", ""spread"", ""interpretation"", ""receiver visibility cycles"", ""bad counters"", ""target missing"", ""target polls""]","[""rank-line"", ""0"", ""4"", ""16384"", ""256"", ""`14,4`"", ""`13,4` `12,4` `11,4` `10,4`"", ""63.128"", ""0.00385"", ""31.605 21.079 15.797 15.782"", ""31.605 21.079 15.797 15.782"", ""31.564 21.043 15.782 15.782"", ""0.002"", ""0.751"", ""near target favored"", ""413 647 1170 2237"", ""0"", ""0"", ""48""]"
boop-docs/microbenching/docs/noc/noc-arbitration-priority.md,19,Run 2026-06-24T17:52:47-04:00,"[""layout"", ""noc"", ""K"", ""packet B"", ""packets"", ""target"", ""sender order (+skew cyc)"", ""aggregate B/cyc"", ""aggregate req/cyc"", ""per-stream B/cyc"", ""near-rank B/cyc"", ""ladder B/cyc"", ""max ladder err"", ""spread"", ""interpretation"", ""receiver visibility cycles"", ""bad counters"", ""target missing"", ""target polls""]","[""rank-line"", ""0"", ""5"", ""16384"", ""256"", ""`14,4`"", ""`13,4` `12,4` `11,4` `10,4` `7,4`"", ""63.170"", ""0.00386"", ""31.636 21.088 15.812 12.644 12.634"", ""31.636 21.088 15.812 12.644 12.634"", ""31.585 21.057 15.792 12.634 12.634"", ""0.002"", ""1.013"", ""near target favored"", ""408 694 1201 2216 4282"", ""0"", ""0"", ""88""]"
boop-docs/microbenching/docs/noc/noc-arbitration-priority.md,20,Run 2026-06-24T17:52:47-04:00,"[""layout"", ""noc"", ""K"", ""packet B"", ""packets"", ""target"", ""sender order (+skew cyc)"", ""aggregate B/cyc"", ""aggregate req/cyc"", ""per-stream B/cyc"", ""near-rank B/cyc"", ""ladder B/cyc"", ""max ladder err"", ""spread"", ""interpretation"", ""receiver visibility cycles"", ""bad counters"", ""target missing"", ""target polls""]","[""rank-line"", ""0"", ""6"", ""16384"", ""256"", ""`14,4`"", ""`13,4` `12,4` `11,4` `10,4` `7,4` `6,4`"", ""63.227"", ""0.00386"", ""31.618 21.086 15.812 12.660 10.544 10.538"", ""31.618 21.086 15.812 12.660 10.544 10.538"", ""31.614 21.076 15.807 12.645 10.538 10.538"", ""0.001"", ""1.237"", ""near target favored"", ""479 721 1186 2268 4324 8509"", ""0"", ""0"", ""168""]"
boop-docs/microbenching/docs/noc/noc-arbitration-priority.md,21,Run 2026-06-24T17:52:47-04:00,"[""layout"", ""noc"", ""K"", ""packet B"", ""packets"", ""target"", ""sender order (+skew cyc)"", ""aggregate B/cyc"", ""aggregate req/cyc"", ""per-stream B/cyc"", ""near-rank B/cyc"", ""ladder B/cyc"", ""max ladder err"", ""spread"", ""interpretation"", ""receiver visibility cycles"", ""bad counters"", ""target missing"", ""target polls""]","[""rank-line"", ""0"", ""7"", ""16384"", ""256"", ""`14,4`"", ""`13,4` `12,4` `11,4` `10,4` `7,4` `6,4` `5,4`"", ""63.169"", ""0.00386"", ""31.641 21.078 15.797 12.643 10.539 9.029 9.024"", ""31.641 21.078 15.797 12.643 10.539 9.029 9.024"", ""31.585 21.056 15.792 12.634 10.528 9.024 9.024"", ""0.002"", ""1.443"", ""near target favored"", ""417 695 1249 2253 4319 8472 16728"", ""0"", ""0"", ""315""]"
boop-docs/microbenching/docs/noc/noc-arbitration-priority.md,22,Run 2026-06-24T17:52:47-04:00,"[""layout"", ""noc"", ""K"", ""packet B"", ""packets"", ""target"", ""sender order (+skew cyc)"", ""aggregate B/cyc"", ""aggregate req/cyc"", ""per-stream B/cyc"", ""near-rank B/cyc"", ""ladder B/cyc"", ""max ladder err"", ""spread"", ""interpretation"", ""receiver visibility cycles"", ""bad counters"", ""target missing"", ""target polls""]","[""rank-line"", ""0"", ""8"", ""16384"", ""256"", ""`14,4`"", ""`13,4` `12,4` `11,4` `10,4` `7,4` `6,4` `5,4` `4,4`"", ""63.224"", ""0.00386"", ""31.639 21.104 15.821 12.656 10.547 9.041 7.903 7.907"", ""31.639 21.104 15.821 12.656 10.547 9.041 7.903 7.907"", ""31.612 21.075 15.806 12.645 10.537 9.032 7.903 7.903"", ""0.001"", ""1.628"", ""near target favored"", ""467 781 1184 2283 4312 8496 33309 16740"", ""0"", ""0"", ""597""]"
boop-docs/microbenching/docs/noc/noc-arbitration-priority.md,23,Run 2026-06-24T17:52:47-04:00,"[""layout"", ""noc"", ""K"", ""packet B"", ""packets"", ""target"", ""sender order (+skew cyc)"", ""aggregate B/cyc"", ""aggregate req/cyc"", ""per-stream B/cyc"", ""near-rank B/cyc"", ""ladder B/cyc"", ""max ladder err"", ""spread"", ""interpretation"", ""receiver visibility cycles"", ""bad counters"", ""target missing"", ""target polls""]","[""rank-line"", ""0"", ""9"", ""16384"", ""256"", ""`14,4`"", ""`13,4` `12,4` `11,4` `10,4` `7,4` `6,4` `5,4` `4,4` `3,4`"", ""63.060"", ""0.00385"", ""31.637 21.068 15.790 12.626 10.519 9.015 7.887 7.007 7.010"", ""31.637 21.068 15.790 12.626 10.519 9.015 7.887 7.007 7.010"", ""31.530 21.020 15.765 12.612 10.510 9.009 7.882 7.007 7.007"", ""0.003"", ""1.809"", ""near target favored"", ""520 716 1174 2328 4318 8472 16736 66473 33370"", ""0"", ""0"", ""1130""]"
boop-docs/microbenching/docs/noc/noc-arbitration-priority.md,24,Run 2026-06-24T17:52:47-04:00,"[""layout"", ""noc"", ""K"", ""packet B"", ""packets"", ""target"", ""sender order (+skew cyc)"", ""aggregate B/cyc"", ""aggregate req/cyc"", ""per-stream B/cyc"", ""near-rank B/cyc"", ""ladder B/cyc"", ""max ladder err"", ""spread"", ""interpretation"", ""receiver visibility cycles"", ""bad counters"", ""target missing"", ""target polls""]","[""rank-line"", ""0"", ""10"", ""16384"", ""256"", ""`14,4`"", ""`13,4` `12,4` `11,4` `10,4` `7,4` `6,4` `5,4` `4,4` `3,4` `2,4`"", ""63.222"", ""0.00386"", ""31.632 21.081 15.803 12.647 10.541 9.032 7.903 7.024 6.322 6.325"", ""31.632 21.081 15.803 12.647 10.541 9.032 7.903 7.024 6.322 6.325"", ""31.611 21.074 15.805 12.644 10.537 9.032 7.903 7.025 6.322 6.322"", ""0.001"", ""1.973"", ""near target favored"", ""383 769 1283 2318 4383 8451 16789 66453 99544 33396"", ""0"", ""0"", ""1502""]"
boop-docs/microbenching/docs/noc/noc-arbitration-priority.md,25,Run 2026-06-24T17:52:47-04:00,"[""layout"", ""noc"", ""K"", ""packet B"", ""packets"", ""target"", ""sender order (+skew cyc)"", ""aggregate B/cyc"", ""aggregate req/cyc"", ""per-stream B/cyc"", ""near-rank B/cyc"", ""ladder B/cyc"", ""max ladder err"", ""spread"", ""interpretation"", ""receiver visibility cycles"", ""bad counters"", ""target missing"", ""target polls""]","[""rank-line"", ""0"", ""11"", ""16384"", ""256"", ""`14,4`"", ""`13,4` `12,4` `11,4` `10,4` `7,4` `6,4` `5,4` `4,4` `3,4` `2,4` `1,4`"", ""63.220"", ""0.00386"", ""31.553 21.041 15.781 12.631 10.530 9.028 7.902 7.023 6.321 5.747 5.749"", ""31.553 21.041 15.781 12.631 10.530 9.028 7.902 7.023 6.321 5.747 5.749"", ""31.610 21.073 15.805 12.644 10.537 9.031 7.903 7.024 6.322 5.747 5.747"", ""0.002"", ""2.129"", ""near target favored"", ""419 651 1216 2217 4285 8474 16855 66612 99803 149728 33440"", ""0"", ""0"", ""2090""]"
boop-docs/microbenching/docs/noc/noc-arbitration-priority.md,26,Run 2026-06-24T17:52:47-04:00,"[""layout"", ""noc"", ""K"", ""packet B"", ""packets"", ""target"", ""sender order (+skew cyc)"", ""aggregate B/cyc"", ""aggregate req/cyc"", ""per-stream B/cyc"", ""near-rank B/cyc"", ""ladder B/cyc"", ""max ladder err"", ""spread"", ""interpretation"", ""receiver visibility cycles"", ""bad counters"", ""target missing"", ""target polls""]","[""rank-line"", ""1"", ""2"", ""16384"", ""256"", ""`1,4`"", ""`2,4` `3,4`"", ""62.902"", ""0.00384"", ""31.510 31.453"", ""31.510 31.453"", ""31.451 31.451"", ""0.002"", ""0.002"", ""roughly equal"", ""395 632"", ""0"", ""0"", ""15""]"
boop-docs/microbenching/docs/noc/noc-arbitration-priority.md,27,Run 2026-06-24T17:52:47-04:00,"[""layout"", ""noc"", ""K"", ""packet B"", ""packets"", ""target"", ""sender order (+skew cyc)"", ""aggregate B/cyc"", ""aggregate req/cyc"", ""per-stream B/cyc"", ""near-rank B/cyc"", ""ladder B/cyc"", ""max ladder err"", ""spread"", ""interpretation"", ""receiver visibility cycles"", ""bad counters"", ""target missing"", ""target polls""]","[""rank-line"", ""1"", ""3"", ""16384"", ""256"", ""`1,4`"", ""`2,4` `3,4` `4,4`"", ""63.193"", ""0.00386"", ""31.693 21.091 21.064"", ""31.693 21.091 21.064"", ""31.597 21.064 21.064"", ""0.003"", ""0.432"", ""near target favored"", ""385 654 1147"", ""0"", ""0"", ""25""]"
boop-docs/microbenching/docs/noc/noc-arbitration-priority.md,28,Run 2026-06-24T17:52:47-04:00,"[""layout"", ""noc"", ""K"", ""packet B"", ""packets"", ""target"", ""sender order (+skew cyc)"", ""aggregate B/cyc"", ""aggregate req/cyc"", ""per-stream B/cyc"", ""near-rank B/cyc"", ""ladder B/cyc"", ""max ladder err"", ""spread"", ""interpretation"", ""receiver visibility cycles"", ""bad counters"", ""target missing"", ""target polls""]","[""rank-line"", ""1"", ""4"", ""16384"", ""256"", ""`1,4`"", ""`2,4` `3,4` `4,4` `5,4`"", ""62.975"", ""0.00384"", ""31.519 21.013 15.759 15.744"", ""31.519 21.013 15.759 15.744"", ""31.488 20.992 15.744 15.744"", ""0.001"", ""0.751"", ""near target favored"", ""416 648 1177 2211"", ""0"", ""0"", ""47""]"
boop-docs/microbenching/docs/noc/noc-arbitration-priority.md,29,Run 2026-06-24T17:52:47-04:00,"[""layout"", ""noc"", ""K"", ""packet B"", ""packets"", ""target"", ""sender order (+skew cyc)"", ""aggregate B/cyc"", ""aggregate req/cyc"", ""per-stream B/cyc"", ""near-rank B/cyc"", ""ladder B/cyc"", ""max ladder err"", ""spread"", ""interpretation"", ""receiver visibility cycles"", ""bad counters"", ""target missing"", ""target polls""]","[""rank-line"", ""1"", ""5"", ""16384"", ""256"", ""`1,4`"", ""`2,4` `3,4` `4,4` `5,4` `6,4`"", ""63.201"", ""0.00386"", ""31.641 21.104 15.826 12.650 12.640"", ""31.641 21.104 15.826 12.650 12.640"", ""31.600 21.067 15.800 12.640 12.640"", ""0.002"", ""1.012"", ""near target favored"", ""407 694 1202 2215 4279"", ""0"", ""0"", ""88""]"
boop-docs/microbenching/docs/noc/noc-arbitration-priority.md,30,Run 2026-06-24T17:52:47-04:00,"[""layout"", ""noc"", ""K"", ""packet B"", ""packets"", ""target"", ""sender order (+skew cyc)"", ""aggregate B/cyc"", ""aggregate req/cyc"", ""per-stream B/cyc"", ""near-rank B/cyc"", ""ladder B/cyc"", ""max ladder err"", ""spread"", ""interpretation"", ""receiver visibility cycles"", ""bad counters"", ""target missing"", ""target polls""]","[""rank-line"", ""1"", ""6"", ""16384"", ""256"", ""`1,4`"", ""`2,4` `3,4` `4,4` `5,4` `6,4` `7,4`"", ""63.094"", ""0.00385"", ""31.622 21.071 15.792 12.627 10.522 10.516"", ""31.622 21.071 15.792 12.627 10.522 10.516"", ""31.547 21.031 15.774 12.619 10.516 10.516"", ""0.002"", ""1.240"", ""near target favored"", ""362 702 1170 2252 4295 8438"", ""0"", ""0"", ""167""]"
boop-docs/microbenching/docs/noc/noc-arbitration-priority.md,31,Run 2026-06-24T17:52:47-04:00,"[""layout"", ""noc"", ""K"", ""packet B"", ""packets"", ""target"", ""sender order (+skew cyc)"", ""aggregate B/cyc"", ""aggregate req/cyc"", ""per-stream B/cyc"", ""near-rank B/cyc"", ""ladder B/cyc"", ""max ladder err"", ""spread"", ""interpretation"", ""receiver visibility cycles"", ""bad counters"", ""target missing"", ""target polls""]","[""rank-line"", ""1"", ""7"", ""16384"", ""256"", ""`1,4`"", ""`2,4` `3,4` `4,4` `5,4` `6,4` `7,4` `10,4`"", ""63.166"", ""0.00386"", ""31.618 21.081 15.807 12.651 10.537 9.029 9.024"", ""31.618 21.081 15.807 12.651 10.537 9.029 9.024"", ""31.583 21.055 15.791 12.633 10.528 9.024 9.024"", ""0.001"", ""1.441"", ""near target favored"", ""411 690 1246 2251 4320 8472 16728"", ""0"", ""0"", ""315""]"
boop-docs/microbenching/docs/noc/noc-arbitration-priority.md,32,Run 2026-06-24T17:52:47-04:00,"[""layout"", ""noc"", ""K"", ""packet B"", ""packets"", ""target"", ""sender order (+skew cyc)"", ""aggregate B/cyc"", ""aggregate req/cyc"", ""per-stream B/cyc"", ""near-rank B/cyc"", ""ladder B/cyc"", ""max ladder err"", ""spread"", ""interpretation"", ""receiver visibility cycles"", ""bad counters"", ""target missing"", ""target polls""]","[""rank-line"", ""1"", ""8"", ""16384"", ""256"", ""`1,4`"", ""`2,4` `3,4` `4,4` `5,4` `6,4` `7,4` `10,4` `11,4`"", ""63.187"", ""0.00386"", ""31.605 21.075 15.800 12.647 10.540 9.030 7.902 7.899"", ""31.605 21.075 15.800 12.647 10.540 9.030 7.902 7.899"", ""31.594 21.062 15.797 12.637 10.531 9.027 7.898 7.898"", ""0.001"", ""1.628"", ""near target favored"", ""466 644 1175 2270 4299 8478 16761 33351"", ""0"", ""0"", ""598""]"
boop-docs/microbenching/docs/noc/noc-arbitration-priority.md,33,Run 2026-06-24T17:52:47-04:00,"[""layout"", ""noc"", ""K"", ""packet B"", ""packets"", ""target"", ""sender order (+skew cyc)"", ""aggregate B/cyc"", ""aggregate req/cyc"", ""per-stream B/cyc"", ""near-rank B/cyc"", ""ladder B/cyc"", ""max ladder err"", ""spread"", ""interpretation"", ""receiver visibility cycles"", ""bad counters"", ""target missing"", ""target polls""]","[""rank-line"", ""1"", ""9"", ""16384"", ""256"", ""`1,4`"", ""`2,4` `3,4` `4,4` `5,4` `6,4` `7,4` `10,4` `11,4` `12,4`"", ""63.195"", ""0.00386"", ""31.624 21.081 15.798 12.632 10.529 9.032 7.902 7.025 7.022"", ""31.624 21.081 15.798 12.632 10.529 9.032 7.902 7.025 7.022"", ""31.598 21.065 15.799 12.639 10.533 9.028 7.899 7.022 7.022"", ""0.001"", ""1.805"", ""near target favored"", ""517 713 1172 2205 4309 8459 33300 16730 49888"", ""0"", ""0"", ""786""]"
boop-docs/microbenching/docs/noc/noc-arbitration-priority.md,34,Run 2026-06-24T17:52:47-04:00,"[""layout"", ""noc"", ""K"", ""packet B"", ""packets"", ""target"", ""sender order (+skew cyc)"", ""aggregate B/cyc"", ""aggregate req/cyc"", ""per-stream B/cyc"", ""near-rank B/cyc"", ""ladder B/cyc"", ""max ladder err"", ""spread"", ""interpretation"", ""receiver visibility cycles"", ""bad counters"", ""target missing"", ""target polls""]","[""rank-line"", ""1"", ""10"", ""16384"", ""256"", ""`1,4`"", ""`2,4` `3,4` `4,4` `5,4` `6,4` `7,4` `10,4` `11,4` `12,4` `13,4`"", ""63.196"", ""0.00386"", ""31.588 21.069 15.795 12.631 10.528 9.027 7.903 7.027 6.320 6.322"", ""31.588 21.069 15.795 12.631 10.528 9.027 7.903 7.027 6.320 6.322"", ""31.598 21.065 15.799 12.639 10.533 9.028 7.899 7.022 6.320 6.320"", ""0.001"", ""1.971"", ""near target favored"", ""384 772 1284 2318 4386 8458 16800 33453 132947 66560"", ""0"", ""0"", ""2155""]"
boop-docs/microbenching/docs/noc/noc-arbitration-priority.md,35,Run 2026-06-24T17:52:47-04:00,"[""layout"", ""noc"", ""K"", ""packet B"", ""packets"", ""target"", ""sender order (+skew cyc)"", ""aggregate B/cyc"", ""aggregate req/cyc"", ""per-stream B/cyc"", ""near-rank B/cyc"", ""ladder B/cyc"", ""max ladder err"", ""spread"", ""interpretation"", ""receiver visibility cycles"", ""bad counters"", ""target missing"", ""target polls""]","[""rank-line"", ""1"", ""11"", ""16384"", ""256"", ""`1,4`"", ""`2,4` `3,4` `4,4` `5,4` `6,4` `7,4` `10,4` `11,4` `12,4` `13,4` `14,4`"", ""63.199"", ""0.00386"", ""21.083 15.817 12.645 10.532 9.029 7.903 7.023 6.324 5.747 5.745 32.462"", ""21.083 15.817 12.645 10.532 9.029 7.903 7.023 6.324 5.747 5.745 32.462"", ""31.599 21.066 15.800 12.640 10.533 9.028 7.900 7.022 6.320 5.745 5.745"", ""4.650"", ""2.188"", ""far source favored"", ""626 1239 2242 4592 9419 17223 69924 34866 102916 182516 828"", ""0"", ""0"", ""2671""]"
boop-docs/microbenching/docs/noc/noc-arbitration-priority.md,51,Run 2026-06-24T17:52:48-04:00,"[""layout"", ""noc"", ""K"", ""packet B"", ""packets"", ""target"", ""sender order (+skew cyc)"", ""aggregate B/cyc"", ""aggregate req/cyc"", ""per-stream B/cyc"", ""near-rank B/cyc"", ""ladder B/cyc"", ""max ladder err"", ""spread"", ""interpretation"", ""receiver visibility cycles"", ""bad counters"", ""target missing"", ""target polls""]","[""two-sided-asym-3l1r"", ""0"", ""4"", ""16384"", ""256"", ""`7,6`"", ""`6,6` `5,6` `4,6` `10,6`"", ""63.213"", ""0.00386"", ""21.120 15.819 15.803 31.741"", ""-"", ""-"", ""-"", ""0.755"", ""far source favored"", ""393 1036 2136 792"", ""0"", ""0"", ""46""]"
boop-docs/microbenching/docs/noc/noc-arbitration-priority.md,52,Run 2026-06-24T17:52:48-04:00,"[""layout"", ""noc"", ""K"", ""packet B"", ""packets"", ""target"", ""sender order (+skew cyc)"", ""aggregate B/cyc"", ""aggregate req/cyc"", ""per-stream B/cyc"", ""near-rank B/cyc"", ""ladder B/cyc"", ""max ladder err"", ""spread"", ""interpretation"", ""receiver visibility cycles"", ""bad counters"", ""target missing"", ""target polls""]","[""two-sided-asym-3l1r"", ""1"", ""4"", ""16384"", ""256"", ""`7,6`"", ""`6,6` `5,6` `4,6` `10,6`"", ""63.287"", ""0.00386"", ""15.822 15.835 21.150 30.148"", ""-"", ""-"", ""-"", ""0.691"", ""near target favored"", ""2290 1374 871 469"", ""0"", ""0"", ""47""]"
boop-docs/microbenching/docs/noc/noc-arbitration-priority.md,68,Run 2026-06-24T17:52:48-04:00,"[""layout"", ""noc"", ""K"", ""packet B"", ""packets"", ""target"", ""sender order (+skew cyc)"", ""aggregate B/cyc"", ""aggregate req/cyc"", ""per-stream B/cyc"", ""near-rank B/cyc"", ""ladder B/cyc"", ""max ladder err"", ""spread"", ""interpretation"", ""receiver visibility cycles"", ""bad counters"", ""target missing"", ""target polls""]","[""diagonal-xleg"", ""0"", ""4"", ""16384"", ""256"", ""`7,7`"", ""`6,6` `5,6` `4,6` `3,6`"", ""63.470"", ""0.00387"", ""31.743 21.176 15.868 15.883"", ""31.743 21.176 15.868 15.883"", ""31.735 21.157 15.867 15.867"", ""0.001"", ""0.750"", ""near target favored"", ""393 688 2230 1181"", ""0"", ""0"", ""48""]"
boop-docs/microbenching/docs/noc/noc-arbitration-priority.md,69,Run 2026-06-24T17:52:48-04:00,"[""layout"", ""noc"", ""K"", ""packet B"", ""packets"", ""target"", ""sender order (+skew cyc)"", ""aggregate B/cyc"", ""aggregate req/cyc"", ""per-stream B/cyc"", ""near-rank B/cyc"", ""ladder B/cyc"", ""max ladder err"", ""spread"", ""interpretation"", ""receiver visibility cycles"", ""bad counters"", ""target missing"", ""target polls""]","[""diagonal-yleg"", ""0"", ""4"", ""16384"", ""256"", ""`7,7`"", ""`6,6` `6,5` `6,4` `6,3`"", ""63.594"", ""0.00388"", ""31.779 21.181 15.914 15.899"", ""31.779 21.181 15.914 15.899"", ""31.797 21.198 15.899 15.899"", ""0.001"", ""0.749"", ""near target favored"", ""642 925 448 1434"", ""0"", ""0"", ""26""]"
boop-docs/microbenching/docs/noc/noc-arbitration-priority.md,70,Run 2026-06-24T17:52:48-04:00,"[""layout"", ""noc"", ""K"", ""packet B"", ""packets"", ""target"", ""sender order (+skew cyc)"", ""aggregate B/cyc"", ""aggregate req/cyc"", ""per-stream B/cyc"", ""near-rank B/cyc"", ""ladder B/cyc"", ""max ladder err"", ""spread"", ""interpretation"", ""receiver visibility cycles"", ""bad counters"", ""target missing"", ""target polls""]","[""diagonal-xleg"", ""1"", ""4"", ""16384"", ""256"", ""`7,7`"", ""`10,8` `11,8` `12,8` `13,8`"", ""63.622"", ""0.00388"", ""31.816 21.222 15.921 15.906"", ""31.816 21.222 15.921 15.906"", ""31.811 21.207 15.905 15.905"", ""0.001"", ""0.750"", ""near target favored"", ""413 645 1168 2201"", ""0"", ""0"", ""47""]"
boop-docs/microbenching/docs/noc/noc-arbitration-priority.md,71,Run 2026-06-24T17:52:48-04:00,"[""layout"", ""noc"", ""K"", ""packet B"", ""packets"", ""target"", ""sender order (+skew cyc)"", ""aggregate B/cyc"", ""aggregate req/cyc"", ""per-stream B/cyc"", ""near-rank B/cyc"", ""ladder B/cyc"", ""max ladder err"", ""spread"", ""interpretation"", ""receiver visibility cycles"", ""bad counters"", ""target missing"", ""target polls""]","[""diagonal-yleg"", ""1"", ""4"", ""16384"", ""256"", ""`7,7`"", ""`10,8` `10,9` `10,10` `10,11`"", ""63.251"", ""0.00386"", ""21.076 15.829 15.813 31.491"", ""21.076 15.829 15.813 31.491"", ""31.626 21.084 15.813 15.813"", ""0.991"", ""0.745"", ""far source favored"", ""409 922 1956 678"", ""0"", ""0"", ""42""]"
boop-docs/microbenching/docs/noc/noc-arbitration.md,11,Run 2026-06-13T16:45:47-04:00,"[""noc"", ""K"", ""packet B"", ""packets"", ""target"", ""sender order"", ""aggregate B/cyc"", ""aggregate req/cyc"", ""per-stream B/cyc"", ""spread"", ""interpretation"", ""bad counters"", ""target missing"", ""target polls""]","[""0"", ""2"", ""4096"", ""128"", ""`14,4`"", ""`12,4` `13,4`"", ""61.134"", ""0.01493"", ""30.567 30.669"", ""0.003"", ""roughly equal"", ""0"", ""0"", ""6""]"
boop-docs/microbenching/docs/noc/noc-arbitration.md,12,Run 2026-06-13T16:45:47-04:00,"[""noc"", ""K"", ""packet B"", ""packets"", ""target"", ""sender order"", ""aggregate B/cyc"", ""aggregate req/cyc"", ""per-stream B/cyc"", ""spread"", ""interpretation"", ""bad counters"", ""target missing"", ""target polls""]","[""0"", ""2"", ""16384"", ""128"", ""`14,4`"", ""`12,4` `13,4`"", ""62.783"", ""0.00383"", ""31.392 31.508"", ""0.004"", ""roughly equal"", ""0"", ""0"", ""18""]"
boop-docs/microbenching/docs/noc/noc-arbitration.md,13,Run 2026-06-13T16:45:47-04:00,"[""noc"", ""K"", ""packet B"", ""packets"", ""target"", ""sender order"", ""aggregate B/cyc"", ""aggregate req/cyc"", ""per-stream B/cyc"", ""spread"", ""interpretation"", ""bad counters"", ""target missing"", ""target polls""]","[""0"", ""3"", ""4096"", ""128"", ""`14,4`"", ""`11,4` `12,4` `13,4`"", ""61.454"", ""0.01500"", ""20.545 20.488 30.685"", ""0.427"", ""near target favored"", ""0"", ""0"", ""7""]"
boop-docs/microbenching/docs/noc/noc-arbitration.md,14,Run 2026-06-13T16:45:47-04:00,"[""noc"", ""K"", ""packet B"", ""packets"", ""target"", ""sender order"", ""aggregate B/cyc"", ""aggregate req/cyc"", ""per-stream B/cyc"", ""spread"", ""interpretation"", ""bad counters"", ""target missing"", ""target polls""]","[""0"", ""3"", ""16384"", ""128"", ""`14,4`"", ""`11,4` `12,4` `13,4`"", ""62.860"", ""0.00384"", ""20.955 21.006 31.505"", ""0.431"", ""near target favored"", ""0"", ""0"", ""24""]"
boop-docs/microbenching/docs/noc/noc-arbitration.md,15,Run 2026-06-13T16:45:47-04:00,"[""noc"", ""K"", ""packet B"", ""packets"", ""target"", ""sender order"", ""aggregate B/cyc"", ""aggregate req/cyc"", ""per-stream B/cyc"", ""spread"", ""interpretation"", ""bad counters"", ""target missing"", ""target polls""]","[""0"", ""4"", ""4096"", ""128"", ""`14,4`"", ""`10,4` `11,4` `12,4` `13,4`"", ""61.652"", ""0.01505"", ""15.413 15.436 20.539 30.685"", ""0.744"", ""near target favored"", ""0"", ""0"", ""10""]"
boop-docs/microbenching/docs/noc/noc-arbitration.md,16,Run 2026-06-13T16:45:47-04:00,"[""noc"", ""K"", ""packet B"", ""packets"", ""target"", ""sender order"", ""aggregate B/cyc"", ""aggregate req/cyc"", ""per-stream B/cyc"", ""spread"", ""interpretation"", ""bad counters"", ""target missing"", ""target polls""]","[""0"", ""4"", ""16384"", ""128"", ""`14,4`"", ""`10,4` `11,4` `12,4` `13,4`"", ""63.062"", ""0.00385"", ""15.766 15.795 21.020 31.611"", ""0.753"", ""near target favored"", ""0"", ""0"", ""27""]"
boop-docs/microbenching/docs/noc/noc-arbitration.md,17,Run 2026-06-13T16:45:47-04:00,"[""noc"", ""K"", ""packet B"", ""packets"", ""target"", ""sender order"", ""aggregate B/cyc"", ""aggregate req/cyc"", ""per-stream B/cyc"", ""spread"", ""interpretation"", ""bad counters"", ""target missing"", ""target polls""]","[""0"", ""6"", ""4096"", ""128"", ""`14,4`"", ""`6,4` `7,4` `10,4` `11,4` `12,4` `13,4`"", ""61.828"", ""0.01509"", ""10.306 10.314 12.347 15.447 20.545 30.685"", ""1.227"", ""near target favored"", ""0"", ""0"", ""19""]"
boop-docs/microbenching/docs/noc/noc-arbitration.md,18,Run 2026-06-13T16:45:47-04:00,"[""noc"", ""K"", ""packet B"", ""packets"", ""target"", ""sender order"", ""aggregate B/cyc"", ""aggregate req/cyc"", ""per-stream B/cyc"", ""spread"", ""interpretation"", ""bad counters"", ""target missing"", ""target polls""]","[""0"", ""6"", ""16384"", ""128"", ""`14,4`"", ""`6,4` `7,4` `10,4` `11,4` `12,4` `13,4`"", ""63.170"", ""0.00386"", ""10.529 10.541 12.655 15.817 21.093 31.611"", ""1.237"", ""near target favored"", ""0"", ""0"", ""97""]"
boop-docs/microbenching/docs/noc/noc-arbitration.md,19,Run 2026-06-13T16:45:47-04:00,"[""noc"", ""K"", ""packet B"", ""packets"", ""target"", ""sender order"", ""aggregate B/cyc"", ""aggregate req/cyc"", ""per-stream B/cyc"", ""spread"", ""interpretation"", ""bad counters"", ""target missing"", ""target polls""]","[""0"", ""8"", ""4096"", ""128"", ""`14,4`"", ""`4,4` `5,4` `6,4` `7,4` `10,4` `11,4` `12,4` `13,4`"", ""61.909"", ""0.01511"", ""7.739 7.747 8.848 10.315 12.368 15.439 20.546 30.683"", ""1.615"", ""near target favored"", ""0"", ""0"", ""75""]"
boop-docs/microbenching/docs/noc/noc-arbitration.md,20,Run 2026-06-13T16:45:47-04:00,"[""noc"", ""K"", ""packet B"", ""packets"", ""target"", ""sender order"", ""aggregate B/cyc"", ""aggregate req/cyc"", ""per-stream B/cyc"", ""spread"", ""interpretation"", ""bad counters"", ""target missing"", ""target polls""]","[""0"", ""8"", ""16384"", ""128"", ""`14,4`"", ""`4,4` `5,4` `6,4` `7,4` `10,4` `11,4` `12,4` `13,4`"", ""63.098"", ""0.00385"", ""7.887 7.895 9.024 10.521 12.623 15.766 21.006 31.505"", ""1.626"", ""near target favored"", ""0"", ""0"", ""295""]"
boop-docs/microbenching/docs/noc/noc-arbitration.md,21,Run 2026-06-13T16:45:47-04:00,"[""noc"", ""K"", ""packet B"", ""packets"", ""target"", ""sender order"", ""aggregate B/cyc"", ""aggregate req/cyc"", ""per-stream B/cyc"", ""spread"", ""interpretation"", ""bad counters"", ""target missing"", ""target polls""]","[""1"", ""2"", ""4096"", ""128"", ""`1,4`"", ""`2,4` `3,4`"", ""61.045"", ""0.01490"", ""30.612 30.526"", ""0.003"", ""roughly equal"", ""0"", ""0"", ""5""]"
boop-docs/microbenching/docs/noc/noc-arbitration.md,22,Run 2026-06-13T16:45:47-04:00,"[""noc"", ""K"", ""packet B"", ""packets"", ""target"", ""sender order"", ""aggregate B/cyc"", ""aggregate req/cyc"", ""per-stream B/cyc"", ""spread"", ""interpretation"", ""bad counters"", ""target missing"", ""target polls""]","[""1"", ""2"", ""16384"", ""128"", ""`1,4`"", ""`2,4` `3,4`"", ""62.811"", ""0.00383"", ""31.520 31.407"", ""0.004"", ""roughly equal"", ""0"", ""0"", ""17""]"
boop-docs/microbenching/docs/noc/noc-arbitration.md,23,Run 2026-06-13T16:45:47-04:00,"[""noc"", ""K"", ""packet B"", ""packets"", ""target"", ""sender order"", ""aggregate B/cyc"", ""aggregate req/cyc"", ""per-stream B/cyc"", ""spread"", ""interpretation"", ""bad counters"", ""target missing"", ""target polls""]","[""1"", ""3"", ""4096"", ""128"", ""`1,4`"", ""`2,4` `3,4` `4,4`"", ""61.385"", ""0.01499"", ""30.628 20.514 20.462"", ""0.426"", ""far source favored"", ""0"", ""0"", ""6""]"
boop-docs/microbenching/docs/noc/noc-arbitration.md,24,Run 2026-06-13T16:45:47-04:00,"[""noc"", ""K"", ""packet B"", ""packets"", ""target"", ""sender order"", ""aggregate B/cyc"", ""aggregate req/cyc"", ""per-stream B/cyc"", ""spread"", ""interpretation"", ""bad counters"", ""target missing"", ""target polls""]","[""1"", ""3"", ""16384"", ""128"", ""`1,4`"", ""`2,4` `3,4` `4,4`"", ""62.901"", ""0.00384"", ""31.516 21.021 20.967"", ""0.431"", ""far source favored"", ""0"", ""0"", ""23""]"
boop-docs/microbenching/docs/noc/noc-arbitration.md,25,Run 2026-06-13T16:45:47-04:00,"[""noc"", ""K"", ""packet B"", ""packets"", ""target"", ""sender order"", ""aggregate B/cyc"", ""aggregate req/cyc"", ""per-stream B/cyc"", ""spread"", ""interpretation"", ""bad counters"", ""target missing"", ""target polls""]","[""1"", ""4"", ""4096"", ""128"", ""`1,4`"", ""`2,4` `3,4` `4,4` `5,4`"", ""61.639"", ""0.01505"", ""30.657 20.545 15.436 15.414"", ""0.743"", ""far source favored"", ""0"", ""0"", ""9""]"
boop-docs/microbenching/docs/noc/noc-arbitration.md,26,Run 2026-06-13T16:45:47-04:00,"[""noc"", ""K"", ""packet B"", ""packets"", ""target"", ""sender order"", ""aggregate B/cyc"", ""aggregate req/cyc"", ""per-stream B/cyc"", ""spread"", ""interpretation"", ""bad counters"", ""target missing"", ""target polls""]","[""1"", ""4"", ""16384"", ""128"", ""`1,4`"", ""`2,4` `3,4` `4,4` `5,4`"", ""63.013"", ""0.00385"", ""31.520 21.051 15.784 15.754"", ""0.750"", ""far source favored"", ""0"", ""0"", ""35""]"
boop-docs/microbenching/docs/noc/noc-arbitration.md,27,Run 2026-06-13T16:45:47-04:00,"[""noc"", ""K"", ""packet B"", ""packets"", ""target"", ""sender order"", ""aggregate B/cyc"", ""aggregate req/cyc"", ""per-stream B/cyc"", ""spread"", ""interpretation"", ""bad counters"", ""target missing"", ""target polls""]","[""1"", ""6"", ""4096"", ""128"", ""`1,4`"", ""`2,4` `3,4` `4,4` `5,4` `6,4` `7,4`"", ""61.840"", ""0.01510"", ""30.642 20.539 15.432 12.363 10.315 10.308"", ""1.225"", ""far source favored"", ""0"", ""0"", ""24""]"
boop-docs/microbenching/docs/noc/noc-arbitration.md,28,Run 2026-06-13T16:45:47-04:00,"[""noc"", ""K"", ""packet B"", ""packets"", ""target"", ""sender order"", ""aggregate B/cyc"", ""aggregate req/cyc"", ""per-stream B/cyc"", ""spread"", ""interpretation"", ""bad counters"", ""target missing"", ""target polls""]","[""1"", ""6"", ""16384"", ""128"", ""`1,4`"", ""`2,4` `3,4` `4,4` `5,4` `6,4` `7,4`"", ""63.169"", ""0.00386"", ""31.611 21.088 15.806 12.654 10.541 10.528"", ""1.237"", ""far source favored"", ""0"", ""0"", ""96""]"
boop-docs/microbenching/docs/noc/noc-arbitration.md,29,Run 2026-06-13T16:45:47-04:00,"[""noc"", ""K"", ""packet B"", ""packets"", ""target"", ""sender order"", ""aggregate B/cyc"", ""aggregate req/cyc"", ""per-stream B/cyc"", ""spread"", ""interpretation"", ""bad counters"", ""target missing"", ""target polls""]","[""1"", ""8"", ""4096"", ""128"", ""`1,4`"", ""`2,4` `3,4` `4,4` `5,4` `6,4` `7,4` `10,4` `11,4`"", ""61.884"", ""0.01511"", ""30.628 20.526 15.425 12.359 10.311 8.839 7.744 7.736"", ""1.613"", ""far source favored"", ""0"", ""0"", ""56""]"
boop-docs/microbenching/docs/noc/noc-arbitration.md,30,Run 2026-06-13T16:45:47-04:00,"[""noc"", ""K"", ""packet B"", ""packets"", ""target"", ""sender order"", ""aggregate B/cyc"", ""aggregate req/cyc"", ""per-stream B/cyc"", ""spread"", ""interpretation"", ""bad counters"", ""target missing"", ""target polls""]","[""1"", ""8"", ""16384"", ""128"", ""`1,4`"", ""`2,4` `3,4` `4,4` `5,4` `6,4` `7,4` `10,4` `11,4`"", ""63.182"", ""0.00386"", ""31.558 21.080 15.799 12.643 10.536 9.035 7.906 7.898"", ""1.625"", ""far source favored"", ""0"", ""0"", ""295""]"
boop-docs/microbenching/docs/noc/noc-arbitration.md,41,Run 2026-06-13T16:55:15-04:00,"[""noc"", ""K"", ""packet B"", ""packets"", ""target"", ""sender order"", ""aggregate B/cyc"", ""aggregate req/cyc"", ""per-stream B/cyc"", ""spread"", ""interpretation"", ""bad counters"", ""target missing"", ""target polls""]","[""0"", ""2"", ""16384"", ""256"", ""`14,4`"", ""`12,4` `13,4`"", ""62.921"", ""0.00384"", ""31.461 31.519"", ""0.002"", ""roughly equal"", ""0"", ""0"", ""18""]"
boop-docs/microbenching/docs/noc/noc-arbitration.md,42,Run 2026-06-13T16:55:15-04:00,"[""noc"", ""K"", ""packet B"", ""packets"", ""target"", ""sender order"", ""aggregate B/cyc"", ""aggregate req/cyc"", ""per-stream B/cyc"", ""spread"", ""interpretation"", ""bad counters"", ""target missing"", ""target polls""]","[""0"", ""3"", ""16384"", ""256"", ""`14,4`"", ""`11,4` `12,4` `13,4`"", ""63.064"", ""0.00385"", ""21.022 21.047 31.599"", ""0.431"", ""near target favored"", ""0"", ""0"", ""24""]"
boop-docs/microbenching/docs/noc/noc-arbitration.md,43,Run 2026-06-13T16:55:15-04:00,"[""noc"", ""K"", ""packet B"", ""packets"", ""target"", ""sender order"", ""aggregate B/cyc"", ""aggregate req/cyc"", ""per-stream B/cyc"", ""spread"", ""interpretation"", ""bad counters"", ""target missing"", ""target polls""]","[""0"", ""4"", ""16384"", ""256"", ""`14,4`"", ""`10,4` `11,4` `12,4` `13,4`"", ""63.070"", ""0.00385"", ""15.768 15.782 21.053 31.550"", ""0.750"", ""near target favored"", ""0"", ""0"", ""36""]"
boop-docs/microbenching/docs/noc/noc-arbitration.md,44,Run 2026-06-13T16:55:15-04:00,"[""noc"", ""K"", ""packet B"", ""packets"", ""target"", ""sender order"", ""aggregate B/cyc"", ""aggregate req/cyc"", ""per-stream B/cyc"", ""spread"", ""interpretation"", ""bad counters"", ""target missing"", ""target polls""]","[""0"", ""5"", ""16384"", ""256"", ""`14,4`"", ""`7,4` `10,4` `11,4` `12,4` `13,4`"", ""63.059"", ""0.00385"", ""12.622 12.612 15.781 21.040 31.510"", ""1.010"", ""near target favored"", ""0"", ""0"", ""58""]"
boop-docs/microbenching/docs/noc/noc-arbitration.md,45,Run 2026-06-13T16:55:15-04:00,"[""noc"", ""K"", ""packet B"", ""packets"", ""target"", ""sender order"", ""aggregate B/cyc"", ""aggregate req/cyc"", ""per-stream B/cyc"", ""spread"", ""interpretation"", ""bad counters"", ""target missing"", ""target polls""]","[""0"", ""6"", ""16384"", ""256"", ""`14,4`"", ""`6,4` `7,4` `10,4` `11,4` `12,4` `13,4`"", ""63.208"", ""0.00386"", ""10.542 10.535 12.659 15.810 21.098 31.645"", ""1.238"", ""near target favored"", ""0"", ""0"", ""97""]"
boop-docs/microbenching/docs/noc/noc-arbitration.md,46,Run 2026-06-13T16:55:15-04:00,"[""noc"", ""K"", ""packet B"", ""packets"", ""target"", ""sender order"", ""aggregate B/cyc"", ""aggregate req/cyc"", ""per-stream B/cyc"", ""spread"", ""interpretation"", ""bad counters"", ""target missing"", ""target polls""]","[""0"", ""7"", ""16384"", ""256"", ""`14,4`"", ""`5,4` `6,4` `7,4` `10,4` `11,4` `12,4` `13,4`"", ""63.172"", ""0.00386"", ""9.025 9.030 10.538 12.644 15.796 21.080 31.634"", ""1.442"", ""near target favored"", ""0"", ""0"", ""168""]"
boop-docs/microbenching/docs/noc/noc-arbitration.md,47,Run 2026-06-13T16:55:15-04:00,"[""noc"", ""K"", ""packet B"", ""packets"", ""target"", ""sender order"", ""aggregate B/cyc"", ""aggregate req/cyc"", ""per-stream B/cyc"", ""spread"", ""interpretation"", ""bad counters"", ""target missing"", ""target polls""]","[""0"", ""8"", ""16384"", ""256"", ""`14,4`"", ""`4,4` `5,4` `6,4` `7,4` `10,4` `11,4` `12,4` `13,4`"", ""63.220"", ""0.00386"", ""7.907 7.903 9.040 10.544 12.653 15.803 21.044 31.611"", ""1.628"", ""near target favored"", ""0"", ""0"", ""291""]"
boop-docs/microbenching/docs/noc/noc-arbitration.md,48,Run 2026-06-13T16:55:15-04:00,"[""noc"", ""K"", ""packet B"", ""packets"", ""target"", ""sender order"", ""aggregate B/cyc"", ""aggregate req/cyc"", ""per-stream B/cyc"", ""spread"", ""interpretation"", ""bad counters"", ""target missing"", ""target polls""]","[""1"", ""2"", ""16384"", ""256"", ""`1,4`"", ""`2,4` `3,4`"", ""62.913"", ""0.00384"", ""31.517 31.457"", ""0.002"", ""roughly equal"", ""0"", ""0"", ""17""]"
boop-docs/microbenching/docs/noc/noc-arbitration.md,49,Run 2026-06-13T16:55:15-04:00,"[""noc"", ""K"", ""packet B"", ""packets"", ""target"", ""sender order"", ""aggregate B/cyc"", ""aggregate req/cyc"", ""per-stream B/cyc"", ""spread"", ""interpretation"", ""bad counters"", ""target missing"", ""target polls""]","[""1"", ""3"", ""16384"", ""256"", ""`1,4`"", ""`2,4` `3,4` `4,4`"", ""62.957"", ""0.00384"", ""31.518 21.011 20.986"", ""0.430"", ""far source favored"", ""0"", ""0"", ""23""]"
boop-docs/microbenching/docs/noc/noc-arbitration.md,50,Run 2026-06-13T16:55:15-04:00,"[""noc"", ""K"", ""packet B"", ""packets"", ""target"", ""sender order"", ""aggregate B/cyc"", ""aggregate req/cyc"", ""per-stream B/cyc"", ""spread"", ""interpretation"", ""bad counters"", ""target missing"", ""target polls""]","[""1"", ""4"", ""16384"", ""256"", ""`1,4`"", ""`2,4` `3,4` `4,4` `5,4`"", ""63.132"", ""0.00385"", ""31.616 21.079 15.798 15.783"", ""0.752"", ""far source favored"", ""0"", ""0"", ""35""]"
boop-docs/microbenching/docs/noc/noc-arbitration.md,51,Run 2026-06-13T16:55:15-04:00,"[""noc"", ""K"", ""packet B"", ""packets"", ""target"", ""sender order"", ""aggregate B/cyc"", ""aggregate req/cyc"", ""per-stream B/cyc"", ""spread"", ""interpretation"", ""bad counters"", ""target missing"", ""target polls""]","[""1"", ""5"", ""16384"", ""256"", ""`1,4`"", ""`2,4` `3,4` `4,4` `5,4` `6,4`"", ""63.141"", ""0.00385"", ""31.605 21.074 15.806 12.637 12.628"", ""1.012"", ""far source favored"", ""0"", ""0"", ""57""]"
boop-docs/microbenching/docs/noc/noc-arbitration.md,52,Run 2026-06-13T16:55:15-04:00,"[""noc"", ""K"", ""packet B"", ""packets"", ""target"", ""sender order"", ""aggregate B/cyc"", ""aggregate req/cyc"", ""per-stream B/cyc"", ""spread"", ""interpretation"", ""bad counters"", ""target missing"", ""target polls""]","[""1"", ""6"", ""16384"", ""256"", ""`1,4`"", ""`2,4` `3,4` `4,4` `5,4` `6,4` `7,4`"", ""63.235"", ""0.00386"", ""31.620 21.095 15.816 12.662 10.545 10.539"", ""1.237"", ""far source favored"", ""0"", ""0"", ""96""]"
boop-docs/microbenching/docs/noc/noc-arbitration.md,53,Run 2026-06-13T16:55:15-04:00,"[""noc"", ""K"", ""packet B"", ""packets"", ""target"", ""sender order"", ""aggregate B/cyc"", ""aggregate req/cyc"", ""per-stream B/cyc"", ""spread"", ""interpretation"", ""bad counters"", ""target missing"", ""target polls""]","[""1"", ""7"", ""16384"", ""256"", ""`1,4`"", ""`2,4` `3,4` `4,4` `5,4` `6,4` `7,4` `10,4`"", ""63.115"", ""0.00385"", ""31.521 21.044 15.781 12.637 10.527 9.021 9.016"", ""1.438"", ""far source favored"", ""0"", ""0"", ""168""]"
boop-docs/microbenching/docs/noc/noc-arbitration.md,54,Run 2026-06-13T16:55:15-04:00,"[""noc"", ""K"", ""packet B"", ""packets"", ""target"", ""sender order"", ""aggregate B/cyc"", ""aggregate req/cyc"", ""per-stream B/cyc"", ""spread"", ""interpretation"", ""bad counters"", ""target missing"", ""target polls""]","[""1"", ""8"", ""16384"", ""256"", ""`1,4`"", ""`2,4` `3,4` `4,4` `5,4` `6,4` `7,4` `10,4` `11,4`"", ""63.156"", ""0.00385"", ""31.582 21.061 15.801 12.644 10.535 9.027 7.898 7.895"", ""1.627"", ""far source favored"", ""0"", ""0"", ""295""]"
boop-docs/microbenching/docs/noc/noc-arbitration.md,65,Run 2026-06-13T17:39:26-04:00,"[""noc"", ""K"", ""packet B"", ""packets"", ""target"", ""sender order"", ""aggregate B/cyc"", ""aggregate req/cyc"", ""per-stream B/cyc"", ""spread"", ""interpretation"", ""bad counters"", ""target missing"", ""target polls""]","[""0"", ""8"", ""16384"", ""256"", ""`14,4`"", ""`4,4` `5,4` `6,4` `7,4` `10,4` `11,4` `12,4` `13,4`"", ""62.888"", ""0.00384"", ""7.861 7.865 8.986 10.479 12.565 15.681 20.874 31.193"", ""1.616"", ""near target favored"", ""0"", ""0"", ""303""]"
boop-docs/microbenching/docs/noc/noc-arbitration.md,76,Run 2026-06-13T17:39:32-04:00,"[""noc"", ""K"", ""packet B"", ""packets"", ""target"", ""sender order"", ""aggregate B/cyc"", ""aggregate req/cyc"", ""per-stream B/cyc"", ""spread"", ""interpretation"", ""bad counters"", ""target missing"", ""target polls""]","[""1"", ""8"", ""16384"", ""256"", ""`1,4`"", ""`2,4` `3,4` `4,4` `5,4` `6,4` `7,4` `10,4` `11,4`"", ""63.141"", ""0.00385"", ""31.595 21.080 15.798 12.631 10.531 9.019 7.893 7.897"", ""1.628"", ""far source favored"", ""0"", ""0"", ""221""]"
boop-docs/microbenching/docs/noc/noc-arbitration.md,89,Run 2026-06-13T17:35:34-04:00,"[""layout"", ""noc"", ""K"", ""packet B"", ""packets"", ""target"", ""sender order (+skew cyc)"", ""aggregate B/cyc"", ""aggregate req/cyc"", ""per-stream B/cyc"", ""spread"", ""interpretation"", ""receiver visibility cycles"", ""bad counters"", ""target missing"", ""target polls""]","[""one-sided"", ""0"", ""4"", ""4096"", ""64"", ""`14,4`"", ""`10,4` `11,4` `12,4` `13,4`"", ""61.252"", ""0.01495"", ""15.313 15.371 20.405 30.372"", ""0.739"", ""near target favored"", ""669 414 290 210"", ""0"", ""0"", ""11""]"
boop-docs/microbenching/docs/noc/noc-arbitration.md,90,Run 2026-06-13T17:35:34-04:00,"[""layout"", ""noc"", ""K"", ""packet B"", ""packets"", ""target"", ""sender order (+skew cyc)"", ""aggregate B/cyc"", ""aggregate req/cyc"", ""per-stream B/cyc"", ""spread"", ""interpretation"", ""receiver visibility cycles"", ""bad counters"", ""target missing"", ""target polls""]","[""one-sided"", ""0"", ""4"", ""16384"", ""64"", ""`14,4`"", ""`10,4` `11,4` `12,4` `13,4`"", ""62.987"", ""0.00384"", ""15.747 15.808 21.090 31.608"", ""0.753"", ""near target favored"", ""2216 1167 660 383"", ""0"", ""0"", ""48""]"
boop-docs/microbenching/docs/noc/noc-arbitration.md,91,Run 2026-06-13T17:35:34-04:00,"[""layout"", ""noc"", ""K"", ""packet B"", ""packets"", ""target"", ""sender order (+skew cyc)"", ""aggregate B/cyc"", ""aggregate req/cyc"", ""per-stream B/cyc"", ""spread"", ""interpretation"", ""receiver visibility cycles"", ""bad counters"", ""target missing"", ""target polls""]","[""two-sided"", ""0"", ""4"", ""4096"", ""64"", ""`7,6`"", ""`6,6` `10,6` `5,6` `11,6`"", ""61.991"", ""0.01513"", ""15.657 15.538 15.501 15.590"", ""0.010"", ""roughly equal"", ""237 507 382 312"", ""0"", ""0"", ""6""]"
boop-docs/microbenching/docs/noc/noc-arbitration.md,92,Run 2026-06-13T17:35:34-04:00,"[""layout"", ""noc"", ""K"", ""packet B"", ""packets"", ""target"", ""sender order (+skew cyc)"", ""aggregate B/cyc"", ""aggregate req/cyc"", ""per-stream B/cyc"", ""spread"", ""interpretation"", ""receiver visibility cycles"", ""bad counters"", ""target missing"", ""target polls""]","[""two-sided"", ""0"", ""4"", ""16384"", ""64"", ""`7,6`"", ""`6,6` `10,6` `5,6` `11,6`"", ""63.153"", ""0.00385"", ""15.850 15.876 15.788 16.042"", ""0.016"", ""roughly equal"", ""785 1116 1260 543"", ""0"", ""0"", ""18""]"
boop-docs/microbenching/docs/noc/noc-arbitration.md,93,Run 2026-06-13T17:35:34-04:00,"[""layout"", ""noc"", ""K"", ""packet B"", ""packets"", ""target"", ""sender order (+skew cyc)"", ""aggregate B/cyc"", ""aggregate req/cyc"", ""per-stream B/cyc"", ""spread"", ""interpretation"", ""receiver visibility cycles"", ""bad counters"", ""target missing"", ""target polls""]","[""holes"", ""0"", ""4"", ""4096"", ""64"", ""`14,4`"", ""`4,4` `6,4` `10,4` `12,4`"", ""61.464"", ""0.01501"", ""15.378 15.407 20.445 30.376"", ""0.735"", ""near target favored"", ""687 432 309 226"", ""0"", ""0"", ""11""]"
boop-docs/microbenching/docs/noc/noc-arbitration.md,94,Run 2026-06-13T17:35:34-04:00,"[""layout"", ""noc"", ""K"", ""packet B"", ""packets"", ""target"", ""sender order (+skew cyc)"", ""aggregate B/cyc"", ""aggregate req/cyc"", ""per-stream B/cyc"", ""spread"", ""interpretation"", ""receiver visibility cycles"", ""bad counters"", ""target missing"", ""target polls""]","[""holes"", ""0"", ""4"", ""16384"", ""64"", ""`14,4`"", ""`4,4` `6,4` `10,4` `12,4`"", ""63.155"", ""0.00385"", ""15.790 15.846 21.148 31.677"", ""0.752"", ""near target favored"", ""2227 1179 675 462"", ""0"", ""0"", ""48""]"
boop-docs/microbenching/docs/noc/noc-arbitration.md,95,Run 2026-06-13T17:35:34-04:00,"[""layout"", ""noc"", ""K"", ""packet B"", ""packets"", ""target"", ""sender order (+skew cyc)"", ""aggregate B/cyc"", ""aggregate req/cyc"", ""per-stream B/cyc"", ""spread"", ""interpretation"", ""receiver visibility cycles"", ""bad counters"", ""target missing"", ""target polls""]","[""diagonal"", ""0"", ""4"", ""4096"", ""64"", ""`7,7`"", ""`6,6` `5,6` `6,5` `4,6`"", ""61.353"", ""0.01498"", ""20.419 15.343 30.344 15.407"", ""0.736"", ""middle source favored"", ""327 661 265 444"", ""0"", ""0"", ""10""]"
boop-docs/microbenching/docs/noc/noc-arbitration.md,96,Run 2026-06-13T17:35:34-04:00,"[""layout"", ""noc"", ""K"", ""packet B"", ""packets"", ""target"", ""sender order (+skew cyc)"", ""aggregate B/cyc"", ""aggregate req/cyc"", ""per-stream B/cyc"", ""spread"", ""interpretation"", ""receiver visibility cycles"", ""bad counters"", ""target missing"", ""target polls""]","[""diagonal"", ""0"", ""4"", ""16384"", ""64"", ""`7,7`"", ""`6,6` `5,6` `6,5` `4,6`"", ""63.196"", ""0.00386"", ""21.131 15.857 31.418 15.802"", ""0.742"", ""middle source favored"", ""411 925 661 1962"", ""0"", ""0"", ""42""]"
boop-docs/microbenching/docs/noc/noc-arbitration.md,97,Run 2026-06-13T17:35:34-04:00,"[""layout"", ""noc"", ""K"", ""packet B"", ""packets"", ""target"", ""sender order (+skew cyc)"", ""aggregate B/cyc"", ""aggregate req/cyc"", ""per-stream B/cyc"", ""spread"", ""interpretation"", ""receiver visibility cycles"", ""bad counters"", ""target missing"", ""target polls""]","[""multi-row"", ""0"", ""4"", ""4096"", ""64"", ""`7,7`"", ""`7,6` `6,6` `5,6` `4,6`"", ""61.439"", ""0.01500"", ""30.764 20.445 15.407 15.364"", ""0.751"", ""far source favored"", ""251 289 432 673"", ""0"", ""0"", ""10""]"
boop-docs/microbenching/docs/noc/noc-arbitration.md,98,Run 2026-06-13T17:35:34-04:00,"[""layout"", ""noc"", ""K"", ""packet B"", ""packets"", ""target"", ""sender order (+skew cyc)"", ""aggregate B/cyc"", ""aggregate req/cyc"", ""per-stream B/cyc"", ""spread"", ""interpretation"", ""receiver visibility cycles"", ""bad counters"", ""target missing"", ""target polls""]","[""multi-row"", ""0"", ""4"", ""16384"", ""64"", ""`7,7`"", ""`7,6` `6,6` `5,6` `4,6`"", ""63.304"", ""0.00386"", ""31.853 21.179 15.886 15.827"", ""0.756"", ""far source favored"", ""407 639 1162 2228"", ""0"", ""0"", ""48""]"
boop-docs/microbenching/docs/noc/noc-arbitration.md,99,Run 2026-06-13T17:35:34-04:00,"[""layout"", ""noc"", ""K"", ""packet B"", ""packets"", ""target"", ""sender order (+skew cyc)"", ""aggregate B/cyc"", ""aggregate req/cyc"", ""per-stream B/cyc"", ""spread"", ""interpretation"", ""receiver visibility cycles"", ""bad counters"", ""target missing"", ""target polls""]","[""start-skew"", ""0"", ""4"", ""4096"", ""64"", ""`14,4`"", ""`10,4` `11,4+10000` `12,4+20000` `13,4+30000`"", ""30.455"", ""0.00744"", ""59.389 59.538 58.896 59.215"", ""0.011"", ""roughly equal"", ""252 10266 20251 30195"", ""0"", ""0"", ""663""]"
boop-docs/microbenching/docs/noc/noc-arbitration.md,100,Run 2026-06-13T17:35:34-04:00,"[""layout"", ""noc"", ""K"", ""packet B"", ""packets"", ""target"", ""sender order (+skew cyc)"", ""aggregate B/cyc"", ""aggregate req/cyc"", ""per-stream B/cyc"", ""spread"", ""interpretation"", ""receiver visibility cycles"", ""bad counters"", ""target missing"", ""target polls""]","[""start-skew"", ""0"", ""4"", ""16384"", ""64"", ""`14,4`"", ""`10,4` `11,4+10000` `12,4+20000` `13,4+30000`"", ""62.756"", ""0.00383"", ""39.435 19.613 22.394 31.554"", ""0.702"", ""far source favored"", ""490 10617 20468 30478"", ""0"", ""0"", ""668""]"
boop-docs/microbenching/docs/noc/noc-arbitration.md,101,Run 2026-06-13T17:35:34-04:00,"[""layout"", ""noc"", ""K"", ""packet B"", ""packets"", ""target"", ""sender order (+skew cyc)"", ""aggregate B/cyc"", ""aggregate req/cyc"", ""per-stream B/cyc"", ""spread"", ""interpretation"", ""receiver visibility cycles"", ""bad counters"", ""target missing"", ""target polls""]","[""one-sided"", ""1"", ""4"", ""4096"", ""64"", ""`1,4`"", ""`2,4` `3,4` `4,4` `5,4`"", ""61.299"", ""0.01497"", ""30.401 20.431 15.335 15.392"", ""0.739"", ""far source favored"", ""230 268 636 381"", ""0"", ""0"", ""10""]"
boop-docs/microbenching/docs/noc/noc-arbitration.md,102,Run 2026-06-13T17:35:34-04:00,"[""layout"", ""noc"", ""K"", ""packet B"", ""packets"", ""target"", ""sender order (+skew cyc)"", ""aggregate B/cyc"", ""aggregate req/cyc"", ""per-stream B/cyc"", ""spread"", ""interpretation"", ""receiver visibility cycles"", ""bad counters"", ""target missing"", ""target polls""]","[""one-sided"", ""1"", ""4"", ""16384"", ""64"", ""`1,4`"", ""`2,4` `3,4` `4,4` `5,4`"", ""62.889"", ""0.00384"", ""31.502 21.036 15.783 15.722"", ""0.751"", ""far source favored"", ""412 644 1168 2235"", ""0"", ""0"", ""48""]"
boop-docs/microbenching/docs/noc/noc-arbitration.md,103,Run 2026-06-13T17:35:34-04:00,"[""layout"", ""noc"", ""K"", ""packet B"", ""packets"", ""target"", ""sender order (+skew cyc)"", ""aggregate B/cyc"", ""aggregate req/cyc"", ""per-stream B/cyc"", ""spread"", ""interpretation"", ""receiver visibility cycles"", ""bad counters"", ""target missing"", ""target polls""]","[""two-sided"", ""1"", ""4"", ""4096"", ""64"", ""`7,6`"", ""`6,6` `10,6` `5,6` `11,6`"", ""61.630"", ""0.01505"", ""15.628 15.473 15.740 15.415"", ""0.021"", ""roughly equal"", ""420 180 289 335"", ""0"", ""0"", ""4""]"
boop-docs/microbenching/docs/noc/noc-arbitration.md,104,Run 2026-06-13T17:35:34-04:00,"[""layout"", ""noc"", ""K"", ""packet B"", ""packets"", ""target"", ""sender order (+skew cyc)"", ""aggregate B/cyc"", ""aggregate req/cyc"", ""per-stream B/cyc"", ""spread"", ""interpretation"", ""receiver visibility cycles"", ""bad counters"", ""target missing"", ""target polls""]","[""two-sided"", ""1"", ""4"", ""16384"", ""64"", ""`7,6`"", ""`6,6` `10,6` `5,6` `11,6`"", ""63.258"", ""0.00386"", ""16.352 15.873 16.529 15.817"", ""0.044"", ""roughly equal"", ""1174 661 699 1130"", ""0"", ""0"", ""16""]"
boop-docs/microbenching/docs/noc/noc-arbitration.md,105,Run 2026-06-13T17:35:34-04:00,"[""layout"", ""noc"", ""K"", ""packet B"", ""packets"", ""target"", ""sender order (+skew cyc)"", ""aggregate B/cyc"", ""aggregate req/cyc"", ""per-stream B/cyc"", ""spread"", ""interpretation"", ""receiver visibility cycles"", ""bad counters"", ""target missing"", ""target polls""]","[""holes"", ""1"", ""4"", ""4096"", ""64"", ""`1,4`"", ""`2,4` `4,4` `6,4` `10,4`"", ""61.500"", ""0.01501"", ""30.348 20.443 15.408 15.379"", ""0.734"", ""far source favored"", ""172 277 368 642"", ""0"", ""0"", ""10""]"
boop-docs/microbenching/docs/noc/noc-arbitration.md,106,Run 2026-06-13T17:35:34-04:00,"[""layout"", ""noc"", ""K"", ""packet B"", ""packets"", ""target"", ""sender order (+skew cyc)"", ""aggregate B/cyc"", ""aggregate req/cyc"", ""per-stream B/cyc"", ""spread"", ""interpretation"", ""receiver visibility cycles"", ""bad counters"", ""target missing"", ""target polls""]","[""holes"", ""1"", ""4"", ""16384"", ""64"", ""`1,4`"", ""`2,4` `4,4` `6,4` `10,4`"", ""63.010"", ""0.00385"", ""31.662 21.087 15.806 15.754"", ""0.755"", ""far source favored"", ""409 641 1164 2230"", ""0"", ""0"", ""48""]"
boop-docs/microbenching/docs/noc/noc-arbitration.md,107,Run 2026-06-13T17:35:34-04:00,"[""layout"", ""noc"", ""K"", ""packet B"", ""packets"", ""target"", ""sender order (+skew cyc)"", ""aggregate B/cyc"", ""aggregate req/cyc"", ""per-stream B/cyc"", ""spread"", ""interpretation"", ""receiver visibility cycles"", ""bad counters"", ""target missing"", ""target polls""]","[""diagonal"", ""1"", ""4"", ""4096"", ""64"", ""`7,7`"", ""`10,8` `11,8` `10,9` `12,8`"", ""61.468"", ""0.01501"", ""15.538 15.378 15.428 15.487"", ""0.010"", ""roughly equal"", ""174 373 320 249"", ""0"", ""0"", ""3""]"
boop-docs/microbenching/docs/noc/noc-arbitration.md,108,Run 2026-06-13T17:35:34-04:00,"[""layout"", ""noc"", ""K"", ""packet B"", ""packets"", ""target"", ""sender order (+skew cyc)"", ""aggregate B/cyc"", ""aggregate req/cyc"", ""per-stream B/cyc"", ""spread"", ""interpretation"", ""receiver visibility cycles"", ""bad counters"", ""target missing"", ""target polls""]","[""diagonal"", ""1"", ""4"", ""16384"", ""64"", ""`7,7`"", ""`10,8` `11,8` `10,9` `12,8`"", ""63.265"", ""0.00386"", ""16.002 15.940 15.878 15.817"", ""0.012"", ""roughly equal"", ""409 642 926 1168"", ""0"", ""0"", ""18""]"
boop-docs/microbenching/docs/noc/noc-arbitration.md,109,Run 2026-06-13T17:35:34-04:00,"[""layout"", ""noc"", ""K"", ""packet B"", ""packets"", ""target"", ""sender order (+skew cyc)"", ""aggregate B/cyc"", ""aggregate req/cyc"", ""per-stream B/cyc"", ""spread"", ""interpretation"", ""receiver visibility cycles"", ""bad counters"", ""target missing"", ""target polls""]","[""multi-row"", ""1"", ""4"", ""4096"", ""64"", ""`7,7`"", ""`7,8` `6,8` `5,8` `4,8`"", ""61.899"", ""0.01511"", ""26.450 15.479 15.516 20.597"", ""0.562"", ""far source favored"", ""177 661 438 320"", ""0"", ""0"", ""10""]"
boop-docs/microbenching/docs/noc/noc-arbitration.md,110,Run 2026-06-13T17:35:34-04:00,"[""layout"", ""noc"", ""K"", ""packet B"", ""packets"", ""target"", ""sender order (+skew cyc)"", ""aggregate B/cyc"", ""aggregate req/cyc"", ""per-stream B/cyc"", ""spread"", ""interpretation"", ""receiver visibility cycles"", ""bad counters"", ""target missing"", ""target polls""]","[""multi-row"", ""1"", ""4"", ""16384"", ""64"", ""`7,7`"", ""`7,8` `6,8` `5,8` `4,8`"", ""63.410"", ""0.00387"", ""29.568 15.855 15.909 21.118"", ""0.665"", ""far source favored"", ""922 1163 528 826"", ""0"", ""0"", ""17""]"
boop-docs/microbenching/docs/noc/noc-arbitration.md,111,Run 2026-06-13T17:35:34-04:00,"[""layout"", ""noc"", ""K"", ""packet B"", ""packets"", ""target"", ""sender order (+skew cyc)"", ""aggregate B/cyc"", ""aggregate req/cyc"", ""per-stream B/cyc"", ""spread"", ""interpretation"", ""receiver visibility cycles"", ""bad counters"", ""target missing"", ""target polls""]","[""start-skew"", ""1"", ""4"", ""4096"", ""64"", ""`1,4`"", ""`2,4` `3,4+10000` `4,4+20000` `5,4+30000`"", ""30.448"", ""0.00743"", ""59.376 59.538 58.685 59.215"", ""0.014"", ""roughly equal"", ""179 10192 20226 30236"", ""0"", ""0"", ""665""]"
boop-docs/microbenching/docs/noc/noc-arbitration.md,112,Run 2026-06-13T17:35:34-04:00,"[""layout"", ""noc"", ""K"", ""packet B"", ""packets"", ""target"", ""sender order (+skew cyc)"", ""aggregate B/cyc"", ""aggregate req/cyc"", ""per-stream B/cyc"", ""spread"", ""interpretation"", ""receiver visibility cycles"", ""bad counters"", ""target missing"", ""target polls""]","[""start-skew"", ""1"", ""4"", ""16384"", ""64"", ""`1,4`"", ""`2,4` `3,4+10000` `4,4+20000` `5,4+30000`"", ""62.844"", ""0.00384"", ""44.969 30.029 24.778 28.544"", ""0.629"", ""far source favored"", ""406 10458 20840 31114"", ""0"", ""0"", ""683""]"
boop-docs/microbenching/docs/noc/noc-atomic-calibration.md,26,Analysis summary,"[""op"", ""noc"", ""K"", ""issue cyc/op"", ""sender cyc/op"", ""target-observed cyc/op""]","[""atomic"", ""0"", ""1"", ""36.05"", ""36.43"", ""36.15""]"
boop-docs/microbenching/docs/noc/noc-atomic-calibration.md,27,Analysis summary,"[""op"", ""noc"", ""K"", ""issue cyc/op"", ""sender cyc/op"", ""target-observed cyc/op""]","[""sem"", ""0"", ""1"", ""36.06"", ""36.45"", ""36.15""]"
boop-docs/microbenching/docs/noc/noc-atomic-calibration.md,28,Analysis summary,"[""op"", ""noc"", ""K"", ""issue cyc/op"", ""sender cyc/op"", ""target-observed cyc/op""]","[""sem-noret"", ""0"", ""1"", ""36.07"", ""36.10"", ""36.16""]"
boop-docs/microbenching/docs/noc/noc-atomic-calibration.md,29,Analysis summary,"[""op"", ""noc"", ""K"", ""issue cyc/op"", ""sender cyc/op"", ""target-observed cyc/op""]","[""atomic"", ""1"", ""1"", ""36.05"", ""36.43"", ""36.13""]"
boop-docs/microbenching/docs/noc/noc-atomic-calibration.md,30,Analysis summary,"[""op"", ""noc"", ""K"", ""issue cyc/op"", ""sender cyc/op"", ""target-observed cyc/op""]","[""sem"", ""1"", ""1"", ""36.06"", ""36.45"", ""36.13""]"
boop-docs/microbenching/docs/noc/noc-atomic-calibration.md,31,Analysis summary,"[""op"", ""noc"", ""K"", ""issue cyc/op"", ""sender cyc/op"", ""target-observed cyc/op""]","[""sem-noret"", ""1"", ""1"", ""36.08"", ""36.10"", ""36.14""]"
boop-docs/microbenching/docs/noc/noc-atomic-calibration.md,37,Analysis summary,"[""window"", ""noc"", ""direction"", ""slope cyc/hop"", ""intercept cyc""]","[""sender completion"", ""0"", ""row"", ""0.39"", ""278.18""]"
boop-docs/microbenching/docs/noc/noc-atomic-calibration.md,38,Analysis summary,"[""window"", ""noc"", ""direction"", ""slope cyc/hop"", ""intercept cyc""]","[""sender completion"", ""0"", ""col"", ""0.60"", ""237.57""]"
boop-docs/microbenching/docs/noc/noc-atomic-calibration.md,39,Analysis summary,"[""window"", ""noc"", ""direction"", ""slope cyc/hop"", ""intercept cyc""]","[""sender completion"", ""1"", ""row"", ""0.42"", ""278.06""]"
boop-docs/microbenching/docs/noc/noc-atomic-calibration.md,40,Analysis summary,"[""window"", ""noc"", ""direction"", ""slope cyc/hop"", ""intercept cyc""]","[""sender completion"", ""1"", ""col"", ""0.58"", ""237.50""]"
boop-docs/microbenching/docs/noc/noc-atomic-calibration.md,41,Analysis summary,"[""window"", ""noc"", ""direction"", ""slope cyc/hop"", ""intercept cyc""]","[""target observed"", ""0"", ""row"", ""9.75"", ""84.88""]"
boop-docs/microbenching/docs/noc/noc-atomic-calibration.md,42,Analysis summary,"[""window"", ""noc"", ""direction"", ""slope cyc/hop"", ""intercept cyc""]","[""target observed"", ""0"", ""col"", ""9.60"", ""89.32""]"
boop-docs/microbenching/docs/noc/noc-atomic-calibration.md,43,Analysis summary,"[""window"", ""noc"", ""direction"", ""slope cyc/hop"", ""intercept cyc""]","[""target observed"", ""1"", ""row"", ""9.70"", ""87.43""]"
boop-docs/microbenching/docs/noc/noc-atomic-calibration.md,44,Analysis summary,"[""window"", ""noc"", ""direction"", ""slope cyc/hop"", ""intercept cyc""]","[""target observed"", ""1"", ""col"", ""9.76"", ""90.07""]"
boop-docs/microbenching/docs/noc/noc-atomic-calibration.md,52,Analysis summary,"[""op"", ""noc"", ""K"", ""target observed op/cyc"", ""target observed cyc/op""]","[""atomic"", ""0"", ""1"", ""0.02754"", ""36.31""]"
boop-docs/microbenching/docs/noc/noc-atomic-calibration.md,53,Analysis summary,"[""op"", ""noc"", ""K"", ""target observed op/cyc"", ""target observed cyc/op""]","[""atomic"", ""0"", ""2"", ""0.05492"", ""18.21""]"
boop-docs/microbenching/docs/noc/noc-atomic-calibration.md,54,Analysis summary,"[""op"", ""noc"", ""K"", ""target observed op/cyc"", ""target observed cyc/op""]","[""atomic"", ""0"", ""4"", ""0.07880"", ""12.69""]"
boop-docs/microbenching/docs/noc/noc-atomic-calibration.md,55,Analysis summary,"[""op"", ""noc"", ""K"", ""target observed op/cyc"", ""target observed cyc/op""]","[""atomic"", ""0"", ""8"", ""0.07928"", ""12.61""]"
boop-docs/microbenching/docs/noc/noc-atomic-calibration.md,56,Analysis summary,"[""op"", ""noc"", ""K"", ""target observed op/cyc"", ""target observed cyc/op""]","[""sem"", ""0"", ""8"", ""0.08294"", ""12.06""]"
boop-docs/microbenching/docs/noc/noc-atomic-calibration.md,57,Analysis summary,"[""op"", ""noc"", ""K"", ""target observed op/cyc"", ""target observed cyc/op""]","[""sem-noret"", ""0"", ""8"", ""0.07929"", ""12.61""]"
boop-docs/microbenching/docs/noc/noc-atomic-calibration.md,58,Analysis summary,"[""op"", ""noc"", ""K"", ""target observed op/cyc"", ""target observed cyc/op""]","[""atomic"", ""1"", ""1"", ""0.02759"", ""36.25""]"
boop-docs/microbenching/docs/noc/noc-atomic-calibration.md,59,Analysis summary,"[""op"", ""noc"", ""K"", ""target observed op/cyc"", ""target observed cyc/op""]","[""atomic"", ""1"", ""2"", ""0.05504"", ""18.17""]"
boop-docs/microbenching/docs/noc/noc-atomic-calibration.md,60,Analysis summary,"[""op"", ""noc"", ""K"", ""target observed op/cyc"", ""target observed cyc/op""]","[""atomic"", ""1"", ""4"", ""0.07640"", ""13.09""]"
boop-docs/microbenching/docs/noc/noc-atomic-calibration.md,61,Analysis summary,"[""op"", ""noc"", ""K"", ""target observed op/cyc"", ""target observed cyc/op""]","[""atomic"", ""1"", ""8"", ""0.08068"", ""12.39""]"
boop-docs/microbenching/docs/noc/noc-atomic-calibration.md,62,Analysis summary,"[""op"", ""noc"", ""K"", ""target observed op/cyc"", ""target observed cyc/op""]","[""sem"", ""1"", ""8"", ""0.08297"", ""12.05""]"
boop-docs/microbenching/docs/noc/noc-atomic-calibration.md,63,Analysis summary,"[""op"", ""noc"", ""K"", ""target observed op/cyc"", ""target observed cyc/op""]","[""sem-noret"", ""1"", ""8"", ""0.08298"", ""12.05""]"
boop-docs/microbenching/docs/noc/noc-atomic-calibration.md,83,Run 2026-06-24T18:02:25-04:00,"[""case"", ""mode"", ""noc"", ""K"", ""op"", ""initiators"", ""targets"", ""hops"", ""atomic ops"", ""issue cyc"", ""issue op/cyc"", ""sender cyc"", ""sender op/cyc"", ""target observed cyc"", ""observed op/cyc"", ""observed-minus-sender cyc"", ""sender spreads"", ""bad"", ""target polls""]","[""hop-row-h1-atomic-blocking"", ""blocking"", ""0"", ""1"", ""atomic"", ""`1,4`"", ""`2,4`"", ""1"", ""64"", ""15382"", ""0.00416"", ""15394"", ""0.00416"", ""15214"", ""0.00421"", ""-180"", ""0.000"", ""0"", ""1140""]"
boop-docs/microbenching/docs/noc/noc-atomic-calibration.md,84,Run 2026-06-24T18:02:25-04:00,"[""case"", ""mode"", ""noc"", ""K"", ""op"", ""initiators"", ""targets"", ""hops"", ""atomic ops"", ""issue cyc"", ""issue op/cyc"", ""sender cyc"", ""sender op/cyc"", ""target observed cyc"", ""observed op/cyc"", ""observed-minus-sender cyc"", ""sender spreads"", ""bad"", ""target polls""]","[""hop-row-h2-atomic-blocking"", ""blocking"", ""0"", ""1"", ""atomic"", ""`1,4`"", ""`3,4`"", ""2"", ""64"", ""15389"", ""0.00416"", ""15401"", ""0.00416"", ""15225"", ""0.00420"", ""-176"", ""0.000"", ""0"", ""1142""]"
boop-docs/microbenching/docs/noc/noc-atomic-calibration.md,85,Run 2026-06-24T18:02:25-04:00,"[""case"", ""mode"", ""noc"", ""K"", ""op"", ""initiators"", ""targets"", ""hops"", ""atomic ops"", ""issue cyc"", ""issue op/cyc"", ""sender cyc"", ""sender op/cyc"", ""target observed cyc"", ""observed op/cyc"", ""observed-minus-sender cyc"", ""sender spreads"", ""bad"", ""target polls""]","[""hop-row-h3-atomic-blocking"", ""blocking"", ""0"", ""1"", ""atomic"", ""`1,4`"", ""`4,4`"", ""3"", ""64"", ""15389"", ""0.00416"", ""15401"", ""0.00416"", ""15229"", ""0.00420"", ""-172"", ""0.000"", ""0"", ""1140""]"
boop-docs/microbenching/docs/noc/noc-atomic-calibration.md,86,Run 2026-06-24T18:02:25-04:00,"[""case"", ""mode"", ""noc"", ""K"", ""op"", ""initiators"", ""targets"", ""hops"", ""atomic ops"", ""issue cyc"", ""issue op/cyc"", ""sender cyc"", ""sender op/cyc"", ""target observed cyc"", ""observed op/cyc"", ""observed-minus-sender cyc"", ""sender spreads"", ""bad"", ""target polls""]","[""hop-row-h4-atomic-blocking"", ""blocking"", ""0"", ""1"", ""atomic"", ""`1,4`"", ""`5,4`"", ""4"", ""64"", ""15389"", ""0.00416"", ""15401"", ""0.00416"", ""15238"", ""0.00420"", ""-163"", ""0.000"", ""0"", ""1142""]"
boop-docs/microbenching/docs/noc/noc-atomic-calibration.md,87,Run 2026-06-24T18:02:25-04:00,"[""case"", ""mode"", ""noc"", ""K"", ""op"", ""initiators"", ""targets"", ""hops"", ""atomic ops"", ""issue cyc"", ""issue op/cyc"", ""sender cyc"", ""sender op/cyc"", ""target observed cyc"", ""observed op/cyc"", ""observed-minus-sender cyc"", ""sender spreads"", ""bad"", ""target polls""]","[""hop-row-h5-atomic-blocking"", ""blocking"", ""0"", ""1"", ""atomic"", ""`1,4`"", ""`6,4`"", ""5"", ""64"", ""15389"", ""0.00416"", ""15401"", ""0.00416"", ""15251"", ""0.00420"", ""-150"", ""0.000"", ""0"", ""1142""]"
boop-docs/microbenching/docs/noc/noc-atomic-calibration.md,88,Run 2026-06-24T18:02:25-04:00,"[""case"", ""mode"", ""noc"", ""K"", ""op"", ""initiators"", ""targets"", ""hops"", ""atomic ops"", ""issue cyc"", ""issue op/cyc"", ""sender cyc"", ""sender op/cyc"", ""target observed cyc"", ""observed op/cyc"", ""observed-minus-sender cyc"", ""sender spreads"", ""bad"", ""target polls""]","[""hop-row-h6-atomic-blocking"", ""blocking"", ""0"", ""1"", ""atomic"", ""`1,4`"", ""`7,4`"", ""6"", ""64"", ""15390"", ""0.00416"", ""15402"", ""0.00416"", ""15274"", ""0.00419"", ""-128"", ""0.000"", ""0"", ""1143""]"
boop-docs/microbenching/docs/noc/noc-atomic-calibration.md,89,Run 2026-06-24T18:02:25-04:00,"[""case"", ""mode"", ""noc"", ""K"", ""op"", ""initiators"", ""targets"", ""hops"", ""atomic ops"", ""issue cyc"", ""issue op/cyc"", ""sender cyc"", ""sender op/cyc"", ""target observed cyc"", ""observed op/cyc"", ""observed-minus-sender cyc"", ""sender spreads"", ""bad"", ""target polls""]","[""hop-row-h9-atomic-blocking"", ""blocking"", ""0"", ""1"", ""atomic"", ""`1,4`"", ""`10,4`"", ""9"", ""64"", ""15390"", ""0.00416"", ""15402"", ""0.00416"", ""15288"", ""0.00419"", ""-114"", ""0.000"", ""0"", ""1145""]"
boop-docs/microbenching/docs/noc/noc-atomic-calibration.md,90,Run 2026-06-24T18:02:25-04:00,"[""case"", ""mode"", ""noc"", ""K"", ""op"", ""initiators"", ""targets"", ""hops"", ""atomic ops"", ""issue cyc"", ""issue op/cyc"", ""sender cyc"", ""sender op/cyc"", ""target observed cyc"", ""observed op/cyc"", ""observed-minus-sender cyc"", ""sender spreads"", ""bad"", ""target polls""]","[""hop-row-h10-atomic-blocking"", ""blocking"", ""0"", ""1"", ""atomic"", ""`1,4`"", ""`11,4`"", ""10"", ""64"", ""15390"", ""0.00416"", ""15402"", ""0.00416"", ""15302"", ""0.00418"", ""-100"", ""0.000"", ""0"", ""1147""]"
boop-docs/microbenching/docs/noc/noc-atomic-calibration.md,91,Run 2026-06-24T18:02:25-04:00,"[""case"", ""mode"", ""noc"", ""K"", ""op"", ""initiators"", ""targets"", ""hops"", ""atomic ops"", ""issue cyc"", ""issue op/cyc"", ""sender cyc"", ""sender op/cyc"", ""target observed cyc"", ""observed op/cyc"", ""observed-minus-sender cyc"", ""sender spreads"", ""bad"", ""target polls""]","[""hop-col-h1-atomic-blocking"", ""blocking"", ""0"", ""1"", ""atomic"", ""`1,2`"", ""`1,3`"", ""1"", ""64"", ""12822"", ""0.00499"", ""12834"", ""0.00499"", ""12694"", ""0.00504"", ""-140"", ""0.000"", ""0"", ""950""]"
boop-docs/microbenching/docs/noc/noc-atomic-calibration.md,92,Run 2026-06-24T18:02:25-04:00,"[""case"", ""mode"", ""noc"", ""K"", ""op"", ""initiators"", ""targets"", ""hops"", ""atomic ops"", ""issue cyc"", ""issue op/cyc"", ""sender cyc"", ""sender op/cyc"", ""target observed cyc"", ""observed op/cyc"", ""observed-minus-sender cyc"", ""sender spreads"", ""bad"", ""target polls""]","[""hop-col-h2-atomic-blocking"", ""blocking"", ""0"", ""1"", ""atomic"", ""`1,2`"", ""`1,4`"", ""2"", ""64"", ""12829"", ""0.00499"", ""12841"", ""0.00498"", ""12710"", ""0.00504"", ""-131"", ""0.000"", ""0"", ""951""]"
boop-docs/microbenching/docs/noc/noc-atomic-calibration.md,93,Run 2026-06-24T18:02:25-04:00,"[""case"", ""mode"", ""noc"", ""K"", ""op"", ""initiators"", ""targets"", ""hops"", ""atomic ops"", ""issue cyc"", ""issue op/cyc"", ""sender cyc"", ""sender op/cyc"", ""target observed cyc"", ""observed op/cyc"", ""observed-minus-sender cyc"", ""sender spreads"", ""bad"", ""target polls""]","[""hop-col-h3-atomic-blocking"", ""blocking"", ""0"", ""1"", ""atomic"", ""`1,2`"", ""`1,5`"", ""3"", ""64"", ""12829"", ""0.00499"", ""12841"", ""0.00498"", ""12719"", ""0.00503"", ""-122"", ""0.000"", ""0"", ""952""]"
boop-docs/microbenching/docs/noc/noc-atomic-calibration.md,94,Run 2026-06-24T18:02:25-04:00,"[""case"", ""mode"", ""noc"", ""K"", ""op"", ""initiators"", ""targets"", ""hops"", ""atomic ops"", ""issue cyc"", ""issue op/cyc"", ""sender cyc"", ""sender op/cyc"", ""target observed cyc"", ""observed op/cyc"", ""observed-minus-sender cyc"", ""sender spreads"", ""bad"", ""target polls""]","[""hop-col-h4-atomic-blocking"", ""blocking"", ""0"", ""1"", ""atomic"", ""`1,2`"", ""`1,6`"", ""4"", ""64"", ""12830"", ""0.00499"", ""12842"", ""0.00498"", ""12729"", ""0.00503"", ""-113"", ""0.000"", ""0"", ""953""]"
boop-docs/microbenching/docs/noc/noc-atomic-calibration.md,95,Run 2026-06-24T18:02:25-04:00,"[""case"", ""mode"", ""noc"", ""K"", ""op"", ""initiators"", ""targets"", ""hops"", ""atomic ops"", ""issue cyc"", ""issue op/cyc"", ""sender cyc"", ""sender op/cyc"", ""target observed cyc"", ""observed op/cyc"", ""observed-minus-sender cyc"", ""sender spreads"", ""bad"", ""target polls""]","[""hop-col-h5-atomic-blocking"", ""blocking"", ""0"", ""1"", ""atomic"", ""`1,2`"", ""`1,7`"", ""5"", ""64"", ""12829"", ""0.00499"", ""12841"", ""0.00498"", ""12737"", ""0.00502"", ""-104"", ""0.000"", ""0"", ""954""]"
boop-docs/microbenching/docs/noc/noc-atomic-calibration.md,96,Run 2026-06-24T18:02:25-04:00,"[""case"", ""mode"", ""noc"", ""K"", ""op"", ""initiators"", ""targets"", ""hops"", ""atomic ops"", ""issue cyc"", ""issue op/cyc"", ""sender cyc"", ""sender op/cyc"", ""target observed cyc"", ""observed op/cyc"", ""observed-minus-sender cyc"", ""sender spreads"", ""bad"", ""target polls""]","[""hop-col-h6-atomic-blocking"", ""blocking"", ""0"", ""1"", ""atomic"", ""`1,2`"", ""`1,8`"", ""6"", ""64"", ""12829"", ""0.00499"", ""12841"", ""0.00498"", ""12746"", ""0.00502"", ""-95"", ""0.000"", ""0"", ""954""]"
boop-docs/microbenching/docs/noc/noc-atomic-calibration.md,97,Run 2026-06-24T18:02:25-04:00,"[""case"", ""mode"", ""noc"", ""K"", ""op"", ""initiators"", ""targets"", ""hops"", ""atomic ops"", ""issue cyc"", ""issue op/cyc"", ""sender cyc"", ""sender op/cyc"", ""target observed cyc"", ""observed op/cyc"", ""observed-minus-sender cyc"", ""sender spreads"", ""bad"", ""target polls""]","[""hop-col-h7-atomic-blocking"", ""blocking"", ""0"", ""1"", ""atomic"", ""`1,2`"", ""`1,9`"", ""7"", ""64"", ""12829"", ""0.00499"", ""12841"", ""0.00498"", ""12756"", ""0.00502"", ""-85"", ""0.000"", ""0"", ""955""]"
boop-docs/microbenching/docs/noc/noc-atomic-calibration.md,98,Run 2026-06-24T18:02:25-04:00,"[""case"", ""mode"", ""noc"", ""K"", ""op"", ""initiators"", ""targets"", ""hops"", ""atomic ops"", ""issue cyc"", ""issue op/cyc"", ""sender cyc"", ""sender op/cyc"", ""target observed cyc"", ""observed op/cyc"", ""observed-minus-sender cyc"", ""sender spreads"", ""bad"", ""target polls""]","[""hop-col-h8-atomic-blocking"", ""blocking"", ""0"", ""1"", ""atomic"", ""`1,2`"", ""`1,10`"", ""8"", ""64"", ""12829"", ""0.00499"", ""12841"", ""0.00498"", ""12764"", ""0.00501"", ""-77"", ""0.000"", ""0"", ""954""]"
boop-docs/microbenching/docs/noc/noc-atomic-calibration.md,99,Run 2026-06-24T18:02:25-04:00,"[""case"", ""mode"", ""noc"", ""K"", ""op"", ""initiators"", ""targets"", ""hops"", ""atomic ops"", ""issue cyc"", ""issue op/cyc"", ""sender cyc"", ""sender op/cyc"", ""target observed cyc"", ""observed op/cyc"", ""observed-minus-sender cyc"", ""sender spreads"", ""bad"", ""target polls""]","[""hop-row-h1-atomic-blocking"", ""blocking"", ""1"", ""1"", ""atomic"", ""`14,4`"", ""`13,4`"", ""1"", ""64"", ""15382"", ""0.00416"", ""15394"", ""0.00416"", ""15218"", ""0.00421"", ""-176"", ""0.000"", ""0"", ""1140""]"
boop-docs/microbenching/docs/noc/noc-atomic-calibration.md,100,Run 2026-06-24T18:02:25-04:00,"[""case"", ""mode"", ""noc"", ""K"", ""op"", ""initiators"", ""targets"", ""hops"", ""atomic ops"", ""issue cyc"", ""issue op/cyc"", ""sender cyc"", ""sender op/cyc"", ""target observed cyc"", ""observed op/cyc"", ""observed-minus-sender cyc"", ""sender spreads"", ""bad"", ""target polls""]","[""hop-row-h2-atomic-blocking"", ""blocking"", ""1"", ""1"", ""atomic"", ""`14,4`"", ""`12,4`"", ""2"", ""64"", ""15389"", ""0.00416"", ""15401"", ""0.00416"", ""15229"", ""0.00420"", ""-172"", ""0.000"", ""0"", ""1141""]"
boop-docs/microbenching/docs/noc/noc-atomic-calibration.md,101,Run 2026-06-24T18:02:25-04:00,"[""case"", ""mode"", ""noc"", ""K"", ""op"", ""initiators"", ""targets"", ""hops"", ""atomic ops"", ""issue cyc"", ""issue op/cyc"", ""sender cyc"", ""sender op/cyc"", ""target observed cyc"", ""observed op/cyc"", ""observed-minus-sender cyc"", ""sender spreads"", ""bad"", ""target polls""]","[""hop-row-h3-atomic-blocking"", ""blocking"", ""1"", ""1"", ""atomic"", ""`14,4`"", ""`11,4`"", ""3"", ""64"", ""15389"", ""0.00416"", ""15401"", ""0.00416"", ""15238"", ""0.00420"", ""-163"", ""0.000"", ""0"", ""1141""]"
boop-docs/microbenching/docs/noc/noc-atomic-calibration.md,102,Run 2026-06-24T18:02:25-04:00,"[""case"", ""mode"", ""noc"", ""K"", ""op"", ""initiators"", ""targets"", ""hops"", ""atomic ops"", ""issue cyc"", ""issue op/cyc"", ""sender cyc"", ""sender op/cyc"", ""target observed cyc"", ""observed op/cyc"", ""observed-minus-sender cyc"", ""sender spreads"", ""bad"", ""target polls""]","[""hop-row-h4-atomic-blocking"", ""blocking"", ""1"", ""1"", ""atomic"", ""`14,4`"", ""`10,4`"", ""4"", ""64"", ""15390"", ""0.00416"", ""15402"", ""0.00416"", ""15243"", ""0.00420"", ""-159"", ""0.000"", ""0"", ""1142""]"
boop-docs/microbenching/docs/noc/noc-atomic-calibration.md,103,Run 2026-06-24T18:02:25-04:00,"[""case"", ""mode"", ""noc"", ""K"", ""op"", ""initiators"", ""targets"", ""hops"", ""atomic ops"", ""issue cyc"", ""issue op/cyc"", ""sender cyc"", ""sender op/cyc"", ""target observed cyc"", ""observed op/cyc"", ""observed-minus-sender cyc"", ""sender spreads"", ""bad"", ""target polls""]","[""hop-row-h7-atomic-blocking"", ""blocking"", ""1"", ""1"", ""atomic"", ""`14,4`"", ""`7,4`"", ""7"", ""64"", ""15390"", ""0.00416"", ""15402"", ""0.00416"", ""15247"", ""0.00420"", ""-155"", ""0.000"", ""0"", ""1142""]"
boop-docs/microbenching/docs/noc/noc-atomic-calibration.md,104,Run 2026-06-24T18:02:25-04:00,"[""case"", ""mode"", ""noc"", ""K"", ""op"", ""initiators"", ""targets"", ""hops"", ""atomic ops"", ""issue cyc"", ""issue op/cyc"", ""sender cyc"", ""sender op/cyc"", ""target observed cyc"", ""observed op/cyc"", ""observed-minus-sender cyc"", ""sender spreads"", ""bad"", ""target polls""]","[""hop-row-h8-atomic-blocking"", ""blocking"", ""1"", ""1"", ""atomic"", ""`14,4`"", ""`6,4`"", ""8"", ""64"", ""15389"", ""0.00416"", ""15401"", ""0.00416"", ""15278"", ""0.00419"", ""-123"", ""0.000"", ""0"", ""1144""]"
boop-docs/microbenching/docs/noc/noc-atomic-calibration.md,105,Run 2026-06-24T18:02:25-04:00,"[""case"", ""mode"", ""noc"", ""K"", ""op"", ""initiators"", ""targets"", ""hops"", ""atomic ops"", ""issue cyc"", ""issue op/cyc"", ""sender cyc"", ""sender op/cyc"", ""target observed cyc"", ""observed op/cyc"", ""observed-minus-sender cyc"", ""sender spreads"", ""bad"", ""target polls""]","[""hop-row-h9-atomic-blocking"", ""blocking"", ""1"", ""1"", ""atomic"", ""`14,4`"", ""`5,4`"", ""9"", ""64"", ""15389"", ""0.00416"", ""15401"", ""0.00416"", ""15301"", ""0.00418"", ""-100"", ""0.000"", ""0"", ""1147""]"
boop-docs/microbenching/docs/noc/noc-atomic-calibration.md,106,Run 2026-06-24T18:02:25-04:00,"[""case"", ""mode"", ""noc"", ""K"", ""op"", ""initiators"", ""targets"", ""hops"", ""atomic ops"", ""issue cyc"", ""issue op/cyc"", ""sender cyc"", ""sender op/cyc"", ""target observed cyc"", ""observed op/cyc"", ""observed-minus-sender cyc"", ""sender spreads"", ""bad"", ""target polls""]","[""hop-row-h10-atomic-blocking"", ""blocking"", ""1"", ""1"", ""atomic"", ""`14,4`"", ""`4,4`"", ""10"", ""64"", ""15389"", ""0.00416"", ""15401"", ""0.00416"", ""15310"", ""0.00418"", ""-91"", ""0.000"", ""0"", ""1147""]"
boop-docs/microbenching/docs/noc/noc-atomic-calibration.md,107,Run 2026-06-24T18:02:25-04:00,"[""case"", ""mode"", ""noc"", ""K"", ""op"", ""initiators"", ""targets"", ""hops"", ""atomic ops"", ""issue cyc"", ""issue op/cyc"", ""sender cyc"", ""sender op/cyc"", ""target observed cyc"", ""observed op/cyc"", ""observed-minus-sender cyc"", ""sender spreads"", ""bad"", ""target polls""]","[""hop-col-h1-atomic-blocking"", ""blocking"", ""1"", ""1"", ""atomic"", ""`1,11`"", ""`1,10`"", ""1"", ""64"", ""12822"", ""0.00499"", ""12834"", ""0.00499"", ""12694"", ""0.00504"", ""-140"", ""0.000"", ""0"", ""951""]"
boop-docs/microbenching/docs/noc/noc-atomic-calibration.md,108,Run 2026-06-24T18:02:25-04:00,"[""case"", ""mode"", ""noc"", ""K"", ""op"", ""initiators"", ""targets"", ""hops"", ""atomic ops"", ""issue cyc"", ""issue op/cyc"", ""sender cyc"", ""sender op/cyc"", ""target observed cyc"", ""observed op/cyc"", ""observed-minus-sender cyc"", ""sender spreads"", ""bad"", ""target polls""]","[""hop-col-h2-atomic-blocking"", ""blocking"", ""1"", ""1"", ""atomic"", ""`1,11`"", ""`1,9`"", ""2"", ""64"", ""12829"", ""0.00499"", ""12841"", ""0.00498"", ""12710"", ""0.00504"", ""-131"", ""0.000"", ""0"", ""952""]"
boop-docs/microbenching/docs/noc/noc-atomic-calibration.md,109,Run 2026-06-24T18:02:25-04:00,"[""case"", ""mode"", ""noc"", ""K"", ""op"", ""initiators"", ""targets"", ""hops"", ""atomic ops"", ""issue cyc"", ""issue op/cyc"", ""sender cyc"", ""sender op/cyc"", ""target observed cyc"", ""observed op/cyc"", ""observed-minus-sender cyc"", ""sender spreads"", ""bad"", ""target polls""]","[""hop-col-h3-atomic-blocking"", ""blocking"", ""1"", ""1"", ""atomic"", ""`1,11`"", ""`1,8`"", ""3"", ""64"", ""12829"", ""0.00499"", ""12841"", ""0.00498"", ""12720"", ""0.00503"", ""-121"", ""0.000"", ""0"", ""952""]"
boop-docs/microbenching/docs/noc/noc-atomic-calibration.md,110,Run 2026-06-24T18:02:25-04:00,"[""case"", ""mode"", ""noc"", ""K"", ""op"", ""initiators"", ""targets"", ""hops"", ""atomic ops"", ""issue cyc"", ""issue op/cyc"", ""sender cyc"", ""sender op/cyc"", ""target observed cyc"", ""observed op/cyc"", ""observed-minus-sender cyc"", ""sender spreads"", ""bad"", ""target polls""]","[""hop-col-h4-atomic-blocking"", ""blocking"", ""1"", ""1"", ""atomic"", ""`1,11`"", ""`1,7`"", ""4"", ""64"", ""12829"", ""0.00499"", ""12841"", ""0.00498"", ""12728"", ""0.00503"", ""-113"", ""0.000"", ""0"", ""953""]"
boop-docs/microbenching/docs/noc/noc-atomic-calibration.md,111,Run 2026-06-24T18:02:25-04:00,"[""case"", ""mode"", ""noc"", ""K"", ""op"", ""initiators"", ""targets"", ""hops"", ""atomic ops"", ""issue cyc"", ""issue op/cyc"", ""sender cyc"", ""sender op/cyc"", ""target observed cyc"", ""observed op/cyc"", ""observed-minus-sender cyc"", ""sender spreads"", ""bad"", ""target polls""]","[""hop-col-h5-atomic-blocking"", ""blocking"", ""1"", ""1"", ""atomic"", ""`1,11`"", ""`1,6`"", ""5"", ""64"", ""12829"", ""0.00499"", ""12841"", ""0.00498"", ""12737"", ""0.00502"", ""-104"", ""0.000"", ""0"", ""954""]"
boop-docs/microbenching/docs/noc/noc-atomic-calibration.md,112,Run 2026-06-24T18:02:25-04:00,"[""case"", ""mode"", ""noc"", ""K"", ""op"", ""initiators"", ""targets"", ""hops"", ""atomic ops"", ""issue cyc"", ""issue op/cyc"", ""sender cyc"", ""sender op/cyc"", ""target observed cyc"", ""observed op/cyc"", ""observed-minus-sender cyc"", ""sender spreads"", ""bad"", ""target polls""]","[""hop-col-h6-atomic-blocking"", ""blocking"", ""1"", ""1"", ""atomic"", ""`1,11`"", ""`1,5`"", ""6"", ""64"", ""12829"", ""0.00499"", ""12841"", ""0.00498"", ""12746"", ""0.00502"", ""-95"", ""0.000"", ""0"", ""954""]"
boop-docs/microbenching/docs/noc/noc-atomic-calibration.md,113,Run 2026-06-24T18:02:25-04:00,"[""case"", ""mode"", ""noc"", ""K"", ""op"", ""initiators"", ""targets"", ""hops"", ""atomic ops"", ""issue cyc"", ""issue op/cyc"", ""sender cyc"", ""sender op/cyc"", ""target observed cyc"", ""observed op/cyc"", ""observed-minus-sender cyc"", ""sender spreads"", ""bad"", ""target polls""]","[""hop-col-h7-atomic-blocking"", ""blocking"", ""1"", ""1"", ""atomic"", ""`1,11`"", ""`1,4`"", ""7"", ""64"", ""12829"", ""0.00499"", ""12841"", ""0.00498"", ""12755"", ""0.00502"", ""-86"", ""0.000"", ""0"", ""955""]"
boop-docs/microbenching/docs/noc/noc-atomic-calibration.md,114,Run 2026-06-24T18:02:25-04:00,"[""case"", ""mode"", ""noc"", ""K"", ""op"", ""initiators"", ""targets"", ""hops"", ""atomic ops"", ""issue cyc"", ""issue op/cyc"", ""sender cyc"", ""sender op/cyc"", ""target observed cyc"", ""observed op/cyc"", ""observed-minus-sender cyc"", ""sender spreads"", ""bad"", ""target polls""]","[""hop-col-h8-atomic-blocking"", ""blocking"", ""1"", ""1"", ""atomic"", ""`1,11`"", ""`1,3`"", ""8"", ""64"", ""12829"", ""0.00499"", ""12841"", ""0.00498"", ""12764"", ""0.00501"", ""-77"", ""0.000"", ""0"", ""955""]"
boop-docs/microbenching/docs/noc/noc-atomic-calibration.md,127,Run 2026-06-24T18:02:32-04:00,"[""case"", ""mode"", ""noc"", ""K"", ""op"", ""initiators"", ""targets"", ""hops"", ""atomic ops"", ""issue cyc"", ""issue op/cyc"", ""sender cyc"", ""sender op/cyc"", ""target observed cyc"", ""observed op/cyc"", ""observed-minus-sender cyc"", ""sender spreads"", ""bad"", ""target polls""]","[""same-row-atomic"", ""pipelined"", ""0"", ""1"", ""atomic"", ""`13,4`"", ""`14,4`"", ""1"", ""512"", ""18455"", ""0.02774"", ""18653"", ""0.02745"", ""18511"", ""0.02766"", ""-142"", ""0.000"", ""0"", ""1369""]"
boop-docs/microbenching/docs/noc/noc-atomic-calibration.md,128,Run 2026-06-24T18:02:32-04:00,"[""case"", ""mode"", ""noc"", ""K"", ""op"", ""initiators"", ""targets"", ""hops"", ""atomic ops"", ""issue cyc"", ""issue op/cyc"", ""sender cyc"", ""sender op/cyc"", ""target observed cyc"", ""observed op/cyc"", ""observed-minus-sender cyc"", ""sender spreads"", ""bad"", ""target polls""]","[""same-row-sem"", ""pipelined"", ""0"", ""1"", ""sem"", ""`13,4`"", ""`14,4`"", ""1"", ""512"", ""18462"", ""0.02773"", ""18660"", ""0.02744"", ""18511"", ""0.02766"", ""-149"", ""0.000"", ""0"", ""1368""]"
boop-docs/microbenching/docs/noc/noc-atomic-calibration.md,129,Run 2026-06-24T18:02:32-04:00,"[""case"", ""mode"", ""noc"", ""K"", ""op"", ""initiators"", ""targets"", ""hops"", ""atomic ops"", ""issue cyc"", ""issue op/cyc"", ""sender cyc"", ""sender op/cyc"", ""target observed cyc"", ""observed op/cyc"", ""observed-minus-sender cyc"", ""sender spreads"", ""bad"", ""target polls""]","[""same-row-sem-noret"", ""pipelined"", ""0"", ""1"", ""sem-noret"", ""`13,4`"", ""`14,4`"", ""1"", ""512"", ""18470"", ""0.02772"", ""18482"", ""0.02770"", ""18515"", ""0.02765"", ""33"", ""0.000"", ""0"", ""1369""]"
boop-docs/microbenching/docs/noc/noc-atomic-calibration.md,130,Run 2026-06-24T18:02:32-04:00,"[""case"", ""mode"", ""noc"", ""K"", ""op"", ""initiators"", ""targets"", ""hops"", ""atomic ops"", ""issue cyc"", ""issue op/cyc"", ""sender cyc"", ""sender op/cyc"", ""target observed cyc"", ""observed op/cyc"", ""observed-minus-sender cyc"", ""sender spreads"", ""bad"", ""target polls""]","[""same-row-atomic"", ""pipelined"", ""1"", ""1"", ""atomic"", ""`2,4`"", ""`1,4`"", ""1"", ""512"", ""18455"", ""0.02774"", ""18653"", ""0.02745"", ""18497"", ""0.02768"", ""-156"", ""0.000"", ""0"", ""1335""]"
boop-docs/microbenching/docs/noc/noc-atomic-calibration.md,131,Run 2026-06-24T18:02:32-04:00,"[""case"", ""mode"", ""noc"", ""K"", ""op"", ""initiators"", ""targets"", ""hops"", ""atomic ops"", ""issue cyc"", ""issue op/cyc"", ""sender cyc"", ""sender op/cyc"", ""target observed cyc"", ""observed op/cyc"", ""observed-minus-sender cyc"", ""sender spreads"", ""bad"", ""target polls""]","[""same-row-sem"", ""pipelined"", ""1"", ""1"", ""sem"", ""`2,4`"", ""`1,4`"", ""1"", ""512"", ""18462"", ""0.02773"", ""18660"", ""0.02744"", ""18499"", ""0.02768"", ""-161"", ""0.000"", ""0"", ""1368""]"
boop-docs/microbenching/docs/noc/noc-atomic-calibration.md,132,Run 2026-06-24T18:02:32-04:00,"[""case"", ""mode"", ""noc"", ""K"", ""op"", ""initiators"", ""targets"", ""hops"", ""atomic ops"", ""issue cyc"", ""issue op/cyc"", ""sender cyc"", ""sender op/cyc"", ""target observed cyc"", ""observed op/cyc"", ""observed-minus-sender cyc"", ""sender spreads"", ""bad"", ""target polls""]","[""same-row-sem-noret"", ""pipelined"", ""1"", ""1"", ""sem-noret"", ""`2,4`"", ""`1,4`"", ""1"", ""512"", ""18471"", ""0.02772"", ""18483"", ""0.02770"", ""18504"", ""0.02767"", ""21"", ""0.000"", ""0"", ""1368""]"
boop-docs/microbenching/docs/noc/noc-atomic-calibration.md,145,Run 2026-06-24T18:02:47-04:00,"[""case"", ""mode"", ""noc"", ""K"", ""op"", ""initiators"", ""targets"", ""hops"", ""atomic ops"", ""issue cyc"", ""issue op/cyc"", ""sender cyc"", ""sender op/cyc"", ""target observed cyc"", ""observed op/cyc"", ""observed-minus-sender cyc"", ""sender spreads"", ""bad"", ""target polls""]","[""same-row-atomic"", ""pipelined"", ""0"", ""1"", ""atomic"", ""`13,4`"", ""`14,4`"", ""1"", ""256"", ""9239"", ""0.02771"", ""9437"", ""0.02713"", ""9294"", ""0.02754"", ""-143"", ""0.000"", ""0"", ""686""]"
boop-docs/microbenching/docs/noc/noc-atomic-calibration.md,146,Run 2026-06-24T18:02:47-04:00,"[""case"", ""mode"", ""noc"", ""K"", ""op"", ""initiators"", ""targets"", ""hops"", ""atomic ops"", ""issue cyc"", ""issue op/cyc"", ""sender cyc"", ""sender op/cyc"", ""target observed cyc"", ""observed op/cyc"", ""observed-minus-sender cyc"", ""sender spreads"", ""bad"", ""target polls""]","[""same-row-sem"", ""pipelined"", ""0"", ""1"", ""sem"", ""`13,4`"", ""`14,4`"", ""1"", ""256"", ""9247"", ""0.02768"", ""9445"", ""0.02710"", ""9302"", ""0.02752"", ""-143"", ""0.000"", ""0"", ""687""]"
boop-docs/microbenching/docs/noc/noc-atomic-calibration.md,147,Run 2026-06-24T18:02:47-04:00,"[""case"", ""mode"", ""noc"", ""K"", ""op"", ""initiators"", ""targets"", ""hops"", ""atomic ops"", ""issue cyc"", ""issue op/cyc"", ""sender cyc"", ""sender op/cyc"", ""target observed cyc"", ""observed op/cyc"", ""observed-minus-sender cyc"", ""sender spreads"", ""bad"", ""target polls""]","[""same-row-sem-noret"", ""pipelined"", ""0"", ""1"", ""sem-noret"", ""`13,4`"", ""`14,4`"", ""1"", ""256"", ""9255"", ""0.02766"", ""9267"", ""0.02762"", ""9300"", ""0.02753"", ""33"", ""0.000"", ""0"", ""686""]"
boop-docs/microbenching/docs/noc/noc-atomic-calibration.md,148,Run 2026-06-24T18:02:47-04:00,"[""case"", ""mode"", ""noc"", ""K"", ""op"", ""initiators"", ""targets"", ""hops"", ""atomic ops"", ""issue cyc"", ""issue op/cyc"", ""sender cyc"", ""sender op/cyc"", ""target observed cyc"", ""observed op/cyc"", ""observed-minus-sender cyc"", ""sender spreads"", ""bad"", ""target polls""]","[""same-row-atomic"", ""pipelined"", ""0"", ""2"", ""atomic"", ""`12,4` `13,4`"", ""`14,4`"", ""1..2"", ""512"", ""9254"", ""0.05533"", ""9452"", ""0.05417"", ""9322"", ""0.05492"", ""-130"", ""0.001"", ""0"", ""689""]"
boop-docs/microbenching/docs/noc/noc-atomic-calibration.md,149,Run 2026-06-24T18:02:47-04:00,"[""case"", ""mode"", ""noc"", ""K"", ""op"", ""initiators"", ""targets"", ""hops"", ""atomic ops"", ""issue cyc"", ""issue op/cyc"", ""sender cyc"", ""sender op/cyc"", ""target observed cyc"", ""observed op/cyc"", ""observed-minus-sender cyc"", ""sender spreads"", ""bad"", ""target polls""]","[""same-row-sem"", ""pipelined"", ""0"", ""2"", ""sem"", ""`12,4` `13,4`"", ""`14,4`"", ""1..2"", ""512"", ""9255"", ""0.05532"", ""9453"", ""0.05416"", ""9320"", ""0.05494"", ""-133"", ""0.000"", ""0"", ""689""]"
boop-docs/microbenching/docs/noc/noc-atomic-calibration.md,150,Run 2026-06-24T18:02:47-04:00,"[""case"", ""mode"", ""noc"", ""K"", ""op"", ""initiators"", ""targets"", ""hops"", ""atomic ops"", ""issue cyc"", ""issue op/cyc"", ""sender cyc"", ""sender op/cyc"", ""target observed cyc"", ""observed op/cyc"", ""observed-minus-sender cyc"", ""sender spreads"", ""bad"", ""target polls""]","[""same-row-sem-noret"", ""pipelined"", ""0"", ""2"", ""sem-noret"", ""`12,4` `13,4`"", ""`14,4`"", ""1..2"", ""512"", ""9259"", ""0.05530"", ""9271"", ""0.05523"", ""9322"", ""0.05492"", ""51"", ""0.000"", ""0"", ""688""]"
boop-docs/microbenching/docs/noc/noc-atomic-calibration.md,151,Run 2026-06-24T18:02:47-04:00,"[""case"", ""mode"", ""noc"", ""K"", ""op"", ""initiators"", ""targets"", ""hops"", ""atomic ops"", ""issue cyc"", ""issue op/cyc"", ""sender cyc"", ""sender op/cyc"", ""target observed cyc"", ""observed op/cyc"", ""observed-minus-sender cyc"", ""sender spreads"", ""bad"", ""target polls""]","[""same-row-atomic"", ""pipelined"", ""0"", ""4"", ""atomic"", ""`10,4` `11,4` `12,4` `13,4`"", ""`14,4`"", ""1..4"", ""1024"", ""12921"", ""0.07925"", ""13119"", ""0.07805"", ""12995"", ""0.07880"", ""-124"", ""0.286"", ""0"", ""964""]"
boop-docs/microbenching/docs/noc/noc-atomic-calibration.md,152,Run 2026-06-24T18:02:47-04:00,"[""case"", ""mode"", ""noc"", ""K"", ""op"", ""initiators"", ""targets"", ""hops"", ""atomic ops"", ""issue cyc"", ""issue op/cyc"", ""sender cyc"", ""sender op/cyc"", ""target observed cyc"", ""observed op/cyc"", ""observed-minus-sender cyc"", ""sender spreads"", ""bad"", ""target polls""]","[""same-row-sem"", ""pipelined"", ""0"", ""4"", ""sem"", ""`10,4` `11,4` `12,4` `13,4`"", ""`14,4`"", ""1..4"", ""1024"", ""12904"", ""0.07936"", ""13102"", ""0.07816"", ""12975"", ""0.07892"", ""-127"", ""0.287"", ""0"", ""962""]"
boop-docs/microbenching/docs/noc/noc-atomic-calibration.md,153,Run 2026-06-24T18:02:47-04:00,"[""case"", ""mode"", ""noc"", ""K"", ""op"", ""initiators"", ""targets"", ""hops"", ""atomic ops"", ""issue cyc"", ""issue op/cyc"", ""sender cyc"", ""sender op/cyc"", ""target observed cyc"", ""observed op/cyc"", ""observed-minus-sender cyc"", ""sender spreads"", ""bad"", ""target polls""]","[""same-row-sem-noret"", ""pipelined"", ""0"", ""4"", ""sem-noret"", ""`10,4` `11,4` `12,4` `13,4`"", ""`14,4`"", ""1..4"", ""1024"", ""13060"", ""0.07841"", ""13072"", ""0.07834"", ""13134"", ""0.07797"", ""62"", ""0.343"", ""0"", ""985""]"
boop-docs/microbenching/docs/noc/noc-atomic-calibration.md,154,Run 2026-06-24T18:02:47-04:00,"[""case"", ""mode"", ""noc"", ""K"", ""op"", ""initiators"", ""targets"", ""hops"", ""atomic ops"", ""issue cyc"", ""issue op/cyc"", ""sender cyc"", ""sender op/cyc"", ""target observed cyc"", ""observed op/cyc"", ""observed-minus-sender cyc"", ""sender spreads"", ""bad"", ""target polls""]","[""same-row-atomic"", ""pipelined"", ""0"", ""8"", ""atomic"", ""`4,4` `5,4` `6,4` `7,4` `10,4` `11,4` `12,4` `13,4`"", ""`14,4`"", ""1..10"", ""2048"", ""24319"", ""0.08421"", ""25893"", ""0.07909"", ""25834"", ""0.07928"", ""-59"", ""1.032"", ""0"", ""1940""]"
boop-docs/microbenching/docs/noc/noc-atomic-calibration.md,155,Run 2026-06-24T18:02:47-04:00,"[""case"", ""mode"", ""noc"", ""K"", ""op"", ""initiators"", ""targets"", ""hops"", ""atomic ops"", ""issue cyc"", ""issue op/cyc"", ""sender cyc"", ""sender op/cyc"", ""target observed cyc"", ""observed op/cyc"", ""observed-minus-sender cyc"", ""sender spreads"", ""bad"", ""target polls""]","[""same-row-sem"", ""pipelined"", ""0"", ""8"", ""sem"", ""`4,4` `5,4` `6,4` `7,4` `10,4` `11,4` `12,4` `13,4`"", ""`14,4`"", ""1..10"", ""2048"", ""23327"", ""0.08780"", ""24757"", ""0.08272"", ""24694"", ""0.08294"", ""-63"", ""0.973"", ""0"", ""1799""]"
boop-docs/microbenching/docs/noc/noc-atomic-calibration.md,156,Run 2026-06-24T18:02:47-04:00,"[""case"", ""mode"", ""noc"", ""K"", ""op"", ""initiators"", ""targets"", ""hops"", ""atomic ops"", ""issue cyc"", ""issue op/cyc"", ""sender cyc"", ""sender op/cyc"", ""target observed cyc"", ""observed op/cyc"", ""observed-minus-sender cyc"", ""sender spreads"", ""bad"", ""target polls""]","[""same-row-sem-noret"", ""pipelined"", ""0"", ""8"", ""sem-noret"", ""`4,4` `5,4` `6,4` `7,4` `10,4` `11,4` `12,4` `13,4`"", ""`14,4`"", ""1..10"", ""2048"", ""24299"", ""0.08428"", ""24311"", ""0.08424"", ""25828"", ""0.07929"", ""1517"", ""1.025"", ""0"", ""1940""]"
boop-docs/microbenching/docs/noc/noc-atomic-calibration.md,157,Run 2026-06-24T18:02:47-04:00,"[""case"", ""mode"", ""noc"", ""K"", ""op"", ""initiators"", ""targets"", ""hops"", ""atomic ops"", ""issue cyc"", ""issue op/cyc"", ""sender cyc"", ""sender op/cyc"", ""target observed cyc"", ""observed op/cyc"", ""observed-minus-sender cyc"", ""sender spreads"", ""bad"", ""target polls""]","[""same-row-atomic"", ""pipelined"", ""1"", ""1"", ""atomic"", ""`2,4`"", ""`1,4`"", ""1"", ""256"", ""9239"", ""0.02771"", ""9437"", ""0.02713"", ""9280"", ""0.02759"", ""-157"", ""0.000"", ""0"", ""685""]"
boop-docs/microbenching/docs/noc/noc-atomic-calibration.md,158,Run 2026-06-24T18:02:47-04:00,"[""case"", ""mode"", ""noc"", ""K"", ""op"", ""initiators"", ""targets"", ""hops"", ""atomic ops"", ""issue cyc"", ""issue op/cyc"", ""sender cyc"", ""sender op/cyc"", ""target observed cyc"", ""observed op/cyc"", ""observed-minus-sender cyc"", ""sender spreads"", ""bad"", ""target polls""]","[""same-row-sem"", ""pipelined"", ""1"", ""1"", ""sem"", ""`2,4`"", ""`1,4`"", ""1"", ""256"", ""9246"", ""0.02769"", ""9444"", ""0.02711"", ""9280"", ""0.02759"", ""-164"", ""0.000"", ""0"", ""670""]"
boop-docs/microbenching/docs/noc/noc-atomic-calibration.md,159,Run 2026-06-24T18:02:47-04:00,"[""case"", ""mode"", ""noc"", ""K"", ""op"", ""initiators"", ""targets"", ""hops"", ""atomic ops"", ""issue cyc"", ""issue op/cyc"", ""sender cyc"", ""sender op/cyc"", ""target observed cyc"", ""observed op/cyc"", ""observed-minus-sender cyc"", ""sender spreads"", ""bad"", ""target polls""]","[""same-row-sem-noret"", ""pipelined"", ""1"", ""1"", ""sem-noret"", ""`2,4`"", ""`1,4`"", ""1"", ""256"", ""9254"", ""0.02766"", ""9266"", ""0.02763"", ""9291"", ""0.02755"", ""25"", ""0.000"", ""0"", ""686""]"
boop-docs/microbenching/docs/noc/noc-atomic-calibration.md,160,Run 2026-06-24T18:02:47-04:00,"[""case"", ""mode"", ""noc"", ""K"", ""op"", ""initiators"", ""targets"", ""hops"", ""atomic ops"", ""issue cyc"", ""issue op/cyc"", ""sender cyc"", ""sender op/cyc"", ""target observed cyc"", ""observed op/cyc"", ""observed-minus-sender cyc"", ""sender spreads"", ""bad"", ""target polls""]","[""same-row-atomic"", ""pipelined"", ""1"", ""2"", ""atomic"", ""`2,4` `3,4`"", ""`1,4`"", ""1..2"", ""512"", ""9256"", ""0.05532"", ""9462"", ""0.05411"", ""9303"", ""0.05504"", ""-159"", ""0.002"", ""0"", ""687""]"
boop-docs/microbenching/docs/noc/noc-atomic-calibration.md,161,Run 2026-06-24T18:02:47-04:00,"[""case"", ""mode"", ""noc"", ""K"", ""op"", ""initiators"", ""targets"", ""hops"", ""atomic ops"", ""issue cyc"", ""issue op/cyc"", ""sender cyc"", ""sender op/cyc"", ""target observed cyc"", ""observed op/cyc"", ""observed-minus-sender cyc"", ""sender spreads"", ""bad"", ""target polls""]","[""same-row-sem"", ""pipelined"", ""1"", ""2"", ""sem"", ""`2,4` `3,4`"", ""`1,4`"", ""1..2"", ""512"", ""9249"", ""0.05536"", ""9447"", ""0.05420"", ""9296"", ""0.05508"", ""-151"", ""0.000"", ""0"", ""686""]"
boop-docs/microbenching/docs/noc/noc-atomic-calibration.md,162,Run 2026-06-24T18:02:47-04:00,"[""case"", ""mode"", ""noc"", ""K"", ""op"", ""initiators"", ""targets"", ""hops"", ""atomic ops"", ""issue cyc"", ""issue op/cyc"", ""sender cyc"", ""sender op/cyc"", ""target observed cyc"", ""observed op/cyc"", ""observed-minus-sender cyc"", ""sender spreads"", ""bad"", ""target polls""]","[""same-row-sem-noret"", ""pipelined"", ""1"", ""2"", ""sem-noret"", ""`2,4` `3,4`"", ""`1,4`"", ""1..2"", ""512"", ""9261"", ""0.05529"", ""9273"", ""0.05521"", ""9311"", ""0.05499"", ""38"", ""0.000"", ""0"", ""688""]"
boop-docs/microbenching/docs/noc/noc-atomic-calibration.md,163,Run 2026-06-24T18:02:47-04:00,"[""case"", ""mode"", ""noc"", ""K"", ""op"", ""initiators"", ""targets"", ""hops"", ""atomic ops"", ""issue cyc"", ""issue op/cyc"", ""sender cyc"", ""sender op/cyc"", ""target observed cyc"", ""observed op/cyc"", ""observed-minus-sender cyc"", ""sender spreads"", ""bad"", ""target polls""]","[""same-row-atomic"", ""pipelined"", ""1"", ""4"", ""atomic"", ""`2,4` `3,4` `4,4` `5,4`"", ""`1,4`"", ""1..4"", ""1024"", ""13335"", ""0.07679"", ""13533"", ""0.07567"", ""13403"", ""0.07640"", ""-130"", ""0.336"", ""0"", ""1005""]"
boop-docs/microbenching/docs/noc/noc-atomic-calibration.md,164,Run 2026-06-24T18:02:47-04:00,"[""case"", ""mode"", ""noc"", ""K"", ""op"", ""initiators"", ""targets"", ""hops"", ""atomic ops"", ""issue cyc"", ""issue op/cyc"", ""sender cyc"", ""sender op/cyc"", ""target observed cyc"", ""observed op/cyc"", ""observed-minus-sender cyc"", ""sender spreads"", ""bad"", ""target polls""]","[""same-row-sem"", ""pipelined"", ""1"", ""4"", ""sem"", ""`2,4` `3,4` `4,4` `5,4`"", ""`1,4`"", ""1..4"", ""1024"", ""13328"", ""0.07683"", ""13526"", ""0.07571"", ""13394"", ""0.07645"", ""-132"", ""0.336"", ""0"", ""1004""]"
boop-docs/microbenching/docs/noc/noc-atomic-calibration.md,165,Run 2026-06-24T18:02:47-04:00,"[""case"", ""mode"", ""noc"", ""K"", ""op"", ""initiators"", ""targets"", ""hops"", ""atomic ops"", ""issue cyc"", ""issue op/cyc"", ""sender cyc"", ""sender op/cyc"", ""target observed cyc"", ""observed op/cyc"", ""observed-minus-sender cyc"", ""sender spreads"", ""bad"", ""target polls""]","[""same-row-sem-noret"", ""pipelined"", ""1"", ""4"", ""sem-noret"", ""`2,4` `3,4` `4,4` `5,4`"", ""`1,4`"", ""1..4"", ""1024"", ""13361"", ""0.07664"", ""13373"", ""0.07657"", ""13419"", ""0.07631"", ""46"", ""0.365"", ""0"", ""1006""]"
boop-docs/microbenching/docs/noc/noc-atomic-calibration.md,166,Run 2026-06-24T18:02:47-04:00,"[""case"", ""mode"", ""noc"", ""K"", ""op"", ""initiators"", ""targets"", ""hops"", ""atomic ops"", ""issue cyc"", ""issue op/cyc"", ""sender cyc"", ""sender op/cyc"", ""target observed cyc"", ""observed op/cyc"", ""observed-minus-sender cyc"", ""sender spreads"", ""bad"", ""target polls""]","[""same-row-atomic"", ""pipelined"", ""1"", ""8"", ""atomic"", ""`2,4` `3,4` `4,4` `5,4` `6,4` `7,4` `10,4` `11,4`"", ""`1,4`"", ""1..10"", ""2048"", ""24209"", ""0.08460"", ""25447"", ""0.08048"", ""25383"", ""0.08068"", ""-64"", ""1.034"", ""0"", ""1886""]"
boop-docs/microbenching/docs/noc/noc-atomic-calibration.md,167,Run 2026-06-24T18:02:47-04:00,"[""case"", ""mode"", ""noc"", ""K"", ""op"", ""initiators"", ""targets"", ""hops"", ""atomic ops"", ""issue cyc"", ""issue op/cyc"", ""sender cyc"", ""sender op/cyc"", ""target observed cyc"", ""observed op/cyc"", ""observed-minus-sender cyc"", ""sender spreads"", ""bad"", ""target polls""]","[""same-row-sem"", ""pipelined"", ""1"", ""8"", ""sem"", ""`2,4` `3,4` `4,4` `5,4` `6,4` `7,4` `10,4` `11,4`"", ""`1,4`"", ""1..10"", ""2048"", ""23583"", ""0.08684"", ""24749"", ""0.08275"", ""24684"", ""0.08297"", ""-65"", ""0.992"", ""0"", ""1797""]"
boop-docs/microbenching/docs/noc/noc-atomic-calibration.md,168,Run 2026-06-24T18:02:47-04:00,"[""case"", ""mode"", ""noc"", ""K"", ""op"", ""initiators"", ""targets"", ""hops"", ""atomic ops"", ""issue cyc"", ""issue op/cyc"", ""sender cyc"", ""sender op/cyc"", ""target observed cyc"", ""observed op/cyc"", ""observed-minus-sender cyc"", ""sender spreads"", ""bad"", ""target polls""]","[""same-row-sem-noret"", ""pipelined"", ""1"", ""8"", ""sem-noret"", ""`2,4` `3,4` `4,4` `5,4` `6,4` `7,4` `10,4` `11,4`"", ""`1,4`"", ""1..10"", ""2048"", ""23567"", ""0.08690"", ""23579"", ""0.08686"", ""24682"", ""0.08298"", ""1103"", ""0.973"", ""0"", ""1797""]"
boop-docs/microbenching/docs/noc/noc-atomic-calibration.md,181,Run 2026-06-24T18:03:10-04:00,"[""case"", ""mode"", ""noc"", ""K"", ""op"", ""initiators"", ""targets"", ""hops"", ""atomic ops"", ""issue cyc"", ""issue op/cyc"", ""sender cyc"", ""sender op/cyc"", ""target observed cyc"", ""observed op/cyc"", ""observed-minus-sender cyc"", ""sender spreads"", ""bad"", ""target polls""]","[""hop-row-h1-atomic-blocking"", ""blocking"", ""0"", ""1"", ""atomic"", ""`1,4`"", ""`2,4`"", ""1"", ""1"", ""262"", ""0.00382"", ""274"", ""0.00365"", ""90"", ""0.01111"", ""-184"", ""0.000"", ""0"", ""4""]"
boop-docs/microbenching/docs/noc/noc-atomic-calibration.md,182,Run 2026-06-24T18:03:10-04:00,"[""case"", ""mode"", ""noc"", ""K"", ""op"", ""initiators"", ""targets"", ""hops"", ""atomic ops"", ""issue cyc"", ""issue op/cyc"", ""sender cyc"", ""sender op/cyc"", ""target observed cyc"", ""observed op/cyc"", ""observed-minus-sender cyc"", ""sender spreads"", ""bad"", ""target polls""]","[""hop-row-h2-atomic-blocking"", ""blocking"", ""0"", ""1"", ""atomic"", ""`1,4`"", ""`3,4`"", ""2"", ""1"", ""269"", ""0.00372"", ""281"", ""0.00356"", ""109"", ""0.00917"", ""-172"", ""0.000"", ""0"", ""6""]"
boop-docs/microbenching/docs/noc/noc-atomic-calibration.md,183,Run 2026-06-24T18:03:10-04:00,"[""case"", ""mode"", ""noc"", ""K"", ""op"", ""initiators"", ""targets"", ""hops"", ""atomic ops"", ""issue cyc"", ""issue op/cyc"", ""sender cyc"", ""sender op/cyc"", ""target observed cyc"", ""observed op/cyc"", ""observed-minus-sender cyc"", ""sender spreads"", ""bad"", ""target polls""]","[""hop-row-h3-atomic-blocking"", ""blocking"", ""0"", ""1"", ""atomic"", ""`1,4`"", ""`4,4`"", ""3"", ""1"", ""269"", ""0.00372"", ""281"", ""0.00356"", ""112"", ""0.00893"", ""-169"", ""0.000"", ""0"", ""7""]"
boop-docs/microbenching/docs/noc/noc-atomic-calibration.md,184,Run 2026-06-24T18:03:10-04:00,"[""case"", ""mode"", ""noc"", ""K"", ""op"", ""initiators"", ""targets"", ""hops"", ""atomic ops"", ""issue cyc"", ""issue op/cyc"", ""sender cyc"", ""sender op/cyc"", ""target observed cyc"", ""observed op/cyc"", ""observed-minus-sender cyc"", ""sender spreads"", ""bad"", ""target polls""]","[""hop-row-h4-atomic-blocking"", ""blocking"", ""0"", ""1"", ""atomic"", ""`1,4`"", ""`5,4`"", ""4"", ""1"", ""269"", ""0.00372"", ""281"", ""0.00356"", ""118"", ""0.00847"", ""-163"", ""0.000"", ""0"", ""7""]"
boop-docs/microbenching/docs/noc/noc-atomic-calibration.md,185,Run 2026-06-24T18:03:10-04:00,"[""case"", ""mode"", ""noc"", ""K"", ""op"", ""initiators"", ""targets"", ""hops"", ""atomic ops"", ""issue cyc"", ""issue op/cyc"", ""sender cyc"", ""sender op/cyc"", ""target observed cyc"", ""observed op/cyc"", ""observed-minus-sender cyc"", ""sender spreads"", ""bad"", ""target polls""]","[""hop-row-h5-atomic-blocking"", ""blocking"", ""0"", ""1"", ""atomic"", ""`1,4`"", ""`6,4`"", ""5"", ""1"", ""269"", ""0.00372"", ""281"", ""0.00356"", ""138"", ""0.00725"", ""-143"", ""0.000"", ""0"", ""9""]"
boop-docs/microbenching/docs/noc/noc-atomic-calibration.md,186,Run 2026-06-24T18:03:10-04:00,"[""case"", ""mode"", ""noc"", ""K"", ""op"", ""initiators"", ""targets"", ""hops"", ""atomic ops"", ""issue cyc"", ""issue op/cyc"", ""sender cyc"", ""sender op/cyc"", ""target observed cyc"", ""observed op/cyc"", ""observed-minus-sender cyc"", ""sender spreads"", ""bad"", ""target polls""]","[""hop-row-h6-atomic-blocking"", ""blocking"", ""0"", ""1"", ""atomic"", ""`1,4`"", ""`7,4`"", ""6"", ""1"", ""269"", ""0.00372"", ""281"", ""0.00356"", ""153"", ""0.00654"", ""-128"", ""0.000"", ""0"", ""9""]"
boop-docs/microbenching/docs/noc/noc-atomic-calibration.md,187,Run 2026-06-24T18:03:10-04:00,"[""case"", ""mode"", ""noc"", ""K"", ""op"", ""initiators"", ""targets"", ""hops"", ""atomic ops"", ""issue cyc"", ""issue op/cyc"", ""sender cyc"", ""sender op/cyc"", ""target observed cyc"", ""observed op/cyc"", ""observed-minus-sender cyc"", ""sender spreads"", ""bad"", ""target polls""]","[""hop-row-h9-atomic-blocking"", ""blocking"", ""0"", ""1"", ""atomic"", ""`1,4`"", ""`10,4`"", ""9"", ""1"", ""269"", ""0.00372"", ""281"", ""0.00356"", ""167"", ""0.00599"", ""-114"", ""0.000"", ""0"", ""10""]"
boop-docs/microbenching/docs/noc/noc-atomic-calibration.md,188,Run 2026-06-24T18:03:10-04:00,"[""case"", ""mode"", ""noc"", ""K"", ""op"", ""initiators"", ""targets"", ""hops"", ""atomic ops"", ""issue cyc"", ""issue op/cyc"", ""sender cyc"", ""sender op/cyc"", ""target observed cyc"", ""observed op/cyc"", ""observed-minus-sender cyc"", ""sender spreads"", ""bad"", ""target polls""]","[""hop-row-h10-atomic-blocking"", ""blocking"", ""0"", ""1"", ""atomic"", ""`1,4`"", ""`11,4`"", ""10"", ""1"", ""269"", ""0.00372"", ""281"", ""0.00356"", ""182"", ""0.00549"", ""-99"", ""0.000"", ""0"", ""12""]"
boop-docs/microbenching/docs/noc/noc-atomic-calibration.md,189,Run 2026-06-24T18:03:10-04:00,"[""case"", ""mode"", ""noc"", ""K"", ""op"", ""initiators"", ""targets"", ""hops"", ""atomic ops"", ""issue cyc"", ""issue op/cyc"", ""sender cyc"", ""sender op/cyc"", ""target observed cyc"", ""observed op/cyc"", ""observed-minus-sender cyc"", ""sender spreads"", ""bad"", ""target polls""]","[""hop-col-h1-atomic-blocking"", ""blocking"", ""0"", ""1"", ""atomic"", ""`1,2`"", ""`1,3`"", ""1"", ""1"", ""222"", ""0.00450"", ""234"", ""0.00427"", ""94"", ""0.01064"", ""-140"", ""0.000"", ""0"", ""5""]"
boop-docs/microbenching/docs/noc/noc-atomic-calibration.md,190,Run 2026-06-24T18:03:10-04:00,"[""case"", ""mode"", ""noc"", ""K"", ""op"", ""initiators"", ""targets"", ""hops"", ""atomic ops"", ""issue cyc"", ""issue op/cyc"", ""sender cyc"", ""sender op/cyc"", ""target observed cyc"", ""observed op/cyc"", ""observed-minus-sender cyc"", ""sender spreads"", ""bad"", ""target polls""]","[""hop-col-h2-atomic-blocking"", ""blocking"", ""0"", ""1"", ""atomic"", ""`1,2`"", ""`1,4`"", ""2"", ""1"", ""229"", ""0.00437"", ""241"", ""0.00415"", ""111"", ""0.00901"", ""-130"", ""0.000"", ""0"", ""6""]"
boop-docs/microbenching/docs/noc/noc-atomic-calibration.md,191,Run 2026-06-24T18:03:10-04:00,"[""case"", ""mode"", ""noc"", ""K"", ""op"", ""initiators"", ""targets"", ""hops"", ""atomic ops"", ""issue cyc"", ""issue op/cyc"", ""sender cyc"", ""sender op/cyc"", ""target observed cyc"", ""observed op/cyc"", ""observed-minus-sender cyc"", ""sender spreads"", ""bad"", ""target polls""]","[""hop-col-h3-atomic-blocking"", ""blocking"", ""0"", ""1"", ""atomic"", ""`1,2`"", ""`1,5`"", ""3"", ""1"", ""229"", ""0.00437"", ""241"", ""0.00415"", ""120"", ""0.00833"", ""-121"", ""0.000"", ""0"", ""6""]"
boop-docs/microbenching/docs/noc/noc-atomic-calibration.md,192,Run 2026-06-24T18:03:10-04:00,"[""case"", ""mode"", ""noc"", ""K"", ""op"", ""initiators"", ""targets"", ""hops"", ""atomic ops"", ""issue cyc"", ""issue op/cyc"", ""sender cyc"", ""sender op/cyc"", ""target observed cyc"", ""observed op/cyc"", ""observed-minus-sender cyc"", ""sender spreads"", ""bad"", ""target polls""]","[""hop-col-h4-atomic-blocking"", ""blocking"", ""0"", ""1"", ""atomic"", ""`1,2`"", ""`1,6`"", ""4"", ""1"", ""229"", ""0.00437"", ""241"", ""0.00415"", ""129"", ""0.00775"", ""-112"", ""0.000"", ""0"", ""7""]"
boop-docs/microbenching/docs/noc/noc-atomic-calibration.md,193,Run 2026-06-24T18:03:10-04:00,"[""case"", ""mode"", ""noc"", ""K"", ""op"", ""initiators"", ""targets"", ""hops"", ""atomic ops"", ""issue cyc"", ""issue op/cyc"", ""sender cyc"", ""sender op/cyc"", ""target observed cyc"", ""observed op/cyc"", ""observed-minus-sender cyc"", ""sender spreads"", ""bad"", ""target polls""]","[""hop-col-h5-atomic-blocking"", ""blocking"", ""0"", ""1"", ""atomic"", ""`1,2`"", ""`1,7`"", ""5"", ""1"", ""230"", ""0.00435"", ""242"", ""0.00413"", ""139"", ""0.00719"", ""-103"", ""0.000"", ""0"", ""8""]"
boop-docs/microbenching/docs/noc/noc-atomic-calibration.md,194,Run 2026-06-24T18:03:10-04:00,"[""case"", ""mode"", ""noc"", ""K"", ""op"", ""initiators"", ""targets"", ""hops"", ""atomic ops"", ""issue cyc"", ""issue op/cyc"", ""sender cyc"", ""sender op/cyc"", ""target observed cyc"", ""observed op/cyc"", ""observed-minus-sender cyc"", ""sender spreads"", ""bad"", ""target polls""]","[""hop-col-h6-atomic-blocking"", ""blocking"", ""0"", ""1"", ""atomic"", ""`1,2`"", ""`1,8`"", ""6"", ""1"", ""229"", ""0.00437"", ""241"", ""0.00415"", ""147"", ""0.00680"", ""-94"", ""0.000"", ""0"", ""9""]"
boop-docs/microbenching/docs/noc/noc-atomic-calibration.md,195,Run 2026-06-24T18:03:10-04:00,"[""case"", ""mode"", ""noc"", ""K"", ""op"", ""initiators"", ""targets"", ""hops"", ""atomic ops"", ""issue cyc"", ""issue op/cyc"", ""sender cyc"", ""sender op/cyc"", ""target observed cyc"", ""observed op/cyc"", ""observed-minus-sender cyc"", ""sender spreads"", ""bad"", ""target polls""]","[""hop-col-h7-atomic-blocking"", ""blocking"", ""0"", ""1"", ""atomic"", ""`1,2`"", ""`1,9`"", ""7"", ""1"", ""229"", ""0.00437"", ""241"", ""0.00415"", ""156"", ""0.00641"", ""-85"", ""0.000"", ""0"", ""10""]"
boop-docs/microbenching/docs/noc/noc-atomic-calibration.md,196,Run 2026-06-24T18:03:10-04:00,"[""case"", ""mode"", ""noc"", ""K"", ""op"", ""initiators"", ""targets"", ""hops"", ""atomic ops"", ""issue cyc"", ""issue op/cyc"", ""sender cyc"", ""sender op/cyc"", ""target observed cyc"", ""observed op/cyc"", ""observed-minus-sender cyc"", ""sender spreads"", ""bad"", ""target polls""]","[""hop-col-h8-atomic-blocking"", ""blocking"", ""0"", ""1"", ""atomic"", ""`1,2`"", ""`1,10`"", ""8"", ""1"", ""229"", ""0.00437"", ""241"", ""0.00415"", ""164"", ""0.00610"", ""-77"", ""0.000"", ""0"", ""9""]"
boop-docs/microbenching/docs/noc/noc-atomic-calibration.md,197,Run 2026-06-24T18:03:10-04:00,"[""case"", ""mode"", ""noc"", ""K"", ""op"", ""initiators"", ""targets"", ""hops"", ""atomic ops"", ""issue cyc"", ""issue op/cyc"", ""sender cyc"", ""sender op/cyc"", ""target observed cyc"", ""observed op/cyc"", ""observed-minus-sender cyc"", ""sender spreads"", ""bad"", ""target polls""]","[""hop-row-h1-atomic-blocking"", ""blocking"", ""1"", ""1"", ""atomic"", ""`14,4`"", ""`13,4`"", ""1"", ""1"", ""262"", ""0.00382"", ""274"", ""0.00365"", ""101"", ""0.00990"", ""-173"", ""0.000"", ""0"", ""6""]"
boop-docs/microbenching/docs/noc/noc-atomic-calibration.md,198,Run 2026-06-24T18:03:10-04:00,"[""case"", ""mode"", ""noc"", ""K"", ""op"", ""initiators"", ""targets"", ""hops"", ""atomic ops"", ""issue cyc"", ""issue op/cyc"", ""sender cyc"", ""sender op/cyc"", ""target observed cyc"", ""observed op/cyc"", ""observed-minus-sender cyc"", ""sender spreads"", ""bad"", ""target polls""]","[""hop-row-h2-atomic-blocking"", ""blocking"", ""1"", ""1"", ""atomic"", ""`14,4`"", ""`12,4`"", ""2"", ""1"", ""269"", ""0.00372"", ""281"", ""0.00356"", ""109"", ""0.00917"", ""-172"", ""0.000"", ""0"", ""6""]"
boop-docs/microbenching/docs/noc/noc-atomic-calibration.md,199,Run 2026-06-24T18:03:10-04:00,"[""case"", ""mode"", ""noc"", ""K"", ""op"", ""initiators"", ""targets"", ""hops"", ""atomic ops"", ""issue cyc"", ""issue op/cyc"", ""sender cyc"", ""sender op/cyc"", ""target observed cyc"", ""observed op/cyc"", ""observed-minus-sender cyc"", ""sender spreads"", ""bad"", ""target polls""]","[""hop-row-h3-atomic-blocking"", ""blocking"", ""1"", ""1"", ""atomic"", ""`14,4`"", ""`11,4`"", ""3"", ""1"", ""269"", ""0.00372"", ""281"", ""0.00356"", ""119"", ""0.00840"", ""-162"", ""0.000"", ""0"", ""7""]"
boop-docs/microbenching/docs/noc/noc-atomic-calibration.md,200,Run 2026-06-24T18:03:10-04:00,"[""case"", ""mode"", ""noc"", ""K"", ""op"", ""initiators"", ""targets"", ""hops"", ""atomic ops"", ""issue cyc"", ""issue op/cyc"", ""sender cyc"", ""sender op/cyc"", ""target observed cyc"", ""observed op/cyc"", ""observed-minus-sender cyc"", ""sender spreads"", ""bad"", ""target polls""]","[""hop-row-h4-atomic-blocking"", ""blocking"", ""1"", ""1"", ""atomic"", ""`14,4`"", ""`10,4`"", ""4"", ""1"", ""270"", ""0.00370"", ""282"", ""0.00355"", ""130"", ""0.00769"", ""-152"", ""0.000"", ""0"", ""8""]"
boop-docs/microbenching/docs/noc/noc-atomic-calibration.md,201,Run 2026-06-24T18:03:10-04:00,"[""case"", ""mode"", ""noc"", ""K"", ""op"", ""initiators"", ""targets"", ""hops"", ""atomic ops"", ""issue cyc"", ""issue op/cyc"", ""sender cyc"", ""sender op/cyc"", ""target observed cyc"", ""observed op/cyc"", ""observed-minus-sender cyc"", ""sender spreads"", ""bad"", ""target polls""]","[""hop-row-h7-atomic-blocking"", ""blocking"", ""1"", ""1"", ""atomic"", ""`14,4`"", ""`7,4`"", ""7"", ""1"", ""269"", ""0.00372"", ""281"", ""0.00356"", ""126"", ""0.00794"", ""-155"", ""0.000"", ""0"", ""7""]"
boop-docs/microbenching/docs/noc/noc-atomic-calibration.md,202,Run 2026-06-24T18:03:10-04:00,"[""case"", ""mode"", ""noc"", ""K"", ""op"", ""initiators"", ""targets"", ""hops"", ""atomic ops"", ""issue cyc"", ""issue op/cyc"", ""sender cyc"", ""sender op/cyc"", ""target observed cyc"", ""observed op/cyc"", ""observed-minus-sender cyc"", ""sender spreads"", ""bad"", ""target polls""]","[""hop-row-h8-atomic-blocking"", ""blocking"", ""1"", ""1"", ""atomic"", ""`14,4`"", ""`6,4`"", ""8"", ""1"", ""269"", ""0.00372"", ""281"", ""0.00356"", ""159"", ""0.00629"", ""-122"", ""0.000"", ""0"", ""10""]"
boop-docs/microbenching/docs/noc/noc-atomic-calibration.md,203,Run 2026-06-24T18:03:10-04:00,"[""case"", ""mode"", ""noc"", ""K"", ""op"", ""initiators"", ""targets"", ""hops"", ""atomic ops"", ""issue cyc"", ""issue op/cyc"", ""sender cyc"", ""sender op/cyc"", ""target observed cyc"", ""observed op/cyc"", ""observed-minus-sender cyc"", ""sender spreads"", ""bad"", ""target polls""]","[""hop-row-h9-atomic-blocking"", ""blocking"", ""1"", ""1"", ""atomic"", ""`14,4`"", ""`5,4`"", ""9"", ""1"", ""269"", ""0.00372"", ""281"", ""0.00356"", ""182"", ""0.00549"", ""-99"", ""0.000"", ""0"", ""12""]"
boop-docs/microbenching/docs/noc/noc-atomic-calibration.md,204,Run 2026-06-24T18:03:10-04:00,"[""case"", ""mode"", ""noc"", ""K"", ""op"", ""initiators"", ""targets"", ""hops"", ""atomic ops"", ""issue cyc"", ""issue op/cyc"", ""sender cyc"", ""sender op/cyc"", ""target observed cyc"", ""observed op/cyc"", ""observed-minus-sender cyc"", ""sender spreads"", ""bad"", ""target polls""]","[""hop-row-h10-atomic-blocking"", ""blocking"", ""1"", ""1"", ""atomic"", ""`14,4`"", ""`4,4`"", ""10"", ""1"", ""270"", ""0.00370"", ""282"", ""0.00355"", ""200"", ""0.00500"", ""-82"", ""0.000"", ""0"", ""13""]"
boop-docs/microbenching/docs/noc/noc-atomic-calibration.md,205,Run 2026-06-24T18:03:10-04:00,"[""case"", ""mode"", ""noc"", ""K"", ""op"", ""initiators"", ""targets"", ""hops"", ""atomic ops"", ""issue cyc"", ""issue op/cyc"", ""sender cyc"", ""sender op/cyc"", ""target observed cyc"", ""observed op/cyc"", ""observed-minus-sender cyc"", ""sender spreads"", ""bad"", ""target polls""]","[""hop-col-h1-atomic-blocking"", ""blocking"", ""1"", ""1"", ""atomic"", ""`1,11`"", ""`1,10`"", ""1"", ""1"", ""222"", ""0.00450"", ""234"", ""0.00427"", ""95"", ""0.01053"", ""-139"", ""0.000"", ""0"", ""6""]"
boop-docs/microbenching/docs/noc/noc-atomic-calibration.md,206,Run 2026-06-24T18:03:10-04:00,"[""case"", ""mode"", ""noc"", ""K"", ""op"", ""initiators"", ""targets"", ""hops"", ""atomic ops"", ""issue cyc"", ""issue op/cyc"", ""sender cyc"", ""sender op/cyc"", ""target observed cyc"", ""observed op/cyc"", ""observed-minus-sender cyc"", ""sender spreads"", ""bad"", ""target polls""]","[""hop-col-h2-atomic-blocking"", ""blocking"", ""1"", ""1"", ""atomic"", ""`1,11`"", ""`1,9`"", ""2"", ""1"", ""229"", ""0.00437"", ""241"", ""0.00415"", ""111"", ""0.00901"", ""-130"", ""0.000"", ""0"", ""6""]"
boop-docs/microbenching/docs/noc/noc-atomic-calibration.md,207,Run 2026-06-24T18:03:10-04:00,"[""case"", ""mode"", ""noc"", ""K"", ""op"", ""initiators"", ""targets"", ""hops"", ""atomic ops"", ""issue cyc"", ""issue op/cyc"", ""sender cyc"", ""sender op/cyc"", ""target observed cyc"", ""observed op/cyc"", ""observed-minus-sender cyc"", ""sender spreads"", ""bad"", ""target polls""]","[""hop-col-h3-atomic-blocking"", ""blocking"", ""1"", ""1"", ""atomic"", ""`1,11`"", ""`1,8`"", ""3"", ""1"", ""229"", ""0.00437"", ""241"", ""0.00415"", ""124"", ""0.00806"", ""-117"", ""0.000"", ""0"", ""8""]"
boop-docs/microbenching/docs/noc/noc-atomic-calibration.md,208,Run 2026-06-24T18:03:10-04:00,"[""case"", ""mode"", ""noc"", ""K"", ""op"", ""initiators"", ""targets"", ""hops"", ""atomic ops"", ""issue cyc"", ""issue op/cyc"", ""sender cyc"", ""sender op/cyc"", ""target observed cyc"", ""observed op/cyc"", ""observed-minus-sender cyc"", ""sender spreads"", ""bad"", ""target polls""]","[""hop-col-h4-atomic-blocking"", ""blocking"", ""1"", ""1"", ""atomic"", ""`1,11`"", ""`1,7`"", ""4"", ""1"", ""229"", ""0.00437"", ""241"", ""0.00415"", ""130"", ""0.00769"", ""-111"", ""0.000"", ""0"", ""8""]"
boop-docs/microbenching/docs/noc/noc-atomic-calibration.md,209,Run 2026-06-24T18:03:10-04:00,"[""case"", ""mode"", ""noc"", ""K"", ""op"", ""initiators"", ""targets"", ""hops"", ""atomic ops"", ""issue cyc"", ""issue op/cyc"", ""sender cyc"", ""sender op/cyc"", ""target observed cyc"", ""observed op/cyc"", ""observed-minus-sender cyc"", ""sender spreads"", ""bad"", ""target polls""]","[""hop-col-h5-atomic-blocking"", ""blocking"", ""1"", ""1"", ""atomic"", ""`1,11`"", ""`1,6`"", ""5"", ""1"", ""229"", ""0.00437"", ""241"", ""0.00415"", ""139"", ""0.00719"", ""-102"", ""0.000"", ""0"", ""9""]"
boop-docs/microbenching/docs/noc/noc-atomic-calibration.md,210,Run 2026-06-24T18:03:10-04:00,"[""case"", ""mode"", ""noc"", ""K"", ""op"", ""initiators"", ""targets"", ""hops"", ""atomic ops"", ""issue cyc"", ""issue op/cyc"", ""sender cyc"", ""sender op/cyc"", ""target observed cyc"", ""observed op/cyc"", ""observed-minus-sender cyc"", ""sender spreads"", ""bad"", ""target polls""]","[""hop-col-h6-atomic-blocking"", ""blocking"", ""1"", ""1"", ""atomic"", ""`1,11`"", ""`1,5`"", ""6"", ""1"", ""229"", ""0.00437"", ""241"", ""0.00415"", ""149"", ""0.00671"", ""-92"", ""0.000"", ""0"", ""10""]"
boop-docs/microbenching/docs/noc/noc-atomic-calibration.md,211,Run 2026-06-24T18:03:10-04:00,"[""case"", ""mode"", ""noc"", ""K"", ""op"", ""initiators"", ""targets"", ""hops"", ""atomic ops"", ""issue cyc"", ""issue op/cyc"", ""sender cyc"", ""sender op/cyc"", ""target observed cyc"", ""observed op/cyc"", ""observed-minus-sender cyc"", ""sender spreads"", ""bad"", ""target polls""]","[""hop-col-h7-atomic-blocking"", ""blocking"", ""1"", ""1"", ""atomic"", ""`1,11`"", ""`1,4`"", ""7"", ""1"", ""229"", ""0.00437"", ""241"", ""0.00415"", ""156"", ""0.00641"", ""-85"", ""0.000"", ""0"", ""10""]"
boop-docs/microbenching/docs/noc/noc-atomic-calibration.md,212,Run 2026-06-24T18:03:10-04:00,"[""case"", ""mode"", ""noc"", ""K"", ""op"", ""initiators"", ""targets"", ""hops"", ""atomic ops"", ""issue cyc"", ""issue op/cyc"", ""sender cyc"", ""sender op/cyc"", ""target observed cyc"", ""observed op/cyc"", ""observed-minus-sender cyc"", ""sender spreads"", ""bad"", ""target polls""]","[""hop-col-h8-atomic-blocking"", ""blocking"", ""1"", ""1"", ""atomic"", ""`1,11`"", ""`1,3`"", ""8"", ""1"", ""229"", ""0.00437"", ""241"", ""0.00415"", ""168"", ""0.00595"", ""-73"", ""0.000"", ""0"", ""10""]"
boop-docs/microbenching/docs/noc/noc-atomic-visibility.md,56,Run 2026-06-13T17:35:32-04:00,"[""case"", ""noc"", ""K"", ""op"", ""initiators"", ""targets"", ""hops"", ""atomic ops"", ""sender cyc"", ""sender op/cyc"", ""target observed cyc"", ""observed op/cyc"", ""observed-minus-sender cyc"", ""sender spreads"", ""bad"", ""target polls""]","[""same-row-atomic"", ""0"", ""2"", ""atomic"", ""`12,4` `13,4`"", ""`14,4`"", ""1..2"", ""64"", ""1378"", ""0.04644"", ""1253"", ""0.05108"", ""-125"", ""0.000"", ""0"", ""90""]"
boop-docs/microbenching/docs/noc/noc-atomic-visibility.md,57,Run 2026-06-13T17:35:32-04:00,"[""case"", ""noc"", ""K"", ""op"", ""initiators"", ""targets"", ""hops"", ""atomic ops"", ""sender cyc"", ""sender op/cyc"", ""target observed cyc"", ""observed op/cyc"", ""observed-minus-sender cyc"", ""sender spreads"", ""bad"", ""target polls""]","[""same-row-sem"", ""0"", ""2"", ""sem"", ""`12,4` `13,4`"", ""`14,4`"", ""1..2"", ""64"", ""1385"", ""0.04621"", ""1254"", ""0.05104"", ""-131"", ""0.001"", ""0"", ""90""]"
boop-docs/microbenching/docs/noc/noc-atomic-visibility.md,58,Run 2026-06-13T17:35:32-04:00,"[""case"", ""noc"", ""K"", ""op"", ""initiators"", ""targets"", ""hops"", ""atomic ops"", ""sender cyc"", ""sender op/cyc"", ""target observed cyc"", ""observed op/cyc"", ""observed-minus-sender cyc"", ""sender spreads"", ""bad"", ""target polls""]","[""same-row-mixed"", ""0"", ""2"", ""mixed"", ""`12,4` `13,4`"", ""`14,4`"", ""1..2"", ""64"", ""2248"", ""0.02847"", ""2159"", ""0.02964"", ""-89"", ""0.003"", ""0"", ""146""]"
boop-docs/microbenching/docs/noc/noc-atomic-visibility.md,71,Run 2026-06-13T17:36:04-04:00,"[""case"", ""noc"", ""K"", ""op"", ""initiators"", ""targets"", ""hops"", ""atomic ops"", ""sender cyc"", ""sender op/cyc"", ""target observed cyc"", ""observed op/cyc"", ""observed-minus-sender cyc"", ""sender spreads"", ""bad"", ""target polls""]","[""same-col-atomic"", ""0"", ""2"", ""atomic"", ""`1,9` `1,10`"", ""`1,11`"", ""1..2"", ""64"", ""1333"", ""0.04801"", ""1229"", ""0.05207"", ""-104"", ""0.001"", ""0"", ""89""]"
boop-docs/microbenching/docs/noc/noc-atomic-visibility.md,72,Run 2026-06-13T17:36:04-04:00,"[""case"", ""noc"", ""K"", ""op"", ""initiators"", ""targets"", ""hops"", ""atomic ops"", ""sender cyc"", ""sender op/cyc"", ""target observed cyc"", ""observed op/cyc"", ""observed-minus-sender cyc"", ""sender spreads"", ""bad"", ""target polls""]","[""same-diag-atomic"", ""0"", ""2"", ""atomic"", ""`12,9` `13,10`"", ""`14,11`"", ""2..4"", ""64"", ""1482"", ""0.04318"", ""1260"", ""0.05079"", ""-222"", ""0.001"", ""0"", ""90""]"
boop-docs/microbenching/docs/noc/noc-atomic-visibility.md,73,Run 2026-06-13T17:36:04-04:00,"[""case"", ""noc"", ""K"", ""op"", ""initiators"", ""targets"", ""hops"", ""atomic ops"", ""sender cyc"", ""sender op/cyc"", ""target observed cyc"", ""observed op/cyc"", ""observed-minus-sender cyc"", ""sender spreads"", ""bad"", ""target polls""]","[""separate-row-atomic"", ""0"", ""2"", ""atomic"", ""`1,4` `2,4`"", ""`3,4` `4,4`"", ""2"", ""64"", ""1370"", ""0.04672"", ""1218"", ""0.05255"", ""-152"", ""0.000"", ""0"", ""88""]"
boop-docs/microbenching/docs/noc/noc-atomic-visibility.md,74,Run 2026-06-13T17:36:04-04:00,"[""case"", ""noc"", ""K"", ""op"", ""initiators"", ""targets"", ""hops"", ""atomic ops"", ""sender cyc"", ""sender op/cyc"", ""target observed cyc"", ""observed op/cyc"", ""observed-minus-sender cyc"", ""sender spreads"", ""bad"", ""target polls""]","[""one-many-row-atomic"", ""0"", ""2"", ""atomic"", ""`1,4`"", ""`2,4` `3,4`"", ""1..2"", ""64"", ""2417"", ""0.02648"", ""2255"", ""0.02838"", ""-162"", ""0.000"", ""0"", ""164""]"
boop-docs/microbenching/docs/noc/noc-counter-probe.md,11,Run 2026-06-30T02:37:26-04:00 NoC counter probe,"[""core"", ""role"", ""window cyc"", ""cmd accepted"", ""np wr req sent"", ""np data sent"", ""p wr req sent"", ""p data sent"", ""ack recv"", ""slv req accepted"", ""slv np wr recv"", ""slv np data recv"", ""slv p wr recv"", ""slv p data recv"", ""slv ack sent"", ""out max"", ""cmd avail min"", ""selected vc p1"", ""selected vc p2"", ""nonzero flit counters"", ""cmd ovfl""]","[""`1,4`"", ""sender"", ""4462"", ""17"", ""17"", ""4097"", ""0"", ""0"", ""17"", ""0"", ""0"", ""0"", ""0"", ""0"", ""0"", ""3"", ""0x00000000"", ""0"", ""17"", ""`vc1:p1=0:p2=17`"", ""0""]"
boop-docs/microbenching/docs/noc/noc-counter-probe.md,12,Run 2026-06-30T02:37:26-04:00 NoC counter probe,"[""core"", ""role"", ""window cyc"", ""cmd accepted"", ""np wr req sent"", ""np data sent"", ""p wr req sent"", ""p data sent"", ""ack recv"", ""slv req accepted"", ""slv np wr recv"", ""slv np data recv"", ""slv p wr recv"", ""slv p data recv"", ""slv ack sent"", ""out max"", ""cmd avail min"", ""selected vc p1"", ""selected vc p2"", ""nonzero flit counters"", ""cmd ovfl""]","[""`6,4`"", ""receiver"", ""14530"", ""0"", ""0"", ""0"", ""0"", ""0"", ""0"", ""17"", ""17"", ""4097"", ""0"", ""0"", ""17"", ""0"", ""0x00000000"", ""0"", ""0"", ""`vc6:p1=0:p2=9 vc7:p1=0:p2=8`"", ""0""]"
boop-docs/microbenching/docs/noc/noc-counter-probe.md,13,Run 2026-06-30T02:37:26-04:00 NoC counter probe,"[""core"", ""role"", ""window cyc"", ""cmd accepted"", ""np wr req sent"", ""np data sent"", ""p wr req sent"", ""p data sent"", ""ack recv"", ""slv req accepted"", ""slv np wr recv"", ""slv np data recv"", ""slv p wr recv"", ""slv p data recv"", ""slv ack sent"", ""out max"", ""cmd avail min"", ""selected vc p1"", ""selected vc p2"", ""nonzero flit counters"", ""cmd ovfl""]","[""`2,4`"", ""sampler"", ""14880"", ""0"", ""0"", ""0"", ""0"", ""0"", ""0"", ""0"", ""0"", ""0"", ""0"", ""0"", ""0"", ""0"", ""0x00000000"", ""0"", ""17"", ""`vc1:p1=0:p2=17`"", ""0""]"
boop-docs/microbenching/docs/noc/noc-counter-probe.md,14,Run 2026-06-30T02:37:26-04:00 NoC counter probe,"[""core"", ""role"", ""window cyc"", ""cmd accepted"", ""np wr req sent"", ""np data sent"", ""p wr req sent"", ""p data sent"", ""ack recv"", ""slv req accepted"", ""slv np wr recv"", ""slv np data recv"", ""slv p wr recv"", ""slv p data recv"", ""slv ack sent"", ""out max"", ""cmd avail min"", ""selected vc p1"", ""selected vc p2"", ""nonzero flit counters"", ""cmd ovfl""]","[""`3,4`"", ""sampler"", ""14880"", ""0"", ""0"", ""0"", ""0"", ""0"", ""0"", ""0"", ""0"", ""0"", ""0"", ""0"", ""0"", ""0"", ""0x00000000"", ""0"", ""17"", ""`vc1:p1=0:p2=17`"", ""0""]"
boop-docs/microbenching/docs/noc/noc-counter-probe.md,15,Run 2026-06-30T02:37:26-04:00 NoC counter probe,"[""core"", ""role"", ""window cyc"", ""cmd accepted"", ""np wr req sent"", ""np data sent"", ""p wr req sent"", ""p data sent"", ""ack recv"", ""slv req accepted"", ""slv np wr recv"", ""slv np data recv"", ""slv p wr recv"", ""slv p data recv"", ""slv ack sent"", ""out max"", ""cmd avail min"", ""selected vc p1"", ""selected vc p2"", ""nonzero flit counters"", ""cmd ovfl""]","[""`4,4`"", ""sampler"", ""14880"", ""0"", ""0"", ""0"", ""0"", ""0"", ""0"", ""0"", ""0"", ""0"", ""0"", ""0"", ""0"", ""0"", ""0x00000000"", ""0"", ""17"", ""`vc1:p1=0:p2=17`"", ""0""]"
boop-docs/microbenching/docs/noc/noc-counter-probe.md,16,Run 2026-06-30T02:37:26-04:00 NoC counter probe,"[""core"", ""role"", ""window cyc"", ""cmd accepted"", ""np wr req sent"", ""np data sent"", ""p wr req sent"", ""p data sent"", ""ack recv"", ""slv req accepted"", ""slv np wr recv"", ""slv np data recv"", ""slv p wr recv"", ""slv p data recv"", ""slv ack sent"", ""out max"", ""cmd avail min"", ""selected vc p1"", ""selected vc p2"", ""nonzero flit counters"", ""cmd ovfl""]","[""`5,4`"", ""sampler"", ""14880"", ""0"", ""0"", ""0"", ""0"", ""0"", ""0"", ""0"", ""0"", ""0"", ""0"", ""0"", ""0"", ""0"", ""0x00000000"", ""0"", ""17"", ""`vc1:p1=0:p2=17`"", ""0""]"
boop-docs/microbenching/docs/noc/noc-counter-probe.md,43,Run 2026-06-30T02:37:30-04:00 NoC counter probe,"[""core"", ""role"", ""window cyc"", ""cmd accepted"", ""np wr req sent"", ""np data sent"", ""p wr req sent"", ""p data sent"", ""ack recv"", ""slv req accepted"", ""slv np wr recv"", ""slv np data recv"", ""slv p wr recv"", ""slv p data recv"", ""slv ack sent"", ""out max"", ""cmd avail min"", ""selected vc p1"", ""selected vc p2"", ""nonzero flit counters"", ""cmd ovfl""]","[""`1,4`"", ""sender"", ""4278"", ""17"", ""0"", ""0"", ""17"", ""4097"", ""0"", ""0"", ""0"", ""0"", ""0"", ""0"", ""0"", ""0"", ""0x00000000"", ""0"", ""17"", ""`vc1:p1=0:p2=17`"", ""0""]"
boop-docs/microbenching/docs/noc/noc-counter-probe.md,44,Run 2026-06-30T02:37:30-04:00 NoC counter probe,"[""core"", ""role"", ""window cyc"", ""cmd accepted"", ""np wr req sent"", ""np data sent"", ""p wr req sent"", ""p data sent"", ""ack recv"", ""slv req accepted"", ""slv np wr recv"", ""slv np data recv"", ""slv p wr recv"", ""slv p data recv"", ""slv ack sent"", ""out max"", ""cmd avail min"", ""selected vc p1"", ""selected vc p2"", ""nonzero flit counters"", ""cmd ovfl""]","[""`6,4`"", ""receiver"", ""14508"", ""0"", ""0"", ""0"", ""0"", ""0"", ""0"", ""17"", ""0"", ""0"", ""17"", ""4097"", ""0"", ""0"", ""0x00000000"", ""0"", ""0"", ""`-`"", ""0""]"
boop-docs/microbenching/docs/noc/noc-counter-probe.md,45,Run 2026-06-30T02:37:30-04:00 NoC counter probe,"[""core"", ""role"", ""window cyc"", ""cmd accepted"", ""np wr req sent"", ""np data sent"", ""p wr req sent"", ""p data sent"", ""ack recv"", ""slv req accepted"", ""slv np wr recv"", ""slv np data recv"", ""slv p wr recv"", ""slv p data recv"", ""slv ack sent"", ""out max"", ""cmd avail min"", ""selected vc p1"", ""selected vc p2"", ""nonzero flit counters"", ""cmd ovfl""]","[""`2,4`"", ""sampler"", ""14880"", ""0"", ""0"", ""0"", ""0"", ""0"", ""0"", ""0"", ""0"", ""0"", ""0"", ""0"", ""0"", ""0"", ""0x00000000"", ""0"", ""17"", ""`vc1:p1=0:p2=17`"", ""0""]"
boop-docs/microbenching/docs/noc/noc-counter-probe.md,46,Run 2026-06-30T02:37:30-04:00 NoC counter probe,"[""core"", ""role"", ""window cyc"", ""cmd accepted"", ""np wr req sent"", ""np data sent"", ""p wr req sent"", ""p data sent"", ""ack recv"", ""slv req accepted"", ""slv np wr recv"", ""slv np data recv"", ""slv p wr recv"", ""slv p data recv"", ""slv ack sent"", ""out max"", ""cmd avail min"", ""selected vc p1"", ""selected vc p2"", ""nonzero flit counters"", ""cmd ovfl""]","[""`3,4`"", ""sampler"", ""14880"", ""0"", ""0"", ""0"", ""0"", ""0"", ""0"", ""0"", ""0"", ""0"", ""0"", ""0"", ""0"", ""0"", ""0x00000000"", ""0"", ""17"", ""`vc1:p1=0:p2=17`"", ""0""]"
boop-docs/microbenching/docs/noc/noc-counter-probe.md,47,Run 2026-06-30T02:37:30-04:00 NoC counter probe,"[""core"", ""role"", ""window cyc"", ""cmd accepted"", ""np wr req sent"", ""np data sent"", ""p wr req sent"", ""p data sent"", ""ack recv"", ""slv req accepted"", ""slv np wr recv"", ""slv np data recv"", ""slv p wr recv"", ""slv p data recv"", ""slv ack sent"", ""out max"", ""cmd avail min"", ""selected vc p1"", ""selected vc p2"", ""nonzero flit counters"", ""cmd ovfl""]","[""`4,4`"", ""sampler"", ""14880"", ""0"", ""0"", ""0"", ""0"", ""0"", ""0"", ""0"", ""0"", ""0"", ""0"", ""0"", ""0"", ""0"", ""0x00000000"", ""0"", ""17"", ""`vc1:p1=0:p2=17`"", ""0""]"
boop-docs/microbenching/docs/noc/noc-counter-probe.md,48,Run 2026-06-30T02:37:30-04:00 NoC counter probe,"[""core"", ""role"", ""window cyc"", ""cmd accepted"", ""np wr req sent"", ""np data sent"", ""p wr req sent"", ""p data sent"", ""ack recv"", ""slv req accepted"", ""slv np wr recv"", ""slv np data recv"", ""slv p wr recv"", ""slv p data recv"", ""slv ack sent"", ""out max"", ""cmd avail min"", ""selected vc p1"", ""selected vc p2"", ""nonzero flit counters"", ""cmd ovfl""]","[""`5,4`"", ""sampler"", ""14880"", ""0"", ""0"", ""0"", ""0"", ""0"", ""0"", ""0"", ""0"", ""0"", ""0"", ""0"", ""0"", ""0"", ""0x00000000"", ""0"", ""17"", ""`vc1:p1=0:p2=17`"", ""0""]"
boop-docs/microbenching/docs/noc/noc-cross-endpoint-interference.md,34,Run 2026-06-13T17:36:38-04:00 L1 cross-NoC endpoint interference,"[""case"", ""stream A"", ""stream B"", ""A alone B/cyc (ctr)"", ""B alone B/cyc (ctr)"", ""A mixed B/cyc (ctr)"", ""B mixed B/cyc (ctr)"", ""mixed aggregate B/cyc"", ""mixed window cyc""]","[""same-l1-target"", ""NoC0 `1,4->4,4`"", ""NoC1 `10,4->4,4`"", ""56.327 (8)"", ""56.914 (8)"", ""55.026 (8)"", ""55.072 (8)"", ""109.960"", ""2384""]"
boop-docs/microbenching/docs/noc/noc-cross-endpoint-interference.md,35,Run 2026-06-13T17:36:38-04:00 L1 cross-NoC endpoint interference,"[""case"", ""stream A"", ""stream B"", ""A alone B/cyc (ctr)"", ""B alone B/cyc (ctr)"", ""A mixed B/cyc (ctr)"", ""B mixed B/cyc (ctr)"", ""mixed aggregate B/cyc"", ""mixed window cyc""]","[""same-l1-source"", ""NoC0 `4,4->7,4`"", ""NoC1 `4,4->1,4`"", ""56.521 (8)"", ""56.497 (8)"", ""55.422 (8)"", ""56.351 (8)"", ""110.843"", ""2365""]"
boop-docs/microbenching/docs/noc/noc-cross-endpoint-interference.md,36,Run 2026-06-13T17:36:38-04:00 L1 cross-NoC endpoint interference,"[""case"", ""stream A"", ""stream B"", ""A alone B/cyc (ctr)"", ""B alone B/cyc (ctr)"", ""A mixed B/cyc (ctr)"", ""B mixed B/cyc (ctr)"", ""mixed aggregate B/cyc"", ""mixed window cyc""]","[""disjoint-l1"", ""NoC0 `1,5->4,5`"", ""NoC1 `13,6->10,6`"", ""56.717 (8)"", ""56.889 (8)"", ""55.823 (8)"", ""56.399 (8)"", ""111.408"", ""2353""]"
boop-docs/microbenching/docs/noc/noc-crossing-vc-probe.md,12,Run 2026-06-30T20:34:11-04:00 NoC same-VC crossing probe,"[""case"", ""noc"", ""vc"", ""streams"", ""pairs"", ""raw routes"", ""shared router nodes"", ""shared directed links"", ""total MiB"", ""sender window cyc"", ""sender agg B/cyc"", ""receiver window cyc"", ""receiver agg B/cyc"", ""per-stream mean B/cyc"", ""per-stream min"", ""per-stream max"", ""bad sentinel rows"", ""note""]","[""cross-router-single-0"", ""0"", ""1"", ""1"", ""`7,10->11,10`"", ""`10,10->12,10`"", ""0"", ""0"", ""0.25"", ""4058"", ""64.599"", ""4379"", ""59.864"", ""59.864"", ""59.864"", ""59.864"", ""0"", ""single-stream baseline for paired case""]"
boop-docs/microbenching/docs/noc/noc-crossing-vc-probe.md,13,Run 2026-06-30T20:34:11-04:00 NoC same-VC crossing probe,"[""case"", ""noc"", ""vc"", ""streams"", ""pairs"", ""raw routes"", ""shared router nodes"", ""shared directed links"", ""total MiB"", ""sender window cyc"", ""sender agg B/cyc"", ""receiver window cyc"", ""receiver agg B/cyc"", ""per-stream mean B/cyc"", ""per-stream min"", ""per-stream max"", ""bad sentinel rows"", ""note""]","[""cross-router-single-1"", ""0"", ""1"", ""1"", ""`10,9->10,11`"", ""`11,9->11,11`"", ""0"", ""0"", ""0.25"", ""4018"", ""65.242"", ""4334"", ""60.485"", ""60.485"", ""60.485"", ""60.485"", ""0"", ""single-stream baseline for paired case""]"
boop-docs/microbenching/docs/noc/noc-crossing-vc-probe.md,14,Run 2026-06-30T20:34:11-04:00 NoC same-VC crossing probe,"[""case"", ""noc"", ""vc"", ""streams"", ""pairs"", ""raw routes"", ""shared router nodes"", ""shared directed links"", ""total MiB"", ""sender window cyc"", ""sender agg B/cyc"", ""receiver window cyc"", ""receiver agg B/cyc"", ""per-stream mean B/cyc"", ""per-stream min"", ""per-stream max"", ""bad sentinel rows"", ""note""]","[""cross-router"", ""0"", ""1"", ""2"", ""`7,10->11,10 10,9->10,11`"", ""`10,10->12,10 11,9->11,11`"", ""1"", ""0"", ""0.50"", ""4672"", ""112.219"", ""4976"", ""105.363"", ""60.605"", ""60.499"", ""60.710"", ""0"", ""paths share router node raw 11,10 but share 0 directed links; all route nodes are live Tensix raw positions""]"
boop-docs/microbenching/docs/noc/noc-crossing-vc-probe.md,15,Run 2026-06-30T20:34:11-04:00 NoC same-VC crossing probe,"[""case"", ""noc"", ""vc"", ""streams"", ""pairs"", ""raw routes"", ""shared router nodes"", ""shared directed links"", ""total MiB"", ""sender window cyc"", ""sender agg B/cyc"", ""receiver window cyc"", ""receiver agg B/cyc"", ""per-stream mean B/cyc"", ""per-stream min"", ""per-stream max"", ""bad sentinel rows"", ""note""]","[""shared-link-single-0"", ""0"", ""1"", ""1"", ""`1,2->5,10`"", ""`1,2->5,10`"", ""0"", ""0"", ""0.25"", ""4018"", ""65.242"", ""4418"", ""59.335"", ""59.335"", ""59.335"", ""59.335"", ""0"", ""single-stream baseline for paired case""]"
boop-docs/microbenching/docs/noc/noc-crossing-vc-probe.md,16,Run 2026-06-30T20:34:11-04:00 NoC same-VC crossing probe,"[""case"", ""noc"", ""vc"", ""streams"", ""pairs"", ""raw routes"", ""shared router nodes"", ""shared directed links"", ""total MiB"", ""sender window cyc"", ""sender agg B/cyc"", ""receiver window cyc"", ""receiver agg B/cyc"", ""per-stream mean B/cyc"", ""per-stream min"", ""per-stream max"", ""bad sentinel rows"", ""note""]","[""shared-link-single-1"", ""0"", ""1"", ""1"", ""`2,2->5,11`"", ""`2,2->5,11`"", ""0"", ""0"", ""0.25"", ""4026"", ""65.113"", ""4419"", ""59.322"", ""59.322"", ""59.322"", ""59.322"", ""0"", ""single-stream baseline for paired case""]"
boop-docs/microbenching/docs/noc/noc-crossing-vc-probe.md,17,Run 2026-06-30T20:34:11-04:00 NoC same-VC crossing probe,"[""case"", ""noc"", ""vc"", ""streams"", ""pairs"", ""raw routes"", ""shared router nodes"", ""shared directed links"", ""total MiB"", ""sender window cyc"", ""sender agg B/cyc"", ""receiver window cyc"", ""receiver agg B/cyc"", ""per-stream mean B/cyc"", ""per-stream min"", ""per-stream max"", ""bad sentinel rows"", ""note""]","[""shared-link"", ""0"", ""1"", ""2"", ""`1,2->5,10 2,2->5,11`"", ""`1,2->5,10 2,2->5,11`"", ""10"", ""11"", ""0.50"", ""7923"", ""66.173"", ""8578"", ""61.120"", ""31.262"", ""31.016"", ""31.508"", ""0"", ""paths share 11 directed link(s), including raw 2,2->3,2; all route nodes are live Tensix raw positions""]"
boop-docs/microbenching/docs/noc/noc-dependency-latency.md,19,Run 2026-06-13T17:34:19-04:00 NoC dependency latency,"[""mode"", ""noc"", ""source"", ""target"", ""raw noc route"", ""hops"", ""bytes"", ""iters"", ""sent-issue cyc"", ""done-issue cyc"", ""seen-issue cyc"", ""seen-done cyc"", ""sent ctr"", ""resp ctr"", ""recv polls"", ""recv final""]","[""posted_write"", ""0"", ""`1,2`"", ""`2,2`"", ""`1,2->2,2`"", ""1"", ""4"", ""4"", ""min=74 avg=75.750 med=74.500 max=80"", ""min=97 avg=98.750 med=97.500 max=103"", ""min=91 avg=97.250 med=92.000 max=114"", ""min=-6 avg=-1.500 med=-5.500 max=11"", ""4"", ""0"", ""1141"", ""0xa7000004""]"
boop-docs/microbenching/docs/noc/noc-dependency-latency.md,20,Run 2026-06-13T17:34:19-04:00 NoC dependency latency,"[""mode"", ""noc"", ""source"", ""target"", ""raw noc route"", ""hops"", ""bytes"", ""iters"", ""sent-issue cyc"", ""done-issue cyc"", ""seen-issue cyc"", ""seen-done cyc"", ""sent ctr"", ""resp ctr"", ""recv polls"", ""recv final""]","[""posted_write"", ""0"", ""`1,2`"", ""`2,2`"", ""`1,2->2,2`"", ""1"", ""64"", ""4"", ""min=74 avg=76.250 med=74.500 max=82"", ""min=97 avg=99.250 med=97.500 max=105"", ""min=87 avg=90.500 med=87.500 max=100"", ""min=-10 avg=-8.750 med=-10.000 max=-5"", ""4"", ""0"", ""1154"", ""0xa7000004""]"
boop-docs/microbenching/docs/noc/noc-dependency-latency.md,21,Run 2026-06-13T17:34:19-04:00 NoC dependency latency,"[""mode"", ""noc"", ""source"", ""target"", ""raw noc route"", ""hops"", ""bytes"", ""iters"", ""sent-issue cyc"", ""done-issue cyc"", ""seen-issue cyc"", ""seen-done cyc"", ""sent ctr"", ""resp ctr"", ""recv polls"", ""recv final""]","[""nonposted_write"", ""0"", ""`1,2`"", ""`2,2`"", ""`1,2->2,2`"", ""1"", ""4"", ""4"", ""min=74 avg=75.250 med=74.000 max=79"", ""min=248 avg=249.250 med=248.000 max=253"", ""min=91 avg=95.250 med=94.000 max=102"", ""min=-157 avg=-154.000 med=-154.000 max=-151"", ""4"", ""4"", ""1183"", ""0xa7000004""]"
boop-docs/microbenching/docs/noc/noc-dependency-latency.md,22,Run 2026-06-13T17:34:19-04:00 NoC dependency latency,"[""mode"", ""noc"", ""source"", ""target"", ""raw noc route"", ""hops"", ""bytes"", ""iters"", ""sent-issue cyc"", ""done-issue cyc"", ""seen-issue cyc"", ""seen-done cyc"", ""sent ctr"", ""resp ctr"", ""recv polls"", ""recv final""]","[""nonposted_write"", ""0"", ""`1,2`"", ""`2,2`"", ""`1,2->2,2`"", ""1"", ""64"", ""4"", ""min=74 avg=74.750 med=74.000 max=77"", ""min=248 avg=248.750 med=248.000 max=251"", ""min=87 avg=92.250 med=93.000 max=96"", ""min=-161 avg=-156.500 med=-156.500 max=-152"", ""4"", ""4"", ""1193"", ""0xa7000004""]"
boop-docs/microbenching/docs/noc/noc-dependency-latency.md,23,Run 2026-06-13T17:34:19-04:00 NoC dependency latency,"[""mode"", ""noc"", ""source"", ""target"", ""raw noc route"", ""hops"", ""bytes"", ""iters"", ""sent-issue cyc"", ""done-issue cyc"", ""seen-issue cyc"", ""seen-done cyc"", ""sent ctr"", ""resp ctr"", ""recv polls"", ""recv final""]","[""read_flush"", ""0"", ""`1,2`"", ""`2,2`"", ""`1,2->2,2`"", ""1"", ""4"", ""4"", ""n/a"", ""min=248 avg=248.000 med=248.000 max=248"", ""n/a"", ""n/a"", ""0"", ""4"", ""0"", ""0x00000000""]"
boop-docs/microbenching/docs/noc/noc-dependency-latency.md,24,Run 2026-06-13T17:34:19-04:00 NoC dependency latency,"[""mode"", ""noc"", ""source"", ""target"", ""raw noc route"", ""hops"", ""bytes"", ""iters"", ""sent-issue cyc"", ""done-issue cyc"", ""seen-issue cyc"", ""seen-done cyc"", ""sent ctr"", ""resp ctr"", ""recv polls"", ""recv final""]","[""read_flush"", ""0"", ""`1,2`"", ""`2,2`"", ""`1,2->2,2`"", ""1"", ""64"", ""4"", ""n/a"", ""min=240 avg=240.000 med=240.000 max=240"", ""n/a"", ""n/a"", ""0"", ""4"", ""0"", ""0x00000000""]"
boop-docs/microbenching/docs/noc/noc-dependency-latency.md,25,Run 2026-06-13T17:34:19-04:00 NoC dependency latency,"[""mode"", ""noc"", ""source"", ""target"", ""raw noc route"", ""hops"", ""bytes"", ""iters"", ""sent-issue cyc"", ""done-issue cyc"", ""seen-issue cyc"", ""seen-done cyc"", ""sent ctr"", ""resp ctr"", ""recv polls"", ""recv final""]","[""atomic_inc"", ""0"", ""`1,2`"", ""`2,2`"", ""`1,2->2,2`"", ""1"", ""4"", ""4"", ""n/a"", ""min=250 avg=250.000 med=250.000 max=250"", ""min=81 avg=82.250 med=81.500 max=85"", ""min=-169 avg=-167.750 med=-168.500 max=-165"", ""0"", ""4"", ""1181"", ""0x00000004""]"
boop-docs/microbenching/docs/noc/noc-directional-vc-stress.md,13,Run 2026-06-30T19:50:44-04:00 NoC directional VC stress,"[""case"", ""mode"", ""vcs"", ""noc"", ""row"", ""cut"", ""streams"", ""pairs"", ""total MiB"", ""sender window cyc"", ""sender agg B/cyc"", ""receiver window cyc"", ""receiver agg B/cyc"", ""per-stream mean B/cyc"", ""per-stream min"", ""per-stream max"", ""bad ack rows"", ""bad sentinel rows""]","[""vc1"", ""posted"", ""`1,1,1,1,1,1`"", ""0"", ""4"", ""`6,4->7,4`"", ""6"", ""`1,4->7,4 2,4->10,4 3,4->11,4 4,4->12,4 5,4->13,4 6,4->14,4`"", ""1.50"", ""24678"", ""63.735"", ""25304"", ""62.159"", ""17.611"", ""10.687"", ""33.225"", ""0"", ""0""]"
boop-docs/microbenching/docs/noc/noc-directional-vc-stress.md,14,Run 2026-06-30T19:50:44-04:00 NoC directional VC stress,"[""case"", ""mode"", ""vcs"", ""noc"", ""row"", ""cut"", ""streams"", ""pairs"", ""total MiB"", ""sender window cyc"", ""sender agg B/cyc"", ""receiver window cyc"", ""receiver agg B/cyc"", ""per-stream mean B/cyc"", ""per-stream min"", ""per-stream max"", ""bad ack rows"", ""bad sentinel rows""]","[""split14"", ""posted"", ""`1,4,1,4,1,4`"", ""0"", ""4"", ""`6,4->7,4`"", ""6"", ""`1,4->7,4 2,4->10,4 3,4->11,4 4,4->12,4 5,4->13,4 6,4->14,4`"", ""1.50"", ""23646"", ""66.517"", ""24818"", ""63.376"", ""13.338"", ""11.090"", ""17.555"", ""0"", ""0""]"
boop-docs/microbenching/docs/noc/noc-directional-vc-stress.md,15,Run 2026-06-30T19:50:44-04:00 NoC directional VC stress,"[""case"", ""mode"", ""vcs"", ""noc"", ""row"", ""cut"", ""streams"", ""pairs"", ""total MiB"", ""sender window cyc"", ""sender agg B/cyc"", ""receiver window cyc"", ""receiver agg B/cyc"", ""per-stream mean B/cyc"", ""per-stream min"", ""per-stream max"", ""bad ack rows"", ""bad sentinel rows""]","[""split15"", ""posted"", ""`1,5,1,5,1,5`"", ""0"", ""4"", ""`6,4->7,4`"", ""6"", ""`1,4->7,4 2,4->10,4 3,4->11,4 4,4->12,4 5,4->13,4 6,4->14,4`"", ""1.50"", ""23673"", ""66.441"", ""24838"", ""63.325"", ""13.246"", ""11.087"", ""17.517"", ""0"", ""0""]"
boop-docs/microbenching/docs/noc/noc-directional-vc-stress.md,16,Run 2026-06-30T19:50:44-04:00 NoC directional VC stress,"[""case"", ""mode"", ""vcs"", ""noc"", ""row"", ""cut"", ""streams"", ""pairs"", ""total MiB"", ""sender window cyc"", ""sender agg B/cyc"", ""receiver window cyc"", ""receiver agg B/cyc"", ""per-stream mean B/cyc"", ""per-stream min"", ""per-stream max"", ""bad ack rows"", ""bad sentinel rows""]","[""rr"", ""posted"", ""`0,1,2,3,4,5`"", ""0"", ""4"", ""`6,4->7,4`"", ""6"", ""`1,4->7,4 2,4->10,4 3,4->11,4 4,4->12,4 5,4->13,4 6,4->14,4`"", ""1.50"", ""23320"", ""67.447"", ""24833"", ""63.338"", ""15.034"", ""11.268"", ""33.712"", ""0"", ""0""]"
boop-docs/microbenching/docs/noc/noc-directional-vc-stress.md,17,Run 2026-06-30T19:50:44-04:00 NoC directional VC stress,"[""case"", ""mode"", ""vcs"", ""noc"", ""row"", ""cut"", ""streams"", ""pairs"", ""total MiB"", ""sender window cyc"", ""sender agg B/cyc"", ""receiver window cyc"", ""receiver agg B/cyc"", ""per-stream mean B/cyc"", ""per-stream min"", ""per-stream max"", ""bad ack rows"", ""bad sentinel rows""]","[""default"", ""posted"", ""`default`"", ""0"", ""4"", ""`6,4->7,4`"", ""6"", ""`1,4->7,4 2,4->10,4 3,4->11,4 4,4->12,4 5,4->13,4 6,4->14,4`"", ""1.50"", ""24688"", ""63.710"", ""25297"", ""62.176"", ""17.490"", ""10.686"", ""33.045"", ""0"", ""0""]"
boop-docs/microbenching/docs/noc/noc-directional-vc-stress.md,30,Run 2026-06-30T20:00:38-04:00 NoC directional VC stress,"[""case"", ""mode"", ""vcs"", ""noc"", ""row"", ""cut"", ""streams"", ""pairs"", ""total MiB"", ""sender window cyc"", ""sender agg B/cyc"", ""receiver window cyc"", ""receiver agg B/cyc"", ""per-stream mean B/cyc"", ""per-stream min"", ""per-stream max"", ""bad ack rows"", ""bad sentinel rows""]","[""vc1"", ""posted"", ""`1,1,1,1,1,1`"", ""0"", ""4"", ""`6,4->7,4`"", ""6"", ""`1,4->7,4 2,4->10,4 3,4->11,4 4,4->12,4 5,4->13,4 6,4->14,4`"", ""1.50"", ""24727"", ""63.609"", ""25352"", ""62.041"", ""17.746"", ""10.659"", ""34.160"", ""0"", ""0""]"
boop-docs/microbenching/docs/noc/noc-directional-vc-stress.md,31,Run 2026-06-30T20:00:38-04:00 NoC directional VC stress,"[""case"", ""mode"", ""vcs"", ""noc"", ""row"", ""cut"", ""streams"", ""pairs"", ""total MiB"", ""sender window cyc"", ""sender agg B/cyc"", ""receiver window cyc"", ""receiver agg B/cyc"", ""per-stream mean B/cyc"", ""per-stream min"", ""per-stream max"", ""bad ack rows"", ""bad sentinel rows""]","[""split14"", ""posted"", ""`1,4,1,4,1,4`"", ""0"", ""4"", ""`6,4->7,4`"", ""6"", ""`1,4->7,4 2,4->10,4 3,4->11,4 4,4->12,4 5,4->13,4 6,4->14,4`"", ""1.50"", ""23614"", ""66.607"", ""24802"", ""63.417"", ""13.338"", ""11.102"", ""17.555"", ""0"", ""0""]"
boop-docs/microbenching/docs/noc/noc-directional-vc-stress.md,32,Run 2026-06-30T20:00:38-04:00 NoC directional VC stress,"[""case"", ""mode"", ""vcs"", ""noc"", ""row"", ""cut"", ""streams"", ""pairs"", ""total MiB"", ""sender window cyc"", ""sender agg B/cyc"", ""receiver window cyc"", ""receiver agg B/cyc"", ""per-stream mean B/cyc"", ""per-stream min"", ""per-stream max"", ""bad ack rows"", ""bad sentinel rows""]","[""split15"", ""posted"", ""`1,5,1,5,1,5`"", ""0"", ""4"", ""`6,4->7,4`"", ""6"", ""`1,4->7,4 2,4->10,4 3,4->11,4 4,4->12,4 5,4->13,4 6,4->14,4`"", ""1.50"", ""23662"", ""66.472"", ""24832"", ""63.340"", ""13.337"", ""11.087"", ""17.555"", ""0"", ""0""]"
boop-docs/microbenching/docs/noc/noc-directional-vc-stress.md,33,Run 2026-06-30T20:00:38-04:00 NoC directional VC stress,"[""case"", ""mode"", ""vcs"", ""noc"", ""row"", ""cut"", ""streams"", ""pairs"", ""total MiB"", ""sender window cyc"", ""sender agg B/cyc"", ""receiver window cyc"", ""receiver agg B/cyc"", ""per-stream mean B/cyc"", ""per-stream min"", ""per-stream max"", ""bad ack rows"", ""bad sentinel rows""]","[""rr"", ""posted"", ""`0,1,2,3,4,5`"", ""0"", ""4"", ""`6,4->7,4`"", ""6"", ""`1,4->7,4 2,4->10,4 3,4->11,4 4,4->12,4 5,4->13,4 6,4->14,4`"", ""1.50"", ""23294"", ""67.522"", ""24824"", ""63.361"", ""15.035"", ""11.266"", ""33.725"", ""0"", ""0""]"
boop-docs/microbenching/docs/noc/noc-directional-vc-stress.md,34,Run 2026-06-30T20:00:38-04:00 NoC directional VC stress,"[""case"", ""mode"", ""vcs"", ""noc"", ""row"", ""cut"", ""streams"", ""pairs"", ""total MiB"", ""sender window cyc"", ""sender agg B/cyc"", ""receiver window cyc"", ""receiver agg B/cyc"", ""per-stream mean B/cyc"", ""per-stream min"", ""per-stream max"", ""bad ack rows"", ""bad sentinel rows""]","[""default"", ""posted"", ""`default`"", ""0"", ""4"", ""`6,4->7,4`"", ""6"", ""`1,4->7,4 2,4->10,4 3,4->11,4 4,4->12,4 5,4->13,4 6,4->14,4`"", ""1.50"", ""24727"", ""63.609"", ""25341"", ""62.068"", ""17.556"", ""10.658"", ""33.078"", ""0"", ""0""]"
boop-docs/microbenching/docs/noc/noc-directional-vc-stress.md,47,Run 2026-06-30T20:00:38-04:00 NoC directional VC stress,"[""case"", ""mode"", ""vcs"", ""noc"", ""row"", ""cut"", ""streams"", ""pairs"", ""total MiB"", ""sender window cyc"", ""sender agg B/cyc"", ""receiver window cyc"", ""receiver agg B/cyc"", ""per-stream mean B/cyc"", ""per-stream min"", ""per-stream max"", ""bad ack rows"", ""bad sentinel rows""]","[""vc1"", ""posted"", ""`1,1,1,1,1,1`"", ""0"", ""4"", ""`6,4->7,4`"", ""6"", ""`1,4->7,4 2,4->10,4 3,4->11,4 4,4->12,4 5,4->13,4 6,4->14,4`"", ""1.50"", ""24692"", ""63.699"", ""25290"", ""62.193"", ""17.598"", ""10.675"", ""33.174"", ""0"", ""0""]"
boop-docs/microbenching/docs/noc/noc-directional-vc-stress.md,48,Run 2026-06-30T20:00:38-04:00 NoC directional VC stress,"[""case"", ""mode"", ""vcs"", ""noc"", ""row"", ""cut"", ""streams"", ""pairs"", ""total MiB"", ""sender window cyc"", ""sender agg B/cyc"", ""receiver window cyc"", ""receiver agg B/cyc"", ""per-stream mean B/cyc"", ""per-stream min"", ""per-stream max"", ""bad ack rows"", ""bad sentinel rows""]","[""split14"", ""posted"", ""`1,4,1,4,1,4`"", ""0"", ""4"", ""`6,4->7,4`"", ""6"", ""`1,4->7,4 2,4->10,4 3,4->11,4 4,4->12,4 5,4->13,4 6,4->14,4`"", ""1.50"", ""23649"", ""66.509"", ""24830"", ""63.345"", ""13.245"", ""11.090"", ""17.555"", ""0"", ""0""]"
boop-docs/microbenching/docs/noc/noc-directional-vc-stress.md,49,Run 2026-06-30T20:00:38-04:00 NoC directional VC stress,"[""case"", ""mode"", ""vcs"", ""noc"", ""row"", ""cut"", ""streams"", ""pairs"", ""total MiB"", ""sender window cyc"", ""sender agg B/cyc"", ""receiver window cyc"", ""receiver agg B/cyc"", ""per-stream mean B/cyc"", ""per-stream min"", ""per-stream max"", ""bad ack rows"", ""bad sentinel rows""]","[""split15"", ""posted"", ""`1,5,1,5,1,5`"", ""0"", ""4"", ""`6,4->7,4`"", ""6"", ""`1,4->7,4 2,4->10,4 3,4->11,4 4,4->12,4 5,4->13,4 6,4->14,4`"", ""1.50"", ""23614"", ""66.607"", ""24804"", ""63.412"", ""13.140"", ""11.102"", ""16.964"", ""0"", ""0""]"
boop-docs/microbenching/docs/noc/noc-directional-vc-stress.md,50,Run 2026-06-30T20:00:38-04:00 NoC directional VC stress,"[""case"", ""mode"", ""vcs"", ""noc"", ""row"", ""cut"", ""streams"", ""pairs"", ""total MiB"", ""sender window cyc"", ""sender agg B/cyc"", ""receiver window cyc"", ""receiver agg B/cyc"", ""per-stream mean B/cyc"", ""per-stream min"", ""per-stream max"", ""bad ack rows"", ""bad sentinel rows""]","[""rr"", ""posted"", ""`0,1,2,3,4,5`"", ""0"", ""4"", ""`6,4->7,4`"", ""6"", ""`1,4->7,4 2,4->10,4 3,4->11,4 4,4->12,4 5,4->13,4 6,4->14,4`"", ""1.50"", ""23292"", ""67.528"", ""24798"", ""63.427"", ""15.036"", ""11.274"", ""33.725"", ""0"", ""0""]"
boop-docs/microbenching/docs/noc/noc-directional-vc-stress.md,51,Run 2026-06-30T20:00:38-04:00 NoC directional VC stress,"[""case"", ""mode"", ""vcs"", ""noc"", ""row"", ""cut"", ""streams"", ""pairs"", ""total MiB"", ""sender window cyc"", ""sender agg B/cyc"", ""receiver window cyc"", ""receiver agg B/cyc"", ""per-stream mean B/cyc"", ""per-stream min"", ""per-stream max"", ""bad ack rows"", ""bad sentinel rows""]","[""default"", ""posted"", ""`default`"", ""0"", ""4"", ""`6,4->7,4`"", ""6"", ""`1,4->7,4 2,4->10,4 3,4->11,4 4,4->12,4 5,4->13,4 6,4->14,4`"", ""1.50"", ""24741"", ""63.573"", ""25345"", ""62.058"", ""17.496"", ""10.664"", ""33.011"", ""0"", ""0""]"
boop-docs/microbenching/docs/noc/noc-directional-vc-stress.md,64,Run 2026-06-30T20:00:39-04:00 NoC directional VC stress,"[""case"", ""mode"", ""vcs"", ""noc"", ""row"", ""cut"", ""streams"", ""pairs"", ""total MiB"", ""sender window cyc"", ""sender agg B/cyc"", ""receiver window cyc"", ""receiver agg B/cyc"", ""per-stream mean B/cyc"", ""per-stream min"", ""per-stream max"", ""bad ack rows"", ""bad sentinel rows""]","[""vc1"", ""posted"", ""`1,1,1,1,1,1`"", ""0"", ""4"", ""`6,4->7,4`"", ""6"", ""`1,4->7,4 2,4->10,4 3,4->11,4 4,4->12,4 5,4->13,4 6,4->14,4`"", ""1.50"", ""24714"", ""63.643"", ""25323"", ""62.112"", ""17.584"", ""10.668"", ""33.212"", ""0"", ""0""]"
boop-docs/microbenching/docs/noc/noc-directional-vc-stress.md,65,Run 2026-06-30T20:00:39-04:00 NoC directional VC stress,"[""case"", ""mode"", ""vcs"", ""noc"", ""row"", ""cut"", ""streams"", ""pairs"", ""total MiB"", ""sender window cyc"", ""sender agg B/cyc"", ""receiver window cyc"", ""receiver agg B/cyc"", ""per-stream mean B/cyc"", ""per-stream min"", ""per-stream max"", ""bad ack rows"", ""bad sentinel rows""]","[""split14"", ""posted"", ""`1,4,1,4,1,4`"", ""0"", ""4"", ""`6,4->7,4`"", ""6"", ""`1,4->7,4 2,4->10,4 3,4->11,4 4,4->12,4 5,4->13,4 6,4->14,4`"", ""1.50"", ""23662"", ""66.472"", ""24844"", ""63.310"", ""13.240"", ""11.087"", ""17.517"", ""0"", ""0""]"
boop-docs/microbenching/docs/noc/noc-directional-vc-stress.md,66,Run 2026-06-30T20:00:39-04:00 NoC directional VC stress,"[""case"", ""mode"", ""vcs"", ""noc"", ""row"", ""cut"", ""streams"", ""pairs"", ""total MiB"", ""sender window cyc"", ""sender agg B/cyc"", ""receiver window cyc"", ""receiver agg B/cyc"", ""per-stream mean B/cyc"", ""per-stream min"", ""per-stream max"", ""bad ack rows"", ""bad sentinel rows""]","[""split15"", ""posted"", ""`1,5,1,5,1,5`"", ""0"", ""4"", ""`6,4->7,4`"", ""6"", ""`1,4->7,4 2,4->10,4 3,4->11,4 4,4->12,4 5,4->13,4 6,4->14,4`"", ""1.50"", ""23647"", ""66.514"", ""24823"", ""63.363"", ""13.338"", ""11.090"", ""17.555"", ""0"", ""0""]"
boop-docs/microbenching/docs/noc/noc-directional-vc-stress.md,67,Run 2026-06-30T20:00:39-04:00 NoC directional VC stress,"[""case"", ""mode"", ""vcs"", ""noc"", ""row"", ""cut"", ""streams"", ""pairs"", ""total MiB"", ""sender window cyc"", ""sender agg B/cyc"", ""receiver window cyc"", ""receiver agg B/cyc"", ""per-stream mean B/cyc"", ""per-stream min"", ""per-stream max"", ""bad ack rows"", ""bad sentinel rows""]","[""rr"", ""posted"", ""`0,1,2,3,4,5`"", ""0"", ""4"", ""`6,4->7,4`"", ""6"", ""`1,4->7,4 2,4->10,4 3,4->11,4 4,4->12,4 5,4->13,4 6,4->14,4`"", ""1.50"", ""23321"", ""67.444"", ""24820"", ""63.371"", ""15.037"", ""11.270"", ""33.725"", ""0"", ""0""]"
boop-docs/microbenching/docs/noc/noc-directional-vc-stress.md,68,Run 2026-06-30T20:00:39-04:00 NoC directional VC stress,"[""case"", ""mode"", ""vcs"", ""noc"", ""row"", ""cut"", ""streams"", ""pairs"", ""total MiB"", ""sender window cyc"", ""sender agg B/cyc"", ""receiver window cyc"", ""receiver agg B/cyc"", ""per-stream mean B/cyc"", ""per-stream min"", ""per-stream max"", ""bad ack rows"", ""bad sentinel rows""]","[""default"", ""posted"", ""`default`"", ""0"", ""4"", ""`6,4->7,4`"", ""6"", ""`1,4->7,4 2,4->10,4 3,4->11,4 4,4->12,4 5,4->13,4 6,4->14,4`"", ""1.50"", ""24691"", ""63.702"", ""25300"", ""62.169"", ""17.718"", ""10.679"", ""34.218"", ""0"", ""0""]"
boop-docs/microbenching/docs/noc/noc-directional-vc-stress.md,81,Run 2026-06-30T20:01:14-04:00 NoC directional VC stress,"[""case"", ""mode"", ""vcs"", ""noc"", ""row"", ""cut"", ""streams"", ""pairs"", ""total MiB"", ""sender window cyc"", ""sender agg B/cyc"", ""receiver window cyc"", ""receiver agg B/cyc"", ""per-stream mean B/cyc"", ""per-stream min"", ""per-stream max"", ""bad ack rows"", ""bad sentinel rows""]","[""vc1"", ""posted"", ""`1,1`"", ""0"", ""4"", ""`6,4->7,4`"", ""2"", ""`5,4->13,4 6,4->14,4`"", ""0.50"", ""7930"", ""66.115"", ""8576"", ""61.134"", ""33.591"", ""33.057"", ""34.124"", ""0"", ""0""]"
boop-docs/microbenching/docs/noc/noc-directional-vc-stress.md,82,Run 2026-06-30T20:01:14-04:00 NoC directional VC stress,"[""case"", ""mode"", ""vcs"", ""noc"", ""row"", ""cut"", ""streams"", ""pairs"", ""total MiB"", ""sender window cyc"", ""sender agg B/cyc"", ""receiver window cyc"", ""receiver agg B/cyc"", ""per-stream mean B/cyc"", ""per-stream min"", ""per-stream max"", ""bad ack rows"", ""bad sentinel rows""]","[""split14"", ""posted"", ""`1,4`"", ""0"", ""4"", ""`6,4->7,4`"", ""2"", ""`5,4->13,4 6,4->14,4`"", ""0.50"", ""7774"", ""67.441"", ""8412"", ""62.326"", ""33.810"", ""33.755"", ""33.864"", ""0"", ""0""]"
boop-docs/microbenching/docs/noc/noc-directional-vc-stress.md,83,Run 2026-06-30T20:01:14-04:00 NoC directional VC stress,"[""case"", ""mode"", ""vcs"", ""noc"", ""row"", ""cut"", ""streams"", ""pairs"", ""total MiB"", ""sender window cyc"", ""sender agg B/cyc"", ""receiver window cyc"", ""receiver agg B/cyc"", ""per-stream mean B/cyc"", ""per-stream min"", ""per-stream max"", ""bad ack rows"", ""bad sentinel rows""]","[""split15"", ""posted"", ""`1,5`"", ""0"", ""4"", ""`6,4->7,4`"", ""2"", ""`5,4->13,4 6,4->14,4`"", ""0.50"", ""7787"", ""67.329"", ""8419"", ""62.274"", ""33.795"", ""33.725"", ""33.864"", ""0"", ""0""]"
boop-docs/microbenching/docs/noc/noc-directional-vc-stress.md,84,Run 2026-06-30T20:01:14-04:00 NoC directional VC stress,"[""case"", ""mode"", ""vcs"", ""noc"", ""row"", ""cut"", ""streams"", ""pairs"", ""total MiB"", ""sender window cyc"", ""sender agg B/cyc"", ""receiver window cyc"", ""receiver agg B/cyc"", ""per-stream mean B/cyc"", ""per-stream min"", ""per-stream max"", ""bad ack rows"", ""bad sentinel rows""]","[""rr"", ""posted"", ""`0,1`"", ""0"", ""4"", ""`6,4->7,4`"", ""2"", ""`5,4->13,4 6,4->14,4`"", ""0.50"", ""7757"", ""67.589"", ""8389"", ""62.497"", ""33.838"", ""33.795"", ""33.882"", ""0"", ""0""]"
boop-docs/microbenching/docs/noc/noc-directional-vc-stress.md,85,Run 2026-06-30T20:01:14-04:00 NoC directional VC stress,"[""case"", ""mode"", ""vcs"", ""noc"", ""row"", ""cut"", ""streams"", ""pairs"", ""total MiB"", ""sender window cyc"", ""sender agg B/cyc"", ""receiver window cyc"", ""receiver agg B/cyc"", ""per-stream mean B/cyc"", ""per-stream min"", ""per-stream max"", ""bad ack rows"", ""bad sentinel rows""]","[""default"", ""posted"", ""`default`"", ""0"", ""4"", ""`6,4->7,4`"", ""2"", ""`5,4->13,4 6,4->14,4`"", ""0.50"", ""7946"", ""65.981"", ""8589"", ""61.042"", ""33.616"", ""33.045"", ""34.187"", ""0"", ""0""]"
boop-docs/microbenching/docs/noc/noc-directional-vc-stress.md,86,Run 2026-06-30T20:01:14-04:00 NoC directional VC stress,"[""case"", ""mode"", ""vcs"", ""noc"", ""row"", ""cut"", ""streams"", ""pairs"", ""total MiB"", ""sender window cyc"", ""sender agg B/cyc"", ""receiver window cyc"", ""receiver agg B/cyc"", ""per-stream mean B/cyc"", ""per-stream min"", ""per-stream max"", ""bad ack rows"", ""bad sentinel rows""]","[""vc1"", ""posted"", ""`1,1,1`"", ""0"", ""4"", ""`6,4->7,4`"", ""3"", ""`4,4->12,4 5,4->13,4 6,4->14,4`"", ""0.75"", ""12135"", ""64.807"", ""12771"", ""61.580"", ""25.593"", ""21.710"", ""33.011"", ""0"", ""0""]"
boop-docs/microbenching/docs/noc/noc-directional-vc-stress.md,87,Run 2026-06-30T20:01:14-04:00 NoC directional VC stress,"[""case"", ""mode"", ""vcs"", ""noc"", ""row"", ""cut"", ""streams"", ""pairs"", ""total MiB"", ""sender window cyc"", ""sender agg B/cyc"", ""receiver window cyc"", ""receiver agg B/cyc"", ""per-stream mean B/cyc"", ""per-stream min"", ""per-stream max"", ""bad ack rows"", ""bad sentinel rows""]","[""split14"", ""posted"", ""`1,4,1`"", ""0"", ""4"", ""`6,4->7,4`"", ""3"", ""`4,4->12,4 5,4->13,4 6,4->14,4`"", ""0.75"", ""11949"", ""65.816"", ""12576"", ""62.534"", ""26.069"", ""21.939"", ""33.864"", ""0"", ""0""]"
boop-docs/microbenching/docs/noc/noc-directional-vc-stress.md,88,Run 2026-06-30T20:01:14-04:00 NoC directional VC stress,"[""case"", ""mode"", ""vcs"", ""noc"", ""row"", ""cut"", ""streams"", ""pairs"", ""total MiB"", ""sender window cyc"", ""sender agg B/cyc"", ""receiver window cyc"", ""receiver agg B/cyc"", ""per-stream mean B/cyc"", ""per-stream min"", ""per-stream max"", ""bad ack rows"", ""bad sentinel rows""]","[""split15"", ""posted"", ""`1,5,1`"", ""0"", ""4"", ""`6,4->7,4`"", ""3"", ""`4,4->12,4 5,4->13,4 6,4->14,4`"", ""0.75"", ""11975"", ""65.673"", ""12629"", ""62.272"", ""26.091"", ""21.939"", ""33.899"", ""0"", ""0""]"
boop-docs/microbenching/docs/noc/noc-directional-vc-stress.md,89,Run 2026-06-30T20:01:14-04:00 NoC directional VC stress,"[""case"", ""mode"", ""vcs"", ""noc"", ""row"", ""cut"", ""streams"", ""pairs"", ""total MiB"", ""sender window cyc"", ""sender agg B/cyc"", ""receiver window cyc"", ""receiver agg B/cyc"", ""per-stream mean B/cyc"", ""per-stream min"", ""per-stream max"", ""bad ack rows"", ""bad sentinel rows""]","[""rr"", ""posted"", ""`0,1,2`"", ""0"", ""4"", ""`6,4->7,4`"", ""3"", ""`4,4->12,4 5,4->13,4 6,4->14,4`"", ""0.75"", ""11869"", ""66.259"", ""12518"", ""62.824"", ""26.003"", ""22.116"", ""33.725"", ""0"", ""0""]"
boop-docs/microbenching/docs/noc/noc-directional-vc-stress.md,90,Run 2026-06-30T20:01:14-04:00 NoC directional VC stress,"[""case"", ""mode"", ""vcs"", ""noc"", ""row"", ""cut"", ""streams"", ""pairs"", ""total MiB"", ""sender window cyc"", ""sender agg B/cyc"", ""receiver window cyc"", ""receiver agg B/cyc"", ""per-stream mean B/cyc"", ""per-stream min"", ""per-stream max"", ""bad ack rows"", ""bad sentinel rows""]","[""default"", ""posted"", ""`default`"", ""0"", ""4"", ""`6,4->7,4`"", ""3"", ""`4,4->12,4 5,4->13,4 6,4->14,4`"", ""0.75"", ""12159"", ""64.679"", ""12799"", ""61.445"", ""25.549"", ""21.577"", ""33.011"", ""0"", ""0""]"
boop-docs/microbenching/docs/noc/noc-directional-vc-stress.md,91,Run 2026-06-30T20:01:14-04:00 NoC directional VC stress,"[""case"", ""mode"", ""vcs"", ""noc"", ""row"", ""cut"", ""streams"", ""pairs"", ""total MiB"", ""sender window cyc"", ""sender agg B/cyc"", ""receiver window cyc"", ""receiver agg B/cyc"", ""per-stream mean B/cyc"", ""per-stream min"", ""per-stream max"", ""bad ack rows"", ""bad sentinel rows""]","[""vc1"", ""posted"", ""`1,1,1,1`"", ""0"", ""4"", ""`6,4->7,4`"", ""4"", ""`3,4->11,4 4,4->12,4 5,4->13,4 6,4->14,4`"", ""1.00"", ""16339"", ""64.176"", ""16976"", ""61.768"", ""21.770"", ""16.132"", ""33.045"", ""0"", ""0""]"
boop-docs/microbenching/docs/noc/noc-directional-vc-stress.md,92,Run 2026-06-30T20:01:14-04:00 NoC directional VC stress,"[""case"", ""mode"", ""vcs"", ""noc"", ""row"", ""cut"", ""streams"", ""pairs"", ""total MiB"", ""sender window cyc"", ""sender agg B/cyc"", ""receiver window cyc"", ""receiver agg B/cyc"", ""per-stream mean B/cyc"", ""per-stream min"", ""per-stream max"", ""bad ack rows"", ""bad sentinel rows""]","[""split14"", ""posted"", ""`1,4,1,4`"", ""0"", ""4"", ""`6,4->7,4`"", ""4"", ""`3,4->11,4 4,4->12,4 5,4->13,4 6,4->14,4`"", ""1.00"", ""15450"", ""67.869"", ""16617"", ""63.103"", ""17.272"", ""16.990"", ""17.564"", ""0"", ""0""]"
boop-docs/microbenching/docs/noc/noc-directional-vc-stress.md,93,Run 2026-06-30T20:01:14-04:00 NoC directional VC stress,"[""case"", ""mode"", ""vcs"", ""noc"", ""row"", ""cut"", ""streams"", ""pairs"", ""total MiB"", ""sender window cyc"", ""sender agg B/cyc"", ""receiver window cyc"", ""receiver agg B/cyc"", ""per-stream mean B/cyc"", ""per-stream min"", ""per-stream max"", ""bad ack rows"", ""bad sentinel rows""]","[""split15"", ""posted"", ""`1,5,1,5`"", ""0"", ""4"", ""`6,4->7,4`"", ""4"", ""`3,4->11,4 4,4->12,4 5,4->13,4 6,4->14,4`"", ""1.00"", ""15422"", ""67.992"", ""16594"", ""63.190"", ""17.277"", ""16.999"", ""17.555"", ""0"", ""0""]"
boop-docs/microbenching/docs/noc/noc-directional-vc-stress.md,94,Run 2026-06-30T20:01:14-04:00 NoC directional VC stress,"[""case"", ""mode"", ""vcs"", ""noc"", ""row"", ""cut"", ""streams"", ""pairs"", ""total MiB"", ""sender window cyc"", ""sender agg B/cyc"", ""receiver window cyc"", ""receiver agg B/cyc"", ""per-stream mean B/cyc"", ""per-stream min"", ""per-stream max"", ""bad ack rows"", ""bad sentinel rows""]","[""rr"", ""posted"", ""`0,1,2,3`"", ""0"", ""4"", ""`6,4->7,4`"", ""4"", ""`3,4->11,4 4,4->12,4 5,4->13,4 6,4->14,4`"", ""1.00"", ""15659"", ""66.963"", ""16615"", ""63.110"", ""21.016"", ""16.747"", ""33.725"", ""0"", ""0""]"
boop-docs/microbenching/docs/noc/noc-directional-vc-stress.md,95,Run 2026-06-30T20:01:14-04:00 NoC directional VC stress,"[""case"", ""mode"", ""vcs"", ""noc"", ""row"", ""cut"", ""streams"", ""pairs"", ""total MiB"", ""sender window cyc"", ""sender agg B/cyc"", ""receiver window cyc"", ""receiver agg B/cyc"", ""per-stream mean B/cyc"", ""per-stream min"", ""per-stream max"", ""bad ack rows"", ""bad sentinel rows""]","[""default"", ""posted"", ""`default`"", ""0"", ""4"", ""`6,4->7,4`"", ""4"", ""`3,4->11,4 4,4->12,4 5,4->13,4 6,4->14,4`"", ""1.00"", ""16323"", ""64.239"", ""16941"", ""61.896"", ""21.796"", ""16.074"", ""33.145"", ""0"", ""0""]"
boop-docs/microbenching/docs/noc/noc-directional-vc-stress.md,96,Run 2026-06-30T20:01:14-04:00 NoC directional VC stress,"[""case"", ""mode"", ""vcs"", ""noc"", ""row"", ""cut"", ""streams"", ""pairs"", ""total MiB"", ""sender window cyc"", ""sender agg B/cyc"", ""receiver window cyc"", ""receiver agg B/cyc"", ""per-stream mean B/cyc"", ""per-stream min"", ""per-stream max"", ""bad ack rows"", ""bad sentinel rows""]","[""vc1"", ""posted"", ""`1,1,1,1,1`"", ""0"", ""4"", ""`6,4->7,4`"", ""5"", ""`2,4->10,4 3,4->11,4 4,4->12,4 5,4->13,4 6,4->14,4`"", ""1.25"", ""20541"", ""63.810"", ""21168"", ""61.920"", ""19.610"", ""12.809"", ""34.182"", ""0"", ""0""]"
boop-docs/microbenching/docs/noc/noc-directional-vc-stress.md,97,Run 2026-06-30T20:01:14-04:00 NoC directional VC stress,"[""case"", ""mode"", ""vcs"", ""noc"", ""row"", ""cut"", ""streams"", ""pairs"", ""total MiB"", ""sender window cyc"", ""sender agg B/cyc"", ""receiver window cyc"", ""receiver agg B/cyc"", ""per-stream mean B/cyc"", ""per-stream min"", ""per-stream max"", ""bad ack rows"", ""bad sentinel rows""]","[""split14"", ""posted"", ""`1,4,1,4,1`"", ""0"", ""4"", ""`6,4->7,4`"", ""5"", ""`2,4->10,4 3,4->11,4 4,4->12,4 5,4->13,4 6,4->14,4`"", ""1.25"", ""20181"", ""64.948"", ""20800"", ""63.015"", ""15.648"", ""12.990"", ""17.592"", ""0"", ""0""]"
boop-docs/microbenching/docs/noc/noc-directional-vc-stress.md,98,Run 2026-06-30T20:01:14-04:00 NoC directional VC stress,"[""case"", ""mode"", ""vcs"", ""noc"", ""row"", ""cut"", ""streams"", ""pairs"", ""total MiB"", ""sender window cyc"", ""sender agg B/cyc"", ""receiver window cyc"", ""receiver agg B/cyc"", ""per-stream mean B/cyc"", ""per-stream min"", ""per-stream max"", ""bad ack rows"", ""bad sentinel rows""]","[""split15"", ""posted"", ""`1,5,1,5,1`"", ""0"", ""4"", ""`6,4->7,4`"", ""5"", ""`2,4->10,4 3,4->11,4 4,4->12,4 5,4->13,4 6,4->14,4`"", ""1.25"", ""20184"", ""64.939"", ""20821"", ""62.952"", ""15.537"", ""12.995"", ""17.555"", ""0"", ""0""]"
boop-docs/microbenching/docs/noc/noc-directional-vc-stress.md,99,Run 2026-06-30T20:01:14-04:00 NoC directional VC stress,"[""case"", ""mode"", ""vcs"", ""noc"", ""row"", ""cut"", ""streams"", ""pairs"", ""total MiB"", ""sender window cyc"", ""sender agg B/cyc"", ""receiver window cyc"", ""receiver agg B/cyc"", ""per-stream mean B/cyc"", ""per-stream min"", ""per-stream max"", ""bad ack rows"", ""bad sentinel rows""]","[""rr"", ""posted"", ""`0,1,2,3,4`"", ""0"", ""4"", ""`6,4->7,4`"", ""5"", ""`2,4->10,4 3,4->11,4 4,4->12,4 5,4->13,4 6,4->14,4`"", ""1.25"", ""19491"", ""67.247"", ""20736"", ""63.210"", ""17.537"", ""13.465"", ""33.725"", ""0"", ""0""]"
boop-docs/microbenching/docs/noc/noc-directional-vc-stress.md,100,Run 2026-06-30T20:01:14-04:00 NoC directional VC stress,"[""case"", ""mode"", ""vcs"", ""noc"", ""row"", ""cut"", ""streams"", ""pairs"", ""total MiB"", ""sender window cyc"", ""sender agg B/cyc"", ""receiver window cyc"", ""receiver agg B/cyc"", ""per-stream mean B/cyc"", ""per-stream min"", ""per-stream max"", ""bad ack rows"", ""bad sentinel rows""]","[""default"", ""posted"", ""`default`"", ""0"", ""4"", ""`6,4->7,4`"", ""5"", ""`2,4->10,4 3,4->11,4 4,4->12,4 5,4->13,4 6,4->14,4`"", ""1.25"", ""20560"", ""63.751"", ""21186"", ""61.867"", ""19.352"", ""12.762"", ""33.011"", ""0"", ""0""]"
boop-docs/microbenching/docs/noc/noc-directional-vc-stress.md,101,Run 2026-06-30T20:01:14-04:00 NoC directional VC stress,"[""case"", ""mode"", ""vcs"", ""noc"", ""row"", ""cut"", ""streams"", ""pairs"", ""total MiB"", ""sender window cyc"", ""sender agg B/cyc"", ""receiver window cyc"", ""receiver agg B/cyc"", ""per-stream mean B/cyc"", ""per-stream min"", ""per-stream max"", ""bad ack rows"", ""bad sentinel rows""]","[""vc1"", ""posted"", ""`1,1,1,1,1,1`"", ""0"", ""4"", ""`6,4->7,4`"", ""6"", ""`1,4->7,4 2,4->10,4 3,4->11,4 4,4->12,4 5,4->13,4 6,4->14,4`"", ""1.50"", ""24740"", ""63.576"", ""25358"", ""62.026"", ""17.469"", ""10.690"", ""33.011"", ""0"", ""0""]"
boop-docs/microbenching/docs/noc/noc-directional-vc-stress.md,102,Run 2026-06-30T20:01:14-04:00 NoC directional VC stress,"[""case"", ""mode"", ""vcs"", ""noc"", ""row"", ""cut"", ""streams"", ""pairs"", ""total MiB"", ""sender window cyc"", ""sender agg B/cyc"", ""receiver window cyc"", ""receiver agg B/cyc"", ""per-stream mean B/cyc"", ""per-stream min"", ""per-stream max"", ""bad ack rows"", ""bad sentinel rows""]","[""split14"", ""posted"", ""`1,4,1,4,1,4`"", ""0"", ""4"", ""`6,4->7,4`"", ""6"", ""`1,4->7,4 2,4->10,4 3,4->11,4 4,4->12,4 5,4->13,4 6,4->14,4`"", ""1.50"", ""23644"", ""66.523"", ""24817"", ""63.378"", ""13.147"", ""11.094"", ""16.964"", ""0"", ""0""]"
boop-docs/microbenching/docs/noc/noc-directional-vc-stress.md,103,Run 2026-06-30T20:01:14-04:00 NoC directional VC stress,"[""case"", ""mode"", ""vcs"", ""noc"", ""row"", ""cut"", ""streams"", ""pairs"", ""total MiB"", ""sender window cyc"", ""sender agg B/cyc"", ""receiver window cyc"", ""receiver agg B/cyc"", ""per-stream mean B/cyc"", ""per-stream min"", ""per-stream max"", ""bad ack rows"", ""bad sentinel rows""]","[""split15"", ""posted"", ""`1,5,1,5,1,5`"", ""0"", ""4"", ""`6,4->7,4`"", ""6"", ""`1,4->7,4 2,4->10,4 3,4->11,4 4,4->12,4 5,4->13,4 6,4->14,4`"", ""1.50"", ""23613"", ""66.610"", ""24811"", ""63.394"", ""13.146"", ""11.102"", ""16.973"", ""0"", ""0""]"
boop-docs/microbenching/docs/noc/noc-directional-vc-stress.md,104,Run 2026-06-30T20:01:14-04:00 NoC directional VC stress,"[""case"", ""mode"", ""vcs"", ""noc"", ""row"", ""cut"", ""streams"", ""pairs"", ""total MiB"", ""sender window cyc"", ""sender agg B/cyc"", ""receiver window cyc"", ""receiver agg B/cyc"", ""per-stream mean B/cyc"", ""per-stream min"", ""per-stream max"", ""bad ack rows"", ""bad sentinel rows""]","[""rr"", ""posted"", ""`0,1,2,3,4,5`"", ""0"", ""4"", ""`6,4->7,4`"", ""6"", ""`1,4->7,4 2,4->10,4 3,4->11,4 4,4->12,4 5,4->13,4 6,4->14,4`"", ""1.50"", ""23316"", ""67.459"", ""24798"", ""63.427"", ""15.036"", ""11.270"", ""33.725"", ""0"", ""0""]"
boop-docs/microbenching/docs/noc/noc-directional-vc-stress.md,105,Run 2026-06-30T20:01:14-04:00 NoC directional VC stress,"[""case"", ""mode"", ""vcs"", ""noc"", ""row"", ""cut"", ""streams"", ""pairs"", ""total MiB"", ""sender window cyc"", ""sender agg B/cyc"", ""receiver window cyc"", ""receiver agg B/cyc"", ""per-stream mean B/cyc"", ""per-stream min"", ""per-stream max"", ""bad ack rows"", ""bad sentinel rows""]","[""default"", ""posted"", ""`default`"", ""0"", ""4"", ""`6,4->7,4`"", ""6"", ""`1,4->7,4 2,4->10,4 3,4->11,4 4,4->12,4 5,4->13,4 6,4->14,4`"", ""1.50"", ""24720"", ""63.627"", ""25333"", ""62.088"", ""17.604"", ""10.668"", ""33.045"", ""0"", ""0""]"
boop-docs/microbenching/docs/noc/noc-dram-endpoint-matrix.md,12,Run 2026-06-13T16:56:00-04:00 DRAM endpoint matrix,"[""op"", ""NoC"", ""min B/cyc"", ""mean B/cyc"", ""max B/cyc"", ""worst bank/ep"", ""best bank/ep""]","[""read"", ""0"", ""45.781"", ""46.375"", ""46.612"", ""5/2"", ""1/0""]"
boop-docs/microbenching/docs/noc/noc-dram-endpoint-matrix.md,13,Run 2026-06-13T16:56:00-04:00 DRAM endpoint matrix,"[""op"", ""NoC"", ""min B/cyc"", ""mean B/cyc"", ""max B/cyc"", ""worst bank/ep"", ""best bank/ep""]","[""read"", ""1"", ""46.085"", ""46.363"", ""46.579"", ""0/0"", ""1/0""]"
boop-docs/microbenching/docs/noc/noc-dram-endpoint-matrix.md,14,Run 2026-06-13T16:56:00-04:00 DRAM endpoint matrix,"[""op"", ""NoC"", ""min B/cyc"", ""mean B/cyc"", ""max B/cyc"", ""worst bank/ep"", ""best bank/ep""]","[""write"", ""0"", ""47.068"", ""47.110"", ""47.306"", ""6/2"", ""1/0""]"
boop-docs/microbenching/docs/noc/noc-dram-endpoint-matrix.md,15,Run 2026-06-13T16:56:00-04:00 DRAM endpoint matrix,"[""op"", ""NoC"", ""min B/cyc"", ""mean B/cyc"", ""max B/cyc"", ""worst bank/ep"", ""best bank/ep""]","[""write"", ""1"", ""47.061"", ""47.093"", ""47.299"", ""3/1"", ""1/0""]"
boop-docs/microbenching/docs/noc/noc-mcast-scheduler-calibration.md,55,Trunk Fanout,"[""noc"", ""major"", ""dests"", ""depth"", ""bytes"", ""source B/cyc"", ""delivered B/cyc"", ""req/cyc"", ""bad counter""]","[""0"", ""x"", ""1"", ""1"", ""16384"", ""44.543"", ""44.519"", ""0.00272"", ""0""]"
boop-docs/microbenching/docs/noc/noc-mcast-scheduler-calibration.md,56,Trunk Fanout,"[""noc"", ""major"", ""dests"", ""depth"", ""bytes"", ""source B/cyc"", ""delivered B/cyc"", ""req/cyc"", ""bad counter""]","[""0"", ""y"", ""1"", ""1"", ""16384"", ""44.528"", ""44.500"", ""0.00272"", ""0""]"
boop-docs/microbenching/docs/noc/noc-mcast-scheduler-calibration.md,57,Trunk Fanout,"[""noc"", ""major"", ""dests"", ""depth"", ""bytes"", ""source B/cyc"", ""delivered B/cyc"", ""req/cyc"", ""bad counter""]","[""1"", ""x"", ""1"", ""1"", ""16384"", ""28.456"", ""28.394"", ""0.00174"", ""0""]"
boop-docs/microbenching/docs/noc/noc-mcast-scheduler-calibration.md,58,Trunk Fanout,"[""noc"", ""major"", ""dests"", ""depth"", ""bytes"", ""source B/cyc"", ""delivered B/cyc"", ""req/cyc"", ""bad counter""]","[""1"", ""y"", ""1"", ""1"", ""16384"", ""28.456"", ""28.394"", ""0.00174"", ""0""]"
boop-docs/microbenching/docs/noc/noc-mcast-scheduler-calibration.md,59,Trunk Fanout,"[""noc"", ""major"", ""dests"", ""depth"", ""bytes"", ""source B/cyc"", ""delivered B/cyc"", ""req/cyc"", ""bad counter""]","[""0"", ""x"", ""2"", ""1"", ""16384"", ""42.742"", ""85.436"", ""0.00261"", ""0""]"
boop-docs/microbenching/docs/noc/noc-mcast-scheduler-calibration.md,60,Trunk Fanout,"[""noc"", ""major"", ""dests"", ""depth"", ""bytes"", ""source B/cyc"", ""delivered B/cyc"", ""req/cyc"", ""bad counter""]","[""0"", ""y"", ""2"", ""1"", ""16384"", ""42.749"", ""85.450"", ""0.00261"", ""0""]"
boop-docs/microbenching/docs/noc/noc-mcast-scheduler-calibration.md,61,Trunk Fanout,"[""noc"", ""major"", ""dests"", ""depth"", ""bytes"", ""source B/cyc"", ""delivered B/cyc"", ""req/cyc"", ""bad counter""]","[""1"", ""x"", ""2"", ""1"", ""16384"", ""28.456"", ""56.788"", ""0.00174"", ""0""]"
boop-docs/microbenching/docs/noc/noc-mcast-scheduler-calibration.md,62,Trunk Fanout,"[""noc"", ""major"", ""dests"", ""depth"", ""bytes"", ""source B/cyc"", ""delivered B/cyc"", ""req/cyc"", ""bad counter""]","[""1"", ""y"", ""2"", ""1"", ""16384"", ""28.456"", ""56.788"", ""0.00174"", ""0""]"
boop-docs/microbenching/docs/noc/noc-mcast-scheduler-calibration.md,63,Trunk Fanout,"[""noc"", ""major"", ""dests"", ""depth"", ""bytes"", ""source B/cyc"", ""delivered B/cyc"", ""req/cyc"", ""bad counter""]","[""0"", ""x"", ""4"", ""1"", ""16384"", ""40.021"", ""159.948"", ""0.00244"", ""0""]"
boop-docs/microbenching/docs/noc/noc-mcast-scheduler-calibration.md,64,Trunk Fanout,"[""noc"", ""major"", ""dests"", ""depth"", ""bytes"", ""source B/cyc"", ""delivered B/cyc"", ""req/cyc"", ""bad counter""]","[""0"", ""y"", ""4"", ""1"", ""16384"", ""40.132"", ""160.397"", ""0.00245"", ""0""]"
boop-docs/microbenching/docs/noc/noc-mcast-scheduler-calibration.md,65,Trunk Fanout,"[""noc"", ""major"", ""dests"", ""depth"", ""bytes"", ""source B/cyc"", ""delivered B/cyc"", ""req/cyc"", ""bad counter""]","[""1"", ""x"", ""4"", ""1"", ""16384"", ""28.456"", ""113.578"", ""0.00174"", ""0""]"
boop-docs/microbenching/docs/noc/noc-mcast-scheduler-calibration.md,66,Trunk Fanout,"[""noc"", ""major"", ""dests"", ""depth"", ""bytes"", ""source B/cyc"", ""delivered B/cyc"", ""req/cyc"", ""bad counter""]","[""1"", ""y"", ""4"", ""1"", ""16384"", ""28.456"", ""113.584"", ""0.00174"", ""0""]"
boop-docs/microbenching/docs/noc/noc-mcast-scheduler-calibration.md,67,Trunk Fanout,"[""noc"", ""major"", ""dests"", ""depth"", ""bytes"", ""source B/cyc"", ""delivered B/cyc"", ""req/cyc"", ""bad counter""]","[""0"", ""x"", ""8"", ""1"", ""16384"", ""32.141"", ""256.697"", ""0.00196"", ""0""]"
boop-docs/microbenching/docs/noc/noc-mcast-scheduler-calibration.md,68,Trunk Fanout,"[""noc"", ""major"", ""dests"", ""depth"", ""bytes"", ""source B/cyc"", ""delivered B/cyc"", ""req/cyc"", ""bad counter""]","[""0"", ""y"", ""8"", ""1"", ""16384"", ""32.212"", ""257.252"", ""0.00197"", ""0""]"
boop-docs/microbenching/docs/noc/noc-mcast-scheduler-calibration.md,69,Trunk Fanout,"[""noc"", ""major"", ""dests"", ""depth"", ""bytes"", ""source B/cyc"", ""delivered B/cyc"", ""req/cyc"", ""bad counter""]","[""1"", ""x"", ""8"", ""1"", ""16384"", ""28.456"", ""227.152"", ""0.00174"", ""0""]"
boop-docs/microbenching/docs/noc/noc-mcast-scheduler-calibration.md,70,Trunk Fanout,"[""noc"", ""major"", ""dests"", ""depth"", ""bytes"", ""source B/cyc"", ""delivered B/cyc"", ""req/cyc"", ""bad counter""]","[""1"", ""y"", ""8"", ""1"", ""16384"", ""28.456"", ""227.134"", ""0.00174"", ""0""]"
boop-docs/microbenching/docs/noc/noc-mcast-scheduler-calibration.md,71,Trunk Fanout,"[""noc"", ""major"", ""dests"", ""depth"", ""bytes"", ""source B/cyc"", ""delivered B/cyc"", ""req/cyc"", ""bad counter""]","[""0"", ""x"", ""11"", ""1"", ""16384"", ""28.930"", ""317.597"", ""0.00177"", ""0""]"
boop-docs/microbenching/docs/noc/noc-mcast-scheduler-calibration.md,72,Trunk Fanout,"[""noc"", ""major"", ""dests"", ""depth"", ""bytes"", ""source B/cyc"", ""delivered B/cyc"", ""req/cyc"", ""bad counter""]","[""0"", ""y"", ""11"", ""1"", ""16384"", ""28.899"", ""317.239"", ""0.00176"", ""0""]"
boop-docs/microbenching/docs/noc/noc-mcast-scheduler-calibration.md,73,Trunk Fanout,"[""noc"", ""major"", ""dests"", ""depth"", ""bytes"", ""source B/cyc"", ""delivered B/cyc"", ""req/cyc"", ""bad counter""]","[""1"", ""x"", ""11"", ""1"", ""16384"", ""28.419"", ""311.941"", ""0.00173"", ""0""]"
boop-docs/microbenching/docs/noc/noc-mcast-scheduler-calibration.md,74,Trunk Fanout,"[""noc"", ""major"", ""dests"", ""depth"", ""bytes"", ""source B/cyc"", ""delivered B/cyc"", ""req/cyc"", ""bad counter""]","[""1"", ""y"", ""11"", ""1"", ""16384"", ""28.429"", ""312.042"", ""0.00174"", ""0""]"
boop-docs/microbenching/docs/noc/noc-mcast-scheduler-calibration.md,80,VC Linked,"[""noc"", ""major"", ""dests"", ""depth"", ""bytes"", ""source B/cyc"", ""delivered B/cyc"", ""req/cyc"", ""bad counter""]","[""0"", ""x"", ""8"", ""1"", ""16384"", ""32.137"", ""256.638"", ""0.00196"", ""0""]"
boop-docs/microbenching/docs/noc/noc-mcast-scheduler-calibration.md,81,VC Linked,"[""noc"", ""major"", ""dests"", ""depth"", ""bytes"", ""source B/cyc"", ""delivered B/cyc"", ""req/cyc"", ""bad counter""]","[""0"", ""y"", ""8"", ""1"", ""16384"", ""32.125"", ""256.572"", ""0.00196"", ""0""]"
boop-docs/microbenching/docs/noc/noc-mcast-scheduler-calibration.md,82,VC Linked,"[""noc"", ""major"", ""dests"", ""depth"", ""bytes"", ""source B/cyc"", ""delivered B/cyc"", ""req/cyc"", ""bad counter""]","[""1"", ""x"", ""8"", ""1"", ""16384"", ""28.453"", ""227.127"", ""0.00174"", ""0""]"
boop-docs/microbenching/docs/noc/noc-mcast-scheduler-calibration.md,83,VC Linked,"[""noc"", ""major"", ""dests"", ""depth"", ""bytes"", ""source B/cyc"", ""delivered B/cyc"", ""req/cyc"", ""bad counter""]","[""1"", ""y"", ""8"", ""1"", ""16384"", ""28.456"", ""227.161"", ""0.00174"", ""0""]"
boop-docs/microbenching/docs/noc/noc-mcast-scheduler-calibration.md,84,VC Linked,"[""noc"", ""major"", ""dests"", ""depth"", ""bytes"", ""source B/cyc"", ""delivered B/cyc"", ""req/cyc"", ""bad counter""]","[""0"", ""x"", ""8"", ""2"", ""16384"", ""41.981"", ""335.474"", ""0.00256"", ""0""]"
boop-docs/microbenching/docs/noc/noc-mcast-scheduler-calibration.md,85,VC Linked,"[""noc"", ""major"", ""dests"", ""depth"", ""bytes"", ""source B/cyc"", ""delivered B/cyc"", ""req/cyc"", ""bad counter""]","[""0"", ""y"", ""8"", ""2"", ""16384"", ""41.927"", ""335.058"", ""0.00256"", ""0""]"
boop-docs/microbenching/docs/noc/noc-mcast-scheduler-calibration.md,86,VC Linked,"[""noc"", ""major"", ""dests"", ""depth"", ""bytes"", ""source B/cyc"", ""delivered B/cyc"", ""req/cyc"", ""bad counter""]","[""1"", ""x"", ""8"", ""2"", ""16384"", ""38.638"", ""308.649"", ""0.00236"", ""0""]"
boop-docs/microbenching/docs/noc/noc-mcast-scheduler-calibration.md,87,VC Linked,"[""noc"", ""major"", ""dests"", ""depth"", ""bytes"", ""source B/cyc"", ""delivered B/cyc"", ""req/cyc"", ""bad counter""]","[""1"", ""y"", ""8"", ""2"", ""16384"", ""38.633"", ""308.586"", ""0.00236"", ""0""]"
boop-docs/microbenching/docs/noc/noc-mcast-scheduler-calibration.md,88,VC Linked,"[""noc"", ""major"", ""dests"", ""depth"", ""bytes"", ""source B/cyc"", ""delivered B/cyc"", ""req/cyc"", ""bad counter""]","[""0"", ""x"", ""8"", ""4"", ""16384"", ""49.076"", ""392.365"", ""0.00300"", ""0""]"
boop-docs/microbenching/docs/noc/noc-mcast-scheduler-calibration.md,89,VC Linked,"[""noc"", ""major"", ""dests"", ""depth"", ""bytes"", ""source B/cyc"", ""delivered B/cyc"", ""req/cyc"", ""bad counter""]","[""0"", ""y"", ""8"", ""4"", ""16384"", ""49.088"", ""392.452"", ""0.00300"", ""0""]"
boop-docs/microbenching/docs/noc/noc-mcast-scheduler-calibration.md,90,VC Linked,"[""noc"", ""major"", ""dests"", ""depth"", ""bytes"", ""source B/cyc"", ""delivered B/cyc"", ""req/cyc"", ""bad counter""]","[""1"", ""x"", ""8"", ""4"", ""16384"", ""46.804"", ""374.068"", ""0.00286"", ""0""]"
boop-docs/microbenching/docs/noc/noc-mcast-scheduler-calibration.md,91,VC Linked,"[""noc"", ""major"", ""dests"", ""depth"", ""bytes"", ""source B/cyc"", ""delivered B/cyc"", ""req/cyc"", ""bad counter""]","[""1"", ""y"", ""8"", ""4"", ""16384"", ""46.790"", ""373.961"", ""0.00286"", ""0""]"
boop-docs/microbenching/docs/noc/noc-mcast-scheduler-calibration.md,97,Overlap,"[""case"", ""noc"", ""major"", ""path reserve"", ""chunks"", ""aggregate delivered B/cyc"", ""A source B/cyc"", ""B source B/cyc"", ""A delivered B/cyc"", ""B delivered B/cyc"", ""bad counter"", ""stale data""]","[""disjoint"", ""0"", ""x"", ""both"", ""1"", ""820.001"", ""29.153"", ""27.817"", ""457.195"", ""434.328"", ""0"", ""0""]"
boop-docs/microbenching/docs/noc/noc-mcast-scheduler-calibration.md,98,Overlap,"[""case"", ""noc"", ""major"", ""path reserve"", ""chunks"", ""aggregate delivered B/cyc"", ""A source B/cyc"", ""B source B/cyc"", ""A delivered B/cyc"", ""B delivered B/cyc"", ""bad counter"", ""stale data""]","[""disjoint"", ""0"", ""x"", ""none"", ""1"", ""1154.025"", ""39.196"", ""39.767"", ""621.378"", ""626.670"", ""0"", ""0""]"
boop-docs/microbenching/docs/noc/noc-mcast-scheduler-calibration.md,99,Overlap,"[""case"", ""noc"", ""major"", ""path reserve"", ""chunks"", ""aggregate delivered B/cyc"", ""A source B/cyc"", ""B source B/cyc"", ""A delivered B/cyc"", ""B delivered B/cyc"", ""bad counter"", ""stale data""]","[""disjoint"", ""0"", ""y"", ""both"", ""1"", ""820.723"", ""29.208"", ""27.864"", ""457.793"", ""435.049"", ""0"", ""0""]"
boop-docs/microbenching/docs/noc/noc-mcast-scheduler-calibration.md,100,Overlap,"[""case"", ""noc"", ""major"", ""path reserve"", ""chunks"", ""aggregate delivered B/cyc"", ""A source B/cyc"", ""B source B/cyc"", ""A delivered B/cyc"", ""B delivered B/cyc"", ""bad counter"", ""stale data""]","[""disjoint"", ""0"", ""y"", ""none"", ""1"", ""1137.438"", ""39.243"", ""39.196"", ""622.116"", ""617.809"", ""0"", ""0""]"
boop-docs/microbenching/docs/noc/noc-mcast-scheduler-calibration.md,101,Overlap,"[""case"", ""noc"", ""major"", ""path reserve"", ""chunks"", ""aggregate delivered B/cyc"", ""A source B/cyc"", ""B source B/cyc"", ""A delivered B/cyc"", ""B delivered B/cyc"", ""bad counter"", ""stale data""]","[""disjoint"", ""1"", ""x"", ""both"", ""1"", ""195.425"", ""6.200"", ""14.353"", ""97.712"", ""221.663"", ""0"", ""0""]"
boop-docs/microbenching/docs/noc/noc-mcast-scheduler-calibration.md,102,Overlap,"[""case"", ""noc"", ""major"", ""path reserve"", ""chunks"", ""aggregate delivered B/cyc"", ""A source B/cyc"", ""B source B/cyc"", ""A delivered B/cyc"", ""B delivered B/cyc"", ""bad counter"", ""stale data""]","[""disjoint"", ""1"", ""x"", ""none"", ""1"", ""680.728"", ""23.797"", ""22.819"", ""359.964"", ""357.266"", ""0"", ""0""]"
boop-docs/microbenching/docs/noc/noc-mcast-scheduler-calibration.md,103,Overlap,"[""case"", ""noc"", ""major"", ""path reserve"", ""chunks"", ""aggregate delivered B/cyc"", ""A source B/cyc"", ""B source B/cyc"", ""A delivered B/cyc"", ""B delivered B/cyc"", ""bad counter"", ""stale data""]","[""disjoint"", ""1"", ""y"", ""both"", ""1"", ""178.432"", ""9.207"", ""5.727"", ""144.040"", ""90.334"", ""0"", ""0""]"
boop-docs/microbenching/docs/noc/noc-mcast-scheduler-calibration.md,104,Overlap,"[""case"", ""noc"", ""major"", ""path reserve"", ""chunks"", ""aggregate delivered B/cyc"", ""A source B/cyc"", ""B source B/cyc"", ""A delivered B/cyc"", ""B delivered B/cyc"", ""bad counter"", ""stale data""]","[""disjoint"", ""1"", ""y"", ""none"", ""1"", ""756.276"", ""25.500"", ""25.563"", ""381.266"", ""398.964"", ""0"", ""0""]"
boop-docs/microbenching/docs/noc/noc-mcast-scheduler-calibration.md,105,Overlap,"[""case"", ""noc"", ""major"", ""path reserve"", ""chunks"", ""aggregate delivered B/cyc"", ""A source B/cyc"", ""B source B/cyc"", ""A delivered B/cyc"", ""B delivered B/cyc"", ""bad counter"", ""stale data""]","[""overlap"", ""0"", ""x"", ""both"", ""1"", ""291.697"", ""29.231"", ""9.474"", ""150.950"", ""148.829"", ""0"", ""0""]"
boop-docs/microbenching/docs/noc/noc-mcast-scheduler-calibration.md,106,Overlap,"[""case"", ""noc"", ""major"", ""path reserve"", ""chunks"", ""aggregate delivered B/cyc"", ""A source B/cyc"", ""B source B/cyc"", ""A delivered B/cyc"", ""B delivered B/cyc"", ""bad counter"", ""stale data""]","[""overlap"", ""0"", ""x"", ""none"", ""1"", ""760.458"", ""25.600"", ""25.580"", ""394.609"", ""401.638"", ""0"", ""0""]"
boop-docs/microbenching/docs/noc/noc-mcast-scheduler-calibration.md,107,Overlap,"[""case"", ""noc"", ""major"", ""path reserve"", ""chunks"", ""aggregate delivered B/cyc"", ""A source B/cyc"", ""B source B/cyc"", ""A delivered B/cyc"", ""B delivered B/cyc"", ""bad counter"", ""stale data""]","[""overlap"", ""0"", ""y"", ""both"", ""1"", ""311.833"", ""27.418"", ""10.151"", ""161.799"", ""159.237"", ""0"", ""0""]"
boop-docs/microbenching/docs/noc/noc-mcast-scheduler-calibration.md,108,Overlap,"[""case"", ""noc"", ""major"", ""path reserve"", ""chunks"", ""aggregate delivered B/cyc"", ""A source B/cyc"", ""B source B/cyc"", ""A delivered B/cyc"", ""B delivered B/cyc"", ""bad counter"", ""stale data""]","[""overlap"", ""0"", ""y"", ""none"", ""1"", ""907.563"", ""31.060"", ""30.942"", ""474.469"", ""483.884"", ""0"", ""0""]"
boop-docs/microbenching/docs/noc/noc-mcast-scheduler-calibration.md,109,Overlap,"[""case"", ""noc"", ""major"", ""path reserve"", ""chunks"", ""aggregate delivered B/cyc"", ""A source B/cyc"", ""B source B/cyc"", ""A delivered B/cyc"", ""B delivered B/cyc"", ""bad counter"", ""stale data""]","[""overlap"", ""1"", ""x"", ""both"", ""1"", ""228.398"", ""14.681"", ""7.326"", ""116.515"", ""115.980"", ""0"", ""0""]"
boop-docs/microbenching/docs/noc/noc-mcast-scheduler-calibration.md,110,Overlap,"[""case"", ""noc"", ""major"", ""path reserve"", ""chunks"", ""aggregate delivered B/cyc"", ""A source B/cyc"", ""B source B/cyc"", ""A delivered B/cyc"", ""B delivered B/cyc"", ""bad counter"", ""stale data""]","[""overlap"", ""1"", ""x"", ""none"", ""1"", ""779.538"", ""27.652"", ""26.152"", ""402.756"", ""412.136"", ""0"", ""0""]"
boop-docs/microbenching/docs/noc/noc-mcast-scheduler-calibration.md,111,Overlap,"[""case"", ""noc"", ""major"", ""path reserve"", ""chunks"", ""aggregate delivered B/cyc"", ""A source B/cyc"", ""B source B/cyc"", ""A delivered B/cyc"", ""B delivered B/cyc"", ""bad counter"", ""stale data""]","[""overlap"", ""1"", ""y"", ""both"", ""1"", ""242.775"", ""7.730"", ""18.629"", ""121.388"", ""127.630"", ""0"", ""0""]"
boop-docs/microbenching/docs/noc/noc-mcast-scheduler-calibration.md,112,Overlap,"[""case"", ""noc"", ""major"", ""path reserve"", ""chunks"", ""aggregate delivered B/cyc"", ""A source B/cyc"", ""B source B/cyc"", ""A delivered B/cyc"", ""B delivered B/cyc"", ""bad counter"", ""stale data""]","[""overlap"", ""1"", ""y"", ""none"", ""1"", ""898.619"", ""32.098"", ""30.482"", ""466.656"", ""478.966"", ""0"", ""0""]"
boop-docs/microbenching/docs/noc/noc-mcast-scheduler-calibration.md,113,Overlap,"[""case"", ""noc"", ""major"", ""path reserve"", ""chunks"", ""aggregate delivered B/cyc"", ""A source B/cyc"", ""B source B/cyc"", ""A delivered B/cyc"", ""B delivered B/cyc"", ""bad counter"", ""stale data""]","[""same_rect"", ""0"", ""x"", ""both"", ""1"", ""267.844"", ""8.422"", ""17.955"", ""133.922"", ""138.696"", ""0"", ""0""]"
boop-docs/microbenching/docs/noc/noc-mcast-scheduler-calibration.md,114,Overlap,"[""case"", ""noc"", ""major"", ""path reserve"", ""chunks"", ""aggregate delivered B/cyc"", ""A source B/cyc"", ""B source B/cyc"", ""A delivered B/cyc"", ""B delivered B/cyc"", ""bad counter"", ""stale data""]","[""same_rect"", ""0"", ""x"", ""none"", ""1"", ""880.509"", ""29.843"", ""29.816"", ""456.796"", ""469.057"", ""0"", ""0""]"
boop-docs/microbenching/docs/noc/noc-mcast-scheduler-calibration.md,115,Overlap,"[""case"", ""noc"", ""major"", ""path reserve"", ""chunks"", ""aggregate delivered B/cyc"", ""A source B/cyc"", ""B source B/cyc"", ""A delivered B/cyc"", ""B delivered B/cyc"", ""bad counter"", ""stale data""]","[""same_rect"", ""0"", ""y"", ""both"", ""1"", ""320.457"", ""29.101"", ""10.386"", ""164.728"", ""163.827"", ""0"", ""0""]"
boop-docs/microbenching/docs/noc/noc-mcast-scheduler-calibration.md,116,Overlap,"[""case"", ""noc"", ""major"", ""path reserve"", ""chunks"", ""aggregate delivered B/cyc"", ""A source B/cyc"", ""B source B/cyc"", ""A delivered B/cyc"", ""B delivered B/cyc"", ""bad counter"", ""stale data""]","[""same_rect"", ""0"", ""y"", ""none"", ""1"", ""874.907"", ""29.681"", ""29.521"", ""454.618"", ""464.537"", ""0"", ""0""]"
boop-docs/microbenching/docs/noc/noc-mcast-scheduler-calibration.md,117,Overlap,"[""case"", ""noc"", ""major"", ""path reserve"", ""chunks"", ""aggregate delivered B/cyc"", ""A source B/cyc"", ""B source B/cyc"", ""A delivered B/cyc"", ""B delivered B/cyc"", ""bad counter"", ""stale data""]","[""same_rect"", ""1"", ""x"", ""both"", ""1"", ""215.142"", ""14.780"", ""6.912"", ""109.994"", ""109.161"", ""0"", ""0""]"
boop-docs/microbenching/docs/noc/noc-mcast-scheduler-calibration.md,118,Overlap,"[""case"", ""noc"", ""major"", ""path reserve"", ""chunks"", ""aggregate delivered B/cyc"", ""A source B/cyc"", ""B source B/cyc"", ""A delivered B/cyc"", ""B delivered B/cyc"", ""bad counter"", ""stale data""]","[""same_rect"", ""1"", ""x"", ""none"", ""1"", ""765.244"", ""26.154"", ""25.721"", ""395.130"", ""403.725"", ""0"", ""0""]"
boop-docs/microbenching/docs/noc/noc-mcast-scheduler-calibration.md,119,Overlap,"[""case"", ""noc"", ""major"", ""path reserve"", ""chunks"", ""aggregate delivered B/cyc"", ""A source B/cyc"", ""B source B/cyc"", ""A delivered B/cyc"", ""B delivered B/cyc"", ""bad counter"", ""stale data""]","[""same_rect"", ""1"", ""y"", ""both"", ""1"", ""209.119"", ""14.774"", ""6.712"", ""106.848"", ""106.069"", ""0"", ""0""]"
boop-docs/microbenching/docs/noc/noc-mcast-scheduler-calibration.md,120,Overlap,"[""case"", ""noc"", ""major"", ""path reserve"", ""chunks"", ""aggregate delivered B/cyc"", ""A source B/cyc"", ""B source B/cyc"", ""A delivered B/cyc"", ""B delivered B/cyc"", ""bad counter"", ""stale data""]","[""same_rect"", ""1"", ""y"", ""none"", ""1"", ""777.659"", ""27.652"", ""26.214"", ""401.792"", ""411.085"", ""0"", ""0""]"
boop-docs/microbenching/docs/noc/noc-mixed-rw-overlap.md,12,Run 2026-06-13T16:45:50-04:00,"[""case"", ""noc"", ""read payload"", ""write payload"", ""read-alone B/cyc"", ""write-alone B/cyc"", ""mixed read B/cyc"", ""mixed write B/cyc"", ""mixed aggregate B/cyc"", ""mixed window cyc""]","[""independent"", ""0"", ""`1,4->4,4`"", ""`10,5->13,5`"", ""61.681"", ""62.808"", ""62.046 (64)"", ""62.699 (64)"", ""124.077"", ""16902""]"
boop-docs/microbenching/docs/noc/noc-mixed-rw-overlap.md,13,Run 2026-06-13T16:45:50-04:00,"[""case"", ""noc"", ""read payload"", ""write payload"", ""read-alone B/cyc"", ""write-alone B/cyc"", ""mixed read B/cyc"", ""mixed write B/cyc"", ""mixed aggregate B/cyc"", ""mixed window cyc""]","[""shared-payload-link"", ""0"", ""`1,4->4,4`"", ""`2,4->5,4`"", ""62.046"", ""62.838"", ""31.756 (64)"", ""31.824 (64)"", ""63.512"", ""33020""]"
boop-docs/microbenching/docs/noc/noc-mixed-rw-overlap.md,25,Run 2026-06-13T16:45:52-04:00,"[""case"", ""noc"", ""read payload"", ""write payload"", ""read-alone B/cyc"", ""write-alone B/cyc"", ""mixed read B/cyc"", ""mixed write B/cyc"", ""mixed aggregate B/cyc"", ""mixed window cyc""]","[""independent"", ""1"", ""`4,4->1,4`"", ""`13,5->10,5`"", ""62.094"", ""62.804"", ""61.088 (64)"", ""62.729 (64)"", ""122.126"", ""17172""]"
boop-docs/microbenching/docs/noc/noc-mixed-rw-overlap.md,26,Run 2026-06-13T16:45:52-04:00,"[""case"", ""noc"", ""read payload"", ""write payload"", ""read-alone B/cyc"", ""write-alone B/cyc"", ""mixed read B/cyc"", ""mixed write B/cyc"", ""mixed aggregate B/cyc"", ""mixed window cyc""]","[""shared-payload-link"", ""1"", ""`4,4->1,4`"", ""`5,4->2,4`"", ""61.580"", ""62.119"", ""31.725 (64)"", ""31.879 (64)"", ""63.446"", ""33054""]"
boop-docs/microbenching/docs/noc/noc-overlay-mcast-poc.md,17,Run 2026-06-21T19:45:10-04:00,"[""source"", ""noc"", ""stream"", ""rect"", ""dests"", ""status"", ""bytes"", ""cycles"", ""src B/cyc"", ""delivered B/cyc"", ""bad payloads"", ""wr ack d"", ""posted d"", ""nonposted d"", ""rd resp d"", ""wait"", ""debug8"", ""debug9""]","[""`1,2`"", ""0"", ""8"", ""`2,2->3,2`"", ""2"", ""done"", ""16384"", ""315"", ""52.013"", ""104.025"", ""1"", ""0"", ""1"", ""0"", ""0"", ""0x00000001"", ""0x00000c00"", ""0x00000000""]"
boop-docs/microbenching/docs/noc/noc-overlay-mcast-poc.md,34,Run 2026-06-21T19:49:41-04:00,"[""source"", ""noc"", ""stream"", ""rect"", ""dests"", ""status"", ""bytes"", ""cycles"", ""src B/cyc"", ""delivered B/cyc"", ""bad payloads"", ""wr ack d"", ""posted d"", ""nonposted d"", ""rd resp d"", ""wait"", ""debug8"", ""debug9""]","[""`1,2`"", ""0"", ""0"", ""`2,2->3,2`"", ""2"", ""done-timeout"", ""16384"", ""130000051"", ""0.000"", ""0.000"", ""2"", ""0"", ""0"", ""0"", ""0"", ""0x0000002c"", ""0x00130345"", ""0x00000000""]"
boop-docs/microbenching/docs/noc/noc-overlay-mcast-poc.md,52,Run 2026-06-21T19:56:42-04:00,"[""source"", ""noc"", ""stream"", ""rect"", ""dests"", ""status"", ""bytes"", ""cycles"", ""src B/cyc"", ""delivered B/cyc"", ""bad payloads"", ""wr ack d"", ""posted d"", ""nonposted d"", ""rd resp d"", ""wait"", ""debug8"", ""debug9""]","[""`1,2`"", ""0"", ""0"", ""`2,2->5,2`"", ""4"", ""done"", ""16384"", ""649"", ""25.245"", ""100.980"", ""0"", ""0"", ""1"", ""0"", ""0"", ""0x00000001"", ""0x00000c00"", ""0x00000000""]"
boop-docs/microbenching/docs/noc/noc-overlay-multistream-poc.md,10,Run 2026-06-21T19:45:10-04:00,"[""source"", ""noc"", ""streams"", ""status"", ""bytes/stream"", ""total bytes"", ""cycles"", ""B/cyc"", ""bad payloads"", ""wr ack d"", ""posted d"", ""nonposted d"", ""rd resp d"", ""wait xor"", ""debug8 xor"", ""debug9 xor""]","[""`1,2`"", ""0"", ""4"", ""done"", ""16384"", ""65536"", ""1159"", ""56.545"", ""0"", ""0"", ""4"", ""0"", ""0"", ""0x00000000"", ""0x00000000"", ""0x00000000""]"
boop-docs/microbenching/docs/noc/noc-overlay-stream-poc.md,10,Run 2026-06-21T19:35:02-04:00,"[""source"", ""peer"", ""noc"", ""stream"", ""status"", ""bytes"", ""cycles"", ""B/cyc"", ""payload ok"", ""first"", ""last"", ""wr ack d"", ""posted d"", ""nonposted d"", ""rd resp d"", ""wait"", ""debug8"", ""debug9"", ""buf space"", ""remote space"", ""can push"", ""ready push""]","[""`1,2`"", ""`2,2`"", ""0"", ""8"", ""done"", ""16384"", ""319"", ""51.361"", ""True"", ""0xd00d0000"", ""0xd00d0fff"", ""0"", ""1"", ""0"", ""0"", ""0x00000001"", ""0x00000c00"", ""0x00000000"", ""225280"", ""46923776"", ""1"", ""0""]"
boop-docs/microbenching/docs/noc/noc-packet-latency-pipelined.md,20,Run 2026-06-24T17:58:00-04:00 NoC packet latency,"[""case"", ""mode"", ""noc"", ""op"", ""translated src"", ""translated dst"", ""raw noc0 route"", ""raw noc route"", ""hops"", ""x"", ""y"", ""wraps"", ""bytes"", ""iters"", ""issue cyc/iter"", ""complete cyc/iter"", ""tail cyc"", ""B/cyc issue"", ""issue ctr"", ""complete ctr"", ""sink""]","[""x-near"", ""blocking"", ""0"", ""read"", ""`1,2`"", ""`2,2`"", ""`1,2->2,2`"", ""`1,2->2,2`"", ""1"", ""1"", ""0"", ""0"", ""16"", ""256"", ""227.102"", ""227.102"", ""0"", ""0.070"", ""256"", ""256"", ""0xa5000000""]"
boop-docs/microbenching/docs/noc/noc-packet-latency-pipelined.md,21,Run 2026-06-24T17:58:00-04:00 NoC packet latency,"[""case"", ""mode"", ""noc"", ""op"", ""translated src"", ""translated dst"", ""raw noc0 route"", ""raw noc route"", ""hops"", ""x"", ""y"", ""wraps"", ""bytes"", ""iters"", ""issue cyc/iter"", ""complete cyc/iter"", ""tail cyc"", ""B/cyc issue"", ""issue ctr"", ""complete ctr"", ""sink""]","[""x-near"", ""pipelined"", ""0"", ""read"", ""`1,2`"", ""`2,2`"", ""`1,2->2,2`"", ""`1,2->2,2`"", ""1"", ""1"", ""0"", ""0"", ""16"", ""256"", ""29.137"", ""29.887"", ""192"", ""0.549"", ""250"", ""256"", ""0xa5000000""]"
boop-docs/microbenching/docs/noc/noc-packet-latency-pipelined.md,22,Run 2026-06-24T17:58:00-04:00 NoC packet latency,"[""case"", ""mode"", ""noc"", ""op"", ""translated src"", ""translated dst"", ""raw noc0 route"", ""raw noc route"", ""hops"", ""x"", ""y"", ""wraps"", ""bytes"", ""iters"", ""issue cyc/iter"", ""complete cyc/iter"", ""tail cyc"", ""B/cyc issue"", ""issue ctr"", ""complete ctr"", ""sink""]","[""x-near"", ""blocking"", ""0"", ""read"", ""`1,2`"", ""`2,2`"", ""`1,2->2,2`"", ""`1,2->2,2`"", ""1"", ""1"", ""0"", ""0"", ""64"", ""256"", ""227.129"", ""227.129"", ""0"", ""0.282"", ""256"", ""256"", ""0xa5000000""]"
boop-docs/microbenching/docs/noc/noc-packet-latency-pipelined.md,23,Run 2026-06-24T17:58:00-04:00 NoC packet latency,"[""case"", ""mode"", ""noc"", ""op"", ""translated src"", ""translated dst"", ""raw noc0 route"", ""raw noc route"", ""hops"", ""x"", ""y"", ""wraps"", ""bytes"", ""iters"", ""issue cyc/iter"", ""complete cyc/iter"", ""tail cyc"", ""B/cyc issue"", ""issue ctr"", ""complete ctr"", ""sink""]","[""x-near"", ""pipelined"", ""0"", ""read"", ""`1,2`"", ""`2,2`"", ""`1,2->2,2`"", ""`1,2->2,2`"", ""1"", ""1"", ""0"", ""0"", ""64"", ""256"", ""29.137"", ""29.887"", ""192"", ""2.197"", ""250"", ""256"", ""0xa5000000""]"
boop-docs/microbenching/docs/noc/noc-packet-latency-pipelined.md,24,Run 2026-06-24T17:58:00-04:00 NoC packet latency,"[""case"", ""mode"", ""noc"", ""op"", ""translated src"", ""translated dst"", ""raw noc0 route"", ""raw noc route"", ""hops"", ""x"", ""y"", ""wraps"", ""bytes"", ""iters"", ""issue cyc/iter"", ""complete cyc/iter"", ""tail cyc"", ""B/cyc issue"", ""issue ctr"", ""complete ctr"", ""sink""]","[""x-near"", ""blocking"", ""0"", ""write"", ""`1,2`"", ""`2,2`"", ""`1,2->2,2`"", ""`1,2->2,2`"", ""1"", ""1"", ""0"", ""0"", ""16"", ""256"", ""225.129"", ""225.129"", ""0"", ""0.071"", ""256"", ""256"", ""0xa5000000""]"
boop-docs/microbenching/docs/noc/noc-packet-latency-pipelined.md,25,Run 2026-06-24T17:58:00-04:00 NoC packet latency,"[""case"", ""mode"", ""noc"", ""op"", ""translated src"", ""translated dst"", ""raw noc0 route"", ""raw noc route"", ""hops"", ""x"", ""y"", ""wraps"", ""bytes"", ""iters"", ""issue cyc/iter"", ""complete cyc/iter"", ""tail cyc"", ""B/cyc issue"", ""issue ctr"", ""complete ctr"", ""sink""]","[""x-near"", ""pipelined"", ""0"", ""write"", ""`1,2`"", ""`2,2`"", ""`1,2->2,2`"", ""`1,2->2,2`"", ""1"", ""1"", ""0"", ""0"", ""16"", ""256"", ""27.137"", ""27.887"", ""192"", ""0.590"", ""250"", ""256"", ""0xa5000000""]"
boop-docs/microbenching/docs/noc/noc-packet-latency-pipelined.md,26,Run 2026-06-24T17:58:00-04:00 NoC packet latency,"[""case"", ""mode"", ""noc"", ""op"", ""translated src"", ""translated dst"", ""raw noc0 route"", ""raw noc route"", ""hops"", ""x"", ""y"", ""wraps"", ""bytes"", ""iters"", ""issue cyc/iter"", ""complete cyc/iter"", ""tail cyc"", ""B/cyc issue"", ""issue ctr"", ""complete ctr"", ""sink""]","[""x-near"", ""blocking"", ""0"", ""write"", ""`1,2`"", ""`2,2`"", ""`1,2->2,2`"", ""`1,2->2,2`"", ""1"", ""1"", ""0"", ""0"", ""64"", ""256"", ""225.129"", ""225.129"", ""0"", ""0.284"", ""256"", ""256"", ""0xa5000000""]"
boop-docs/microbenching/docs/noc/noc-packet-latency-pipelined.md,27,Run 2026-06-24T17:58:00-04:00 NoC packet latency,"[""case"", ""mode"", ""noc"", ""op"", ""translated src"", ""translated dst"", ""raw noc0 route"", ""raw noc route"", ""hops"", ""x"", ""y"", ""wraps"", ""bytes"", ""iters"", ""issue cyc/iter"", ""complete cyc/iter"", ""tail cyc"", ""B/cyc issue"", ""issue ctr"", ""complete ctr"", ""sink""]","[""x-near"", ""pipelined"", ""0"", ""write"", ""`1,2`"", ""`2,2`"", ""`1,2->2,2`"", ""`1,2->2,2`"", ""1"", ""1"", ""0"", ""0"", ""64"", ""256"", ""27.137"", ""27.887"", ""192"", ""2.358"", ""250"", ""256"", ""0xa5000000""]"
boop-docs/microbenching/docs/noc/noc-packet-latency-pipelined.md,28,Run 2026-06-24T17:58:00-04:00 NoC packet latency,"[""case"", ""mode"", ""noc"", ""op"", ""translated src"", ""translated dst"", ""raw noc0 route"", ""raw noc route"", ""hops"", ""x"", ""y"", ""wraps"", ""bytes"", ""iters"", ""issue cyc/iter"", ""complete cyc/iter"", ""tail cyc"", ""B/cyc issue"", ""issue ctr"", ""complete ctr"", ""sink""]","[""x-far"", ""blocking"", ""0"", ""read"", ""`1,2`"", ""`14,2`"", ""`1,2->16,2`"", ""`1,2->16,2`"", ""15"", ""15"", ""0"", ""0"", ""16"", ""256"", ""227.129"", ""227.129"", ""0"", ""0.070"", ""256"", ""256"", ""0xa5000000""]"
boop-docs/microbenching/docs/noc/noc-packet-latency-pipelined.md,29,Run 2026-06-24T17:58:00-04:00 NoC packet latency,"[""case"", ""mode"", ""noc"", ""op"", ""translated src"", ""translated dst"", ""raw noc0 route"", ""raw noc route"", ""hops"", ""x"", ""y"", ""wraps"", ""bytes"", ""iters"", ""issue cyc/iter"", ""complete cyc/iter"", ""tail cyc"", ""B/cyc issue"", ""issue ctr"", ""complete ctr"", ""sink""]","[""x-far"", ""pipelined"", ""0"", ""read"", ""`1,2`"", ""`14,2`"", ""`1,2->16,2`"", ""`1,2->16,2`"", ""15"", ""15"", ""0"", ""0"", ""16"", ""256"", ""29.137"", ""29.887"", ""192"", ""0.549"", ""250"", ""256"", ""0xa5000000""]"
boop-docs/microbenching/docs/noc/noc-packet-latency-pipelined.md,30,Run 2026-06-24T17:58:00-04:00 NoC packet latency,"[""case"", ""mode"", ""noc"", ""op"", ""translated src"", ""translated dst"", ""raw noc0 route"", ""raw noc route"", ""hops"", ""x"", ""y"", ""wraps"", ""bytes"", ""iters"", ""issue cyc/iter"", ""complete cyc/iter"", ""tail cyc"", ""B/cyc issue"", ""issue ctr"", ""complete ctr"", ""sink""]","[""x-far"", ""blocking"", ""0"", ""read"", ""`1,2`"", ""`14,2`"", ""`1,2->16,2`"", ""`1,2->16,2`"", ""15"", ""15"", ""0"", ""0"", ""64"", ""256"", ""227.129"", ""227.129"", ""0"", ""0.282"", ""256"", ""256"", ""0xa5000000""]"
boop-docs/microbenching/docs/noc/noc-packet-latency-pipelined.md,31,Run 2026-06-24T17:58:00-04:00 NoC packet latency,"[""case"", ""mode"", ""noc"", ""op"", ""translated src"", ""translated dst"", ""raw noc0 route"", ""raw noc route"", ""hops"", ""x"", ""y"", ""wraps"", ""bytes"", ""iters"", ""issue cyc/iter"", ""complete cyc/iter"", ""tail cyc"", ""B/cyc issue"", ""issue ctr"", ""complete ctr"", ""sink""]","[""x-far"", ""pipelined"", ""0"", ""read"", ""`1,2`"", ""`14,2`"", ""`1,2->16,2`"", ""`1,2->16,2`"", ""15"", ""15"", ""0"", ""0"", ""64"", ""256"", ""29.137"", ""29.887"", ""192"", ""2.197"", ""250"", ""256"", ""0xa5000000""]"
boop-docs/microbenching/docs/noc/noc-packet-latency-pipelined.md,32,Run 2026-06-24T17:58:00-04:00 NoC packet latency,"[""case"", ""mode"", ""noc"", ""op"", ""translated src"", ""translated dst"", ""raw noc0 route"", ""raw noc route"", ""hops"", ""x"", ""y"", ""wraps"", ""bytes"", ""iters"", ""issue cyc/iter"", ""complete cyc/iter"", ""tail cyc"", ""B/cyc issue"", ""issue ctr"", ""complete ctr"", ""sink""]","[""x-far"", ""blocking"", ""0"", ""write"", ""`1,2`"", ""`14,2`"", ""`1,2->16,2`"", ""`1,2->16,2`"", ""15"", ""15"", ""0"", ""0"", ""16"", ""256"", ""225.129"", ""225.129"", ""0"", ""0.071"", ""256"", ""256"", ""0xa5000000""]"
boop-docs/microbenching/docs/noc/noc-packet-latency-pipelined.md,33,Run 2026-06-24T17:58:00-04:00 NoC packet latency,"[""case"", ""mode"", ""noc"", ""op"", ""translated src"", ""translated dst"", ""raw noc0 route"", ""raw noc route"", ""hops"", ""x"", ""y"", ""wraps"", ""bytes"", ""iters"", ""issue cyc/iter"", ""complete cyc/iter"", ""tail cyc"", ""B/cyc issue"", ""issue ctr"", ""complete ctr"", ""sink""]","[""x-far"", ""pipelined"", ""0"", ""write"", ""`1,2`"", ""`14,2`"", ""`1,2->16,2`"", ""`1,2->16,2`"", ""15"", ""15"", ""0"", ""0"", ""16"", ""256"", ""27.137"", ""27.887"", ""192"", ""0.590"", ""250"", ""256"", ""0xa5000000""]"
boop-docs/microbenching/docs/noc/noc-packet-latency-pipelined.md,34,Run 2026-06-24T17:58:00-04:00 NoC packet latency,"[""case"", ""mode"", ""noc"", ""op"", ""translated src"", ""translated dst"", ""raw noc0 route"", ""raw noc route"", ""hops"", ""x"", ""y"", ""wraps"", ""bytes"", ""iters"", ""issue cyc/iter"", ""complete cyc/iter"", ""tail cyc"", ""B/cyc issue"", ""issue ctr"", ""complete ctr"", ""sink""]","[""x-far"", ""blocking"", ""0"", ""write"", ""`1,2`"", ""`14,2`"", ""`1,2->16,2`"", ""`1,2->16,2`"", ""15"", ""15"", ""0"", ""0"", ""64"", ""256"", ""225.129"", ""225.129"", ""0"", ""0.284"", ""256"", ""256"", ""0xa5000000""]"
boop-docs/microbenching/docs/noc/noc-packet-latency-pipelined.md,35,Run 2026-06-24T17:58:00-04:00 NoC packet latency,"[""case"", ""mode"", ""noc"", ""op"", ""translated src"", ""translated dst"", ""raw noc0 route"", ""raw noc route"", ""hops"", ""x"", ""y"", ""wraps"", ""bytes"", ""iters"", ""issue cyc/iter"", ""complete cyc/iter"", ""tail cyc"", ""B/cyc issue"", ""issue ctr"", ""complete ctr"", ""sink""]","[""x-far"", ""pipelined"", ""0"", ""write"", ""`1,2`"", ""`14,2`"", ""`1,2->16,2`"", ""`1,2->16,2`"", ""15"", ""15"", ""0"", ""0"", ""64"", ""256"", ""27.137"", ""27.887"", ""192"", ""2.358"", ""250"", ""256"", ""0xa5000000""]"
boop-docs/microbenching/docs/noc/noc-packet-latency-pipelined.md,36,Run 2026-06-24T17:58:00-04:00 NoC packet latency,"[""case"", ""mode"", ""noc"", ""op"", ""translated src"", ""translated dst"", ""raw noc0 route"", ""raw noc route"", ""hops"", ""x"", ""y"", ""wraps"", ""bytes"", ""iters"", ""issue cyc/iter"", ""complete cyc/iter"", ""tail cyc"", ""B/cyc issue"", ""issue ctr"", ""complete ctr"", ""sink""]","[""y-near"", ""blocking"", ""0"", ""read"", ""`1,2`"", ""`1,3`"", ""`1,2->1,3`"", ""`1,2->1,3`"", ""1"", ""0"", ""1"", ""0"", ""16"", ""256"", ""187.129"", ""187.129"", ""0"", ""0.086"", ""256"", ""256"", ""0xa5000000""]"
boop-docs/microbenching/docs/noc/noc-packet-latency-pipelined.md,37,Run 2026-06-24T17:58:00-04:00 NoC packet latency,"[""case"", ""mode"", ""noc"", ""op"", ""translated src"", ""translated dst"", ""raw noc0 route"", ""raw noc route"", ""hops"", ""x"", ""y"", ""wraps"", ""bytes"", ""iters"", ""issue cyc/iter"", ""complete cyc/iter"", ""tail cyc"", ""B/cyc issue"", ""issue ctr"", ""complete ctr"", ""sink""]","[""y-near"", ""pipelined"", ""0"", ""read"", ""`1,2`"", ""`1,3`"", ""`1,2->1,3`"", ""`1,2->1,3`"", ""1"", ""0"", ""1"", ""0"", ""16"", ""256"", ""29.137"", ""29.699"", ""144"", ""0.549"", ""252"", ""256"", ""0xa5000000""]"
boop-docs/microbenching/docs/noc/noc-packet-latency-pipelined.md,38,Run 2026-06-24T17:58:00-04:00 NoC packet latency,"[""case"", ""mode"", ""noc"", ""op"", ""translated src"", ""translated dst"", ""raw noc0 route"", ""raw noc route"", ""hops"", ""x"", ""y"", ""wraps"", ""bytes"", ""iters"", ""issue cyc/iter"", ""complete cyc/iter"", ""tail cyc"", ""B/cyc issue"", ""issue ctr"", ""complete ctr"", ""sink""]","[""y-near"", ""blocking"", ""0"", ""read"", ""`1,2`"", ""`1,3`"", ""`1,2->1,3`"", ""`1,2->1,3`"", ""1"", ""0"", ""1"", ""0"", ""64"", ""256"", ""187.129"", ""187.129"", ""0"", ""0.342"", ""256"", ""256"", ""0xa5000000""]"
boop-docs/microbenching/docs/noc/noc-packet-latency-pipelined.md,39,Run 2026-06-24T17:58:00-04:00 NoC packet latency,"[""case"", ""mode"", ""noc"", ""op"", ""translated src"", ""translated dst"", ""raw noc0 route"", ""raw noc route"", ""hops"", ""x"", ""y"", ""wraps"", ""bytes"", ""iters"", ""issue cyc/iter"", ""complete cyc/iter"", ""tail cyc"", ""B/cyc issue"", ""issue ctr"", ""complete ctr"", ""sink""]","[""y-near"", ""pipelined"", ""0"", ""read"", ""`1,2`"", ""`1,3`"", ""`1,2->1,3`"", ""`1,2->1,3`"", ""1"", ""0"", ""1"", ""0"", ""64"", ""256"", ""29.137"", ""29.699"", ""144"", ""2.197"", ""252"", ""256"", ""0xa5000000""]"
boop-docs/microbenching/docs/noc/noc-packet-latency-pipelined.md,40,Run 2026-06-24T17:58:00-04:00 NoC packet latency,"[""case"", ""mode"", ""noc"", ""op"", ""translated src"", ""translated dst"", ""raw noc0 route"", ""raw noc route"", ""hops"", ""x"", ""y"", ""wraps"", ""bytes"", ""iters"", ""issue cyc/iter"", ""complete cyc/iter"", ""tail cyc"", ""B/cyc issue"", ""issue ctr"", ""complete ctr"", ""sink""]","[""y-near"", ""blocking"", ""0"", ""write"", ""`1,2`"", ""`1,3`"", ""`1,2->1,3`"", ""`1,2->1,3`"", ""1"", ""0"", ""1"", ""0"", ""16"", ""256"", ""177.160"", ""177.160"", ""0"", ""0.090"", ""256"", ""256"", ""0xa5000000""]"
boop-docs/microbenching/docs/noc/noc-packet-latency-pipelined.md,41,Run 2026-06-24T17:58:00-04:00 NoC packet latency,"[""case"", ""mode"", ""noc"", ""op"", ""translated src"", ""translated dst"", ""raw noc0 route"", ""raw noc route"", ""hops"", ""x"", ""y"", ""wraps"", ""bytes"", ""iters"", ""issue cyc/iter"", ""complete cyc/iter"", ""tail cyc"", ""B/cyc issue"", ""issue ctr"", ""complete ctr"", ""sink""]","[""y-near"", ""pipelined"", ""0"", ""write"", ""`1,2`"", ""`1,3`"", ""`1,2->1,3`"", ""`1,2->1,3`"", ""1"", ""0"", ""1"", ""0"", ""16"", ""256"", ""27.137"", ""27.699"", ""144"", ""0.590"", ""252"", ""256"", ""0xa5000000""]"
boop-docs/microbenching/docs/noc/noc-packet-latency-pipelined.md,42,Run 2026-06-24T17:58:00-04:00 NoC packet latency,"[""case"", ""mode"", ""noc"", ""op"", ""translated src"", ""translated dst"", ""raw noc0 route"", ""raw noc route"", ""hops"", ""x"", ""y"", ""wraps"", ""bytes"", ""iters"", ""issue cyc/iter"", ""complete cyc/iter"", ""tail cyc"", ""B/cyc issue"", ""issue ctr"", ""complete ctr"", ""sink""]","[""y-near"", ""blocking"", ""0"", ""write"", ""`1,2`"", ""`1,3`"", ""`1,2->1,3`"", ""`1,2->1,3`"", ""1"", ""0"", ""1"", ""0"", ""64"", ""256"", ""177.160"", ""177.160"", ""0"", ""0.361"", ""256"", ""256"", ""0xa5000000""]"
boop-docs/microbenching/docs/noc/noc-packet-latency-pipelined.md,43,Run 2026-06-24T17:58:00-04:00 NoC packet latency,"[""case"", ""mode"", ""noc"", ""op"", ""translated src"", ""translated dst"", ""raw noc0 route"", ""raw noc route"", ""hops"", ""x"", ""y"", ""wraps"", ""bytes"", ""iters"", ""issue cyc/iter"", ""complete cyc/iter"", ""tail cyc"", ""B/cyc issue"", ""issue ctr"", ""complete ctr"", ""sink""]","[""y-near"", ""pipelined"", ""0"", ""write"", ""`1,2`"", ""`1,3`"", ""`1,2->1,3`"", ""`1,2->1,3`"", ""1"", ""0"", ""1"", ""0"", ""64"", ""256"", ""27.137"", ""27.699"", ""144"", ""2.358"", ""252"", ""256"", ""0xa5000000""]"
boop-docs/microbenching/docs/noc/noc-packet-latency-pipelined.md,44,Run 2026-06-24T17:58:00-04:00 NoC packet latency,"[""case"", ""mode"", ""noc"", ""op"", ""translated src"", ""translated dst"", ""raw noc0 route"", ""raw noc route"", ""hops"", ""x"", ""y"", ""wraps"", ""bytes"", ""iters"", ""issue cyc/iter"", ""complete cyc/iter"", ""tail cyc"", ""B/cyc issue"", ""issue ctr"", ""complete ctr"", ""sink""]","[""y-far"", ""blocking"", ""0"", ""read"", ""`1,2`"", ""`1,11`"", ""`1,2->1,11`"", ""`1,2->1,11`"", ""9"", ""0"", ""9"", ""0"", ""16"", ""256"", ""187.129"", ""187.129"", ""0"", ""0.086"", ""256"", ""256"", ""0xa5000000""]"
boop-docs/microbenching/docs/noc/noc-packet-latency-pipelined.md,45,Run 2026-06-24T17:58:00-04:00 NoC packet latency,"[""case"", ""mode"", ""noc"", ""op"", ""translated src"", ""translated dst"", ""raw noc0 route"", ""raw noc route"", ""hops"", ""x"", ""y"", ""wraps"", ""bytes"", ""iters"", ""issue cyc/iter"", ""complete cyc/iter"", ""tail cyc"", ""B/cyc issue"", ""issue ctr"", ""complete ctr"", ""sink""]","[""y-far"", ""pipelined"", ""0"", ""read"", ""`1,2`"", ""`1,11`"", ""`1,2->1,11`"", ""`1,2->1,11`"", ""9"", ""0"", ""9"", ""0"", ""16"", ""256"", ""29.137"", ""29.699"", ""144"", ""0.549"", ""252"", ""256"", ""0xa5000000""]"
boop-docs/microbenching/docs/noc/noc-packet-latency-pipelined.md,46,Run 2026-06-24T17:58:00-04:00 NoC packet latency,"[""case"", ""mode"", ""noc"", ""op"", ""translated src"", ""translated dst"", ""raw noc0 route"", ""raw noc route"", ""hops"", ""x"", ""y"", ""wraps"", ""bytes"", ""iters"", ""issue cyc/iter"", ""complete cyc/iter"", ""tail cyc"", ""B/cyc issue"", ""issue ctr"", ""complete ctr"", ""sink""]","[""y-far"", ""blocking"", ""0"", ""read"", ""`1,2`"", ""`1,11`"", ""`1,2->1,11`"", ""`1,2->1,11`"", ""9"", ""0"", ""9"", ""0"", ""64"", ""256"", ""187.129"", ""187.129"", ""0"", ""0.342"", ""256"", ""256"", ""0xa5000000""]"
boop-docs/microbenching/docs/noc/noc-packet-latency-pipelined.md,47,Run 2026-06-24T17:58:00-04:00 NoC packet latency,"[""case"", ""mode"", ""noc"", ""op"", ""translated src"", ""translated dst"", ""raw noc0 route"", ""raw noc route"", ""hops"", ""x"", ""y"", ""wraps"", ""bytes"", ""iters"", ""issue cyc/iter"", ""complete cyc/iter"", ""tail cyc"", ""B/cyc issue"", ""issue ctr"", ""complete ctr"", ""sink""]","[""y-far"", ""pipelined"", ""0"", ""read"", ""`1,2`"", ""`1,11`"", ""`1,2->1,11`"", ""`1,2->1,11`"", ""9"", ""0"", ""9"", ""0"", ""64"", ""256"", ""29.137"", ""29.699"", ""144"", ""2.197"", ""252"", ""256"", ""0xa5000000""]"
boop-docs/microbenching/docs/noc/noc-packet-latency-pipelined.md,48,Run 2026-06-24T17:58:00-04:00 NoC packet latency,"[""case"", ""mode"", ""noc"", ""op"", ""translated src"", ""translated dst"", ""raw noc0 route"", ""raw noc route"", ""hops"", ""x"", ""y"", ""wraps"", ""bytes"", ""iters"", ""issue cyc/iter"", ""complete cyc/iter"", ""tail cyc"", ""B/cyc issue"", ""issue ctr"", ""complete ctr"", ""sink""]","[""y-far"", ""blocking"", ""0"", ""write"", ""`1,2`"", ""`1,11`"", ""`1,2->1,11`"", ""`1,2->1,11`"", ""9"", ""0"", ""9"", ""0"", ""16"", ""256"", ""177.160"", ""177.160"", ""0"", ""0.090"", ""256"", ""256"", ""0xa5000000""]"
boop-docs/microbenching/docs/noc/noc-packet-latency-pipelined.md,49,Run 2026-06-24T17:58:00-04:00 NoC packet latency,"[""case"", ""mode"", ""noc"", ""op"", ""translated src"", ""translated dst"", ""raw noc0 route"", ""raw noc route"", ""hops"", ""x"", ""y"", ""wraps"", ""bytes"", ""iters"", ""issue cyc/iter"", ""complete cyc/iter"", ""tail cyc"", ""B/cyc issue"", ""issue ctr"", ""complete ctr"", ""sink""]","[""y-far"", ""pipelined"", ""0"", ""write"", ""`1,2`"", ""`1,11`"", ""`1,2->1,11`"", ""`1,2->1,11`"", ""9"", ""0"", ""9"", ""0"", ""16"", ""256"", ""27.137"", ""27.699"", ""144"", ""0.590"", ""252"", ""256"", ""0xa5000000""]"
boop-docs/microbenching/docs/noc/noc-packet-latency-pipelined.md,50,Run 2026-06-24T17:58:00-04:00 NoC packet latency,"[""case"", ""mode"", ""noc"", ""op"", ""translated src"", ""translated dst"", ""raw noc0 route"", ""raw noc route"", ""hops"", ""x"", ""y"", ""wraps"", ""bytes"", ""iters"", ""issue cyc/iter"", ""complete cyc/iter"", ""tail cyc"", ""B/cyc issue"", ""issue ctr"", ""complete ctr"", ""sink""]","[""y-far"", ""blocking"", ""0"", ""write"", ""`1,2`"", ""`1,11`"", ""`1,2->1,11`"", ""`1,2->1,11`"", ""9"", ""0"", ""9"", ""0"", ""64"", ""256"", ""177.160"", ""177.160"", ""0"", ""0.361"", ""256"", ""256"", ""0xa5000000""]"
boop-docs/microbenching/docs/noc/noc-packet-latency-pipelined.md,51,Run 2026-06-24T17:58:00-04:00 NoC packet latency,"[""case"", ""mode"", ""noc"", ""op"", ""translated src"", ""translated dst"", ""raw noc0 route"", ""raw noc route"", ""hops"", ""x"", ""y"", ""wraps"", ""bytes"", ""iters"", ""issue cyc/iter"", ""complete cyc/iter"", ""tail cyc"", ""B/cyc issue"", ""issue ctr"", ""complete ctr"", ""sink""]","[""y-far"", ""pipelined"", ""0"", ""write"", ""`1,2`"", ""`1,11`"", ""`1,2->1,11`"", ""`1,2->1,11`"", ""9"", ""0"", ""9"", ""0"", ""64"", ""256"", ""27.137"", ""27.699"", ""144"", ""2.358"", ""252"", ""256"", ""0xa5000000""]"
boop-docs/microbenching/docs/noc/noc-packet-latency-pipelined.md,52,Run 2026-06-24T17:58:00-04:00 NoC packet latency,"[""case"", ""mode"", ""noc"", ""op"", ""translated src"", ""translated dst"", ""raw noc0 route"", ""raw noc route"", ""hops"", ""x"", ""y"", ""wraps"", ""bytes"", ""iters"", ""issue cyc/iter"", ""complete cyc/iter"", ""tail cyc"", ""B/cyc issue"", ""issue ctr"", ""complete ctr"", ""sink""]","[""2d-far"", ""blocking"", ""0"", ""read"", ""`1,2`"", ""`14,11`"", ""`1,2->16,11`"", ""`1,2->16,11`"", ""24"", ""15"", ""9"", ""0"", ""16"", ""256"", ""339.129"", ""339.129"", ""0"", ""0.047"", ""256"", ""256"", ""0xa5000000""]"
boop-docs/microbenching/docs/noc/noc-packet-latency-pipelined.md,53,Run 2026-06-24T17:58:00-04:00 NoC packet latency,"[""case"", ""mode"", ""noc"", ""op"", ""translated src"", ""translated dst"", ""raw noc0 route"", ""raw noc route"", ""hops"", ""x"", ""y"", ""wraps"", ""bytes"", ""iters"", ""issue cyc/iter"", ""complete cyc/iter"", ""tail cyc"", ""B/cyc issue"", ""issue ctr"", ""complete ctr"", ""sink""]","[""2d-far"", ""pipelined"", ""0"", ""read"", ""`1,2`"", ""`14,11`"", ""`1,2->16,11`"", ""`1,2->16,11`"", ""24"", ""15"", ""9"", ""0"", ""16"", ""256"", ""29.137"", ""30.324"", ""304"", ""0.549"", ""246"", ""256"", ""0xa5000000""]"
boop-docs/microbenching/docs/noc/noc-packet-latency-pipelined.md,54,Run 2026-06-24T17:58:00-04:00 NoC packet latency,"[""case"", ""mode"", ""noc"", ""op"", ""translated src"", ""translated dst"", ""raw noc0 route"", ""raw noc route"", ""hops"", ""x"", ""y"", ""wraps"", ""bytes"", ""iters"", ""issue cyc/iter"", ""complete cyc/iter"", ""tail cyc"", ""B/cyc issue"", ""issue ctr"", ""complete ctr"", ""sink""]","[""2d-far"", ""blocking"", ""0"", ""read"", ""`1,2`"", ""`14,11`"", ""`1,2->16,11`"", ""`1,2->16,11`"", ""24"", ""15"", ""9"", ""0"", ""64"", ""256"", ""339.129"", ""339.129"", ""0"", ""0.189"", ""256"", ""256"", ""0xa5000000""]"
boop-docs/microbenching/docs/noc/noc-packet-latency-pipelined.md,55,Run 2026-06-24T17:58:00-04:00 NoC packet latency,"[""case"", ""mode"", ""noc"", ""op"", ""translated src"", ""translated dst"", ""raw noc0 route"", ""raw noc route"", ""hops"", ""x"", ""y"", ""wraps"", ""bytes"", ""iters"", ""issue cyc/iter"", ""complete cyc/iter"", ""tail cyc"", ""B/cyc issue"", ""issue ctr"", ""complete ctr"", ""sink""]","[""2d-far"", ""pipelined"", ""0"", ""read"", ""`1,2`"", ""`14,11`"", ""`1,2->16,11`"", ""`1,2->16,11`"", ""24"", ""15"", ""9"", ""0"", ""64"", ""256"", ""29.137"", ""30.324"", ""304"", ""2.197"", ""246"", ""256"", ""0xa5000000""]"
boop-docs/microbenching/docs/noc/noc-packet-latency-pipelined.md,56,Run 2026-06-24T17:58:00-04:00 NoC packet latency,"[""case"", ""mode"", ""noc"", ""op"", ""translated src"", ""translated dst"", ""raw noc0 route"", ""raw noc route"", ""hops"", ""x"", ""y"", ""wraps"", ""bytes"", ""iters"", ""issue cyc/iter"", ""complete cyc/iter"", ""tail cyc"", ""B/cyc issue"", ""issue ctr"", ""complete ctr"", ""sink""]","[""2d-far"", ""blocking"", ""0"", ""write"", ""`1,2`"", ""`14,11`"", ""`1,2->16,11`"", ""`1,2->16,11`"", ""24"", ""15"", ""9"", ""0"", ""16"", ""256"", ""337.129"", ""337.129"", ""0"", ""0.047"", ""256"", ""256"", ""0xa5000000""]"
boop-docs/microbenching/docs/noc/noc-packet-latency-pipelined.md,57,Run 2026-06-24T17:58:00-04:00 NoC packet latency,"[""case"", ""mode"", ""noc"", ""op"", ""translated src"", ""translated dst"", ""raw noc0 route"", ""raw noc route"", ""hops"", ""x"", ""y"", ""wraps"", ""bytes"", ""iters"", ""issue cyc/iter"", ""complete cyc/iter"", ""tail cyc"", ""B/cyc issue"", ""issue ctr"", ""complete ctr"", ""sink""]","[""2d-far"", ""pipelined"", ""0"", ""write"", ""`1,2`"", ""`14,11`"", ""`1,2->16,11`"", ""`1,2->16,11`"", ""24"", ""15"", ""9"", ""0"", ""16"", ""256"", ""27.137"", ""28.293"", ""296"", ""0.590"", ""246"", ""256"", ""0xa5000000""]"
boop-docs/microbenching/docs/noc/noc-packet-latency-pipelined.md,58,Run 2026-06-24T17:58:00-04:00 NoC packet latency,"[""case"", ""mode"", ""noc"", ""op"", ""translated src"", ""translated dst"", ""raw noc0 route"", ""raw noc route"", ""hops"", ""x"", ""y"", ""wraps"", ""bytes"", ""iters"", ""issue cyc/iter"", ""complete cyc/iter"", ""tail cyc"", ""B/cyc issue"", ""issue ctr"", ""complete ctr"", ""sink""]","[""2d-far"", ""blocking"", ""0"", ""write"", ""`1,2`"", ""`14,11`"", ""`1,2->16,11`"", ""`1,2->16,11`"", ""24"", ""15"", ""9"", ""0"", ""64"", ""256"", ""337.129"", ""337.129"", ""0"", ""0.190"", ""256"", ""256"", ""0xa5000000""]"
boop-docs/microbenching/docs/noc/noc-packet-latency-pipelined.md,59,Run 2026-06-24T17:58:00-04:00 NoC packet latency,"[""case"", ""mode"", ""noc"", ""op"", ""translated src"", ""translated dst"", ""raw noc0 route"", ""raw noc route"", ""hops"", ""x"", ""y"", ""wraps"", ""bytes"", ""iters"", ""issue cyc/iter"", ""complete cyc/iter"", ""tail cyc"", ""B/cyc issue"", ""issue ctr"", ""complete ctr"", ""sink""]","[""2d-far"", ""pipelined"", ""0"", ""write"", ""`1,2`"", ""`14,11`"", ""`1,2->16,11`"", ""`1,2->16,11`"", ""24"", ""15"", ""9"", ""0"", ""64"", ""256"", ""27.137"", ""28.293"", ""296"", ""2.358"", ""246"", ""256"", ""0xa5000000""]"
boop-docs/microbenching/docs/noc/noc-packet-latency-pipelined.md,60,Run 2026-06-24T17:58:00-04:00 NoC packet latency,"[""case"", ""mode"", ""noc"", ""op"", ""translated src"", ""translated dst"", ""raw noc0 route"", ""raw noc route"", ""hops"", ""x"", ""y"", ""wraps"", ""bytes"", ""iters"", ""issue cyc/iter"", ""complete cyc/iter"", ""tail cyc"", ""B/cyc issue"", ""issue ctr"", ""complete ctr"", ""sink""]","[""x-near"", ""blocking"", ""1"", ""read"", ""`1,2`"", ""`14,2`"", ""`1,2->16,2`"", ""`15,9->0,9`"", ""2"", ""2"", ""0"", ""1"", ""16"", ""256"", ""227.129"", ""227.129"", ""0"", ""0.070"", ""256"", ""256"", ""0xa5000000""]"
boop-docs/microbenching/docs/noc/noc-packet-latency-pipelined.md,61,Run 2026-06-24T17:58:00-04:00 NoC packet latency,"[""case"", ""mode"", ""noc"", ""op"", ""translated src"", ""translated dst"", ""raw noc0 route"", ""raw noc route"", ""hops"", ""x"", ""y"", ""wraps"", ""bytes"", ""iters"", ""issue cyc/iter"", ""complete cyc/iter"", ""tail cyc"", ""B/cyc issue"", ""issue ctr"", ""complete ctr"", ""sink""]","[""x-near"", ""pipelined"", ""1"", ""read"", ""`1,2`"", ""`14,2`"", ""`1,2->16,2`"", ""`15,9->0,9`"", ""2"", ""2"", ""0"", ""1"", ""16"", ""256"", ""29.137"", ""29.887"", ""192"", ""0.549"", ""250"", ""256"", ""0xa5000000""]"
boop-docs/microbenching/docs/noc/noc-packet-latency-pipelined.md,62,Run 2026-06-24T17:58:00-04:00 NoC packet latency,"[""case"", ""mode"", ""noc"", ""op"", ""translated src"", ""translated dst"", ""raw noc0 route"", ""raw noc route"", ""hops"", ""x"", ""y"", ""wraps"", ""bytes"", ""iters"", ""issue cyc/iter"", ""complete cyc/iter"", ""tail cyc"", ""B/cyc issue"", ""issue ctr"", ""complete ctr"", ""sink""]","[""x-near"", ""blocking"", ""1"", ""read"", ""`1,2`"", ""`14,2`"", ""`1,2->16,2`"", ""`15,9->0,9`"", ""2"", ""2"", ""0"", ""1"", ""64"", ""256"", ""227.129"", ""227.129"", ""0"", ""0.282"", ""256"", ""256"", ""0xa5000000""]"
boop-docs/microbenching/docs/noc/noc-packet-latency-pipelined.md,63,Run 2026-06-24T17:58:00-04:00 NoC packet latency,"[""case"", ""mode"", ""noc"", ""op"", ""translated src"", ""translated dst"", ""raw noc0 route"", ""raw noc route"", ""hops"", ""x"", ""y"", ""wraps"", ""bytes"", ""iters"", ""issue cyc/iter"", ""complete cyc/iter"", ""tail cyc"", ""B/cyc issue"", ""issue ctr"", ""complete ctr"", ""sink""]","[""x-near"", ""pipelined"", ""1"", ""read"", ""`1,2`"", ""`14,2`"", ""`1,2->16,2`"", ""`15,9->0,9`"", ""2"", ""2"", ""0"", ""1"", ""64"", ""256"", ""29.137"", ""29.887"", ""192"", ""2.197"", ""250"", ""256"", ""0xa5000000""]"
boop-docs/microbenching/docs/noc/noc-packet-latency-pipelined.md,64,Run 2026-06-24T17:58:00-04:00 NoC packet latency,"[""case"", ""mode"", ""noc"", ""op"", ""translated src"", ""translated dst"", ""raw noc0 route"", ""raw noc route"", ""hops"", ""x"", ""y"", ""wraps"", ""bytes"", ""iters"", ""issue cyc/iter"", ""complete cyc/iter"", ""tail cyc"", ""B/cyc issue"", ""issue ctr"", ""complete ctr"", ""sink""]","[""x-near"", ""blocking"", ""1"", ""write"", ""`1,2`"", ""`14,2`"", ""`1,2->16,2`"", ""`15,9->0,9`"", ""2"", ""2"", ""0"", ""1"", ""16"", ""256"", ""225.129"", ""225.129"", ""0"", ""0.071"", ""256"", ""256"", ""0xa5000000""]"
boop-docs/microbenching/docs/noc/noc-packet-latency-pipelined.md,65,Run 2026-06-24T17:58:00-04:00 NoC packet latency,"[""case"", ""mode"", ""noc"", ""op"", ""translated src"", ""translated dst"", ""raw noc0 route"", ""raw noc route"", ""hops"", ""x"", ""y"", ""wraps"", ""bytes"", ""iters"", ""issue cyc/iter"", ""complete cyc/iter"", ""tail cyc"", ""B/cyc issue"", ""issue ctr"", ""complete ctr"", ""sink""]","[""x-near"", ""pipelined"", ""1"", ""write"", ""`1,2`"", ""`14,2`"", ""`1,2->16,2`"", ""`15,9->0,9`"", ""2"", ""2"", ""0"", ""1"", ""16"", ""256"", ""27.137"", ""27.887"", ""192"", ""0.590"", ""250"", ""256"", ""0xa5000000""]"
boop-docs/microbenching/docs/noc/noc-packet-latency-pipelined.md,66,Run 2026-06-24T17:58:00-04:00 NoC packet latency,"[""case"", ""mode"", ""noc"", ""op"", ""translated src"", ""translated dst"", ""raw noc0 route"", ""raw noc route"", ""hops"", ""x"", ""y"", ""wraps"", ""bytes"", ""iters"", ""issue cyc/iter"", ""complete cyc/iter"", ""tail cyc"", ""B/cyc issue"", ""issue ctr"", ""complete ctr"", ""sink""]","[""x-near"", ""blocking"", ""1"", ""write"", ""`1,2`"", ""`14,2`"", ""`1,2->16,2`"", ""`15,9->0,9`"", ""2"", ""2"", ""0"", ""1"", ""64"", ""256"", ""225.129"", ""225.129"", ""0"", ""0.284"", ""256"", ""256"", ""0xa5000000""]"
boop-docs/microbenching/docs/noc/noc-packet-latency-pipelined.md,67,Run 2026-06-24T17:58:00-04:00 NoC packet latency,"[""case"", ""mode"", ""noc"", ""op"", ""translated src"", ""translated dst"", ""raw noc0 route"", ""raw noc route"", ""hops"", ""x"", ""y"", ""wraps"", ""bytes"", ""iters"", ""issue cyc/iter"", ""complete cyc/iter"", ""tail cyc"", ""B/cyc issue"", ""issue ctr"", ""complete ctr"", ""sink""]","[""x-near"", ""pipelined"", ""1"", ""write"", ""`1,2`"", ""`14,2`"", ""`1,2->16,2`"", ""`15,9->0,9`"", ""2"", ""2"", ""0"", ""1"", ""64"", ""256"", ""27.137"", ""27.887"", ""192"", ""2.358"", ""250"", ""256"", ""0xa5000000""]"
boop-docs/microbenching/docs/noc/noc-packet-latency-pipelined.md,68,Run 2026-06-24T17:58:00-04:00 NoC packet latency,"[""case"", ""mode"", ""noc"", ""op"", ""translated src"", ""translated dst"", ""raw noc0 route"", ""raw noc route"", ""hops"", ""x"", ""y"", ""wraps"", ""bytes"", ""iters"", ""issue cyc/iter"", ""complete cyc/iter"", ""tail cyc"", ""B/cyc issue"", ""issue ctr"", ""complete ctr"", ""sink""]","[""x-far"", ""blocking"", ""1"", ""read"", ""`1,2`"", ""`2,2`"", ""`1,2->2,2`"", ""`15,9->14,9`"", ""16"", ""16"", ""0"", ""1"", ""16"", ""256"", ""227.129"", ""227.129"", ""0"", ""0.070"", ""256"", ""256"", ""0xa5000000""]"
boop-docs/microbenching/docs/noc/noc-packet-latency-pipelined.md,69,Run 2026-06-24T17:58:00-04:00 NoC packet latency,"[""case"", ""mode"", ""noc"", ""op"", ""translated src"", ""translated dst"", ""raw noc0 route"", ""raw noc route"", ""hops"", ""x"", ""y"", ""wraps"", ""bytes"", ""iters"", ""issue cyc/iter"", ""complete cyc/iter"", ""tail cyc"", ""B/cyc issue"", ""issue ctr"", ""complete ctr"", ""sink""]","[""x-far"", ""pipelined"", ""1"", ""read"", ""`1,2`"", ""`2,2`"", ""`1,2->2,2`"", ""`15,9->14,9`"", ""16"", ""16"", ""0"", ""1"", ""16"", ""256"", ""29.137"", ""29.887"", ""192"", ""0.549"", ""250"", ""256"", ""0xa5000000""]"
boop-docs/microbenching/docs/noc/noc-packet-latency-pipelined.md,70,Run 2026-06-24T17:58:00-04:00 NoC packet latency,"[""case"", ""mode"", ""noc"", ""op"", ""translated src"", ""translated dst"", ""raw noc0 route"", ""raw noc route"", ""hops"", ""x"", ""y"", ""wraps"", ""bytes"", ""iters"", ""issue cyc/iter"", ""complete cyc/iter"", ""tail cyc"", ""B/cyc issue"", ""issue ctr"", ""complete ctr"", ""sink""]","[""x-far"", ""blocking"", ""1"", ""read"", ""`1,2`"", ""`2,2`"", ""`1,2->2,2`"", ""`15,9->14,9`"", ""16"", ""16"", ""0"", ""1"", ""64"", ""256"", ""227.129"", ""227.129"", ""0"", ""0.282"", ""256"", ""256"", ""0xa5000000""]"
boop-docs/microbenching/docs/noc/noc-packet-latency-pipelined.md,71,Run 2026-06-24T17:58:00-04:00 NoC packet latency,"[""case"", ""mode"", ""noc"", ""op"", ""translated src"", ""translated dst"", ""raw noc0 route"", ""raw noc route"", ""hops"", ""x"", ""y"", ""wraps"", ""bytes"", ""iters"", ""issue cyc/iter"", ""complete cyc/iter"", ""tail cyc"", ""B/cyc issue"", ""issue ctr"", ""complete ctr"", ""sink""]","[""x-far"", ""pipelined"", ""1"", ""read"", ""`1,2`"", ""`2,2`"", ""`1,2->2,2`"", ""`15,9->14,9`"", ""16"", ""16"", ""0"", ""1"", ""64"", ""256"", ""29.137"", ""29.887"", ""192"", ""2.197"", ""250"", ""256"", ""0xa5000000""]"
boop-docs/microbenching/docs/noc/noc-packet-latency-pipelined.md,72,Run 2026-06-24T17:58:00-04:00 NoC packet latency,"[""case"", ""mode"", ""noc"", ""op"", ""translated src"", ""translated dst"", ""raw noc0 route"", ""raw noc route"", ""hops"", ""x"", ""y"", ""wraps"", ""bytes"", ""iters"", ""issue cyc/iter"", ""complete cyc/iter"", ""tail cyc"", ""B/cyc issue"", ""issue ctr"", ""complete ctr"", ""sink""]","[""x-far"", ""blocking"", ""1"", ""write"", ""`1,2`"", ""`2,2`"", ""`1,2->2,2`"", ""`15,9->14,9`"", ""16"", ""16"", ""0"", ""1"", ""16"", ""256"", ""225.129"", ""225.129"", ""0"", ""0.071"", ""256"", ""256"", ""0xa5000000""]"
boop-docs/microbenching/docs/noc/noc-packet-latency-pipelined.md,73,Run 2026-06-24T17:58:00-04:00 NoC packet latency,"[""case"", ""mode"", ""noc"", ""op"", ""translated src"", ""translated dst"", ""raw noc0 route"", ""raw noc route"", ""hops"", ""x"", ""y"", ""wraps"", ""bytes"", ""iters"", ""issue cyc/iter"", ""complete cyc/iter"", ""tail cyc"", ""B/cyc issue"", ""issue ctr"", ""complete ctr"", ""sink""]","[""x-far"", ""pipelined"", ""1"", ""write"", ""`1,2`"", ""`2,2`"", ""`1,2->2,2`"", ""`15,9->14,9`"", ""16"", ""16"", ""0"", ""1"", ""16"", ""256"", ""27.137"", ""27.887"", ""192"", ""0.590"", ""250"", ""256"", ""0xa5000000""]"
boop-docs/microbenching/docs/noc/noc-packet-latency-pipelined.md,74,Run 2026-06-24T17:58:00-04:00 NoC packet latency,"[""case"", ""mode"", ""noc"", ""op"", ""translated src"", ""translated dst"", ""raw noc0 route"", ""raw noc route"", ""hops"", ""x"", ""y"", ""wraps"", ""bytes"", ""iters"", ""issue cyc/iter"", ""complete cyc/iter"", ""tail cyc"", ""B/cyc issue"", ""issue ctr"", ""complete ctr"", ""sink""]","[""x-far"", ""blocking"", ""1"", ""write"", ""`1,2`"", ""`2,2`"", ""`1,2->2,2`"", ""`15,9->14,9`"", ""16"", ""16"", ""0"", ""1"", ""64"", ""256"", ""225.129"", ""225.129"", ""0"", ""0.284"", ""256"", ""256"", ""0xa5000000""]"
boop-docs/microbenching/docs/noc/noc-packet-latency-pipelined.md,75,Run 2026-06-24T17:58:00-04:00 NoC packet latency,"[""case"", ""mode"", ""noc"", ""op"", ""translated src"", ""translated dst"", ""raw noc0 route"", ""raw noc route"", ""hops"", ""x"", ""y"", ""wraps"", ""bytes"", ""iters"", ""issue cyc/iter"", ""complete cyc/iter"", ""tail cyc"", ""B/cyc issue"", ""issue ctr"", ""complete ctr"", ""sink""]","[""x-far"", ""pipelined"", ""1"", ""write"", ""`1,2`"", ""`2,2`"", ""`1,2->2,2`"", ""`15,9->14,9`"", ""16"", ""16"", ""0"", ""1"", ""64"", ""256"", ""27.137"", ""27.887"", ""192"", ""2.358"", ""250"", ""256"", ""0xa5000000""]"
boop-docs/microbenching/docs/noc/noc-packet-latency-pipelined.md,76,Run 2026-06-24T17:58:00-04:00 NoC packet latency,"[""case"", ""mode"", ""noc"", ""op"", ""translated src"", ""translated dst"", ""raw noc0 route"", ""raw noc route"", ""hops"", ""x"", ""y"", ""wraps"", ""bytes"", ""iters"", ""issue cyc/iter"", ""complete cyc/iter"", ""tail cyc"", ""B/cyc issue"", ""issue ctr"", ""complete ctr"", ""sink""]","[""y-near"", ""blocking"", ""1"", ""read"", ""`1,2`"", ""`1,11`"", ""`1,2->1,11`"", ""`15,9->15,0`"", ""3"", ""0"", ""3"", ""1"", ""16"", ""256"", ""187.129"", ""187.129"", ""0"", ""0.086"", ""256"", ""256"", ""0xa5000000""]"
boop-docs/microbenching/docs/noc/noc-packet-latency-pipelined.md,77,Run 2026-06-24T17:58:00-04:00 NoC packet latency,"[""case"", ""mode"", ""noc"", ""op"", ""translated src"", ""translated dst"", ""raw noc0 route"", ""raw noc route"", ""hops"", ""x"", ""y"", ""wraps"", ""bytes"", ""iters"", ""issue cyc/iter"", ""complete cyc/iter"", ""tail cyc"", ""B/cyc issue"", ""issue ctr"", ""complete ctr"", ""sink""]","[""y-near"", ""pipelined"", ""1"", ""read"", ""`1,2`"", ""`1,11`"", ""`1,2->1,11`"", ""`15,9->15,0`"", ""3"", ""0"", ""3"", ""1"", ""16"", ""256"", ""29.137"", ""29.699"", ""144"", ""0.549"", ""252"", ""256"", ""0xa5000000""]"
boop-docs/microbenching/docs/noc/noc-packet-latency-pipelined.md,78,Run 2026-06-24T17:58:00-04:00 NoC packet latency,"[""case"", ""mode"", ""noc"", ""op"", ""translated src"", ""translated dst"", ""raw noc0 route"", ""raw noc route"", ""hops"", ""x"", ""y"", ""wraps"", ""bytes"", ""iters"", ""issue cyc/iter"", ""complete cyc/iter"", ""tail cyc"", ""B/cyc issue"", ""issue ctr"", ""complete ctr"", ""sink""]","[""y-near"", ""blocking"", ""1"", ""read"", ""`1,2`"", ""`1,11`"", ""`1,2->1,11`"", ""`15,9->15,0`"", ""3"", ""0"", ""3"", ""1"", ""64"", ""256"", ""187.129"", ""187.129"", ""0"", ""0.342"", ""256"", ""256"", ""0xa5000000""]"
boop-docs/microbenching/docs/noc/noc-packet-latency-pipelined.md,79,Run 2026-06-24T17:58:00-04:00 NoC packet latency,"[""case"", ""mode"", ""noc"", ""op"", ""translated src"", ""translated dst"", ""raw noc0 route"", ""raw noc route"", ""hops"", ""x"", ""y"", ""wraps"", ""bytes"", ""iters"", ""issue cyc/iter"", ""complete cyc/iter"", ""tail cyc"", ""B/cyc issue"", ""issue ctr"", ""complete ctr"", ""sink""]","[""y-near"", ""pipelined"", ""1"", ""read"", ""`1,2`"", ""`1,11`"", ""`1,2->1,11`"", ""`15,9->15,0`"", ""3"", ""0"", ""3"", ""1"", ""64"", ""256"", ""29.137"", ""29.699"", ""144"", ""2.197"", ""252"", ""256"", ""0xa5000000""]"
boop-docs/microbenching/docs/noc/noc-packet-latency-pipelined.md,80,Run 2026-06-24T17:58:00-04:00 NoC packet latency,"[""case"", ""mode"", ""noc"", ""op"", ""translated src"", ""translated dst"", ""raw noc0 route"", ""raw noc route"", ""hops"", ""x"", ""y"", ""wraps"", ""bytes"", ""iters"", ""issue cyc/iter"", ""complete cyc/iter"", ""tail cyc"", ""B/cyc issue"", ""issue ctr"", ""complete ctr"", ""sink""]","[""y-near"", ""blocking"", ""1"", ""write"", ""`1,2`"", ""`1,11`"", ""`1,2->1,11`"", ""`15,9->15,0`"", ""3"", ""0"", ""3"", ""1"", ""16"", ""256"", ""177.160"", ""177.160"", ""0"", ""0.090"", ""256"", ""256"", ""0xa5000000""]"
boop-docs/microbenching/docs/noc/noc-packet-latency-pipelined.md,81,Run 2026-06-24T17:58:00-04:00 NoC packet latency,"[""case"", ""mode"", ""noc"", ""op"", ""translated src"", ""translated dst"", ""raw noc0 route"", ""raw noc route"", ""hops"", ""x"", ""y"", ""wraps"", ""bytes"", ""iters"", ""issue cyc/iter"", ""complete cyc/iter"", ""tail cyc"", ""B/cyc issue"", ""issue ctr"", ""complete ctr"", ""sink""]","[""y-near"", ""pipelined"", ""1"", ""write"", ""`1,2`"", ""`1,11`"", ""`1,2->1,11`"", ""`15,9->15,0`"", ""3"", ""0"", ""3"", ""1"", ""16"", ""256"", ""27.137"", ""27.699"", ""144"", ""0.590"", ""252"", ""256"", ""0xa5000000""]"
boop-docs/microbenching/docs/noc/noc-packet-latency-pipelined.md,82,Run 2026-06-24T17:58:00-04:00 NoC packet latency,"[""case"", ""mode"", ""noc"", ""op"", ""translated src"", ""translated dst"", ""raw noc0 route"", ""raw noc route"", ""hops"", ""x"", ""y"", ""wraps"", ""bytes"", ""iters"", ""issue cyc/iter"", ""complete cyc/iter"", ""tail cyc"", ""B/cyc issue"", ""issue ctr"", ""complete ctr"", ""sink""]","[""y-near"", ""blocking"", ""1"", ""write"", ""`1,2`"", ""`1,11`"", ""`1,2->1,11`"", ""`15,9->15,0`"", ""3"", ""0"", ""3"", ""1"", ""64"", ""256"", ""177.160"", ""177.160"", ""0"", ""0.361"", ""256"", ""256"", ""0xa5000000""]"
boop-docs/microbenching/docs/noc/noc-packet-latency-pipelined.md,83,Run 2026-06-24T17:58:00-04:00 NoC packet latency,"[""case"", ""mode"", ""noc"", ""op"", ""translated src"", ""translated dst"", ""raw noc0 route"", ""raw noc route"", ""hops"", ""x"", ""y"", ""wraps"", ""bytes"", ""iters"", ""issue cyc/iter"", ""complete cyc/iter"", ""tail cyc"", ""B/cyc issue"", ""issue ctr"", ""complete ctr"", ""sink""]","[""y-near"", ""pipelined"", ""1"", ""write"", ""`1,2`"", ""`1,11`"", ""`1,2->1,11`"", ""`15,9->15,0`"", ""3"", ""0"", ""3"", ""1"", ""64"", ""256"", ""27.137"", ""27.699"", ""144"", ""2.358"", ""252"", ""256"", ""0xa5000000""]"
boop-docs/microbenching/docs/noc/noc-packet-latency-pipelined.md,84,Run 2026-06-24T17:58:00-04:00 NoC packet latency,"[""case"", ""mode"", ""noc"", ""op"", ""translated src"", ""translated dst"", ""raw noc0 route"", ""raw noc route"", ""hops"", ""x"", ""y"", ""wraps"", ""bytes"", ""iters"", ""issue cyc/iter"", ""complete cyc/iter"", ""tail cyc"", ""B/cyc issue"", ""issue ctr"", ""complete ctr"", ""sink""]","[""y-far"", ""blocking"", ""1"", ""read"", ""`1,2`"", ""`1,3`"", ""`1,2->1,3`"", ""`15,9->15,8`"", ""11"", ""0"", ""11"", ""1"", ""16"", ""256"", ""187.129"", ""187.129"", ""0"", ""0.086"", ""256"", ""256"", ""0xa5000000""]"
boop-docs/microbenching/docs/noc/noc-packet-latency-pipelined.md,85,Run 2026-06-24T17:58:00-04:00 NoC packet latency,"[""case"", ""mode"", ""noc"", ""op"", ""translated src"", ""translated dst"", ""raw noc0 route"", ""raw noc route"", ""hops"", ""x"", ""y"", ""wraps"", ""bytes"", ""iters"", ""issue cyc/iter"", ""complete cyc/iter"", ""tail cyc"", ""B/cyc issue"", ""issue ctr"", ""complete ctr"", ""sink""]","[""y-far"", ""pipelined"", ""1"", ""read"", ""`1,2`"", ""`1,3`"", ""`1,2->1,3`"", ""`15,9->15,8`"", ""11"", ""0"", ""11"", ""1"", ""16"", ""256"", ""29.137"", ""29.699"", ""144"", ""0.549"", ""252"", ""256"", ""0xa5000000""]"
boop-docs/microbenching/docs/noc/noc-packet-latency-pipelined.md,86,Run 2026-06-24T17:58:00-04:00 NoC packet latency,"[""case"", ""mode"", ""noc"", ""op"", ""translated src"", ""translated dst"", ""raw noc0 route"", ""raw noc route"", ""hops"", ""x"", ""y"", ""wraps"", ""bytes"", ""iters"", ""issue cyc/iter"", ""complete cyc/iter"", ""tail cyc"", ""B/cyc issue"", ""issue ctr"", ""complete ctr"", ""sink""]","[""y-far"", ""blocking"", ""1"", ""read"", ""`1,2`"", ""`1,3`"", ""`1,2->1,3`"", ""`15,9->15,8`"", ""11"", ""0"", ""11"", ""1"", ""64"", ""256"", ""187.129"", ""187.129"", ""0"", ""0.342"", ""256"", ""256"", ""0xa5000000""]"
boop-docs/microbenching/docs/noc/noc-packet-latency-pipelined.md,87,Run 2026-06-24T17:58:00-04:00 NoC packet latency,"[""case"", ""mode"", ""noc"", ""op"", ""translated src"", ""translated dst"", ""raw noc0 route"", ""raw noc route"", ""hops"", ""x"", ""y"", ""wraps"", ""bytes"", ""iters"", ""issue cyc/iter"", ""complete cyc/iter"", ""tail cyc"", ""B/cyc issue"", ""issue ctr"", ""complete ctr"", ""sink""]","[""y-far"", ""pipelined"", ""1"", ""read"", ""`1,2`"", ""`1,3`"", ""`1,2->1,3`"", ""`15,9->15,8`"", ""11"", ""0"", ""11"", ""1"", ""64"", ""256"", ""29.137"", ""29.699"", ""144"", ""2.197"", ""252"", ""256"", ""0xa5000000""]"
boop-docs/microbenching/docs/noc/noc-packet-latency-pipelined.md,88,Run 2026-06-24T17:58:00-04:00 NoC packet latency,"[""case"", ""mode"", ""noc"", ""op"", ""translated src"", ""translated dst"", ""raw noc0 route"", ""raw noc route"", ""hops"", ""x"", ""y"", ""wraps"", ""bytes"", ""iters"", ""issue cyc/iter"", ""complete cyc/iter"", ""tail cyc"", ""B/cyc issue"", ""issue ctr"", ""complete ctr"", ""sink""]","[""y-far"", ""blocking"", ""1"", ""write"", ""`1,2`"", ""`1,3`"", ""`1,2->1,3`"", ""`15,9->15,8`"", ""11"", ""0"", ""11"", ""1"", ""16"", ""256"", ""177.160"", ""177.160"", ""0"", ""0.090"", ""256"", ""256"", ""0xa5000000""]"
boop-docs/microbenching/docs/noc/noc-packet-latency-pipelined.md,89,Run 2026-06-24T17:58:00-04:00 NoC packet latency,"[""case"", ""mode"", ""noc"", ""op"", ""translated src"", ""translated dst"", ""raw noc0 route"", ""raw noc route"", ""hops"", ""x"", ""y"", ""wraps"", ""bytes"", ""iters"", ""issue cyc/iter"", ""complete cyc/iter"", ""tail cyc"", ""B/cyc issue"", ""issue ctr"", ""complete ctr"", ""sink""]","[""y-far"", ""pipelined"", ""1"", ""write"", ""`1,2`"", ""`1,3`"", ""`1,2->1,3`"", ""`15,9->15,8`"", ""11"", ""0"", ""11"", ""1"", ""16"", ""256"", ""27.137"", ""27.699"", ""144"", ""0.590"", ""252"", ""256"", ""0xa5000000""]"
boop-docs/microbenching/docs/noc/noc-packet-latency-pipelined.md,90,Run 2026-06-24T17:58:00-04:00 NoC packet latency,"[""case"", ""mode"", ""noc"", ""op"", ""translated src"", ""translated dst"", ""raw noc0 route"", ""raw noc route"", ""hops"", ""x"", ""y"", ""wraps"", ""bytes"", ""iters"", ""issue cyc/iter"", ""complete cyc/iter"", ""tail cyc"", ""B/cyc issue"", ""issue ctr"", ""complete ctr"", ""sink""]","[""y-far"", ""blocking"", ""1"", ""write"", ""`1,2`"", ""`1,3`"", ""`1,2->1,3`"", ""`15,9->15,8`"", ""11"", ""0"", ""11"", ""1"", ""64"", ""256"", ""177.160"", ""177.160"", ""0"", ""0.361"", ""256"", ""256"", ""0xa5000000""]"
boop-docs/microbenching/docs/noc/noc-packet-latency-pipelined.md,91,Run 2026-06-24T17:58:00-04:00 NoC packet latency,"[""case"", ""mode"", ""noc"", ""op"", ""translated src"", ""translated dst"", ""raw noc0 route"", ""raw noc route"", ""hops"", ""x"", ""y"", ""wraps"", ""bytes"", ""iters"", ""issue cyc/iter"", ""complete cyc/iter"", ""tail cyc"", ""B/cyc issue"", ""issue ctr"", ""complete ctr"", ""sink""]","[""y-far"", ""pipelined"", ""1"", ""write"", ""`1,2`"", ""`1,3`"", ""`1,2->1,3`"", ""`15,9->15,8`"", ""11"", ""0"", ""11"", ""1"", ""64"", ""256"", ""27.137"", ""27.699"", ""144"", ""2.358"", ""252"", ""256"", ""0xa5000000""]"
boop-docs/microbenching/docs/noc/noc-packet-latency-pipelined.md,92,Run 2026-06-24T17:58:00-04:00 NoC packet latency,"[""case"", ""mode"", ""noc"", ""op"", ""translated src"", ""translated dst"", ""raw noc0 route"", ""raw noc route"", ""hops"", ""x"", ""y"", ""wraps"", ""bytes"", ""iters"", ""issue cyc/iter"", ""complete cyc/iter"", ""tail cyc"", ""B/cyc issue"", ""issue ctr"", ""complete ctr"", ""sink""]","[""2d-far"", ""blocking"", ""1"", ""read"", ""`1,2`"", ""`2,3`"", ""`1,2->2,3`"", ""`15,9->14,8`"", ""27"", ""16"", ""11"", ""2"", ""16"", ""256"", ""339.129"", ""339.129"", ""0"", ""0.047"", ""256"", ""256"", ""0xa5000000""]"
boop-docs/microbenching/docs/noc/noc-packet-latency-pipelined.md,93,Run 2026-06-24T17:58:00-04:00 NoC packet latency,"[""case"", ""mode"", ""noc"", ""op"", ""translated src"", ""translated dst"", ""raw noc0 route"", ""raw noc route"", ""hops"", ""x"", ""y"", ""wraps"", ""bytes"", ""iters"", ""issue cyc/iter"", ""complete cyc/iter"", ""tail cyc"", ""B/cyc issue"", ""issue ctr"", ""complete ctr"", ""sink""]","[""2d-far"", ""pipelined"", ""1"", ""read"", ""`1,2`"", ""`2,3`"", ""`1,2->2,3`"", ""`15,9->14,8`"", ""27"", ""16"", ""11"", ""2"", ""16"", ""256"", ""29.137"", ""30.324"", ""304"", ""0.549"", ""246"", ""256"", ""0xa5000000""]"
boop-docs/microbenching/docs/noc/noc-packet-latency-pipelined.md,94,Run 2026-06-24T17:58:00-04:00 NoC packet latency,"[""case"", ""mode"", ""noc"", ""op"", ""translated src"", ""translated dst"", ""raw noc0 route"", ""raw noc route"", ""hops"", ""x"", ""y"", ""wraps"", ""bytes"", ""iters"", ""issue cyc/iter"", ""complete cyc/iter"", ""tail cyc"", ""B/cyc issue"", ""issue ctr"", ""complete ctr"", ""sink""]","[""2d-far"", ""blocking"", ""1"", ""read"", ""`1,2`"", ""`2,3`"", ""`1,2->2,3`"", ""`15,9->14,8`"", ""27"", ""16"", ""11"", ""2"", ""64"", ""256"", ""339.129"", ""339.129"", ""0"", ""0.189"", ""256"", ""256"", ""0xa5000000""]"
boop-docs/microbenching/docs/noc/noc-packet-latency-pipelined.md,95,Run 2026-06-24T17:58:00-04:00 NoC packet latency,"[""case"", ""mode"", ""noc"", ""op"", ""translated src"", ""translated dst"", ""raw noc0 route"", ""raw noc route"", ""hops"", ""x"", ""y"", ""wraps"", ""bytes"", ""iters"", ""issue cyc/iter"", ""complete cyc/iter"", ""tail cyc"", ""B/cyc issue"", ""issue ctr"", ""complete ctr"", ""sink""]","[""2d-far"", ""pipelined"", ""1"", ""read"", ""`1,2`"", ""`2,3`"", ""`1,2->2,3`"", ""`15,9->14,8`"", ""27"", ""16"", ""11"", ""2"", ""64"", ""256"", ""29.137"", ""30.324"", ""304"", ""2.197"", ""246"", ""256"", ""0xa5000000""]"
boop-docs/microbenching/docs/noc/noc-packet-latency-pipelined.md,96,Run 2026-06-24T17:58:00-04:00 NoC packet latency,"[""case"", ""mode"", ""noc"", ""op"", ""translated src"", ""translated dst"", ""raw noc0 route"", ""raw noc route"", ""hops"", ""x"", ""y"", ""wraps"", ""bytes"", ""iters"", ""issue cyc/iter"", ""complete cyc/iter"", ""tail cyc"", ""B/cyc issue"", ""issue ctr"", ""complete ctr"", ""sink""]","[""2d-far"", ""blocking"", ""1"", ""write"", ""`1,2`"", ""`2,3`"", ""`1,2->2,3`"", ""`15,9->14,8`"", ""27"", ""16"", ""11"", ""2"", ""16"", ""256"", ""337.129"", ""337.129"", ""0"", ""0.047"", ""256"", ""256"", ""0xa5000000""]"
boop-docs/microbenching/docs/noc/noc-packet-latency-pipelined.md,97,Run 2026-06-24T17:58:00-04:00 NoC packet latency,"[""case"", ""mode"", ""noc"", ""op"", ""translated src"", ""translated dst"", ""raw noc0 route"", ""raw noc route"", ""hops"", ""x"", ""y"", ""wraps"", ""bytes"", ""iters"", ""issue cyc/iter"", ""complete cyc/iter"", ""tail cyc"", ""B/cyc issue"", ""issue ctr"", ""complete ctr"", ""sink""]","[""2d-far"", ""pipelined"", ""1"", ""write"", ""`1,2`"", ""`2,3`"", ""`1,2->2,3`"", ""`15,9->14,8`"", ""27"", ""16"", ""11"", ""2"", ""16"", ""256"", ""27.137"", ""28.293"", ""296"", ""0.590"", ""246"", ""256"", ""0xa5000000""]"
boop-docs/microbenching/docs/noc/noc-packet-latency-pipelined.md,98,Run 2026-06-24T17:58:00-04:00 NoC packet latency,"[""case"", ""mode"", ""noc"", ""op"", ""translated src"", ""translated dst"", ""raw noc0 route"", ""raw noc route"", ""hops"", ""x"", ""y"", ""wraps"", ""bytes"", ""iters"", ""issue cyc/iter"", ""complete cyc/iter"", ""tail cyc"", ""B/cyc issue"", ""issue ctr"", ""complete ctr"", ""sink""]","[""2d-far"", ""blocking"", ""1"", ""write"", ""`1,2`"", ""`2,3`"", ""`1,2->2,3`"", ""`15,9->14,8`"", ""27"", ""16"", ""11"", ""2"", ""64"", ""256"", ""337.129"", ""337.129"", ""0"", ""0.190"", ""256"", ""256"", ""0xa5000000""]"
boop-docs/microbenching/docs/noc/noc-packet-latency-pipelined.md,99,Run 2026-06-24T17:58:00-04:00 NoC packet latency,"[""case"", ""mode"", ""noc"", ""op"", ""translated src"", ""translated dst"", ""raw noc0 route"", ""raw noc route"", ""hops"", ""x"", ""y"", ""wraps"", ""bytes"", ""iters"", ""issue cyc/iter"", ""complete cyc/iter"", ""tail cyc"", ""B/cyc issue"", ""issue ctr"", ""complete ctr"", ""sink""]","[""2d-far"", ""pipelined"", ""1"", ""write"", ""`1,2`"", ""`2,3`"", ""`1,2->2,3`"", ""`15,9->14,8`"", ""27"", ""16"", ""11"", ""2"", ""64"", ""256"", ""27.137"", ""28.293"", ""296"", ""2.358"", ""246"", ""256"", ""0xa5000000""]"
boop-docs/microbenching/docs/noc/noc-packet-latency-pipelined.md,103,Run 2026-06-24T17:58:00-04:00 NoC packet latency,"[""mode"", ""noc"", ""op"", ""bytes"", ""issue slope cyc/hop"", ""issue intercept cyc"", ""complete slope cyc/hop"", ""complete intercept cyc""]","[""blocking"", ""0"", ""read"", ""16"", ""5.126"", ""182.267"", ""5.126"", ""182.267""]"
boop-docs/microbenching/docs/noc/noc-packet-latency-pipelined.md,104,Run 2026-06-24T17:58:00-04:00 NoC packet latency,"[""mode"", ""noc"", ""op"", ""bytes"", ""issue slope cyc/hop"", ""issue intercept cyc"", ""complete slope cyc/hop"", ""complete intercept cyc""]","[""blocking"", ""0"", ""read"", ""64"", ""5.125"", ""182.279"", ""5.125"", ""182.279""]"
boop-docs/microbenching/docs/noc/noc-packet-latency-pipelined.md,105,Run 2026-06-24T17:58:00-04:00 NoC packet latency,"[""mode"", ""noc"", ""op"", ""bytes"", ""issue slope cyc/hop"", ""issue intercept cyc"", ""complete slope cyc/hop"", ""complete intercept cyc""]","[""blocking"", ""0"", ""write"", ""16"", ""5.333"", ""175.016"", ""5.333"", ""175.016""]"
boop-docs/microbenching/docs/noc/noc-packet-latency-pipelined.md,106,Run 2026-06-24T17:58:00-04:00 NoC packet latency,"[""mode"", ""noc"", ""op"", ""bytes"", ""issue slope cyc/hop"", ""issue intercept cyc"", ""complete slope cyc/hop"", ""complete intercept cyc""]","[""blocking"", ""0"", ""write"", ""64"", ""5.333"", ""175.016"", ""5.333"", ""175.016""]"
boop-docs/microbenching/docs/noc/noc-packet-latency-pipelined.md,107,Run 2026-06-24T17:58:00-04:00 NoC packet latency,"[""mode"", ""noc"", ""op"", ""bytes"", ""issue slope cyc/hop"", ""issue intercept cyc"", ""complete slope cyc/hop"", ""complete intercept cyc""]","[""blocking"", ""1"", ""read"", ""16"", ""4.935"", ""175.299"", ""4.935"", ""175.299""]"
boop-docs/microbenching/docs/noc/noc-packet-latency-pipelined.md,108,Run 2026-06-24T17:58:00-04:00 NoC packet latency,"[""mode"", ""noc"", ""op"", ""bytes"", ""issue slope cyc/hop"", ""issue intercept cyc"", ""complete slope cyc/hop"", ""complete intercept cyc""]","[""blocking"", ""1"", ""read"", ""64"", ""4.935"", ""175.299"", ""4.935"", ""175.299""]"
boop-docs/microbenching/docs/noc/noc-packet-latency-pipelined.md,109,Run 2026-06-24T17:58:00-04:00 NoC packet latency,"[""mode"", ""noc"", ""op"", ""bytes"", ""issue slope cyc/hop"", ""issue intercept cyc"", ""complete slope cyc/hop"", ""complete intercept cyc""]","[""blocking"", ""1"", ""write"", ""16"", ""5.116"", ""167.977"", ""5.116"", ""167.977""]"
boop-docs/microbenching/docs/noc/noc-packet-latency-pipelined.md,110,Run 2026-06-24T17:58:00-04:00 NoC packet latency,"[""mode"", ""noc"", ""op"", ""bytes"", ""issue slope cyc/hop"", ""issue intercept cyc"", ""complete slope cyc/hop"", ""complete intercept cyc""]","[""blocking"", ""1"", ""write"", ""64"", ""5.116"", ""167.977"", ""5.116"", ""167.977""]"
boop-docs/microbenching/docs/noc/noc-packet-latency-pipelined.md,111,Run 2026-06-24T17:58:00-04:00 NoC packet latency,"[""mode"", ""noc"", ""op"", ""bytes"", ""issue slope cyc/hop"", ""issue intercept cyc"", ""complete slope cyc/hop"", ""complete intercept cyc""]","[""pipelined"", ""0"", ""read"", ""16"", ""0.000"", ""29.137"", ""0.021"", ""29.691""]"
boop-docs/microbenching/docs/noc/noc-packet-latency-pipelined.md,112,Run 2026-06-24T17:58:00-04:00 NoC packet latency,"[""mode"", ""noc"", ""op"", ""bytes"", ""issue slope cyc/hop"", ""issue intercept cyc"", ""complete slope cyc/hop"", ""complete intercept cyc""]","[""pipelined"", ""0"", ""read"", ""64"", ""0.000"", ""29.137"", ""0.021"", ""29.691""]"
boop-docs/microbenching/docs/noc/noc-packet-latency-pipelined.md,113,Run 2026-06-24T17:58:00-04:00 NoC packet latency,"[""mode"", ""noc"", ""op"", ""bytes"", ""issue slope cyc/hop"", ""issue intercept cyc"", ""complete slope cyc/hop"", ""complete intercept cyc""]","[""pipelined"", ""0"", ""write"", ""16"", ""0.000"", ""27.137"", ""0.020"", ""27.696""]"
boop-docs/microbenching/docs/noc/noc-packet-latency-pipelined.md,114,Run 2026-06-24T17:58:00-04:00 NoC packet latency,"[""mode"", ""noc"", ""op"", ""bytes"", ""issue slope cyc/hop"", ""issue intercept cyc"", ""complete slope cyc/hop"", ""complete intercept cyc""]","[""pipelined"", ""0"", ""write"", ""64"", ""0.000"", ""27.137"", ""0.020"", ""27.696""]"
boop-docs/microbenching/docs/noc/noc-packet-latency-pipelined.md,115,Run 2026-06-24T17:58:00-04:00 NoC packet latency,"[""mode"", ""noc"", ""op"", ""bytes"", ""issue slope cyc/hop"", ""issue intercept cyc"", ""complete slope cyc/hop"", ""complete intercept cyc""]","[""pipelined"", ""1"", ""read"", ""16"", ""0.000"", ""29.137"", ""0.020"", ""29.663""]"
boop-docs/microbenching/docs/noc/noc-packet-latency-pipelined.md,116,Run 2026-06-24T17:58:00-04:00 NoC packet latency,"[""mode"", ""noc"", ""op"", ""bytes"", ""issue slope cyc/hop"", ""issue intercept cyc"", ""complete slope cyc/hop"", ""complete intercept cyc""]","[""pipelined"", ""1"", ""read"", ""64"", ""0.000"", ""29.137"", ""0.020"", ""29.663""]"
boop-docs/microbenching/docs/noc/noc-packet-latency-pipelined.md,117,Run 2026-06-24T17:58:00-04:00 NoC packet latency,"[""mode"", ""noc"", ""op"", ""bytes"", ""issue slope cyc/hop"", ""issue intercept cyc"", ""complete slope cyc/hop"", ""complete intercept cyc""]","[""pipelined"", ""1"", ""write"", ""16"", ""0.000"", ""27.137"", ""0.019"", ""27.670""]"
boop-docs/microbenching/docs/noc/noc-packet-latency-pipelined.md,118,Run 2026-06-24T17:58:00-04:00 NoC packet latency,"[""mode"", ""noc"", ""op"", ""bytes"", ""issue slope cyc/hop"", ""issue intercept cyc"", ""complete slope cyc/hop"", ""complete intercept cyc""]","[""pipelined"", ""1"", ""write"", ""64"", ""0.000"", ""27.137"", ""0.019"", ""27.670""]"
boop-docs/microbenching/docs/noc/noc-packet-latency-pipelined.md,122,Run 2026-06-24T17:58:00-04:00 NoC packet latency,"[""case"", ""noc"", ""op"", ""bytes"", ""blocking cyc/iter"", ""pipelined issue cyc/iter"", ""pipelined complete cyc/iter"", ""pipelined tail cyc"", ""blocking-minus-issue cyc""]","[""2d-far"", ""0"", ""read"", ""16"", ""339.129"", ""29.137"", ""30.324"", ""304"", ""309.992""]"
boop-docs/microbenching/docs/noc/noc-packet-latency-pipelined.md,123,Run 2026-06-24T17:58:00-04:00 NoC packet latency,"[""case"", ""noc"", ""op"", ""bytes"", ""blocking cyc/iter"", ""pipelined issue cyc/iter"", ""pipelined complete cyc/iter"", ""pipelined tail cyc"", ""blocking-minus-issue cyc""]","[""x-far"", ""0"", ""read"", ""16"", ""227.129"", ""29.137"", ""29.887"", ""192"", ""197.992""]"
boop-docs/microbenching/docs/noc/noc-packet-latency-pipelined.md,124,Run 2026-06-24T17:58:00-04:00 NoC packet latency,"[""case"", ""noc"", ""op"", ""bytes"", ""blocking cyc/iter"", ""pipelined issue cyc/iter"", ""pipelined complete cyc/iter"", ""pipelined tail cyc"", ""blocking-minus-issue cyc""]","[""x-near"", ""0"", ""read"", ""16"", ""227.102"", ""29.137"", ""29.887"", ""192"", ""197.965""]"
boop-docs/microbenching/docs/noc/noc-packet-latency-pipelined.md,125,Run 2026-06-24T17:58:00-04:00 NoC packet latency,"[""case"", ""noc"", ""op"", ""bytes"", ""blocking cyc/iter"", ""pipelined issue cyc/iter"", ""pipelined complete cyc/iter"", ""pipelined tail cyc"", ""blocking-minus-issue cyc""]","[""y-far"", ""0"", ""read"", ""16"", ""187.129"", ""29.137"", ""29.699"", ""144"", ""157.992""]"
boop-docs/microbenching/docs/noc/noc-packet-latency-pipelined.md,126,Run 2026-06-24T17:58:00-04:00 NoC packet latency,"[""case"", ""noc"", ""op"", ""bytes"", ""blocking cyc/iter"", ""pipelined issue cyc/iter"", ""pipelined complete cyc/iter"", ""pipelined tail cyc"", ""blocking-minus-issue cyc""]","[""y-near"", ""0"", ""read"", ""16"", ""187.129"", ""29.137"", ""29.699"", ""144"", ""157.992""]"
boop-docs/microbenching/docs/noc/noc-packet-latency-pipelined.md,127,Run 2026-06-24T17:58:00-04:00 NoC packet latency,"[""case"", ""noc"", ""op"", ""bytes"", ""blocking cyc/iter"", ""pipelined issue cyc/iter"", ""pipelined complete cyc/iter"", ""pipelined tail cyc"", ""blocking-minus-issue cyc""]","[""2d-far"", ""0"", ""read"", ""64"", ""339.129"", ""29.137"", ""30.324"", ""304"", ""309.992""]"
boop-docs/microbenching/docs/noc/noc-packet-latency-pipelined.md,128,Run 2026-06-24T17:58:00-04:00 NoC packet latency,"[""case"", ""noc"", ""op"", ""bytes"", ""blocking cyc/iter"", ""pipelined issue cyc/iter"", ""pipelined complete cyc/iter"", ""pipelined tail cyc"", ""blocking-minus-issue cyc""]","[""x-far"", ""0"", ""read"", ""64"", ""227.129"", ""29.137"", ""29.887"", ""192"", ""197.992""]"
boop-docs/microbenching/docs/noc/noc-packet-latency-pipelined.md,129,Run 2026-06-24T17:58:00-04:00 NoC packet latency,"[""case"", ""noc"", ""op"", ""bytes"", ""blocking cyc/iter"", ""pipelined issue cyc/iter"", ""pipelined complete cyc/iter"", ""pipelined tail cyc"", ""blocking-minus-issue cyc""]","[""x-near"", ""0"", ""read"", ""64"", ""227.129"", ""29.137"", ""29.887"", ""192"", ""197.992""]"
boop-docs/microbenching/docs/noc/noc-packet-latency-pipelined.md,130,Run 2026-06-24T17:58:00-04:00 NoC packet latency,"[""case"", ""noc"", ""op"", ""bytes"", ""blocking cyc/iter"", ""pipelined issue cyc/iter"", ""pipelined complete cyc/iter"", ""pipelined tail cyc"", ""blocking-minus-issue cyc""]","[""y-far"", ""0"", ""read"", ""64"", ""187.129"", ""29.137"", ""29.699"", ""144"", ""157.992""]"
boop-docs/microbenching/docs/noc/noc-packet-latency-pipelined.md,131,Run 2026-06-24T17:58:00-04:00 NoC packet latency,"[""case"", ""noc"", ""op"", ""bytes"", ""blocking cyc/iter"", ""pipelined issue cyc/iter"", ""pipelined complete cyc/iter"", ""pipelined tail cyc"", ""blocking-minus-issue cyc""]","[""y-near"", ""0"", ""read"", ""64"", ""187.129"", ""29.137"", ""29.699"", ""144"", ""157.992""]"
boop-docs/microbenching/docs/noc/noc-packet-latency-pipelined.md,132,Run 2026-06-24T17:58:00-04:00 NoC packet latency,"[""case"", ""noc"", ""op"", ""bytes"", ""blocking cyc/iter"", ""pipelined issue cyc/iter"", ""pipelined complete cyc/iter"", ""pipelined tail cyc"", ""blocking-minus-issue cyc""]","[""2d-far"", ""0"", ""write"", ""16"", ""337.129"", ""27.137"", ""28.293"", ""296"", ""309.992""]"
boop-docs/microbenching/docs/noc/noc-packet-latency-pipelined.md,133,Run 2026-06-24T17:58:00-04:00 NoC packet latency,"[""case"", ""noc"", ""op"", ""bytes"", ""blocking cyc/iter"", ""pipelined issue cyc/iter"", ""pipelined complete cyc/iter"", ""pipelined tail cyc"", ""blocking-minus-issue cyc""]","[""x-far"", ""0"", ""write"", ""16"", ""225.129"", ""27.137"", ""27.887"", ""192"", ""197.992""]"
boop-docs/microbenching/docs/noc/noc-packet-latency-pipelined.md,134,Run 2026-06-24T17:58:00-04:00 NoC packet latency,"[""case"", ""noc"", ""op"", ""bytes"", ""blocking cyc/iter"", ""pipelined issue cyc/iter"", ""pipelined complete cyc/iter"", ""pipelined tail cyc"", ""blocking-minus-issue cyc""]","[""x-near"", ""0"", ""write"", ""16"", ""225.129"", ""27.137"", ""27.887"", ""192"", ""197.992""]"
boop-docs/microbenching/docs/noc/noc-packet-latency-pipelined.md,135,Run 2026-06-24T17:58:00-04:00 NoC packet latency,"[""case"", ""noc"", ""op"", ""bytes"", ""blocking cyc/iter"", ""pipelined issue cyc/iter"", ""pipelined complete cyc/iter"", ""pipelined tail cyc"", ""blocking-minus-issue cyc""]","[""y-far"", ""0"", ""write"", ""16"", ""177.160"", ""27.137"", ""27.699"", ""144"", ""150.023""]"
boop-docs/microbenching/docs/noc/noc-packet-latency-pipelined.md,136,Run 2026-06-24T17:58:00-04:00 NoC packet latency,"[""case"", ""noc"", ""op"", ""bytes"", ""blocking cyc/iter"", ""pipelined issue cyc/iter"", ""pipelined complete cyc/iter"", ""pipelined tail cyc"", ""blocking-minus-issue cyc""]","[""y-near"", ""0"", ""write"", ""16"", ""177.160"", ""27.137"", ""27.699"", ""144"", ""150.023""]"
boop-docs/microbenching/docs/noc/noc-packet-latency-pipelined.md,137,Run 2026-06-24T17:58:00-04:00 NoC packet latency,"[""case"", ""noc"", ""op"", ""bytes"", ""blocking cyc/iter"", ""pipelined issue cyc/iter"", ""pipelined complete cyc/iter"", ""pipelined tail cyc"", ""blocking-minus-issue cyc""]","[""2d-far"", ""0"", ""write"", ""64"", ""337.129"", ""27.137"", ""28.293"", ""296"", ""309.992""]"
boop-docs/microbenching/docs/noc/noc-packet-latency-pipelined.md,138,Run 2026-06-24T17:58:00-04:00 NoC packet latency,"[""case"", ""noc"", ""op"", ""bytes"", ""blocking cyc/iter"", ""pipelined issue cyc/iter"", ""pipelined complete cyc/iter"", ""pipelined tail cyc"", ""blocking-minus-issue cyc""]","[""x-far"", ""0"", ""write"", ""64"", ""225.129"", ""27.137"", ""27.887"", ""192"", ""197.992""]"
boop-docs/microbenching/docs/noc/noc-packet-latency-pipelined.md,139,Run 2026-06-24T17:58:00-04:00 NoC packet latency,"[""case"", ""noc"", ""op"", ""bytes"", ""blocking cyc/iter"", ""pipelined issue cyc/iter"", ""pipelined complete cyc/iter"", ""pipelined tail cyc"", ""blocking-minus-issue cyc""]","[""x-near"", ""0"", ""write"", ""64"", ""225.129"", ""27.137"", ""27.887"", ""192"", ""197.992""]"
boop-docs/microbenching/docs/noc/noc-packet-latency-pipelined.md,140,Run 2026-06-24T17:58:00-04:00 NoC packet latency,"[""case"", ""noc"", ""op"", ""bytes"", ""blocking cyc/iter"", ""pipelined issue cyc/iter"", ""pipelined complete cyc/iter"", ""pipelined tail cyc"", ""blocking-minus-issue cyc""]","[""y-far"", ""0"", ""write"", ""64"", ""177.160"", ""27.137"", ""27.699"", ""144"", ""150.023""]"
boop-docs/microbenching/docs/noc/noc-packet-latency-pipelined.md,141,Run 2026-06-24T17:58:00-04:00 NoC packet latency,"[""case"", ""noc"", ""op"", ""bytes"", ""blocking cyc/iter"", ""pipelined issue cyc/iter"", ""pipelined complete cyc/iter"", ""pipelined tail cyc"", ""blocking-minus-issue cyc""]","[""y-near"", ""0"", ""write"", ""64"", ""177.160"", ""27.137"", ""27.699"", ""144"", ""150.023""]"
boop-docs/microbenching/docs/noc/noc-packet-latency-pipelined.md,142,Run 2026-06-24T17:58:00-04:00 NoC packet latency,"[""case"", ""noc"", ""op"", ""bytes"", ""blocking cyc/iter"", ""pipelined issue cyc/iter"", ""pipelined complete cyc/iter"", ""pipelined tail cyc"", ""blocking-minus-issue cyc""]","[""2d-far"", ""1"", ""read"", ""16"", ""339.129"", ""29.137"", ""30.324"", ""304"", ""309.992""]"
boop-docs/microbenching/docs/noc/noc-packet-latency-pipelined.md,143,Run 2026-06-24T17:58:00-04:00 NoC packet latency,"[""case"", ""noc"", ""op"", ""bytes"", ""blocking cyc/iter"", ""pipelined issue cyc/iter"", ""pipelined complete cyc/iter"", ""pipelined tail cyc"", ""blocking-minus-issue cyc""]","[""x-far"", ""1"", ""read"", ""16"", ""227.129"", ""29.137"", ""29.887"", ""192"", ""197.992""]"
boop-docs/microbenching/docs/noc/noc-packet-latency-pipelined.md,144,Run 2026-06-24T17:58:00-04:00 NoC packet latency,"[""case"", ""noc"", ""op"", ""bytes"", ""blocking cyc/iter"", ""pipelined issue cyc/iter"", ""pipelined complete cyc/iter"", ""pipelined tail cyc"", ""blocking-minus-issue cyc""]","[""x-near"", ""1"", ""read"", ""16"", ""227.129"", ""29.137"", ""29.887"", ""192"", ""197.992""]"
boop-docs/microbenching/docs/noc/noc-packet-latency-pipelined.md,145,Run 2026-06-24T17:58:00-04:00 NoC packet latency,"[""case"", ""noc"", ""op"", ""bytes"", ""blocking cyc/iter"", ""pipelined issue cyc/iter"", ""pipelined complete cyc/iter"", ""pipelined tail cyc"", ""blocking-minus-issue cyc""]","[""y-far"", ""1"", ""read"", ""16"", ""187.129"", ""29.137"", ""29.699"", ""144"", ""157.992""]"
boop-docs/microbenching/docs/noc/noc-packet-latency-pipelined.md,146,Run 2026-06-24T17:58:00-04:00 NoC packet latency,"[""case"", ""noc"", ""op"", ""bytes"", ""blocking cyc/iter"", ""pipelined issue cyc/iter"", ""pipelined complete cyc/iter"", ""pipelined tail cyc"", ""blocking-minus-issue cyc""]","[""y-near"", ""1"", ""read"", ""16"", ""187.129"", ""29.137"", ""29.699"", ""144"", ""157.992""]"
boop-docs/microbenching/docs/noc/noc-packet-latency-pipelined.md,147,Run 2026-06-24T17:58:00-04:00 NoC packet latency,"[""case"", ""noc"", ""op"", ""bytes"", ""blocking cyc/iter"", ""pipelined issue cyc/iter"", ""pipelined complete cyc/iter"", ""pipelined tail cyc"", ""blocking-minus-issue cyc""]","[""2d-far"", ""1"", ""read"", ""64"", ""339.129"", ""29.137"", ""30.324"", ""304"", ""309.992""]"
boop-docs/microbenching/docs/noc/noc-packet-latency-pipelined.md,148,Run 2026-06-24T17:58:00-04:00 NoC packet latency,"[""case"", ""noc"", ""op"", ""bytes"", ""blocking cyc/iter"", ""pipelined issue cyc/iter"", ""pipelined complete cyc/iter"", ""pipelined tail cyc"", ""blocking-minus-issue cyc""]","[""x-far"", ""1"", ""read"", ""64"", ""227.129"", ""29.137"", ""29.887"", ""192"", ""197.992""]"
boop-docs/microbenching/docs/noc/noc-packet-latency-pipelined.md,149,Run 2026-06-24T17:58:00-04:00 NoC packet latency,"[""case"", ""noc"", ""op"", ""bytes"", ""blocking cyc/iter"", ""pipelined issue cyc/iter"", ""pipelined complete cyc/iter"", ""pipelined tail cyc"", ""blocking-minus-issue cyc""]","[""x-near"", ""1"", ""read"", ""64"", ""227.129"", ""29.137"", ""29.887"", ""192"", ""197.992""]"
boop-docs/microbenching/docs/noc/noc-packet-latency-pipelined.md,150,Run 2026-06-24T17:58:00-04:00 NoC packet latency,"[""case"", ""noc"", ""op"", ""bytes"", ""blocking cyc/iter"", ""pipelined issue cyc/iter"", ""pipelined complete cyc/iter"", ""pipelined tail cyc"", ""blocking-minus-issue cyc""]","[""y-far"", ""1"", ""read"", ""64"", ""187.129"", ""29.137"", ""29.699"", ""144"", ""157.992""]"
boop-docs/microbenching/docs/noc/noc-packet-latency-pipelined.md,151,Run 2026-06-24T17:58:00-04:00 NoC packet latency,"[""case"", ""noc"", ""op"", ""bytes"", ""blocking cyc/iter"", ""pipelined issue cyc/iter"", ""pipelined complete cyc/iter"", ""pipelined tail cyc"", ""blocking-minus-issue cyc""]","[""y-near"", ""1"", ""read"", ""64"", ""187.129"", ""29.137"", ""29.699"", ""144"", ""157.992""]"
boop-docs/microbenching/docs/noc/noc-packet-latency-pipelined.md,152,Run 2026-06-24T17:58:00-04:00 NoC packet latency,"[""case"", ""noc"", ""op"", ""bytes"", ""blocking cyc/iter"", ""pipelined issue cyc/iter"", ""pipelined complete cyc/iter"", ""pipelined tail cyc"", ""blocking-minus-issue cyc""]","[""2d-far"", ""1"", ""write"", ""16"", ""337.129"", ""27.137"", ""28.293"", ""296"", ""309.992""]"
boop-docs/microbenching/docs/noc/noc-packet-latency-pipelined.md,153,Run 2026-06-24T17:58:00-04:00 NoC packet latency,"[""case"", ""noc"", ""op"", ""bytes"", ""blocking cyc/iter"", ""pipelined issue cyc/iter"", ""pipelined complete cyc/iter"", ""pipelined tail cyc"", ""blocking-minus-issue cyc""]","[""x-far"", ""1"", ""write"", ""16"", ""225.129"", ""27.137"", ""27.887"", ""192"", ""197.992""]"
boop-docs/microbenching/docs/noc/noc-packet-latency-pipelined.md,154,Run 2026-06-24T17:58:00-04:00 NoC packet latency,"[""case"", ""noc"", ""op"", ""bytes"", ""blocking cyc/iter"", ""pipelined issue cyc/iter"", ""pipelined complete cyc/iter"", ""pipelined tail cyc"", ""blocking-minus-issue cyc""]","[""x-near"", ""1"", ""write"", ""16"", ""225.129"", ""27.137"", ""27.887"", ""192"", ""197.992""]"
boop-docs/microbenching/docs/noc/noc-packet-latency-pipelined.md,155,Run 2026-06-24T17:58:00-04:00 NoC packet latency,"[""case"", ""noc"", ""op"", ""bytes"", ""blocking cyc/iter"", ""pipelined issue cyc/iter"", ""pipelined complete cyc/iter"", ""pipelined tail cyc"", ""blocking-minus-issue cyc""]","[""y-far"", ""1"", ""write"", ""16"", ""177.160"", ""27.137"", ""27.699"", ""144"", ""150.023""]"
boop-docs/microbenching/docs/noc/noc-packet-latency-pipelined.md,156,Run 2026-06-24T17:58:00-04:00 NoC packet latency,"[""case"", ""noc"", ""op"", ""bytes"", ""blocking cyc/iter"", ""pipelined issue cyc/iter"", ""pipelined complete cyc/iter"", ""pipelined tail cyc"", ""blocking-minus-issue cyc""]","[""y-near"", ""1"", ""write"", ""16"", ""177.160"", ""27.137"", ""27.699"", ""144"", ""150.023""]"
boop-docs/microbenching/docs/noc/noc-packet-latency-pipelined.md,157,Run 2026-06-24T17:58:00-04:00 NoC packet latency,"[""case"", ""noc"", ""op"", ""bytes"", ""blocking cyc/iter"", ""pipelined issue cyc/iter"", ""pipelined complete cyc/iter"", ""pipelined tail cyc"", ""blocking-minus-issue cyc""]","[""2d-far"", ""1"", ""write"", ""64"", ""337.129"", ""27.137"", ""28.293"", ""296"", ""309.992""]"
boop-docs/microbenching/docs/noc/noc-packet-latency-pipelined.md,158,Run 2026-06-24T17:58:00-04:00 NoC packet latency,"[""case"", ""noc"", ""op"", ""bytes"", ""blocking cyc/iter"", ""pipelined issue cyc/iter"", ""pipelined complete cyc/iter"", ""pipelined tail cyc"", ""blocking-minus-issue cyc""]","[""x-far"", ""1"", ""write"", ""64"", ""225.129"", ""27.137"", ""27.887"", ""192"", ""197.992""]"
boop-docs/microbenching/docs/noc/noc-packet-latency-pipelined.md,159,Run 2026-06-24T17:58:00-04:00 NoC packet latency,"[""case"", ""noc"", ""op"", ""bytes"", ""blocking cyc/iter"", ""pipelined issue cyc/iter"", ""pipelined complete cyc/iter"", ""pipelined tail cyc"", ""blocking-minus-issue cyc""]","[""x-near"", ""1"", ""write"", ""64"", ""225.129"", ""27.137"", ""27.887"", ""192"", ""197.992""]"
boop-docs/microbenching/docs/noc/noc-packet-latency-pipelined.md,160,Run 2026-06-24T17:58:00-04:00 NoC packet latency,"[""case"", ""noc"", ""op"", ""bytes"", ""blocking cyc/iter"", ""pipelined issue cyc/iter"", ""pipelined complete cyc/iter"", ""pipelined tail cyc"", ""blocking-minus-issue cyc""]","[""y-far"", ""1"", ""write"", ""64"", ""177.160"", ""27.137"", ""27.699"", ""144"", ""150.023""]"
boop-docs/microbenching/docs/noc/noc-packet-latency-pipelined.md,161,Run 2026-06-24T17:58:00-04:00 NoC packet latency,"[""case"", ""noc"", ""op"", ""bytes"", ""blocking cyc/iter"", ""pipelined issue cyc/iter"", ""pipelined complete cyc/iter"", ""pipelined tail cyc"", ""blocking-minus-issue cyc""]","[""y-near"", ""1"", ""write"", ""64"", ""177.160"", ""27.137"", ""27.699"", ""144"", ""150.023""]"
boop-docs/microbenching/docs/noc/noc-packet-latency-pipelined.md,165,Run 2026-06-24T17:58:00-04:00 NoC packet latency,"[""case"", ""mode"", ""noc"", ""bytes"", ""read-minus-write issue cyc"", ""read-minus-write complete cyc""]","[""2d-far"", ""blocking"", ""0"", ""16"", ""2.000"", ""2.000""]"
boop-docs/microbenching/docs/noc/noc-packet-latency-pipelined.md,166,Run 2026-06-24T17:58:00-04:00 NoC packet latency,"[""case"", ""mode"", ""noc"", ""bytes"", ""read-minus-write issue cyc"", ""read-minus-write complete cyc""]","[""2d-far"", ""blocking"", ""0"", ""64"", ""2.000"", ""2.000""]"
boop-docs/microbenching/docs/noc/noc-packet-latency-pipelined.md,167,Run 2026-06-24T17:58:00-04:00 NoC packet latency,"[""case"", ""mode"", ""noc"", ""bytes"", ""read-minus-write issue cyc"", ""read-minus-write complete cyc""]","[""2d-far"", ""blocking"", ""1"", ""16"", ""2.000"", ""2.000""]"
boop-docs/microbenching/docs/noc/noc-packet-latency-pipelined.md,168,Run 2026-06-24T17:58:00-04:00 NoC packet latency,"[""case"", ""mode"", ""noc"", ""bytes"", ""read-minus-write issue cyc"", ""read-minus-write complete cyc""]","[""2d-far"", ""blocking"", ""1"", ""64"", ""2.000"", ""2.000""]"
boop-docs/microbenching/docs/noc/noc-packet-latency-pipelined.md,169,Run 2026-06-24T17:58:00-04:00 NoC packet latency,"[""case"", ""mode"", ""noc"", ""bytes"", ""read-minus-write issue cyc"", ""read-minus-write complete cyc""]","[""2d-far"", ""pipelined"", ""0"", ""16"", ""2.000"", ""2.031""]"
boop-docs/microbenching/docs/noc/noc-packet-latency-pipelined.md,170,Run 2026-06-24T17:58:00-04:00 NoC packet latency,"[""case"", ""mode"", ""noc"", ""bytes"", ""read-minus-write issue cyc"", ""read-minus-write complete cyc""]","[""2d-far"", ""pipelined"", ""0"", ""64"", ""2.000"", ""2.031""]"
boop-docs/microbenching/docs/noc/noc-packet-latency-pipelined.md,171,Run 2026-06-24T17:58:00-04:00 NoC packet latency,"[""case"", ""mode"", ""noc"", ""bytes"", ""read-minus-write issue cyc"", ""read-minus-write complete cyc""]","[""2d-far"", ""pipelined"", ""1"", ""16"", ""2.000"", ""2.031""]"
boop-docs/microbenching/docs/noc/noc-packet-latency-pipelined.md,172,Run 2026-06-24T17:58:00-04:00 NoC packet latency,"[""case"", ""mode"", ""noc"", ""bytes"", ""read-minus-write issue cyc"", ""read-minus-write complete cyc""]","[""2d-far"", ""pipelined"", ""1"", ""64"", ""2.000"", ""2.031""]"
boop-docs/microbenching/docs/noc/noc-packet-latency-pipelined.md,173,Run 2026-06-24T17:58:00-04:00 NoC packet latency,"[""case"", ""mode"", ""noc"", ""bytes"", ""read-minus-write issue cyc"", ""read-minus-write complete cyc""]","[""x-far"", ""blocking"", ""0"", ""16"", ""2.000"", ""2.000""]"
boop-docs/microbenching/docs/noc/noc-packet-latency-pipelined.md,174,Run 2026-06-24T17:58:00-04:00 NoC packet latency,"[""case"", ""mode"", ""noc"", ""bytes"", ""read-minus-write issue cyc"", ""read-minus-write complete cyc""]","[""x-far"", ""blocking"", ""0"", ""64"", ""2.000"", ""2.000""]"
boop-docs/microbenching/docs/noc/noc-packet-latency-pipelined.md,175,Run 2026-06-24T17:58:00-04:00 NoC packet latency,"[""case"", ""mode"", ""noc"", ""bytes"", ""read-minus-write issue cyc"", ""read-minus-write complete cyc""]","[""x-far"", ""blocking"", ""1"", ""16"", ""2.000"", ""2.000""]"
boop-docs/microbenching/docs/noc/noc-packet-latency-pipelined.md,176,Run 2026-06-24T17:58:00-04:00 NoC packet latency,"[""case"", ""mode"", ""noc"", ""bytes"", ""read-minus-write issue cyc"", ""read-minus-write complete cyc""]","[""x-far"", ""blocking"", ""1"", ""64"", ""2.000"", ""2.000""]"
boop-docs/microbenching/docs/noc/noc-packet-latency-pipelined.md,177,Run 2026-06-24T17:58:00-04:00 NoC packet latency,"[""case"", ""mode"", ""noc"", ""bytes"", ""read-minus-write issue cyc"", ""read-minus-write complete cyc""]","[""x-far"", ""pipelined"", ""0"", ""16"", ""2.000"", ""2.000""]"
boop-docs/microbenching/docs/noc/noc-packet-latency-pipelined.md,178,Run 2026-06-24T17:58:00-04:00 NoC packet latency,"[""case"", ""mode"", ""noc"", ""bytes"", ""read-minus-write issue cyc"", ""read-minus-write complete cyc""]","[""x-far"", ""pipelined"", ""0"", ""64"", ""2.000"", ""2.000""]"
boop-docs/microbenching/docs/noc/noc-packet-latency-pipelined.md,179,Run 2026-06-24T17:58:00-04:00 NoC packet latency,"[""case"", ""mode"", ""noc"", ""bytes"", ""read-minus-write issue cyc"", ""read-minus-write complete cyc""]","[""x-far"", ""pipelined"", ""1"", ""16"", ""2.000"", ""2.000""]"
boop-docs/microbenching/docs/noc/noc-packet-latency-pipelined.md,180,Run 2026-06-24T17:58:00-04:00 NoC packet latency,"[""case"", ""mode"", ""noc"", ""bytes"", ""read-minus-write issue cyc"", ""read-minus-write complete cyc""]","[""x-far"", ""pipelined"", ""1"", ""64"", ""2.000"", ""2.000""]"
boop-docs/microbenching/docs/noc/noc-packet-latency-pipelined.md,181,Run 2026-06-24T17:58:00-04:00 NoC packet latency,"[""case"", ""mode"", ""noc"", ""bytes"", ""read-minus-write issue cyc"", ""read-minus-write complete cyc""]","[""x-near"", ""blocking"", ""0"", ""16"", ""1.973"", ""1.973""]"
boop-docs/microbenching/docs/noc/noc-packet-latency-pipelined.md,182,Run 2026-06-24T17:58:00-04:00 NoC packet latency,"[""case"", ""mode"", ""noc"", ""bytes"", ""read-minus-write issue cyc"", ""read-minus-write complete cyc""]","[""x-near"", ""blocking"", ""0"", ""64"", ""2.000"", ""2.000""]"
boop-docs/microbenching/docs/noc/noc-packet-latency-pipelined.md,183,Run 2026-06-24T17:58:00-04:00 NoC packet latency,"[""case"", ""mode"", ""noc"", ""bytes"", ""read-minus-write issue cyc"", ""read-minus-write complete cyc""]","[""x-near"", ""blocking"", ""1"", ""16"", ""2.000"", ""2.000""]"
boop-docs/microbenching/docs/noc/noc-packet-latency-pipelined.md,184,Run 2026-06-24T17:58:00-04:00 NoC packet latency,"[""case"", ""mode"", ""noc"", ""bytes"", ""read-minus-write issue cyc"", ""read-minus-write complete cyc""]","[""x-near"", ""blocking"", ""1"", ""64"", ""2.000"", ""2.000""]"
boop-docs/microbenching/docs/noc/noc-packet-latency-pipelined.md,185,Run 2026-06-24T17:58:00-04:00 NoC packet latency,"[""case"", ""mode"", ""noc"", ""bytes"", ""read-minus-write issue cyc"", ""read-minus-write complete cyc""]","[""x-near"", ""pipelined"", ""0"", ""16"", ""2.000"", ""2.000""]"
boop-docs/microbenching/docs/noc/noc-packet-latency-pipelined.md,186,Run 2026-06-24T17:58:00-04:00 NoC packet latency,"[""case"", ""mode"", ""noc"", ""bytes"", ""read-minus-write issue cyc"", ""read-minus-write complete cyc""]","[""x-near"", ""pipelined"", ""0"", ""64"", ""2.000"", ""2.000""]"
boop-docs/microbenching/docs/noc/noc-packet-latency-pipelined.md,187,Run 2026-06-24T17:58:00-04:00 NoC packet latency,"[""case"", ""mode"", ""noc"", ""bytes"", ""read-minus-write issue cyc"", ""read-minus-write complete cyc""]","[""x-near"", ""pipelined"", ""1"", ""16"", ""2.000"", ""2.000""]"
boop-docs/microbenching/docs/noc/noc-packet-latency-pipelined.md,188,Run 2026-06-24T17:58:00-04:00 NoC packet latency,"[""case"", ""mode"", ""noc"", ""bytes"", ""read-minus-write issue cyc"", ""read-minus-write complete cyc""]","[""x-near"", ""pipelined"", ""1"", ""64"", ""2.000"", ""2.000""]"
boop-docs/microbenching/docs/noc/noc-packet-latency-pipelined.md,189,Run 2026-06-24T17:58:00-04:00 NoC packet latency,"[""case"", ""mode"", ""noc"", ""bytes"", ""read-minus-write issue cyc"", ""read-minus-write complete cyc""]","[""y-far"", ""blocking"", ""0"", ""16"", ""9.969"", ""9.969""]"
boop-docs/microbenching/docs/noc/noc-packet-latency-pipelined.md,190,Run 2026-06-24T17:58:00-04:00 NoC packet latency,"[""case"", ""mode"", ""noc"", ""bytes"", ""read-minus-write issue cyc"", ""read-minus-write complete cyc""]","[""y-far"", ""blocking"", ""0"", ""64"", ""9.969"", ""9.969""]"
boop-docs/microbenching/docs/noc/noc-packet-latency-pipelined.md,191,Run 2026-06-24T17:58:00-04:00 NoC packet latency,"[""case"", ""mode"", ""noc"", ""bytes"", ""read-minus-write issue cyc"", ""read-minus-write complete cyc""]","[""y-far"", ""blocking"", ""1"", ""16"", ""9.969"", ""9.969""]"
boop-docs/microbenching/docs/noc/noc-packet-latency-pipelined.md,192,Run 2026-06-24T17:58:00-04:00 NoC packet latency,"[""case"", ""mode"", ""noc"", ""bytes"", ""read-minus-write issue cyc"", ""read-minus-write complete cyc""]","[""y-far"", ""blocking"", ""1"", ""64"", ""9.969"", ""9.969""]"
boop-docs/microbenching/docs/noc/noc-packet-latency-pipelined.md,193,Run 2026-06-24T17:58:00-04:00 NoC packet latency,"[""case"", ""mode"", ""noc"", ""bytes"", ""read-minus-write issue cyc"", ""read-minus-write complete cyc""]","[""y-far"", ""pipelined"", ""0"", ""16"", ""2.000"", ""2.000""]"
boop-docs/microbenching/docs/noc/noc-packet-latency-pipelined.md,194,Run 2026-06-24T17:58:00-04:00 NoC packet latency,"[""case"", ""mode"", ""noc"", ""bytes"", ""read-minus-write issue cyc"", ""read-minus-write complete cyc""]","[""y-far"", ""pipelined"", ""0"", ""64"", ""2.000"", ""2.000""]"
boop-docs/microbenching/docs/noc/noc-packet-latency-pipelined.md,195,Run 2026-06-24T17:58:00-04:00 NoC packet latency,"[""case"", ""mode"", ""noc"", ""bytes"", ""read-minus-write issue cyc"", ""read-minus-write complete cyc""]","[""y-far"", ""pipelined"", ""1"", ""16"", ""2.000"", ""2.000""]"
boop-docs/microbenching/docs/noc/noc-packet-latency-pipelined.md,196,Run 2026-06-24T17:58:00-04:00 NoC packet latency,"[""case"", ""mode"", ""noc"", ""bytes"", ""read-minus-write issue cyc"", ""read-minus-write complete cyc""]","[""y-far"", ""pipelined"", ""1"", ""64"", ""2.000"", ""2.000""]"
boop-docs/microbenching/docs/noc/noc-packet-latency-pipelined.md,197,Run 2026-06-24T17:58:00-04:00 NoC packet latency,"[""case"", ""mode"", ""noc"", ""bytes"", ""read-minus-write issue cyc"", ""read-minus-write complete cyc""]","[""y-near"", ""blocking"", ""0"", ""16"", ""9.969"", ""9.969""]"
boop-docs/microbenching/docs/noc/noc-packet-latency-pipelined.md,198,Run 2026-06-24T17:58:00-04:00 NoC packet latency,"[""case"", ""mode"", ""noc"", ""bytes"", ""read-minus-write issue cyc"", ""read-minus-write complete cyc""]","[""y-near"", ""blocking"", ""0"", ""64"", ""9.969"", ""9.969""]"
boop-docs/microbenching/docs/noc/noc-packet-latency-pipelined.md,199,Run 2026-06-24T17:58:00-04:00 NoC packet latency,"[""case"", ""mode"", ""noc"", ""bytes"", ""read-minus-write issue cyc"", ""read-minus-write complete cyc""]","[""y-near"", ""blocking"", ""1"", ""16"", ""9.969"", ""9.969""]"
boop-docs/microbenching/docs/noc/noc-packet-latency-pipelined.md,200,Run 2026-06-24T17:58:00-04:00 NoC packet latency,"[""case"", ""mode"", ""noc"", ""bytes"", ""read-minus-write issue cyc"", ""read-minus-write complete cyc""]","[""y-near"", ""blocking"", ""1"", ""64"", ""9.969"", ""9.969""]"
boop-docs/microbenching/docs/noc/noc-packet-latency-pipelined.md,201,Run 2026-06-24T17:58:00-04:00 NoC packet latency,"[""case"", ""mode"", ""noc"", ""bytes"", ""read-minus-write issue cyc"", ""read-minus-write complete cyc""]","[""y-near"", ""pipelined"", ""0"", ""16"", ""2.000"", ""2.000""]"
boop-docs/microbenching/docs/noc/noc-packet-latency-pipelined.md,202,Run 2026-06-24T17:58:00-04:00 NoC packet latency,"[""case"", ""mode"", ""noc"", ""bytes"", ""read-minus-write issue cyc"", ""read-minus-write complete cyc""]","[""y-near"", ""pipelined"", ""0"", ""64"", ""2.000"", ""2.000""]"
boop-docs/microbenching/docs/noc/noc-packet-latency-pipelined.md,203,Run 2026-06-24T17:58:00-04:00 NoC packet latency,"[""case"", ""mode"", ""noc"", ""bytes"", ""read-minus-write issue cyc"", ""read-minus-write complete cyc""]","[""y-near"", ""pipelined"", ""1"", ""16"", ""2.000"", ""2.000""]"
boop-docs/microbenching/docs/noc/noc-packet-latency-pipelined.md,204,Run 2026-06-24T17:58:00-04:00 NoC packet latency,"[""case"", ""mode"", ""noc"", ""bytes"", ""read-minus-write issue cyc"", ""read-minus-write complete cyc""]","[""y-near"", ""pipelined"", ""1"", ""64"", ""2.000"", ""2.000""]"
boop-docs/microbenching/docs/noc/noc-packet-latency.md,18,Run 2026-06-13T16:55:09-04:00 NoC packet latency,"[""case"", ""noc"", ""op"", ""translated src"", ""translated dst"", ""raw noc0 route"", ""raw noc route"", ""hops"", ""x"", ""y"", ""wraps"", ""bytes"", ""iters"", ""cyc/iter"", ""B/cyc"", ""counter"", ""sink""]","[""x-near"", ""0"", ""read"", ""`1,2`"", ""`2,2`"", ""`1,2->2,2`"", ""`1,2->2,2`"", ""1"", ""1"", ""0"", ""0"", ""4"", ""256"", ""235.102"", ""0.017"", ""256"", ""0xa5000000""]"
boop-docs/microbenching/docs/noc/noc-packet-latency.md,19,Run 2026-06-13T16:55:09-04:00 NoC packet latency,"[""case"", ""noc"", ""op"", ""translated src"", ""translated dst"", ""raw noc0 route"", ""raw noc route"", ""hops"", ""x"", ""y"", ""wraps"", ""bytes"", ""iters"", ""cyc/iter"", ""B/cyc"", ""counter"", ""sink""]","[""x-near"", ""0"", ""read"", ""`1,2`"", ""`2,2`"", ""`1,2->2,2`"", ""`1,2->2,2`"", ""1"", ""1"", ""0"", ""0"", ""16"", ""256"", ""227.117"", ""0.070"", ""256"", ""0xa5000000""]"
boop-docs/microbenching/docs/noc/noc-packet-latency.md,20,Run 2026-06-13T16:55:09-04:00 NoC packet latency,"[""case"", ""noc"", ""op"", ""translated src"", ""translated dst"", ""raw noc0 route"", ""raw noc route"", ""hops"", ""x"", ""y"", ""wraps"", ""bytes"", ""iters"", ""cyc/iter"", ""B/cyc"", ""counter"", ""sink""]","[""x-near"", ""0"", ""read"", ""`1,2`"", ""`2,2`"", ""`1,2->2,2`"", ""`1,2->2,2`"", ""1"", ""1"", ""0"", ""0"", ""64"", ""256"", ""227.117"", ""0.282"", ""256"", ""0xa5000000""]"
boop-docs/microbenching/docs/noc/noc-packet-latency.md,21,Run 2026-06-13T16:55:09-04:00 NoC packet latency,"[""case"", ""noc"", ""op"", ""translated src"", ""translated dst"", ""raw noc0 route"", ""raw noc route"", ""hops"", ""x"", ""y"", ""wraps"", ""bytes"", ""iters"", ""cyc/iter"", ""B/cyc"", ""counter"", ""sink""]","[""x-near"", ""0"", ""read"", ""`1,2`"", ""`2,2`"", ""`1,2->2,2`"", ""`1,2->2,2`"", ""1"", ""1"", ""0"", ""0"", ""256"", ""256"", ""235.117"", ""1.089"", ""256"", ""0xa5000000""]"
boop-docs/microbenching/docs/noc/noc-packet-latency.md,22,Run 2026-06-13T16:55:09-04:00 NoC packet latency,"[""case"", ""noc"", ""op"", ""translated src"", ""translated dst"", ""raw noc0 route"", ""raw noc route"", ""hops"", ""x"", ""y"", ""wraps"", ""bytes"", ""iters"", ""cyc/iter"", ""B/cyc"", ""counter"", ""sink""]","[""x-near"", ""0"", ""read"", ""`1,2`"", ""`2,2`"", ""`1,2->2,2`"", ""`1,2->2,2`"", ""1"", ""1"", ""0"", ""0"", ""1024"", ""256"", ""243.117"", ""4.212"", ""256"", ""0xa5000000""]"
boop-docs/microbenching/docs/noc/noc-packet-latency.md,23,Run 2026-06-13T16:55:09-04:00 NoC packet latency,"[""case"", ""noc"", ""op"", ""translated src"", ""translated dst"", ""raw noc0 route"", ""raw noc route"", ""hops"", ""x"", ""y"", ""wraps"", ""bytes"", ""iters"", ""cyc/iter"", ""B/cyc"", ""counter"", ""sink""]","[""x-near"", ""0"", ""read"", ""`1,2`"", ""`2,2`"", ""`1,2->2,2`"", ""`1,2->2,2`"", ""1"", ""1"", ""0"", ""0"", ""4096"", ""256"", ""291.180"", ""14.067"", ""256"", ""0xa5000000""]"
boop-docs/microbenching/docs/noc/noc-packet-latency.md,24,Run 2026-06-13T16:55:09-04:00 NoC packet latency,"[""case"", ""noc"", ""op"", ""translated src"", ""translated dst"", ""raw noc0 route"", ""raw noc route"", ""hops"", ""x"", ""y"", ""wraps"", ""bytes"", ""iters"", ""cyc/iter"", ""B/cyc"", ""counter"", ""sink""]","[""x-near"", ""0"", ""read"", ""`1,2`"", ""`2,2`"", ""`1,2->2,2`"", ""`1,2->2,2`"", ""1"", ""1"", ""0"", ""0"", ""16384"", ""256"", ""483.180"", ""33.909"", ""256"", ""0xa5000000""]"
boop-docs/microbenching/docs/noc/noc-packet-latency.md,25,Run 2026-06-13T16:55:09-04:00 NoC packet latency,"[""case"", ""noc"", ""op"", ""translated src"", ""translated dst"", ""raw noc0 route"", ""raw noc route"", ""hops"", ""x"", ""y"", ""wraps"", ""bytes"", ""iters"", ""cyc/iter"", ""B/cyc"", ""counter"", ""sink""]","[""x-near"", ""0"", ""write"", ""`1,2`"", ""`2,2`"", ""`1,2->2,2`"", ""`1,2->2,2`"", ""1"", ""1"", ""0"", ""0"", ""4"", ""256"", ""233.133"", ""0.017"", ""256"", ""0xa5000000""]"
boop-docs/microbenching/docs/noc/noc-packet-latency.md,26,Run 2026-06-13T16:55:09-04:00 NoC packet latency,"[""case"", ""noc"", ""op"", ""translated src"", ""translated dst"", ""raw noc0 route"", ""raw noc route"", ""hops"", ""x"", ""y"", ""wraps"", ""bytes"", ""iters"", ""cyc/iter"", ""B/cyc"", ""counter"", ""sink""]","[""x-near"", ""0"", ""write"", ""`1,2`"", ""`2,2`"", ""`1,2->2,2`"", ""`1,2->2,2`"", ""1"", ""1"", ""0"", ""0"", ""16"", ""256"", ""225.117"", ""0.071"", ""256"", ""0xa5000000""]"
boop-docs/microbenching/docs/noc/noc-packet-latency.md,27,Run 2026-06-13T16:55:09-04:00 NoC packet latency,"[""case"", ""noc"", ""op"", ""translated src"", ""translated dst"", ""raw noc0 route"", ""raw noc route"", ""hops"", ""x"", ""y"", ""wraps"", ""bytes"", ""iters"", ""cyc/iter"", ""B/cyc"", ""counter"", ""sink""]","[""x-near"", ""0"", ""write"", ""`1,2`"", ""`2,2`"", ""`1,2->2,2`"", ""`1,2->2,2`"", ""1"", ""1"", ""0"", ""0"", ""64"", ""256"", ""225.117"", ""0.284"", ""256"", ""0xa5000000""]"
boop-docs/microbenching/docs/noc/noc-packet-latency.md,28,Run 2026-06-13T16:55:09-04:00 NoC packet latency,"[""case"", ""noc"", ""op"", ""translated src"", ""translated dst"", ""raw noc0 route"", ""raw noc route"", ""hops"", ""x"", ""y"", ""wraps"", ""bytes"", ""iters"", ""cyc/iter"", ""B/cyc"", ""counter"", ""sink""]","[""x-near"", ""0"", ""write"", ""`1,2`"", ""`2,2`"", ""`1,2->2,2`"", ""`1,2->2,2`"", ""1"", ""1"", ""0"", ""0"", ""256"", ""256"", ""225.180"", ""1.137"", ""256"", ""0xa5000000""]"
boop-docs/microbenching/docs/noc/noc-packet-latency.md,29,Run 2026-06-13T16:55:09-04:00 NoC packet latency,"[""case"", ""noc"", ""op"", ""translated src"", ""translated dst"", ""raw noc0 route"", ""raw noc route"", ""hops"", ""x"", ""y"", ""wraps"", ""bytes"", ""iters"", ""cyc/iter"", ""B/cyc"", ""counter"", ""sink""]","[""x-near"", ""0"", ""write"", ""`1,2`"", ""`2,2`"", ""`1,2->2,2`"", ""`1,2->2,2`"", ""1"", ""1"", ""0"", ""0"", ""1024"", ""256"", ""241.121"", ""4.247"", ""256"", ""0xa5000000""]"
boop-docs/microbenching/docs/noc/noc-packet-latency.md,30,Run 2026-06-13T16:55:09-04:00 NoC packet latency,"[""case"", ""noc"", ""op"", ""translated src"", ""translated dst"", ""raw noc0 route"", ""raw noc route"", ""hops"", ""x"", ""y"", ""wraps"", ""bytes"", ""iters"", ""cyc/iter"", ""B/cyc"", ""counter"", ""sink""]","[""x-near"", ""0"", ""write"", ""`1,2`"", ""`2,2`"", ""`1,2->2,2`"", ""`1,2->2,2`"", ""1"", ""1"", ""0"", ""0"", ""4096"", ""256"", ""289.117"", ""14.167"", ""256"", ""0xa5000000""]"
boop-docs/microbenching/docs/noc/noc-packet-latency.md,31,Run 2026-06-13T16:55:09-04:00 NoC packet latency,"[""case"", ""noc"", ""op"", ""translated src"", ""translated dst"", ""raw noc0 route"", ""raw noc route"", ""hops"", ""x"", ""y"", ""wraps"", ""bytes"", ""iters"", ""cyc/iter"", ""B/cyc"", ""counter"", ""sink""]","[""x-near"", ""0"", ""write"", ""`1,2`"", ""`2,2`"", ""`1,2->2,2`"", ""`1,2->2,2`"", ""1"", ""1"", ""0"", ""0"", ""16384"", ""256"", ""481.148"", ""34.052"", ""256"", ""0xa5000000""]"
boop-docs/microbenching/docs/noc/noc-packet-latency.md,32,Run 2026-06-13T16:55:09-04:00 NoC packet latency,"[""case"", ""noc"", ""op"", ""translated src"", ""translated dst"", ""raw noc0 route"", ""raw noc route"", ""hops"", ""x"", ""y"", ""wraps"", ""bytes"", ""iters"", ""cyc/iter"", ""B/cyc"", ""counter"", ""sink""]","[""x-far"", ""0"", ""read"", ""`1,2`"", ""`14,2`"", ""`1,2->16,2`"", ""`1,2->16,2`"", ""15"", ""15"", ""0"", ""0"", ""4"", ""256"", ""235.117"", ""0.017"", ""256"", ""0xa5000000""]"
boop-docs/microbenching/docs/noc/noc-packet-latency.md,33,Run 2026-06-13T16:55:09-04:00 NoC packet latency,"[""case"", ""noc"", ""op"", ""translated src"", ""translated dst"", ""raw noc0 route"", ""raw noc route"", ""hops"", ""x"", ""y"", ""wraps"", ""bytes"", ""iters"", ""cyc/iter"", ""B/cyc"", ""counter"", ""sink""]","[""x-far"", ""0"", ""read"", ""`1,2`"", ""`14,2`"", ""`1,2->16,2`"", ""`1,2->16,2`"", ""15"", ""15"", ""0"", ""0"", ""16"", ""256"", ""227.148"", ""0.070"", ""256"", ""0xa5000000""]"
boop-docs/microbenching/docs/noc/noc-packet-latency.md,34,Run 2026-06-13T16:55:09-04:00 NoC packet latency,"[""case"", ""noc"", ""op"", ""translated src"", ""translated dst"", ""raw noc0 route"", ""raw noc route"", ""hops"", ""x"", ""y"", ""wraps"", ""bytes"", ""iters"", ""cyc/iter"", ""B/cyc"", ""counter"", ""sink""]","[""x-far"", ""0"", ""read"", ""`1,2`"", ""`14,2`"", ""`1,2->16,2`"", ""`1,2->16,2`"", ""15"", ""15"", ""0"", ""0"", ""64"", ""256"", ""227.117"", ""0.282"", ""256"", ""0xa5000000""]"
boop-docs/microbenching/docs/noc/noc-packet-latency.md,35,Run 2026-06-13T16:55:09-04:00 NoC packet latency,"[""case"", ""noc"", ""op"", ""translated src"", ""translated dst"", ""raw noc0 route"", ""raw noc route"", ""hops"", ""x"", ""y"", ""wraps"", ""bytes"", ""iters"", ""cyc/iter"", ""B/cyc"", ""counter"", ""sink""]","[""x-far"", ""0"", ""read"", ""`1,2`"", ""`14,2`"", ""`1,2->16,2`"", ""`1,2->16,2`"", ""15"", ""15"", ""0"", ""0"", ""256"", ""256"", ""235.117"", ""1.089"", ""256"", ""0xa5000000""]"
boop-docs/microbenching/docs/noc/noc-packet-latency.md,36,Run 2026-06-13T16:55:09-04:00 NoC packet latency,"[""case"", ""noc"", ""op"", ""translated src"", ""translated dst"", ""raw noc0 route"", ""raw noc route"", ""hops"", ""x"", ""y"", ""wraps"", ""bytes"", ""iters"", ""cyc/iter"", ""B/cyc"", ""counter"", ""sink""]","[""x-far"", ""0"", ""read"", ""`1,2`"", ""`14,2`"", ""`1,2->16,2`"", ""`1,2->16,2`"", ""15"", ""15"", ""0"", ""0"", ""1024"", ""256"", ""243.117"", ""4.212"", ""256"", ""0xa5000000""]"
boop-docs/microbenching/docs/noc/noc-packet-latency.md,37,Run 2026-06-13T16:55:09-04:00 NoC packet latency,"[""case"", ""noc"", ""op"", ""translated src"", ""translated dst"", ""raw noc0 route"", ""raw noc route"", ""hops"", ""x"", ""y"", ""wraps"", ""bytes"", ""iters"", ""cyc/iter"", ""B/cyc"", ""counter"", ""sink""]","[""x-far"", ""0"", ""read"", ""`1,2`"", ""`14,2`"", ""`1,2->16,2`"", ""`1,2->16,2`"", ""15"", ""15"", ""0"", ""0"", ""4096"", ""256"", ""291.211"", ""14.065"", ""256"", ""0xa5000000""]"
boop-docs/microbenching/docs/noc/noc-packet-latency.md,38,Run 2026-06-13T16:55:09-04:00 NoC packet latency,"[""case"", ""noc"", ""op"", ""translated src"", ""translated dst"", ""raw noc0 route"", ""raw noc route"", ""hops"", ""x"", ""y"", ""wraps"", ""bytes"", ""iters"", ""cyc/iter"", ""B/cyc"", ""counter"", ""sink""]","[""x-far"", ""0"", ""read"", ""`1,2`"", ""`14,2`"", ""`1,2->16,2`"", ""`1,2->16,2`"", ""15"", ""15"", ""0"", ""0"", ""16384"", ""256"", ""483.648"", ""33.876"", ""256"", ""0xa5000000""]"
boop-docs/microbenching/docs/noc/noc-packet-latency.md,39,Run 2026-06-13T16:55:09-04:00 NoC packet latency,"[""case"", ""noc"", ""op"", ""translated src"", ""translated dst"", ""raw noc0 route"", ""raw noc route"", ""hops"", ""x"", ""y"", ""wraps"", ""bytes"", ""iters"", ""cyc/iter"", ""B/cyc"", ""counter"", ""sink""]","[""x-far"", ""0"", ""write"", ""`1,2`"", ""`14,2`"", ""`1,2->16,2`"", ""`1,2->16,2`"", ""15"", ""15"", ""0"", ""0"", ""4"", ""256"", ""233.133"", ""0.017"", ""256"", ""0xa5000000""]"
boop-docs/microbenching/docs/noc/noc-packet-latency.md,40,Run 2026-06-13T16:55:09-04:00 NoC packet latency,"[""case"", ""noc"", ""op"", ""translated src"", ""translated dst"", ""raw noc0 route"", ""raw noc route"", ""hops"", ""x"", ""y"", ""wraps"", ""bytes"", ""iters"", ""cyc/iter"", ""B/cyc"", ""counter"", ""sink""]","[""x-far"", ""0"", ""write"", ""`1,2`"", ""`14,2`"", ""`1,2->16,2`"", ""`1,2->16,2`"", ""15"", ""15"", ""0"", ""0"", ""16"", ""256"", ""225.117"", ""0.071"", ""256"", ""0xa5000000""]"
boop-docs/microbenching/docs/noc/noc-packet-latency.md,41,Run 2026-06-13T16:55:09-04:00 NoC packet latency,"[""case"", ""noc"", ""op"", ""translated src"", ""translated dst"", ""raw noc0 route"", ""raw noc route"", ""hops"", ""x"", ""y"", ""wraps"", ""bytes"", ""iters"", ""cyc/iter"", ""B/cyc"", ""counter"", ""sink""]","[""x-far"", ""0"", ""write"", ""`1,2`"", ""`14,2`"", ""`1,2->16,2`"", ""`1,2->16,2`"", ""15"", ""15"", ""0"", ""0"", ""64"", ""256"", ""225.117"", ""0.284"", ""256"", ""0xa5000000""]"
boop-docs/microbenching/docs/noc/noc-packet-latency.md,42,Run 2026-06-13T16:55:09-04:00 NoC packet latency,"[""case"", ""noc"", ""op"", ""translated src"", ""translated dst"", ""raw noc0 route"", ""raw noc route"", ""hops"", ""x"", ""y"", ""wraps"", ""bytes"", ""iters"", ""cyc/iter"", ""B/cyc"", ""counter"", ""sink""]","[""x-far"", ""0"", ""write"", ""`1,2`"", ""`14,2`"", ""`1,2->16,2`"", ""`1,2->16,2`"", ""15"", ""15"", ""0"", ""0"", ""256"", ""256"", ""225.117"", ""1.137"", ""256"", ""0xa5000000""]"
boop-docs/microbenching/docs/noc/noc-packet-latency.md,43,Run 2026-06-13T16:55:09-04:00 NoC packet latency,"[""case"", ""noc"", ""op"", ""translated src"", ""translated dst"", ""raw noc0 route"", ""raw noc route"", ""hops"", ""x"", ""y"", ""wraps"", ""bytes"", ""iters"", ""cyc/iter"", ""B/cyc"", ""counter"", ""sink""]","[""x-far"", ""0"", ""write"", ""`1,2`"", ""`14,2`"", ""`1,2->16,2`"", ""`1,2->16,2`"", ""15"", ""15"", ""0"", ""0"", ""1024"", ""256"", ""241.117"", ""4.247"", ""256"", ""0xa5000000""]"
boop-docs/microbenching/docs/noc/noc-packet-latency.md,44,Run 2026-06-13T16:55:09-04:00 NoC packet latency,"[""case"", ""noc"", ""op"", ""translated src"", ""translated dst"", ""raw noc0 route"", ""raw noc route"", ""hops"", ""x"", ""y"", ""wraps"", ""bytes"", ""iters"", ""cyc/iter"", ""B/cyc"", ""counter"", ""sink""]","[""x-far"", ""0"", ""write"", ""`1,2`"", ""`14,2`"", ""`1,2->16,2`"", ""`1,2->16,2`"", ""15"", ""15"", ""0"", ""0"", ""4096"", ""256"", ""289.117"", ""14.167"", ""256"", ""0xa5000000""]"
boop-docs/microbenching/docs/noc/noc-packet-latency.md,45,Run 2026-06-13T16:55:09-04:00 NoC packet latency,"[""case"", ""noc"", ""op"", ""translated src"", ""translated dst"", ""raw noc0 route"", ""raw noc route"", ""hops"", ""x"", ""y"", ""wraps"", ""bytes"", ""iters"", ""cyc/iter"", ""B/cyc"", ""counter"", ""sink""]","[""x-far"", ""0"", ""write"", ""`1,2`"", ""`14,2`"", ""`1,2->16,2`"", ""`1,2->16,2`"", ""15"", ""15"", ""0"", ""0"", ""16384"", ""256"", ""481.148"", ""34.052"", ""256"", ""0xa5000000""]"
boop-docs/microbenching/docs/noc/noc-packet-latency.md,46,Run 2026-06-13T16:55:09-04:00 NoC packet latency,"[""case"", ""noc"", ""op"", ""translated src"", ""translated dst"", ""raw noc0 route"", ""raw noc route"", ""hops"", ""x"", ""y"", ""wraps"", ""bytes"", ""iters"", ""cyc/iter"", ""B/cyc"", ""counter"", ""sink""]","[""y-near"", ""0"", ""read"", ""`1,2`"", ""`1,3`"", ""`1,2->1,3`"", ""`1,2->1,3`"", ""1"", ""0"", ""1"", ""0"", ""4"", ""256"", ""187.117"", ""0.021"", ""256"", ""0xa5000000""]"
boop-docs/microbenching/docs/noc/noc-packet-latency.md,47,Run 2026-06-13T16:55:09-04:00 NoC packet latency,"[""case"", ""noc"", ""op"", ""translated src"", ""translated dst"", ""raw noc0 route"", ""raw noc route"", ""hops"", ""x"", ""y"", ""wraps"", ""bytes"", ""iters"", ""cyc/iter"", ""B/cyc"", ""counter"", ""sink""]","[""y-near"", ""0"", ""read"", ""`1,2`"", ""`1,3`"", ""`1,2->1,3`"", ""`1,2->1,3`"", ""1"", ""0"", ""1"", ""0"", ""16"", ""256"", ""187.117"", ""0.086"", ""256"", ""0xa5000000""]"
boop-docs/microbenching/docs/noc/noc-packet-latency.md,48,Run 2026-06-13T16:55:09-04:00 NoC packet latency,"[""case"", ""noc"", ""op"", ""translated src"", ""translated dst"", ""raw noc0 route"", ""raw noc route"", ""hops"", ""x"", ""y"", ""wraps"", ""bytes"", ""iters"", ""cyc/iter"", ""B/cyc"", ""counter"", ""sink""]","[""y-near"", ""0"", ""read"", ""`1,2`"", ""`1,3`"", ""`1,2->1,3`"", ""`1,2->1,3`"", ""1"", ""0"", ""1"", ""0"", ""64"", ""256"", ""187.117"", ""0.342"", ""256"", ""0xa5000000""]"
boop-docs/microbenching/docs/noc/noc-packet-latency.md,49,Run 2026-06-13T16:55:09-04:00 NoC packet latency,"[""case"", ""noc"", ""op"", ""translated src"", ""translated dst"", ""raw noc0 route"", ""raw noc route"", ""hops"", ""x"", ""y"", ""wraps"", ""bytes"", ""iters"", ""cyc/iter"", ""B/cyc"", ""counter"", ""sink""]","[""y-near"", ""0"", ""read"", ""`1,2`"", ""`1,3`"", ""`1,2->1,3`"", ""`1,2->1,3`"", ""1"", ""0"", ""1"", ""0"", ""256"", ""256"", ""187.117"", ""1.368"", ""256"", ""0xa5000000""]"
boop-docs/microbenching/docs/noc/noc-packet-latency.md,50,Run 2026-06-13T16:55:09-04:00 NoC packet latency,"[""case"", ""noc"", ""op"", ""translated src"", ""translated dst"", ""raw noc0 route"", ""raw noc route"", ""hops"", ""x"", ""y"", ""wraps"", ""bytes"", ""iters"", ""cyc/iter"", ""B/cyc"", ""counter"", ""sink""]","[""y-near"", ""0"", ""read"", ""`1,2`"", ""`1,3`"", ""`1,2->1,3`"", ""`1,2->1,3`"", ""1"", ""0"", ""1"", ""0"", ""1024"", ""256"", ""203.117"", ""5.041"", ""256"", ""0xa5000000""]"
boop-docs/microbenching/docs/noc/noc-packet-latency.md,51,Run 2026-06-13T16:55:09-04:00 NoC packet latency,"[""case"", ""noc"", ""op"", ""translated src"", ""translated dst"", ""raw noc0 route"", ""raw noc route"", ""hops"", ""x"", ""y"", ""wraps"", ""bytes"", ""iters"", ""cyc/iter"", ""B/cyc"", ""counter"", ""sink""]","[""y-near"", ""0"", ""read"", ""`1,2`"", ""`1,3`"", ""`1,2->1,3`"", ""`1,2->1,3`"", ""1"", ""0"", ""1"", ""0"", ""4096"", ""256"", ""251.117"", ""16.311"", ""256"", ""0xa5000000""]"
boop-docs/microbenching/docs/noc/noc-packet-latency.md,52,Run 2026-06-13T16:55:09-04:00 NoC packet latency,"[""case"", ""noc"", ""op"", ""translated src"", ""translated dst"", ""raw noc0 route"", ""raw noc route"", ""hops"", ""x"", ""y"", ""wraps"", ""bytes"", ""iters"", ""cyc/iter"", ""B/cyc"", ""counter"", ""sink""]","[""y-near"", ""0"", ""read"", ""`1,2`"", ""`1,3`"", ""`1,2->1,3`"", ""`1,2->1,3`"", ""1"", ""0"", ""1"", ""0"", ""16384"", ""256"", ""443.117"", ""36.974"", ""256"", ""0xa5000000""]"
boop-docs/microbenching/docs/noc/noc-packet-latency.md,53,Run 2026-06-13T16:55:09-04:00 NoC packet latency,"[""case"", ""noc"", ""op"", ""translated src"", ""translated dst"", ""raw noc0 route"", ""raw noc route"", ""hops"", ""x"", ""y"", ""wraps"", ""bytes"", ""iters"", ""cyc/iter"", ""B/cyc"", ""counter"", ""sink""]","[""y-near"", ""0"", ""write"", ""`1,2`"", ""`1,3`"", ""`1,2->1,3`"", ""`1,2->1,3`"", ""1"", ""0"", ""1"", ""0"", ""4"", ""256"", ""185.133"", ""0.022"", ""256"", ""0xa5000000""]"
boop-docs/microbenching/docs/noc/noc-packet-latency.md,54,Run 2026-06-13T16:55:09-04:00 NoC packet latency,"[""case"", ""noc"", ""op"", ""translated src"", ""translated dst"", ""raw noc0 route"", ""raw noc route"", ""hops"", ""x"", ""y"", ""wraps"", ""bytes"", ""iters"", ""cyc/iter"", ""B/cyc"", ""counter"", ""sink""]","[""y-near"", ""0"", ""write"", ""`1,2`"", ""`1,3`"", ""`1,2->1,3`"", ""`1,2->1,3`"", ""1"", ""0"", ""1"", ""0"", ""16"", ""256"", ""177.117"", ""0.090"", ""256"", ""0xa5000000""]"
boop-docs/microbenching/docs/noc/noc-packet-latency.md,55,Run 2026-06-13T16:55:09-04:00 NoC packet latency,"[""case"", ""noc"", ""op"", ""translated src"", ""translated dst"", ""raw noc0 route"", ""raw noc route"", ""hops"", ""x"", ""y"", ""wraps"", ""bytes"", ""iters"", ""cyc/iter"", ""B/cyc"", ""counter"", ""sink""]","[""y-near"", ""0"", ""write"", ""`1,2`"", ""`1,3`"", ""`1,2->1,3`"", ""`1,2->1,3`"", ""1"", ""0"", ""1"", ""0"", ""64"", ""256"", ""177.117"", ""0.361"", ""256"", ""0xa5000000""]"
boop-docs/microbenching/docs/noc/noc-packet-latency.md,56,Run 2026-06-13T16:55:09-04:00 NoC packet latency,"[""case"", ""noc"", ""op"", ""translated src"", ""translated dst"", ""raw noc0 route"", ""raw noc route"", ""hops"", ""x"", ""y"", ""wraps"", ""bytes"", ""iters"", ""cyc/iter"", ""B/cyc"", ""counter"", ""sink""]","[""y-near"", ""0"", ""write"", ""`1,2`"", ""`1,3`"", ""`1,2->1,3`"", ""`1,2->1,3`"", ""1"", ""0"", ""1"", ""0"", ""256"", ""256"", ""185.117"", ""1.383"", ""256"", ""0xa5000000""]"
boop-docs/microbenching/docs/noc/noc-packet-latency.md,57,Run 2026-06-13T16:55:09-04:00 NoC packet latency,"[""case"", ""noc"", ""op"", ""translated src"", ""translated dst"", ""raw noc0 route"", ""raw noc route"", ""hops"", ""x"", ""y"", ""wraps"", ""bytes"", ""iters"", ""cyc/iter"", ""B/cyc"", ""counter"", ""sink""]","[""y-near"", ""0"", ""write"", ""`1,2`"", ""`1,3`"", ""`1,2->1,3`"", ""`1,2->1,3`"", ""1"", ""0"", ""1"", ""0"", ""1024"", ""256"", ""193.117"", ""5.302"", ""256"", ""0xa5000000""]"
boop-docs/microbenching/docs/noc/noc-packet-latency.md,58,Run 2026-06-13T16:55:09-04:00 NoC packet latency,"[""case"", ""noc"", ""op"", ""translated src"", ""translated dst"", ""raw noc0 route"", ""raw noc route"", ""hops"", ""x"", ""y"", ""wraps"", ""bytes"", ""iters"", ""cyc/iter"", ""B/cyc"", ""counter"", ""sink""]","[""y-near"", ""0"", ""write"", ""`1,2`"", ""`1,3`"", ""`1,2->1,3`"", ""`1,2->1,3`"", ""1"", ""0"", ""1"", ""0"", ""4096"", ""256"", ""241.211"", ""16.981"", ""256"", ""0xa5000000""]"
boop-docs/microbenching/docs/noc/noc-packet-latency.md,59,Run 2026-06-13T16:55:09-04:00 NoC packet latency,"[""case"", ""noc"", ""op"", ""translated src"", ""translated dst"", ""raw noc0 route"", ""raw noc route"", ""hops"", ""x"", ""y"", ""wraps"", ""bytes"", ""iters"", ""cyc/iter"", ""B/cyc"", ""counter"", ""sink""]","[""y-near"", ""0"", ""write"", ""`1,2`"", ""`1,3`"", ""`1,2->1,3`"", ""`1,2->1,3`"", ""1"", ""0"", ""1"", ""0"", ""16384"", ""256"", ""434.055"", ""37.746"", ""256"", ""0xa5000000""]"
boop-docs/microbenching/docs/noc/noc-packet-latency.md,60,Run 2026-06-13T16:55:09-04:00 NoC packet latency,"[""case"", ""noc"", ""op"", ""translated src"", ""translated dst"", ""raw noc0 route"", ""raw noc route"", ""hops"", ""x"", ""y"", ""wraps"", ""bytes"", ""iters"", ""cyc/iter"", ""B/cyc"", ""counter"", ""sink""]","[""y-far"", ""0"", ""read"", ""`1,2`"", ""`1,11`"", ""`1,2->1,11`"", ""`1,2->1,11`"", ""9"", ""0"", ""9"", ""0"", ""4"", ""256"", ""187.117"", ""0.021"", ""256"", ""0xa5000000""]"
boop-docs/microbenching/docs/noc/noc-packet-latency.md,61,Run 2026-06-13T16:55:09-04:00 NoC packet latency,"[""case"", ""noc"", ""op"", ""translated src"", ""translated dst"", ""raw noc0 route"", ""raw noc route"", ""hops"", ""x"", ""y"", ""wraps"", ""bytes"", ""iters"", ""cyc/iter"", ""B/cyc"", ""counter"", ""sink""]","[""y-far"", ""0"", ""read"", ""`1,2`"", ""`1,11`"", ""`1,2->1,11`"", ""`1,2->1,11`"", ""9"", ""0"", ""9"", ""0"", ""16"", ""256"", ""187.117"", ""0.086"", ""256"", ""0xa5000000""]"
boop-docs/microbenching/docs/noc/noc-packet-latency.md,62,Run 2026-06-13T16:55:09-04:00 NoC packet latency,"[""case"", ""noc"", ""op"", ""translated src"", ""translated dst"", ""raw noc0 route"", ""raw noc route"", ""hops"", ""x"", ""y"", ""wraps"", ""bytes"", ""iters"", ""cyc/iter"", ""B/cyc"", ""counter"", ""sink""]","[""y-far"", ""0"", ""read"", ""`1,2`"", ""`1,11`"", ""`1,2->1,11`"", ""`1,2->1,11`"", ""9"", ""0"", ""9"", ""0"", ""64"", ""256"", ""187.117"", ""0.342"", ""256"", ""0xa5000000""]"
boop-docs/microbenching/docs/noc/noc-packet-latency.md,63,Run 2026-06-13T16:55:09-04:00 NoC packet latency,"[""case"", ""noc"", ""op"", ""translated src"", ""translated dst"", ""raw noc0 route"", ""raw noc route"", ""hops"", ""x"", ""y"", ""wraps"", ""bytes"", ""iters"", ""cyc/iter"", ""B/cyc"", ""counter"", ""sink""]","[""y-far"", ""0"", ""read"", ""`1,2`"", ""`1,11`"", ""`1,2->1,11`"", ""`1,2->1,11`"", ""9"", ""0"", ""9"", ""0"", ""256"", ""256"", ""187.117"", ""1.368"", ""256"", ""0xa5000000""]"
boop-docs/microbenching/docs/noc/noc-packet-latency.md,64,Run 2026-06-13T16:55:09-04:00 NoC packet latency,"[""case"", ""noc"", ""op"", ""translated src"", ""translated dst"", ""raw noc0 route"", ""raw noc route"", ""hops"", ""x"", ""y"", ""wraps"", ""bytes"", ""iters"", ""cyc/iter"", ""B/cyc"", ""counter"", ""sink""]","[""y-far"", ""0"", ""read"", ""`1,2`"", ""`1,11`"", ""`1,2->1,11`"", ""`1,2->1,11`"", ""9"", ""0"", ""9"", ""0"", ""1024"", ""256"", ""203.117"", ""5.041"", ""256"", ""0xa5000000""]"
boop-docs/microbenching/docs/noc/noc-packet-latency.md,65,Run 2026-06-13T16:55:09-04:00 NoC packet latency,"[""case"", ""noc"", ""op"", ""translated src"", ""translated dst"", ""raw noc0 route"", ""raw noc route"", ""hops"", ""x"", ""y"", ""wraps"", ""bytes"", ""iters"", ""cyc/iter"", ""B/cyc"", ""counter"", ""sink""]","[""y-far"", ""0"", ""read"", ""`1,2`"", ""`1,11`"", ""`1,2->1,11`"", ""`1,2->1,11`"", ""9"", ""0"", ""9"", ""0"", ""4096"", ""256"", ""251.117"", ""16.311"", ""256"", ""0xa5000000""]"
boop-docs/microbenching/docs/noc/noc-packet-latency.md,66,Run 2026-06-13T16:55:09-04:00 NoC packet latency,"[""case"", ""noc"", ""op"", ""translated src"", ""translated dst"", ""raw noc0 route"", ""raw noc route"", ""hops"", ""x"", ""y"", ""wraps"", ""bytes"", ""iters"", ""cyc/iter"", ""B/cyc"", ""counter"", ""sink""]","[""y-far"", ""0"", ""read"", ""`1,2`"", ""`1,11`"", ""`1,2->1,11`"", ""`1,2->1,11`"", ""9"", ""0"", ""9"", ""0"", ""16384"", ""256"", ""443.305"", ""36.959"", ""256"", ""0xa5000000""]"
boop-docs/microbenching/docs/noc/noc-packet-latency.md,67,Run 2026-06-13T16:55:09-04:00 NoC packet latency,"[""case"", ""noc"", ""op"", ""translated src"", ""translated dst"", ""raw noc0 route"", ""raw noc route"", ""hops"", ""x"", ""y"", ""wraps"", ""bytes"", ""iters"", ""cyc/iter"", ""B/cyc"", ""counter"", ""sink""]","[""y-far"", ""0"", ""write"", ""`1,2`"", ""`1,11`"", ""`1,2->1,11`"", ""`1,2->1,11`"", ""9"", ""0"", ""9"", ""0"", ""4"", ""256"", ""185.133"", ""0.022"", ""256"", ""0xa5000000""]"
boop-docs/microbenching/docs/noc/noc-packet-latency.md,68,Run 2026-06-13T16:55:09-04:00 NoC packet latency,"[""case"", ""noc"", ""op"", ""translated src"", ""translated dst"", ""raw noc0 route"", ""raw noc route"", ""hops"", ""x"", ""y"", ""wraps"", ""bytes"", ""iters"", ""cyc/iter"", ""B/cyc"", ""counter"", ""sink""]","[""y-far"", ""0"", ""write"", ""`1,2`"", ""`1,11`"", ""`1,2->1,11`"", ""`1,2->1,11`"", ""9"", ""0"", ""9"", ""0"", ""16"", ""256"", ""177.117"", ""0.090"", ""256"", ""0xa5000000""]"
boop-docs/microbenching/docs/noc/noc-packet-latency.md,69,Run 2026-06-13T16:55:09-04:00 NoC packet latency,"[""case"", ""noc"", ""op"", ""translated src"", ""translated dst"", ""raw noc0 route"", ""raw noc route"", ""hops"", ""x"", ""y"", ""wraps"", ""bytes"", ""iters"", ""cyc/iter"", ""B/cyc"", ""counter"", ""sink""]","[""y-far"", ""0"", ""write"", ""`1,2`"", ""`1,11`"", ""`1,2->1,11`"", ""`1,2->1,11`"", ""9"", ""0"", ""9"", ""0"", ""64"", ""256"", ""177.117"", ""0.361"", ""256"", ""0xa5000000""]"
boop-docs/microbenching/docs/noc/noc-packet-latency.md,70,Run 2026-06-13T16:55:09-04:00 NoC packet latency,"[""case"", ""noc"", ""op"", ""translated src"", ""translated dst"", ""raw noc0 route"", ""raw noc route"", ""hops"", ""x"", ""y"", ""wraps"", ""bytes"", ""iters"", ""cyc/iter"", ""B/cyc"", ""counter"", ""sink""]","[""y-far"", ""0"", ""write"", ""`1,2`"", ""`1,11`"", ""`1,2->1,11`"", ""`1,2->1,11`"", ""9"", ""0"", ""9"", ""0"", ""256"", ""256"", ""185.117"", ""1.383"", ""256"", ""0xa5000000""]"
boop-docs/microbenching/docs/noc/noc-packet-latency.md,71,Run 2026-06-13T16:55:09-04:00 NoC packet latency,"[""case"", ""noc"", ""op"", ""translated src"", ""translated dst"", ""raw noc0 route"", ""raw noc route"", ""hops"", ""x"", ""y"", ""wraps"", ""bytes"", ""iters"", ""cyc/iter"", ""B/cyc"", ""counter"", ""sink""]","[""y-far"", ""0"", ""write"", ""`1,2`"", ""`1,11`"", ""`1,2->1,11`"", ""`1,2->1,11`"", ""9"", ""0"", ""9"", ""0"", ""1024"", ""256"", ""193.117"", ""5.302"", ""256"", ""0xa5000000""]"
boop-docs/microbenching/docs/noc/noc-packet-latency.md,72,Run 2026-06-13T16:55:09-04:00 NoC packet latency,"[""case"", ""noc"", ""op"", ""translated src"", ""translated dst"", ""raw noc0 route"", ""raw noc route"", ""hops"", ""x"", ""y"", ""wraps"", ""bytes"", ""iters"", ""cyc/iter"", ""B/cyc"", ""counter"", ""sink""]","[""y-far"", ""0"", ""write"", ""`1,2`"", ""`1,11`"", ""`1,2->1,11`"", ""`1,2->1,11`"", ""9"", ""0"", ""9"", ""0"", ""4096"", ""256"", ""241.180"", ""16.983"", ""256"", ""0xa5000000""]"
boop-docs/microbenching/docs/noc/noc-packet-latency.md,73,Run 2026-06-13T16:55:09-04:00 NoC packet latency,"[""case"", ""noc"", ""op"", ""translated src"", ""translated dst"", ""raw noc0 route"", ""raw noc route"", ""hops"", ""x"", ""y"", ""wraps"", ""bytes"", ""iters"", ""cyc/iter"", ""B/cyc"", ""counter"", ""sink""]","[""y-far"", ""0"", ""write"", ""`1,2`"", ""`1,11`"", ""`1,2->1,11`"", ""`1,2->1,11`"", ""9"", ""0"", ""9"", ""0"", ""16384"", ""256"", ""434.086"", ""37.744"", ""256"", ""0xa5000000""]"
boop-docs/microbenching/docs/noc/noc-packet-latency.md,74,Run 2026-06-13T16:55:09-04:00 NoC packet latency,"[""case"", ""noc"", ""op"", ""translated src"", ""translated dst"", ""raw noc0 route"", ""raw noc route"", ""hops"", ""x"", ""y"", ""wraps"", ""bytes"", ""iters"", ""cyc/iter"", ""B/cyc"", ""counter"", ""sink""]","[""2d-far"", ""0"", ""read"", ""`1,2`"", ""`14,11`"", ""`1,2->16,11`"", ""`1,2->16,11`"", ""24"", ""15"", ""9"", ""0"", ""4"", ""256"", ""339.117"", ""0.012"", ""256"", ""0xa5000000""]"
boop-docs/microbenching/docs/noc/noc-packet-latency.md,75,Run 2026-06-13T16:55:09-04:00 NoC packet latency,"[""case"", ""noc"", ""op"", ""translated src"", ""translated dst"", ""raw noc0 route"", ""raw noc route"", ""hops"", ""x"", ""y"", ""wraps"", ""bytes"", ""iters"", ""cyc/iter"", ""B/cyc"", ""counter"", ""sink""]","[""2d-far"", ""0"", ""read"", ""`1,2`"", ""`14,11`"", ""`1,2->16,11`"", ""`1,2->16,11`"", ""24"", ""15"", ""9"", ""0"", ""16"", ""256"", ""339.117"", ""0.047"", ""256"", ""0xa5000000""]"
boop-docs/microbenching/docs/noc/noc-packet-latency.md,76,Run 2026-06-13T16:55:09-04:00 NoC packet latency,"[""case"", ""noc"", ""op"", ""translated src"", ""translated dst"", ""raw noc0 route"", ""raw noc route"", ""hops"", ""x"", ""y"", ""wraps"", ""bytes"", ""iters"", ""cyc/iter"", ""B/cyc"", ""counter"", ""sink""]","[""2d-far"", ""0"", ""read"", ""`1,2`"", ""`14,11`"", ""`1,2->16,11`"", ""`1,2->16,11`"", ""24"", ""15"", ""9"", ""0"", ""64"", ""256"", ""339.117"", ""0.189"", ""256"", ""0xa5000000""]"
boop-docs/microbenching/docs/noc/noc-packet-latency.md,77,Run 2026-06-13T16:55:09-04:00 NoC packet latency,"[""case"", ""noc"", ""op"", ""translated src"", ""translated dst"", ""raw noc0 route"", ""raw noc route"", ""hops"", ""x"", ""y"", ""wraps"", ""bytes"", ""iters"", ""cyc/iter"", ""B/cyc"", ""counter"", ""sink""]","[""2d-far"", ""0"", ""read"", ""`1,2`"", ""`14,11`"", ""`1,2->16,11`"", ""`1,2->16,11`"", ""24"", ""15"", ""9"", ""0"", ""256"", ""256"", ""339.148"", ""0.755"", ""256"", ""0xa5000000""]"
boop-docs/microbenching/docs/noc/noc-packet-latency.md,78,Run 2026-06-13T16:55:09-04:00 NoC packet latency,"[""case"", ""noc"", ""op"", ""translated src"", ""translated dst"", ""raw noc0 route"", ""raw noc route"", ""hops"", ""x"", ""y"", ""wraps"", ""bytes"", ""iters"", ""cyc/iter"", ""B/cyc"", ""counter"", ""sink""]","[""2d-far"", ""0"", ""read"", ""`1,2`"", ""`14,11`"", ""`1,2->16,11`"", ""`1,2->16,11`"", ""24"", ""15"", ""9"", ""0"", ""1024"", ""256"", ""355.117"", ""2.884"", ""256"", ""0xa5000000""]"
boop-docs/microbenching/docs/noc/noc-packet-latency.md,79,Run 2026-06-13T16:55:09-04:00 NoC packet latency,"[""case"", ""noc"", ""op"", ""translated src"", ""translated dst"", ""raw noc0 route"", ""raw noc route"", ""hops"", ""x"", ""y"", ""wraps"", ""bytes"", ""iters"", ""cyc/iter"", ""B/cyc"", ""counter"", ""sink""]","[""2d-far"", ""0"", ""read"", ""`1,2`"", ""`14,11`"", ""`1,2->16,11`"", ""`1,2->16,11`"", ""24"", ""15"", ""9"", ""0"", ""4096"", ""256"", ""403.117"", ""10.161"", ""256"", ""0xa5000000""]"
boop-docs/microbenching/docs/noc/noc-packet-latency.md,80,Run 2026-06-13T16:55:09-04:00 NoC packet latency,"[""case"", ""noc"", ""op"", ""translated src"", ""translated dst"", ""raw noc0 route"", ""raw noc route"", ""hops"", ""x"", ""y"", ""wraps"", ""bytes"", ""iters"", ""cyc/iter"", ""B/cyc"", ""counter"", ""sink""]","[""2d-far"", ""0"", ""read"", ""`1,2`"", ""`14,11`"", ""`1,2->16,11`"", ""`1,2->16,11`"", ""24"", ""15"", ""9"", ""0"", ""16384"", ""256"", ""595.215"", ""27.526"", ""256"", ""0xa5000000""]"
boop-docs/microbenching/docs/noc/noc-packet-latency.md,81,Run 2026-06-13T16:55:09-04:00 NoC packet latency,"[""case"", ""noc"", ""op"", ""translated src"", ""translated dst"", ""raw noc0 route"", ""raw noc route"", ""hops"", ""x"", ""y"", ""wraps"", ""bytes"", ""iters"", ""cyc/iter"", ""B/cyc"", ""counter"", ""sink""]","[""2d-far"", ""0"", ""write"", ""`1,2`"", ""`14,11`"", ""`1,2->16,11`"", ""`1,2->16,11`"", ""24"", ""15"", ""9"", ""0"", ""4"", ""256"", ""337.133"", ""0.012"", ""256"", ""0xa5000000""]"
boop-docs/microbenching/docs/noc/noc-packet-latency.md,82,Run 2026-06-13T16:55:09-04:00 NoC packet latency,"[""case"", ""noc"", ""op"", ""translated src"", ""translated dst"", ""raw noc0 route"", ""raw noc route"", ""hops"", ""x"", ""y"", ""wraps"", ""bytes"", ""iters"", ""cyc/iter"", ""B/cyc"", ""counter"", ""sink""]","[""2d-far"", ""0"", ""write"", ""`1,2`"", ""`14,11`"", ""`1,2->16,11`"", ""`1,2->16,11`"", ""24"", ""15"", ""9"", ""0"", ""16"", ""256"", ""337.117"", ""0.047"", ""256"", ""0xa5000000""]"
boop-docs/microbenching/docs/noc/noc-packet-latency.md,83,Run 2026-06-13T16:55:09-04:00 NoC packet latency,"[""case"", ""noc"", ""op"", ""translated src"", ""translated dst"", ""raw noc0 route"", ""raw noc route"", ""hops"", ""x"", ""y"", ""wraps"", ""bytes"", ""iters"", ""cyc/iter"", ""B/cyc"", ""counter"", ""sink""]","[""2d-far"", ""0"", ""write"", ""`1,2`"", ""`14,11`"", ""`1,2->16,11`"", ""`1,2->16,11`"", ""24"", ""15"", ""9"", ""0"", ""64"", ""256"", ""337.117"", ""0.190"", ""256"", ""0xa5000000""]"
boop-docs/microbenching/docs/noc/noc-packet-latency.md,84,Run 2026-06-13T16:55:09-04:00 NoC packet latency,"[""case"", ""noc"", ""op"", ""translated src"", ""translated dst"", ""raw noc0 route"", ""raw noc route"", ""hops"", ""x"", ""y"", ""wraps"", ""bytes"", ""iters"", ""cyc/iter"", ""B/cyc"", ""counter"", ""sink""]","[""2d-far"", ""0"", ""write"", ""`1,2`"", ""`14,11`"", ""`1,2->16,11`"", ""`1,2->16,11`"", ""24"", ""15"", ""9"", ""0"", ""256"", ""256"", ""337.117"", ""0.759"", ""256"", ""0xa5000000""]"
boop-docs/microbenching/docs/noc/noc-packet-latency.md,85,Run 2026-06-13T16:55:09-04:00 NoC packet latency,"[""case"", ""noc"", ""op"", ""translated src"", ""translated dst"", ""raw noc0 route"", ""raw noc route"", ""hops"", ""x"", ""y"", ""wraps"", ""bytes"", ""iters"", ""cyc/iter"", ""B/cyc"", ""counter"", ""sink""]","[""2d-far"", ""0"", ""write"", ""`1,2`"", ""`14,11`"", ""`1,2->16,11`"", ""`1,2->16,11`"", ""24"", ""15"", ""9"", ""0"", ""1024"", ""256"", ""345.398"", ""2.965"", ""256"", ""0xa5000000""]"
boop-docs/microbenching/docs/noc/noc-packet-latency.md,86,Run 2026-06-13T16:55:09-04:00 NoC packet latency,"[""case"", ""noc"", ""op"", ""translated src"", ""translated dst"", ""raw noc0 route"", ""raw noc route"", ""hops"", ""x"", ""y"", ""wraps"", ""bytes"", ""iters"", ""cyc/iter"", ""B/cyc"", ""counter"", ""sink""]","[""2d-far"", ""0"", ""write"", ""`1,2`"", ""`14,11`"", ""`1,2->16,11`"", ""`1,2->16,11`"", ""24"", ""15"", ""9"", ""0"", ""4096"", ""256"", ""400.961"", ""10.215"", ""256"", ""0xa5000000""]"
boop-docs/microbenching/docs/noc/noc-packet-latency.md,87,Run 2026-06-13T16:55:09-04:00 NoC packet latency,"[""case"", ""noc"", ""op"", ""translated src"", ""translated dst"", ""raw noc0 route"", ""raw noc route"", ""hops"", ""x"", ""y"", ""wraps"", ""bytes"", ""iters"", ""cyc/iter"", ""B/cyc"", ""counter"", ""sink""]","[""2d-far"", ""0"", ""write"", ""`1,2`"", ""`14,11`"", ""`1,2->16,11`"", ""`1,2->16,11`"", ""24"", ""15"", ""9"", ""0"", ""16384"", ""256"", ""587.836"", ""27.872"", ""256"", ""0xa5000000""]"
boop-docs/microbenching/docs/noc/noc-packet-latency.md,88,Run 2026-06-13T16:55:09-04:00 NoC packet latency,"[""case"", ""noc"", ""op"", ""translated src"", ""translated dst"", ""raw noc0 route"", ""raw noc route"", ""hops"", ""x"", ""y"", ""wraps"", ""bytes"", ""iters"", ""cyc/iter"", ""B/cyc"", ""counter"", ""sink""]","[""x-near"", ""1"", ""read"", ""`1,2`"", ""`14,2`"", ""`1,2->16,2`"", ""`15,9->0,9`"", ""2"", ""2"", ""0"", ""1"", ""4"", ""256"", ""235.125"", ""0.017"", ""256"", ""0xa5000000""]"
boop-docs/microbenching/docs/noc/noc-packet-latency.md,89,Run 2026-06-13T16:55:09-04:00 NoC packet latency,"[""case"", ""noc"", ""op"", ""translated src"", ""translated dst"", ""raw noc0 route"", ""raw noc route"", ""hops"", ""x"", ""y"", ""wraps"", ""bytes"", ""iters"", ""cyc/iter"", ""B/cyc"", ""counter"", ""sink""]","[""x-near"", ""1"", ""read"", ""`1,2`"", ""`14,2`"", ""`1,2->16,2`"", ""`15,9->0,9`"", ""2"", ""2"", ""0"", ""1"", ""16"", ""256"", ""227.117"", ""0.070"", ""256"", ""0xa5000000""]"
boop-docs/microbenching/docs/noc/noc-packet-latency.md,90,Run 2026-06-13T16:55:09-04:00 NoC packet latency,"[""case"", ""noc"", ""op"", ""translated src"", ""translated dst"", ""raw noc0 route"", ""raw noc route"", ""hops"", ""x"", ""y"", ""wraps"", ""bytes"", ""iters"", ""cyc/iter"", ""B/cyc"", ""counter"", ""sink""]","[""x-near"", ""1"", ""read"", ""`1,2`"", ""`14,2`"", ""`1,2->16,2`"", ""`15,9->0,9`"", ""2"", ""2"", ""0"", ""1"", ""64"", ""256"", ""227.117"", ""0.282"", ""256"", ""0xa5000000""]"
boop-docs/microbenching/docs/noc/noc-packet-latency.md,91,Run 2026-06-13T16:55:09-04:00 NoC packet latency,"[""case"", ""noc"", ""op"", ""translated src"", ""translated dst"", ""raw noc0 route"", ""raw noc route"", ""hops"", ""x"", ""y"", ""wraps"", ""bytes"", ""iters"", ""cyc/iter"", ""B/cyc"", ""counter"", ""sink""]","[""x-near"", ""1"", ""read"", ""`1,2`"", ""`14,2`"", ""`1,2->16,2`"", ""`15,9->0,9`"", ""2"", ""2"", ""0"", ""1"", ""256"", ""256"", ""235.117"", ""1.089"", ""256"", ""0xa5000000""]"
boop-docs/microbenching/docs/noc/noc-packet-latency.md,92,Run 2026-06-13T16:55:09-04:00 NoC packet latency,"[""case"", ""noc"", ""op"", ""translated src"", ""translated dst"", ""raw noc0 route"", ""raw noc route"", ""hops"", ""x"", ""y"", ""wraps"", ""bytes"", ""iters"", ""cyc/iter"", ""B/cyc"", ""counter"", ""sink""]","[""x-near"", ""1"", ""read"", ""`1,2`"", ""`14,2`"", ""`1,2->16,2`"", ""`15,9->0,9`"", ""2"", ""2"", ""0"", ""1"", ""1024"", ""256"", ""243.117"", ""4.212"", ""256"", ""0xa5000000""]"
boop-docs/microbenching/docs/noc/noc-packet-latency.md,93,Run 2026-06-13T16:55:09-04:00 NoC packet latency,"[""case"", ""noc"", ""op"", ""translated src"", ""translated dst"", ""raw noc0 route"", ""raw noc route"", ""hops"", ""x"", ""y"", ""wraps"", ""bytes"", ""iters"", ""cyc/iter"", ""B/cyc"", ""counter"", ""sink""]","[""x-near"", ""1"", ""read"", ""`1,2`"", ""`14,2`"", ""`1,2->16,2`"", ""`15,9->0,9`"", ""2"", ""2"", ""0"", ""1"", ""4096"", ""256"", ""291.148"", ""14.068"", ""256"", ""0xa5000000""]"
boop-docs/microbenching/docs/noc/noc-packet-latency.md,94,Run 2026-06-13T16:55:09-04:00 NoC packet latency,"[""case"", ""noc"", ""op"", ""translated src"", ""translated dst"", ""raw noc0 route"", ""raw noc route"", ""hops"", ""x"", ""y"", ""wraps"", ""bytes"", ""iters"", ""cyc/iter"", ""B/cyc"", ""counter"", ""sink""]","[""x-near"", ""1"", ""read"", ""`1,2`"", ""`14,2`"", ""`1,2->16,2`"", ""`15,9->0,9`"", ""2"", ""2"", ""0"", ""1"", ""16384"", ""256"", ""483.273"", ""33.902"", ""256"", ""0xa5000000""]"
boop-docs/microbenching/docs/noc/noc-packet-latency.md,95,Run 2026-06-13T16:55:09-04:00 NoC packet latency,"[""case"", ""noc"", ""op"", ""translated src"", ""translated dst"", ""raw noc0 route"", ""raw noc route"", ""hops"", ""x"", ""y"", ""wraps"", ""bytes"", ""iters"", ""cyc/iter"", ""B/cyc"", ""counter"", ""sink""]","[""x-near"", ""1"", ""write"", ""`1,2`"", ""`14,2`"", ""`1,2->16,2`"", ""`15,9->0,9`"", ""2"", ""2"", ""0"", ""1"", ""4"", ""256"", ""233.133"", ""0.017"", ""256"", ""0xa5000000""]"
boop-docs/microbenching/docs/noc/noc-packet-latency.md,96,Run 2026-06-13T16:55:09-04:00 NoC packet latency,"[""case"", ""noc"", ""op"", ""translated src"", ""translated dst"", ""raw noc0 route"", ""raw noc route"", ""hops"", ""x"", ""y"", ""wraps"", ""bytes"", ""iters"", ""cyc/iter"", ""B/cyc"", ""counter"", ""sink""]","[""x-near"", ""1"", ""write"", ""`1,2`"", ""`14,2`"", ""`1,2->16,2`"", ""`15,9->0,9`"", ""2"", ""2"", ""0"", ""1"", ""16"", ""256"", ""225.117"", ""0.071"", ""256"", ""0xa5000000""]"
boop-docs/microbenching/docs/noc/noc-packet-latency.md,97,Run 2026-06-13T16:55:09-04:00 NoC packet latency,"[""case"", ""noc"", ""op"", ""translated src"", ""translated dst"", ""raw noc0 route"", ""raw noc route"", ""hops"", ""x"", ""y"", ""wraps"", ""bytes"", ""iters"", ""cyc/iter"", ""B/cyc"", ""counter"", ""sink""]","[""x-near"", ""1"", ""write"", ""`1,2`"", ""`14,2`"", ""`1,2->16,2`"", ""`15,9->0,9`"", ""2"", ""2"", ""0"", ""1"", ""64"", ""256"", ""225.117"", ""0.284"", ""256"", ""0xa5000000""]"
boop-docs/microbenching/docs/noc/noc-packet-latency.md,98,Run 2026-06-13T16:55:09-04:00 NoC packet latency,"[""case"", ""noc"", ""op"", ""translated src"", ""translated dst"", ""raw noc0 route"", ""raw noc route"", ""hops"", ""x"", ""y"", ""wraps"", ""bytes"", ""iters"", ""cyc/iter"", ""B/cyc"", ""counter"", ""sink""]","[""x-near"", ""1"", ""write"", ""`1,2`"", ""`14,2`"", ""`1,2->16,2`"", ""`15,9->0,9`"", ""2"", ""2"", ""0"", ""1"", ""256"", ""256"", ""226.055"", ""1.132"", ""256"", ""0xa5000000""]"
boop-docs/microbenching/docs/noc/noc-packet-latency.md,99,Run 2026-06-13T16:55:09-04:00 NoC packet latency,"[""case"", ""noc"", ""op"", ""translated src"", ""translated dst"", ""raw noc0 route"", ""raw noc route"", ""hops"", ""x"", ""y"", ""wraps"", ""bytes"", ""iters"", ""cyc/iter"", ""B/cyc"", ""counter"", ""sink""]","[""x-near"", ""1"", ""write"", ""`1,2`"", ""`14,2`"", ""`1,2->16,2`"", ""`15,9->0,9`"", ""2"", ""2"", ""0"", ""1"", ""1024"", ""256"", ""241.117"", ""4.247"", ""256"", ""0xa5000000""]"
boop-docs/microbenching/docs/noc/noc-packet-latency.md,100,Run 2026-06-13T16:55:09-04:00 NoC packet latency,"[""case"", ""noc"", ""op"", ""translated src"", ""translated dst"", ""raw noc0 route"", ""raw noc route"", ""hops"", ""x"", ""y"", ""wraps"", ""bytes"", ""iters"", ""cyc/iter"", ""B/cyc"", ""counter"", ""sink""]","[""x-near"", ""1"", ""write"", ""`1,2`"", ""`14,2`"", ""`1,2->16,2`"", ""`15,9->0,9`"", ""2"", ""2"", ""0"", ""1"", ""4096"", ""256"", ""289.117"", ""14.167"", ""256"", ""0xa5000000""]"
boop-docs/microbenching/docs/noc/noc-packet-latency.md,101,Run 2026-06-13T16:55:09-04:00 NoC packet latency,"[""case"", ""noc"", ""op"", ""translated src"", ""translated dst"", ""raw noc0 route"", ""raw noc route"", ""hops"", ""x"", ""y"", ""wraps"", ""bytes"", ""iters"", ""cyc/iter"", ""B/cyc"", ""counter"", ""sink""]","[""x-near"", ""1"", ""write"", ""`1,2`"", ""`14,2`"", ""`1,2->16,2`"", ""`15,9->0,9`"", ""2"", ""2"", ""0"", ""1"", ""16384"", ""256"", ""481.148"", ""34.052"", ""256"", ""0xa5000000""]"
boop-docs/microbenching/docs/noc/noc-packet-latency.md,102,Run 2026-06-13T16:55:09-04:00 NoC packet latency,"[""case"", ""noc"", ""op"", ""translated src"", ""translated dst"", ""raw noc0 route"", ""raw noc route"", ""hops"", ""x"", ""y"", ""wraps"", ""bytes"", ""iters"", ""cyc/iter"", ""B/cyc"", ""counter"", ""sink""]","[""x-far"", ""1"", ""read"", ""`1,2`"", ""`2,2`"", ""`1,2->2,2`"", ""`15,9->14,9`"", ""16"", ""16"", ""0"", ""1"", ""4"", ""256"", ""235.117"", ""0.017"", ""256"", ""0xa5000000""]"
boop-docs/microbenching/docs/noc/noc-packet-latency.md,103,Run 2026-06-13T16:55:09-04:00 NoC packet latency,"[""case"", ""noc"", ""op"", ""translated src"", ""translated dst"", ""raw noc0 route"", ""raw noc route"", ""hops"", ""x"", ""y"", ""wraps"", ""bytes"", ""iters"", ""cyc/iter"", ""B/cyc"", ""counter"", ""sink""]","[""x-far"", ""1"", ""read"", ""`1,2`"", ""`2,2`"", ""`1,2->2,2`"", ""`15,9->14,9`"", ""16"", ""16"", ""0"", ""1"", ""16"", ""256"", ""227.117"", ""0.070"", ""256"", ""0xa5000000""]"
boop-docs/microbenching/docs/noc/noc-packet-latency.md,104,Run 2026-06-13T16:55:09-04:00 NoC packet latency,"[""case"", ""noc"", ""op"", ""translated src"", ""translated dst"", ""raw noc0 route"", ""raw noc route"", ""hops"", ""x"", ""y"", ""wraps"", ""bytes"", ""iters"", ""cyc/iter"", ""B/cyc"", ""counter"", ""sink""]","[""x-far"", ""1"", ""read"", ""`1,2`"", ""`2,2`"", ""`1,2->2,2`"", ""`15,9->14,9`"", ""16"", ""16"", ""0"", ""1"", ""64"", ""256"", ""227.117"", ""0.282"", ""256"", ""0xa5000000""]"
boop-docs/microbenching/docs/noc/noc-packet-latency.md,105,Run 2026-06-13T16:55:09-04:00 NoC packet latency,"[""case"", ""noc"", ""op"", ""translated src"", ""translated dst"", ""raw noc0 route"", ""raw noc route"", ""hops"", ""x"", ""y"", ""wraps"", ""bytes"", ""iters"", ""cyc/iter"", ""B/cyc"", ""counter"", ""sink""]","[""x-far"", ""1"", ""read"", ""`1,2`"", ""`2,2`"", ""`1,2->2,2`"", ""`15,9->14,9`"", ""16"", ""16"", ""0"", ""1"", ""256"", ""256"", ""235.117"", ""1.089"", ""256"", ""0xa5000000""]"
boop-docs/microbenching/docs/noc/noc-packet-latency.md,106,Run 2026-06-13T16:55:09-04:00 NoC packet latency,"[""case"", ""noc"", ""op"", ""translated src"", ""translated dst"", ""raw noc0 route"", ""raw noc route"", ""hops"", ""x"", ""y"", ""wraps"", ""bytes"", ""iters"", ""cyc/iter"", ""B/cyc"", ""counter"", ""sink""]","[""x-far"", ""1"", ""read"", ""`1,2`"", ""`2,2`"", ""`1,2->2,2`"", ""`15,9->14,9`"", ""16"", ""16"", ""0"", ""1"", ""1024"", ""256"", ""243.117"", ""4.212"", ""256"", ""0xa5000000""]"
boop-docs/microbenching/docs/noc/noc-packet-latency.md,107,Run 2026-06-13T16:55:09-04:00 NoC packet latency,"[""case"", ""noc"", ""op"", ""translated src"", ""translated dst"", ""raw noc0 route"", ""raw noc route"", ""hops"", ""x"", ""y"", ""wraps"", ""bytes"", ""iters"", ""cyc/iter"", ""B/cyc"", ""counter"", ""sink""]","[""x-far"", ""1"", ""read"", ""`1,2`"", ""`2,2`"", ""`1,2->2,2`"", ""`15,9->14,9`"", ""16"", ""16"", ""0"", ""1"", ""4096"", ""256"", ""291.117"", ""14.070"", ""256"", ""0xa5000000""]"
boop-docs/microbenching/docs/noc/noc-packet-latency.md,108,Run 2026-06-13T16:55:09-04:00 NoC packet latency,"[""case"", ""noc"", ""op"", ""translated src"", ""translated dst"", ""raw noc0 route"", ""raw noc route"", ""hops"", ""x"", ""y"", ""wraps"", ""bytes"", ""iters"", ""cyc/iter"", ""B/cyc"", ""counter"", ""sink""]","[""x-far"", ""1"", ""read"", ""`1,2`"", ""`2,2`"", ""`1,2->2,2`"", ""`15,9->14,9`"", ""16"", ""16"", ""0"", ""1"", ""16384"", ""256"", ""483.180"", ""33.909"", ""256"", ""0xa5000000""]"
boop-docs/microbenching/docs/noc/noc-packet-latency.md,109,Run 2026-06-13T16:55:09-04:00 NoC packet latency,"[""case"", ""noc"", ""op"", ""translated src"", ""translated dst"", ""raw noc0 route"", ""raw noc route"", ""hops"", ""x"", ""y"", ""wraps"", ""bytes"", ""iters"", ""cyc/iter"", ""B/cyc"", ""counter"", ""sink""]","[""x-far"", ""1"", ""write"", ""`1,2`"", ""`2,2`"", ""`1,2->2,2`"", ""`15,9->14,9`"", ""16"", ""16"", ""0"", ""1"", ""4"", ""256"", ""233.133"", ""0.017"", ""256"", ""0xa5000000""]"
boop-docs/microbenching/docs/noc/noc-packet-latency.md,110,Run 2026-06-13T16:55:09-04:00 NoC packet latency,"[""case"", ""noc"", ""op"", ""translated src"", ""translated dst"", ""raw noc0 route"", ""raw noc route"", ""hops"", ""x"", ""y"", ""wraps"", ""bytes"", ""iters"", ""cyc/iter"", ""B/cyc"", ""counter"", ""sink""]","[""x-far"", ""1"", ""write"", ""`1,2`"", ""`2,2`"", ""`1,2->2,2`"", ""`15,9->14,9`"", ""16"", ""16"", ""0"", ""1"", ""16"", ""256"", ""225.117"", ""0.071"", ""256"", ""0xa5000000""]"
boop-docs/microbenching/docs/noc/noc-packet-latency.md,111,Run 2026-06-13T16:55:09-04:00 NoC packet latency,"[""case"", ""noc"", ""op"", ""translated src"", ""translated dst"", ""raw noc0 route"", ""raw noc route"", ""hops"", ""x"", ""y"", ""wraps"", ""bytes"", ""iters"", ""cyc/iter"", ""B/cyc"", ""counter"", ""sink""]","[""x-far"", ""1"", ""write"", ""`1,2`"", ""`2,2`"", ""`1,2->2,2`"", ""`15,9->14,9`"", ""16"", ""16"", ""0"", ""1"", ""64"", ""256"", ""225.117"", ""0.284"", ""256"", ""0xa5000000""]"
boop-docs/microbenching/docs/noc/noc-packet-latency.md,112,Run 2026-06-13T16:55:09-04:00 NoC packet latency,"[""case"", ""noc"", ""op"", ""translated src"", ""translated dst"", ""raw noc0 route"", ""raw noc route"", ""hops"", ""x"", ""y"", ""wraps"", ""bytes"", ""iters"", ""cyc/iter"", ""B/cyc"", ""counter"", ""sink""]","[""x-far"", ""1"", ""write"", ""`1,2`"", ""`2,2`"", ""`1,2->2,2`"", ""`15,9->14,9`"", ""16"", ""16"", ""0"", ""1"", ""256"", ""256"", ""225.180"", ""1.137"", ""256"", ""0xa5000000""]"
boop-docs/microbenching/docs/noc/noc-packet-latency.md,113,Run 2026-06-13T16:55:09-04:00 NoC packet latency,"[""case"", ""noc"", ""op"", ""translated src"", ""translated dst"", ""raw noc0 route"", ""raw noc route"", ""hops"", ""x"", ""y"", ""wraps"", ""bytes"", ""iters"", ""cyc/iter"", ""B/cyc"", ""counter"", ""sink""]","[""x-far"", ""1"", ""write"", ""`1,2`"", ""`2,2`"", ""`1,2->2,2`"", ""`15,9->14,9`"", ""16"", ""16"", ""0"", ""1"", ""1024"", ""256"", ""241.117"", ""4.247"", ""256"", ""0xa5000000""]"
boop-docs/microbenching/docs/noc/noc-packet-latency.md,114,Run 2026-06-13T16:55:09-04:00 NoC packet latency,"[""case"", ""noc"", ""op"", ""translated src"", ""translated dst"", ""raw noc0 route"", ""raw noc route"", ""hops"", ""x"", ""y"", ""wraps"", ""bytes"", ""iters"", ""cyc/iter"", ""B/cyc"", ""counter"", ""sink""]","[""x-far"", ""1"", ""write"", ""`1,2`"", ""`2,2`"", ""`1,2->2,2`"", ""`15,9->14,9`"", ""16"", ""16"", ""0"", ""1"", ""4096"", ""256"", ""289.148"", ""14.166"", ""256"", ""0xa5000000""]"
boop-docs/microbenching/docs/noc/noc-packet-latency.md,115,Run 2026-06-13T16:55:09-04:00 NoC packet latency,"[""case"", ""noc"", ""op"", ""translated src"", ""translated dst"", ""raw noc0 route"", ""raw noc route"", ""hops"", ""x"", ""y"", ""wraps"", ""bytes"", ""iters"", ""cyc/iter"", ""B/cyc"", ""counter"", ""sink""]","[""x-far"", ""1"", ""write"", ""`1,2`"", ""`2,2`"", ""`1,2->2,2`"", ""`15,9->14,9`"", ""16"", ""16"", ""0"", ""1"", ""16384"", ""256"", ""481.148"", ""34.052"", ""256"", ""0xa5000000""]"
boop-docs/microbenching/docs/noc/noc-packet-latency.md,116,Run 2026-06-13T16:55:09-04:00 NoC packet latency,"[""case"", ""noc"", ""op"", ""translated src"", ""translated dst"", ""raw noc0 route"", ""raw noc route"", ""hops"", ""x"", ""y"", ""wraps"", ""bytes"", ""iters"", ""cyc/iter"", ""B/cyc"", ""counter"", ""sink""]","[""y-near"", ""1"", ""read"", ""`1,2`"", ""`1,11`"", ""`1,2->1,11`"", ""`15,9->15,0`"", ""3"", ""0"", ""3"", ""1"", ""4"", ""256"", ""187.117"", ""0.021"", ""256"", ""0xa5000000""]"
boop-docs/microbenching/docs/noc/noc-packet-latency.md,117,Run 2026-06-13T16:55:09-04:00 NoC packet latency,"[""case"", ""noc"", ""op"", ""translated src"", ""translated dst"", ""raw noc0 route"", ""raw noc route"", ""hops"", ""x"", ""y"", ""wraps"", ""bytes"", ""iters"", ""cyc/iter"", ""B/cyc"", ""counter"", ""sink""]","[""y-near"", ""1"", ""read"", ""`1,2`"", ""`1,11`"", ""`1,2->1,11`"", ""`15,9->15,0`"", ""3"", ""0"", ""3"", ""1"", ""16"", ""256"", ""187.117"", ""0.086"", ""256"", ""0xa5000000""]"
boop-docs/microbenching/docs/noc/noc-packet-latency.md,118,Run 2026-06-13T16:55:09-04:00 NoC packet latency,"[""case"", ""noc"", ""op"", ""translated src"", ""translated dst"", ""raw noc0 route"", ""raw noc route"", ""hops"", ""x"", ""y"", ""wraps"", ""bytes"", ""iters"", ""cyc/iter"", ""B/cyc"", ""counter"", ""sink""]","[""y-near"", ""1"", ""read"", ""`1,2`"", ""`1,11`"", ""`1,2->1,11`"", ""`15,9->15,0`"", ""3"", ""0"", ""3"", ""1"", ""64"", ""256"", ""187.117"", ""0.342"", ""256"", ""0xa5000000""]"
boop-docs/microbenching/docs/noc/noc-packet-latency.md,119,Run 2026-06-13T16:55:09-04:00 NoC packet latency,"[""case"", ""noc"", ""op"", ""translated src"", ""translated dst"", ""raw noc0 route"", ""raw noc route"", ""hops"", ""x"", ""y"", ""wraps"", ""bytes"", ""iters"", ""cyc/iter"", ""B/cyc"", ""counter"", ""sink""]","[""y-near"", ""1"", ""read"", ""`1,2`"", ""`1,11`"", ""`1,2->1,11`"", ""`15,9->15,0`"", ""3"", ""0"", ""3"", ""1"", ""256"", ""256"", ""187.117"", ""1.368"", ""256"", ""0xa5000000""]"
boop-docs/microbenching/docs/noc/noc-packet-latency.md,120,Run 2026-06-13T16:55:09-04:00 NoC packet latency,"[""case"", ""noc"", ""op"", ""translated src"", ""translated dst"", ""raw noc0 route"", ""raw noc route"", ""hops"", ""x"", ""y"", ""wraps"", ""bytes"", ""iters"", ""cyc/iter"", ""B/cyc"", ""counter"", ""sink""]","[""y-near"", ""1"", ""read"", ""`1,2`"", ""`1,11`"", ""`1,2->1,11`"", ""`15,9->15,0`"", ""3"", ""0"", ""3"", ""1"", ""1024"", ""256"", ""203.117"", ""5.041"", ""256"", ""0xa5000000""]"
boop-docs/microbenching/docs/noc/noc-packet-latency.md,121,Run 2026-06-13T16:55:09-04:00 NoC packet latency,"[""case"", ""noc"", ""op"", ""translated src"", ""translated dst"", ""raw noc0 route"", ""raw noc route"", ""hops"", ""x"", ""y"", ""wraps"", ""bytes"", ""iters"", ""cyc/iter"", ""B/cyc"", ""counter"", ""sink""]","[""y-near"", ""1"", ""read"", ""`1,2`"", ""`1,11`"", ""`1,2->1,11`"", ""`15,9->15,0`"", ""3"", ""0"", ""3"", ""1"", ""4096"", ""256"", ""251.148"", ""16.309"", ""256"", ""0xa5000000""]"
boop-docs/microbenching/docs/noc/noc-packet-latency.md,122,Run 2026-06-13T16:55:09-04:00 NoC packet latency,"[""case"", ""noc"", ""op"", ""translated src"", ""translated dst"", ""raw noc0 route"", ""raw noc route"", ""hops"", ""x"", ""y"", ""wraps"", ""bytes"", ""iters"", ""cyc/iter"", ""B/cyc"", ""counter"", ""sink""]","[""y-near"", ""1"", ""read"", ""`1,2`"", ""`1,11`"", ""`1,2->1,11`"", ""`15,9->15,0`"", ""3"", ""0"", ""3"", ""1"", ""16384"", ""256"", ""443.180"", ""36.969"", ""256"", ""0xa5000000""]"
boop-docs/microbenching/docs/noc/noc-packet-latency.md,123,Run 2026-06-13T16:55:09-04:00 NoC packet latency,"[""case"", ""noc"", ""op"", ""translated src"", ""translated dst"", ""raw noc0 route"", ""raw noc route"", ""hops"", ""x"", ""y"", ""wraps"", ""bytes"", ""iters"", ""cyc/iter"", ""B/cyc"", ""counter"", ""sink""]","[""y-near"", ""1"", ""write"", ""`1,2`"", ""`1,11`"", ""`1,2->1,11`"", ""`15,9->15,0`"", ""3"", ""0"", ""3"", ""1"", ""4"", ""256"", ""185.133"", ""0.022"", ""256"", ""0xa5000000""]"
boop-docs/microbenching/docs/noc/noc-packet-latency.md,124,Run 2026-06-13T16:55:09-04:00 NoC packet latency,"[""case"", ""noc"", ""op"", ""translated src"", ""translated dst"", ""raw noc0 route"", ""raw noc route"", ""hops"", ""x"", ""y"", ""wraps"", ""bytes"", ""iters"", ""cyc/iter"", ""B/cyc"", ""counter"", ""sink""]","[""y-near"", ""1"", ""write"", ""`1,2`"", ""`1,11`"", ""`1,2->1,11`"", ""`15,9->15,0`"", ""3"", ""0"", ""3"", ""1"", ""16"", ""256"", ""177.117"", ""0.090"", ""256"", ""0xa5000000""]"
boop-docs/microbenching/docs/noc/noc-packet-latency.md,125,Run 2026-06-13T16:55:09-04:00 NoC packet latency,"[""case"", ""noc"", ""op"", ""translated src"", ""translated dst"", ""raw noc0 route"", ""raw noc route"", ""hops"", ""x"", ""y"", ""wraps"", ""bytes"", ""iters"", ""cyc/iter"", ""B/cyc"", ""counter"", ""sink""]","[""y-near"", ""1"", ""write"", ""`1,2`"", ""`1,11`"", ""`1,2->1,11`"", ""`15,9->15,0`"", ""3"", ""0"", ""3"", ""1"", ""64"", ""256"", ""177.117"", ""0.361"", ""256"", ""0xa5000000""]"
boop-docs/microbenching/docs/noc/noc-packet-latency.md,126,Run 2026-06-13T16:55:09-04:00 NoC packet latency,"[""case"", ""noc"", ""op"", ""translated src"", ""translated dst"", ""raw noc0 route"", ""raw noc route"", ""hops"", ""x"", ""y"", ""wraps"", ""bytes"", ""iters"", ""cyc/iter"", ""B/cyc"", ""counter"", ""sink""]","[""y-near"", ""1"", ""write"", ""`1,2`"", ""`1,11`"", ""`1,2->1,11`"", ""`15,9->15,0`"", ""3"", ""0"", ""3"", ""1"", ""256"", ""256"", ""185.117"", ""1.383"", ""256"", ""0xa5000000""]"
boop-docs/microbenching/docs/noc/noc-packet-latency.md,127,Run 2026-06-13T16:55:09-04:00 NoC packet latency,"[""case"", ""noc"", ""op"", ""translated src"", ""translated dst"", ""raw noc0 route"", ""raw noc route"", ""hops"", ""x"", ""y"", ""wraps"", ""bytes"", ""iters"", ""cyc/iter"", ""B/cyc"", ""counter"", ""sink""]","[""y-near"", ""1"", ""write"", ""`1,2`"", ""`1,11`"", ""`1,2->1,11`"", ""`15,9->15,0`"", ""3"", ""0"", ""3"", ""1"", ""1024"", ""256"", ""193.117"", ""5.302"", ""256"", ""0xa5000000""]"
boop-docs/microbenching/docs/noc/noc-packet-latency.md,128,Run 2026-06-13T16:55:09-04:00 NoC packet latency,"[""case"", ""noc"", ""op"", ""translated src"", ""translated dst"", ""raw noc0 route"", ""raw noc route"", ""hops"", ""x"", ""y"", ""wraps"", ""bytes"", ""iters"", ""cyc/iter"", ""B/cyc"", ""counter"", ""sink""]","[""y-near"", ""1"", ""write"", ""`1,2`"", ""`1,11`"", ""`1,2->1,11`"", ""`15,9->15,0`"", ""3"", ""0"", ""3"", ""1"", ""4096"", ""256"", ""241.211"", ""16.981"", ""256"", ""0xa5000000""]"
boop-docs/microbenching/docs/noc/noc-packet-latency.md,129,Run 2026-06-13T16:55:09-04:00 NoC packet latency,"[""case"", ""noc"", ""op"", ""translated src"", ""translated dst"", ""raw noc0 route"", ""raw noc route"", ""hops"", ""x"", ""y"", ""wraps"", ""bytes"", ""iters"", ""cyc/iter"", ""B/cyc"", ""counter"", ""sink""]","[""y-near"", ""1"", ""write"", ""`1,2`"", ""`1,11`"", ""`1,2->1,11`"", ""`15,9->15,0`"", ""3"", ""0"", ""3"", ""1"", ""16384"", ""256"", ""434.086"", ""37.744"", ""256"", ""0xa5000000""]"
boop-docs/microbenching/docs/noc/noc-packet-latency.md,130,Run 2026-06-13T16:55:09-04:00 NoC packet latency,"[""case"", ""noc"", ""op"", ""translated src"", ""translated dst"", ""raw noc0 route"", ""raw noc route"", ""hops"", ""x"", ""y"", ""wraps"", ""bytes"", ""iters"", ""cyc/iter"", ""B/cyc"", ""counter"", ""sink""]","[""y-far"", ""1"", ""read"", ""`1,2`"", ""`1,3`"", ""`1,2->1,3`"", ""`15,9->15,8`"", ""11"", ""0"", ""11"", ""1"", ""4"", ""256"", ""187.117"", ""0.021"", ""256"", ""0xa5000000""]"
boop-docs/microbenching/docs/noc/noc-packet-latency.md,131,Run 2026-06-13T16:55:09-04:00 NoC packet latency,"[""case"", ""noc"", ""op"", ""translated src"", ""translated dst"", ""raw noc0 route"", ""raw noc route"", ""hops"", ""x"", ""y"", ""wraps"", ""bytes"", ""iters"", ""cyc/iter"", ""B/cyc"", ""counter"", ""sink""]","[""y-far"", ""1"", ""read"", ""`1,2`"", ""`1,3`"", ""`1,2->1,3`"", ""`15,9->15,8`"", ""11"", ""0"", ""11"", ""1"", ""16"", ""256"", ""187.121"", ""0.086"", ""256"", ""0xa5000000""]"
boop-docs/microbenching/docs/noc/noc-packet-latency.md,132,Run 2026-06-13T16:55:09-04:00 NoC packet latency,"[""case"", ""noc"", ""op"", ""translated src"", ""translated dst"", ""raw noc0 route"", ""raw noc route"", ""hops"", ""x"", ""y"", ""wraps"", ""bytes"", ""iters"", ""cyc/iter"", ""B/cyc"", ""counter"", ""sink""]","[""y-far"", ""1"", ""read"", ""`1,2`"", ""`1,3`"", ""`1,2->1,3`"", ""`15,9->15,8`"", ""11"", ""0"", ""11"", ""1"", ""64"", ""256"", ""187.117"", ""0.342"", ""256"", ""0xa5000000""]"
boop-docs/microbenching/docs/noc/noc-packet-latency.md,133,Run 2026-06-13T16:55:09-04:00 NoC packet latency,"[""case"", ""noc"", ""op"", ""translated src"", ""translated dst"", ""raw noc0 route"", ""raw noc route"", ""hops"", ""x"", ""y"", ""wraps"", ""bytes"", ""iters"", ""cyc/iter"", ""B/cyc"", ""counter"", ""sink""]","[""y-far"", ""1"", ""read"", ""`1,2`"", ""`1,3`"", ""`1,2->1,3`"", ""`15,9->15,8`"", ""11"", ""0"", ""11"", ""1"", ""256"", ""256"", ""187.117"", ""1.368"", ""256"", ""0xa5000000""]"
boop-docs/microbenching/docs/noc/noc-packet-latency.md,134,Run 2026-06-13T16:55:09-04:00 NoC packet latency,"[""case"", ""noc"", ""op"", ""translated src"", ""translated dst"", ""raw noc0 route"", ""raw noc route"", ""hops"", ""x"", ""y"", ""wraps"", ""bytes"", ""iters"", ""cyc/iter"", ""B/cyc"", ""counter"", ""sink""]","[""y-far"", ""1"", ""read"", ""`1,2`"", ""`1,3`"", ""`1,2->1,3`"", ""`15,9->15,8`"", ""11"", ""0"", ""11"", ""1"", ""1024"", ""256"", ""203.117"", ""5.041"", ""256"", ""0xa5000000""]"
boop-docs/microbenching/docs/noc/noc-packet-latency.md,135,Run 2026-06-13T16:55:09-04:00 NoC packet latency,"[""case"", ""noc"", ""op"", ""translated src"", ""translated dst"", ""raw noc0 route"", ""raw noc route"", ""hops"", ""x"", ""y"", ""wraps"", ""bytes"", ""iters"", ""cyc/iter"", ""B/cyc"", ""counter"", ""sink""]","[""y-far"", ""1"", ""read"", ""`1,2`"", ""`1,3`"", ""`1,2->1,3`"", ""`15,9->15,8`"", ""11"", ""0"", ""11"", ""1"", ""4096"", ""256"", ""251.117"", ""16.311"", ""256"", ""0xa5000000""]"
boop-docs/microbenching/docs/noc/noc-packet-latency.md,136,Run 2026-06-13T16:55:09-04:00 NoC packet latency,"[""case"", ""noc"", ""op"", ""translated src"", ""translated dst"", ""raw noc0 route"", ""raw noc route"", ""hops"", ""x"", ""y"", ""wraps"", ""bytes"", ""iters"", ""cyc/iter"", ""B/cyc"", ""counter"", ""sink""]","[""y-far"", ""1"", ""read"", ""`1,2`"", ""`1,3`"", ""`1,2->1,3`"", ""`15,9->15,8`"", ""11"", ""0"", ""11"", ""1"", ""16384"", ""256"", ""443.148"", ""36.972"", ""256"", ""0xa5000000""]"
boop-docs/microbenching/docs/noc/noc-packet-latency.md,137,Run 2026-06-13T16:55:09-04:00 NoC packet latency,"[""case"", ""noc"", ""op"", ""translated src"", ""translated dst"", ""raw noc0 route"", ""raw noc route"", ""hops"", ""x"", ""y"", ""wraps"", ""bytes"", ""iters"", ""cyc/iter"", ""B/cyc"", ""counter"", ""sink""]","[""y-far"", ""1"", ""write"", ""`1,2`"", ""`1,3`"", ""`1,2->1,3`"", ""`15,9->15,8`"", ""11"", ""0"", ""11"", ""1"", ""4"", ""256"", ""185.133"", ""0.022"", ""256"", ""0xa5000000""]"
boop-docs/microbenching/docs/noc/noc-packet-latency.md,138,Run 2026-06-13T16:55:09-04:00 NoC packet latency,"[""case"", ""noc"", ""op"", ""translated src"", ""translated dst"", ""raw noc0 route"", ""raw noc route"", ""hops"", ""x"", ""y"", ""wraps"", ""bytes"", ""iters"", ""cyc/iter"", ""B/cyc"", ""counter"", ""sink""]","[""y-far"", ""1"", ""write"", ""`1,2`"", ""`1,3`"", ""`1,2->1,3`"", ""`15,9->15,8`"", ""11"", ""0"", ""11"", ""1"", ""16"", ""256"", ""177.117"", ""0.090"", ""256"", ""0xa5000000""]"
boop-docs/microbenching/docs/noc/noc-packet-latency.md,139,Run 2026-06-13T16:55:09-04:00 NoC packet latency,"[""case"", ""noc"", ""op"", ""translated src"", ""translated dst"", ""raw noc0 route"", ""raw noc route"", ""hops"", ""x"", ""y"", ""wraps"", ""bytes"", ""iters"", ""cyc/iter"", ""B/cyc"", ""counter"", ""sink""]","[""y-far"", ""1"", ""write"", ""`1,2`"", ""`1,3`"", ""`1,2->1,3`"", ""`15,9->15,8`"", ""11"", ""0"", ""11"", ""1"", ""64"", ""256"", ""177.117"", ""0.361"", ""256"", ""0xa5000000""]"
boop-docs/microbenching/docs/noc/noc-packet-latency.md,140,Run 2026-06-13T16:55:09-04:00 NoC packet latency,"[""case"", ""noc"", ""op"", ""translated src"", ""translated dst"", ""raw noc0 route"", ""raw noc route"", ""hops"", ""x"", ""y"", ""wraps"", ""bytes"", ""iters"", ""cyc/iter"", ""B/cyc"", ""counter"", ""sink""]","[""y-far"", ""1"", ""write"", ""`1,2`"", ""`1,3`"", ""`1,2->1,3`"", ""`15,9->15,8`"", ""11"", ""0"", ""11"", ""1"", ""256"", ""256"", ""185.117"", ""1.383"", ""256"", ""0xa5000000""]"
boop-docs/microbenching/docs/noc/noc-packet-latency.md,141,Run 2026-06-13T16:55:09-04:00 NoC packet latency,"[""case"", ""noc"", ""op"", ""translated src"", ""translated dst"", ""raw noc0 route"", ""raw noc route"", ""hops"", ""x"", ""y"", ""wraps"", ""bytes"", ""iters"", ""cyc/iter"", ""B/cyc"", ""counter"", ""sink""]","[""y-far"", ""1"", ""write"", ""`1,2`"", ""`1,3`"", ""`1,2->1,3`"", ""`15,9->15,8`"", ""11"", ""0"", ""11"", ""1"", ""1024"", ""256"", ""193.117"", ""5.302"", ""256"", ""0xa5000000""]"
boop-docs/microbenching/docs/noc/noc-packet-latency.md,142,Run 2026-06-13T16:55:09-04:00 NoC packet latency,"[""case"", ""noc"", ""op"", ""translated src"", ""translated dst"", ""raw noc0 route"", ""raw noc route"", ""hops"", ""x"", ""y"", ""wraps"", ""bytes"", ""iters"", ""cyc/iter"", ""B/cyc"", ""counter"", ""sink""]","[""y-far"", ""1"", ""write"", ""`1,2`"", ""`1,3`"", ""`1,2->1,3`"", ""`15,9->15,8`"", ""11"", ""0"", ""11"", ""1"", ""4096"", ""256"", ""241.211"", ""16.981"", ""256"", ""0xa5000000""]"
boop-docs/microbenching/docs/noc/noc-packet-latency.md,143,Run 2026-06-13T16:55:09-04:00 NoC packet latency,"[""case"", ""noc"", ""op"", ""translated src"", ""translated dst"", ""raw noc0 route"", ""raw noc route"", ""hops"", ""x"", ""y"", ""wraps"", ""bytes"", ""iters"", ""cyc/iter"", ""B/cyc"", ""counter"", ""sink""]","[""y-far"", ""1"", ""write"", ""`1,2`"", ""`1,3`"", ""`1,2->1,3`"", ""`15,9->15,8`"", ""11"", ""0"", ""11"", ""1"", ""16384"", ""256"", ""436.180"", ""37.563"", ""256"", ""0xa5000000""]"
boop-docs/microbenching/docs/noc/noc-packet-latency.md,144,Run 2026-06-13T16:55:09-04:00 NoC packet latency,"[""case"", ""noc"", ""op"", ""translated src"", ""translated dst"", ""raw noc0 route"", ""raw noc route"", ""hops"", ""x"", ""y"", ""wraps"", ""bytes"", ""iters"", ""cyc/iter"", ""B/cyc"", ""counter"", ""sink""]","[""2d-far"", ""1"", ""read"", ""`1,2`"", ""`2,3`"", ""`1,2->2,3`"", ""`15,9->14,8`"", ""27"", ""16"", ""11"", ""2"", ""4"", ""256"", ""339.125"", ""0.012"", ""256"", ""0xa5000000""]"
boop-docs/microbenching/docs/noc/noc-packet-latency.md,145,Run 2026-06-13T16:55:09-04:00 NoC packet latency,"[""case"", ""noc"", ""op"", ""translated src"", ""translated dst"", ""raw noc0 route"", ""raw noc route"", ""hops"", ""x"", ""y"", ""wraps"", ""bytes"", ""iters"", ""cyc/iter"", ""B/cyc"", ""counter"", ""sink""]","[""2d-far"", ""1"", ""read"", ""`1,2`"", ""`2,3`"", ""`1,2->2,3`"", ""`15,9->14,8`"", ""27"", ""16"", ""11"", ""2"", ""16"", ""256"", ""339.117"", ""0.047"", ""256"", ""0xa5000000""]"
boop-docs/microbenching/docs/noc/noc-packet-latency.md,146,Run 2026-06-13T16:55:09-04:00 NoC packet latency,"[""case"", ""noc"", ""op"", ""translated src"", ""translated dst"", ""raw noc0 route"", ""raw noc route"", ""hops"", ""x"", ""y"", ""wraps"", ""bytes"", ""iters"", ""cyc/iter"", ""B/cyc"", ""counter"", ""sink""]","[""2d-far"", ""1"", ""read"", ""`1,2`"", ""`2,3`"", ""`1,2->2,3`"", ""`15,9->14,8`"", ""27"", ""16"", ""11"", ""2"", ""64"", ""256"", ""339.117"", ""0.189"", ""256"", ""0xa5000000""]"
boop-docs/microbenching/docs/noc/noc-packet-latency.md,147,Run 2026-06-13T16:55:09-04:00 NoC packet latency,"[""case"", ""noc"", ""op"", ""translated src"", ""translated dst"", ""raw noc0 route"", ""raw noc route"", ""hops"", ""x"", ""y"", ""wraps"", ""bytes"", ""iters"", ""cyc/iter"", ""B/cyc"", ""counter"", ""sink""]","[""2d-far"", ""1"", ""read"", ""`1,2`"", ""`2,3`"", ""`1,2->2,3`"", ""`15,9->14,8`"", ""27"", ""16"", ""11"", ""2"", ""256"", ""256"", ""339.117"", ""0.755"", ""256"", ""0xa5000000""]"
boop-docs/microbenching/docs/noc/noc-packet-latency.md,148,Run 2026-06-13T16:55:09-04:00 NoC packet latency,"[""case"", ""noc"", ""op"", ""translated src"", ""translated dst"", ""raw noc0 route"", ""raw noc route"", ""hops"", ""x"", ""y"", ""wraps"", ""bytes"", ""iters"", ""cyc/iter"", ""B/cyc"", ""counter"", ""sink""]","[""2d-far"", ""1"", ""read"", ""`1,2`"", ""`2,3`"", ""`1,2->2,3`"", ""`15,9->14,8`"", ""27"", ""16"", ""11"", ""2"", ""1024"", ""256"", ""355.117"", ""2.884"", ""256"", ""0xa5000000""]"
boop-docs/microbenching/docs/noc/noc-packet-latency.md,149,Run 2026-06-13T16:55:09-04:00 NoC packet latency,"[""case"", ""noc"", ""op"", ""translated src"", ""translated dst"", ""raw noc0 route"", ""raw noc route"", ""hops"", ""x"", ""y"", ""wraps"", ""bytes"", ""iters"", ""cyc/iter"", ""B/cyc"", ""counter"", ""sink""]","[""2d-far"", ""1"", ""read"", ""`1,2`"", ""`2,3`"", ""`1,2->2,3`"", ""`15,9->14,8`"", ""27"", ""16"", ""11"", ""2"", ""4096"", ""256"", ""403.152"", ""10.160"", ""256"", ""0xa5000000""]"
boop-docs/microbenching/docs/noc/noc-packet-latency.md,150,Run 2026-06-13T16:55:09-04:00 NoC packet latency,"[""case"", ""noc"", ""op"", ""translated src"", ""translated dst"", ""raw noc0 route"", ""raw noc route"", ""hops"", ""x"", ""y"", ""wraps"", ""bytes"", ""iters"", ""cyc/iter"", ""B/cyc"", ""counter"", ""sink""]","[""2d-far"", ""1"", ""read"", ""`1,2`"", ""`2,3`"", ""`1,2->2,3`"", ""`15,9->14,8`"", ""27"", ""16"", ""11"", ""2"", ""16384"", ""256"", ""595.242"", ""27.525"", ""256"", ""0xa5000000""]"
boop-docs/microbenching/docs/noc/noc-packet-latency.md,151,Run 2026-06-13T16:55:09-04:00 NoC packet latency,"[""case"", ""noc"", ""op"", ""translated src"", ""translated dst"", ""raw noc0 route"", ""raw noc route"", ""hops"", ""x"", ""y"", ""wraps"", ""bytes"", ""iters"", ""cyc/iter"", ""B/cyc"", ""counter"", ""sink""]","[""2d-far"", ""1"", ""write"", ""`1,2`"", ""`2,3`"", ""`1,2->2,3`"", ""`15,9->14,8`"", ""27"", ""16"", ""11"", ""2"", ""4"", ""256"", ""337.133"", ""0.012"", ""256"", ""0xa5000000""]"
boop-docs/microbenching/docs/noc/noc-packet-latency.md,152,Run 2026-06-13T16:55:09-04:00 NoC packet latency,"[""case"", ""noc"", ""op"", ""translated src"", ""translated dst"", ""raw noc0 route"", ""raw noc route"", ""hops"", ""x"", ""y"", ""wraps"", ""bytes"", ""iters"", ""cyc/iter"", ""B/cyc"", ""counter"", ""sink""]","[""2d-far"", ""1"", ""write"", ""`1,2`"", ""`2,3`"", ""`1,2->2,3`"", ""`15,9->14,8`"", ""27"", ""16"", ""11"", ""2"", ""16"", ""256"", ""337.117"", ""0.047"", ""256"", ""0xa5000000""]"
boop-docs/microbenching/docs/noc/noc-packet-latency.md,153,Run 2026-06-13T16:55:09-04:00 NoC packet latency,"[""case"", ""noc"", ""op"", ""translated src"", ""translated dst"", ""raw noc0 route"", ""raw noc route"", ""hops"", ""x"", ""y"", ""wraps"", ""bytes"", ""iters"", ""cyc/iter"", ""B/cyc"", ""counter"", ""sink""]","[""2d-far"", ""1"", ""write"", ""`1,2`"", ""`2,3`"", ""`1,2->2,3`"", ""`15,9->14,8`"", ""27"", ""16"", ""11"", ""2"", ""64"", ""256"", ""337.117"", ""0.190"", ""256"", ""0xa5000000""]"
boop-docs/microbenching/docs/noc/noc-packet-latency.md,154,Run 2026-06-13T16:55:09-04:00 NoC packet latency,"[""case"", ""noc"", ""op"", ""translated src"", ""translated dst"", ""raw noc0 route"", ""raw noc route"", ""hops"", ""x"", ""y"", ""wraps"", ""bytes"", ""iters"", ""cyc/iter"", ""B/cyc"", ""counter"", ""sink""]","[""2d-far"", ""1"", ""write"", ""`1,2`"", ""`2,3`"", ""`1,2->2,3`"", ""`15,9->14,8`"", ""27"", ""16"", ""11"", ""2"", ""256"", ""256"", ""337.117"", ""0.759"", ""256"", ""0xa5000000""]"
boop-docs/microbenching/docs/noc/noc-packet-latency.md,155,Run 2026-06-13T16:55:09-04:00 NoC packet latency,"[""case"", ""noc"", ""op"", ""translated src"", ""translated dst"", ""raw noc0 route"", ""raw noc route"", ""hops"", ""x"", ""y"", ""wraps"", ""bytes"", ""iters"", ""cyc/iter"", ""B/cyc"", ""counter"", ""sink""]","[""2d-far"", ""1"", ""write"", ""`1,2`"", ""`2,3`"", ""`1,2->2,3`"", ""`15,9->14,8`"", ""27"", ""16"", ""11"", ""2"", ""1024"", ""256"", ""345.242"", ""2.966"", ""256"", ""0xa5000000""]"
boop-docs/microbenching/docs/noc/noc-packet-latency.md,156,Run 2026-06-13T16:55:09-04:00 NoC packet latency,"[""case"", ""noc"", ""op"", ""translated src"", ""translated dst"", ""raw noc0 route"", ""raw noc route"", ""hops"", ""x"", ""y"", ""wraps"", ""bytes"", ""iters"", ""cyc/iter"", ""B/cyc"", ""counter"", ""sink""]","[""2d-far"", ""1"", ""write"", ""`1,2`"", ""`2,3`"", ""`1,2->2,3`"", ""`15,9->14,8`"", ""27"", ""16"", ""11"", ""2"", ""4096"", ""256"", ""401.023"", ""10.214"", ""256"", ""0xa5000000""]"
boop-docs/microbenching/docs/noc/noc-packet-latency.md,157,Run 2026-06-13T16:55:09-04:00 NoC packet latency,"[""case"", ""noc"", ""op"", ""translated src"", ""translated dst"", ""raw noc0 route"", ""raw noc route"", ""hops"", ""x"", ""y"", ""wraps"", ""bytes"", ""iters"", ""cyc/iter"", ""B/cyc"", ""counter"", ""sink""]","[""2d-far"", ""1"", ""write"", ""`1,2`"", ""`2,3`"", ""`1,2->2,3`"", ""`15,9->14,8`"", ""27"", ""16"", ""11"", ""2"", ""16384"", ""256"", ""588.023"", ""27.863"", ""256"", ""0xa5000000""]"
boop-docs/microbenching/docs/noc/noc-packet-latency.md,161,Run 2026-06-13T16:55:09-04:00 NoC packet latency,"[""noc"", ""op"", ""bytes"", ""slope cyc/hop"", ""intercept cyc""]","[""0"", ""read"", ""4"", ""5.042"", ""186.294""]"
boop-docs/microbenching/docs/noc/noc-packet-latency.md,162,Run 2026-06-13T16:55:09-04:00 NoC packet latency,"[""noc"", ""op"", ""bytes"", ""slope cyc/hop"", ""intercept cyc""]","[""0"", ""read"", ""16"", ""5.125"", ""182.269""]"
boop-docs/microbenching/docs/noc/noc-packet-latency.md,163,Run 2026-06-13T16:55:09-04:00 NoC packet latency,"[""noc"", ""op"", ""bytes"", ""slope cyc/hop"", ""intercept cyc""]","[""0"", ""read"", ""64"", ""5.125"", ""182.267""]"
boop-docs/microbenching/docs/noc/noc-packet-latency.md,164,Run 2026-06-13T16:55:09-04:00 NoC packet latency,"[""noc"", ""op"", ""bytes"", ""slope cyc/hop"", ""intercept cyc""]","[""0"", ""read"", ""256"", ""5.043"", ""186.295""]"
boop-docs/microbenching/docs/noc/noc-packet-latency.md,165,Run 2026-06-13T16:55:09-04:00 NoC packet latency,"[""noc"", ""op"", ""bytes"", ""slope cyc/hop"", ""intercept cyc""]","[""0"", ""read"", ""1024"", ""5.125"", ""198.267""]"
boop-docs/microbenching/docs/noc/noc-packet-latency.md,166,Run 2026-06-13T16:55:09-04:00 NoC packet latency,"[""noc"", ""op"", ""bytes"", ""slope cyc/hop"", ""intercept cyc""]","[""0"", ""read"", ""4096"", ""5.125"", ""246.301""]"
boop-docs/microbenching/docs/noc/noc-packet-latency.md,167,Run 2026-06-13T16:55:09-04:00 NoC packet latency,"[""noc"", ""op"", ""bytes"", ""slope cyc/hop"", ""intercept cyc""]","[""0"", ""read"", ""16384"", ""5.134"", ""438.358""]"
boop-docs/microbenching/docs/noc/noc-packet-latency.md,168,Run 2026-06-13T16:55:09-04:00 NoC packet latency,"[""noc"", ""op"", ""bytes"", ""slope cyc/hop"", ""intercept cyc""]","[""0"", ""write"", ""4"", ""5.042"", ""184.316""]"
boop-docs/microbenching/docs/noc/noc-packet-latency.md,169,Run 2026-06-13T16:55:09-04:00 NoC packet latency,"[""noc"", ""op"", ""bytes"", ""slope cyc/hop"", ""intercept cyc""]","[""0"", ""write"", ""16"", ""5.333"", ""174.984""]"
boop-docs/microbenching/docs/noc/noc-packet-latency.md,170,Run 2026-06-13T16:55:09-04:00 NoC packet latency,"[""noc"", ""op"", ""bytes"", ""slope cyc/hop"", ""intercept cyc""]","[""0"", ""write"", ""64"", ""5.333"", ""174.984""]"
boop-docs/microbenching/docs/noc/noc-packet-latency.md,171,Run 2026-06-13T16:55:09-04:00 NoC packet latency,"[""noc"", ""op"", ""bytes"", ""slope cyc/hop"", ""intercept cyc""]","[""0"", ""write"", ""256"", ""5.124"", ""180.294""]"
boop-docs/microbenching/docs/noc/noc-packet-latency.md,172,Run 2026-06-13T16:55:09-04:00 NoC packet latency,"[""noc"", ""op"", ""bytes"", ""slope cyc/hop"", ""intercept cyc""]","[""0"", ""write"", ""1024"", ""5.052"", ""192.256""]"
boop-docs/microbenching/docs/noc/noc-packet-latency.md,173,Run 2026-06-13T16:55:09-04:00 NoC packet latency,"[""noc"", ""op"", ""bytes"", ""slope cyc/hop"", ""intercept cyc""]","[""0"", ""write"", ""4096"", ""5.325"", ""239.064""]"
boop-docs/microbenching/docs/noc/noc-packet-latency.md,174,Run 2026-06-13T16:55:09-04:00 NoC packet latency,"[""noc"", ""op"", ""bytes"", ""slope cyc/hop"", ""intercept cyc""]","[""0"", ""write"", ""16384"", ""5.116"", ""432.495""]"
boop-docs/microbenching/docs/noc/noc-packet-latency.md,175,Run 2026-06-13T16:55:09-04:00 NoC packet latency,"[""noc"", ""op"", ""bytes"", ""slope cyc/hop"", ""intercept cyc""]","[""1"", ""read"", ""4"", ""4.829"", ""179.740""]"
boop-docs/microbenching/docs/noc/noc-packet-latency.md,176,Run 2026-06-13T16:55:09-04:00 NoC packet latency,"[""noc"", ""op"", ""bytes"", ""slope cyc/hop"", ""intercept cyc""]","[""1"", ""read"", ""16"", ""4.935"", ""175.288""]"
boop-docs/microbenching/docs/noc/noc-packet-latency.md,177,Run 2026-06-13T16:55:09-04:00 NoC packet latency,"[""noc"", ""op"", ""bytes"", ""slope cyc/hop"", ""intercept cyc""]","[""1"", ""read"", ""64"", ""4.935"", ""175.287""]"
boop-docs/microbenching/docs/noc/noc-packet-latency.md,178,Run 2026-06-13T16:55:09-04:00 NoC packet latency,"[""noc"", ""op"", ""bytes"", ""slope cyc/hop"", ""intercept cyc""]","[""1"", ""read"", ""256"", ""4.829"", ""179.738""]"
boop-docs/microbenching/docs/noc/noc-packet-latency.md,179,Run 2026-06-13T16:55:09-04:00 NoC packet latency,"[""noc"", ""op"", ""bytes"", ""slope cyc/hop"", ""intercept cyc""]","[""1"", ""read"", ""1024"", ""4.935"", ""191.287""]"
boop-docs/microbenching/docs/noc/noc-packet-latency.md,180,Run 2026-06-13T16:55:09-04:00 NoC packet latency,"[""noc"", ""op"", ""bytes"", ""slope cyc/hop"", ""intercept cyc""]","[""1"", ""read"", ""4096"", ""4.935"", ""239.308""]"
boop-docs/microbenching/docs/noc/noc-packet-latency.md,181,Run 2026-06-13T16:55:09-04:00 NoC packet latency,"[""noc"", ""op"", ""bytes"", ""slope cyc/hop"", ""intercept cyc""]","[""1"", ""read"", ""16384"", ""4.935"", ""431.373""]"
boop-docs/microbenching/docs/noc/noc-packet-latency.md,182,Run 2026-06-13T16:55:09-04:00 NoC packet latency,"[""noc"", ""op"", ""bytes"", ""slope cyc/hop"", ""intercept cyc""]","[""1"", ""write"", ""4"", ""4.829"", ""177.753""]"
boop-docs/microbenching/docs/noc/noc-packet-latency.md,183,Run 2026-06-13T16:55:09-04:00 NoC packet latency,"[""noc"", ""op"", ""bytes"", ""slope cyc/hop"", ""intercept cyc""]","[""1"", ""write"", ""16"", ""5.116"", ""167.944""]"
boop-docs/microbenching/docs/noc/noc-packet-latency.md,184,Run 2026-06-13T16:55:09-04:00 NoC packet latency,"[""noc"", ""op"", ""bytes"", ""slope cyc/hop"", ""intercept cyc""]","[""1"", ""write"", ""64"", ""5.116"", ""167.944""]"
boop-docs/microbenching/docs/noc/noc-packet-latency.md,185,Run 2026-06-13T16:55:09-04:00 NoC packet latency,"[""noc"", ""op"", ""bytes"", ""slope cyc/hop"", ""intercept cyc""]","[""1"", ""write"", ""256"", ""4.914"", ""173.737""]"
boop-docs/microbenching/docs/noc/noc-packet-latency.md,186,Run 2026-06-13T16:55:09-04:00 NoC packet latency,"[""noc"", ""op"", ""bytes"", ""slope cyc/hop"", ""intercept cyc""]","[""1"", ""write"", ""1024"", ""4.833"", ""185.710""]"
boop-docs/microbenching/docs/noc/noc-packet-latency.md,187,Run 2026-06-13T16:55:09-04:00 NoC packet latency,"[""noc"", ""op"", ""bytes"", ""slope cyc/hop"", ""intercept cyc""]","[""1"", ""write"", ""4096"", ""5.111"", ""232.030""]"
boop-docs/microbenching/docs/noc/noc-packet-latency.md,188,Run 2026-06-13T16:55:09-04:00 NoC packet latency,"[""noc"", ""op"", ""bytes"", ""slope cyc/hop"", ""intercept cyc""]","[""1"", ""write"", ""16384"", ""4.907"", ""426.216""]"
boop-docs/microbenching/docs/noc/noc-route-tomography.md,44,Run 2026-06-13T17:33:54-04:00,"[""op"", ""noc"", ""quadrant"", ""victim raw"", ""baseline B/cyc"", ""xy-cross victim B/cyc"", ""yx-cross victim B/cyc"", ""xy ratio"", ""yx ratio"", ""vote"", ""counters base/xy/yx"", ""adversary B/cyc xy/yx""]","[""write"", ""0"", ""ne"", ""`1,2->2,5`"", ""54.432"", ""29.231"", ""53.984"", ""0.537"", ""0.992"", ""xy"", ""8/8/8"", ""30.503/57.716""]"
boop-docs/microbenching/docs/noc/noc-route-tomography.md,45,Run 2026-06-13T17:33:54-04:00,"[""op"", ""noc"", ""quadrant"", ""victim raw"", ""baseline B/cyc"", ""xy-cross victim B/cyc"", ""yx-cross victim B/cyc"", ""xy ratio"", ""yx ratio"", ""vote"", ""counters base/xy/yx"", ""adversary B/cyc xy/yx""]","[""read"", ""0"", ""ne"", ""`1,2->2,5`"", ""53.740"", ""29.871"", ""53.109"", ""0.556"", ""0.988"", ""xy"", ""8/8/8"", ""30.804/57.087""]"
boop-docs/microbenching/docs/noc/noc-same-initiator-active.md,10,Run 2026-06-13T16:59:33-04:00 NoC same-initiator active commands,"[""noc"", ""mode"", ""source"", ""read target"", ""write target"", ""bytes"", ""iters"", ""cycles"", ""agg B/cyc"", ""wr delta"", ""rd delta"", ""read sink"", ""write seen""]","[""0"", ""read"", ""`1,2`"", ""`2,2`"", ""`1,3`"", ""16384"", ""64"", ""16882"", ""62.112"", ""0"", ""64"", ""0xa5000000"", ""0x00000000""]"
boop-docs/microbenching/docs/noc/noc-same-initiator-active.md,11,Run 2026-06-13T16:59:33-04:00 NoC same-initiator active commands,"[""noc"", ""mode"", ""source"", ""read target"", ""write target"", ""bytes"", ""iters"", ""cycles"", ""agg B/cyc"", ""wr delta"", ""rd delta"", ""read sink"", ""write seen""]","[""0"", ""write"", ""`1,2`"", ""`2,2`"", ""`1,3`"", ""16384"", ""64"", ""16917"", ""61.984"", ""64"", ""0"", ""0x00000000"", ""0xa5000000""]"
boop-docs/microbenching/docs/noc/noc-same-initiator-active.md,12,Run 2026-06-13T16:59:33-04:00 NoC same-initiator active commands,"[""noc"", ""mode"", ""source"", ""read target"", ""write target"", ""bytes"", ""iters"", ""cycles"", ""agg B/cyc"", ""wr delta"", ""rd delta"", ""read sink"", ""write seen""]","[""0"", ""wr-read"", ""`1,2`"", ""`2,2`"", ""`1,3`"", ""16384"", ""64"", ""17485"", ""119.940"", ""64"", ""64"", ""0xa5000000"", ""0xa5000000""]"
boop-docs/microbenching/docs/noc/noc-same-initiator-active.md,13,Run 2026-06-13T16:59:33-04:00 NoC same-initiator active commands,"[""noc"", ""mode"", ""source"", ""read target"", ""write target"", ""bytes"", ""iters"", ""cycles"", ""agg B/cyc"", ""wr delta"", ""rd delta"", ""read sink"", ""write seen""]","[""0"", ""read-wr"", ""`1,2`"", ""`2,2`"", ""`1,3`"", ""16384"", ""64"", ""17220"", ""121.786"", ""64"", ""64"", ""0xa5000000"", ""0xa5000000""]"
boop-docs/microbenching/docs/noc/noc-same-initiator-active.md,14,Run 2026-06-13T16:59:33-04:00 NoC same-initiator active commands,"[""noc"", ""mode"", ""source"", ""read target"", ""write target"", ""bytes"", ""iters"", ""cycles"", ""agg B/cyc"", ""wr delta"", ""rd delta"", ""read sink"", ""write seen""]","[""1"", ""read"", ""`1,2`"", ""`2,2`"", ""`1,3`"", ""16384"", ""64"", ""16904"", ""62.031"", ""0"", ""64"", ""0xa5000000"", ""0x00000000""]"
boop-docs/microbenching/docs/noc/noc-same-initiator-active.md,15,Run 2026-06-13T16:59:33-04:00 NoC same-initiator active commands,"[""noc"", ""mode"", ""source"", ""read target"", ""write target"", ""bytes"", ""iters"", ""cycles"", ""agg B/cyc"", ""wr delta"", ""rd delta"", ""read sink"", ""write seen""]","[""1"", ""write"", ""`1,2`"", ""`2,2`"", ""`1,3`"", ""16384"", ""64"", ""16742"", ""62.631"", ""64"", ""0"", ""0x00000000"", ""0xa5000000""]"
boop-docs/microbenching/docs/noc/noc-same-initiator-active.md,16,Run 2026-06-13T16:59:33-04:00 NoC same-initiator active commands,"[""noc"", ""mode"", ""source"", ""read target"", ""write target"", ""bytes"", ""iters"", ""cycles"", ""agg B/cyc"", ""wr delta"", ""rd delta"", ""read sink"", ""write seen""]","[""1"", ""wr-read"", ""`1,2`"", ""`2,2`"", ""`1,3`"", ""16384"", ""64"", ""17397"", ""120.547"", ""64"", ""64"", ""0xa5000000"", ""0xa5000000""]"
boop-docs/microbenching/docs/noc/noc-same-initiator-active.md,17,Run 2026-06-13T16:59:33-04:00 NoC same-initiator active commands,"[""noc"", ""mode"", ""source"", ""read target"", ""write target"", ""bytes"", ""iters"", ""cycles"", ""agg B/cyc"", ""wr delta"", ""rd delta"", ""read sink"", ""write seen""]","[""1"", ""read-wr"", ""`1,2`"", ""`2,2`"", ""`1,3`"", ""16384"", ""64"", ""17149"", ""122.290"", ""64"", ""64"", ""0xa5000000"", ""0xa5000000""]"
boop-docs/microbenching/docs/noc/noc-same-initiator-active.md,27,Run 2026-06-13T17:00:00-04:00 Same Remote Target Smoke,"[""noc"", ""mode"", ""source"", ""read target"", ""write target"", ""bytes"", ""iters"", ""cycles"", ""agg B/cyc"", ""wr delta"", ""rd delta"", ""read sink"", ""write seen""]","[""0"", ""wr-read"", ""`1,2`"", ""`2,2`"", ""`2,2`"", ""4096"", ""16"", ""1566"", ""83.699"", ""16"", ""16"", ""0xa5000000"", ""0xa5000000""]"
boop-docs/microbenching/docs/noc/noc-same-initiator-active.md,28,Run 2026-06-13T17:00:00-04:00 Same Remote Target Smoke,"[""noc"", ""mode"", ""source"", ""read target"", ""write target"", ""bytes"", ""iters"", ""cycles"", ""agg B/cyc"", ""wr delta"", ""rd delta"", ""read sink"", ""write seen""]","[""0"", ""read-wr"", ""`1,2`"", ""`2,2`"", ""`2,2`"", ""4096"", ""16"", ""1533"", ""85.500"", ""16"", ""16"", ""0xa5000000"", ""0xa5000000""]"
boop-docs/microbenching/docs/noc/noc-same-initiator-active.md,29,Run 2026-06-13T17:00:00-04:00 Same Remote Target Smoke,"[""noc"", ""mode"", ""source"", ""read target"", ""write target"", ""bytes"", ""iters"", ""cycles"", ""agg B/cyc"", ""wr delta"", ""rd delta"", ""read sink"", ""write seen""]","[""1"", ""wr-read"", ""`1,2`"", ""`2,2`"", ""`2,2`"", ""4096"", ""16"", ""1568"", ""83.592"", ""16"", ""16"", ""0xa5000000"", ""0xa5000000""]"
boop-docs/microbenching/docs/noc/noc-same-initiator-active.md,30,Run 2026-06-13T17:00:00-04:00 Same Remote Target Smoke,"[""noc"", ""mode"", ""source"", ""read target"", ""write target"", ""bytes"", ""iters"", ""cycles"", ""agg B/cyc"", ""wr delta"", ""rd delta"", ""read sink"", ""write seen""]","[""1"", ""read-wr"", ""`1,2`"", ""`2,2`"", ""`2,2`"", ""4096"", ""16"", ""1533"", ""85.500"", ""16"", ""16"", ""0xa5000000"", ""0xa5000000""]"
boop-docs/microbenching/docs/noc/noc-scheduler-model.md,85,Current Calibration Constants,"[""op"", ""NoC"", ""measured B/cyc"", ""measured GB/s"", ""default model B/cyc"", ""error""]","[""read"", ""0"", ""254.732"", ""343.9"", ""253.220"", ""-0.59%""]"
boop-docs/microbenching/docs/noc/noc-scheduler-model.md,86,Current Calibration Constants,"[""op"", ""NoC"", ""measured B/cyc"", ""measured GB/s"", ""default model B/cyc"", ""error""]","[""read"", ""1"", ""157.432"", ""212.5"", ""159.566"", ""+1.36%""]"
boop-docs/microbenching/docs/noc/noc-scheduler-model.md,87,Current Calibration Constants,"[""op"", ""NoC"", ""measured B/cyc"", ""measured GB/s"", ""default model B/cyc"", ""error""]","[""write"", ""0"", ""115.992"", ""156.6"", ""118.242"", ""+1.94%""]"
boop-docs/microbenching/docs/noc/noc-scheduler-model.md,88,Current Calibration Constants,"[""op"", ""NoC"", ""measured B/cyc"", ""measured GB/s"", ""default model B/cyc"", ""error""]","[""write"", ""1"", ""234.387"", ""316.4"", ""245.333"", ""+4.67%""]"
boop-docs/microbenching/docs/noc/noc-scheduler-model.md,119,Current Calibration Constants,"[""op"", ""NoC"", ""exact B/cyc"", ""analytic B/cyc"", ""analytic error""]","[""read"", ""0"", ""254.220"", ""274.073"", ""+7.81%""]"
boop-docs/microbenching/docs/noc/noc-scheduler-model.md,120,Current Calibration Constants,"[""op"", ""NoC"", ""exact B/cyc"", ""analytic B/cyc"", ""analytic error""]","[""read"", ""1"", ""160.940"", ""164.146"", ""+1.99%""]"
boop-docs/microbenching/docs/noc/noc-scheduler-model.md,121,Current Calibration Constants,"[""op"", ""NoC"", ""exact B/cyc"", ""analytic B/cyc"", ""analytic error""]","[""write"", ""0"", ""118.178"", ""119.511"", ""+1.13%""]"
boop-docs/microbenching/docs/noc/noc-scheduler-model.md,122,Current Calibration Constants,"[""op"", ""NoC"", ""exact B/cyc"", ""analytic B/cyc"", ""analytic error""]","[""write"", ""1"", ""244.928"", ""252.288"", ""+3.01%""]"
boop-docs/microbenching/docs/noc/noc-scheduler-model.md,128,Current Calibration Constants,"[""pairs"", ""sender agg B/cyc"", ""receiver agg B/cyc"", ""note""]","[""1"", ""61.184"", ""61.677"", ""single adjacent pair""]"
boop-docs/microbenching/docs/noc/noc-scheduler-model.md,129,Current Calibration Constants,"[""pairs"", ""sender agg B/cyc"", ""receiver agg B/cyc"", ""note""]","[""2"", ""122.126"", ""123.224"", ""scales linearly""]"
boop-docs/microbenching/docs/noc/noc-scheduler-model.md,130,Current Calibration Constants,"[""pairs"", ""sender agg B/cyc"", ""receiver agg B/cyc"", ""note""]","[""4"", ""241.802"", ""243.983"", ""scales linearly""]"
boop-docs/microbenching/docs/noc/noc-scheduler-model.md,131,Current Calibration Constants,"[""pairs"", ""sender agg B/cyc"", ""receiver agg B/cyc"", ""note""]","[""8"", ""448.925"", ""452.289"", ""lower per-pair from launch/window skew, not a hard cap""]"
boop-docs/microbenching/docs/noc/noc-scheduler-model.md,132,Current Calibration Constants,"[""pairs"", ""sender agg B/cyc"", ""receiver agg B/cyc"", ""note""]","[""16"", ""891.362"", ""897.705"", ""still scales""]"
boop-docs/microbenching/docs/noc/noc-scheduler-model.md,133,Current Calibration Constants,"[""pairs"", ""sender agg B/cyc"", ""receiver agg B/cyc"", ""note""]","[""32"", ""1778.943"", ""1791.003"", ""still scales""]"
boop-docs/microbenching/docs/noc/noc-scheduler-model.md,134,Current Calibration Constants,"[""pairs"", ""sender agg B/cyc"", ""receiver agg B/cyc"", ""note""]","[""50"", ""2764.940"", ""2784.323"", ""no aggregate NoC0 cap observed here""]"
boop-docs/microbenching/docs/noc/noc-scheduler-model.md,160,Current Calibration Constants,"[""NoC"", ""route"", ""case"", ""streams"", ""measured sender B/cyc"", ""model B/cyc"", ""note""]","[""0"", ""xy"", ""parallel"", ""6"", ""364.764"", ""365.855"", ""disjoint physical links overlap""]"
boop-docs/microbenching/docs/noc/noc-scheduler-model.md,161,Current Calibration Constants,"[""NoC"", ""route"", ""case"", ""streams"", ""measured sender B/cyc"", ""model B/cyc"", ""note""]","[""0"", ""xy"", ""shared link"", ""6"", ""62.302"", ""61.130"", ""six streams serialize on one directed link""]"
boop-docs/microbenching/docs/noc/noc-scheduler-model.md,162,Current Calibration Constants,"[""NoC"", ""route"", ""case"", ""streams"", ""measured sender B/cyc"", ""model B/cyc"", ""note""]","[""1"", ""yx"", ""parallel"", ""6"", ""364.680"", ""365.855"", ""NoC1 also overlaps disjoint links""]"
boop-docs/microbenching/docs/noc/noc-scheduler-model.md,163,Current Calibration Constants,"[""NoC"", ""route"", ""case"", ""streams"", ""measured sender B/cyc"", ""model B/cyc"", ""note""]","[""1"", ""yx"", ""shared link"", ""6"", ""62.295"", ""61.130"", ""NoC1 also serializes shared directed links""]"
boop-docs/microbenching/docs/noc/noc-scheduler-model.md,176,Current Calibration Constants,"[""NoC"", ""senders"", ""target"", ""aggregate B/cyc"", ""per-stream B/cyc"", ""note""]","[""0"", ""2"", ""`14,4`"", ""62.566"", ""`31.283 31.524`"", ""roughly equal""]"
boop-docs/microbenching/docs/noc/noc-scheduler-model.md,177,Current Calibration Constants,"[""NoC"", ""senders"", ""target"", ""aggregate B/cyc"", ""per-stream B/cyc"", ""note""]","[""0"", ""4"", ""`14,4`"", ""62.978"", ""`15.745 15.803 21.087 31.601`"", ""near target favored""]"
boop-docs/microbenching/docs/noc/noc-scheduler-model.md,178,Current Calibration Constants,"[""NoC"", ""senders"", ""target"", ""aggregate B/cyc"", ""per-stream B/cyc"", ""note""]","[""0"", ""8"", ""`14,4`"", ""63.108"", ""`7.889 7.904 9.035 10.533 12.590 15.769 21.023 31.494`"", ""near target favored""]"
boop-docs/microbenching/docs/noc/noc-scheduler-model.md,179,Current Calibration Constants,"[""NoC"", ""senders"", ""target"", ""aggregate B/cyc"", ""per-stream B/cyc"", ""note""]","[""1"", ""2"", ""`1,4`"", ""62.581"", ""`31.524 31.291`"", ""roughly equal""]"
boop-docs/microbenching/docs/noc/noc-scheduler-model.md,180,Current Calibration Constants,"[""NoC"", ""senders"", ""target"", ""aggregate B/cyc"", ""per-stream B/cyc"", ""note""]","[""1"", ""4"", ""`1,4`"", ""62.933"", ""`31.532 21.057 15.794 15.735`"", ""position-biased""]"
boop-docs/microbenching/docs/noc/noc-scheduler-model.md,181,Current Calibration Constants,"[""NoC"", ""senders"", ""target"", ""aggregate B/cyc"", ""per-stream B/cyc"", ""note""]","[""1"", ""8"", ""`1,4`"", ""63.044"", ""`31.442 21.016 15.701 12.620 10.522 9.023 7.896 7.881`"", ""position-biased""]"
boop-docs/microbenching/docs/noc/noc-scheduler-model.md,192,Current Calibration Constants,"[""NoC"", ""case"", ""read payload"", ""write payload"", ""mixed aggregate B/cyc"", ""model aggregate B/cyc"", ""note""]","[""0"", ""independent"", ""`1,4->4,4`"", ""`10,5->13,5`"", ""117.897"", ""120.600"", ""read-return and write payload use disjoint directed links""]"
boop-docs/microbenching/docs/noc/noc-scheduler-model.md,193,Current Calibration Constants,"[""NoC"", ""case"", ""read payload"", ""write payload"", ""mixed aggregate B/cyc"", ""model aggregate B/cyc"", ""note""]","[""0"", ""shared payload link"", ""`1,4->4,4`"", ""`2,4->5,4`"", ""62.744"", ""60.683"", ""both streams serialize on shared directed links""]"
boop-docs/microbenching/docs/noc/noc-scheduler-model.md,194,Current Calibration Constants,"[""NoC"", ""case"", ""read payload"", ""write payload"", ""mixed aggregate B/cyc"", ""model aggregate B/cyc"", ""note""]","[""1"", ""independent"", ""`4,4->1,4`"", ""`13,5->10,5`"", ""117.950"", ""120.600"", ""NoC1 also overlaps independent mixed traffic""]"
boop-docs/microbenching/docs/noc/noc-scheduler-model.md,195,Current Calibration Constants,"[""NoC"", ""case"", ""read payload"", ""write payload"", ""mixed aggregate B/cyc"", ""model aggregate B/cyc"", ""note""]","[""1"", ""shared payload link"", ""`4,4->1,4`"", ""`5,4->2,4`"", ""62.505"", ""60.747"", ""NoC1 also serializes shared mixed links""]"
boop-docs/microbenching/docs/noc/noc-scheduler-model.md,242,Position-Dependent Many-To-One Writes,"[""NoC"", ""senders"", ""aggregate B/cyc"", ""per-stream B/cyc""]","[""0"", ""2"", ""62.783"", ""`31.392 31.508`""]"
boop-docs/microbenching/docs/noc/noc-scheduler-model.md,243,Position-Dependent Many-To-One Writes,"[""NoC"", ""senders"", ""aggregate B/cyc"", ""per-stream B/cyc""]","[""0"", ""4"", ""63.062"", ""`15.766 15.795 21.020 31.611`""]"
boop-docs/microbenching/docs/noc/noc-scheduler-model.md,244,Position-Dependent Many-To-One Writes,"[""NoC"", ""senders"", ""aggregate B/cyc"", ""per-stream B/cyc""]","[""0"", ""8"", ""63.098"", ""`7.887 7.895 9.024 10.521 12.623 15.766 21.006 31.505`""]"
boop-docs/microbenching/docs/noc/noc-scheduler-model.md,245,Position-Dependent Many-To-One Writes,"[""NoC"", ""senders"", ""aggregate B/cyc"", ""per-stream B/cyc""]","[""1"", ""2"", ""62.811"", ""`31.520 31.407`""]"
boop-docs/microbenching/docs/noc/noc-scheduler-model.md,246,Position-Dependent Many-To-One Writes,"[""NoC"", ""senders"", ""aggregate B/cyc"", ""per-stream B/cyc""]","[""1"", ""4"", ""63.013"", ""`31.520 21.051 15.784 15.754`""]"
boop-docs/microbenching/docs/noc/noc-scheduler-model.md,247,Position-Dependent Many-To-One Writes,"[""NoC"", ""senders"", ""aggregate B/cyc"", ""per-stream B/cyc""]","[""1"", ""8"", ""63.182"", ""`31.558 21.080 15.799 12.643 10.536 9.035 7.906 7.898`""]"
boop-docs/microbenching/docs/noc/noc-scheduler-model.md,459,Multicast Arrival Order,"[""case"", ""noc"", ""major"", ""first -> last"", ""avg seen-after-sent cycles""]","[""row"", ""0"", ""x/y"", ""`2,2 -> 5,2 -> 14,2`"", ""`25 -> 43 -> 152`""]"
boop-docs/microbenching/docs/noc/noc-scheduler-model.md,460,Multicast Arrival Order,"[""case"", ""noc"", ""major"", ""first -> last"", ""avg seen-after-sent cycles""]","[""row"", ""1"", ""x/y"", ""`14,2 -> 5,2 -> 2,2`"", ""`36 -> 126 -> 164`""]"
boop-docs/microbenching/docs/noc/noc-scheduler-model.md,461,Multicast Arrival Order,"[""case"", ""noc"", ""major"", ""first -> last"", ""avg seen-after-sent cycles""]","[""column"", ""0"", ""x/y"", ""`1,3 -> 1,7 -> 1,11`"", ""`26 -> 63 -> 99`""]"
boop-docs/microbenching/docs/noc/noc-scheduler-model.md,462,Multicast Arrival Order,"[""case"", ""noc"", ""major"", ""first -> last"", ""avg seen-after-sent cycles""]","[""column"", ""1"", ""x/y"", ""`1,11 -> 1,7 -> 1,3`"", ""`44 -> 80 -> 117`""]"
boop-docs/microbenching/docs/noc/noc-scheduler-model.md,637,JSON Spec Shape,"[""workload"", ""bank policy"", ""endpoint policy"", ""endpoints used/read"", ""max cores per endpoint"", ""estimated cycles"", ""estimated us""]","[""`noc_workload_nearest_example.json`"", ""`nearest`"", ""`nearest`"", ""17"", ""24"", ""687202.9"", ""509.039""]"
boop-docs/microbenching/docs/noc/noc-scheduler-model.md,638,JSON Spec Shape,"[""workload"", ""bank policy"", ""endpoint policy"", ""endpoints used/read"", ""max cores per endpoint"", ""estimated cycles"", ""estimated us""]","[""`noc_workload_balanced_example.json`"", ""`nearest_balanced`, slack 2"", ""`nearest`"", ""21"", ""11"", ""573851.5"", ""425.075""]"
boop-docs/microbenching/docs/noc/noc-stream-sweep.md,11,Run 2026-06-13T16:45:45-04:00,"[""noc"", ""source"", ""peer"", ""logical dist"", ""bytes/op"", ""repeats"", ""total MiB/op"", ""read cyc"", ""read B/cyc"", ""write cyc"", ""write B/cyc"", ""read sink"", ""write sink""]","[""0"", ""`1,2`"", ""`1,2`"", ""0"", ""1048576"", ""4"", ""4.0"", ""65783"", ""63.760"", ""66367"", ""63.199"", ""0xa5000000"", ""0xa5000000""]"
boop-docs/microbenching/docs/noc/noc-stream-sweep.md,12,Run 2026-06-13T16:45:45-04:00,"[""noc"", ""source"", ""peer"", ""logical dist"", ""bytes/op"", ""repeats"", ""total MiB/op"", ""read cyc"", ""read B/cyc"", ""write cyc"", ""write B/cyc"", ""read sink"", ""write sink""]","[""0"", ""`2,2`"", ""`1,2`"", ""1"", ""1048576"", ""4"", ""4.0"", ""65767"", ""63.775"", ""64980"", ""64.548"", ""0xa5000000"", ""0xa5000000""]"
boop-docs/microbenching/docs/noc/noc-stream-sweep.md,13,Run 2026-06-13T16:45:45-04:00,"[""noc"", ""source"", ""peer"", ""logical dist"", ""bytes/op"", ""repeats"", ""total MiB/op"", ""read cyc"", ""read B/cyc"", ""write cyc"", ""write B/cyc"", ""read sink"", ""write sink""]","[""0"", ""`3,2`"", ""`1,2`"", ""2"", ""1048576"", ""4"", ""4.0"", ""66263"", ""63.298"", ""64988"", ""64.540"", ""0xa5000000"", ""0xa5000000""]"
boop-docs/microbenching/docs/noc/noc-stream-sweep.md,14,Run 2026-06-13T16:45:45-04:00,"[""noc"", ""source"", ""peer"", ""logical dist"", ""bytes/op"", ""repeats"", ""total MiB/op"", ""read cyc"", ""read B/cyc"", ""write cyc"", ""write B/cyc"", ""read sink"", ""write sink""]","[""0"", ""`4,2`"", ""`1,2`"", ""3"", ""1048576"", ""4"", ""4.0"", ""66255"", ""63.305"", ""64988"", ""64.540"", ""0xa5000000"", ""0xa5000000""]"
boop-docs/microbenching/docs/noc/noc-stream-sweep.md,15,Run 2026-06-13T16:45:45-04:00,"[""noc"", ""source"", ""peer"", ""logical dist"", ""bytes/op"", ""repeats"", ""total MiB/op"", ""read cyc"", ""read B/cyc"", ""write cyc"", ""write B/cyc"", ""read sink"", ""write sink""]","[""0"", ""`5,2`"", ""`1,2`"", ""4"", ""1048576"", ""4"", ""4.0"", ""65751"", ""63.791"", ""64980"", ""64.548"", ""0xa5000000"", ""0xa5000000""]"
boop-docs/microbenching/docs/noc/noc-stream-sweep.md,16,Run 2026-06-13T16:45:45-04:00,"[""noc"", ""source"", ""peer"", ""logical dist"", ""bytes/op"", ""repeats"", ""total MiB/op"", ""read cyc"", ""read B/cyc"", ""write cyc"", ""write B/cyc"", ""read sink"", ""write sink""]","[""0"", ""`6,2`"", ""`1,2`"", ""5"", ""1048576"", ""4"", ""4.0"", ""66775"", ""62.812"", ""65084"", ""64.444"", ""0xa5000000"", ""0xa5000000""]"
boop-docs/microbenching/docs/noc/noc-stream-sweep.md,17,Run 2026-06-13T16:45:45-04:00,"[""noc"", ""source"", ""peer"", ""logical dist"", ""bytes/op"", ""repeats"", ""total MiB/op"", ""read cyc"", ""read B/cyc"", ""write cyc"", ""write B/cyc"", ""read sink"", ""write sink""]","[""0"", ""`7,2`"", ""`1,2`"", ""6"", ""1048576"", ""4"", ""4.0"", ""65758"", ""63.784"", ""64980"", ""64.548"", ""0xa5000000"", ""0xa5000000""]"
boop-docs/microbenching/docs/noc/noc-stream-sweep.md,18,Run 2026-06-13T16:45:45-04:00,"[""noc"", ""source"", ""peer"", ""logical dist"", ""bytes/op"", ""repeats"", ""total MiB/op"", ""read cyc"", ""read B/cyc"", ""write cyc"", ""write B/cyc"", ""read sink"", ""write sink""]","[""0"", ""`10,2`"", ""`1,2`"", ""9"", ""1048576"", ""4"", ""4.0"", ""65758"", ""63.784"", ""64988"", ""64.540"", ""0xa5000000"", ""0xa5000000""]"
boop-docs/microbenching/docs/noc/noc-stream-sweep.md,19,Run 2026-06-13T16:45:45-04:00,"[""noc"", ""source"", ""peer"", ""logical dist"", ""bytes/op"", ""repeats"", ""total MiB/op"", ""read cyc"", ""read B/cyc"", ""write cyc"", ""write B/cyc"", ""read sink"", ""write sink""]","[""1"", ""`1,2`"", ""`1,2`"", ""0"", ""1048576"", ""4"", ""4.0"", ""65826"", ""63.718"", ""66375"", ""63.191"", ""0xa5000000"", ""0xa5000000""]"
boop-docs/microbenching/docs/noc/noc-stream-sweep.md,20,Run 2026-06-13T16:45:45-04:00,"[""noc"", ""source"", ""peer"", ""logical dist"", ""bytes/op"", ""repeats"", ""total MiB/op"", ""read cyc"", ""read B/cyc"", ""write cyc"", ""write B/cyc"", ""read sink"", ""write sink""]","[""1"", ""`2,2`"", ""`1,2`"", ""1"", ""1048576"", ""4"", ""4.0"", ""66538"", ""63.036"", ""65015"", ""64.513"", ""0xa5000000"", ""0xa5000000""]"
boop-docs/microbenching/docs/noc/noc-stream-sweep.md,21,Run 2026-06-13T16:45:45-04:00,"[""noc"", ""source"", ""peer"", ""logical dist"", ""bytes/op"", ""repeats"", ""total MiB/op"", ""read cyc"", ""read B/cyc"", ""write cyc"", ""write B/cyc"", ""read sink"", ""write sink""]","[""1"", ""`3,2`"", ""`1,2`"", ""2"", ""1048576"", ""4"", ""4.0"", ""66155"", ""63.401"", ""64999"", ""64.529"", ""0xa5000000"", ""0xa5000000""]"
boop-docs/microbenching/docs/noc/noc-stream-sweep.md,22,Run 2026-06-13T16:45:45-04:00,"[""noc"", ""source"", ""peer"", ""logical dist"", ""bytes/op"", ""repeats"", ""total MiB/op"", ""read cyc"", ""read B/cyc"", ""write cyc"", ""write B/cyc"", ""read sink"", ""write sink""]","[""1"", ""`4,2`"", ""`1,2`"", ""3"", ""1048576"", ""4"", ""4.0"", ""66283"", ""63.279"", ""65767"", ""63.775"", ""0xa5000000"", ""0xa5000000""]"
boop-docs/microbenching/docs/noc/noc-stream-sweep.md,23,Run 2026-06-13T16:45:45-04:00,"[""noc"", ""source"", ""peer"", ""logical dist"", ""bytes/op"", ""repeats"", ""total MiB/op"", ""read cyc"", ""read B/cyc"", ""write cyc"", ""write B/cyc"", ""read sink"", ""write sink""]","[""1"", ""`5,2`"", ""`1,2`"", ""4"", ""1048576"", ""4"", ""4.0"", ""66283"", ""63.279"", ""65767"", ""63.775"", ""0xa5000000"", ""0xa5000000""]"
boop-docs/microbenching/docs/noc/noc-stream-sweep.md,24,Run 2026-06-13T16:45:45-04:00,"[""noc"", ""source"", ""peer"", ""logical dist"", ""bytes/op"", ""repeats"", ""total MiB/op"", ""read cyc"", ""read B/cyc"", ""write cyc"", ""write B/cyc"", ""read sink"", ""write sink""]","[""1"", ""`6,2`"", ""`1,2`"", ""5"", ""1048576"", ""4"", ""4.0"", ""65771"", ""63.771"", ""64999"", ""64.529"", ""0xa5000000"", ""0xa5000000""]"
boop-docs/microbenching/docs/noc/noc-stream-sweep.md,25,Run 2026-06-13T16:45:45-04:00,"[""noc"", ""source"", ""peer"", ""logical dist"", ""bytes/op"", ""repeats"", ""total MiB/op"", ""read cyc"", ""read B/cyc"", ""write cyc"", ""write B/cyc"", ""read sink"", ""write sink""]","[""1"", ""`7,2`"", ""`1,2`"", ""6"", ""1048576"", ""4"", ""4.0"", ""65782"", ""63.761"", ""65767"", ""63.775"", ""0xa5000000"", ""0xa5000000""]"
boop-docs/microbenching/docs/noc/noc-stream-sweep.md,26,Run 2026-06-13T16:45:45-04:00,"[""noc"", ""source"", ""peer"", ""logical dist"", ""bytes/op"", ""repeats"", ""total MiB/op"", ""read cyc"", ""read B/cyc"", ""write cyc"", ""write B/cyc"", ""read sink"", ""write sink""]","[""1"", ""`10,2`"", ""`1,2`"", ""9"", ""1048576"", ""4"", ""4.0"", ""66285"", ""63.277"", ""65007"", ""64.521"", ""0xa5000000"", ""0xa5000000""]"
boop-docs/microbenching/docs/noc/noc-stream-sweep.md,37,Run 2026-06-13T16:46:48-04:00,"[""noc"", ""source"", ""peer"", ""logical dist"", ""bytes/op"", ""repeats"", ""total MiB/op"", ""read cyc"", ""read B/cyc"", ""write cyc"", ""write B/cyc"", ""read sink"", ""write sink""]","[""0"", ""`1,2`"", ""`2,2`"", ""Route(raw0_source=(1, 2), raw0_peer=(2, 2), raw_source=(1, 2), raw_peer=(2, 2), hops=1, x_hops=1, y_hops=0, wraps=0)"", ""1048576"", ""4"", ""4.0"", ""66764"", ""62.823"", ""64988"", ""64.540"", ""0xa5000000"", ""0xa5000000""]"
boop-docs/microbenching/docs/noc/noc-stream-sweep.md,38,Run 2026-06-13T16:46:48-04:00,"[""noc"", ""source"", ""peer"", ""logical dist"", ""bytes/op"", ""repeats"", ""total MiB/op"", ""read cyc"", ""read B/cyc"", ""write cyc"", ""write B/cyc"", ""read sink"", ""write sink""]","[""0"", ""`1,2`"", ""`3,2`"", ""Route(raw0_source=(1, 2), raw0_peer=(3, 2), raw_source=(1, 2), raw_peer=(3, 2), hops=2, x_hops=2, y_hops=0, wraps=0)"", ""1048576"", ""4"", ""4.0"", ""66539"", ""63.035"", ""65007"", ""64.521"", ""0xa5000000"", ""0xa5000000""]"
boop-docs/microbenching/docs/noc/noc-stream-sweep.md,39,Run 2026-06-13T16:46:48-04:00,"[""noc"", ""source"", ""peer"", ""logical dist"", ""bytes/op"", ""repeats"", ""total MiB/op"", ""read cyc"", ""read B/cyc"", ""write cyc"", ""write B/cyc"", ""read sink"", ""write sink""]","[""0"", ""`1,2`"", ""`4,2`"", ""Route(raw0_source=(1, 2), raw0_peer=(4, 2), raw_source=(1, 2), raw_peer=(4, 2), hops=3, x_hops=3, y_hops=0, wraps=0)"", ""1048576"", ""4"", ""4.0"", ""65778"", ""63.765"", ""64999"", ""64.529"", ""0xa5000000"", ""0xa5000000""]"
boop-docs/microbenching/docs/noc/noc-stream-sweep.md,40,Run 2026-06-13T16:46:48-04:00,"[""noc"", ""source"", ""peer"", ""logical dist"", ""bytes/op"", ""repeats"", ""total MiB/op"", ""read cyc"", ""read B/cyc"", ""write cyc"", ""write B/cyc"", ""read sink"", ""write sink""]","[""0"", ""`1,2`"", ""`5,2`"", ""Route(raw0_source=(1, 2), raw0_peer=(5, 2), raw_source=(1, 2), raw_peer=(5, 2), hops=4, x_hops=4, y_hops=0, wraps=0)"", ""1048576"", ""4"", ""4.0"", ""65771"", ""63.771"", ""65767"", ""63.775"", ""0xa5000000"", ""0xa5000000""]"
boop-docs/microbenching/docs/noc/noc-stream-sweep.md,41,Run 2026-06-13T16:46:48-04:00,"[""noc"", ""source"", ""peer"", ""logical dist"", ""bytes/op"", ""repeats"", ""total MiB/op"", ""read cyc"", ""read B/cyc"", ""write cyc"", ""write B/cyc"", ""read sink"", ""write sink""]","[""0"", ""`1,2`"", ""`6,2`"", ""Route(raw0_source=(1, 2), raw0_peer=(7, 2), raw_source=(1, 2), raw_peer=(7, 2), hops=6, x_hops=6, y_hops=0, wraps=0)"", ""1048576"", ""4"", ""4.0"", ""66796"", ""62.793"", ""65055"", ""64.473"", ""0xa5000000"", ""0xa5000000""]"
boop-docs/microbenching/docs/noc/noc-stream-sweep.md,42,Run 2026-06-13T16:46:48-04:00,"[""noc"", ""source"", ""peer"", ""logical dist"", ""bytes/op"", ""repeats"", ""total MiB/op"", ""read cyc"", ""read B/cyc"", ""write cyc"", ""write B/cyc"", ""read sink"", ""write sink""]","[""1"", ""`14,2`"", ""`13,2`"", ""Route(raw0_source=(16, 2), raw0_peer=(14, 2), raw_source=(0, 9), raw_peer=(2, 9), hops=2, x_hops=2, y_hops=0, wraps=0)"", ""1048576"", ""4"", ""4.0"", ""66140"", ""63.416"", ""65748"", ""63.794"", ""0xa5000000"", ""0xa5000000""]"
boop-docs/microbenching/docs/noc/noc-stream-sweep.md,43,Run 2026-06-13T16:46:48-04:00,"[""noc"", ""source"", ""peer"", ""logical dist"", ""bytes/op"", ""repeats"", ""total MiB/op"", ""read cyc"", ""read B/cyc"", ""write cyc"", ""write B/cyc"", ""read sink"", ""write sink""]","[""1"", ""`14,2`"", ""`12,2`"", ""Route(raw0_source=(16, 2), raw0_peer=(13, 2), raw_source=(0, 9), raw_peer=(3, 9), hops=3, x_hops=3, y_hops=0, wraps=0)"", ""1048576"", ""4"", ""4.0"", ""66538"", ""63.036"", ""65007"", ""64.521"", ""0xa5000000"", ""0xa5000000""]"
boop-docs/microbenching/docs/noc/noc-stream-sweep.md,44,Run 2026-06-13T16:46:48-04:00,"[""noc"", ""source"", ""peer"", ""logical dist"", ""bytes/op"", ""repeats"", ""total MiB/op"", ""read cyc"", ""read B/cyc"", ""write cyc"", ""write B/cyc"", ""read sink"", ""write sink""]","[""1"", ""`14,2`"", ""`11,2`"", ""Route(raw0_source=(16, 2), raw0_peer=(12, 2), raw_source=(0, 9), raw_peer=(4, 9), hops=4, x_hops=4, y_hops=0, wraps=0)"", ""1048576"", ""4"", ""4.0"", ""65771"", ""63.771"", ""64999"", ""64.529"", ""0xa5000000"", ""0xa5000000""]"
boop-docs/microbenching/docs/noc/noc-stream-sweep.md,45,Run 2026-06-13T16:46:48-04:00,"[""noc"", ""source"", ""peer"", ""logical dist"", ""bytes/op"", ""repeats"", ""total MiB/op"", ""read cyc"", ""read B/cyc"", ""write cyc"", ""write B/cyc"", ""read sink"", ""write sink""]","[""1"", ""`14,2`"", ""`10,2`"", ""Route(raw0_source=(16, 2), raw0_peer=(11, 2), raw_source=(0, 9), raw_peer=(5, 9), hops=5, x_hops=5, y_hops=0, wraps=0)"", ""1048576"", ""4"", ""4.0"", ""66531"", ""63.043"", ""65007"", ""64.521"", ""0xa5000000"", ""0xa5000000""]"
boop-docs/microbenching/docs/noc/noc-stream-sweep.md,46,Run 2026-06-13T16:46:48-04:00,"[""noc"", ""source"", ""peer"", ""logical dist"", ""bytes/op"", ""repeats"", ""total MiB/op"", ""read cyc"", ""read B/cyc"", ""write cyc"", ""write B/cyc"", ""read sink"", ""write sink""]","[""1"", ""`14,2`"", ""`7,2`"", ""Route(raw0_source=(16, 2), raw0_peer=(10, 2), raw_source=(0, 9), raw_peer=(6, 9), hops=6, x_hops=6, y_hops=0, wraps=0)"", ""1048576"", ""4"", ""4.0"", ""65771"", ""63.771"", ""65007"", ""64.521"", ""0xa5000000"", ""0xa5000000""]"
boop-docs/microbenching/docs/noc/noc-topology.md,20,Run 2026-06-13T16:46:17-04:00,"[""exp"", ""scenario"", ""stream"", ""noc"", ""source"", ""target"", ""hops xy/yx"", ""total KiB"", ""cycles"", ""B/cyc"", ""ack chunks"", ""recv sentinel""]","[""C"", ""noc0_wrap_high_to_low"", ""wrap_wrong_direction"", ""0"", ""`14,2`"", ""`1,2`"", ""7/7"", ""512.0"", ""8611"", ""60.886"", ""32"", ""0xa5003ffc""]"
boop-docs/microbenching/docs/noc/noc-topology.md,21,Run 2026-06-13T16:46:17-04:00,"[""exp"", ""scenario"", ""stream"", ""noc"", ""source"", ""target"", ""hops xy/yx"", ""total KiB"", ""cycles"", ""B/cyc"", ""ack chunks"", ""recv sentinel""]","[""C"", ""noc0_forward_same_hops"", ""forward_reference"", ""0"", ""`7,2`"", ""`14,2`"", ""7/7"", ""512.0"", ""8603"", ""60.942"", ""32"", ""0xa5003ffc""]"
boop-docs/microbenching/docs/noc/noc-topology.md,22,Run 2026-06-13T16:46:17-04:00,"[""exp"", ""scenario"", ""stream"", ""noc"", ""source"", ""target"", ""hops xy/yx"", ""total KiB"", ""cycles"", ""B/cyc"", ""ack chunks"", ""recv sentinel""]","[""C"", ""noc1_high_to_low"", ""noc1_directional_reference"", ""1"", ""`14,2`"", ""`1,2`"", ""13/13"", ""512.0"", ""8650"", ""60.611"", ""32"", ""0xa5003ffc""]"
boop-docs/microbenching/docs/noc/noc-topology.md,23,Run 2026-06-13T16:46:17-04:00,"[""exp"", ""scenario"", ""stream"", ""noc"", ""source"", ""target"", ""hops xy/yx"", ""total KiB"", ""cycles"", ""B/cyc"", ""ack chunks"", ""recv sentinel""]","[""D"", ""diagonal_baseline"", ""diagonal_victim"", ""0"", ""`1,2`"", ""`4,5`"", ""6/6"", ""512.0"", ""8707"", ""60.215"", ""32"", ""0xa5003ffc""]"
boop-docs/microbenching/docs/noc/noc-topology.md,24,Run 2026-06-13T16:46:17-04:00,"[""exp"", ""scenario"", ""stream"", ""noc"", ""source"", ""target"", ""hops xy/yx"", ""total KiB"", ""cycles"", ""B/cyc"", ""ack chunks"", ""recv sentinel""]","[""D"", ""cross_source_row_x_leg"", ""diagonal_victim"", ""0"", ""`1,2`"", ""`4,5`"", ""6/6"", ""512.0"", ""17009"", ""30.824"", ""32"", ""0xa5003ffc""]"
boop-docs/microbenching/docs/noc/noc-topology.md,25,Run 2026-06-13T16:46:17-04:00,"[""exp"", ""scenario"", ""stream"", ""noc"", ""source"", ""target"", ""hops xy/yx"", ""total KiB"", ""cycles"", ""B/cyc"", ""ack chunks"", ""recv sentinel""]","[""D"", ""cross_source_row_x_leg"", ""x_leg_cross"", ""0"", ""`2,2`"", ""`5,2`"", ""3/3"", ""512.0"", ""16651"", ""31.487"", ""32"", ""0xa5003ffc""]"
boop-docs/microbenching/docs/noc/noc-topology.md,26,Run 2026-06-13T16:46:17-04:00,"[""exp"", ""scenario"", ""stream"", ""noc"", ""source"", ""target"", ""hops xy/yx"", ""total KiB"", ""cycles"", ""B/cyc"", ""ack chunks"", ""recv sentinel""]","[""D"", ""cross_source_col_y_leg"", ""diagonal_victim"", ""0"", ""`1,2`"", ""`4,5`"", ""6/6"", ""512.0"", ""8761"", ""59.843"", ""32"", ""0xa5003ffc""]"
boop-docs/microbenching/docs/noc/noc-topology.md,27,Run 2026-06-13T16:46:17-04:00,"[""exp"", ""scenario"", ""stream"", ""noc"", ""source"", ""target"", ""hops xy/yx"", ""total KiB"", ""cycles"", ""B/cyc"", ""ack chunks"", ""recv sentinel""]","[""D"", ""cross_source_col_y_leg"", ""y_leg_cross"", ""0"", ""`1,3`"", ""`1,6`"", ""3/3"", ""512.0"", ""8563"", ""61.227"", ""32"", ""0xa5003ffc""]"
boop-docs/microbenching/docs/noc/noc-vc-command-flags.md,183,Run 2026-06-30T02:23:33-04:00 NoC arbitration priority victim/interferer,"[""victim priority"", ""background priority"", ""sender slowdown"", ""receiver slowdown"", ""sender delta cyc"", ""receiver delta cyc""]","[""1"", ""1"", ""3.942"", ""3.943"", ""100034.0"", ""100019.0""]"
boop-docs/microbenching/docs/noc/noc-vc-command-flags.md,184,Run 2026-06-30T02:23:33-04:00 NoC arbitration priority victim/interferer,"[""victim priority"", ""background priority"", ""sender slowdown"", ""receiver slowdown"", ""sender delta cyc"", ""receiver delta cyc""]","[""1"", ""8"", ""3.969"", ""3.970"", ""100951.0"", ""100936.0""]"
boop-docs/microbenching/docs/noc/noc-vc-command-flags.md,185,Run 2026-06-30T02:23:33-04:00 NoC arbitration priority victim/interferer,"[""victim priority"", ""background priority"", ""sender slowdown"", ""receiver slowdown"", ""sender delta cyc"", ""receiver delta cyc""]","[""1"", ""15"", ""3.969"", ""3.970"", ""100952.0"", ""100940.0""]"
boop-docs/microbenching/docs/noc/noc-vc-command-flags.md,186,Run 2026-06-30T02:23:33-04:00 NoC arbitration priority victim/interferer,"[""victim priority"", ""background priority"", ""sender slowdown"", ""receiver slowdown"", ""sender delta cyc"", ""receiver delta cyc""]","[""2"", ""1"", ""1.000"", ""1.000"", ""-17.0"", ""-14.0""]"
boop-docs/microbenching/docs/noc/noc-vc-command-flags.md,187,Run 2026-06-30T02:23:33-04:00 NoC arbitration priority victim/interferer,"[""victim priority"", ""background priority"", ""sender slowdown"", ""receiver slowdown"", ""sender delta cyc"", ""receiver delta cyc""]","[""2"", ""8"", ""3.966"", ""3.969"", ""100897.0"", ""100896.0""]"
boop-docs/microbenching/docs/noc/noc-vc-command-flags.md,188,Run 2026-06-30T02:23:33-04:00 NoC arbitration priority victim/interferer,"[""victim priority"", ""background priority"", ""sender slowdown"", ""receiver slowdown"", ""sender delta cyc"", ""receiver delta cyc""]","[""2"", ""15"", ""3.966"", ""3.968"", ""100881.0"", ""100881.0""]"
boop-docs/microbenching/docs/noc/noc-vc-command-flags.md,189,Run 2026-06-30T02:23:33-04:00 NoC arbitration priority victim/interferer,"[""victim priority"", ""background priority"", ""sender slowdown"", ""receiver slowdown"", ""sender delta cyc"", ""receiver delta cyc""]","[""3"", ""1"", ""0.999"", ""0.999"", ""-20.0"", ""-18.0""]"
boop-docs/microbenching/docs/noc/noc-vc-command-flags.md,190,Run 2026-06-30T02:23:33-04:00 NoC arbitration priority victim/interferer,"[""victim priority"", ""background priority"", ""sender slowdown"", ""receiver slowdown"", ""sender delta cyc"", ""receiver delta cyc""]","[""3"", ""8"", ""3.967"", ""3.969"", ""100903.0"", ""100901.0""]"
boop-docs/microbenching/docs/noc/noc-vc-command-flags.md,191,Run 2026-06-30T02:23:33-04:00 NoC arbitration priority victim/interferer,"[""victim priority"", ""background priority"", ""sender slowdown"", ""receiver slowdown"", ""sender delta cyc"", ""receiver delta cyc""]","[""3"", ""15"", ""3.968"", ""3.970"", ""100935.0"", ""100936.0""]"
boop-docs/microbenching/docs/noc/noc-vc-command-flags.md,192,Run 2026-06-30T02:23:33-04:00 NoC arbitration priority victim/interferer,"[""victim priority"", ""background priority"", ""sender slowdown"", ""receiver slowdown"", ""sender delta cyc"", ""receiver delta cyc""]","[""4"", ""1"", ""0.995"", ""0.994"", ""-186.0"", ""-187.0""]"
boop-docs/microbenching/docs/noc/noc-vc-command-flags.md,193,Run 2026-06-30T02:23:33-04:00 NoC arbitration priority victim/interferer,"[""victim priority"", ""background priority"", ""sender slowdown"", ""receiver slowdown"", ""sender delta cyc"", ""receiver delta cyc""]","[""4"", ""8"", ""3.967"", ""3.969"", ""100909.0"", ""100907.0""]"
boop-docs/microbenching/docs/noc/noc-vc-command-flags.md,194,Run 2026-06-30T02:23:33-04:00 NoC arbitration priority victim/interferer,"[""victim priority"", ""background priority"", ""sender slowdown"", ""receiver slowdown"", ""sender delta cyc"", ""receiver delta cyc""]","[""4"", ""15"", ""3.969"", ""3.971"", ""100982.0"", ""100980.0""]"
boop-docs/microbenching/docs/noc/noc-vc-command-flags.md,195,Run 2026-06-30T02:23:33-04:00 NoC arbitration priority victim/interferer,"[""victim priority"", ""background priority"", ""sender slowdown"", ""receiver slowdown"", ""sender delta cyc"", ""receiver delta cyc""]","[""5"", ""1"", ""0.999"", ""0.999"", ""-22.0"", ""-28.0""]"
boop-docs/microbenching/docs/noc/noc-vc-command-flags.md,196,Run 2026-06-30T02:23:33-04:00 NoC arbitration priority victim/interferer,"[""victim priority"", ""background priority"", ""sender slowdown"", ""receiver slowdown"", ""sender delta cyc"", ""receiver delta cyc""]","[""5"", ""8"", ""3.969"", ""3.971"", ""100978.0"", ""100977.0""]"
boop-docs/microbenching/docs/noc/noc-vc-command-flags.md,197,Run 2026-06-30T02:23:33-04:00 NoC arbitration priority victim/interferer,"[""victim priority"", ""background priority"", ""sender slowdown"", ""receiver slowdown"", ""sender delta cyc"", ""receiver delta cyc""]","[""5"", ""15"", ""3.967"", ""3.969"", ""100904.0"", ""100902.0""]"
boop-docs/microbenching/docs/noc/noc-vc-command-flags.md,198,Run 2026-06-30T02:23:33-04:00 NoC arbitration priority victim/interferer,"[""victim priority"", ""background priority"", ""sender slowdown"", ""receiver slowdown"", ""sender delta cyc"", ""receiver delta cyc""]","[""6"", ""1"", ""1.000"", ""1.000"", ""-12.0"", ""-15.0""]"
boop-docs/microbenching/docs/noc/noc-vc-command-flags.md,199,Run 2026-06-30T02:23:33-04:00 NoC arbitration priority victim/interferer,"[""victim priority"", ""background priority"", ""sender slowdown"", ""receiver slowdown"", ""sender delta cyc"", ""receiver delta cyc""]","[""6"", ""8"", ""3.962"", ""3.965"", ""100748.0"", ""100750.0""]"
boop-docs/microbenching/docs/noc/noc-vc-command-flags.md,200,Run 2026-06-30T02:23:33-04:00 NoC arbitration priority victim/interferer,"[""victim priority"", ""background priority"", ""sender slowdown"", ""receiver slowdown"", ""sender delta cyc"", ""receiver delta cyc""]","[""6"", ""15"", ""3.968"", ""3.970"", ""100937.0"", ""100934.0""]"
boop-docs/microbenching/docs/noc/noc-vc-command-flags.md,201,Run 2026-06-30T02:23:33-04:00 NoC arbitration priority victim/interferer,"[""victim priority"", ""background priority"", ""sender slowdown"", ""receiver slowdown"", ""sender delta cyc"", ""receiver delta cyc""]","[""7"", ""1"", ""0.995"", ""0.995"", ""-171.0"", ""-172.0""]"
boop-docs/microbenching/docs/noc/noc-vc-command-flags.md,202,Run 2026-06-30T02:23:33-04:00 NoC arbitration priority victim/interferer,"[""victim priority"", ""background priority"", ""sender slowdown"", ""receiver slowdown"", ""sender delta cyc"", ""receiver delta cyc""]","[""7"", ""8"", ""3.968"", ""3.971"", ""100943.0"", ""100949.0""]"
boop-docs/microbenching/docs/noc/noc-vc-command-flags.md,203,Run 2026-06-30T02:23:33-04:00 NoC arbitration priority victim/interferer,"[""victim priority"", ""background priority"", ""sender slowdown"", ""receiver slowdown"", ""sender delta cyc"", ""receiver delta cyc""]","[""7"", ""15"", ""3.966"", ""3.969"", ""100880.0"", ""100886.0""]"
boop-docs/microbenching/docs/noc/noc-vc-command-flags.md,204,Run 2026-06-30T02:23:33-04:00 NoC arbitration priority victim/interferer,"[""victim priority"", ""background priority"", ""sender slowdown"", ""receiver slowdown"", ""sender delta cyc"", ""receiver delta cyc""]","[""8"", ""1"", ""1.000"", ""1.000"", ""-1.0"", ""1.0""]"
boop-docs/microbenching/docs/noc/noc-vc-command-flags.md,205,Run 2026-06-30T02:23:33-04:00 NoC arbitration priority victim/interferer,"[""victim priority"", ""background priority"", ""sender slowdown"", ""receiver slowdown"", ""sender delta cyc"", ""receiver delta cyc""]","[""8"", ""8"", ""3.951"", ""3.954"", ""100360.0"", ""100364.0""]"
boop-docs/microbenching/docs/noc/noc-vc-command-flags.md,206,Run 2026-06-30T02:23:33-04:00 NoC arbitration priority victim/interferer,"[""victim priority"", ""background priority"", ""sender slowdown"", ""receiver slowdown"", ""sender delta cyc"", ""receiver delta cyc""]","[""8"", ""15"", ""3.968"", ""3.971"", ""100911.0"", ""100913.0""]"
boop-docs/microbenching/docs/noc/noc-vc-command-flags.md,207,Run 2026-06-30T02:23:33-04:00 NoC arbitration priority victim/interferer,"[""victim priority"", ""background priority"", ""sender slowdown"", ""receiver slowdown"", ""sender delta cyc"", ""receiver delta cyc""]","[""9"", ""1"", ""1.000"", ""1.000"", ""-8.0"", ""-8.0""]"
boop-docs/microbenching/docs/noc/noc-vc-command-flags.md,208,Run 2026-06-30T02:23:33-04:00 NoC arbitration priority victim/interferer,"[""victim priority"", ""background priority"", ""sender slowdown"", ""receiver slowdown"", ""sender delta cyc"", ""receiver delta cyc""]","[""9"", ""8"", ""1.000"", ""1.000"", ""-14.0"", ""-15.0""]"
boop-docs/microbenching/docs/noc/noc-vc-command-flags.md,209,Run 2026-06-30T02:23:33-04:00 NoC arbitration priority victim/interferer,"[""victim priority"", ""background priority"", ""sender slowdown"", ""receiver slowdown"", ""sender delta cyc"", ""receiver delta cyc""]","[""9"", ""15"", ""3.989"", ""3.992"", ""101163.0"", ""101168.0""]"
boop-docs/microbenching/docs/noc/noc-vc-command-flags.md,210,Run 2026-06-30T02:23:33-04:00 NoC arbitration priority victim/interferer,"[""victim priority"", ""background priority"", ""sender slowdown"", ""receiver slowdown"", ""sender delta cyc"", ""receiver delta cyc""]","[""10"", ""1"", ""1.000"", ""1.000"", ""-4.0"", ""-7.0""]"
boop-docs/microbenching/docs/noc/noc-vc-command-flags.md,211,Run 2026-06-30T02:23:33-04:00 NoC arbitration priority victim/interferer,"[""victim priority"", ""background priority"", ""sender slowdown"", ""receiver slowdown"", ""sender delta cyc"", ""receiver delta cyc""]","[""10"", ""8"", ""1.000"", ""1.000"", ""-6.0"", ""-4.0""]"
boop-docs/microbenching/docs/noc/noc-vc-command-flags.md,212,Run 2026-06-30T02:23:33-04:00 NoC arbitration priority victim/interferer,"[""victim priority"", ""background priority"", ""sender slowdown"", ""receiver slowdown"", ""sender delta cyc"", ""receiver delta cyc""]","[""10"", ""15"", ""3.964"", ""3.967"", ""100802.0"", ""100802.0""]"
boop-docs/microbenching/docs/noc/noc-vc-command-flags.md,213,Run 2026-06-30T02:23:33-04:00 NoC arbitration priority victim/interferer,"[""victim priority"", ""background priority"", ""sender slowdown"", ""receiver slowdown"", ""sender delta cyc"", ""receiver delta cyc""]","[""11"", ""1"", ""0.999"", ""0.999"", ""-18.0"", ""-19.0""]"
boop-docs/microbenching/docs/noc/noc-vc-command-flags.md,214,Run 2026-06-30T02:23:33-04:00 NoC arbitration priority victim/interferer,"[""victim priority"", ""background priority"", ""sender slowdown"", ""receiver slowdown"", ""sender delta cyc"", ""receiver delta cyc""]","[""11"", ""8"", ""1.000"", ""0.999"", ""-17.0"", ""-21.0""]"
boop-docs/microbenching/docs/noc/noc-vc-command-flags.md,215,Run 2026-06-30T02:23:33-04:00 NoC arbitration priority victim/interferer,"[""victim priority"", ""background priority"", ""sender slowdown"", ""receiver slowdown"", ""sender delta cyc"", ""receiver delta cyc""]","[""11"", ""15"", ""3.967"", ""3.969"", ""100909.0"", ""100909.0""]"
boop-docs/microbenching/docs/noc/noc-vc-command-flags.md,216,Run 2026-06-30T02:23:33-04:00 NoC arbitration priority victim/interferer,"[""victim priority"", ""background priority"", ""sender slowdown"", ""receiver slowdown"", ""sender delta cyc"", ""receiver delta cyc""]","[""12"", ""1"", ""1.005"", ""1.005"", ""165.0"", ""164.0""]"
boop-docs/microbenching/docs/noc/noc-vc-command-flags.md,217,Run 2026-06-30T02:23:33-04:00 NoC arbitration priority victim/interferer,"[""victim priority"", ""background priority"", ""sender slowdown"", ""receiver slowdown"", ""sender delta cyc"", ""receiver delta cyc""]","[""12"", ""8"", ""1.005"", ""1.005"", ""157.0"", ""160.0""]"
boop-docs/microbenching/docs/noc/noc-vc-command-flags.md,218,Run 2026-06-30T02:23:33-04:00 NoC arbitration priority victim/interferer,"[""victim priority"", ""background priority"", ""sender slowdown"", ""receiver slowdown"", ""sender delta cyc"", ""receiver delta cyc""]","[""12"", ""15"", ""3.989"", ""3.991"", ""101119.0"", ""101122.0""]"
boop-docs/microbenching/docs/noc/noc-vc-command-flags.md,219,Run 2026-06-30T02:23:33-04:00 NoC arbitration priority victim/interferer,"[""victim priority"", ""background priority"", ""sender slowdown"", ""receiver slowdown"", ""sender delta cyc"", ""receiver delta cyc""]","[""13"", ""1"", ""1.000"", ""1.000"", ""-9.0"", ""-12.0""]"
boop-docs/microbenching/docs/noc/noc-vc-command-flags.md,220,Run 2026-06-30T02:23:33-04:00 NoC arbitration priority victim/interferer,"[""victim priority"", ""background priority"", ""sender slowdown"", ""receiver slowdown"", ""sender delta cyc"", ""receiver delta cyc""]","[""13"", ""8"", ""1.000"", ""1.000"", ""-17.0"", ""-16.0""]"
boop-docs/microbenching/docs/noc/noc-vc-command-flags.md,221,Run 2026-06-30T02:23:33-04:00 NoC arbitration priority victim/interferer,"[""victim priority"", ""background priority"", ""sender slowdown"", ""receiver slowdown"", ""sender delta cyc"", ""receiver delta cyc""]","[""13"", ""15"", ""3.969"", ""3.971"", ""100995.0"", ""100996.0""]"
boop-docs/microbenching/docs/noc/noc-vc-command-flags.md,222,Run 2026-06-30T02:23:33-04:00 NoC arbitration priority victim/interferer,"[""victim priority"", ""background priority"", ""sender slowdown"", ""receiver slowdown"", ""sender delta cyc"", ""receiver delta cyc""]","[""14"", ""1"", ""1.000"", ""1.000"", ""-16.0"", ""-14.0""]"
boop-docs/microbenching/docs/noc/noc-vc-command-flags.md,223,Run 2026-06-30T02:23:33-04:00 NoC arbitration priority victim/interferer,"[""victim priority"", ""background priority"", ""sender slowdown"", ""receiver slowdown"", ""sender delta cyc"", ""receiver delta cyc""]","[""14"", ""8"", ""1.000"", ""1.000"", ""-10.0"", ""-11.0""]"
boop-docs/microbenching/docs/noc/noc-vc-command-flags.md,224,Run 2026-06-30T02:23:33-04:00 NoC arbitration priority victim/interferer,"[""victim priority"", ""background priority"", ""sender slowdown"", ""receiver slowdown"", ""sender delta cyc"", ""receiver delta cyc""]","[""14"", ""15"", ""3.963"", ""3.966"", ""100773.0"", ""100775.0""]"
boop-docs/microbenching/docs/noc/noc-vc-command-flags.md,225,Run 2026-06-30T02:23:33-04:00 NoC arbitration priority victim/interferer,"[""victim priority"", ""background priority"", ""sender slowdown"", ""receiver slowdown"", ""sender delta cyc"", ""receiver delta cyc""]","[""15"", ""1"", ""1.005"", ""1.005"", ""160.0"", ""156.0""]"
boop-docs/microbenching/docs/noc/noc-vc-command-flags.md,226,Run 2026-06-30T02:23:33-04:00 NoC arbitration priority victim/interferer,"[""victim priority"", ""background priority"", ""sender slowdown"", ""receiver slowdown"", ""sender delta cyc"", ""receiver delta cyc""]","[""15"", ""8"", ""1.004"", ""1.004"", ""150.0"", ""149.0""]"
boop-docs/microbenching/docs/noc/noc-vc-command-flags.md,227,Run 2026-06-30T02:23:33-04:00 NoC arbitration priority victim/interferer,"[""victim priority"", ""background priority"", ""sender slowdown"", ""receiver slowdown"", ""sender delta cyc"", ""receiver delta cyc""]","[""15"", ""15"", ""3.970"", ""3.972"", ""100497.0"", ""100487.0""]"
boop-docs/microbenching/docs/noc/noc-vc-command-flags.md,231,Run 2026-06-30T02:23:33-04:00 NoC arbitration priority victim/interferer,"[""mode"", ""victim priority"", ""background priority"", ""repeats"", ""victim sender cyc"", ""victim receiver cyc"", ""victim B/cyc"", ""done delta"", ""seen delta"", ""start skew"", ""ready avg"", ""ready max"", ""ack delta"", ""marker""]","[""baseline"", ""1"", """", ""1"", ""34004.0"", ""33988.0"", ""61.674"", ""34004.0"", ""33988.0"", ""0.0"", ""228.87"", ""239"", ""129.0"", ""0xa6b00000""]"
boop-docs/microbenching/docs/noc/noc-vc-command-flags.md,232,Run 2026-06-30T02:23:33-04:00 NoC arbitration priority victim/interferer,"[""mode"", ""victim priority"", ""background priority"", ""repeats"", ""victim sender cyc"", ""victim receiver cyc"", ""victim B/cyc"", ""done delta"", ""seen delta"", ""start skew"", ""ready avg"", ""ready max"", ""ack delta"", ""marker""]","[""contended"", ""1"", ""1"", ""1"", ""134038.0"", ""134007.0"", ""15.646"", ""134038.0"", ""134007.0"", ""604.0"", ""1002.33"", ""2087"", ""129.0"", ""0xa6b00000""]"
boop-docs/microbenching/docs/noc/noc-vc-command-flags.md,233,Run 2026-06-30T02:23:33-04:00 NoC arbitration priority victim/interferer,"[""mode"", ""victim priority"", ""background priority"", ""repeats"", ""victim sender cyc"", ""victim receiver cyc"", ""victim B/cyc"", ""done delta"", ""seen delta"", ""start skew"", ""ready avg"", ""ready max"", ""ack delta"", ""marker""]","[""contended"", ""1"", ""8"", ""1"", ""134955.0"", ""134924.0"", ""15.540"", ""134955.0"", ""134924.0"", ""528.0"", ""1013.55"", ""101175"", ""129.0"", ""0xa6b00000""]"
boop-docs/microbenching/docs/noc/noc-vc-command-flags.md,234,Run 2026-06-30T02:23:33-04:00 NoC arbitration priority victim/interferer,"[""mode"", ""victim priority"", ""background priority"", ""repeats"", ""victim sender cyc"", ""victim receiver cyc"", ""victim B/cyc"", ""done delta"", ""seen delta"", ""start skew"", ""ready avg"", ""ready max"", ""ack delta"", ""marker""]","[""contended"", ""1"", ""15"", ""1"", ""134956.0"", ""134928.0"", ""15.540"", ""134956.0"", ""134928.0"", ""546.0"", ""1013.49"", ""101167"", ""129.0"", ""0xa6b00000""]"
boop-docs/microbenching/docs/noc/noc-vc-command-flags.md,235,Run 2026-06-30T02:23:33-04:00 NoC arbitration priority victim/interferer,"[""mode"", ""victim priority"", ""background priority"", ""repeats"", ""victim sender cyc"", ""victim receiver cyc"", ""victim B/cyc"", ""done delta"", ""seen delta"", ""start skew"", ""ready avg"", ""ready max"", ""ack delta"", ""marker""]","[""baseline"", ""2"", """", ""1"", ""34018.0"", ""33986.0"", ""61.648"", ""34018.0"", ""33986.0"", ""0.0"", ""228.87"", ""239"", ""129.0"", ""0xa6b00000""]"
boop-docs/microbenching/docs/noc/noc-vc-command-flags.md,236,Run 2026-06-30T02:23:33-04:00 NoC arbitration priority victim/interferer,"[""mode"", ""victim priority"", ""background priority"", ""repeats"", ""victim sender cyc"", ""victim receiver cyc"", ""victim B/cyc"", ""done delta"", ""seen delta"", ""start skew"", ""ready avg"", ""ready max"", ""ack delta"", ""marker""]","[""contended"", ""2"", ""1"", ""1"", ""34001.0"", ""33972.0"", ""61.679"", ""34001.0"", ""33972.0"", ""549.0"", ""228.74"", ""239"", ""129.0"", ""0xa6b00000""]"
boop-docs/microbenching/docs/noc/noc-vc-command-flags.md,237,Run 2026-06-30T02:23:33-04:00 NoC arbitration priority victim/interferer,"[""mode"", ""victim priority"", ""background priority"", ""repeats"", ""victim sender cyc"", ""victim receiver cyc"", ""victim B/cyc"", ""done delta"", ""seen delta"", ""start skew"", ""ready avg"", ""ready max"", ""ack delta"", ""marker""]","[""contended"", ""2"", ""8"", ""1"", ""134915.0"", ""134882.0"", ""15.544"", ""134915.0"", ""134882.0"", ""536.0"", ""1013.18"", ""101143"", ""129.0"", ""0xa6b00000""]"
boop-docs/microbenching/docs/noc/noc-vc-command-flags.md,238,Run 2026-06-30T02:23:33-04:00 NoC arbitration priority victim/interferer,"[""mode"", ""victim priority"", ""background priority"", ""repeats"", ""victim sender cyc"", ""victim receiver cyc"", ""victim B/cyc"", ""done delta"", ""seen delta"", ""start skew"", ""ready avg"", ""ready max"", ""ack delta"", ""marker""]","[""contended"", ""2"", ""15"", ""1"", ""134899.0"", ""134867.0"", ""15.546"", ""134899.0"", ""134867.0"", ""526.0"", ""1013.12"", ""101119"", ""129.0"", ""0xa6b00000""]"
boop-docs/microbenching/docs/noc/noc-vc-command-flags.md,239,Run 2026-06-30T02:23:33-04:00 NoC arbitration priority victim/interferer,"[""mode"", ""victim priority"", ""background priority"", ""repeats"", ""victim sender cyc"", ""victim receiver cyc"", ""victim B/cyc"", ""done delta"", ""seen delta"", ""start skew"", ""ready avg"", ""ready max"", ""ack delta"", ""marker""]","[""baseline"", ""3"", """", ""1"", ""34012.0"", ""33980.0"", ""61.659"", ""34012.0"", ""33980.0"", ""0.0"", ""228.93"", ""239"", ""129.0"", ""0xa6b00000""]"
boop-docs/microbenching/docs/noc/noc-vc-command-flags.md,240,Run 2026-06-30T02:23:33-04:00 NoC arbitration priority victim/interferer,"[""mode"", ""victim priority"", ""background priority"", ""repeats"", ""victim sender cyc"", ""victim receiver cyc"", ""victim B/cyc"", ""done delta"", ""seen delta"", ""start skew"", ""ready avg"", ""ready max"", ""ack delta"", ""marker""]","[""contended"", ""3"", ""1"", ""1"", ""33992.0"", ""33962.0"", ""61.695"", ""33992.0"", ""33962.0"", ""544.0"", ""228.74"", ""239"", ""129.0"", ""0xa6b00000""]"
boop-docs/microbenching/docs/noc/noc-vc-command-flags.md,241,Run 2026-06-30T02:23:33-04:00 NoC arbitration priority victim/interferer,"[""mode"", ""victim priority"", ""background priority"", ""repeats"", ""victim sender cyc"", ""victim receiver cyc"", ""victim B/cyc"", ""done delta"", ""seen delta"", ""start skew"", ""ready avg"", ""ready max"", ""ack delta"", ""marker""]","[""contended"", ""3"", ""8"", ""1"", ""134915.0"", ""134881.0"", ""15.544"", ""134915.0"", ""134881.0"", ""530.0"", ""1013.18"", ""101143"", ""129.0"", ""0xa6b00000""]"
boop-docs/microbenching/docs/noc/noc-vc-command-flags.md,242,Run 2026-06-30T02:23:33-04:00 NoC arbitration priority victim/interferer,"[""mode"", ""victim priority"", ""background priority"", ""repeats"", ""victim sender cyc"", ""victim receiver cyc"", ""victim B/cyc"", ""done delta"", ""seen delta"", ""start skew"", ""ready avg"", ""ready max"", ""ack delta"", ""marker""]","[""contended"", ""3"", ""15"", ""1"", ""134947.0"", ""134916.0"", ""15.541"", ""134947.0"", ""134916.0"", ""531.0"", ""1013.49"", ""101167"", ""129.0"", ""0xa6b00000""]"
boop-docs/microbenching/docs/noc/noc-vc-command-flags.md,243,Run 2026-06-30T02:23:33-04:00 NoC arbitration priority victim/interferer,"[""mode"", ""victim priority"", ""background priority"", ""repeats"", ""victim sender cyc"", ""victim receiver cyc"", ""victim B/cyc"", ""done delta"", ""seen delta"", ""start skew"", ""ready avg"", ""ready max"", ""ack delta"", ""marker""]","[""baseline"", ""4"", """", ""1"", ""34015.0"", ""33986.0"", ""61.654"", ""34015.0"", ""33986.0"", ""0.0"", ""228.93"", ""239"", ""129.0"", ""0xa6b00000""]"
boop-docs/microbenching/docs/noc/noc-vc-command-flags.md,244,Run 2026-06-30T02:23:33-04:00 NoC arbitration priority victim/interferer,"[""mode"", ""victim priority"", ""background priority"", ""repeats"", ""victim sender cyc"", ""victim receiver cyc"", ""victim B/cyc"", ""done delta"", ""seen delta"", ""start skew"", ""ready avg"", ""ready max"", ""ack delta"", ""marker""]","[""contended"", ""4"", ""1"", ""1"", ""33829.0"", ""33799.0"", ""61.993"", ""33829.0"", ""33799.0"", ""528.0"", ""227.69"", ""239"", ""129.0"", ""0xa6b00000""]"
boop-docs/microbenching/docs/noc/noc-vc-command-flags.md,245,Run 2026-06-30T02:23:33-04:00 NoC arbitration priority victim/interferer,"[""mode"", ""victim priority"", ""background priority"", ""repeats"", ""victim sender cyc"", ""victim receiver cyc"", ""victim B/cyc"", ""done delta"", ""seen delta"", ""start skew"", ""ready avg"", ""ready max"", ""ack delta"", ""marker""]","[""contended"", ""4"", ""8"", ""1"", ""134924.0"", ""134893.0"", ""15.543"", ""134924.0"", ""134893.0"", ""539.0"", ""1013.30"", ""101143"", ""129.0"", ""0xa6b00000""]"
boop-docs/microbenching/docs/noc/noc-vc-command-flags.md,246,Run 2026-06-30T02:23:33-04:00 NoC arbitration priority victim/interferer,"[""mode"", ""victim priority"", ""background priority"", ""repeats"", ""victim sender cyc"", ""victim receiver cyc"", ""victim B/cyc"", ""done delta"", ""seen delta"", ""start skew"", ""ready avg"", ""ready max"", ""ack delta"", ""marker""]","[""contended"", ""4"", ""15"", ""1"", ""134997.0"", ""134966.0"", ""15.535"", ""134997.0"", ""134966.0"", ""541.0"", ""1013.80"", ""101215"", ""129.0"", ""0xa6b00000""]"
boop-docs/microbenching/docs/noc/noc-vc-command-flags.md,247,Run 2026-06-30T02:23:33-04:00 NoC arbitration priority victim/interferer,"[""mode"", ""victim priority"", ""background priority"", ""repeats"", ""victim sender cyc"", ""victim receiver cyc"", ""victim B/cyc"", ""done delta"", ""seen delta"", ""start skew"", ""ready avg"", ""ready max"", ""ack delta"", ""marker""]","[""baseline"", ""5"", """", ""1"", ""34011.0"", ""33983.0"", ""61.661"", ""34011.0"", ""33983.0"", ""0.0"", ""228.87"", ""239"", ""129.0"", ""0xa6b00000""]"
boop-docs/microbenching/docs/noc/noc-vc-command-flags.md,248,Run 2026-06-30T02:23:33-04:00 NoC arbitration priority victim/interferer,"[""mode"", ""victim priority"", ""background priority"", ""repeats"", ""victim sender cyc"", ""victim receiver cyc"", ""victim B/cyc"", ""done delta"", ""seen delta"", ""start skew"", ""ready avg"", ""ready max"", ""ack delta"", ""marker""]","[""contended"", ""5"", ""1"", ""1"", ""33989.0"", ""33955.0"", ""61.701"", ""33989.0"", ""33955.0"", ""534.0"", ""228.62"", ""239"", ""129.0"", ""0xa6b00000""]"
boop-docs/microbenching/docs/noc/noc-vc-command-flags.md,249,Run 2026-06-30T02:23:33-04:00 NoC arbitration priority victim/interferer,"[""mode"", ""victim priority"", ""background priority"", ""repeats"", ""victim sender cyc"", ""victim receiver cyc"", ""victim B/cyc"", ""done delta"", ""seen delta"", ""start skew"", ""ready avg"", ""ready max"", ""ack delta"", ""marker""]","[""contended"", ""5"", ""8"", ""1"", ""134989.0"", ""134960.0"", ""15.536"", ""134989.0"", ""134960.0"", ""555.0"", ""1013.80"", ""101207"", ""129.0"", ""0xa6b00000""]"
boop-docs/microbenching/docs/noc/noc-vc-command-flags.md,250,Run 2026-06-30T02:23:33-04:00 NoC arbitration priority victim/interferer,"[""mode"", ""victim priority"", ""background priority"", ""repeats"", ""victim sender cyc"", ""victim receiver cyc"", ""victim B/cyc"", ""done delta"", ""seen delta"", ""start skew"", ""ready avg"", ""ready max"", ""ack delta"", ""marker""]","[""contended"", ""5"", ""15"", ""1"", ""134915.0"", ""134885.0"", ""15.544"", ""134915.0"", ""134885.0"", ""546.0"", ""1013.24"", ""101143"", ""129.0"", ""0xa6b00000""]"
boop-docs/microbenching/docs/noc/noc-vc-command-flags.md,251,Run 2026-06-30T02:23:33-04:00 NoC arbitration priority victim/interferer,"[""mode"", ""victim priority"", ""background priority"", ""repeats"", ""victim sender cyc"", ""victim receiver cyc"", ""victim B/cyc"", ""done delta"", ""seen delta"", ""start skew"", ""ready avg"", ""ready max"", ""ack delta"", ""marker""]","[""baseline"", ""6"", """", ""1"", ""34011.0"", ""33984.0"", ""61.661"", ""34011.0"", ""33984.0"", ""0.0"", ""228.87"", ""239"", ""129.0"", ""0xa6b00000""]"
boop-docs/microbenching/docs/noc/noc-vc-command-flags.md,252,Run 2026-06-30T02:23:33-04:00 NoC arbitration priority victim/interferer,"[""mode"", ""victim priority"", ""background priority"", ""repeats"", ""victim sender cyc"", ""victim receiver cyc"", ""victim B/cyc"", ""done delta"", ""seen delta"", ""start skew"", ""ready avg"", ""ready max"", ""ack delta"", ""marker""]","[""contended"", ""6"", ""1"", ""1"", ""33999.0"", ""33969.0"", ""61.683"", ""33999.0"", ""33969.0"", ""534.0"", ""228.81"", ""239"", ""129.0"", ""0xa6b00000""]"
boop-docs/microbenching/docs/noc/noc-vc-command-flags.md,253,Run 2026-06-30T02:23:33-04:00 NoC arbitration priority victim/interferer,"[""mode"", ""victim priority"", ""background priority"", ""repeats"", ""victim sender cyc"", ""victim receiver cyc"", ""victim B/cyc"", ""done delta"", ""seen delta"", ""start skew"", ""ready avg"", ""ready max"", ""ack delta"", ""marker""]","[""contended"", ""6"", ""8"", ""1"", ""134759.0"", ""134734.0"", ""15.562"", ""134759.0"", ""134734.0"", ""544.0"", ""1012.06"", ""101159"", ""129.0"", ""0xa6b00000""]"
boop-docs/microbenching/docs/noc/noc-vc-command-flags.md,254,Run 2026-06-30T02:23:33-04:00 NoC arbitration priority victim/interferer,"[""mode"", ""victim priority"", ""background priority"", ""repeats"", ""victim sender cyc"", ""victim receiver cyc"", ""victim B/cyc"", ""done delta"", ""seen delta"", ""start skew"", ""ready avg"", ""ready max"", ""ack delta"", ""marker""]","[""contended"", ""6"", ""15"", ""1"", ""134948.0"", ""134918.0"", ""15.540"", ""134948.0"", ""134918.0"", ""546.0"", ""1013.43"", ""101159"", ""129.0"", ""0xa6b00000""]"
boop-docs/microbenching/docs/noc/noc-vc-command-flags.md,255,Run 2026-06-30T02:23:33-04:00 NoC arbitration priority victim/interferer,"[""mode"", ""victim priority"", ""background priority"", ""repeats"", ""victim sender cyc"", ""victim receiver cyc"", ""victim B/cyc"", ""done delta"", ""seen delta"", ""start skew"", ""ready avg"", ""ready max"", ""ack delta"", ""marker""]","[""baseline"", ""7"", """", ""1"", ""34012.0"", ""33978.0"", ""61.659"", ""34012.0"", ""33978.0"", ""0.0"", ""228.81"", ""239"", ""129.0"", ""0xa6b00000""]"
boop-docs/microbenching/docs/noc/noc-vc-command-flags.md,256,Run 2026-06-30T02:23:33-04:00 NoC arbitration priority victim/interferer,"[""mode"", ""victim priority"", ""background priority"", ""repeats"", ""victim sender cyc"", ""victim receiver cyc"", ""victim B/cyc"", ""done delta"", ""seen delta"", ""start skew"", ""ready avg"", ""ready max"", ""ack delta"", ""marker""]","[""contended"", ""7"", ""1"", ""1"", ""33841.0"", ""33806.0"", ""61.971"", ""33841.0"", ""33806.0"", ""527.0"", ""227.69"", ""239"", ""129.0"", ""0xa6b00000""]"
boop-docs/microbenching/docs/noc/noc-vc-command-flags.md,257,Run 2026-06-30T02:23:33-04:00 NoC arbitration priority victim/interferer,"[""mode"", ""victim priority"", ""background priority"", ""repeats"", ""victim sender cyc"", ""victim receiver cyc"", ""victim B/cyc"", ""done delta"", ""seen delta"", ""start skew"", ""ready avg"", ""ready max"", ""ack delta"", ""marker""]","[""contended"", ""7"", ""8"", ""1"", ""134955.0"", ""134927.0"", ""15.540"", ""134955.0"", ""134927.0"", ""539.0"", ""1013.55"", ""101183"", ""129.0"", ""0xa6b00000""]"
boop-docs/microbenching/docs/noc/noc-vc-command-flags.md,258,Run 2026-06-30T02:23:33-04:00 NoC arbitration priority victim/interferer,"[""mode"", ""victim priority"", ""background priority"", ""repeats"", ""victim sender cyc"", ""victim receiver cyc"", ""victim B/cyc"", ""done delta"", ""seen delta"", ""start skew"", ""ready avg"", ""ready max"", ""ack delta"", ""marker""]","[""contended"", ""7"", ""15"", ""1"", ""134892.0"", ""134864.0"", ""15.547"", ""134892.0"", ""134864.0"", ""536.0"", ""1013.05"", ""101111"", ""129.0"", ""0xa6b00000""]"
boop-docs/microbenching/docs/noc/noc-vc-command-flags.md,259,Run 2026-06-30T02:23:33-04:00 NoC arbitration priority victim/interferer,"[""mode"", ""victim priority"", ""background priority"", ""repeats"", ""victim sender cyc"", ""victim receiver cyc"", ""victim B/cyc"", ""done delta"", ""seen delta"", ""start skew"", ""ready avg"", ""ready max"", ""ack delta"", ""marker""]","[""baseline"", ""8"", """", ""1"", ""34004.0"", ""33970.0"", ""61.674"", ""34004.0"", ""33970.0"", ""0.0"", ""228.81"", ""239"", ""129.0"", ""0xa6b00000""]"
boop-docs/microbenching/docs/noc/noc-vc-command-flags.md,260,Run 2026-06-30T02:23:33-04:00 NoC arbitration priority victim/interferer,"[""mode"", ""victim priority"", ""background priority"", ""repeats"", ""victim sender cyc"", ""victim receiver cyc"", ""victim B/cyc"", ""done delta"", ""seen delta"", ""start skew"", ""ready avg"", ""ready max"", ""ack delta"", ""marker""]","[""contended"", ""8"", ""1"", ""1"", ""34003.0"", ""33971.0"", ""61.675"", ""34003.0"", ""33971.0"", ""526.0"", ""228.74"", ""239"", ""129.0"", ""0xa6b00000""]"
boop-docs/microbenching/docs/noc/noc-vc-command-flags.md,261,Run 2026-06-30T02:23:33-04:00 NoC arbitration priority victim/interferer,"[""mode"", ""victim priority"", ""background priority"", ""repeats"", ""victim sender cyc"", ""victim receiver cyc"", ""victim B/cyc"", ""done delta"", ""seen delta"", ""start skew"", ""ready avg"", ""ready max"", ""ack delta"", ""marker""]","[""contended"", ""8"", ""8"", ""1"", ""134364.0"", ""134334.0"", ""15.608"", ""134364.0"", ""134334.0"", ""547.0"", ""1004.43"", ""2079"", ""129.0"", ""0xa6b00000""]"
boop-docs/microbenching/docs/noc/noc-vc-command-flags.md,262,Run 2026-06-30T02:23:33-04:00 NoC arbitration priority victim/interferer,"[""mode"", ""victim priority"", ""background priority"", ""repeats"", ""victim sender cyc"", ""victim receiver cyc"", ""victim B/cyc"", ""done delta"", ""seen delta"", ""start skew"", ""ready avg"", ""ready max"", ""ack delta"", ""marker""]","[""contended"", ""8"", ""15"", ""1"", ""134915.0"", ""134883.0"", ""15.544"", ""134915.0"", ""134883.0"", ""549.0"", ""1013.18"", ""101135"", ""129.0"", ""0xa6b00000""]"
boop-docs/microbenching/docs/noc/noc-vc-command-flags.md,263,Run 2026-06-30T02:23:33-04:00 NoC arbitration priority victim/interferer,"[""mode"", ""victim priority"", ""background priority"", ""repeats"", ""victim sender cyc"", ""victim receiver cyc"", ""victim B/cyc"", ""done delta"", ""seen delta"", ""start skew"", ""ready avg"", ""ready max"", ""ack delta"", ""marker""]","[""baseline"", ""9"", """", ""1"", ""33848.0"", ""33814.0"", ""61.958"", ""33848.0"", ""33814.0"", ""0.0"", ""227.69"", ""239"", ""129.0"", ""0xa6b00000""]"
boop-docs/microbenching/docs/noc/noc-vc-command-flags.md,264,Run 2026-06-30T02:23:33-04:00 NoC arbitration priority victim/interferer,"[""mode"", ""victim priority"", ""background priority"", ""repeats"", ""victim sender cyc"", ""victim receiver cyc"", ""victim B/cyc"", ""done delta"", ""seen delta"", ""start skew"", ""ready avg"", ""ready max"", ""ack delta"", ""marker""]","[""contended"", ""9"", ""1"", ""1"", ""33840.0"", ""33806.0"", ""61.973"", ""33840.0"", ""33806.0"", ""544.0"", ""227.69"", ""239"", ""129.0"", ""0xa6b00000""]"
boop-docs/microbenching/docs/noc/noc-vc-command-flags.md,265,Run 2026-06-30T02:23:33-04:00 NoC arbitration priority victim/interferer,"[""mode"", ""victim priority"", ""background priority"", ""repeats"", ""victim sender cyc"", ""victim receiver cyc"", ""victim B/cyc"", ""done delta"", ""seen delta"", ""start skew"", ""ready avg"", ""ready max"", ""ack delta"", ""marker""]","[""contended"", ""9"", ""8"", ""1"", ""33834.0"", ""33799.0"", ""61.984"", ""33834.0"", ""33799.0"", ""533.0"", ""227.63"", ""239"", ""129.0"", ""0xa6b00000""]"
boop-docs/microbenching/docs/noc/noc-vc-command-flags.md,266,Run 2026-06-30T02:23:33-04:00 NoC arbitration priority victim/interferer,"[""mode"", ""victim priority"", ""background priority"", ""repeats"", ""victim sender cyc"", ""victim receiver cyc"", ""victim B/cyc"", ""done delta"", ""seen delta"", ""start skew"", ""ready avg"", ""ready max"", ""ack delta"", ""marker""]","[""contended"", ""9"", ""15"", ""1"", ""135011.0"", ""134982.0"", ""15.533"", ""135011.0"", ""134982.0"", ""535.0"", ""1013.92"", ""101223"", ""129.0"", ""0xa6b00000""]"
boop-docs/microbenching/docs/noc/noc-vc-command-flags.md,267,Run 2026-06-30T02:23:33-04:00 NoC arbitration priority victim/interferer,"[""mode"", ""victim priority"", ""background priority"", ""repeats"", ""victim sender cyc"", ""victim receiver cyc"", ""victim B/cyc"", ""done delta"", ""seen delta"", ""start skew"", ""ready avg"", ""ready max"", ""ack delta"", ""marker""]","[""baseline"", ""10"", """", ""1"", ""34004.0"", ""33973.0"", ""61.674"", ""34004.0"", ""33973.0"", ""0.0"", ""228.81"", ""239"", ""129.0"", ""0xa6b00000""]"
boop-docs/microbenching/docs/noc/noc-vc-command-flags.md,268,Run 2026-06-30T02:23:33-04:00 NoC arbitration priority victim/interferer,"[""mode"", ""victim priority"", ""background priority"", ""repeats"", ""victim sender cyc"", ""victim receiver cyc"", ""victim B/cyc"", ""done delta"", ""seen delta"", ""start skew"", ""ready avg"", ""ready max"", ""ack delta"", ""marker""]","[""contended"", ""10"", ""1"", ""1"", ""34000.0"", ""33966.0"", ""61.681"", ""34000.0"", ""33966.0"", ""551.0"", ""228.81"", ""239"", ""129.0"", ""0xa6b00000""]"
boop-docs/microbenching/docs/noc/noc-vc-command-flags.md,269,Run 2026-06-30T02:23:33-04:00 NoC arbitration priority victim/interferer,"[""mode"", ""victim priority"", ""background priority"", ""repeats"", ""victim sender cyc"", ""victim receiver cyc"", ""victim B/cyc"", ""done delta"", ""seen delta"", ""start skew"", ""ready avg"", ""ready max"", ""ack delta"", ""marker""]","[""contended"", ""10"", ""8"", ""1"", ""33998.0"", ""33969.0"", ""61.685"", ""33998.0"", ""33969.0"", ""540.0"", ""228.81"", ""239"", ""129.0"", ""0xa6b00000""]"
boop-docs/microbenching/docs/noc/noc-vc-command-flags.md,270,Run 2026-06-30T02:23:33-04:00 NoC arbitration priority victim/interferer,"[""mode"", ""victim priority"", ""background priority"", ""repeats"", ""victim sender cyc"", ""victim receiver cyc"", ""victim B/cyc"", ""done delta"", ""seen delta"", ""start skew"", ""ready avg"", ""ready max"", ""ack delta"", ""marker""]","[""contended"", ""10"", ""15"", ""1"", ""134806.0"", ""134775.0"", ""15.557"", ""134806.0"", ""134775.0"", ""541.0"", ""1012.43"", ""101191"", ""129.0"", ""0xa6b00000""]"
boop-docs/microbenching/docs/noc/noc-vc-command-flags.md,271,Run 2026-06-30T02:23:33-04:00 NoC arbitration priority victim/interferer,"[""mode"", ""victim priority"", ""background priority"", ""repeats"", ""victim sender cyc"", ""victim receiver cyc"", ""victim B/cyc"", ""done delta"", ""seen delta"", ""start skew"", ""ready avg"", ""ready max"", ""ack delta"", ""marker""]","[""baseline"", ""11"", """", ""1"", ""34010.0"", ""33985.0"", ""61.663"", ""34010.0"", ""33985.0"", ""0.0"", ""228.87"", ""239"", ""129.0"", ""0xa6b00000""]"
boop-docs/microbenching/docs/noc/noc-vc-command-flags.md,272,Run 2026-06-30T02:23:33-04:00 NoC arbitration priority victim/interferer,"[""mode"", ""victim priority"", ""background priority"", ""repeats"", ""victim sender cyc"", ""victim receiver cyc"", ""victim B/cyc"", ""done delta"", ""seen delta"", ""start skew"", ""ready avg"", ""ready max"", ""ack delta"", ""marker""]","[""contended"", ""11"", ""1"", ""1"", ""33992.0"", ""33966.0"", ""61.695"", ""33992.0"", ""33966.0"", ""537.0"", ""228.68"", ""239"", ""129.0"", ""0xa6b00000""]"
boop-docs/microbenching/docs/noc/noc-vc-command-flags.md,273,Run 2026-06-30T02:23:33-04:00 NoC arbitration priority victim/interferer,"[""mode"", ""victim priority"", ""background priority"", ""repeats"", ""victim sender cyc"", ""victim receiver cyc"", ""victim B/cyc"", ""done delta"", ""seen delta"", ""start skew"", ""ready avg"", ""ready max"", ""ack delta"", ""marker""]","[""contended"", ""11"", ""8"", ""1"", ""33993.0"", ""33964.0"", ""61.694"", ""33993.0"", ""33964.0"", ""539.0"", ""228.87"", ""239"", ""129.0"", ""0xa6b00000""]"
boop-docs/microbenching/docs/noc/noc-vc-command-flags.md,274,Run 2026-06-30T02:23:33-04:00 NoC arbitration priority victim/interferer,"[""mode"", ""victim priority"", ""background priority"", ""repeats"", ""victim sender cyc"", ""victim receiver cyc"", ""victim B/cyc"", ""done delta"", ""seen delta"", ""start skew"", ""ready avg"", ""ready max"", ""ack delta"", ""marker""]","[""contended"", ""11"", ""15"", ""1"", ""134919.0"", ""134894.0"", ""15.544"", ""134919.0"", ""134894.0"", ""555.0"", ""1013.24"", ""101151"", ""129.0"", ""0xa6b00000""]"
boop-docs/microbenching/docs/noc/noc-vc-command-flags.md,275,Run 2026-06-30T02:23:33-04:00 NoC arbitration priority victim/interferer,"[""mode"", ""victim priority"", ""background priority"", ""repeats"", ""victim sender cyc"", ""victim receiver cyc"", ""victim B/cyc"", ""done delta"", ""seen delta"", ""start skew"", ""ready avg"", ""ready max"", ""ack delta"", ""marker""]","[""baseline"", ""12"", """", ""1"", ""33836.0"", ""33806.0"", ""61.980"", ""33836.0"", ""33806.0"", ""0.0"", ""227.75"", ""239"", ""129.0"", ""0xa6b00000""]"
boop-docs/microbenching/docs/noc/noc-vc-command-flags.md,276,Run 2026-06-30T02:23:33-04:00 NoC arbitration priority victim/interferer,"[""mode"", ""victim priority"", ""background priority"", ""repeats"", ""victim sender cyc"", ""victim receiver cyc"", ""victim B/cyc"", ""done delta"", ""seen delta"", ""start skew"", ""ready avg"", ""ready max"", ""ack delta"", ""marker""]","[""contended"", ""12"", ""1"", ""1"", ""34001.0"", ""33970.0"", ""61.679"", ""34001.0"", ""33970.0"", ""530.0"", ""228.81"", ""239"", ""129.0"", ""0xa6b00000""]"
boop-docs/microbenching/docs/noc/noc-vc-command-flags.md,277,Run 2026-06-30T02:23:33-04:00 NoC arbitration priority victim/interferer,"[""mode"", ""victim priority"", ""background priority"", ""repeats"", ""victim sender cyc"", ""victim receiver cyc"", ""victim B/cyc"", ""done delta"", ""seen delta"", ""start skew"", ""ready avg"", ""ready max"", ""ack delta"", ""marker""]","[""contended"", ""12"", ""8"", ""1"", ""33993.0"", ""33966.0"", ""61.694"", ""33993.0"", ""33966.0"", ""545.0"", ""228.81"", ""239"", ""129.0"", ""0xa6b00000""]"
boop-docs/microbenching/docs/noc/noc-vc-command-flags.md,278,Run 2026-06-30T02:23:33-04:00 NoC arbitration priority victim/interferer,"[""mode"", ""victim priority"", ""background priority"", ""repeats"", ""victim sender cyc"", ""victim receiver cyc"", ""victim B/cyc"", ""done delta"", ""seen delta"", ""start skew"", ""ready avg"", ""ready max"", ""ack delta"", ""marker""]","[""contended"", ""12"", ""15"", ""1"", ""134955.0"", ""134928.0"", ""15.540"", ""134955.0"", ""134928.0"", ""535.0"", ""1013.55"", ""101175"", ""129.0"", ""0xa6b00000""]"
boop-docs/microbenching/docs/noc/noc-vc-command-flags.md,279,Run 2026-06-30T02:23:33-04:00 NoC arbitration priority victim/interferer,"[""mode"", ""victim priority"", ""background priority"", ""repeats"", ""victim sender cyc"", ""victim receiver cyc"", ""victim B/cyc"", ""done delta"", ""seen delta"", ""start skew"", ""ready avg"", ""ready max"", ""ack delta"", ""marker""]","[""baseline"", ""13"", """", ""1"", ""34017.0"", ""33989.0"", ""61.650"", ""34017.0"", ""33989.0"", ""0.0"", ""228.87"", ""239"", ""129.0"", ""0xa6b00000""]"
boop-docs/microbenching/docs/noc/noc-vc-command-flags.md,280,Run 2026-06-30T02:23:33-04:00 NoC arbitration priority victim/interferer,"[""mode"", ""victim priority"", ""background priority"", ""repeats"", ""victim sender cyc"", ""victim receiver cyc"", ""victim B/cyc"", ""done delta"", ""seen delta"", ""start skew"", ""ready avg"", ""ready max"", ""ack delta"", ""marker""]","[""contended"", ""13"", ""1"", ""1"", ""34008.0"", ""33977.0"", ""61.666"", ""34008.0"", ""33977.0"", ""525.0"", ""228.87"", ""239"", ""129.0"", ""0xa6b00000""]"
boop-docs/microbenching/docs/noc/noc-vc-command-flags.md,281,Run 2026-06-30T02:23:33-04:00 NoC arbitration priority victim/interferer,"[""mode"", ""victim priority"", ""background priority"", ""repeats"", ""victim sender cyc"", ""victim receiver cyc"", ""victim B/cyc"", ""done delta"", ""seen delta"", ""start skew"", ""ready avg"", ""ready max"", ""ack delta"", ""marker""]","[""contended"", ""13"", ""8"", ""1"", ""34000.0"", ""33973.0"", ""61.681"", ""34000.0"", ""33973.0"", ""548.0"", ""228.81"", ""239"", ""129.0"", ""0xa6b00000""]"
boop-docs/microbenching/docs/noc/noc-vc-command-flags.md,282,Run 2026-06-30T02:23:33-04:00 NoC arbitration priority victim/interferer,"[""mode"", ""victim priority"", ""background priority"", ""repeats"", ""victim sender cyc"", ""victim receiver cyc"", ""victim B/cyc"", ""done delta"", ""seen delta"", ""start skew"", ""ready avg"", ""ready max"", ""ack delta"", ""marker""]","[""contended"", ""13"", ""15"", ""1"", ""135012.0"", ""134985.0"", ""15.533"", ""135012.0"", ""134985.0"", ""565.0"", ""1013.98"", ""101231"", ""129.0"", ""0xa6b00000""]"
boop-docs/microbenching/docs/noc/noc-vc-command-flags.md,283,Run 2026-06-30T02:23:33-04:00 NoC arbitration priority victim/interferer,"[""mode"", ""victim priority"", ""background priority"", ""repeats"", ""victim sender cyc"", ""victim receiver cyc"", ""victim B/cyc"", ""done delta"", ""seen delta"", ""start skew"", ""ready avg"", ""ready max"", ""ack delta"", ""marker""]","[""baseline"", ""14"", """", ""1"", ""34010.0"", ""33981.0"", ""61.663"", ""34010.0"", ""33981.0"", ""0.0"", ""228.93"", ""239"", ""129.0"", ""0xa6b00000""]"
boop-docs/microbenching/docs/noc/noc-vc-command-flags.md,284,Run 2026-06-30T02:23:33-04:00 NoC arbitration priority victim/interferer,"[""mode"", ""victim priority"", ""background priority"", ""repeats"", ""victim sender cyc"", ""victim receiver cyc"", ""victim B/cyc"", ""done delta"", ""seen delta"", ""start skew"", ""ready avg"", ""ready max"", ""ack delta"", ""marker""]","[""contended"", ""14"", ""1"", ""1"", ""33994.0"", ""33967.0"", ""61.692"", ""33994.0"", ""33967.0"", ""535.0"", ""228.74"", ""239"", ""129.0"", ""0xa6b00000""]"
boop-docs/microbenching/docs/noc/noc-vc-command-flags.md,285,Run 2026-06-30T02:23:33-04:00 NoC arbitration priority victim/interferer,"[""mode"", ""victim priority"", ""background priority"", ""repeats"", ""victim sender cyc"", ""victim receiver cyc"", ""victim B/cyc"", ""done delta"", ""seen delta"", ""start skew"", ""ready avg"", ""ready max"", ""ack delta"", ""marker""]","[""contended"", ""14"", ""8"", ""1"", ""34000.0"", ""33970.0"", ""61.681"", ""34000.0"", ""33970.0"", ""532.0"", ""228.81"", ""239"", ""129.0"", ""0xa6b00000""]"
boop-docs/microbenching/docs/noc/noc-vc-command-flags.md,286,Run 2026-06-30T02:23:33-04:00 NoC arbitration priority victim/interferer,"[""mode"", ""victim priority"", ""background priority"", ""repeats"", ""victim sender cyc"", ""victim receiver cyc"", ""victim B/cyc"", ""done delta"", ""seen delta"", ""start skew"", ""ready avg"", ""ready max"", ""ack delta"", ""marker""]","[""contended"", ""14"", ""15"", ""1"", ""134783.0"", ""134756.0"", ""15.559"", ""134783.0"", ""134756.0"", ""549.0"", ""1012.25"", ""101175"", ""129.0"", ""0xa6b00000""]"
boop-docs/microbenching/docs/noc/noc-vc-command-flags.md,287,Run 2026-06-30T02:23:33-04:00 NoC arbitration priority victim/interferer,"[""mode"", ""victim priority"", ""background priority"", ""repeats"", ""victim sender cyc"", ""victim receiver cyc"", ""victim B/cyc"", ""done delta"", ""seen delta"", ""start skew"", ""ready avg"", ""ready max"", ""ack delta"", ""marker""]","[""baseline"", ""15"", """", ""1"", ""33840.0"", ""33814.0"", ""61.973"", ""33840.0"", ""33814.0"", ""0.0"", ""227.69"", ""239"", ""129.0"", ""0xa6b00000""]"
boop-docs/microbenching/docs/noc/noc-vc-command-flags.md,288,Run 2026-06-30T02:23:33-04:00 NoC arbitration priority victim/interferer,"[""mode"", ""victim priority"", ""background priority"", ""repeats"", ""victim sender cyc"", ""victim receiver cyc"", ""victim B/cyc"", ""done delta"", ""seen delta"", ""start skew"", ""ready avg"", ""ready max"", ""ack delta"", ""marker""]","[""contended"", ""15"", ""1"", ""1"", ""34000.0"", ""33970.0"", ""61.681"", ""34000.0"", ""33970.0"", ""562.0"", ""228.87"", ""239"", ""129.0"", ""0xa6b00000""]"
boop-docs/microbenching/docs/noc/noc-vc-command-flags.md,289,Run 2026-06-30T02:23:33-04:00 NoC arbitration priority victim/interferer,"[""mode"", ""victim priority"", ""background priority"", ""repeats"", ""victim sender cyc"", ""victim receiver cyc"", ""victim B/cyc"", ""done delta"", ""seen delta"", ""start skew"", ""ready avg"", ""ready max"", ""ack delta"", ""marker""]","[""contended"", ""15"", ""8"", ""1"", ""33990.0"", ""33963.0"", ""61.699"", ""33990.0"", ""33963.0"", ""552.0"", ""228.81"", ""239"", ""129.0"", ""0xa6b00000""]"
boop-docs/microbenching/docs/noc/noc-vc-command-flags.md,290,Run 2026-06-30T02:23:33-04:00 NoC arbitration priority victim/interferer,"[""mode"", ""victim priority"", ""background priority"", ""repeats"", ""victim sender cyc"", ""victim receiver cyc"", ""victim B/cyc"", ""done delta"", ""seen delta"", ""start skew"", ""ready avg"", ""ready max"", ""ack delta"", ""marker""]","[""contended"", ""15"", ""15"", ""1"", ""134337.0"", ""134301.0"", ""15.611"", ""134337.0"", ""134301.0"", ""544.0"", ""1004.19"", ""2079"", ""129.0"", ""0xa6b00000""]"
boop-docs/microbenching/docs/noc/noc-vc-command-flags.md,315,Run 2026-06-30T20:34:13-04:00 NoC VC static speed,"[""mode"", ""posted"", ""noc"", ""vc"", ""priority"", ""source"", ""target"", ""bytes"", ""packets"", ""sender B/cyc"", ""receiver B/cyc"", ""sender cyc"", ""receiver cyc"", ""counter delta"", ""receiver polls""]","[""dynamic"", ""0"", ""0"", ""0"", ""0"", ""`1,2`"", ""`2,2`"", ""64"", ""128"", ""2.370 (min 2.369, max 2.372)"", ""2.486 (min 2.485, max 2.488)"", ""3456.667 (min 3454.000, max 3458.000)"", ""3295.000 (min 3293.000, max 3296.000)"", ""129.000 (min 129.000, max 129.000)"", ""309""]"
boop-docs/microbenching/docs/noc/noc-vc-command-flags.md,316,Run 2026-06-30T20:34:13-04:00 NoC VC static speed,"[""mode"", ""posted"", ""noc"", ""vc"", ""priority"", ""source"", ""target"", ""bytes"", ""packets"", ""sender B/cyc"", ""receiver B/cyc"", ""sender cyc"", ""receiver cyc"", ""counter delta"", ""receiver polls""]","[""dynamic"", ""0"", ""0"", ""0"", ""0"", ""`1,2`"", ""`2,2`"", ""1024"", ""128"", ""37.908 (min 37.904, max 37.915)"", ""39.767 (min 39.755, max 39.779)"", ""3457.667 (min 3457.000, max 3458.000)"", ""3296.000 (min 3295.000, max 3297.000)"", ""129.000 (min 129.000, max 129.000)"", ""310""]"
boop-docs/microbenching/docs/noc/noc-vc-command-flags.md,317,Run 2026-06-30T20:34:13-04:00 NoC VC static speed,"[""mode"", ""posted"", ""noc"", ""vc"", ""priority"", ""source"", ""target"", ""bytes"", ""packets"", ""sender B/cyc"", ""receiver B/cyc"", ""sender cyc"", ""receiver cyc"", ""counter delta"", ""receiver polls""]","[""dynamic"", ""0"", ""0"", ""0"", ""0"", ""`1,2`"", ""`2,2`"", ""16384"", ""128"", ""60.789 (min 60.736, max 60.835)"", ""61.252 (min 61.200, max 61.302)"", ""34499.000 (min 34473.000, max 34529.000)"", ""34238.000 (min 34210.000, max 34267.000)"", ""129.000 (min 129.000, max 129.000)"", ""3088""]"
boop-docs/microbenching/docs/noc/noc-vc-command-flags.md,318,Run 2026-06-30T20:34:13-04:00 NoC VC static speed,"[""mode"", ""posted"", ""noc"", ""vc"", ""priority"", ""source"", ""target"", ""bytes"", ""packets"", ""sender B/cyc"", ""receiver B/cyc"", ""sender cyc"", ""receiver cyc"", ""counter delta"", ""receiver polls""]","[""dynamic"", ""0"", ""0"", ""1"", ""0"", ""`1,2`"", ""`2,2`"", ""64"", ""128"", ""2.364 (min 2.360, max 2.366)"", ""2.480 (min 2.476, max 2.482)"", ""3465.000 (min 3462.000, max 3471.000)"", ""3303.667 (min 3300.000, max 3308.000)"", ""129.000 (min 129.000, max 129.000)"", ""311""]"
boop-docs/microbenching/docs/noc/noc-vc-command-flags.md,319,Run 2026-06-30T20:34:13-04:00 NoC VC static speed,"[""mode"", ""posted"", ""noc"", ""vc"", ""priority"", ""source"", ""target"", ""bytes"", ""packets"", ""sender B/cyc"", ""receiver B/cyc"", ""sender cyc"", ""receiver cyc"", ""counter delta"", ""receiver polls""]","[""dynamic"", ""0"", ""0"", ""1"", ""0"", ""`1,2`"", ""`2,2`"", ""1024"", ""128"", ""37.857 (min 37.849, max 37.860)"", ""39.687 (min 39.683, max 39.695)"", ""3462.333 (min 3462.000, max 3463.000)"", ""3302.667 (min 3302.000, max 3303.000)"", ""129.000 (min 129.000, max 129.000)"", ""312""]"
boop-docs/microbenching/docs/noc/noc-vc-command-flags.md,320,Run 2026-06-30T20:34:13-04:00 NoC VC static speed,"[""mode"", ""posted"", ""noc"", ""vc"", ""priority"", ""source"", ""target"", ""bytes"", ""packets"", ""sender B/cyc"", ""receiver B/cyc"", ""sender cyc"", ""receiver cyc"", ""counter delta"", ""receiver polls""]","[""dynamic"", ""0"", ""0"", ""1"", ""0"", ""`1,2`"", ""`2,2`"", ""16384"", ""128"", ""60.608 (min 60.364, max 60.829)"", ""61.081 (min 60.836, max 61.299)"", ""34602.333 (min 34476.000, max 34742.000)"", ""34334.333 (min 34212.000, max 34472.000)"", ""129.000 (min 129.000, max 129.000)"", ""3082""]"
boop-docs/microbenching/docs/noc/noc-vc-command-flags.md,321,Run 2026-06-30T20:34:13-04:00 NoC VC static speed,"[""mode"", ""posted"", ""noc"", ""vc"", ""priority"", ""source"", ""target"", ""bytes"", ""packets"", ""sender B/cyc"", ""receiver B/cyc"", ""sender cyc"", ""receiver cyc"", ""counter delta"", ""receiver polls""]","[""dynamic"", ""0"", ""0"", ""2"", ""0"", ""`1,2`"", ""`2,2`"", ""64"", ""128"", ""2.366 (min 2.365, max 2.366)"", ""2.480 (min 2.479, max 2.482)"", ""3462.667 (min 3462.000, max 3464.000)"", ""3302.667 (min 3300.000, max 3305.000)"", ""129.000 (min 129.000, max 129.000)"", ""310""]"
boop-docs/microbenching/docs/noc/noc-vc-command-flags.md,322,Run 2026-06-30T20:34:13-04:00 NoC VC static speed,"[""mode"", ""posted"", ""noc"", ""vc"", ""priority"", ""source"", ""target"", ""bytes"", ""packets"", ""sender B/cyc"", ""receiver B/cyc"", ""sender cyc"", ""receiver cyc"", ""counter delta"", ""receiver polls""]","[""dynamic"", ""0"", ""0"", ""2"", ""0"", ""`1,2`"", ""`2,2`"", ""1024"", ""128"", ""37.860 (min 37.860, max 37.860)"", ""39.715 (min 39.707, max 39.719)"", ""3462.000 (min 3462.000, max 3462.000)"", ""3300.333 (min 3300.000, max 3301.000)"", ""129.000 (min 129.000, max 129.000)"", ""312""]"
boop-docs/microbenching/docs/noc/noc-vc-command-flags.md,323,Run 2026-06-30T20:34:13-04:00 NoC VC static speed,"[""mode"", ""posted"", ""noc"", ""vc"", ""priority"", ""source"", ""target"", ""bytes"", ""packets"", ""sender B/cyc"", ""receiver B/cyc"", ""sender cyc"", ""receiver cyc"", ""counter delta"", ""receiver polls""]","[""dynamic"", ""0"", ""0"", ""2"", ""0"", ""`1,2`"", ""`2,2`"", ""16384"", ""128"", ""61.537 (min 61.317, max 61.757)"", ""62.015 (min 61.790, max 62.239)"", ""34079.667 (min 33958.000, max 34202.000)"", ""33817.333 (min 33695.000, max 33940.000)"", ""129.000 (min 129.000, max 129.000)"", ""3054""]"
boop-docs/microbenching/docs/noc/noc-vc-command-flags.md,324,Run 2026-06-30T20:34:13-04:00 NoC VC static speed,"[""mode"", ""posted"", ""noc"", ""vc"", ""priority"", ""source"", ""target"", ""bytes"", ""packets"", ""sender B/cyc"", ""receiver B/cyc"", ""sender cyc"", ""receiver cyc"", ""counter delta"", ""receiver polls""]","[""dynamic"", ""0"", ""0"", ""3"", ""0"", ""`1,2`"", ""`2,2`"", ""64"", ""128"", ""2.366 (min 2.366, max 2.366)"", ""2.481 (min 2.479, max 2.482)"", ""3462.000 (min 3462.000, max 3462.000)"", ""3301.333 (min 3300.000, max 3304.000)"", ""129.000 (min 129.000, max 129.000)"", ""311""]"
boop-docs/microbenching/docs/noc/noc-vc-command-flags.md,325,Run 2026-06-30T20:34:13-04:00 NoC VC static speed,"[""mode"", ""posted"", ""noc"", ""vc"", ""priority"", ""source"", ""target"", ""bytes"", ""packets"", ""sender B/cyc"", ""receiver B/cyc"", ""sender cyc"", ""receiver cyc"", ""counter delta"", ""receiver polls""]","[""dynamic"", ""0"", ""0"", ""3"", ""0"", ""`1,2`"", ""`2,2`"", ""1024"", ""128"", ""37.860 (min 37.860, max 37.860)"", ""39.691 (min 39.671, max 39.719)"", ""3462.000 (min 3462.000, max 3462.000)"", ""3302.333 (min 3300.000, max 3304.000)"", ""129.000 (min 129.000, max 129.000)"", ""312""]"
boop-docs/microbenching/docs/noc/noc-vc-command-flags.md,326,Run 2026-06-30T20:34:13-04:00 NoC VC static speed,"[""mode"", ""posted"", ""noc"", ""vc"", ""priority"", ""source"", ""target"", ""bytes"", ""packets"", ""sender B/cyc"", ""receiver B/cyc"", ""sender cyc"", ""receiver cyc"", ""counter delta"", ""receiver polls""]","[""dynamic"", ""0"", ""0"", ""3"", ""0"", ""`1,2`"", ""`2,2`"", ""16384"", ""128"", ""61.266 (min 60.638, max 61.596)"", ""61.745 (min 61.117, max 62.075)"", ""34232.000 (min 34047.000, max 34585.000)"", ""33966.667 (min 33784.000, max 34314.000)"", ""129.000 (min 129.000, max 129.000)"", ""3077""]"
boop-docs/microbenching/docs/noc/noc-vc-command-flags.md,327,Run 2026-06-30T20:34:13-04:00 NoC VC static speed,"[""mode"", ""posted"", ""noc"", ""vc"", ""priority"", ""source"", ""target"", ""bytes"", ""packets"", ""sender B/cyc"", ""receiver B/cyc"", ""sender cyc"", ""receiver cyc"", ""counter delta"", ""receiver polls""]","[""dynamic"", ""0"", ""0"", ""4"", ""0"", ""`1,2`"", ""`2,2`"", ""64"", ""128"", ""2.366 (min 2.366, max 2.366)"", ""2.482 (min 2.482, max 2.482)"", ""3462.333 (min 3462.000, max 3463.000)"", ""3300.667 (min 3300.000, max 3301.000)"", ""129.000 (min 129.000, max 129.000)"", ""311""]"
boop-docs/microbenching/docs/noc/noc-vc-command-flags.md,328,Run 2026-06-30T20:34:13-04:00 NoC VC static speed,"[""mode"", ""posted"", ""noc"", ""vc"", ""priority"", ""source"", ""target"", ""bytes"", ""packets"", ""sender B/cyc"", ""receiver B/cyc"", ""sender cyc"", ""receiver cyc"", ""counter delta"", ""receiver polls""]","[""dynamic"", ""0"", ""0"", ""4"", ""0"", ""`1,2`"", ""`2,2`"", ""1024"", ""128"", ""37.857 (min 37.849, max 37.860)"", ""39.687 (min 39.671, max 39.707)"", ""3462.333 (min 3462.000, max 3463.000)"", ""3302.667 (min 3301.000, max 3304.000)"", ""129.000 (min 129.000, max 129.000)"", ""311""]"
boop-docs/microbenching/docs/noc/noc-vc-command-flags.md,329,Run 2026-06-30T20:34:13-04:00 NoC VC static speed,"[""mode"", ""posted"", ""noc"", ""vc"", ""priority"", ""source"", ""target"", ""bytes"", ""packets"", ""sender B/cyc"", ""receiver B/cyc"", ""sender cyc"", ""receiver cyc"", ""counter delta"", ""receiver polls""]","[""dynamic"", ""0"", ""0"", ""4"", ""0"", ""`1,2`"", ""`2,2`"", ""16384"", ""128"", ""61.220 (min 60.801, max 61.794)"", ""61.690 (min 61.263, max 62.265)"", ""34257.333 (min 33938.000, max 34492.000)"", ""33996.667 (min 33681.000, max 34232.000)"", ""129.000 (min 129.000, max 129.000)"", ""3084""]"
boop-docs/microbenching/docs/noc/noc-vc-command-flags.md,330,Run 2026-06-30T20:34:13-04:00 NoC VC static speed,"[""mode"", ""posted"", ""noc"", ""vc"", ""priority"", ""source"", ""target"", ""bytes"", ""packets"", ""sender B/cyc"", ""receiver B/cyc"", ""sender cyc"", ""receiver cyc"", ""counter delta"", ""receiver polls""]","[""dynamic"", ""0"", ""0"", ""5"", ""0"", ""`1,2`"", ""`2,2`"", ""64"", ""128"", ""2.366 (min 2.366, max 2.366)"", ""2.482 (min 2.482, max 2.482)"", ""3462.333 (min 3462.000, max 3463.000)"", ""3301.000 (min 3301.000, max 3301.000)"", ""129.000 (min 129.000, max 129.000)"", ""310""]"
boop-docs/microbenching/docs/noc/noc-vc-command-flags.md,331,Run 2026-06-30T20:34:13-04:00 NoC VC static speed,"[""mode"", ""posted"", ""noc"", ""vc"", ""priority"", ""source"", ""target"", ""bytes"", ""packets"", ""sender B/cyc"", ""receiver B/cyc"", ""sender cyc"", ""receiver cyc"", ""counter delta"", ""receiver polls""]","[""dynamic"", ""0"", ""0"", ""5"", ""0"", ""`1,2`"", ""`2,2`"", ""1024"", ""128"", ""37.857 (min 37.849, max 37.860)"", ""39.715 (min 39.707, max 39.719)"", ""3462.333 (min 3462.000, max 3463.000)"", ""3300.333 (min 3300.000, max 3301.000)"", ""129.000 (min 129.000, max 129.000)"", ""311""]"
boop-docs/microbenching/docs/noc/noc-vc-command-flags.md,332,Run 2026-06-30T20:34:13-04:00 NoC VC static speed,"[""mode"", ""posted"", ""noc"", ""vc"", ""priority"", ""source"", ""target"", ""bytes"", ""packets"", ""sender B/cyc"", ""receiver B/cyc"", ""sender cyc"", ""receiver cyc"", ""counter delta"", ""receiver polls""]","[""dynamic"", ""0"", ""0"", ""5"", ""0"", ""`1,2`"", ""`2,2`"", ""16384"", ""128"", ""60.736 (min 60.548, max 60.914)"", ""61.209 (min 61.033, max 61.383)"", ""34529.333 (min 34428.000, max 34636.000)"", ""34262.333 (min 34165.000, max 34361.000)"", ""129.000 (min 129.000, max 129.000)"", ""3079""]"
boop-docs/microbenching/docs/noc/noc-vc-command-flags.md,333,Run 2026-06-30T20:34:13-04:00 NoC VC static speed,"[""mode"", ""posted"", ""noc"", ""vc"", ""priority"", ""source"", ""target"", ""bytes"", ""packets"", ""sender B/cyc"", ""receiver B/cyc"", ""sender cyc"", ""receiver cyc"", ""counter delta"", ""receiver polls""]","[""static"", ""0"", ""0"", ""0"", ""0"", ""`1,2`"", ""`2,2`"", ""64"", ""128"", ""2.366 (min 2.366, max 2.367)"", ""2.482 (min 2.482, max 2.483)"", ""3462.000 (min 3461.000, max 3463.000)"", ""3300.000 (min 3299.000, max 3301.000)"", ""129.000 (min 129.000, max 129.000)"", ""310""]"
boop-docs/microbenching/docs/noc/noc-vc-command-flags.md,334,Run 2026-06-30T20:34:13-04:00 NoC VC static speed,"[""mode"", ""posted"", ""noc"", ""vc"", ""priority"", ""source"", ""target"", ""bytes"", ""packets"", ""sender B/cyc"", ""receiver B/cyc"", ""sender cyc"", ""receiver cyc"", ""counter delta"", ""receiver polls""]","[""static"", ""0"", ""0"", ""0"", ""0"", ""`1,2`"", ""`2,2`"", ""1024"", ""128"", ""37.846 (min 37.838, max 37.860)"", ""39.679 (min 39.671, max 39.683)"", ""3463.333 (min 3462.000, max 3464.000)"", ""3303.333 (min 3303.000, max 3304.000)"", ""129.000 (min 129.000, max 129.000)"", ""312""]"
boop-docs/microbenching/docs/noc/noc-vc-command-flags.md,335,Run 2026-06-30T20:34:13-04:00 NoC VC static speed,"[""mode"", ""posted"", ""noc"", ""vc"", ""priority"", ""source"", ""target"", ""bytes"", ""packets"", ""sender B/cyc"", ""receiver B/cyc"", ""sender cyc"", ""receiver cyc"", ""counter delta"", ""receiver polls""]","[""static"", ""0"", ""0"", ""0"", ""0"", ""`1,2`"", ""`2,2`"", ""16384"", ""128"", ""61.683 (min 61.654, max 61.726)"", ""61.968 (min 61.947, max 62.009)"", ""33998.667 (min 33975.000, max 34015.000)"", ""33842.333 (min 33820.000, max 33854.000)"", ""129.000 (min 129.000, max 129.000)"", ""3072""]"
boop-docs/microbenching/docs/noc/noc-vc-command-flags.md,336,Run 2026-06-30T20:34:13-04:00 NoC VC static speed,"[""mode"", ""posted"", ""noc"", ""vc"", ""priority"", ""source"", ""target"", ""bytes"", ""packets"", ""sender B/cyc"", ""receiver B/cyc"", ""sender cyc"", ""receiver cyc"", ""counter delta"", ""receiver polls""]","[""static"", ""0"", ""0"", ""1"", ""0"", ""`1,2`"", ""`2,2`"", ""64"", ""128"", ""2.364 (min 2.361, max 2.366)"", ""2.481 (min 2.477, max 2.482)"", ""3464.667 (min 3462.000, max 3470.000)"", ""3302.333 (min 3300.000, max 3307.000)"", ""129.000 (min 129.000, max 129.000)"", ""310""]"
boop-docs/microbenching/docs/noc/noc-vc-command-flags.md,337,Run 2026-06-30T20:34:13-04:00 NoC VC static speed,"[""mode"", ""posted"", ""noc"", ""vc"", ""priority"", ""source"", ""target"", ""bytes"", ""packets"", ""sender B/cyc"", ""receiver B/cyc"", ""sender cyc"", ""receiver cyc"", ""counter delta"", ""receiver polls""]","[""static"", ""0"", ""0"", ""1"", ""0"", ""`1,2`"", ""`2,2`"", ""1024"", ""128"", ""37.860 (min 37.860, max 37.860)"", ""39.699 (min 39.683, max 39.719)"", ""3462.000 (min 3462.000, max 3462.000)"", ""3301.667 (min 3300.000, max 3303.000)"", ""129.000 (min 129.000, max 129.000)"", ""311""]"
boop-docs/microbenching/docs/noc/noc-vc-command-flags.md,338,Run 2026-06-30T20:34:13-04:00 NoC VC static speed,"[""mode"", ""posted"", ""noc"", ""vc"", ""priority"", ""source"", ""target"", ""bytes"", ""packets"", ""sender B/cyc"", ""receiver B/cyc"", ""sender cyc"", ""receiver cyc"", ""counter delta"", ""receiver polls""]","[""static"", ""0"", ""0"", ""1"", ""0"", ""`1,2`"", ""`2,2`"", ""16384"", ""128"", ""61.702 (min 61.672, max 61.732)"", ""61.985 (min 61.949, max 62.020)"", ""33988.333 (min 33972.000, max 34005.000)"", ""33833.000 (min 33814.000, max 33853.000)"", ""129.000 (min 129.000, max 129.000)"", ""3073""]"
boop-docs/microbenching/docs/noc/noc-vc-command-flags.md,339,Run 2026-06-30T20:34:13-04:00 NoC VC static speed,"[""mode"", ""posted"", ""noc"", ""vc"", ""priority"", ""source"", ""target"", ""bytes"", ""packets"", ""sender B/cyc"", ""receiver B/cyc"", ""sender cyc"", ""receiver cyc"", ""counter delta"", ""receiver polls""]","[""static"", ""0"", ""0"", ""2"", ""0"", ""`1,2`"", ""`2,2`"", ""64"", ""128"", ""2.366 (min 2.366, max 2.366)"", ""2.481 (min 2.480, max 2.482)"", ""3462.333 (min 3462.000, max 3463.000)"", ""3301.333 (min 3300.000, max 3303.000)"", ""129.000 (min 129.000, max 129.000)"", ""311""]"
boop-docs/microbenching/docs/noc/noc-vc-command-flags.md,340,Run 2026-06-30T20:34:13-04:00 NoC VC static speed,"[""mode"", ""posted"", ""noc"", ""vc"", ""priority"", ""source"", ""target"", ""bytes"", ""packets"", ""sender B/cyc"", ""receiver B/cyc"", ""sender cyc"", ""receiver cyc"", ""counter delta"", ""receiver polls""]","[""static"", ""0"", ""0"", ""2"", ""0"", ""`1,2`"", ""`2,2`"", ""1024"", ""128"", ""37.860 (min 37.860, max 37.860)"", ""39.687 (min 39.671, max 39.707)"", ""3462.000 (min 3462.000, max 3462.000)"", ""3302.667 (min 3301.000, max 3304.000)"", ""129.000 (min 129.000, max 129.000)"", ""312""]"
boop-docs/microbenching/docs/noc/noc-vc-command-flags.md,341,Run 2026-06-30T20:34:13-04:00 NoC VC static speed,"[""mode"", ""posted"", ""noc"", ""vc"", ""priority"", ""source"", ""target"", ""bytes"", ""packets"", ""sender B/cyc"", ""receiver B/cyc"", ""sender cyc"", ""receiver cyc"", ""counter delta"", ""receiver polls""]","[""static"", ""0"", ""0"", ""2"", ""0"", ""`1,2`"", ""`2,2`"", ""16384"", ""128"", ""61.679 (min 61.659, max 61.717)"", ""61.966 (min 61.943, max 62.007)"", ""34001.333 (min 33980.000, max 34012.000)"", ""33843.333 (min 33821.000, max 33856.000)"", ""129.000 (min 129.000, max 129.000)"", ""3073""]"
boop-docs/microbenching/docs/noc/noc-vc-command-flags.md,342,Run 2026-06-30T20:34:13-04:00 NoC VC static speed,"[""mode"", ""posted"", ""noc"", ""vc"", ""priority"", ""source"", ""target"", ""bytes"", ""packets"", ""sender B/cyc"", ""receiver B/cyc"", ""sender cyc"", ""receiver cyc"", ""counter delta"", ""receiver polls""]","[""static"", ""0"", ""0"", ""3"", ""0"", ""`1,2`"", ""`2,2`"", ""64"", ""128"", ""2.366 (min 2.366, max 2.366)"", ""2.481 (min 2.480, max 2.482)"", ""3462.667 (min 3462.000, max 3463.000)"", ""3302.000 (min 3300.000, max 3303.000)"", ""129.000 (min 129.000, max 129.000)"", ""311""]"
boop-docs/microbenching/docs/noc/noc-vc-command-flags.md,343,Run 2026-06-30T20:34:13-04:00 NoC VC static speed,"[""mode"", ""posted"", ""noc"", ""vc"", ""priority"", ""source"", ""target"", ""bytes"", ""packets"", ""sender B/cyc"", ""receiver B/cyc"", ""sender cyc"", ""receiver cyc"", ""counter delta"", ""receiver polls""]","[""static"", ""0"", ""0"", ""3"", ""0"", ""`1,2`"", ""`2,2`"", ""1024"", ""128"", ""37.860 (min 37.860, max 37.860)"", ""39.715 (min 39.707, max 39.719)"", ""3462.000 (min 3462.000, max 3462.000)"", ""3300.333 (min 3300.000, max 3301.000)"", ""129.000 (min 129.000, max 129.000)"", ""310""]"
boop-docs/microbenching/docs/noc/noc-vc-command-flags.md,344,Run 2026-06-30T20:34:13-04:00 NoC VC static speed,"[""mode"", ""posted"", ""noc"", ""vc"", ""priority"", ""source"", ""target"", ""bytes"", ""packets"", ""sender B/cyc"", ""receiver B/cyc"", ""sender cyc"", ""receiver cyc"", ""counter delta"", ""receiver polls""]","[""static"", ""0"", ""0"", ""3"", ""0"", ""`1,2`"", ""`2,2`"", ""16384"", ""128"", ""61.683 (min 61.657, max 61.717)"", ""61.963 (min 61.945, max 61.991)"", ""33999.000 (min 33980.000, max 34013.000)"", ""33845.000 (min 33830.000, max 33855.000)"", ""129.000 (min 129.000, max 129.000)"", ""3073""]"
boop-docs/microbenching/docs/noc/noc-vc-command-flags.md,345,Run 2026-06-30T20:34:13-04:00 NoC VC static speed,"[""mode"", ""posted"", ""noc"", ""vc"", ""priority"", ""source"", ""target"", ""bytes"", ""packets"", ""sender B/cyc"", ""receiver B/cyc"", ""sender cyc"", ""receiver cyc"", ""counter delta"", ""receiver polls""]","[""static"", ""0"", ""0"", ""4"", ""0"", ""`1,2`"", ""`2,2`"", ""64"", ""128"", ""2.366 (min 2.365, max 2.366)"", ""2.482 (min 2.482, max 2.482)"", ""3462.667 (min 3462.000, max 3464.000)"", ""3300.333 (min 3300.000, max 3301.000)"", ""129.000 (min 129.000, max 129.000)"", ""312""]"
boop-docs/microbenching/docs/noc/noc-vc-command-flags.md,346,Run 2026-06-30T20:34:13-04:00 NoC VC static speed,"[""mode"", ""posted"", ""noc"", ""vc"", ""priority"", ""source"", ""target"", ""bytes"", ""packets"", ""sender B/cyc"", ""receiver B/cyc"", ""sender cyc"", ""receiver cyc"", ""counter delta"", ""receiver polls""]","[""static"", ""0"", ""0"", ""4"", ""0"", ""`1,2`"", ""`2,2`"", ""1024"", ""128"", ""37.860 (min 37.860, max 37.860)"", ""39.703 (min 39.683, max 39.719)"", ""3462.000 (min 3462.000, max 3462.000)"", ""3301.333 (min 3300.000, max 3303.000)"", ""129.000 (min 129.000, max 129.000)"", ""312""]"
boop-docs/microbenching/docs/noc/noc-vc-command-flags.md,347,Run 2026-06-30T20:34:13-04:00 NoC VC static speed,"[""mode"", ""posted"", ""noc"", ""vc"", ""priority"", ""source"", ""target"", ""bytes"", ""packets"", ""sender B/cyc"", ""receiver B/cyc"", ""sender cyc"", ""receiver cyc"", ""counter delta"", ""receiver polls""]","[""static"", ""0"", ""0"", ""4"", ""0"", ""`1,2`"", ""`2,2`"", ""16384"", ""128"", ""61.697 (min 61.657, max 61.717)"", ""61.986 (min 61.952, max 62.009)"", ""33991.000 (min 33980.000, max 34013.000)"", ""33832.667 (min 33820.000, max 33851.000)"", ""129.000 (min 129.000, max 129.000)"", ""3071""]"
boop-docs/microbenching/docs/noc/noc-vc-command-flags.md,348,Run 2026-06-30T20:34:13-04:00 NoC VC static speed,"[""mode"", ""posted"", ""noc"", ""vc"", ""priority"", ""source"", ""target"", ""bytes"", ""packets"", ""sender B/cyc"", ""receiver B/cyc"", ""sender cyc"", ""receiver cyc"", ""counter delta"", ""receiver polls""]","[""static"", ""0"", ""0"", ""5"", ""0"", ""`1,2`"", ""`2,2`"", ""64"", ""128"", ""2.366 (min 2.366, max 2.366)"", ""2.482 (min 2.480, max 2.482)"", ""3462.333 (min 3462.000, max 3463.000)"", ""3301.000 (min 3300.000, max 3303.000)"", ""129.000 (min 129.000, max 129.000)"", ""311""]"
boop-docs/microbenching/docs/noc/noc-vc-command-flags.md,349,Run 2026-06-30T20:34:13-04:00 NoC VC static speed,"[""mode"", ""posted"", ""noc"", ""vc"", ""priority"", ""source"", ""target"", ""bytes"", ""packets"", ""sender B/cyc"", ""receiver B/cyc"", ""sender cyc"", ""receiver cyc"", ""counter delta"", ""receiver polls""]","[""static"", ""0"", ""0"", ""5"", ""0"", ""`1,2`"", ""`2,2`"", ""1024"", ""128"", ""37.860 (min 37.860, max 37.860)"", ""39.715 (min 39.707, max 39.719)"", ""3462.000 (min 3462.000, max 3462.000)"", ""3300.333 (min 3300.000, max 3301.000)"", ""129.000 (min 129.000, max 129.000)"", ""311""]"
boop-docs/microbenching/docs/noc/noc-vc-command-flags.md,350,Run 2026-06-30T20:34:13-04:00 NoC VC static speed,"[""mode"", ""posted"", ""noc"", ""vc"", ""priority"", ""source"", ""target"", ""bytes"", ""packets"", ""sender B/cyc"", ""receiver B/cyc"", ""sender cyc"", ""receiver cyc"", ""counter delta"", ""receiver polls""]","[""static"", ""0"", ""0"", ""5"", ""0"", ""`1,2`"", ""`2,2`"", ""16384"", ""128"", ""61.698 (min 61.659, max 61.717)"", ""61.980 (min 61.936, max 62.002)"", ""33990.667 (min 33980.000, max 34012.000)"", ""33836.000 (min 33824.000, max 33860.000)"", ""129.000 (min 129.000, max 129.000)"", ""3072""]"
boop-docs/microbenching/docs/noc/noc-vc-command-flags.md,351,Run 2026-06-30T20:34:13-04:00 NoC VC static speed,"[""mode"", ""posted"", ""noc"", ""vc"", ""priority"", ""source"", ""target"", ""bytes"", ""packets"", ""sender B/cyc"", ""receiver B/cyc"", ""sender cyc"", ""receiver cyc"", ""counter delta"", ""receiver polls""]","[""dynamic"", ""0"", ""1"", ""0"", ""0"", ""`1,2`"", ""`2,2`"", ""64"", ""128"", ""2.366 (min 2.366, max 2.366)"", ""2.384 (min 2.382, max 2.386)"", ""3462.000 (min 3462.000, max 3462.000)"", ""3436.000 (min 3434.000, max 3439.000)"", ""129.000 (min 129.000, max 129.000)"", ""324""]"
boop-docs/microbenching/docs/noc/noc-vc-command-flags.md,352,Run 2026-06-30T20:34:13-04:00 NoC VC static speed,"[""mode"", ""posted"", ""noc"", ""vc"", ""priority"", ""source"", ""target"", ""bytes"", ""packets"", ""sender B/cyc"", ""receiver B/cyc"", ""sender cyc"", ""receiver cyc"", ""counter delta"", ""receiver polls""]","[""dynamic"", ""0"", ""1"", ""0"", ""0"", ""`1,2`"", ""`2,2`"", ""1024"", ""128"", ""37.857 (min 37.838, max 37.871)"", ""38.161 (min 38.147, max 38.169)"", ""3462.333 (min 3461.000, max 3464.000)"", ""3434.667 (min 3434.000, max 3436.000)"", ""129.000 (min 129.000, max 129.000)"", ""321""]"
boop-docs/microbenching/docs/noc/noc-vc-command-flags.md,353,Run 2026-06-30T20:34:13-04:00 NoC VC static speed,"[""mode"", ""posted"", ""noc"", ""vc"", ""priority"", ""source"", ""target"", ""bytes"", ""packets"", ""sender B/cyc"", ""receiver B/cyc"", ""sender cyc"", ""receiver cyc"", ""counter delta"", ""receiver polls""]","[""dynamic"", ""0"", ""1"", ""0"", ""0"", ""`1,2`"", ""`2,2`"", ""16384"", ""128"", ""61.342 (min 61.088, max 61.482)"", ""61.576 (min 61.309, max 61.710)"", ""34188.000 (min 34110.000, max 34330.000)"", ""34058.333 (min 33984.000, max 34206.000)"", ""129.000 (min 129.000, max 129.000)"", ""3094""]"
boop-docs/microbenching/docs/noc/noc-vc-command-flags.md,354,Run 2026-06-30T20:34:13-04:00 NoC VC static speed,"[""mode"", ""posted"", ""noc"", ""vc"", ""priority"", ""source"", ""target"", ""bytes"", ""packets"", ""sender B/cyc"", ""receiver B/cyc"", ""sender cyc"", ""receiver cyc"", ""counter delta"", ""receiver polls""]","[""dynamic"", ""0"", ""1"", ""1"", ""0"", ""`1,2`"", ""`2,2`"", ""64"", ""128"", ""2.364 (min 2.361, max 2.366)"", ""2.383 (min 2.380, max 2.385)"", ""3464.667 (min 3462.000, max 3470.000)"", ""3437.667 (min 3435.000, max 3442.000)"", ""129.000 (min 129.000, max 129.000)"", ""323""]"
boop-docs/microbenching/docs/noc/noc-vc-command-flags.md,355,Run 2026-06-30T20:34:13-04:00 NoC VC static speed,"[""mode"", ""posted"", ""noc"", ""vc"", ""priority"", ""source"", ""target"", ""bytes"", ""packets"", ""sender B/cyc"", ""receiver B/cyc"", ""sender cyc"", ""receiver cyc"", ""counter delta"", ""receiver polls""]","[""dynamic"", ""0"", ""1"", ""1"", ""0"", ""`1,2`"", ""`2,2`"", ""1024"", ""128"", ""37.860 (min 37.860, max 37.860)"", ""38.150 (min 38.136, max 38.158)"", ""3462.000 (min 3462.000, max 3462.000)"", ""3435.667 (min 3435.000, max 3437.000)"", ""129.000 (min 129.000, max 129.000)"", ""324""]"
boop-docs/microbenching/docs/noc/noc-vc-command-flags.md,356,Run 2026-06-30T20:34:13-04:00 NoC VC static speed,"[""mode"", ""posted"", ""noc"", ""vc"", ""priority"", ""source"", ""target"", ""bytes"", ""packets"", ""sender B/cyc"", ""receiver B/cyc"", ""sender cyc"", ""receiver cyc"", ""counter delta"", ""receiver polls""]","[""dynamic"", ""0"", ""1"", ""1"", ""0"", ""`1,2`"", ""`2,2`"", ""16384"", ""128"", ""61.245 (min 60.557, max 61.632)"", ""61.481 (min 60.792, max 61.865)"", ""34244.000 (min 34027.000, max 34631.000)"", ""34113.000 (min 33899.000, max 34497.000)"", ""129.000 (min 129.000, max 129.000)"", ""3089""]"
boop-docs/microbenching/docs/noc/noc-vc-command-flags.md,357,Run 2026-06-30T20:34:13-04:00 NoC VC static speed,"[""mode"", ""posted"", ""noc"", ""vc"", ""priority"", ""source"", ""target"", ""bytes"", ""packets"", ""sender B/cyc"", ""receiver B/cyc"", ""sender cyc"", ""receiver cyc"", ""counter delta"", ""receiver polls""]","[""dynamic"", ""0"", ""1"", ""2"", ""0"", ""`1,2`"", ""`2,2`"", ""64"", ""128"", ""2.366 (min 2.365, max 2.366)"", ""2.384 (min 2.383, max 2.385)"", ""3462.667 (min 3462.000, max 3464.000)"", ""3435.667 (min 3435.000, max 3437.000)"", ""129.000 (min 129.000, max 129.000)"", ""324""]"
boop-docs/microbenching/docs/noc/noc-vc-command-flags.md,358,Run 2026-06-30T20:34:13-04:00 NoC VC static speed,"[""mode"", ""posted"", ""noc"", ""vc"", ""priority"", ""source"", ""target"", ""bytes"", ""packets"", ""sender B/cyc"", ""receiver B/cyc"", ""sender cyc"", ""receiver cyc"", ""counter delta"", ""receiver polls""]","[""dynamic"", ""0"", ""1"", ""2"", ""0"", ""`1,2`"", ""`2,2`"", ""1024"", ""128"", ""37.860 (min 37.860, max 37.860)"", ""38.139 (min 38.102, max 38.158)"", ""3462.000 (min 3462.000, max 3462.000)"", ""3436.667 (min 3435.000, max 3440.000)"", ""129.000 (min 129.000, max 129.000)"", ""323""]"
boop-docs/microbenching/docs/noc/noc-vc-command-flags.md,359,Run 2026-06-30T20:34:13-04:00 NoC VC static speed,"[""mode"", ""posted"", ""noc"", ""vc"", ""priority"", ""source"", ""target"", ""bytes"", ""packets"", ""sender B/cyc"", ""receiver B/cyc"", ""sender cyc"", ""receiver cyc"", ""counter delta"", ""receiver polls""]","[""dynamic"", ""0"", ""1"", ""2"", ""0"", ""`1,2`"", ""`2,2`"", ""16384"", ""128"", ""61.566 (min 61.435, max 61.646)"", ""61.803 (min 61.681, max 61.876)"", ""34063.667 (min 34019.000, max 34136.000)"", ""33932.667 (min 33893.000, max 34000.000)"", ""129.000 (min 129.000, max 129.000)"", ""3063""]"
boop-docs/microbenching/docs/noc/noc-vc-command-flags.md,360,Run 2026-06-30T20:34:13-04:00 NoC VC static speed,"[""mode"", ""posted"", ""noc"", ""vc"", ""priority"", ""source"", ""target"", ""bytes"", ""packets"", ""sender B/cyc"", ""receiver B/cyc"", ""sender cyc"", ""receiver cyc"", ""counter delta"", ""receiver polls""]","[""dynamic"", ""0"", ""1"", ""3"", ""0"", ""`1,2`"", ""`2,2`"", ""64"", ""128"", ""2.366 (min 2.366, max 2.366)"", ""2.385 (min 2.385, max 2.385)"", ""3462.667 (min 3462.000, max 3463.000)"", ""3435.000 (min 3435.000, max 3435.000)"", ""129.000 (min 129.000, max 129.000)"", ""322""]"
boop-docs/microbenching/docs/noc/noc-vc-command-flags.md,361,Run 2026-06-30T20:34:13-04:00 NoC VC static speed,"[""mode"", ""posted"", ""noc"", ""vc"", ""priority"", ""source"", ""target"", ""bytes"", ""packets"", ""sender B/cyc"", ""receiver B/cyc"", ""sender cyc"", ""receiver cyc"", ""counter delta"", ""receiver polls""]","[""dynamic"", ""0"", ""1"", ""3"", ""0"", ""`1,2`"", ""`2,2`"", ""1024"", ""128"", ""37.860 (min 37.860, max 37.860)"", ""38.143 (min 38.124, max 38.158)"", ""3462.000 (min 3462.000, max 3462.000)"", ""3436.333 (min 3435.000, max 3438.000)"", ""129.000 (min 129.000, max 129.000)"", ""322""]"
boop-docs/microbenching/docs/noc/noc-vc-command-flags.md,362,Run 2026-06-30T20:34:13-04:00 NoC VC static speed,"[""mode"", ""posted"", ""noc"", ""vc"", ""priority"", ""source"", ""target"", ""bytes"", ""packets"", ""sender B/cyc"", ""receiver B/cyc"", ""sender cyc"", ""receiver cyc"", ""counter delta"", ""receiver polls""]","[""dynamic"", ""0"", ""1"", ""3"", ""0"", ""`1,2`"", ""`2,2`"", ""16384"", ""128"", ""61.277 (min 60.611, max 61.623)"", ""61.506 (min 60.843, max 61.852)"", ""34226.333 (min 34032.000, max 34600.000)"", ""34098.667 (min 33906.000, max 34468.000)"", ""129.000 (min 129.000, max 129.000)"", ""3098""]"
boop-docs/microbenching/docs/noc/noc-vc-command-flags.md,363,Run 2026-06-30T20:34:13-04:00 NoC VC static speed,"[""mode"", ""posted"", ""noc"", ""vc"", ""priority"", ""source"", ""target"", ""bytes"", ""packets"", ""sender B/cyc"", ""receiver B/cyc"", ""sender cyc"", ""receiver cyc"", ""counter delta"", ""receiver polls""]","[""dynamic"", ""0"", ""1"", ""4"", ""0"", ""`1,2`"", ""`2,2`"", ""64"", ""128"", ""2.366 (min 2.366, max 2.366)"", ""2.383 (min 2.381, max 2.385)"", ""3462.667 (min 3462.000, max 3463.000)"", ""3437.333 (min 3435.000, max 3441.000)"", ""129.000 (min 129.000, max 129.000)"", ""322""]"
boop-docs/microbenching/docs/noc/noc-vc-command-flags.md,364,Run 2026-06-30T20:34:13-04:00 NoC VC static speed,"[""mode"", ""posted"", ""noc"", ""vc"", ""priority"", ""source"", ""target"", ""bytes"", ""packets"", ""sender B/cyc"", ""receiver B/cyc"", ""sender cyc"", ""receiver cyc"", ""counter delta"", ""receiver polls""]","[""dynamic"", ""0"", ""1"", ""4"", ""0"", ""`1,2`"", ""`2,2`"", ""1024"", ""128"", ""37.860 (min 37.860, max 37.860)"", ""38.158 (min 38.158, max 38.158)"", ""3462.000 (min 3462.000, max 3462.000)"", ""3435.000 (min 3435.000, max 3435.000)"", ""129.000 (min 129.000, max 129.000)"", ""323""]"
boop-docs/microbenching/docs/noc/noc-vc-command-flags.md,365,Run 2026-06-30T20:34:13-04:00 NoC VC static speed,"[""mode"", ""posted"", ""noc"", ""vc"", ""priority"", ""source"", ""target"", ""bytes"", ""packets"", ""sender B/cyc"", ""receiver B/cyc"", ""sender cyc"", ""receiver cyc"", ""counter delta"", ""receiver polls""]","[""dynamic"", ""0"", ""1"", ""4"", ""0"", ""`1,2`"", ""`2,2`"", ""16384"", ""128"", ""61.449 (min 61.317, max 61.603)"", ""61.684 (min 61.538, max 61.841)"", ""34128.667 (min 34043.000, max 34202.000)"", ""33998.333 (min 33912.000, max 34079.000)"", ""129.000 (min 129.000, max 129.000)"", ""3069""]"
boop-docs/microbenching/docs/noc/noc-vc-command-flags.md,366,Run 2026-06-30T20:34:13-04:00 NoC VC static speed,"[""mode"", ""posted"", ""noc"", ""vc"", ""priority"", ""source"", ""target"", ""bytes"", ""packets"", ""sender B/cyc"", ""receiver B/cyc"", ""sender cyc"", ""receiver cyc"", ""counter delta"", ""receiver polls""]","[""dynamic"", ""0"", ""1"", ""5"", ""0"", ""`1,2`"", ""`2,2`"", ""64"", ""128"", ""2.366 (min 2.366, max 2.366)"", ""2.384 (min 2.382, max 2.385)"", ""3462.333 (min 3462.000, max 3463.000)"", ""3436.333 (min 3435.000, max 3439.000)"", ""129.000 (min 129.000, max 129.000)"", ""323""]"
boop-docs/microbenching/docs/noc/noc-vc-command-flags.md,367,Run 2026-06-30T20:34:13-04:00 NoC VC static speed,"[""mode"", ""posted"", ""noc"", ""vc"", ""priority"", ""source"", ""target"", ""bytes"", ""packets"", ""sender B/cyc"", ""receiver B/cyc"", ""sender cyc"", ""receiver cyc"", ""counter delta"", ""receiver polls""]","[""dynamic"", ""0"", ""1"", ""5"", ""0"", ""`1,2`"", ""`2,2`"", ""1024"", ""128"", ""37.860 (min 37.860, max 37.860)"", ""38.158 (min 38.158, max 38.158)"", ""3462.000 (min 3462.000, max 3462.000)"", ""3435.000 (min 3435.000, max 3435.000)"", ""129.000 (min 129.000, max 129.000)"", ""323""]"
boop-docs/microbenching/docs/noc/noc-vc-command-flags.md,368,Run 2026-06-30T20:34:13-04:00 NoC VC static speed,"[""mode"", ""posted"", ""noc"", ""vc"", ""priority"", ""source"", ""target"", ""bytes"", ""packets"", ""sender B/cyc"", ""receiver B/cyc"", ""sender cyc"", ""receiver cyc"", ""counter delta"", ""receiver polls""]","[""dynamic"", ""0"", ""1"", ""5"", ""0"", ""`1,2`"", ""`2,2`"", ""16384"", ""128"", ""61.605 (min 61.561, max 61.661)"", ""61.836 (min 61.795, max 61.894)"", ""34042.000 (min 34011.000, max 34066.000)"", ""33914.667 (min 33883.000, max 33937.000)"", ""129.000 (min 129.000, max 129.000)"", ""3066""]"
boop-docs/microbenching/docs/noc/noc-vc-command-flags.md,369,Run 2026-06-30T20:34:13-04:00 NoC VC static speed,"[""mode"", ""posted"", ""noc"", ""vc"", ""priority"", ""source"", ""target"", ""bytes"", ""packets"", ""sender B/cyc"", ""receiver B/cyc"", ""sender cyc"", ""receiver cyc"", ""counter delta"", ""receiver polls""]","[""static"", ""0"", ""1"", ""0"", ""0"", ""`1,2`"", ""`2,2`"", ""64"", ""128"", ""2.366 (min 2.366, max 2.367)"", ""2.384 (min 2.383, max 2.386)"", ""3461.667 (min 3461.000, max 3462.000)"", ""3436.000 (min 3434.000, max 3437.000)"", ""129.000 (min 129.000, max 129.000)"", ""323""]"
boop-docs/microbenching/docs/noc/noc-vc-command-flags.md,370,Run 2026-06-30T20:34:13-04:00 NoC VC static speed,"[""mode"", ""posted"", ""noc"", ""vc"", ""priority"", ""source"", ""target"", ""bytes"", ""packets"", ""sender B/cyc"", ""receiver B/cyc"", ""sender cyc"", ""receiver cyc"", ""counter delta"", ""receiver polls""]","[""static"", ""0"", ""1"", ""0"", ""0"", ""`1,2`"", ""`2,2`"", ""1024"", ""128"", ""37.857 (min 37.838, max 37.871)"", ""38.158 (min 38.147, max 38.169)"", ""3462.333 (min 3461.000, max 3464.000)"", ""3435.000 (min 3434.000, max 3436.000)"", ""129.000 (min 129.000, max 129.000)"", ""322""]"
boop-docs/microbenching/docs/noc/noc-vc-command-flags.md,371,Run 2026-06-30T20:34:13-04:00 NoC VC static speed,"[""mode"", ""posted"", ""noc"", ""vc"", ""priority"", ""source"", ""target"", ""bytes"", ""packets"", ""sender B/cyc"", ""receiver B/cyc"", ""sender cyc"", ""receiver cyc"", ""counter delta"", ""receiver polls""]","[""static"", ""0"", ""1"", ""0"", ""0"", ""`1,2`"", ""`2,2`"", ""16384"", ""128"", ""61.733 (min 61.728, max 61.743)"", ""61.767 (min 61.765, max 61.770)"", ""33971.333 (min 33966.000, max 33974.000)"", ""33952.667 (min 33951.000, max 33954.000)"", ""129.000 (min 129.000, max 129.000)"", ""3074""]"
boop-docs/microbenching/docs/noc/noc-vc-command-flags.md,372,Run 2026-06-30T20:34:13-04:00 NoC VC static speed,"[""mode"", ""posted"", ""noc"", ""vc"", ""priority"", ""source"", ""target"", ""bytes"", ""packets"", ""sender B/cyc"", ""receiver B/cyc"", ""sender cyc"", ""receiver cyc"", ""counter delta"", ""receiver polls""]","[""static"", ""0"", ""1"", ""1"", ""0"", ""`1,2`"", ""`2,2`"", ""64"", ""128"", ""2.364 (min 2.361, max 2.366)"", ""2.382 (min 2.380, max 2.385)"", ""3465.333 (min 3462.000, max 3470.000)"", ""3439.333 (min 3435.000, max 3442.000)"", ""129.000 (min 129.000, max 129.000)"", ""324""]"
boop-docs/microbenching/docs/noc/noc-vc-command-flags.md,373,Run 2026-06-30T20:34:13-04:00 NoC VC static speed,"[""mode"", ""posted"", ""noc"", ""vc"", ""priority"", ""source"", ""target"", ""bytes"", ""packets"", ""sender B/cyc"", ""receiver B/cyc"", ""sender cyc"", ""receiver cyc"", ""counter delta"", ""receiver polls""]","[""static"", ""0"", ""1"", ""1"", ""0"", ""`1,2`"", ""`2,2`"", ""1024"", ""128"", ""37.860 (min 37.860, max 37.860)"", ""38.143 (min 38.124, max 38.158)"", ""3462.000 (min 3462.000, max 3462.000)"", ""3436.333 (min 3435.000, max 3438.000)"", ""129.000 (min 129.000, max 129.000)"", ""323""]"
boop-docs/microbenching/docs/noc/noc-vc-command-flags.md,374,Run 2026-06-30T20:34:13-04:00 NoC VC static speed,"[""mode"", ""posted"", ""noc"", ""vc"", ""priority"", ""source"", ""target"", ""bytes"", ""packets"", ""sender B/cyc"", ""receiver B/cyc"", ""sender cyc"", ""receiver cyc"", ""counter delta"", ""receiver polls""]","[""static"", ""0"", ""1"", ""1"", ""0"", ""`1,2`"", ""`2,2`"", ""16384"", ""128"", ""61.722 (min 61.717, max 61.732)"", ""61.765 (min 61.755, max 61.777)"", ""33977.333 (min 33972.000, max 33980.000)"", ""33953.667 (min 33947.000, max 33959.000)"", ""129.000 (min 129.000, max 129.000)"", ""3074""]"
boop-docs/microbenching/docs/noc/noc-vc-command-flags.md,375,Run 2026-06-30T20:34:13-04:00 NoC VC static speed,"[""mode"", ""posted"", ""noc"", ""vc"", ""priority"", ""source"", ""target"", ""bytes"", ""packets"", ""sender B/cyc"", ""receiver B/cyc"", ""sender cyc"", ""receiver cyc"", ""counter delta"", ""receiver polls""]","[""static"", ""0"", ""1"", ""2"", ""0"", ""`1,2`"", ""`2,2`"", ""64"", ""128"", ""2.366 (min 2.366, max 2.366)"", ""2.382 (min 2.381, max 2.383)"", ""3462.333 (min 3462.000, max 3463.000)"", ""3439.333 (min 3438.000, max 3441.000)"", ""129.000 (min 129.000, max 129.000)"", ""324""]"
boop-docs/microbenching/docs/noc/noc-vc-command-flags.md,376,Run 2026-06-30T20:34:13-04:00 NoC VC static speed,"[""mode"", ""posted"", ""noc"", ""vc"", ""priority"", ""source"", ""target"", ""bytes"", ""packets"", ""sender B/cyc"", ""receiver B/cyc"", ""sender cyc"", ""receiver cyc"", ""counter delta"", ""receiver polls""]","[""static"", ""0"", ""1"", ""2"", ""0"", ""`1,2`"", ""`2,2`"", ""1024"", ""128"", ""37.860 (min 37.860, max 37.860)"", ""38.143 (min 38.124, max 38.158)"", ""3462.000 (min 3462.000, max 3462.000)"", ""3436.333 (min 3435.000, max 3438.000)"", ""129.000 (min 129.000, max 129.000)"", ""323""]"
boop-docs/microbenching/docs/noc/noc-vc-command-flags.md,377,Run 2026-06-30T20:34:13-04:00 NoC VC static speed,"[""mode"", ""posted"", ""noc"", ""vc"", ""priority"", ""source"", ""target"", ""bytes"", ""packets"", ""sender B/cyc"", ""receiver B/cyc"", ""sender cyc"", ""receiver cyc"", ""counter delta"", ""receiver polls""]","[""static"", ""0"", ""1"", ""2"", ""0"", ""`1,2`"", ""`2,2`"", ""16384"", ""128"", ""61.848 (min 61.714, max 62.112)"", ""61.886 (min 61.750, max 62.153)"", ""33908.667 (min 33764.000, max 33982.000)"", ""33887.667 (min 33742.000, max 33962.000)"", ""129.000 (min 129.000, max 129.000)"", ""3076""]"
boop-docs/microbenching/docs/noc/noc-vc-command-flags.md,378,Run 2026-06-30T20:34:13-04:00 NoC VC static speed,"[""mode"", ""posted"", ""noc"", ""vc"", ""priority"", ""source"", ""target"", ""bytes"", ""packets"", ""sender B/cyc"", ""receiver B/cyc"", ""sender cyc"", ""receiver cyc"", ""counter delta"", ""receiver polls""]","[""static"", ""0"", ""1"", ""3"", ""0"", ""`1,2`"", ""`2,2`"", ""64"", ""128"", ""2.366 (min 2.366, max 2.366)"", ""2.383 (min 2.381, max 2.385)"", ""3463.000 (min 3463.000, max 3463.000)"", ""3437.000 (min 3435.000, max 3441.000)"", ""129.000 (min 129.000, max 129.000)"", ""323""]"
boop-docs/microbenching/docs/noc/noc-vc-command-flags.md,379,Run 2026-06-30T20:34:13-04:00 NoC VC static speed,"[""mode"", ""posted"", ""noc"", ""vc"", ""priority"", ""source"", ""target"", ""bytes"", ""packets"", ""sender B/cyc"", ""receiver B/cyc"", ""sender cyc"", ""receiver cyc"", ""counter delta"", ""receiver polls""]","[""static"", ""0"", ""1"", ""3"", ""0"", ""`1,2`"", ""`2,2`"", ""1024"", ""128"", ""37.860 (min 37.860, max 37.860)"", ""38.147 (min 38.124, max 38.158)"", ""3462.000 (min 3462.000, max 3462.000)"", ""3436.000 (min 3435.000, max 3438.000)"", ""129.000 (min 129.000, max 129.000)"", ""323""]"
boop-docs/microbenching/docs/noc/noc-vc-command-flags.md,380,Run 2026-06-30T20:34:13-04:00 NoC VC static speed,"[""mode"", ""posted"", ""noc"", ""vc"", ""priority"", ""source"", ""target"", ""bytes"", ""packets"", ""sender B/cyc"", ""receiver B/cyc"", ""sender cyc"", ""receiver cyc"", ""counter delta"", ""receiver polls""]","[""static"", ""0"", ""1"", ""3"", ""0"", ""`1,2`"", ""`2,2`"", ""16384"", ""128"", ""61.726 (min 61.717, max 61.732)"", ""61.761 (min 61.759, max 61.763)"", ""33975.000 (min 33972.000, max 33980.000)"", ""33956.000 (min 33955.000, max 33957.000)"", ""129.000 (min 129.000, max 129.000)"", ""3075""]"
boop-docs/microbenching/docs/noc/noc-vc-command-flags.md,381,Run 2026-06-30T20:34:13-04:00 NoC VC static speed,"[""mode"", ""posted"", ""noc"", ""vc"", ""priority"", ""source"", ""target"", ""bytes"", ""packets"", ""sender B/cyc"", ""receiver B/cyc"", ""sender cyc"", ""receiver cyc"", ""counter delta"", ""receiver polls""]","[""static"", ""0"", ""1"", ""4"", ""0"", ""`1,2`"", ""`2,2`"", ""64"", ""128"", ""2.366 (min 2.366, max 2.366)"", ""2.384 (min 2.383, max 2.385)"", ""3462.333 (min 3462.000, max 3463.000)"", ""3436.667 (min 3435.000, max 3438.000)"", ""129.000 (min 129.000, max 129.000)"", ""323""]"
boop-docs/microbenching/docs/noc/noc-vc-command-flags.md,382,Run 2026-06-30T20:34:13-04:00 NoC VC static speed,"[""mode"", ""posted"", ""noc"", ""vc"", ""priority"", ""source"", ""target"", ""bytes"", ""packets"", ""sender B/cyc"", ""receiver B/cyc"", ""sender cyc"", ""receiver cyc"", ""counter delta"", ""receiver polls""]","[""static"", ""0"", ""1"", ""4"", ""0"", ""`1,2`"", ""`2,2`"", ""1024"", ""128"", ""37.860 (min 37.860, max 37.860)"", ""38.147 (min 38.124, max 38.158)"", ""3462.000 (min 3462.000, max 3462.000)"", ""3436.000 (min 3435.000, max 3438.000)"", ""129.000 (min 129.000, max 129.000)"", ""323""]"
boop-docs/microbenching/docs/noc/noc-vc-command-flags.md,383,Run 2026-06-30T20:34:13-04:00 NoC VC static speed,"[""mode"", ""posted"", ""noc"", ""vc"", ""priority"", ""source"", ""target"", ""bytes"", ""packets"", ""sender B/cyc"", ""receiver B/cyc"", ""sender cyc"", ""receiver cyc"", ""counter delta"", ""receiver polls""]","[""static"", ""0"", ""1"", ""4"", ""0"", ""`1,2`"", ""`2,2`"", ""16384"", ""128"", ""61.862 (min 61.715, max 62.127)"", ""61.902 (min 61.759, max 62.164)"", ""33901.000 (min 33756.000, max 33981.000)"", ""33879.000 (min 33736.000, max 33957.000)"", ""129.000 (min 129.000, max 129.000)"", ""3075""]"
boop-docs/microbenching/docs/noc/noc-vc-command-flags.md,384,Run 2026-06-30T20:34:13-04:00 NoC VC static speed,"[""mode"", ""posted"", ""noc"", ""vc"", ""priority"", ""source"", ""target"", ""bytes"", ""packets"", ""sender B/cyc"", ""receiver B/cyc"", ""sender cyc"", ""receiver cyc"", ""counter delta"", ""receiver polls""]","[""static"", ""0"", ""1"", ""5"", ""0"", ""`1,2`"", ""`2,2`"", ""64"", ""128"", ""2.366 (min 2.366, max 2.366)"", ""2.384 (min 2.384, max 2.385)"", ""3463.000 (min 3463.000, max 3463.000)"", ""3435.667 (min 3435.000, max 3436.000)"", ""129.000 (min 129.000, max 129.000)"", ""323""]"
boop-docs/microbenching/docs/noc/noc-vc-command-flags.md,385,Run 2026-06-30T20:34:13-04:00 NoC VC static speed,"[""mode"", ""posted"", ""noc"", ""vc"", ""priority"", ""source"", ""target"", ""bytes"", ""packets"", ""sender B/cyc"", ""receiver B/cyc"", ""sender cyc"", ""receiver cyc"", ""counter delta"", ""receiver polls""]","[""static"", ""0"", ""1"", ""5"", ""0"", ""`1,2`"", ""`2,2`"", ""1024"", ""128"", ""37.860 (min 37.860, max 37.860)"", ""38.147 (min 38.147, max 38.147)"", ""3462.000 (min 3462.000, max 3462.000)"", ""3436.000 (min 3436.000, max 3436.000)"", ""129.000 (min 129.000, max 129.000)"", ""322""]"
boop-docs/microbenching/docs/noc/noc-vc-command-flags.md,386,Run 2026-06-30T20:34:13-04:00 NoC VC static speed,"[""mode"", ""posted"", ""noc"", ""vc"", ""priority"", ""source"", ""target"", ""bytes"", ""packets"", ""sender B/cyc"", ""receiver B/cyc"", ""sender cyc"", ""receiver cyc"", ""counter delta"", ""receiver polls""]","[""static"", ""0"", ""1"", ""5"", ""0"", ""`1,2`"", ""`2,2`"", ""16384"", ""128"", ""61.858 (min 61.730, max 62.112)"", ""61.896 (min 61.766, max 62.147)"", ""33903.000 (min 33764.000, max 33973.000)"", ""33882.333 (min 33745.000, max 33953.000)"", ""129.000 (min 129.000, max 129.000)"", ""3073""]"
boop-docs/microbenching/docs/tensix/drisc-gddr-dma-aggregate.md,12,Run 2026-06-23T15:03:46-04:00 DRISC GDDR DMA Aggregate,"[""bank"", ""endpoint"", ""core"", ""cycles"", ""B/cyc"", ""GB/s"", ""ok"", ""detail""]","[""0"", ""0"", ""`0,0`"", ""708970"", ""47.328"", ""63.9"", ""True"", ""status=0x00000000 checked_slots=4""]"
boop-docs/microbenching/docs/tensix/drisc-gddr-dma-aggregate.md,13,Run 2026-06-23T15:03:46-04:00 DRISC GDDR DMA Aggregate,"[""bank"", ""endpoint"", ""core"", ""cycles"", ""B/cyc"", ""GB/s"", ""ok"", ""detail""]","[""1"", ""0"", ""`0,2`"", ""708045"", ""47.390"", ""64.0"", ""True"", ""status=0x00000000 checked_slots=4""]"
boop-docs/microbenching/docs/tensix/drisc-gddr-dma-aggregate.md,14,Run 2026-06-23T15:03:46-04:00 DRISC GDDR DMA Aggregate,"[""bank"", ""endpoint"", ""core"", ""cycles"", ""B/cyc"", ""GB/s"", ""ok"", ""detail""]","[""2"", ""0"", ""`0,4`"", ""708045"", ""47.390"", ""64.0"", ""True"", ""status=0x00000000 checked_slots=4""]"
boop-docs/microbenching/docs/tensix/drisc-gddr-dma-aggregate.md,15,Run 2026-06-23T15:03:46-04:00 DRISC GDDR DMA Aggregate,"[""bank"", ""endpoint"", ""core"", ""cycles"", ""B/cyc"", ""GB/s"", ""ok"", ""detail""]","[""4"", ""0"", ""`9,0`"", ""708045"", ""47.390"", ""64.0"", ""True"", ""status=0x00000000 checked_slots=4""]"
boop-docs/microbenching/docs/tensix/drisc-gddr-dma-aggregate.md,16,Run 2026-06-23T15:03:46-04:00 DRISC GDDR DMA Aggregate,"[""bank"", ""endpoint"", ""core"", ""cycles"", ""B/cyc"", ""GB/s"", ""ok"", ""detail""]","[""5"", ""0"", ""`9,2`"", ""708045"", ""47.390"", ""64.0"", ""True"", ""status=0x00000000 checked_slots=4""]"
boop-docs/microbenching/docs/tensix/drisc-gddr-dma-aggregate.md,17,Run 2026-06-23T15:03:46-04:00 DRISC GDDR DMA Aggregate,"[""bank"", ""endpoint"", ""core"", ""cycles"", ""B/cyc"", ""GB/s"", ""ok"", ""detail""]","[""6"", ""0"", ""`9,4`"", ""708367"", ""47.369"", ""63.9"", ""True"", ""status=0x00000000 checked_slots=4""]"
boop-docs/microbenching/docs/tensix/drisc-gddr-dma-aggregate.md,18,Run 2026-06-23T15:03:46-04:00 DRISC GDDR DMA Aggregate,"[""bank"", ""endpoint"", ""core"", ""cycles"", ""B/cyc"", ""GB/s"", ""ok"", ""detail""]","[""7"", ""0"", ""`9,5`"", ""708367"", ""47.369"", ""63.9"", ""True"", ""status=0x00000000 checked_slots=4""]"
boop-docs/microbenching/docs/tensix/drisc-gddr-dma.md,56,Run 2026-06-14T00:25:56-04:00 Same-Stream Pipelined Reads,"[""dir"", ""mode"", ""page B"", ""pages"", ""MiB"", ""stream"", ""cycles"", ""issue cyc"", ""tail cyc"", ""B/cyc"", ""GB/s"", ""ok"", ""detail""]","[""read"", ""single"", ""4096"", ""32"", ""0.125"", ""0"", ""8026"", ""8026"", ""0"", ""16.331"", ""22.0"", ""True"", ""depth=1 poc_kernel checked_slots=1""]"
boop-docs/microbenching/docs/tensix/drisc-gddr-dma.md,57,Run 2026-06-14T00:25:56-04:00 Same-Stream Pipelined Reads,"[""dir"", ""mode"", ""page B"", ""pages"", ""MiB"", ""stream"", ""cycles"", ""issue cyc"", ""tail cyc"", ""B/cyc"", ""GB/s"", ""ok"", ""detail""]","[""read"", ""single"", ""32768"", ""32"", ""1.000"", ""0"", ""27132"", ""27132"", ""0"", ""38.647"", ""52.2"", ""True"", ""depth=1 poc_kernel checked_slots=1""]"
boop-docs/microbenching/docs/tensix/drisc-gddr-dma.md,58,Run 2026-06-14T00:25:56-04:00 Same-Stream Pipelined Reads,"[""dir"", ""mode"", ""page B"", ""pages"", ""MiB"", ""stream"", ""cycles"", ""issue cyc"", ""tail cyc"", ""B/cyc"", ""GB/s"", ""ok"", ""detail""]","[""read"", ""pipe"", ""4096"", ""32"", ""0.125"", ""0"", ""4486"", ""4279"", ""207"", ""29.218"", ""39.4"", ""True"", ""depth=2 local_kernel checked_slots=2""]"
boop-docs/microbenching/docs/tensix/drisc-gddr-dma.md,59,Run 2026-06-14T00:25:56-04:00 Same-Stream Pipelined Reads,"[""dir"", ""mode"", ""page B"", ""pages"", ""MiB"", ""stream"", ""cycles"", ""issue cyc"", ""tail cyc"", ""B/cyc"", ""GB/s"", ""ok"", ""detail""]","[""read"", ""pipe"", ""32768"", ""32"", ""1.000"", ""0"", ""22362"", ""21049"", ""1313"", ""46.891"", ""63.3"", ""True"", ""depth=2 local_kernel checked_slots=2""]"
boop-docs/microbenching/docs/tensix/drisc-gddr-dma.md,68,Run 2026-06-14T00:25:56-04:00 Same-Stream Depth 4 Reads,"[""dir"", ""mode"", ""page B"", ""pages"", ""MiB"", ""stream"", ""cycles"", ""issue cyc"", ""tail cyc"", ""B/cyc"", ""GB/s"", ""ok"", ""detail""]","[""read"", ""single"", ""4096"", ""64"", ""0.250"", ""0"", ""16138"", ""16138"", ""0"", ""16.244"", ""21.9"", ""True"", ""depth=1 poc_kernel checked_slots=1""]"
boop-docs/microbenching/docs/tensix/drisc-gddr-dma.md,69,Run 2026-06-14T00:25:56-04:00 Same-Stream Depth 4 Reads,"[""dir"", ""mode"", ""page B"", ""pages"", ""MiB"", ""stream"", ""cycles"", ""issue cyc"", ""tail cyc"", ""B/cyc"", ""GB/s"", ""ok"", ""detail""]","[""read"", ""single"", ""8192"", ""64"", ""0.500"", ""0"", ""21510"", ""21510"", ""0"", ""24.374"", ""32.9"", ""True"", ""depth=1 poc_kernel checked_slots=1""]"
boop-docs/microbenching/docs/tensix/drisc-gddr-dma.md,70,Run 2026-06-14T00:25:56-04:00 Same-Stream Depth 4 Reads,"[""dir"", ""mode"", ""page B"", ""pages"", ""MiB"", ""stream"", ""cycles"", ""issue cyc"", ""tail cyc"", ""B/cyc"", ""GB/s"", ""ok"", ""detail""]","[""read"", ""single"", ""16384"", ""64"", ""1.000"", ""0"", ""32948"", ""32948"", ""0"", ""31.825"", ""43.0"", ""True"", ""depth=1 poc_kernel checked_slots=1""]"
boop-docs/microbenching/docs/tensix/drisc-gddr-dma.md,71,Run 2026-06-14T00:25:56-04:00 Same-Stream Depth 4 Reads,"[""dir"", ""mode"", ""page B"", ""pages"", ""MiB"", ""stream"", ""cycles"", ""issue cyc"", ""tail cyc"", ""B/cyc"", ""GB/s"", ""ok"", ""detail""]","[""read"", ""pipe"", ""4096"", ""64"", ""0.250"", ""0"", ""5766"", ""5475"", ""291"", ""45.464"", ""61.4"", ""True"", ""depth=4 local_kernel checked_slots=4""]"
boop-docs/microbenching/docs/tensix/drisc-gddr-dma.md,72,Run 2026-06-14T00:25:56-04:00 Same-Stream Depth 4 Reads,"[""dir"", ""mode"", ""page B"", ""pages"", ""MiB"", ""stream"", ""cycles"", ""issue cyc"", ""tail cyc"", ""B/cyc"", ""GB/s"", ""ok"", ""detail""]","[""read"", ""pipe"", ""8192"", ""64"", ""0.500"", ""0"", ""11291"", ""10650"", ""641"", ""46.434"", ""62.7"", ""True"", ""depth=4 local_kernel checked_slots=4""]"
boop-docs/microbenching/docs/tensix/drisc-gddr-dma.md,73,Run 2026-06-14T00:25:56-04:00 Same-Stream Depth 4 Reads,"[""dir"", ""mode"", ""page B"", ""pages"", ""MiB"", ""stream"", ""cycles"", ""issue cyc"", ""tail cyc"", ""B/cyc"", ""GB/s"", ""ok"", ""detail""]","[""read"", ""pipe"", ""16384"", ""64"", ""1.000"", ""0"", ""22351"", ""21024"", ""1327"", ""46.914"", ""63.3"", ""True"", ""depth=4 local_kernel checked_slots=4""]"
boop-docs/microbenching/docs/tensix/drisc-gddr-dma.md,82,Run 2026-06-14T00:25:56-04:00 Stream 1 Pipelined Reads,"[""dir"", ""mode"", ""page B"", ""pages"", ""MiB"", ""stream"", ""cycles"", ""issue cyc"", ""tail cyc"", ""B/cyc"", ""GB/s"", ""ok"", ""detail""]","[""read"", ""pipe"", ""4096"", ""64"", ""0.250"", ""1"", ""5787"", ""5492"", ""295"", ""45.299"", ""61.2"", ""True"", ""depth=4 local_kernel checked_slots=4""]"
boop-docs/microbenching/docs/tensix/drisc-gddr-dma.md,83,Run 2026-06-14T00:25:56-04:00 Stream 1 Pipelined Reads,"[""dir"", ""mode"", ""page B"", ""pages"", ""MiB"", ""stream"", ""cycles"", ""issue cyc"", ""tail cyc"", ""B/cyc"", ""GB/s"", ""ok"", ""detail""]","[""read"", ""pipe"", ""16384"", ""64"", ""1.000"", ""1"", ""22365"", ""21050"", ""1315"", ""46.885"", ""63.3"", ""True"", ""depth=4 local_kernel checked_slots=4""]"
boop-docs/microbenching/docs/tensix/drisc-gddr-dma.md,93,Run 2026-06-14T00:02:13-04:00 DRISC GDDR DMA,"[""dir"", ""mode"", ""page B"", ""pages"", ""MiB"", ""stream"", ""cycles"", ""issue cyc"", ""tail cyc"", ""B/cyc"", ""GB/s"", ""ok"", ""detail""]","[""read"", ""single"", ""16"", ""256"", ""0.004"", ""0"", ""42760"", ""42760"", ""0"", ""0.096"", ""0.1"", ""True"", ""dram_core=(0, 0) code_B=316 status0=0x00000000 status1=0x00000000 poc_kernel final_slot=0 mismatch=-1""]"
boop-docs/microbenching/docs/tensix/drisc-gddr-dma.md,94,Run 2026-06-14T00:02:13-04:00 DRISC GDDR DMA,"[""dir"", ""mode"", ""page B"", ""pages"", ""MiB"", ""stream"", ""cycles"", ""issue cyc"", ""tail cyc"", ""B/cyc"", ""GB/s"", ""ok"", ""detail""]","[""read"", ""single"", ""32"", ""256"", ""0.008"", ""0"", ""42676"", ""42676"", ""0"", ""0.192"", ""0.3"", ""True"", ""dram_core=(0, 0) code_B=316 status0=0x00000000 status1=0x00000000 poc_kernel final_slot=0 mismatch=-1""]"
boop-docs/microbenching/docs/tensix/drisc-gddr-dma.md,95,Run 2026-06-14T00:02:13-04:00 DRISC GDDR DMA,"[""dir"", ""mode"", ""page B"", ""pages"", ""MiB"", ""stream"", ""cycles"", ""issue cyc"", ""tail cyc"", ""B/cyc"", ""GB/s"", ""ok"", ""detail""]","[""read"", ""single"", ""64"", ""256"", ""0.016"", ""0"", ""42770"", ""42770"", ""0"", ""0.383"", ""0.5"", ""True"", ""dram_core=(0, 0) code_B=316 status0=0x00000000 status1=0x00000000 poc_kernel final_slot=0 mismatch=-1""]"
boop-docs/microbenching/docs/tensix/drisc-gddr-dma.md,96,Run 2026-06-14T00:02:13-04:00 DRISC GDDR DMA,"[""dir"", ""mode"", ""page B"", ""pages"", ""MiB"", ""stream"", ""cycles"", ""issue cyc"", ""tail cyc"", ""B/cyc"", ""GB/s"", ""ok"", ""detail""]","[""read"", ""single"", ""128"", ""256"", ""0.031"", ""0"", ""42686"", ""42686"", ""0"", ""0.768"", ""1.0"", ""True"", ""dram_core=(0, 0) code_B=316 status0=0x00000000 status1=0x00000000 poc_kernel final_slot=0 mismatch=-1""]"
boop-docs/microbenching/docs/tensix/drisc-gddr-dma.md,97,Run 2026-06-14T00:02:13-04:00 DRISC GDDR DMA,"[""dir"", ""mode"", ""page B"", ""pages"", ""MiB"", ""stream"", ""cycles"", ""issue cyc"", ""tail cyc"", ""B/cyc"", ""GB/s"", ""ok"", ""detail""]","[""read"", ""single"", ""256"", ""256"", ""0.062"", ""0"", ""45584"", ""45584"", ""0"", ""1.438"", ""1.9"", ""True"", ""dram_core=(0, 0) code_B=316 status0=0x00000000 status1=0x00000000 poc_kernel final_slot=0 mismatch=-1""]"
boop-docs/microbenching/docs/tensix/drisc-gddr-dma.md,98,Run 2026-06-14T00:02:13-04:00 DRISC GDDR DMA,"[""dir"", ""mode"", ""page B"", ""pages"", ""MiB"", ""stream"", ""cycles"", ""issue cyc"", ""tail cyc"", ""B/cyc"", ""GB/s"", ""ok"", ""detail""]","[""read"", ""single"", ""512"", ""256"", ""0.125"", ""0"", ""46718"", ""46718"", ""0"", ""2.806"", ""3.8"", ""True"", ""dram_core=(0, 0) code_B=316 status0=0x00000000 status1=0x00000000 poc_kernel final_slot=0 mismatch=-1""]"
boop-docs/microbenching/docs/tensix/drisc-gddr-dma.md,99,Run 2026-06-14T00:02:13-04:00 DRISC GDDR DMA,"[""dir"", ""mode"", ""page B"", ""pages"", ""MiB"", ""stream"", ""cycles"", ""issue cyc"", ""tail cyc"", ""B/cyc"", ""GB/s"", ""ok"", ""detail""]","[""read"", ""single"", ""1024"", ""256"", ""0.250"", ""0"", ""49210"", ""49210"", ""0"", ""5.327"", ""7.2"", ""True"", ""dram_core=(0, 0) code_B=316 status0=0x00000000 status1=0x00000000 poc_kernel final_slot=0 mismatch=-1""]"
boop-docs/microbenching/docs/tensix/drisc-gddr-dma.md,100,Run 2026-06-14T00:02:13-04:00 DRISC GDDR DMA,"[""dir"", ""mode"", ""page B"", ""pages"", ""MiB"", ""stream"", ""cycles"", ""issue cyc"", ""tail cyc"", ""B/cyc"", ""GB/s"", ""ok"", ""detail""]","[""read"", ""single"", ""2048"", ""256"", ""0.500"", ""0"", ""53424"", ""53424"", ""0"", ""9.814"", ""13.2"", ""True"", ""dram_core=(0, 0) code_B=320 status0=0x00000000 status1=0x00000000 poc_kernel final_slot=0 mismatch=-1""]"
boop-docs/microbenching/docs/tensix/drisc-gddr-dma.md,101,Run 2026-06-14T00:02:13-04:00 DRISC GDDR DMA,"[""dir"", ""mode"", ""page B"", ""pages"", ""MiB"", ""stream"", ""cycles"", ""issue cyc"", ""tail cyc"", ""B/cyc"", ""GB/s"", ""ok"", ""detail""]","[""read"", ""single"", ""4096"", ""256"", ""1.000"", ""0"", ""67270"", ""67270"", ""0"", ""15.588"", ""21.0"", ""True"", ""dram_core=(0, 0) code_B=316 status0=0x00000000 status1=0x00000000 poc_kernel final_slot=0 mismatch=-1""]"
boop-docs/microbenching/docs/tensix/drisc-gddr-dma.md,102,Run 2026-06-14T00:02:13-04:00 DRISC GDDR DMA,"[""dir"", ""mode"", ""page B"", ""pages"", ""MiB"", ""stream"", ""cycles"", ""issue cyc"", ""tail cyc"", ""B/cyc"", ""GB/s"", ""ok"", ""detail""]","[""read"", ""single"", ""8192"", ""256"", ""2.000"", ""0"", ""85330"", ""85330"", ""0"", ""24.577"", ""33.2"", ""True"", ""dram_core=(0, 0) code_B=316 status0=0x00000000 status1=0x00000000 poc_kernel final_slot=0 mismatch=-1""]"
boop-docs/microbenching/docs/tensix/drisc-gddr-dma.md,103,Run 2026-06-14T00:02:13-04:00 DRISC GDDR DMA,"[""dir"", ""mode"", ""page B"", ""pages"", ""MiB"", ""stream"", ""cycles"", ""issue cyc"", ""tail cyc"", ""B/cyc"", ""GB/s"", ""ok"", ""detail""]","[""read"", ""single"", ""16384"", ""256"", ""4.000"", ""0"", ""131488"", ""131488"", ""0"", ""31.899"", ""43.1"", ""True"", ""dram_core=(0, 0) code_B=316 status0=0x00000000 status1=0x00000000 poc_kernel final_slot=0 mismatch=-1""]"
boop-docs/microbenching/docs/tensix/drisc-gddr-dma.md,104,Run 2026-06-14T00:02:13-04:00 DRISC GDDR DMA,"[""dir"", ""mode"", ""page B"", ""pages"", ""MiB"", ""stream"", ""cycles"", ""issue cyc"", ""tail cyc"", ""B/cyc"", ""GB/s"", ""ok"", ""detail""]","[""read"", ""single"", ""32768"", ""256"", ""8.000"", ""0"", ""217308"", ""217308"", ""0"", ""38.602"", ""52.1"", ""True"", ""dram_core=(0, 0) code_B=316 status0=0x00000000 status1=0x00000000 poc_kernel final_slot=0 mismatch=-1""]"
boop-docs/microbenching/docs/tensix/drisc-gddr-dma.md,105,Run 2026-06-14T00:02:13-04:00 DRISC GDDR DMA,"[""dir"", ""mode"", ""page B"", ""pages"", ""MiB"", ""stream"", ""cycles"", ""issue cyc"", ""tail cyc"", ""B/cyc"", ""GB/s"", ""ok"", ""detail""]","[""read"", ""single"", ""65536"", ""256"", ""16.000"", ""0"", ""396186"", ""396186"", ""0"", ""42.347"", ""57.2"", ""True"", ""dram_core=(0, 0) code_B=312 status0=0x00000000 status1=0x00000000 poc_kernel final_slot=0 mismatch=-1""]"
boop-docs/microbenching/docs/tensix/drisc-gddr-dma.md,106,Run 2026-06-14T00:02:13-04:00 DRISC GDDR DMA,"[""dir"", ""mode"", ""page B"", ""pages"", ""MiB"", ""stream"", ""cycles"", ""issue cyc"", ""tail cyc"", ""B/cyc"", ""GB/s"", ""ok"", ""detail""]","[""write"", ""single"", ""16"", ""256"", ""0.004"", ""0"", ""19226"", ""19226"", ""0"", ""0.213"", ""0.3"", ""True"", ""dram_core=(0, 0) code_B=316 status0=0x00000000 status1=0x00000000 poc_kernel fixed_slots=1""]"
boop-docs/microbenching/docs/tensix/drisc-gddr-dma.md,107,Run 2026-06-14T00:02:13-04:00 DRISC GDDR DMA,"[""dir"", ""mode"", ""page B"", ""pages"", ""MiB"", ""stream"", ""cycles"", ""issue cyc"", ""tail cyc"", ""B/cyc"", ""GB/s"", ""ok"", ""detail""]","[""write"", ""single"", ""32"", ""256"", ""0.008"", ""0"", ""19222"", ""19222"", ""0"", ""0.426"", ""0.6"", ""True"", ""dram_core=(0, 0) code_B=316 status0=0x00000000 status1=0x00000000 poc_kernel fixed_slots=1""]"
boop-docs/microbenching/docs/tensix/drisc-gddr-dma.md,108,Run 2026-06-14T00:02:13-04:00 DRISC GDDR DMA,"[""dir"", ""mode"", ""page B"", ""pages"", ""MiB"", ""stream"", ""cycles"", ""issue cyc"", ""tail cyc"", ""B/cyc"", ""GB/s"", ""ok"", ""detail""]","[""write"", ""single"", ""64"", ""256"", ""0.016"", ""0"", ""19222"", ""19222"", ""0"", ""0.852"", ""1.2"", ""True"", ""dram_core=(0, 0) code_B=316 status0=0x00000000 status1=0x00000000 poc_kernel fixed_slots=1""]"
boop-docs/microbenching/docs/tensix/drisc-gddr-dma.md,109,Run 2026-06-14T00:02:13-04:00 DRISC GDDR DMA,"[""dir"", ""mode"", ""page B"", ""pages"", ""MiB"", ""stream"", ""cycles"", ""issue cyc"", ""tail cyc"", ""B/cyc"", ""GB/s"", ""ok"", ""detail""]","[""write"", ""single"", ""128"", ""256"", ""0.031"", ""0"", ""19222"", ""19222"", ""0"", ""1.705"", ""2.3"", ""True"", ""dram_core=(0, 0) code_B=316 status0=0x00000000 status1=0x00000000 poc_kernel fixed_slots=1""]"
boop-docs/microbenching/docs/tensix/drisc-gddr-dma.md,110,Run 2026-06-14T00:02:13-04:00 DRISC GDDR DMA,"[""dir"", ""mode"", ""page B"", ""pages"", ""MiB"", ""stream"", ""cycles"", ""issue cyc"", ""tail cyc"", ""B/cyc"", ""GB/s"", ""ok"", ""detail""]","[""write"", ""single"", ""256"", ""256"", ""0.062"", ""0"", ""19222"", ""19222"", ""0"", ""3.409"", ""4.6"", ""True"", ""dram_core=(0, 0) code_B=316 status0=0x00000000 status1=0x00000000 poc_kernel fixed_slots=1""]"
boop-docs/microbenching/docs/tensix/drisc-gddr-dma.md,111,Run 2026-06-14T00:02:13-04:00 DRISC GDDR DMA,"[""dir"", ""mode"", ""page B"", ""pages"", ""MiB"", ""stream"", ""cycles"", ""issue cyc"", ""tail cyc"", ""B/cyc"", ""GB/s"", ""ok"", ""detail""]","[""write"", ""single"", ""512"", ""256"", ""0.125"", ""0"", ""19222"", ""19222"", ""0"", ""6.819"", ""9.2"", ""True"", ""dram_core=(0, 0) code_B=316 status0=0x00000000 status1=0x00000000 poc_kernel fixed_slots=1""]"
boop-docs/microbenching/docs/tensix/drisc-gddr-dma.md,112,Run 2026-06-14T00:02:13-04:00 DRISC GDDR DMA,"[""dir"", ""mode"", ""page B"", ""pages"", ""MiB"", ""stream"", ""cycles"", ""issue cyc"", ""tail cyc"", ""B/cyc"", ""GB/s"", ""ok"", ""detail""]","[""write"", ""single"", ""1024"", ""256"", ""0.250"", ""0"", ""22806"", ""22806"", ""0"", ""11.495"", ""15.5"", ""True"", ""dram_core=(0, 0) code_B=316 status0=0x00000000 status1=0x00000000 poc_kernel fixed_slots=1""]"
boop-docs/microbenching/docs/tensix/drisc-gddr-dma.md,113,Run 2026-06-14T00:02:13-04:00 DRISC GDDR DMA,"[""dir"", ""mode"", ""page B"", ""pages"", ""MiB"", ""stream"", ""cycles"", ""issue cyc"", ""tail cyc"", ""B/cyc"", ""GB/s"", ""ok"", ""detail""]","[""write"", ""single"", ""2048"", ""256"", ""0.500"", ""0"", ""26390"", ""26390"", ""0"", ""19.867"", ""26.8"", ""True"", ""dram_core=(0, 0) code_B=320 status0=0x00000000 status1=0x00000000 poc_kernel fixed_slots=1""]"
boop-docs/microbenching/docs/tensix/drisc-gddr-dma.md,114,Run 2026-06-14T00:02:13-04:00 DRISC GDDR DMA,"[""dir"", ""mode"", ""page B"", ""pages"", ""MiB"", ""stream"", ""cycles"", ""issue cyc"", ""tail cyc"", ""B/cyc"", ""GB/s"", ""ok"", ""detail""]","[""write"", ""single"", ""4096"", ""256"", ""1.000"", ""0"", ""37142"", ""37142"", ""0"", ""28.232"", ""38.1"", ""True"", ""dram_core=(0, 0) code_B=316 status0=0x00000000 status1=0x00000000 poc_kernel fixed_slots=1""]"
boop-docs/microbenching/docs/tensix/drisc-gddr-dma.md,115,Run 2026-06-14T00:02:13-04:00 DRISC GDDR DMA,"[""dir"", ""mode"", ""page B"", ""pages"", ""MiB"", ""stream"", ""cycles"", ""issue cyc"", ""tail cyc"", ""B/cyc"", ""GB/s"", ""ok"", ""detail""]","[""write"", ""single"", ""8192"", ""256"", ""2.000"", ""0"", ""55062"", ""55062"", ""0"", ""38.087"", ""51.4"", ""True"", ""dram_core=(0, 0) code_B=316 status0=0x00000000 status1=0x00000000 poc_kernel fixed_slots=1""]"
boop-docs/microbenching/docs/tensix/drisc-gddr-dma.md,116,Run 2026-06-14T00:02:13-04:00 DRISC GDDR DMA,"[""dir"", ""mode"", ""page B"", ""pages"", ""MiB"", ""stream"", ""cycles"", ""issue cyc"", ""tail cyc"", ""B/cyc"", ""GB/s"", ""ok"", ""detail""]","[""write"", ""single"", ""16384"", ""256"", ""4.000"", ""0"", ""91182"", ""91182"", ""0"", ""45.999"", ""62.1"", ""True"", ""dram_core=(0, 0) code_B=316 status0=0x00000000 status1=0x00000000 poc_kernel fixed_slots=1""]"
boop-docs/microbenching/docs/tensix/drisc-gddr-dma.md,117,Run 2026-06-14T00:02:13-04:00 DRISC GDDR DMA,"[""dir"", ""mode"", ""page B"", ""pages"", ""MiB"", ""stream"", ""cycles"", ""issue cyc"", ""tail cyc"", ""B/cyc"", ""GB/s"", ""ok"", ""detail""]","[""write"", ""single"", ""32768"", ""256"", ""8.000"", ""0"", ""176824"", ""176824"", ""0"", ""47.440"", ""64.0"", ""True"", ""dram_core=(0, 0) code_B=316 status0=0x00000000 status1=0x00000000 poc_kernel fixed_slots=1""]"
boop-docs/microbenching/docs/tensix/drisc-gddr-dma.md,118,Run 2026-06-14T00:02:13-04:00 DRISC GDDR DMA,"[""dir"", ""mode"", ""page B"", ""pages"", ""MiB"", ""stream"", ""cycles"", ""issue cyc"", ""tail cyc"", ""B/cyc"", ""GB/s"", ""ok"", ""detail""]","[""write"", ""single"", ""65536"", ""256"", ""16.000"", ""0"", ""353766"", ""353766"", ""0"", ""47.425"", ""64.0"", ""True"", ""dram_core=(0, 0) code_B=312 status0=0x00000000 status1=0x00000000 poc_kernel fixed_slots=1""]"
boop-docs/microbenching/docs/tensix/drisc-gddr-dma.md,128,Run 2026-06-14T00:02:26-04:00 DRISC GDDR DMA,"[""dir"", ""mode"", ""page B"", ""pages"", ""MiB"", ""stream"", ""cycles"", ""issue cyc"", ""tail cyc"", ""B/cyc"", ""GB/s"", ""ok"", ""detail""]","[""read"", ""single"", ""16"", ""1"", ""0.000"", ""0"", ""199"", ""199"", ""0"", ""0.080"", ""0.1"", ""True"", ""dram_core=(0, 0) code_B=316 status0=0x00000000 status1=0x00000000 poc_kernel final_slot=0 mismatch=-1""]"
boop-docs/microbenching/docs/tensix/drisc-gddr-dma.md,129,Run 2026-06-14T00:02:26-04:00 DRISC GDDR DMA,"[""dir"", ""mode"", ""page B"", ""pages"", ""MiB"", ""stream"", ""cycles"", ""issue cyc"", ""tail cyc"", ""B/cyc"", ""GB/s"", ""ok"", ""detail""]","[""read"", ""single"", ""64"", ""1"", ""0.000"", ""0"", ""195"", ""195"", ""0"", ""0.328"", ""0.4"", ""True"", ""dram_core=(0, 0) code_B=316 status0=0x00000000 status1=0x00000000 poc_kernel final_slot=0 mismatch=-1""]"
boop-docs/microbenching/docs/tensix/drisc-gddr-dma.md,130,Run 2026-06-14T00:02:26-04:00 DRISC GDDR DMA,"[""dir"", ""mode"", ""page B"", ""pages"", ""MiB"", ""stream"", ""cycles"", ""issue cyc"", ""tail cyc"", ""B/cyc"", ""GB/s"", ""ok"", ""detail""]","[""read"", ""single"", ""256"", ""1"", ""0.000"", ""0"", ""195"", ""195"", ""0"", ""1.313"", ""1.8"", ""True"", ""dram_core=(0, 0) code_B=316 status0=0x00000000 status1=0x00000000 poc_kernel final_slot=0 mismatch=-1""]"
boop-docs/microbenching/docs/tensix/drisc-gddr-dma.md,131,Run 2026-06-14T00:02:26-04:00 DRISC GDDR DMA,"[""dir"", ""mode"", ""page B"", ""pages"", ""MiB"", ""stream"", ""cycles"", ""issue cyc"", ""tail cyc"", ""B/cyc"", ""GB/s"", ""ok"", ""detail""]","[""read"", ""single"", ""1024"", ""1"", ""0.001"", ""0"", ""209"", ""209"", ""0"", ""4.900"", ""6.6"", ""True"", ""dram_core=(0, 0) code_B=316 status0=0x00000000 status1=0x00000000 poc_kernel final_slot=0 mismatch=-1""]"
boop-docs/microbenching/docs/tensix/drisc-gddr-dma.md,132,Run 2026-06-14T00:02:26-04:00 DRISC GDDR DMA,"[""dir"", ""mode"", ""page B"", ""pages"", ""MiB"", ""stream"", ""cycles"", ""issue cyc"", ""tail cyc"", ""B/cyc"", ""GB/s"", ""ok"", ""detail""]","[""read"", ""single"", ""4096"", ""1"", ""0.004"", ""0"", ""279"", ""279"", ""0"", ""14.681"", ""19.8"", ""True"", ""dram_core=(0, 0) code_B=316 status0=0x00000000 status1=0x00000000 poc_kernel final_slot=0 mismatch=-1""]"
boop-docs/microbenching/docs/tensix/drisc-gddr-dma.md,133,Run 2026-06-14T00:02:26-04:00 DRISC GDDR DMA,"[""dir"", ""mode"", ""page B"", ""pages"", ""MiB"", ""stream"", ""cycles"", ""issue cyc"", ""tail cyc"", ""B/cyc"", ""GB/s"", ""ok"", ""detail""]","[""read"", ""single"", ""16384"", ""1"", ""0.016"", ""0"", ""531"", ""531"", ""0"", ""30.855"", ""41.7"", ""True"", ""dram_core=(0, 0) code_B=316 status0=0x00000000 status1=0x00000000 poc_kernel final_slot=0 mismatch=-1""]"
boop-docs/microbenching/docs/tensix/drisc-gddr-dma.md,134,Run 2026-06-14T00:02:26-04:00 DRISC GDDR DMA,"[""dir"", ""mode"", ""page B"", ""pages"", ""MiB"", ""stream"", ""cycles"", ""issue cyc"", ""tail cyc"", ""B/cyc"", ""GB/s"", ""ok"", ""detail""]","[""read"", ""single"", ""65536"", ""1"", ""0.062"", ""0"", ""1567"", ""1567"", ""0"", ""41.823"", ""56.5"", ""True"", ""dram_core=(0, 0) code_B=312 status0=0x00000000 status1=0x00000000 poc_kernel final_slot=0 mismatch=-1""]"
boop-docs/microbenching/docs/tensix/drisc-gddr-dma.md,135,Run 2026-06-14T00:02:26-04:00 DRISC GDDR DMA,"[""dir"", ""mode"", ""page B"", ""pages"", ""MiB"", ""stream"", ""cycles"", ""issue cyc"", ""tail cyc"", ""B/cyc"", ""GB/s"", ""ok"", ""detail""]","[""write"", ""single"", ""16"", ""1"", ""0.000"", ""0"", ""101"", ""101"", ""0"", ""0.158"", ""0.2"", ""True"", ""dram_core=(0, 0) code_B=316 status0=0x00000000 status1=0x00000000 poc_kernel fixed_slots=1""]"
boop-docs/microbenching/docs/tensix/drisc-gddr-dma.md,136,Run 2026-06-14T00:02:26-04:00 DRISC GDDR DMA,"[""dir"", ""mode"", ""page B"", ""pages"", ""MiB"", ""stream"", ""cycles"", ""issue cyc"", ""tail cyc"", ""B/cyc"", ""GB/s"", ""ok"", ""detail""]","[""write"", ""single"", ""64"", ""1"", ""0.000"", ""0"", ""97"", ""97"", ""0"", ""0.660"", ""0.9"", ""True"", ""dram_core=(0, 0) code_B=316 status0=0x00000000 status1=0x00000000 poc_kernel fixed_slots=1""]"
boop-docs/microbenching/docs/tensix/drisc-gddr-dma.md,137,Run 2026-06-14T00:02:26-04:00 DRISC GDDR DMA,"[""dir"", ""mode"", ""page B"", ""pages"", ""MiB"", ""stream"", ""cycles"", ""issue cyc"", ""tail cyc"", ""B/cyc"", ""GB/s"", ""ok"", ""detail""]","[""write"", ""single"", ""256"", ""1"", ""0.000"", ""0"", ""97"", ""97"", ""0"", ""2.639"", ""3.6"", ""True"", ""dram_core=(0, 0) code_B=316 status0=0x00000000 status1=0x00000000 poc_kernel fixed_slots=1""]"
boop-docs/microbenching/docs/tensix/drisc-gddr-dma.md,138,Run 2026-06-14T00:02:26-04:00 DRISC GDDR DMA,"[""dir"", ""mode"", ""page B"", ""pages"", ""MiB"", ""stream"", ""cycles"", ""issue cyc"", ""tail cyc"", ""B/cyc"", ""GB/s"", ""ok"", ""detail""]","[""write"", ""single"", ""1024"", ""1"", ""0.001"", ""0"", ""111"", ""111"", ""0"", ""9.225"", ""12.5"", ""True"", ""dram_core=(0, 0) code_B=316 status0=0x00000000 status1=0x00000000 poc_kernel fixed_slots=1""]"
boop-docs/microbenching/docs/tensix/drisc-gddr-dma.md,139,Run 2026-06-14T00:02:26-04:00 DRISC GDDR DMA,"[""dir"", ""mode"", ""page B"", ""pages"", ""MiB"", ""stream"", ""cycles"", ""issue cyc"", ""tail cyc"", ""B/cyc"", ""GB/s"", ""ok"", ""detail""]","[""write"", ""single"", ""4096"", ""1"", ""0.004"", ""0"", ""167"", ""167"", ""0"", ""24.527"", ""33.1"", ""True"", ""dram_core=(0, 0) code_B=316 status0=0x00000000 status1=0x00000000 poc_kernel fixed_slots=1""]"
boop-docs/microbenching/docs/tensix/drisc-gddr-dma.md,140,Run 2026-06-14T00:02:26-04:00 DRISC GDDR DMA,"[""dir"", ""mode"", ""page B"", ""pages"", ""MiB"", ""stream"", ""cycles"", ""issue cyc"", ""tail cyc"", ""B/cyc"", ""GB/s"", ""ok"", ""detail""]","[""write"", ""single"", ""16384"", ""1"", ""0.016"", ""0"", ""377"", ""377"", ""0"", ""43.459"", ""58.7"", ""True"", ""dram_core=(0, 0) code_B=316 status0=0x00000000 status1=0x00000000 poc_kernel fixed_slots=1""]"
boop-docs/microbenching/docs/tensix/drisc-gddr-dma.md,141,Run 2026-06-14T00:02:26-04:00 DRISC GDDR DMA,"[""dir"", ""mode"", ""page B"", ""pages"", ""MiB"", ""stream"", ""cycles"", ""issue cyc"", ""tail cyc"", ""B/cyc"", ""GB/s"", ""ok"", ""detail""]","[""write"", ""single"", ""65536"", ""1"", ""0.062"", ""0"", ""1259"", ""1259"", ""0"", ""52.054"", ""70.3"", ""True"", ""dram_core=(0, 0) code_B=312 status0=0x00000000 status1=0x00000000 poc_kernel fixed_slots=1""]"
boop-docs/microbenching/docs/tensix/drisc-gddr-dma.md,151,Run 2026-06-14T00:02:28-04:00 DRISC GDDR DMA,"[""dir"", ""mode"", ""page B"", ""pages"", ""MiB"", ""stream"", ""cycles"", ""issue cyc"", ""tail cyc"", ""B/cyc"", ""GB/s"", ""ok"", ""detail""]","[""read"", ""single"", ""4096"", ""256"", ""1.000"", ""1"", ""63984"", ""63984"", ""0"", ""16.388"", ""22.1"", ""True"", ""dram_core=(0, 0) code_B=324 status0=0x00000000 status1=0x00000000 poc_kernel final_slot=0 mismatch=-1""]"
boop-docs/microbenching/docs/tensix/drisc-gddr-dma.md,152,Run 2026-06-14T00:02:28-04:00 DRISC GDDR DMA,"[""dir"", ""mode"", ""page B"", ""pages"", ""MiB"", ""stream"", ""cycles"", ""issue cyc"", ""tail cyc"", ""B/cyc"", ""GB/s"", ""ok"", ""detail""]","[""read"", ""single"", ""65536"", ""256"", ""16.000"", ""1"", ""397269"", ""397269"", ""0"", ""42.231"", ""57.0"", ""True"", ""dram_core=(0, 0) code_B=320 status0=0x00000000 status1=0x00000000 poc_kernel final_slot=0 mismatch=-1""]"
boop-docs/microbenching/docs/tensix/drisc-gddr-dma.md,153,Run 2026-06-14T00:02:28-04:00 DRISC GDDR DMA,"[""dir"", ""mode"", ""page B"", ""pages"", ""MiB"", ""stream"", ""cycles"", ""issue cyc"", ""tail cyc"", ""B/cyc"", ""GB/s"", ""ok"", ""detail""]","[""write"", ""single"", ""4096"", ""256"", ""1.000"", ""1"", ""35094"", ""35094"", ""0"", ""29.879"", ""40.3"", ""True"", ""dram_core=(0, 0) code_B=324 status0=0x00000000 status1=0x00000000 poc_kernel fixed_slots=1""]"
boop-docs/microbenching/docs/tensix/drisc-gddr-dma.md,154,Run 2026-06-14T00:02:28-04:00 DRISC GDDR DMA,"[""dir"", ""mode"", ""page B"", ""pages"", ""MiB"", ""stream"", ""cycles"", ""issue cyc"", ""tail cyc"", ""B/cyc"", ""GB/s"", ""ok"", ""detail""]","[""write"", ""single"", ""65536"", ""256"", ""16.000"", ""1"", ""354189"", ""354189"", ""0"", ""47.368"", ""63.9"", ""True"", ""dram_core=(0, 0) code_B=320 status0=0x00000000 status1=0x00000000 poc_kernel fixed_slots=1""]"
boop-docs/microbenching/docs/tensix/drisc-gddr-dma.md,164,Run 2026-06-14T00:03:05-04:00 DRISC GDDR DMA,"[""dir"", ""mode"", ""page B"", ""pages"", ""MiB"", ""stream"", ""cycles"", ""issue cyc"", ""tail cyc"", ""B/cyc"", ""GB/s"", ""ok"", ""detail""]","[""read"", ""single"", ""4096"", ""256"", ""1.000"", ""0"", ""64576"", ""64576"", ""0"", ""16.238"", ""21.9"", ""True"", ""dram_core=(0, 0) code_B=324 status0=0x00000000 status1=0x00000000 poc_kernel final_slot=0 mismatch=-1""]"
boop-docs/microbenching/docs/tensix/drisc-gddr-dma.md,165,Run 2026-06-14T00:03:05-04:00 DRISC GDDR DMA,"[""dir"", ""mode"", ""page B"", ""pages"", ""MiB"", ""stream"", ""cycles"", ""issue cyc"", ""tail cyc"", ""B/cyc"", ""GB/s"", ""ok"", ""detail""]","[""read"", ""single"", ""65536"", ""256"", ""16.000"", ""0"", ""397282"", ""397282"", ""0"", ""42.230"", ""57.0"", ""True"", ""dram_core=(0, 0) code_B=320 status0=0x00000000 status1=0x00000000 poc_kernel final_slot=0 mismatch=-1""]"
boop-docs/microbenching/docs/tensix/drisc-gddr-dma.md,166,Run 2026-06-14T00:03:05-04:00 DRISC GDDR DMA,"[""dir"", ""mode"", ""page B"", ""pages"", ""MiB"", ""stream"", ""cycles"", ""issue cyc"", ""tail cyc"", ""B/cyc"", ""GB/s"", ""ok"", ""detail""]","[""write"", ""single"", ""4096"", ""256"", ""1.000"", ""0"", ""37142"", ""37142"", ""0"", ""28.232"", ""38.1"", ""True"", ""dram_core=(0, 0) code_B=324 status0=0x00000000 status1=0x00000000 poc_kernel fixed_slots=1""]"
boop-docs/microbenching/docs/tensix/drisc-gddr-dma.md,167,Run 2026-06-14T00:03:05-04:00 DRISC GDDR DMA,"[""dir"", ""mode"", ""page B"", ""pages"", ""MiB"", ""stream"", ""cycles"", ""issue cyc"", ""tail cyc"", ""B/cyc"", ""GB/s"", ""ok"", ""detail""]","[""write"", ""single"", ""65536"", ""256"", ""16.000"", ""0"", ""354172"", ""354172"", ""0"", ""47.370"", ""63.9"", ""True"", ""dram_core=(0, 0) code_B=320 status0=0x00000000 status1=0x00000000 poc_kernel fixed_slots=1""]"
boop-docs/microbenching/docs/tensix/drisc-gddr-dma.md,177,Run 2026-06-14T00:03:07-04:00 DRISC GDDR DMA,"[""dir"", ""mode"", ""page B"", ""pages"", ""MiB"", ""stream"", ""cycles"", ""issue cyc"", ""tail cyc"", ""B/cyc"", ""GB/s"", ""ok"", ""detail""]","[""read"", ""single"", ""4096"", ""256"", ""1.000"", ""0"", ""65164"", ""65164"", ""0"", ""16.091"", ""21.7"", ""True"", ""dram_core=(0, 0) code_B=324 status0=0x00000000 status1=0x00000000 poc_kernel final_slot=0 mismatch=-1""]"
boop-docs/microbenching/docs/tensix/drisc-gddr-dma.md,178,Run 2026-06-14T00:03:07-04:00 DRISC GDDR DMA,"[""dir"", ""mode"", ""page B"", ""pages"", ""MiB"", ""stream"", ""cycles"", ""issue cyc"", ""tail cyc"", ""B/cyc"", ""GB/s"", ""ok"", ""detail""]","[""read"", ""single"", ""65536"", ""256"", ""16.000"", ""0"", ""396736"", ""396736"", ""0"", ""42.288"", ""57.1"", ""True"", ""dram_core=(0, 0) code_B=320 status0=0x00000000 status1=0x00000000 poc_kernel final_slot=0 mismatch=-1""]"
boop-docs/microbenching/docs/tensix/drisc-gddr-dma.md,179,Run 2026-06-14T00:03:07-04:00 DRISC GDDR DMA,"[""dir"", ""mode"", ""page B"", ""pages"", ""MiB"", ""stream"", ""cycles"", ""issue cyc"", ""tail cyc"", ""B/cyc"", ""GB/s"", ""ok"", ""detail""]","[""write"", ""single"", ""4096"", ""256"", ""1.000"", ""0"", ""37142"", ""37142"", ""0"", ""28.232"", ""38.1"", ""True"", ""dram_core=(0, 0) code_B=324 status0=0x00000000 status1=0x00000000 poc_kernel fixed_slots=1""]"
boop-docs/microbenching/docs/tensix/drisc-gddr-dma.md,180,Run 2026-06-14T00:03:07-04:00 DRISC GDDR DMA,"[""dir"", ""mode"", ""page B"", ""pages"", ""MiB"", ""stream"", ""cycles"", ""issue cyc"", ""tail cyc"", ""B/cyc"", ""GB/s"", ""ok"", ""detail""]","[""write"", ""single"", ""65536"", ""256"", ""16.000"", ""0"", ""353766"", ""353766"", ""0"", ""47.425"", ""64.0"", ""True"", ""dram_core=(0, 0) code_B=320 status0=0x00000000 status1=0x00000000 poc_kernel fixed_slots=1""]"
boop-docs/microbenching/docs/tensix/drisc-gddr-dma.md,190,Run 2026-06-14T00:03:09-04:00 DRISC GDDR DMA,"[""dir"", ""mode"", ""page B"", ""pages"", ""MiB"", ""stream"", ""cycles"", ""issue cyc"", ""tail cyc"", ""B/cyc"", ""GB/s"", ""ok"", ""detail""]","[""read"", ""single"", ""4096"", ""256"", ""1.000"", ""0"", ""64036"", ""64036"", ""0"", ""16.375"", ""22.1"", ""True"", ""dram_core=(0, 0) code_B=316 status0=0x00000000 status1=0x00000000 poc_kernel final_slot=0 mismatch=-1""]"
boop-docs/microbenching/docs/tensix/drisc-gddr-dma.md,191,Run 2026-06-14T00:03:09-04:00 DRISC GDDR DMA,"[""dir"", ""mode"", ""page B"", ""pages"", ""MiB"", ""stream"", ""cycles"", ""issue cyc"", ""tail cyc"", ""B/cyc"", ""GB/s"", ""ok"", ""detail""]","[""read"", ""single"", ""65536"", ""256"", ""16.000"", ""0"", ""396732"", ""396732"", ""0"", ""42.289"", ""57.1"", ""True"", ""dram_core=(0, 0) code_B=312 status0=0x00000000 status1=0x00000000 poc_kernel final_slot=0 mismatch=-1""]"
boop-docs/microbenching/docs/tensix/drisc-gddr-dma.md,192,Run 2026-06-14T00:03:09-04:00 DRISC GDDR DMA,"[""dir"", ""mode"", ""page B"", ""pages"", ""MiB"", ""stream"", ""cycles"", ""issue cyc"", ""tail cyc"", ""B/cyc"", ""GB/s"", ""ok"", ""detail""]","[""write"", ""single"", ""4096"", ""256"", ""1.000"", ""0"", ""37142"", ""37142"", ""0"", ""28.232"", ""38.1"", ""True"", ""dram_core=(0, 0) code_B=316 status0=0x00000000 status1=0x00000000 poc_kernel fixed_slots=1""]"
boop-docs/microbenching/docs/tensix/drisc-gddr-dma.md,193,Run 2026-06-14T00:03:09-04:00 DRISC GDDR DMA,"[""dir"", ""mode"", ""page B"", ""pages"", ""MiB"", ""stream"", ""cycles"", ""issue cyc"", ""tail cyc"", ""B/cyc"", ""GB/s"", ""ok"", ""detail""]","[""write"", ""single"", ""65536"", ""256"", ""16.000"", ""0"", ""353766"", ""353766"", ""0"", ""47.425"", ""64.0"", ""True"", ""dram_core=(0, 0) code_B=312 status0=0x00000000 status1=0x00000000 poc_kernel fixed_slots=1""]"
boop-docs/microbenching/docs/tensix/drisc-gddr-dma.md,203,Run 2026-06-14T00:03:18-04:00 DRISC GDDR DMA,"[""dir"", ""mode"", ""page B"", ""pages"", ""MiB"", ""stream"", ""cycles"", ""issue cyc"", ""tail cyc"", ""B/cyc"", ""GB/s"", ""ok"", ""detail""]","[""read"", ""single"", ""4096"", ""256"", ""1.000"", ""0"", ""63984"", ""63984"", ""0"", ""16.388"", ""22.1"", ""True"", ""dram_core=(0, 1) code_B=316 status0=0x00000000 status1=0x00000000 poc_kernel final_slot=0 mismatch=-1""]"
boop-docs/microbenching/docs/tensix/drisc-gddr-dma.md,204,Run 2026-06-14T00:03:18-04:00 DRISC GDDR DMA,"[""dir"", ""mode"", ""page B"", ""pages"", ""MiB"", ""stream"", ""cycles"", ""issue cyc"", ""tail cyc"", ""B/cyc"", ""GB/s"", ""ok"", ""detail""]","[""read"", ""single"", ""65536"", ""256"", ""16.000"", ""0"", ""395906"", ""395906"", ""0"", ""42.377"", ""57.2"", ""True"", ""dram_core=(0, 1) code_B=312 status0=0x00000000 status1=0x00000000 poc_kernel final_slot=0 mismatch=-1""]"
boop-docs/microbenching/docs/tensix/drisc-gddr-dma.md,205,Run 2026-06-14T00:03:18-04:00 DRISC GDDR DMA,"[""dir"", ""mode"", ""page B"", ""pages"", ""MiB"", ""stream"", ""cycles"", ""issue cyc"", ""tail cyc"", ""B/cyc"", ""GB/s"", ""ok"", ""detail""]","[""write"", ""single"", ""4096"", ""256"", ""1.000"", ""0"", ""37142"", ""37142"", ""0"", ""28.232"", ""38.1"", ""True"", ""dram_core=(0, 1) code_B=316 status0=0x00000000 status1=0x00000000 poc_kernel fixed_slots=1""]"
boop-docs/microbenching/docs/tensix/drisc-gddr-dma.md,206,Run 2026-06-14T00:03:18-04:00 DRISC GDDR DMA,"[""dir"", ""mode"", ""page B"", ""pages"", ""MiB"", ""stream"", ""cycles"", ""issue cyc"", ""tail cyc"", ""B/cyc"", ""GB/s"", ""ok"", ""detail""]","[""write"", ""single"", ""65536"", ""256"", ""16.000"", ""0"", ""353766"", ""353766"", ""0"", ""47.425"", ""64.0"", ""True"", ""dram_core=(0, 1) code_B=312 status0=0x00000000 status1=0x00000000 poc_kernel fixed_slots=1""]"
boop-docs/microbenching/docs/tensix/drisc-gddr-dma.md,216,Run 2026-06-14T00:03:20-04:00 DRISC GDDR DMA,"[""dir"", ""mode"", ""page B"", ""pages"", ""MiB"", ""stream"", ""cycles"", ""issue cyc"", ""tail cyc"", ""B/cyc"", ""GB/s"", ""ok"", ""detail""]","[""read"", ""single"", ""4096"", ""256"", ""1.000"", ""0"", ""63942"", ""63942"", ""0"", ""16.399"", ""22.1"", ""True"", ""dram_core=(0, 11) code_B=316 status0=0x00000000 status1=0x00000000 poc_kernel final_slot=0 mismatch=-1""]"
boop-docs/microbenching/docs/tensix/drisc-gddr-dma.md,217,Run 2026-06-14T00:03:20-04:00 DRISC GDDR DMA,"[""dir"", ""mode"", ""page B"", ""pages"", ""MiB"", ""stream"", ""cycles"", ""issue cyc"", ""tail cyc"", ""B/cyc"", ""GB/s"", ""ok"", ""detail""]","[""read"", ""single"", ""65536"", ""256"", ""16.000"", ""0"", ""395976"", ""395976"", ""0"", ""42.369"", ""57.2"", ""True"", ""dram_core=(0, 11) code_B=312 status0=0x00000000 status1=0x00000000 poc_kernel final_slot=0 mismatch=-1""]"
boop-docs/microbenching/docs/tensix/drisc-gddr-dma.md,218,Run 2026-06-14T00:03:20-04:00 DRISC GDDR DMA,"[""dir"", ""mode"", ""page B"", ""pages"", ""MiB"", ""stream"", ""cycles"", ""issue cyc"", ""tail cyc"", ""B/cyc"", ""GB/s"", ""ok"", ""detail""]","[""write"", ""single"", ""4096"", ""256"", ""1.000"", ""0"", ""37142"", ""37142"", ""0"", ""28.232"", ""38.1"", ""True"", ""dram_core=(0, 11) code_B=316 status0=0x00000000 status1=0x00000000 poc_kernel fixed_slots=1""]"
boop-docs/microbenching/docs/tensix/drisc-gddr-dma.md,219,Run 2026-06-14T00:03:20-04:00 DRISC GDDR DMA,"[""dir"", ""mode"", ""page B"", ""pages"", ""MiB"", ""stream"", ""cycles"", ""issue cyc"", ""tail cyc"", ""B/cyc"", ""GB/s"", ""ok"", ""detail""]","[""write"", ""single"", ""65536"", ""256"", ""16.000"", ""0"", ""354214"", ""354214"", ""0"", ""47.365"", ""63.9"", ""True"", ""dram_core=(0, 11) code_B=312 status0=0x00000000 status1=0x00000000 poc_kernel fixed_slots=1""]"
boop-docs/microbenching/docs/tensix/drisc-gddr-dma.md,229,Run 2026-06-14T00:03:37-04:00 DRISC GDDR DMA,"[""dir"", ""mode"", ""page B"", ""pages"", ""MiB"", ""stream"", ""cycles"", ""issue cyc"", ""tail cyc"", ""B/cyc"", ""GB/s"", ""ok"", ""detail""]","[""read"", ""single"", ""4096"", ""256"", ""1.000"", ""0"", ""65104"", ""65104"", ""0"", ""16.106"", ""21.7"", ""True"", ""dram_core=(9, 0) code_B=316 status0=0x00000000 status1=0x00000000 poc_kernel final_slot=0 mismatch=-1""]"
boop-docs/microbenching/docs/tensix/drisc-gddr-dma.md,230,Run 2026-06-14T00:03:37-04:00 DRISC GDDR DMA,"[""dir"", ""mode"", ""page B"", ""pages"", ""MiB"", ""stream"", ""cycles"", ""issue cyc"", ""tail cyc"", ""B/cyc"", ""GB/s"", ""ok"", ""detail""]","[""read"", ""single"", ""65536"", ""256"", ""16.000"", ""0"", ""396550"", ""396550"", ""0"", ""42.308"", ""57.1"", ""True"", ""dram_core=(9, 0) code_B=312 status0=0x00000000 status1=0x00000000 poc_kernel final_slot=0 mismatch=-1""]"
boop-docs/microbenching/docs/tensix/drisc-gddr-dma.md,231,Run 2026-06-14T00:03:37-04:00 DRISC GDDR DMA,"[""dir"", ""mode"", ""page B"", ""pages"", ""MiB"", ""stream"", ""cycles"", ""issue cyc"", ""tail cyc"", ""B/cyc"", ""GB/s"", ""ok"", ""detail""]","[""write"", ""single"", ""4096"", ""256"", ""1.000"", ""0"", ""37142"", ""37142"", ""0"", ""28.232"", ""38.1"", ""True"", ""dram_core=(9, 0) code_B=316 status0=0x00000000 status1=0x00000000 poc_kernel fixed_slots=1""]"
boop-docs/microbenching/docs/tensix/drisc-gddr-dma.md,232,Run 2026-06-14T00:03:37-04:00 DRISC GDDR DMA,"[""dir"", ""mode"", ""page B"", ""pages"", ""MiB"", ""stream"", ""cycles"", ""issue cyc"", ""tail cyc"", ""B/cyc"", ""GB/s"", ""ok"", ""detail""]","[""write"", ""single"", ""65536"", ""256"", ""16.000"", ""0"", ""353766"", ""353766"", ""0"", ""47.425"", ""64.0"", ""True"", ""dram_core=(9, 0) code_B=312 status0=0x00000000 status1=0x00000000 poc_kernel fixed_slots=1""]"
boop-docs/microbenching/docs/tensix/pack-unpack-units.md,61,Bring-Up Notes,"[""dtype"", ""tile bytes"", ""tiles"", ""cycles"", ""cycles/tile""]","[""bf16"", ""2048"", ""2"", ""752"", ""376.0""]"
boop-docs/microbenching/docs/tensix/pack-unpack-units.md,62,Bring-Up Notes,"[""dtype"", ""tile bytes"", ""tiles"", ""cycles"", ""cycles/tile""]","[""bf16"", ""2048"", ""8"", ""4507"", ""563.4""]"
boop-docs/microbenching/docs/tensix/pack-unpack-units.md,63,Bring-Up Notes,"[""dtype"", ""tile bytes"", ""tiles"", ""cycles"", ""cycles/tile""]","[""bf16"", ""2048"", ""16"", ""9466"", ""591.6""]"
boop-docs/microbenching/docs/tensix/pack-unpack-units.md,64,Bring-Up Notes,"[""dtype"", ""tile bytes"", ""tiles"", ""cycles"", ""cycles/tile""]","[""fp16"", ""2048"", ""8"", ""4457"", ""557.1""]"
boop-docs/microbenching/docs/tensix/pack-unpack-units.md,65,Bring-Up Notes,"[""dtype"", ""tile bytes"", ""tiles"", ""cycles"", ""cycles/tile""]","[""fp32"", ""4096"", ""8"", ""4915"", ""614.4""]"
blackhole-py/tests/operation_pocs/fpu/results.md,17,Measurements,"[""Dst"", ""Operation"", ""Cases"", ""Operation raw cycles"", ""Raw/K cycles"", ""Complete raw cycles""]","[""FP32"", ""elwadd"", ""40"", ""119\u2013120"", ""7.4375\u20137.5"", ""441\u2013452""]"
blackhole-py/tests/operation_pocs/fpu/results.md,18,Measurements,"[""Dst"", ""Operation"", ""Cases"", ""Operation raw cycles"", ""Raw/K cycles"", ""Complete raw cycles""]","[""FP32"", ""elwsub"", ""40"", ""119\u2013120"", ""7.4375\u20137.5"", ""441\u2013452""]"
blackhole-py/tests/operation_pocs/fpu/results.md,19,Measurements,"[""Dst"", ""Operation"", ""Cases"", ""Operation raw cycles"", ""Raw/K cycles"", ""Complete raw cycles""]","[""FP32"", ""elwmul"", ""20"", ""215\u2013216"", ""13.4375\u201313.5"", ""538\u2013549""]"
blackhole-py/tests/operation_pocs/fpu/results.md,20,Measurements,"[""Dst"", ""Operation"", ""Cases"", ""Operation raw cycles"", ""Raw/K cycles"", ""Complete raw cycles""]","[""FP32"", ""mvmul"", ""8"", ""119\u2013216"", ""7.4375\u201313.5"", ""441\u2013542""]"
blackhole-py/tests/operation_pocs/fpu/results.md,21,Measurements,"[""Dst"", ""Operation"", ""Cases"", ""Operation raw cycles"", ""Raw/K cycles"", ""Complete raw cycles""]","[""FP32"", ""gapool"", ""4"", ""215\u2013216"", ""13.4375\u201313.5"", ""538\u2013542""]"
blackhole-py/tests/operation_pocs/fpu/results.md,22,Measurements,"[""Dst"", ""Operation"", ""Cases"", ""Operation raw cycles"", ""Raw/K cycles"", ""Complete raw cycles""]","[""FP32"", ""gmpool"", ""4"", ""119\u2013120"", ""7.4375\u20137.5"", ""441\u2013447""]"
blackhole-py/tests/operation_pocs/fpu/results.md,23,Measurements,"[""Dst"", ""Operation"", ""Cases"", ""Operation raw cycles"", ""Raw/K cycles"", ""Complete raw cycles""]","[""FP32"", ""zero"", ""5"", ""156"", ""9.75"", ""476""]"
blackhole-py/tests/operation_pocs/fpu/results.md,24,Measurements,"[""Dst"", ""Operation"", ""Cases"", ""Operation raw cycles"", ""Raw/K cycles"", ""Complete raw cycles""]","[""FP32"", ""a2d"", ""5"", ""43\u201358"", ""2.6875\u20133.625"", ""363\u2013379""]"
blackhole-py/tests/operation_pocs/fpu/results.md,25,Measurements,"[""Dst"", ""Operation"", ""Cases"", ""Operation raw cycles"", ""Raw/K cycles"", ""Complete raw cycles""]","[""FP32"", ""b2d"", ""5"", ""59"", ""3.6875"", ""379""]"
blackhole-py/tests/operation_pocs/fpu/results.md,26,Measurements,"[""Dst"", ""Operation"", ""Cases"", ""Operation raw cycles"", ""Raw/K cycles"", ""Complete raw cycles""]","[""FP32"", ""d2a"", ""5"", ""59"", ""3.6875"", ""379""]"
blackhole-py/tests/operation_pocs/fpu/results.md,27,Measurements,"[""Dst"", ""Operation"", ""Cases"", ""Operation raw cycles"", ""Raw/K cycles"", ""Complete raw cycles""]","[""FP32"", ""d2b"", ""5"", ""59"", ""3.6875"", ""379""]"
blackhole-py/tests/operation_pocs/fpu/results.md,28,Measurements,"[""Dst"", ""Operation"", ""Cases"", ""Operation raw cycles"", ""Raw/K cycles"", ""Complete raw cycles""]","[""BF16"", ""elwadd"", ""24"", ""29"", ""29"", ""135""]"
blackhole-py/tests/operation_pocs/fpu/results.md,29,Measurements,"[""Dst"", ""Operation"", ""Cases"", ""Operation raw cycles"", ""Raw/K cycles"", ""Complete raw cycles""]","[""BF16"", ""elwsub"", ""24"", ""29"", ""29"", ""135""]"
blackhole-py/tests/operation_pocs/fpu/results.md,30,Measurements,"[""Dst"", ""Operation"", ""Cases"", ""Operation raw cycles"", ""Raw/K cycles"", ""Complete raw cycles""]","[""BF16"", ""elwmul"", ""12"", ""36"", ""36"", ""144""]"
blackhole-py/tests/operation_pocs/fpu/results.md,31,Measurements,"[""Dst"", ""Operation"", ""Cases"", ""Operation raw cycles"", ""Raw/K cycles"", ""Complete raw cycles""]","[""BF16"", ""mvmul"", ""4"", ""29\u201336"", ""29\u201336"", ""135\u2013144""]"
blackhole-py/tests/operation_pocs/fpu/results.md,32,Measurements,"[""Dst"", ""Operation"", ""Cases"", ""Operation raw cycles"", ""Raw/K cycles"", ""Complete raw cycles""]","[""BF16"", ""gapool"", ""2"", ""36"", ""36"", ""144""]"
blackhole-py/tests/operation_pocs/fpu/results.md,33,Measurements,"[""Dst"", ""Operation"", ""Cases"", ""Operation raw cycles"", ""Raw/K cycles"", ""Complete raw cycles""]","[""BF16"", ""gmpool"", ""2"", ""29"", ""29"", ""135""]"
blackhole-py/tests/operation_pocs/fpu/results.md,34,Measurements,"[""Dst"", ""Operation"", ""Cases"", ""Operation raw cycles"", ""Raw/K cycles"", ""Complete raw cycles""]","[""BF16"", ""zero"", ""3"", ""35"", ""35"", ""141""]"
blackhole-py/tests/operation_pocs/fpu/results.md,35,Measurements,"[""Dst"", ""Operation"", ""Cases"", ""Operation raw cycles"", ""Raw/K cycles"", ""Complete raw cycles""]","[""BF16"", ""a2d"", ""3"", ""29"", ""29"", ""128""]"
blackhole-py/tests/operation_pocs/fpu/results.md,36,Measurements,"[""Dst"", ""Operation"", ""Cases"", ""Operation raw cycles"", ""Raw/K cycles"", ""Complete raw cycles""]","[""BF16"", ""b2d"", ""3"", ""29"", ""29"", ""129""]"
blackhole-py/tests/operation_pocs/fpu/results.md,37,Measurements,"[""Dst"", ""Operation"", ""Cases"", ""Operation raw cycles"", ""Raw/K cycles"", ""Complete raw cycles""]","[""BF16"", ""d2a"", ""3"", ""29"", ""29"", ""129""]"
blackhole-py/tests/operation_pocs/fpu/results.md,38,Measurements,"[""Dst"", ""Operation"", ""Cases"", ""Operation raw cycles"", ""Raw/K cycles"", ""Complete raw cycles""]","[""BF16"", ""d2b"", ""3"", ""29"", ""29"", ""129""]"
blackhole-py/tests/operation_pocs/runtime/results.md,132,Complete-operation cycle table,"[""Operation"", ""Mode / case"", ""K"", ""Raw min / median / max"", ""Median cycles/call""]","[""read"", ""serial-baseline; N=128, element_bytes=2, noc=0"", ""1"", ""542 / 542 / 622"", ""542.000""]"
blackhole-py/tests/operation_pocs/runtime/results.md,133,Complete-operation cycle table,"[""Operation"", ""Mode / case"", ""K"", ""Raw min / median / max"", ""Median cycles/call""]","[""read"", ""batched; N=128, element_bytes=2, noc=0"", ""1"", ""522 / 522 / 522"", ""522.000""]"
blackhole-py/tests/operation_pocs/runtime/results.md,134,Complete-operation cycle table,"[""Operation"", ""Mode / case"", ""K"", ""Raw min / median / max"", ""Median cycles/call""]","[""write"", ""serial-baseline; N=128, element_bytes=2, noc=0"", ""1"", ""451 / 451 / 451"", ""451.000""]"
blackhole-py/tests/operation_pocs/runtime/results.md,135,Complete-operation cycle table,"[""Operation"", ""Mode / case"", ""K"", ""Raw min / median / max"", ""Median cycles/call""]","[""write"", ""batched; N=128, element_bytes=2, noc=0"", ""1"", ""419 / 419 / 419"", ""419.000""]"
blackhole-py/tests/operation_pocs/runtime/results.md,136,Complete-operation cycle table,"[""Operation"", ""Mode / case"", ""K"", ""Raw min / median / max"", ""Median cycles/call""]","[""read"", ""serial-baseline; N=128, element_bytes=2, noc=1"", ""1"", ""534 / 542 / 542"", ""542.000""]"
blackhole-py/tests/operation_pocs/runtime/results.md,137,Complete-operation cycle table,"[""Operation"", ""Mode / case"", ""K"", ""Raw min / median / max"", ""Median cycles/call""]","[""read"", ""batched; N=128, element_bytes=2, noc=1"", ""1"", ""514 / 522 / 642"", ""522.000""]"
blackhole-py/tests/operation_pocs/runtime/results.md,138,Complete-operation cycle table,"[""Operation"", ""Mode / case"", ""K"", ""Raw min / median / max"", ""Median cycles/call""]","[""write"", ""serial-baseline; N=128, element_bytes=2, noc=1"", ""1"", ""451 / 451 / 451"", ""451.000""]"
blackhole-py/tests/operation_pocs/runtime/results.md,139,Complete-operation cycle table,"[""Operation"", ""Mode / case"", ""K"", ""Raw min / median / max"", ""Median cycles/call""]","[""write"", ""batched; N=128, element_bytes=2, noc=1"", ""1"", ""419 / 419 / 419"", ""419.000""]"
blackhole-py/tests/operation_pocs/runtime/results.md,140,Complete-operation cycle table,"[""Operation"", ""Mode / case"", ""K"", ""Raw min / median / max"", ""Median cycles/call""]","[""read"", ""serial-baseline; N=128, element_bytes=4, noc=0"", ""1"", ""550 / 550 / 654"", ""550.000""]"
blackhole-py/tests/operation_pocs/runtime/results.md,141,Complete-operation cycle table,"[""Operation"", ""Mode / case"", ""K"", ""Raw min / median / max"", ""Median cycles/call""]","[""read"", ""batched; N=128, element_bytes=4, noc=0"", ""1"", ""530 / 530 / 562"", ""530.000""]"
blackhole-py/tests/operation_pocs/runtime/results.md,142,Complete-operation cycle table,"[""Operation"", ""Mode / case"", ""K"", ""Raw min / median / max"", ""Median cycles/call""]","[""write"", ""serial-baseline; N=128, element_bytes=4, noc=0"", ""1"", ""459 / 459 / 459"", ""459.000""]"
blackhole-py/tests/operation_pocs/runtime/results.md,143,Complete-operation cycle table,"[""Operation"", ""Mode / case"", ""K"", ""Raw min / median / max"", ""Median cycles/call""]","[""write"", ""batched; N=128, element_bytes=4, noc=0"", ""1"", ""427 / 427 / 427"", ""427.000""]"
blackhole-py/tests/operation_pocs/runtime/results.md,144,Complete-operation cycle table,"[""Operation"", ""Mode / case"", ""K"", ""Raw min / median / max"", ""Median cycles/call""]","[""read"", ""serial-baseline; N=128, element_bytes=4, noc=1"", ""1"", ""550 / 550 / 638"", ""550.000""]"
blackhole-py/tests/operation_pocs/runtime/results.md,145,Complete-operation cycle table,"[""Operation"", ""Mode / case"", ""K"", ""Raw min / median / max"", ""Median cycles/call""]","[""read"", ""batched; N=128, element_bytes=4, noc=1"", ""1"", ""530 / 530 / 610"", ""530.000""]"
blackhole-py/tests/operation_pocs/runtime/results.md,146,Complete-operation cycle table,"[""Operation"", ""Mode / case"", ""K"", ""Raw min / median / max"", ""Median cycles/call""]","[""write"", ""serial-baseline; N=128, element_bytes=4, noc=1"", ""1"", ""459 / 459 / 459"", ""459.000""]"
blackhole-py/tests/operation_pocs/runtime/results.md,147,Complete-operation cycle table,"[""Operation"", ""Mode / case"", ""K"", ""Raw min / median / max"", ""Median cycles/call""]","[""write"", ""batched; N=128, element_bytes=4, noc=1"", ""1"", ""427 / 427 / 427"", ""427.000""]"
blackhole-py/tests/operation_pocs/runtime/results.md,148,Complete-operation cycle table,"[""Operation"", ""Mode / case"", ""K"", ""Raw min / median / max"", ""Median cycles/call""]","[""read"", ""serial-baseline; N=256, element_bytes=2, noc=0"", ""1"", ""986 / 997 / 1149"", ""997.000""]"
blackhole-py/tests/operation_pocs/runtime/results.md,149,Complete-operation cycle table,"[""Operation"", ""Mode / case"", ""K"", ""Raw min / median / max"", ""Median cycles/call""]","[""read"", ""batched; N=256, element_bytes=2, noc=0"", ""1"", ""525 / 525 / 677"", ""525.000""]"
blackhole-py/tests/operation_pocs/runtime/results.md,150,Complete-operation cycle table,"[""Operation"", ""Mode / case"", ""K"", ""Raw min / median / max"", ""Median cycles/call""]","[""write"", ""serial-baseline; N=256, element_bytes=2, noc=0"", ""1"", ""793 / 793 / 793"", ""793.000""]"
blackhole-py/tests/operation_pocs/runtime/results.md,151,Complete-operation cycle table,"[""Operation"", ""Mode / case"", ""K"", ""Raw min / median / max"", ""Median cycles/call""]","[""write"", ""batched; N=256, element_bytes=2, noc=0"", ""1"", ""438 / 438 / 438"", ""438.000""]"
blackhole-py/tests/operation_pocs/runtime/results.md,152,Complete-operation cycle table,"[""Operation"", ""Mode / case"", ""K"", ""Raw min / median / max"", ""Median cycles/call""]","[""read"", ""serial-baseline; N=256, element_bytes=2, noc=1"", ""1"", ""986 / 994 / 1114"", ""994.000""]"
blackhole-py/tests/operation_pocs/runtime/results.md,153,Complete-operation cycle table,"[""Operation"", ""Mode / case"", ""K"", ""Raw min / median / max"", ""Median cycles/call""]","[""read"", ""batched; N=256, element_bytes=2, noc=1"", ""1"", ""525 / 525 / 529"", ""525.000""]"
blackhole-py/tests/operation_pocs/runtime/results.md,154,Complete-operation cycle table,"[""Operation"", ""Mode / case"", ""K"", ""Raw min / median / max"", ""Median cycles/call""]","[""write"", ""serial-baseline; N=256, element_bytes=2, noc=1"", ""1"", ""793 / 793 / 793"", ""793.000""]"
blackhole-py/tests/operation_pocs/runtime/results.md,155,Complete-operation cycle table,"[""Operation"", ""Mode / case"", ""K"", ""Raw min / median / max"", ""Median cycles/call""]","[""write"", ""batched; N=256, element_bytes=2, noc=1"", ""1"", ""438 / 438 / 438"", ""438.000""]"
blackhole-py/tests/operation_pocs/runtime/results.md,156,Complete-operation cycle table,"[""Operation"", ""Mode / case"", ""K"", ""Raw min / median / max"", ""Median cycles/call""]","[""read"", ""serial-baseline; N=256, element_bytes=4, noc=0"", ""1"", ""1002 / 1018 / 1133"", ""1018.000""]"
blackhole-py/tests/operation_pocs/runtime/results.md,157,Complete-operation cycle table,"[""Operation"", ""Mode / case"", ""K"", ""Raw min / median / max"", ""Median cycles/call""]","[""read"", ""batched; N=256, element_bytes=4, noc=0"", ""1"", ""541 / 541 / 545"", ""541.000""]"
blackhole-py/tests/operation_pocs/runtime/results.md,158,Complete-operation cycle table,"[""Operation"", ""Mode / case"", ""K"", ""Raw min / median / max"", ""Median cycles/call""]","[""write"", ""serial-baseline; N=256, element_bytes=4, noc=0"", ""1"", ""809 / 809 / 809"", ""809.000""]"
blackhole-py/tests/operation_pocs/runtime/results.md,159,Complete-operation cycle table,"[""Operation"", ""Mode / case"", ""K"", ""Raw min / median / max"", ""Median cycles/call""]","[""write"", ""batched; N=256, element_bytes=4, noc=0"", ""1"", ""446 / 446 / 446"", ""446.000""]"
blackhole-py/tests/operation_pocs/runtime/results.md,160,Complete-operation cycle table,"[""Operation"", ""Mode / case"", ""K"", ""Raw min / median / max"", ""Median cycles/call""]","[""read"", ""serial-baseline; N=256, element_bytes=4, noc=1"", ""1"", ""1010 / 1018 / 1170"", ""1018.000""]"
blackhole-py/tests/operation_pocs/runtime/results.md,161,Complete-operation cycle table,"[""Operation"", ""Mode / case"", ""K"", ""Raw min / median / max"", ""Median cycles/call""]","[""read"", ""batched; N=256, element_bytes=4, noc=1"", ""1"", ""541 / 541 / 545"", ""541.000""]"
blackhole-py/tests/operation_pocs/runtime/results.md,162,Complete-operation cycle table,"[""Operation"", ""Mode / case"", ""K"", ""Raw min / median / max"", ""Median cycles/call""]","[""write"", ""serial-baseline; N=256, element_bytes=4, noc=1"", ""1"", ""809 / 809 / 809"", ""809.000""]"
blackhole-py/tests/operation_pocs/runtime/results.md,163,Complete-operation cycle table,"[""Operation"", ""Mode / case"", ""K"", ""Raw min / median / max"", ""Median cycles/call""]","[""write"", ""batched; N=256, element_bytes=4, noc=1"", ""1"", ""446 / 446 / 446"", ""446.000""]"
blackhole-py/tests/operation_pocs/runtime/results.md,164,Complete-operation cycle table,"[""Operation"", ""Mode / case"", ""K"", ""Raw min / median / max"", ""Median cycles/call""]","[""cb_reserve"", ""uncontended; slot=0, initial_counter=0"", ""16"", ""431 / 435 / 441"", ""27.188""]"
blackhole-py/tests/operation_pocs/runtime/results.md,165,Complete-operation cycle table,"[""Operation"", ""Mode / case"", ""K"", ""Raw min / median / max"", ""Median cycles/call""]","[""cb_publish"", ""uncontended; slot=0, initial_counter=0"", ""16"", ""400 / 400 / 400"", ""25.000""]"
blackhole-py/tests/operation_pocs/runtime/results.md,166,Complete-operation cycle table,"[""Operation"", ""Mode / case"", ""K"", ""Raw min / median / max"", ""Median cycles/call""]","[""cb_wait"", ""uncontended; slot=0, initial_counter=0"", ""16"", ""385 / 385 / 391"", ""24.062""]"
blackhole-py/tests/operation_pocs/runtime/results.md,167,Complete-operation cycle table,"[""Operation"", ""Mode / case"", ""K"", ""Raw min / median / max"", ""Median cycles/call""]","[""cb_release"", ""uncontended; slot=0, initial_counter=0"", ""16"", ""397 / 397 / 401"", ""24.812""]"
blackhole-py/tests/operation_pocs/runtime/results.md,168,Complete-operation cycle table,"[""Operation"", ""Mode / case"", ""K"", ""Raw min / median / max"", ""Median cycles/call""]","[""cb_reserve"", ""uncontended; slot=31, initial_counter=65535"", ""16"", ""419 / 424 / 429"", ""26.500""]"
blackhole-py/tests/operation_pocs/runtime/results.md,169,Complete-operation cycle table,"[""Operation"", ""Mode / case"", ""K"", ""Raw min / median / max"", ""Median cycles/call""]","[""cb_publish"", ""uncontended; slot=31, initial_counter=65535"", ""16"", ""399 / 399 / 399"", ""24.938""]"
blackhole-py/tests/operation_pocs/runtime/results.md,170,Complete-operation cycle table,"[""Operation"", ""Mode / case"", ""K"", ""Raw min / median / max"", ""Median cycles/call""]","[""cb_wait"", ""uncontended; slot=31, initial_counter=65535"", ""16"", ""387 / 387 / 387"", ""24.188""]"
blackhole-py/tests/operation_pocs/runtime/results.md,171,Complete-operation cycle table,"[""Operation"", ""Mode / case"", ""K"", ""Raw min / median / max"", ""Median cycles/call""]","[""cb_release"", ""uncontended; slot=31, initial_counter=65535"", ""16"", ""397 / 397 / 401"", ""24.812""]"
blackhole-py/tests/operation_pocs/runtime/results.md,172,Complete-operation cycle table,"[""Operation"", ""Mode / case"", ""K"", ""Raw min / median / max"", ""Median cycles/call""]","[""semaphore_post"", ""uncontended; semaphore=1"", ""7"", ""76 / 76 / 77"", ""10.857""]"
blackhole-py/tests/operation_pocs/runtime/results.md,173,Complete-operation cycle table,"[""Operation"", ""Mode / case"", ""K"", ""Raw min / median / max"", ""Median cycles/call""]","[""semaphore_get"", ""uncontended; semaphore=1"", ""7"", ""76 / 76 / 76"", ""10.857""]"
blackhole-py/tests/operation_pocs/runtime/results.md,174,Complete-operation cycle table,"[""Operation"", ""Mode / case"", ""K"", ""Raw min / median / max"", ""Median cycles/call""]","[""semaphore_wait_ready"", ""uncontended; semaphore=1"", ""7"", ""90 / 90 / 90"", ""12.857""]"
blackhole-py/tests/operation_pocs/runtime/results.md,175,Complete-operation cycle table,"[""Operation"", ""Mode / case"", ""K"", ""Raw min / median / max"", ""Median cycles/call""]","[""semaphore_wait_space"", ""uncontended; semaphore=1"", ""7"", ""90 / 90 / 91"", ""12.857""]"
blackhole-py/tests/operation_pocs/runtime/results.md,176,Complete-operation cycle table,"[""Operation"", ""Mode / case"", ""K"", ""Raw min / median / max"", ""Median cycles/call""]","[""semaphore_post"", ""uncontended; semaphore=2"", ""7"", ""76 / 76 / 77"", ""10.857""]"
blackhole-py/tests/operation_pocs/runtime/results.md,177,Complete-operation cycle table,"[""Operation"", ""Mode / case"", ""K"", ""Raw min / median / max"", ""Median cycles/call""]","[""semaphore_get"", ""uncontended; semaphore=2"", ""7"", ""76 / 76 / 76"", ""10.857""]"
blackhole-py/tests/operation_pocs/runtime/results.md,178,Complete-operation cycle table,"[""Operation"", ""Mode / case"", ""K"", ""Raw min / median / max"", ""Median cycles/call""]","[""semaphore_wait_ready"", ""uncontended; semaphore=2"", ""7"", ""90 / 90 / 91"", ""12.857""]"
blackhole-py/tests/operation_pocs/runtime/results.md,179,Complete-operation cycle table,"[""Operation"", ""Mode / case"", ""K"", ""Raw min / median / max"", ""Median cycles/call""]","[""semaphore_wait_space"", ""uncontended; semaphore=2"", ""7"", ""90 / 90 / 90"", ""12.857""]"
blackhole-py/tests/operation_pocs/runtime/results.md,180,Complete-operation cycle table,"[""Operation"", ""Mode / case"", ""K"", ""Raw min / median / max"", ""Median cycles/call""]","[""semaphore_post"", ""uncontended; semaphore=5"", ""7"", ""76 / 76 / 77"", ""10.857""]"
blackhole-py/tests/operation_pocs/runtime/results.md,181,Complete-operation cycle table,"[""Operation"", ""Mode / case"", ""K"", ""Raw min / median / max"", ""Median cycles/call""]","[""semaphore_get"", ""uncontended; semaphore=5"", ""7"", ""76 / 76 / 77"", ""10.857""]"
blackhole-py/tests/operation_pocs/runtime/results.md,182,Complete-operation cycle table,"[""Operation"", ""Mode / case"", ""K"", ""Raw min / median / max"", ""Median cycles/call""]","[""semaphore_wait_ready"", ""uncontended; semaphore=5"", ""7"", ""90 / 90 / 90"", ""12.857""]"
blackhole-py/tests/operation_pocs/runtime/results.md,183,Complete-operation cycle table,"[""Operation"", ""Mode / case"", ""K"", ""Raw min / median / max"", ""Median cycles/call""]","[""semaphore_wait_space"", ""uncontended; semaphore=5"", ""7"", ""90 / 90 / 91"", ""12.857""]"
blackhole-py/tests/operation_pocs/runtime/results.md,184,Complete-operation cycle table,"[""Operation"", ""Mode / case"", ""K"", ""Raw min / median / max"", ""Median cycles/call""]","[""semaphore_post"", ""uncontended; semaphore=7"", ""7"", ""76 / 76 / 76"", ""10.857""]"
blackhole-py/tests/operation_pocs/runtime/results.md,185,Complete-operation cycle table,"[""Operation"", ""Mode / case"", ""K"", ""Raw min / median / max"", ""Median cycles/call""]","[""semaphore_get"", ""uncontended; semaphore=7"", ""7"", ""76 / 76 / 77"", ""10.857""]"
blackhole-py/tests/operation_pocs/runtime/results.md,186,Complete-operation cycle table,"[""Operation"", ""Mode / case"", ""K"", ""Raw min / median / max"", ""Median cycles/call""]","[""semaphore_wait_ready"", ""uncontended; semaphore=7"", ""7"", ""90 / 90 / 90"", ""12.857""]"
blackhole-py/tests/operation_pocs/runtime/results.md,187,Complete-operation cycle table,"[""Operation"", ""Mode / case"", ""K"", ""Raw min / median / max"", ""Median cycles/call""]","[""semaphore_wait_space"", ""uncontended; semaphore=7"", ""7"", ""90 / 90 / 90"", ""12.857""]"
blackhole-py/tests/operation_pocs/runtime/results.md,188,Complete-operation cycle table,"[""Operation"", ""Mode / case"", ""K"", ""Raw min / median / max"", ""Median cycles/call""]","[""cb_reserve"", ""intentional-peer-wait; slot=31"", ""1"", ""2163 / 2163 / 2163"", ""2163.000""]"
blackhole-py/tests/operation_pocs/runtime/results.md,189,Complete-operation cycle table,"[""Operation"", ""Mode / case"", ""K"", ""Raw min / median / max"", ""Median cycles/call""]","[""cb_wait"", ""intentional-peer-wait; slot=31"", ""1"", ""2151 / 2152 / 2152"", ""2152.000""]"
blackhole-py/tests/operation_pocs/runtime/results.md,190,Complete-operation cycle table,"[""Operation"", ""Mode / case"", ""K"", ""Raw min / median / max"", ""Median cycles/call""]","[""semaphore_wait_ready"", ""intentional-peer-wait; semaphore=2"", ""1"", ""2123 / 2124 / 2126"", ""2124.000""]"
blackhole-py/tests/operation_pocs/runtime/results.md,191,Complete-operation cycle table,"[""Operation"", ""Mode / case"", ""K"", ""Raw min / median / max"", ""Median cycles/call""]","[""semaphore_wait_space"", ""intentional-peer-wait; semaphore=2"", ""1"", ""2123 / 2125 / 2126"", ""2125.000""]"
blackhole-py/tests/operation_pocs/runtime/results.md,192,Complete-operation cycle table,"[""Operation"", ""Mode / case"", ""K"", ""Raw min / median / max"", ""Median cycles/call""]","[""source_publish"", ""uncontended-accumulated; source_bank=A"", ""8"", ""162 / 162 / 165"", ""20.250""]"
blackhole-py/tests/operation_pocs/runtime/results.md,193,Complete-operation cycle table,"[""Operation"", ""Mode / case"", ""K"", ""Raw min / median / max"", ""Median cycles/call""]","[""source_wait_valid"", ""uncontended-accumulated; source_bank=A"", ""8"", ""136 / 136 / 137"", ""17.000""]"
blackhole-py/tests/operation_pocs/runtime/results.md,194,Complete-operation cycle table,"[""Operation"", ""Mode / case"", ""K"", ""Raw min / median / max"", ""Median cycles/call""]","[""source_release"", ""uncontended-accumulated; source_bank=A"", ""8"", ""154 / 157 / 157"", ""19.625""]"
blackhole-py/tests/operation_pocs/runtime/results.md,195,Complete-operation cycle table,"[""Operation"", ""Mode / case"", ""K"", ""Raw min / median / max"", ""Median cycles/call""]","[""source_wait_free"", ""uncontended-accumulated; source_bank=A"", ""8"", ""136 / 136 / 137"", ""17.000""]"
blackhole-py/tests/operation_pocs/runtime/results.md,196,Complete-operation cycle table,"[""Operation"", ""Mode / case"", ""K"", ""Raw min / median / max"", ""Median cycles/call""]","[""source_publish"", ""uncontended-accumulated; source_bank=B"", ""8"", ""162 / 164 / 165"", ""20.500""]"
blackhole-py/tests/operation_pocs/runtime/results.md,197,Complete-operation cycle table,"[""Operation"", ""Mode / case"", ""K"", ""Raw min / median / max"", ""Median cycles/call""]","[""source_wait_valid"", ""uncontended-accumulated; source_bank=B"", ""8"", ""136 / 136 / 136"", ""17.000""]"
blackhole-py/tests/operation_pocs/runtime/results.md,198,Complete-operation cycle table,"[""Operation"", ""Mode / case"", ""K"", ""Raw min / median / max"", ""Median cycles/call""]","[""source_release"", ""uncontended-accumulated; source_bank=B"", ""8"", ""154 / 154 / 157"", ""19.250""]"
blackhole-py/tests/operation_pocs/runtime/results.md,199,Complete-operation cycle table,"[""Operation"", ""Mode / case"", ""K"", ""Raw min / median / max"", ""Median cycles/call""]","[""source_wait_free"", ""uncontended-accumulated; source_bank=B"", ""8"", ""136 / 136 / 138"", ""17.000""]"
blackhole-py/tests/operation_pocs/sfpu_math/results.md,31,Historical successful baseline,"[""Operation"", ""Raw min/median/max cycles"", ""Median cycles/vector""]","[""add"", ""78 / 78 / 78"", ""19.5""]"
blackhole-py/tests/operation_pocs/sfpu_math/results.md,32,Historical successful baseline,"[""Operation"", ""Raw min/median/max cycles"", ""Median cycles/vector""]","[""sub"", ""78 / 78 / 78"", ""19.5""]"
blackhole-py/tests/operation_pocs/sfpu_math/results.md,33,Historical successful baseline,"[""Operation"", ""Raw min/median/max cycles"", ""Median cycles/vector""]","[""mul"", ""78 / 78 / 78"", ""19.5""]"
blackhole-py/tests/operation_pocs/sfpu_math/results.md,34,Historical successful baseline,"[""Operation"", ""Raw min/median/max cycles"", ""Median cycles/vector""]","[""mad"", ""78 / 78 / 78"", ""19.5""]"
blackhole-py/tests/operation_pocs/sfpu_math/results.md,35,Historical successful baseline,"[""Operation"", ""Raw min/median/max cycles"", ""Median cycles/vector""]","[""neg"", ""74 / 74 / 74"", ""18.5""]"
blackhole-py/tests/operation_pocs/sfpu_math/results.md,36,Historical successful baseline,"[""Operation"", ""Raw min/median/max cycles"", ""Median cycles/vector""]","[""abs"", ""74 / 74 / 74"", ""18.5""]"
blackhole-py/tests/operation_pocs/sfpu_math/results.md,37,Historical successful baseline,"[""Operation"", ""Raw min/median/max cycles"", ""Median cycles/vector""]","[""exp refined"", ""250 / 250 / 250"", ""62.5""]"
blackhole-py/tests/operation_pocs/sfpu_math/results.md,38,Historical successful baseline,"[""Operation"", ""Raw min/median/max cycles"", ""Median cycles/vector""]","[""reciprocal refined"", ""118 / 118 / 118"", ""29.5""]"
blackhole-py/tests/operation_pocs/sfpu_math/results.md,115,Final selected version,"[""Operation/mode"", ""K"", ""Raw min=median=max"", ""Cycles/vector call""]","[""add/sub/mul/mad single"", ""4"", ""77"", ""19.25""]"
blackhole-py/tests/operation_pocs/sfpu_math/results.md,116,Final selected version,"[""Operation/mode"", ""K"", ""Raw min=median=max"", ""Cycles/vector call""]","[""neg/abs single"", ""4"", ""73"", ""18.25""]"
blackhole-py/tests/operation_pocs/sfpu_math/results.md,117,Final selected version,"[""Operation/mode"", ""K"", ""Raw min=median=max"", ""Cycles/vector call""]","[""reciprocal native"", ""4"", ""73"", ""18.25""]"
blackhole-py/tests/operation_pocs/sfpu_math/results.md,118,Final selected version,"[""Operation/mode"", ""K"", ""Raw min=median=max"", ""Cycles/vector call""]","[""reciprocal refined"", ""4"", ""117"", ""29.25""]"
blackhole-py/tests/operation_pocs/sfpu_math/results.md,119,Final selected version,"[""Operation/mode"", ""K"", ""Raw min=median=max"", ""Cycles/vector call""]","[""exp native"", ""4"", ""81"", ""20.25""]"
blackhole-py/tests/operation_pocs/sfpu_math/results.md,120,Final selected version,"[""Operation/mode"", ""K"", ""Raw min=median=max"", ""Cycles/vector call""]","[""exp refined"", ""4"", ""249"", ""62.25""]"
blackhole-py/tests/operation_pocs/sfpu_math/results.md,121,Final selected version,"[""Operation/mode"", ""K"", ""Raw min=median=max"", ""Cycles/vector call""]","[""add/sub/mul/mad dependent chain"", ""64"", ""197"", ""3.078125""]"
blackhole-py/tests/operation_pocs/sfpu_math/results.md,122,Final selected version,"[""Operation/mode"", ""K"", ""Raw min=median=max"", ""Cycles/vector call""]","[""neg/abs dependent chain"", ""64"", ""133"", ""2.078125""]"
blackhole-py/tests/operation_pocs/sfpu_movement/results.md,30,Historical measurements and limits,"[""Operation"", ""K"", ""Historical median cycles/op""]","[""load"", ""64"", ""15.796875""]"
blackhole-py/tests/operation_pocs/sfpu_movement/results.md,31,Historical measurements and limits,"[""Operation"", ""K"", ""Historical median cycles/op""]","[""store"", ""64"", ""15.796875""]"
blackhole-py/tests/operation_pocs/sfpu_movement/results.md,32,Historical measurements and limits,"[""Operation"", ""K"", ""Historical median cycles/op""]","[""loadi (two instructions)"", ""16"", ""61.25\u201361.3125""]"
blackhole-py/tests/operation_pocs/sfpu_movement/results.md,33,Historical measurements and limits,"[""Operation"", ""K"", ""Historical median cycles/op""]","[""copy"", ""16"", ""59.9375\u201360""]"
blackhole-py/tests/operation_pocs/sfpu_movement/results.md,34,Historical measurements and limits,"[""Operation"", ""K"", ""Historical median cycles/op""]","[""zero constant"", ""16"", ""60\u201360.0625""]"
blackhole-py/tests/operation_pocs/sfpu_movement/results.md,35,Historical measurements and limits,"[""Operation"", ""K"", ""Historical median cycles/op""]","[""one constant"", ""16"", ""59.875\u201360""]"
blackhole-py/tests/operation_pocs/sfpu_movement/results.md,36,Historical measurements and limits,"[""Operation"", ""K"", ""Historical median cycles/op""]","[""l8 constant"", ""16"", ""59.8125""]"
blackhole-py/tests/operation_pocs/sfpu_movement/results.md,37,Historical measurements and limits,"[""Operation"", ""K"", ""Historical median cycles/op""]","[""l15 lane tags"", ""16"", ""59.875\u201359.9375""]"
blackhole-py/tests/operation_pocs/sfpu_movement/results.md,63,Final selected version: all 238 tests pass,"[""Interval"", ""K"", ""Median cycles/op range""]","[""load, all positions"", ""64"", ""15.734375\u201315.8125""]"
blackhole-py/tests/operation_pocs/sfpu_movement/results.md,64,Final selected version: all 238 tests pass,"[""Interval"", ""K"", ""Median cycles/op range""]","[""store, all positions and special bits"", ""64"", ""1.28125\u201315.796875""]"
blackhole-py/tests/operation_pocs/sfpu_movement/results.md,65,Final selected version: all 238 tests pass,"[""Interval"", ""K"", ""Median cycles/op range""]","[""loadi, general/special bits"", ""16"", ""1.8125\u201361.5""]"
blackhole-py/tests/operation_pocs/sfpu_movement/results.md,66,Final selected version: all 238 tests pass,"[""Interval"", ""K"", ""Median cycles/op range""]","[""copy"", ""16"", ""59.875\u201359.9375""]"
blackhole-py/tests/operation_pocs/sfpu_movement/results.md,67,Final selected version: all 238 tests pass,"[""Interval"", ""K"", ""Median cycles/op range""]","[""exposed register copy, eight destinations"", ""8"", ""2.625""]"
blackhole-py/tests/operation_pocs/sfpu_movement/results.md,68,Final selected version: all 238 tests pass,"[""Interval"", ""K"", ""Median cycles/op range""]","[""exposed register store"", ""1"", ""14\u201315""]"
blackhole-py/tests/operation_pocs/sfpu_movement/results.md,69,Final selected version: all 238 tests pass,"[""Interval"", ""K"", ""Median cycles/op range""]","[""complete predicate + masked load"", ""4"", ""5.5\u2013219.25""]"
blackhole-py/tests/operation_pocs/sfpu_movement/results.md,70,Final selected version: all 238 tests pass,"[""Interval"", ""K"", ""Median cycles/op range""]","[""complete predicate + masked store"", ""4"", ""7\u2013217.75""]"
blackhole-py/tests/operation_pocs/sfpu_movement/results.md,71,Final selected version: all 238 tests pass,"[""Interval"", ""K"", ""Median cycles/op range""]","[""complete predicate + masked add (observation support)"", ""4"", ""5.5\u2013217.5""]"
blackhole-py/tests/operation_pocs/sfpu_movement/results.md,72,Final selected version: all 238 tests pass,"[""Interval"", ""K"", ""Median cycles/op range""]","[""complete predicate + masked loadi"", ""4"", ""8\u2013218.5""]"
blackhole-py/tests/operation_pocs/sfpu_movement/results.md,73,Final selected version: all 238 tests pass,"[""Interval"", ""K"", ""Median cycles/op range""]","[""complete predicate + masked copy"", ""4"", ""7\u2013217.75""]"
blackhole-py/tests/operation_pocs/sfpu_movement/results.md,74,Final selected version: all 238 tests pass,"[""Interval"", ""K"", ""Median cycles/op range""]","[""predicate reset"", ""4"", ""5\u2013197.75""]"
