path	kind	mode	git_object
.bazel_to_cmake.cfg.py	blob	100644	20b43f3a97f6592a257f60f29e9d56e89dac2e9d
.bazelignore	blob	100644	d61886c900aba539a9b9442558c5be64c9b17256
.bazelrc	blob	100644	e650425a4a50ada9c0b9169811682b0b583c7671
.bazelversion	blob	100644	acd405b1d62e3db6545a68a7084bd5fa5dade317
.clang-format	blob	100644	ff0f03d1088ddecaa5ef38f643f0c8d35f281302
.git-blame-ignore-revs	blob	100644	2d702446859aa285959d677eb8d5e04ebf561e19
.gitattributes	blob	100644	3e3bd22c6b76334e140250bdfb2f445b2c68ad4e
.github/CODEOWNERS	blob	100644	ee4d7cadd203e6c3bd9f0bae05706c56aac5a01a
.github/ISSUE_TEMPLATE/bug_report.yml	blob	100644	b412302c88772c27f5cd28579b2878b7e2d83a17
.github/ISSUE_TEMPLATE/config.yml	blob	100644	4616203c27f18a7b3b4a599f64790f83d28d8204
.github/ISSUE_TEMPLATE/feature_request.yml	blob	100644	cf060ebc8a33634a73be94a12ed6ecda2a1cd7f8
.github/dco.yml	blob	100644	90ac354289b9583c07a3bf0a0c6bab39c85e34be
.github/dependabot.yml	blob	100644	cc365f78f7b579fc75325974dfc63c382236730f
.github/workflows/build_clang_tidy.yml	blob	100644	5f706237abac2e2cc30f5b95f01b465cc3d8a874
.github/workflows/build_package.yml	blob	100644	ef3b61b889b0914b8ea4993b0b3a368f2a84fd6d
.github/workflows/ci.yml	blob	100644	3e19b9497c840063c2a6facb0f797ebd008f3eb1
.github/workflows/ci_linux_arm64_clang.yml	blob	100644	f36210e5700bddcc41702ce0f0181452850636bb
.github/workflows/ci_linux_x64_bazel.yml	blob	100644	0b85dd2519276d402af6a070b7c4926d110277b8
.github/workflows/ci_linux_x64_clang.yml	blob	100644	7ce1f5f7b205950effd6772b93b5d5af01e0bb7d
.github/workflows/ci_linux_x64_clang_asan.yml	blob	100644	079b3a3231c5d499c0c70155e2a1e07f957f1818
.github/workflows/ci_linux_x64_clang_byollvm.yml	blob	100644	e60de201385f5421a0d63d3f162874a69570d695
.github/workflows/ci_linux_x64_clang_debug.yml	blob	100644	845d94d48a905c40e7bc96dd852a95bc04a3e121
.github/workflows/ci_linux_x64_clang_tsan.yml	blob	100644	fdd9ef836204b7f34ea84622f85f8f11ba5b391a
.github/workflows/ci_linux_x64_clang_ubsan.yml	blob	100644	618231af6523630fec382f8a293e424c69a1b346
.github/workflows/ci_linux_x64_gcc.yml	blob	100644	8c38db5cfa72ef702e7d1731aee59b5316ab1662
.github/workflows/ci_macos_arm64_clang.yml	blob	100644	1d4d05d013850e2672de296bf9bfb4a7bbef599c
.github/workflows/ci_windows_x64_msvc.yml	blob	100644	880250c33b286a1613c4d460fdd78574469b67bf
.github/workflows/clang_tidy.yml	blob	100644	dc80814471687a8d5a676c342c5623b372371aec
.github/workflows/issue_greeter.yml	blob	100644	13de9a302d6837d5687a1abb7234a1207a259cba
.github/workflows/lint.yml	blob	100644	2b124662fbe662dec55cf9d5b5ae89f6a055c22d
.github/workflows/oneshot_candidate_release.yml	blob	100644	3829624ecf3b00260942ce12c6974fa25023ac68
.github/workflows/pkgci.yml	blob	100644	b1533b458a80a6826b87ad79084de5e4f0746d49
.github/workflows/pkgci_build_packages.yml	blob	100644	f6d372909bcaca8f93e595f67e1e45effe7d1326
.github/workflows/pkgci_test_amd_r9700.yml	blob	100644	ef7abe204c83ab362bf412ba7b3eafef083d7a63
.github/workflows/pkgci_test_amd_w7900.yml	blob	100644	ceda47c5975e4f57c2634b877a0ed25ab4b9dd6a
.github/workflows/pkgci_test_android.yml	blob	100644	6fda9a8546c061e2504313a024320d1f3d9cc94d
.github/workflows/pkgci_test_nvidia_t4.yml	blob	100644	96baed240532b6186de9669e210d5b9ef38fc276
.github/workflows/pkgci_test_onnx.yml	blob	100644	106890c49f3698765a6a59e1139def7efa1ce5db
.github/workflows/pkgci_test_pjrt.yml	blob	100644	be50ac9828c1e1082479964d5dd649b8597044f5
.github/workflows/pkgci_test_riscv64.yml	blob	100644	d56ea05d0e6e18a4d94f829082be392acbae48b5
.github/workflows/pkgci_test_sharktank.yml	blob	100644	3804db2db8edc3dab1907750ace788517b062922
.github/workflows/pkgci_test_tensorflow.yml	blob	100644	9137ea6e88eae9833dae3b12618d8c62eb4635d6
.github/workflows/pkgci_test_torch.yml	blob	100644	6f5dff61d25e957e073069b336c4f6a9613b3313
.github/workflows/pkgci_unit_test.yml	blob	100644	609529bce06a5f302c5c2cc10b202dbdf99731c7
.github/workflows/publish_website.yml	blob	100644	ea920147a78da59536323d1b36f4b2459e44b72a
.github/workflows/pull_request_greeter.yml	blob	100644	5e43e1bd63ebadf8e8e9f1afceb6f75924f78053
.github/workflows/samples.yml	blob	100644	a02e5d6639ecc04e4ff424d4eba7e940fb590f65
.github/workflows/schedule_candidate_release.yml	blob	100644	5a4e25f819e6ff3cf1e6c8c220ed2adfaf2d7910
.github/workflows/setup.yml	blob	100644	e56d0f5069dd6e18aed227b1ac7c8208003c556e
.github/workflows/validate_and_publish_release.yml	blob	100644	639c1b16d10299189bdca4378442a51e8431a89a
.github/workflows/workflow_summary.yml	blob	100644	23ba06067479a6d3c412b7693e4cc5a755eed894
.gitignore	blob	100644	3049da6c9afbb21988a3cdcf8c09d6ce2db80c64
.gitmodules	blob	100644	98ae1b00b750a1b0b763b965417bbb9f9c481958
.pre-commit-config.yaml	blob	100644	9424c6244c987e60ff4eefb3ca5231e15fdeb2be
.yamllint.yml	blob	100644	159f20c26dee7c0f5e24b2feab89f253fe96368c
AUTHORS	blob	100644	bb79ff120b2d65ad704f8b5b6171777df2492289
BUILD.bazel	blob	100644	2133da5536e4ac8bd0f1d310723c4a5df98ab821
CITATION.cff	blob	100644	34f36f46ebbd90ae01ce2d35d3e35098a68ce459
CMakeLists.txt	blob	100644	bacf38ae937bbd48e2340b2a708ba00e5b9f25f1
CONTRIBUTING.md	blob	100644	242e4fa432abdf5452ec41399515770f43f7d106
GOVERNANCE.md	blob	100644	27da9805e1e0e95e99ca8fb9b6e68c6128251cde
LICENSE	blob	100644	4236d4be9fc50af4d00b7bb42c26c394ea2a448a
MAINTAINERS.md	blob	100644	546701f4e6fedd60332656ba8cb18122b0e4c44f
MODULE.bazel	blob	100644	635390c80093a66580a09f16c1d0873856ba187c
README.md	blob	100644	17d9c7df5f6f23e0df49cbcf7f84116e81829b67
RELEASING.md	blob	100644	3a4d98c16cedd8e23db593e9c234330a34b2e293
build_tools/BUILD.bazel	blob	100644	70c61f4c36b33f44017a5c370c7c29c9fc3bb053
build_tools/bazel/BUILD.bazel	blob	100644	afffddda457e7ee25529c88123a12a02818cd1cb
build_tools/bazel/BZLMOD_LLVM.md	blob	100644	2cc37d56bdab26579be0b71b8faa0d1ff11f0c8d
build_tools/bazel/abi_prefix.bzl	blob	100644	44d73b10d8b47e5f278028e4c9f450fb8b4f87e3
build_tools/bazel/amdgpu_device_toolchain_repo.bzl	blob	100644	e4c0d031bec42da9238025d029ff2639c1461dbc
build_tools/bazel/assert_empty_query.sh	blob	100755	0cf32c77f3e287f2682160de929a796a84d9fdad
build_tools/bazel/build_defs.oss.bzl	blob	100644	26c21bf5547fd83fc76c447570d3fa3fa11589a4
build_tools/bazel/build_test_all.sh	blob	100755	f547e5c867b57582b06621271edd201554194a44
build_tools/bazel/cc_binary_benchmark.bzl	blob	100644	f61dbee836fe8adbfd3bac115c2b58e62ff49ae4
build_tools/bazel/default_compiler_plugins.bzl	blob	100644	0c047ccdb6d068d95b2751db513a8de636862aae
build_tools/bazel/enforce_glob.bzl	blob	100644	99fdbf9a528e0d4c0fe8ce313537bc6140277a73
build_tools/bazel/extensions.bzl	blob	100644	dc3d8a75c3892da3f700be9a8644f3b74c17eb71
build_tools/bazel/gen_rename_map.py	blob	100644	d7410a9a5ebdb26dd994b3f6875ec9f9a7e833ba
build_tools/bazel/gen_rename_map_test.py	blob	100644	d571f4cfe1556398b165d92c6fd026e8ba2f541b
build_tools/bazel/install_bazelisk.sh	blob	100755	68c849657d7cf6660fd291b7fb480e00b182e5f9
build_tools/bazel/iree.bazelrc	blob	100644	0e0b6071141232d5da096545c981d35679abdce4
build_tools/bazel/iree_amdgpu_binary.bzl	blob	100644	9a29b74f29398218453d1406955504a814e2157f
build_tools/bazel/iree_bitcode_library.bzl	blob	100644	dd9a41d0ee86c195ac3579584875e010470d8551
build_tools/bazel/iree_bytecode_module.bzl	blob	100644	aa8985ea9bb00bc3932ce3efcabaa46b17b24287
build_tools/bazel/iree_c_module.bzl	blob	100644	19b3b60046a878f00ed596658b8fa01c825034f3
build_tools/bazel/iree_cc_fuzz.bzl	blob	100644	391a7c4b2da81abc53404390dde220029dabb93f
build_tools/bazel/iree_cc_test.bzl	blob	100644	1f63d8a91486173b6b1abcd4f8904fc97dc2a17c
build_tools/bazel/iree_check_test.bzl	blob	100644	da804eab7a07132aceb4c32532b52add3667136b
build_tools/bazel/iree_directory.bzl	blob	100644	3bf90cdbf5f464fce2a1ec811bfd40e72c6a7b22
build_tools/bazel/iree_e2e_generated_runner_test.bzl	blob	100644	68115c26e102b754bec9b869991d919684eed57b
build_tools/bazel/iree_flatcc.bzl	blob	100644	8969d89c54d836902057bbf9d26ce0b099faf125
build_tools/bazel/iree_genrule.bzl	blob	100644	b1699cf841bd4266d0085ae6bdecd7f8cfe19a37
build_tools/bazel/iree_hal_cts_test_suite.bzl	blob	100644	1aeecf2ecc152077ea90ff84fff27c6a2069cc23
build_tools/bazel/iree_hal_executable.bzl	blob	100644	834bfd3e20677a1fdac367358aabfab8b2a3f3cb
build_tools/bazel/iree_lit_test.bzl	blob	100644	47074ba941617a3e162e33d56952e645b4e26633
build_tools/bazel/iree_vmasm_module.bzl	blob	100644	69743bfe08235bed258638d625211573a9c0ab05
build_tools/bazel/iree_wasm_library.bzl	blob	100644	e083d1ee12795dac321ee433d0fe9bc99e5e2604
build_tools/bazel/lit_test.bzl	blob	100644	35a501957445a4aee27907d2b22ea246e5821a7c
build_tools/bazel/native_binary.bzl	blob	100644	e30787c573802689b886e20c17c0cc92454c8295
build_tools/bazel/renamed_link.bzl	blob	100644	3e071c82faaba9d30d46f85670fddc8d018ac82f
build_tools/bazel/requirements.txt	blob	100644	24ce15ab7ead32f98c7ac3edcd34bb2010ff4326
build_tools/bazel/wasm/BUILD.bazel	blob	100644	faf0db02e988479807556404728be89ab2b0011a
build_tools/bazel/wasm/wasm_clang_linker.bzl	blob	100644	1c3956ab3a0518dcf5026a3f6e247d4d6e94c581
build_tools/bazel/workspace.bzl	blob	100644	2dd8025ab4bbfac16daf5bbda56f156f5d8ea1e1
build_tools/bazel_to_cmake/__init__.py	blob	100644	e69de29bb2d1d6434b8b29ae775ad8c2e48c5391
build_tools/bazel_to_cmake/bazel_to_cmake.py	blob	100755	4964a6a9e867e8323899af316f5fc3051bd7a99c
build_tools/bazel_to_cmake/bazel_to_cmake_converter.py	blob	100644	c50ecbb415b71acd02a81d2ea89b36c0a3cb2872
build_tools/bazel_to_cmake/bazel_to_cmake_targets.py	blob	100644	9801560f948b2265b2ac44146e052d788881bb65
build_tools/bin/README.md	blob	100644	5fdeee4be3c198ab2690e64a3551ce0bac0af43b
build_tools/bin/iree-bazel-build	blob	100755	b983f93220a384f0855196c66c89e146a06223a9
build_tools/bin/iree-bazel-configure	blob	100755	b272d4d125fa431d7cd7db8262d31f65c266c8ee
build_tools/bin/iree-bazel-cquery	blob	100755	60118d77076f29a72840f1aff43458a6b4e7f0e5
build_tools/bin/iree-bazel-fuzz	blob	100755	09625686303e9a946ffa64ded93fa17447af32b6
build_tools/bin/iree-bazel-lib	blob	100644	6a46beb1146d9311925989c4cdb9132f74f77ef6
build_tools/bin/iree-bazel-query	blob	100755	24a4b7e50dc0869a6ac3a15bef77e55f26a46bb6
build_tools/bin/iree-bazel-run	blob	100755	52d0cb72881737730a4d4af248e8e16768d95a88
build_tools/bin/iree-bazel-test	blob	100755	35b5cc62c0b7f6228df8a94d4dbf7a2a55af9b15
build_tools/bin/iree-bazel-try	blob	100755	46adf023849be0013b775afefbd485975317e477
build_tools/cmake/CMakeLists.txt	blob	100644	707d201055edef37415bbe0fb020f54350702842
build_tools/cmake/CTestCustom.cmake.in	blob	100644	e62fa0a59a1a2d00633e5314ff23188edd6e6360
build_tools/cmake/IREECompilerConfig.cmake.in	blob	100644	595e4d15a8bf01356b0513cfa6e3a9fd492903da
build_tools/cmake/IREERuntimeConfig.cmake.in	blob	100644	caaf30a6373cc5c7f4ae1e518e74533f4eaa4a5c
build_tools/cmake/README.md	blob	100644	1242d151d674b33690ef81662b6cd32b63c75f20
build_tools/cmake/build_all.sh	blob	100755	98748c3b246b5e7f5d762304c219e24e6844597f
build_tools/cmake/build_and_test_asan.sh	blob	100755	7b5068a7643f26b617882c857349174f8968110c
build_tools/cmake/build_and_test_byo_llvm.sh	blob	100755	d233664be2f1ecd280f8a5a8364a02e67672ad7a
build_tools/cmake/build_and_test_tsan.sh	blob	100755	9302c11b137ebdd72c5c414200b8e60b47f88911
build_tools/cmake/build_and_test_ubsan.sh	blob	100755	b1e7ed54cf7002672c34f3eeb1bab91a47ce3957
build_tools/cmake/build_android.sh	blob	100755	f78e125a9afd21321c559a2bf85586a9d4b3187b
build_tools/cmake/build_riscv.sh	blob	100755	f11b714168acca150a77e5ad26cd7bc81404443c
build_tools/cmake/build_riscv_baremetal.sh	blob	100755	683bdf0c2ed1f312186ef4668cc72fff5775e7f3
build_tools/cmake/build_runtime_emscripten.sh	blob	100755	0071b72fdf5726930ce17426730ba06202bea9cd
build_tools/cmake/ctest_all.sh	blob	100755	93fddfc58abff9663b9114fb2f48736bc82968ca
build_tools/cmake/empty_file	blob	100644	e69de29bb2d1d6434b8b29ae775ad8c2e48c5391
build_tools/cmake/external_cc_library.cmake	blob	100644	a1d48f07e5e526acaa2b78c2b929031efaea9486
build_tools/cmake/flatbuffer_c_library.cmake	blob	100644	85c6f4cd5f4f01bd2945bc03c7da043480602c2b
build_tools/cmake/generic_riscv32.cmake	blob	100644	8a4363ea12e8916183cb2250f090f5269cdd7d3f
build_tools/cmake/generic_riscv64.cmake	blob	100644	3dce78d567aab06509eb7de3bc361b84e91f6ba7
build_tools/cmake/generic_riscv64_gcc.cmake	blob	100644	5e7769c51a66601735bfef4ce8d89837350bb906
build_tools/cmake/iree_add_all_subdirs.cmake	blob	100644	fa69b18cbd7dd58ede2ff14561ec266dbd479e70
build_tools/cmake/iree_amdgpu_binary.cmake	blob	100644	a025c027257aaaa0522cbc5c0297328a4c748601
build_tools/cmake/iree_bitcode_library.cmake	blob	100644	f74e54192c25d1aa330ce2c5c14f2f68434898c6
build_tools/cmake/iree_bytecode_module.cmake	blob	100644	696152f3afec6957c2cf78bfc42a4ddba0a1d548
build_tools/cmake/iree_c_embed_data.cmake	blob	100644	538301899937995d3ba7a3e5969097796be25086
build_tools/cmake/iree_c_module.cmake	blob	100644	156a6adead3b85849704d7e1cf4a95a26767001f
build_tools/cmake/iree_cc_binary.cmake	blob	100644	18f9c1b8347ee258742d9036d04f1d02864848b9
build_tools/cmake/iree_cc_binary_benchmark.cmake	blob	100644	923b7ec5dc87903c8b74067751d16b5034723209
build_tools/cmake/iree_cc_fuzz.cmake	blob	100644	296f4f26edc41393dfe3fca3be8e1cd3c0b42f3b
build_tools/cmake/iree_cc_library.cmake	blob	100644	aedc0f6e480fdd4879fb271f0e237cf5c741d259
build_tools/cmake/iree_cc_test.cmake	blob	100644	caed12454ac5f1fe4f537f6cbf361f7d9af252d4
build_tools/cmake/iree_check_test.cmake	blob	100644	4b7b54750d588bed5a2072dceab21a026fb00d44
build_tools/cmake/iree_configure_testing.cmake	blob	100644	0c4df757fbb0388dc7e134e38cfa40f67a6e5994
build_tools/cmake/iree_copts.cmake	blob	100644	b9de2891d7e4040e5e3b99fdb0c1fcd6c8b3dd93
build_tools/cmake/iree_e2e_generated_runner_test.cmake	blob	100644	d46ed60f8e00ea5313715377f3bf73f52fa701c5
build_tools/cmake/iree_external_cmake_options.cmake	blob	100644	284dd32599198b4b7d6bef8325b09f6c01449ab4
build_tools/cmake/iree_genrule.cmake	blob	100644	ae1a74cb955ba446aafdc5718fa113c6686dfbc7
build_tools/cmake/iree_hal_cts_test_suite.cmake	blob	100644	cf721dffa193adf4ab832c99849624339e334e7c
build_tools/cmake/iree_hal_executable.cmake	blob	100644	503e69f13067abdf6888162413f9f434781e67a1
build_tools/cmake/iree_import_binary.cmake	blob	100644	d646996c453ba8bc193592d6b0385cb347d42b83
build_tools/cmake/iree_install_support.cmake	blob	100644	2037452466802db3fab8a1ed22b5b3f1c6f91d35
build_tools/cmake/iree_lit_test.cmake	blob	100644	e562d46fb20a76ff4fa8f2c0e245c3546079f3b1
build_tools/cmake/iree_llvm.cmake	blob	100644	7a86a5d4ef7596c4f87c49f3a3d9a0cd6d020b71
build_tools/cmake/iree_macros.cmake	blob	100644	62226aae6333f99efff81c92232e99f29c7051fd
build_tools/cmake/iree_native_test.cmake	blob	100644	60ee8584913d61b6dea3fddb98d2ca0c7cd8435e
build_tools/cmake/iree_plugin_register.cmake	blob	100644	08683899db3fdcbf4eba645d7ea588e5fe6a7a89
build_tools/cmake/iree_python.cmake	blob	100644	abec00964f5c2d76360263f8cfc2ff1748cd69db
build_tools/cmake/iree_renamed_link.cmake	blob	100644	b5647bc510756bf06b4f9d5e1b6ae1e43f98d381
build_tools/cmake/iree_setup_toolchain.cmake	blob	100644	2db89d6a013d723a58dc49b16c4b328aaaa65b94
build_tools/cmake/iree_static_linker_test.cmake	blob	100644	c4685f9504a00a9e95e302408e3ad923b984861f
build_tools/cmake/iree_tablegen_doc.cmake	blob	100644	c757e1341964370238742eda63b17dcf1fd4a297
build_tools/cmake/iree_tablegen_library.cmake	blob	100644	d07b8844339176884268581930117d2e848198f3
build_tools/cmake/iree_vmasm_module.cmake	blob	100644	50f6dadb7fe3371e4422c9f5d5026003d4901743
build_tools/cmake/iree_wasm_library.cmake	blob	100644	bcf3a4962c47804a7d7cb3e5f3c3640623be941d
build_tools/cmake/linux_riscv32.cmake	blob	100644	04d2c088334e784ce48c30b0d910ab7b3af57440
build_tools/cmake/linux_riscv64.cmake	blob	100644	538c21063606bff0963c51ddb25d141cae7f55a8
build_tools/cmake/presets/README.md	blob	100644	214c3d69c64839a99fde1bde8d051dc7b1187cfe
build_tools/cmake/presets/all.json	blob	100644	2e32b68fef9cbaf427f7005b4ddd7d1f29b9760e
build_tools/cmake/presets/new.json	blob	100644	fffc8480a252cb86c5e53f9636f58cdff7c20d74
build_tools/cmake/presets/options.json	blob	100644	a7b5150fba2e1514d4981bd7c14625d22e6de935
build_tools/cmake/presets/turbine.json	blob	100644	81219b40c5063dee7f02b28b7df6a02b8cf38532
build_tools/cmake/run_android_test.bat	blob	100644	67135a168881b65a15a526d42cd50d3922b79ebb
build_tools/cmake/run_android_test.ps1	blob	100644	5def01a7b8ebfcce3bda4dd259f23d2964b1434a
build_tools/cmake/run_android_test.sh	blob	100755	caf0b347926468b26b0e6e39219f65734b4b650d
build_tools/cmake/run_arm_sme_test.sh	blob	100755	67ae21112d3c21d391fe0a6683e60cf8b7e607d8
build_tools/cmake/run_riscv_test.sh	blob	100755	aa4990aa7e64d27a32a5f16284c787b1cffd13a4
build_tools/cmake/run_tf_tests.sh	blob	100755	2d5d8d8c63b42c85d39192d258c6445666f9c63c
build_tools/cmake/setup_build.sh	blob	100644	2c5c373925343adb65e72f41c43d1dd5c9306e6c
build_tools/cmake/setup_ccache.sh	blob	100644	97f485e3b22c26fa8287a4316a37ed9a2d6cc8aa
build_tools/cmake/setup_sccache.sh	blob	100644	a718450519816b51b4ef449266261ef63d670508
build_tools/cmake/static_linker_test.c.in	blob	100644	f267ac438945f6c6215b0b070fbfa6c2e5055fce
build_tools/cmake/test_riscv.sh	blob	100755	152385d4477b9002ff9d8814d28e9d69be71ae8c
build_tools/cmake/test_rocm_targets_with_rocjitsu.sh	blob	100755	ddf9c3a38ed8a965c96d30f1bfc776e90fa8a689
build_tools/cmake/wasm32.cmake	blob	100644	24a84be741a0834744676bf6d82ded9416e05102
build_tools/cmake/wasm32_wasi.cmake	blob	100644	89825c5a56c4b539f8677fefad6ccddb903fa44d
build_tools/embed_data/BUILD.bazel	blob	100644	706118d00b938e51654768c7b422b9976763a86f
build_tools/embed_data/CMakeLists.txt	blob	100644	8e472887672824b5241433a77c45917fbd076fc1
build_tools/embed_data/build_defs.bzl	blob	100644	f00ca3f845b63e6051411b08139e1460b2ebf7d9
build_tools/embed_data/data/file2.bin	blob	100644	8de3113d7873de557b983b626bdc878ebc4d9381
build_tools/embed_data/data/file3.bin	blob	100644	4619aa10ae936b3c705ad43b9231bfaaf6852780
build_tools/embed_data/file1.bin	blob	100644	77c80ee13c96798e0be6c424fb4a3f48f58d9672
build_tools/embed_data/iree-c-embed-data-main.cc	blob	100644	298000b8271d5302a113ba3979de9a0948d8062d
build_tools/embed_data/iree_c_embed_data_test.cc	blob	100644	9bd1174acd3f96b74a130ed0436e3f968ede2396
build_tools/github_actions/README.md	blob	100644	8ec1f83d725680b1a63a7fe7b8bf011b477acdc0
build_tools/github_actions/build_dist.py	blob	100644	0dc5140580a702e55e353ebcf24711f9bd21f05a
build_tools/github_actions/ci_requirements.txt	blob	100644	81570e4b1a3172f070d77fe35ed1275a394b6b48
build_tools/github_actions/cmake_ci.py	blob	100644	b01a7ef020e5b80f7ed70580e73705d845f9271f
build_tools/github_actions/configure_ci.py	blob	100755	d9bef058bf36c1038b3dc488befcc6a772d4bf4c
build_tools/github_actions/configure_ci_test.py	blob	100644	0a052303a7daebdf7a17131b5677079029e332a3
build_tools/github_actions/github_automation.py	blob	100644	c7b40fa4c4e3bd3cc57c6e63cc18d17deceeef4f
build_tools/linters/typos.toml	blob	100644	c018595d1e7f2ae1e4f5682650735bbe45a2c564
build_tools/llvm/README.md	blob	100644	935a9d9e0fe90ce08ed377cb5e0d1c024e70265f
build_tools/llvm/byo_llvm.sh	blob	100755	2e6da2869668d9b45a4f145ecbbc850be519aa34
build_tools/llvm/llvm_config.cmake	blob	100644	d2083a89448e83fb0932454822baf6cf9a960aaf
build_tools/llvm/mlir_config.cmake	blob	100644	98fd909385c3889192ae3c4a63cbd2ffc89a3627
build_tools/pkgci/README.md	blob	100644	898da91d18264a111a2e1d8725972e1d2d17a2c3
build_tools/pkgci/bisect/README.md	blob	100644	970e31d515675748794e4e9e87bbf78dbf782310
build_tools/pkgci/bisect/bisect_example_timestamp.sh	blob	100755	d1b61a05f45ec84808feb342ceafdfea4a69fbbd
build_tools/pkgci/bisect/bisect_packages.py	blob	100755	b3796b92a63687fe2788951ba244ace15681e587
build_tools/pkgci/build_linux_packages.sh	blob	100755	ee60221817d99ef4fec87cac7bc9cad2d69662a3
build_tools/pkgci/build_tests_using_package.sh	blob	100755	69c79f425ff5341a109af32301a215be86a50d2b
build_tools/pkgci/linux_toolchain_release.cmake	blob	100644	0678623d81de039612faec8392562055ef412476
build_tools/pkgci/linux_toolchain_release_asserts.cmake	blob	100644	4179aa4115a30e88696adc675783bb51bad1a0bf
build_tools/pkgci/setup_venv.py	blob	100755	9f69927601d071e576966079886812408b47b6ea
build_tools/python_deploy/.gitignore	blob	100644	450df160983bf8fabe758615520d7171aeb43fcc
build_tools/python_deploy/README.md	blob	100644	b295d9b4fe2ab730a2bf13eaffe0a19610a7d33d
build_tools/python_deploy/build_linux_packages.sh	blob	100755	c01cab9f41f951bded4c9186b512548229ee85cd
build_tools/python_deploy/build_macos_packages.sh	blob	100755	04ca522717d1fca7dab63671f9659526997fe391
build_tools/python_deploy/build_windows_packages.ps1	blob	100644	480ab206996e37a50a39aa6c8f3426b19b86b019
build_tools/python_deploy/compute_common_version.py	blob	100755	7f4ad8454ba24e4120336a4aa1209fb466a0cf9e
build_tools/python_deploy/compute_local_version.py	blob	100755	e6b07c5505653df3b06bc50f2e1e90f5114a2225
build_tools/python_deploy/generate_release_index.py	blob	100755	a4f56f0ade235446aae8427803034db8eb5b0d2b
build_tools/python_deploy/install_macos_deps.sh	blob	100755	4fffe9e0b34ee0acdd3c6f813fae8f9dfc1bde87
build_tools/python_deploy/install_windows_deps.ps1	blob	100644	17deb0038c1a75e11a62fa7418dd9d790b102928
build_tools/python_deploy/promote_whl_from_rc_to_final.py	blob	100755	ae49c19aab1be7b9c7a6075443ab077e705d95e4
build_tools/python_deploy/pypi_deploy.sh	blob	100755	9c889f2e0d7299825c977921441a4efbc15e2a98
build_tools/python_deploy/pypi_deploy_requirements.txt	blob	100644	dcc32d47a9e51603e7e58fb2242b840a3cdf985d
build_tools/riscv/riscv_bootstrap.sh	blob	100755	ac06068983e35d3b65bc62842b3b90ac9d1cf79e
build_tools/sanitizer/BUILD.bazel	blob	100644	d1b3224e55f3bb7127270623081f049b887bdb6b
build_tools/sanitizer/lsan_suppressions_rocm.txt	blob	100644	f5ce35238e3c862dbd00380fc06232e698d33f48
build_tools/sanitizer/lsan_suppressions_vulkan.txt	blob	100644	f93d01638e2f0aec7f0d1079a3261543e84174ac
build_tools/scripts/BUILD.bazel	blob	100644	12890e71be41d34122054973b71626921e1e7e01
build_tools/scripts/__init__.py	blob	100644	e69de29bb2d1d6434b8b29ae775ad8c2e48c5391
build_tools/scripts/add_license_header.py	blob	100755	305e3c598011975d18aaf065748c321b449cdfc0
build_tools/scripts/amdgpu_device_binaries.py	blob	100755	9016d346afebd1c254ceee7349f48fad0794a0e7
build_tools/scripts/amdgpu_target_map.py	blob	100755	679be9dc1d5a6b60c8211b8a4e81e52170f5dfaa
build_tools/scripts/android_symbolize.sh	blob	100755	42e95de569f9eba801b792d6efe19155da409e1f
build_tools/scripts/check_cuda.sh	blob	100755	59c84cc643884e992453f293dd50787a67583967
build_tools/scripts/check_path_lengths.py	blob	100755	1837cc919e48ca946019c8e97d077d3cf9f51e98
build_tools/scripts/check_vulkan.sh	blob	100755	b4d3bc52220deeacd758adaacf8d2790af8bf5ce
build_tools/scripts/export_profdata_lcov.py	blob	100755	6284862fae6fb43778581ac9cee89d249e49c01e
build_tools/scripts/export_submodule_head.py	blob	100755	71b1df359b832636954758f7082ebd42fdb33af2
build_tools/scripts/fetch_cuda_deps.sh	blob	100755	1c786bf631f2ded47445c27a55348cdeceb058b7
build_tools/scripts/generate_vm_isa.py	blob	100644	88bd8b5e3504dd58dbd92a67f13eba722dae7eff
build_tools/scripts/get_latest_green.sh	blob	100755	4242bc39b1f5590b21b0c59dc59be748fec0a329
build_tools/scripts/git/__init__.py	blob	100644	e69de29bb2d1d6434b8b29ae775ad8c2e48c5391
build_tools/scripts/git/bazel_to_cmake.sh	blob	100755	20a0c8139e02e90bcd7de4ed40cfed01d807b89d
build_tools/scripts/git/check_submodule_init.py	blob	100644	b878ef356f18528ca1ef73078f7add85f0740efc
build_tools/scripts/git/git_update.sh	blob	100755	38160cfd8b2d31f257fd32d44dc27c4d64614d6b
build_tools/scripts/git/prune_old_tags.sh	blob	100755	627005a194ea49645820a799578c82a1d990aebf
build_tools/scripts/git/runtime_submodules.txt	blob	100644	a7dd9c8854681fee5ffde3e43628219632c80b18
build_tools/scripts/git/summarize_changes.sh	blob	100755	33f7794ac3d8248faf632c4705baccfd58e44520
build_tools/scripts/git/update_runtime_submodules.sh	blob	100755	873b935281af367f42e00b793d19a8585dee421c
build_tools/scripts/install_lit.sh	blob	100755	64245ee796356e9584ad77faf6ccd6b0e22a8bba
build_tools/scripts/ir_to_markdown.py	blob	100644	bb6a5e180ee39e086ccf246294036de1d4bc3eae
build_tools/scripts/local_web_server.py	blob	100644	a0732735ed717864f1de1afcd8526b2b48165555
build_tools/scripts/setup_tf_python.sh	blob	100755	337110815c96b9e89a54f02dc534a6034ef4b8c5
build_tools/scripts/unicode_tables_gen.py	blob	100755	473b90cb9dcd4a3bd08c60fa734c7690c550e8f3
build_tools/scripts/utils.py	blob	100644	36b31ae3335a10bcdd54a94666299b10749a2853
build_tools/testing/run_jax_tests.sh	blob	100755	a065d16890e91516e4bbd8c679a1771505e9099b
build_tools/testing/run_python_notebook.sh	blob	100755	4078214236faca56897f31f05f25b9d992f6bbc0
build_tools/testing/test_samples.sh	blob	100755	ca121275850732abf25d7d5cfcfb41997f9f0710
build_tools/third_party/amdgpu_device_libs/BUILD.overlay	blob	100644	99e41c4e2f731d683e33be1a2ee24d07cfdfb10e
build_tools/third_party/cuda/BUILD.template	blob	100644	d458ca581b7804aba4533a510046131652d5fdbb
build_tools/third_party/cuda/CMakeLists.txt	blob	100644	58c7f8ea1b968f940df4962e379412078a7637b0
build_tools/third_party/cuda/README.md	blob	100644	d368a31111ad0cb393e532c242f2a57ae225bad1
build_tools/third_party/dlmalloc/BUILD.overlay	blob	100644	76178e32decff8183fa00520c0580f5dd06247e1
build_tools/third_party/dlmalloc/CMakeLists.txt	blob	100644	8d86b59e96edc2c5c96e684c8e1d702c42966294
build_tools/third_party/flatcc/BUILD.overlay	blob	100644	1c405d37f72d75f368048feb9696536c4de02bf1
build_tools/third_party/flatcc/CMakeLists.txt	blob	100644	dd3ab50d6b5f16ce92b66d1671981230de8bbec5
build_tools/third_party/hip-api-headers/BUILD.overlay	blob	100644	a57baad9e9395a9f6445ca64eebf366ec717d0f5
build_tools/third_party/hip-api-headers/CMakeLists.txt	blob	100644	3dec96d090f6696573f91a1842f4007cb8ba6e98
build_tools/third_party/hsa-runtime-headers/BUILD.overlay	blob	100644	fa12b938ce2b9a1b6ea6f3ded0b26d962c5939c6
build_tools/third_party/hsa-runtime-headers/CMakeLists.txt	blob	100644	e939e989512280a0a74ff5c085d1a286ad9b4738
build_tools/third_party/libbacktrace/BUILD.bazel	blob	100644	141145177ede70802e3b1bb6e0b947727a666d1b
build_tools/third_party/libbacktrace/CMakeLists.txt	blob	100644	43ee7d624ff24a1ecd021ba2d3b1977d844ffb17
build_tools/third_party/libbacktrace/backtrace-supported.h	blob	100644	8f2e862955e9337b31ffe214190e1940b6a4f94c
build_tools/third_party/libbacktrace/config.h.in	blob	100644	b4b5b354ae18e098b867ef6751d14488324f4047
build_tools/third_party/libbacktrace/iree_libbacktrace.h	blob	100644	25201a3b7318bbb890d54fbe6b48c3dc10293f48
build_tools/third_party/llvm-project/CMakeLists.txt	blob	100644	9f6cc57be763873c794c57012771fea7c6daf77b
build_tools/third_party/nccl/BUILD.overlay	blob	100644	04c0c35362765ac2ddce212c93428be20d0f755a
build_tools/third_party/nccl/CMakeLists.txt	blob	100644	1fc169384c6f19aa7dc7a5f1486355734797cbb1
build_tools/third_party/pybind11/BUILD.overlay	blob	100644	5e2c863641320a5f746f9af689082fa81e4e6aec
build_tools/third_party/rccl/BUILD.overlay	blob	100644	77d7fdbf64f56e00384df46d4137cd7b3a88440c
build_tools/third_party/rccl/CMakeLists.txt	blob	100644	ec81b5b739b25365ab76e1b42eddf44764263eb0
build_tools/third_party/spirv_cross/BUILD.overlay	blob	100644	ffab1629a06f56f22acedbf7f582499dda16901f
build_tools/third_party/stablehlo/CMakeLists.txt	blob	100644	568e47ab4043a89f2fd7c230447005ce5e40298f
build_tools/third_party/swiftshader/build_vk_swiftshader.sh	blob	100755	a1af67edc2c59d952c8f139177c574ae7cb53178
build_tools/third_party/tracy/CMakeLists.txt	blob	100644	61b7a81005305ca3418085c4bfed22d5e1860fb5
build_tools/third_party/tracy/README.md	blob	100644	bf9264eb0290a3ff1b0b4c38966728e550204c07
build_tools/third_party/tracy_client/BUILD.overlay	blob	100644	dd0c9d2c30dd4cdde0c44563f03bf002823f5cc0
build_tools/third_party/vulkan_headers/BUILD.overlay	blob	100644	e6f11683b2d7e6bca58e4e9a49f0d201d61c6c7b
build_tools/third_party/webgpu-headers/BUILD.overlay	blob	100644	abac15b63fe5d9797c780f2a4b04460aa3099698
build_tools/third_party/webgpu-headers/CMakeLists.txt	blob	100644	aab0cc47fb06947ce108a3168afadd84ae957a02
build_tools/tracing/iree_tracy_capture.py	blob	100755	ea9a0796ab0a4f5f750750d90e8639d111ed6a13
build_tools/wasm/BUILD.bazel	blob	100644	e27b8765657cf044bc62489eed7d392e640eabd1
build_tools/wasm/CMakeLists.txt	blob	100644	9bd791610b0934a0aec6c6ac2c76b1345bc1f1ac
build_tools/wasm/libc/BUILD.bazel	blob	100644	c40eb0782699ae29d76c79a23d551568881629f9
build_tools/wasm/libc/CMakeLists.txt	blob	100644	fa07a1d6c238361a9d201b5275941a4a3a69bbd5
build_tools/wasm/libc/include/alloca.h	blob	100644	ed0f52bc3b1a83e7fbd4e187ae7c8494c23dc2de
build_tools/wasm/libc/include/assert.h	blob	100644	c94abd220f95c142617d40de98b2b1c70505899d
build_tools/wasm/libc/include/ctype.h	blob	100644	0e3014c1f318dcd644a3ae390196bf7734175ec1
build_tools/wasm/libc/include/dlfcn.h	blob	100644	3993e02cfee6f65523674d165ef1fbec442c7409
build_tools/wasm/libc/include/errno.h	blob	100644	5aabc62c05f2fe0c47cb12c000f2bb839bc9d581
build_tools/wasm/libc/include/fcntl.h	blob	100644	8db2c35551ebf712f2ddfbcedfa21b7164d24350
build_tools/wasm/libc/include/float.h	blob	100644	639440411c66ca88b9a8e3f0f6d3743984e507be
build_tools/wasm/libc/include/inttypes.h	blob	100644	ccefd2f68ddf9b93380551ff4b49211465229b64
build_tools/wasm/libc/include/limits.h	blob	100644	3f1149cde6406b83482cf7cfdd7b40fbc49bb76b
build_tools/wasm/libc/include/math.h	blob	100644	bc43e43dac1c9edfd70639bff5f4a372cbb16b08
build_tools/wasm/libc/include/memory.h	blob	100644	da79b3374e8c4b63d7c80fbcce68292dd3f1a818
build_tools/wasm/libc/include/pthread.h	blob	100644	a3bf7fe91584e1cc76ac0ade9e590a2dc21db807
build_tools/wasm/libc/include/signal.h	blob	100644	bc238417e9a3799681dea13dd0353db94a9f0d92
build_tools/wasm/libc/include/stdalign.h	blob	100644	9027f2a1d08350f43e38e92505b045badac0a135
build_tools/wasm/libc/include/stdarg.h	blob	100644	2b46dc2d84229001f1704424fa74baccb4f34ac5
build_tools/wasm/libc/include/stdatomic.h	blob	100644	3f1748645b7bba4c5ad95ab07e777bcd6a661007
build_tools/wasm/libc/include/stdbool.h	blob	100644	61bbecba2fd8edf89289f5957661ab2b9a6e9809
build_tools/wasm/libc/include/stddef.h	blob	100644	c28ccfa0b5a43d3541a323f9d1423e83af5df94a
build_tools/wasm/libc/include/stdint.h	blob	100644	023a642dc9b3afde3abd6555547ba8e043ae7db6
build_tools/wasm/libc/include/stdio.h	blob	100644	6f45a5da9f87ac459f95dff8d045ef032b63d227
build_tools/wasm/libc/include/stdlib.h	blob	100644	0c7203ba219e86f9540b462b0947bf51e1dd375e
build_tools/wasm/libc/include/string.h	blob	100644	5fb733dd3c38aa7a8af44057ea6df07c055384ea
build_tools/wasm/libc/include/sys/mman.h	blob	100644	da533f9bb12157979f73af3949b7cd29a201a009
build_tools/wasm/libc/include/sys/stat.h	blob	100644	0f60179fcdd5d3e1a6999ecd13c2a8a1fdf15dce
build_tools/wasm/libc/include/sys/types.h	blob	100644	8a34d84a33a48c97c34e53f8431cb79b4773c7e7
build_tools/wasm/libc/include/time.h	blob	100644	a657a2fafbad40212c2070803795bec1c9ce85dd
build_tools/wasm/libc/include/unistd.h	blob	100644	a9bd8ee60dc6c77f4e72d29b157f7b31a7bf3df8
build_tools/wasm/libc/include/wchar.h	blob	100644	fc0eb8b581b17f4d785810ed8b041445b9e63f99
build_tools/wasm/libc/src/abort.c	blob	100644	842e7b5cced3f11f4af669650afe5403676a0531
build_tools/wasm/libc/src/aligned_alloc.c	blob	100644	b9f9dd59d3006865da0ab52bc3407749fcc852a7
build_tools/wasm/libc/src/ctype.c	blob	100644	7ebaddc19eed6fdd5ad2df85160ac6f476026d41
build_tools/wasm/libc/src/dlmalloc.c	blob	100644	c4cd1aef36de7a430b0ecc02272532ef36e8532f
build_tools/wasm/libc/src/errno.c	blob	100644	80b2afe58125aad6e270861a3f418bb4aae5997f
build_tools/wasm/libc/src/sbrk.c	blob	100644	cdf7895a42962dafb4242bc75dcde31a4aa45500
build_tools/wasm/libc/src/stdio.c	blob	100644	0dd145353cb0ae725403b998003e40d4f84141c7
build_tools/wasm/libc/src/stdlib.c	blob	100644	68eea33cb5fac1853fe7ad0c0aa28f7e92a8401c
build_tools/wasm/libc/src/string.c	blob	100644	5421bf616af7e30368db284ec84e1b37310ad487
build_tools/wasm/libc/src/strtol.c	blob	100644	bd9bd10ca0be7355c47008814a0f1dda3707276e
build_tools/wasm/libc/src/syscall_imports.h	blob	100644	dba2f0eb2de270bf11714516d43c83a47bdcfeae
build_tools/wasm/libc/src/syscall_imports.js	blob	100644	a51aa016ead4d2791f14cda453a52742da986c72
build_tools/wasm/libc/src/unistd.c	blob	100644	be440454b2d16df64bea80b4ed0042341e40764f
build_tools/wasm/test/BUILD.bazel	blob	100644	7148cf1ba666c509605e5b3660377069a6c9909c
build_tools/wasm/test/CMakeLists.txt	blob	100644	1e9a0c289b2a39e8c04fb31754ce1734d59c1d78
build_tools/wasm/test/bundler_test.c	blob	100644	c1148e6fff637c5e8cb1d749cd84b7cde7ab95bc
build_tools/wasm/test/bundler_test_main.mjs	blob	100644	14484ffc22d47d62b6424489335f9e2570ec303a
build_tools/wasm/test/smoke_test.c	blob	100644	82f64536fc6889bc6e67fcd052baca0c8c729611
build_tools/wasm/wasi_sdk_repo.bzl	blob	100644	760077cb75dbc8a1197734bb06989114e63c4efe
build_tools/wasm/wasi_sdk_version.bzl	blob	100644	ecb10b18606820f4a77d650a4a0604bd2e50b535
build_tools/wasm/wasm_binary_bundler.py	blob	100644	e6f35e95b4279565f0a81f6245d503024ea0db13
build_tools/wasm/wasm_node_test_runner.sh	blob	100755	d46de2a17ef9c5c8fa7e9811aab211f94bf84700
build_tools/wasm/wasm_test_main.mjs	blob	100644	f0530a41f8acbaf0e7519f27a476c7a0e277160c
compiler/.clang-format	blob	100644	3e499f9a3782d7a8c84239667e720a8a574a8252
compiler/.clang-tidy	blob	100644	eb0b9c2217f2c40d016f56d196bb5a3ddd8bed09
compiler/BUILD.bazel	blob	100644	9da145a3f204b877e8da2bc97e72eb997b6ed146
compiler/CMakeLists.txt	blob	100644	024d0d557ba661fcb846182cddb6d5117f8907c2
compiler/README.md	blob	100644	2ad65202f88fbc767a0e202760822cb960c8c04e
compiler/bindings/c/BUILD.bazel	blob	100644	81943bb3c5664d66fffc10e0f335a5cb0276f77d
compiler/bindings/c/CMakeLists.txt	blob	100644	b951d65b289726e5803ef01c01763fc68a31e758
compiler/bindings/c/README.md	blob	100644	ad8a5d5f8ac18b087f6f1f7910e815ab206bb5b7
compiler/bindings/c/iree/compiler/api_support.h	blob	100644	996d2a3e8031933cd22015222069fdfddceaeee3
compiler/bindings/c/iree/compiler/dialects/iree_codegen.h	blob	100644	4e996be1c9945b83dd7bb74cf2f604d7bfccee8b
compiler/bindings/c/iree/compiler/dialects/iree_gpu.h	blob	100644	2c391d8607f0c429d6c70e72d17b982babaa128b
compiler/bindings/c/iree/compiler/embedding_api.h	blob	100644	eaf873dcf35e325de28844fa19d0cea3dba3af55
compiler/bindings/c/iree/compiler/loader.h	blob	100644	7471fcee5a97d53e1ff663158f97bf9231fde6f0
compiler/bindings/c/iree/compiler/loader/handle_symbols.inc	blob	100644	442275d0337e41fb6566893c4782602d3e0d1cb7
compiler/bindings/c/iree/compiler/loader/loader.cpp	blob	100644	73b6647e0d144f8e30cbb480411bbc1deefd98bf
compiler/bindings/c/iree/compiler/loader/loader_test.c	blob	100644	7a95a9dce064b99a41f05e55b78e6d5e3e25f7fd
compiler/bindings/c/iree/compiler/mlir_interop.h	blob	100644	48375b1f60ca30a3149a92aa29836ef7ed785eb7
compiler/bindings/c/iree/compiler/tool_entry_points_api.h	blob	100644	fff86e54e246e7b73673837ab3ccfe28deed9ad8
compiler/bindings/python/CMakeLists.txt	blob	100644	5129153f392316cecb1f78b780ddee5bdbc310eb
compiler/bindings/python/IREECompileTool.c	blob	100644	2530037b656d7aecd441c8a822b3f24ab4c4f973
compiler/bindings/python/IREECompilerDialectsModule.cpp	blob	100644	a85bb6fc7545a1118d71a0a8de110887a6daf00a
compiler/bindings/python/IREECompilerRegistration.cpp	blob	100644	0dd60e6cf5eeb6813eef6c6f62a18b1312807d52
compiler/bindings/python/IREELinkTool.c	blob	100644	3cbae62545f29a2714ebecf0990db5a299fc67c9
compiler/bindings/python/IREEOptTool.c	blob	100644	5239e717dc5162836f6111be4910de4870427068
compiler/bindings/python/LldTool.c	blob	100644	dfad9cc51749a463ca12194f46dc9038d86454c8
compiler/bindings/python/iree/build/__init__.py	blob	100644	3cc054e3e860d7d4ee6834db1e0f823b2e7e06d4
compiler/bindings/python/iree/build/__main__.py	blob	100644	bbaa9e1efb89e3e6b5847dd939a078537b38f08e
compiler/bindings/python/iree/build/args.py	blob	100644	9a2482a8af0d8e0f783b7a4dec8acc0b7b9760d2
compiler/bindings/python/iree/build/compile_actions.py	blob	100644	c73fc315c3be8bb59bc20c1dbe602fcffae5f4cc
compiler/bindings/python/iree/build/console.py	blob	100644	bfd4b2b859d6f1b897c96f56e6e2de187bcad0b8
compiler/bindings/python/iree/build/executor.py	blob	100644	616f37a0f73cc301cd9a20e214f99eb7bbfbd63c
compiler/bindings/python/iree/build/lang.py	blob	100644	60f4c9f30c7dd8c3348259a990a9e4fa7482d04b
compiler/bindings/python/iree/build/main.py	blob	100644	04e1c27952ec060734e83f055b03a9c9d239608e
compiler/bindings/python/iree/build/metadata.py	blob	100644	91767dd13769bd02a55ef076ee3cc3127bfa6d8b
compiler/bindings/python/iree/build/net_actions.py	blob	100644	7a262bffe81a5792e932295554f0d85ff4de9bc2
compiler/bindings/python/iree/build/onnx_actions.py	blob	100644	2aa4e8a07428cd46e27f5d1794629548cc2c3fc0
compiler/bindings/python/iree/build/target_machine.py	blob	100644	c930ea53cebe5c1ae864febe4f0a89ac319afac4
compiler/bindings/python/iree/build/test_actions.py	blob	100644	e4b9c55e0eac59df7d7bd13ba326c47b201de1da
compiler/bindings/python/iree/compiler/README.md	blob	100644	409ddbb94a54a3e77901edb891890185fff9fbca
compiler/bindings/python/iree/compiler/__init__.py	blob	100644	b6f79c747636761c886f835e3c285dfd4f6831c1
compiler/bindings/python/iree/compiler/_package_test.py	blob	100644	7713100325dfc77895800087bc4f0cbb6dba07b1
compiler/bindings/python/iree/compiler/api/__init__.py	blob	100644	44ed50dee8887f465530620044c88b71f7c628b3
compiler/bindings/python/iree/compiler/api/ctypes_dl.py	blob	100644	9e75724cb23887f0584922ea5e77c261d9433e0b
compiler/bindings/python/iree/compiler/dialects/FlowBinding.td	blob	100644	5fd404f2405e3dc8fe221334fa063de791258558
compiler/bindings/python/iree/compiler/dialects/HALBinding.td	blob	100644	278d83e65cabf4eb03d39e6520131835e0cfa05f
compiler/bindings/python/iree/compiler/dialects/IREECodegenBinding.td	blob	100644	9518feb9ecfb0c9cc6eb5a60185432bbda495268
compiler/bindings/python/iree/compiler/dialects/IREECodegenEnumBinding.td	blob	100644	b9b9b1a64d11f1c74657ecbcfe398f15b34987e4
compiler/bindings/python/iree/compiler/dialects/IREEGPUBinding.td	blob	100644	7674967caafd2aba475be9a26f1121f3d447104e
compiler/bindings/python/iree/compiler/dialects/IREEGPUEnumBinding.td	blob	100644	b2c52a001176e3761796bafd876116bb9769fba4
compiler/bindings/python/iree/compiler/dialects/PreprocessingTransformExtensionsBinding.td	blob	100644	925d9460edbf8f332e402ce48232f4fb479c6e22
compiler/bindings/python/iree/compiler/dialects/StreamBinding.td	blob	100644	7d74e32d436fc5bf72a48fa5527efdf4f2c13ccb
compiler/bindings/python/iree/compiler/dialects/TensorExtBinding.td	blob	100644	3ccac8284fd5999903586b8fd47e6996bc99eeb8
compiler/bindings/python/iree/compiler/dialects/UtilBinding.td	blob	100644	e574f3f98bb890a0c24a3b62df248b3bde6a8d30
compiler/bindings/python/iree/compiler/dialects/VMBinding.td	blob	100644	3100053b2309b07155f73aeb07344f5658eb22f7
compiler/bindings/python/iree/compiler/dialects/flow.py	blob	100644	ab7f95043ecf755269be6240220393c964d30863
compiler/bindings/python/iree/compiler/dialects/hal.py	blob	100644	c38e161b76b8c15da2b3e6d3cd68cb616eb05855
compiler/bindings/python/iree/compiler/dialects/iree_codegen.py	blob	100644	26a0380d36513fb3f92ad603c7671f56209a952b
compiler/bindings/python/iree/compiler/dialects/iree_gpu.py	blob	100644	9058ec37350b023a04fe957d1e601a423669ab20
compiler/bindings/python/iree/compiler/dialects/iree_tensor_ext.py	blob	100644	f7318b5ba0b7c39b925d9972b0df410c9a20180d
compiler/bindings/python/iree/compiler/dialects/preprocessing_transform.py	blob	100644	a24ce641435609fda8d5aa0981fffbdd19936d58
compiler/bindings/python/iree/compiler/dialects/stream.py	blob	100644	e7c2fea2f52f546130884d38325bcf66036357eb
compiler/bindings/python/iree/compiler/dialects/util.py	blob	100644	858c722eed2eb88260a30baf57d38db842e2dcc9
compiler/bindings/python/iree/compiler/dialects/vm.py	blob	100644	52766e3ea817e1f1b519416dd15a82238124aac1
compiler/bindings/python/iree/compiler/tf.py	blob	100644	7eba07c428b7a86bb91b9fc0a6597fce956ccf2b
compiler/bindings/python/iree/compiler/tflite.py	blob	100644	9a9a9cb559e4db3ce49747ec9d44ecde8e55f7fc
compiler/bindings/python/iree/compiler/tools/__init__.py	blob	100644	d9152bc24409a618d4fa96729edd21408b233879
compiler/bindings/python/iree/compiler/tools/binaries.py	blob	100644	ddc075e25e4f7b856cf39ca9f413e9e508210196
compiler/bindings/python/iree/compiler/tools/core.py	blob	100644	30732f59c011f64dce7d9b33f1ca02c58c0af968
compiler/bindings/python/iree/compiler/tools/debugging.py	blob	100644	6ca3e1af8ade1a8a91be7efe6dbd2534a419a774
compiler/bindings/python/iree/compiler/tools/import_onnx/__main__.py	blob	100644	c9a8a9dcad7d14e92c0874f330dbcea4328177bd
compiler/bindings/python/iree/compiler/tools/import_onnx/importer_externalization_overrides.py	blob	100644	bcd6930c27ca5b644d096bf92f0614ca180a7fc7
compiler/bindings/python/iree/compiler/tools/ir_tool/__main__.py	blob	100644	35a7f2c451a78dcf7eda5ae5d5378ab9bf4cdb50
compiler/bindings/python/iree/compiler/tools/scripts/__init__.py	blob	100644	e69de29bb2d1d6434b8b29ae775ad8c2e48c5391
compiler/bindings/python/iree/compiler/tools/scripts/iree_compile/__main__.py	blob	100644	0be252c621f3d394c96f19e3de9df5d29f587c60
compiler/bindings/python/iree/compiler/tools/scripts/iree_link/__main__.py	blob	100644	3c457c9e5291cc54425ce7c1d600ff6136cec94b
compiler/bindings/python/iree/compiler/tools/scripts/iree_opt/__main__.py	blob	100644	c7bd6e6a54ce2e8ec19f0a400f1a4188cd9634b3
compiler/bindings/python/iree/compiler/tools/tf.py	blob	100644	b10ca78fdfbf96b5b9f6b514fb7e2b09d9686589
compiler/bindings/python/iree/compiler/tools/tflite.py	blob	100644	b953c43bb3b00dd5f67864d09ba6cbb44a763bba
compiler/bindings/python/test/CMakeLists.txt	blob	100644	ca809a8016c4a2cc5410ee2b1876815cf515a45e
compiler/bindings/python/test/api/CMakeLists.txt	blob	100644	b07215f8db600f61dbcc1122151bda0a55eda98e
compiler/bindings/python/test/api/api_test.py	blob	100644	2a5863ce6a312bb806260a75ea116046a31e89f4
compiler/bindings/python/test/api/output_buffer_reference_test.py	blob	100644	1395f7b4e17db10db331d0c5ac700e824c6e0cca
compiler/bindings/python/test/api/testdata/bytecode_testfile.bc	blob	100644	0ee6e0115747d0393fb6f8fed1e6388d8b5cabc7
compiler/bindings/python/test/api/testdata/bytecode_zero_terminated_testfile.bc	blob	100644	6bbe78a16be542003618a286ae7ecc03e0c003ae
compiler/bindings/python/test/api/testdata/generate_mlir_bytecode.py	blob	100644	5e26d00426c3026ff065f7326b7eab14f17ef8d9
compiler/bindings/python/test/api/tuner_api_test.py	blob	100644	39e3b27fdf65b86d964fb850f30a6a767d3fe262
compiler/bindings/python/test/build_api/CMakeLists.txt	blob	100644	6b9916ccee623765b5ab8f277a4cf32bcbd565ed
compiler/bindings/python/test/build_api/basic_test.py	blob	100644	e70f841c835bcdd131a450d74e5f611f168c19cf
compiler/bindings/python/test/build_api/mnist_builder.py	blob	100644	31c4845c3876b2d162965aec23075606d72bf46d
compiler/bindings/python/test/build_api/mnist_builder_test.py	blob	100644	60f750c6bd30e9a9a8f07fd553118b6296b735d5
compiler/bindings/python/test/build_api/net_test.py	blob	100644	8899065be1ff471e1a573aca41b59891668eda91
compiler/bindings/python/test/extras/CMakeLists.txt	blob	100644	18469dd59d7a8cbedf15db89195a5dd494b0050b
compiler/bindings/python/test/extras/fx_importer_test.py	blob	100644	7b9d42cb1340eda7565d07ef0e38d89fb5fba783
compiler/bindings/python/test/extras/onnx_importer_test.py	blob	100644	8c5e732b0d85843c1d89dd85bcfdc19d36274666
compiler/bindings/python/test/ir/CMakeLists.txt	blob	100644	fcf7b13359cb00ccf52c76f80cd782c0c95b11a1
compiler/bindings/python/test/ir/dialects_test.py	blob	100644	3c5c8dabb28a5d20b3cd32f4bb5489eeda667b3d
compiler/bindings/python/test/ir/registration_test.py	blob	100644	33c8f0036b7e485ddf18ca86c1b223bdef1d0031
compiler/bindings/python/test/tools/CMakeLists.txt	blob	100644	ec96eeabf64f2ff54cda3f05d6d3f1ac39b47416
compiler/bindings/python/test/tools/README.md	blob	100644	e6e6c29cf67df1200ae25416055352ad9a295032
compiler/bindings/python/test/tools/compiler_core_test.py	blob	100644	30fe5780c57480065e3dfcfa7a8ecf03ee5ecc48
compiler/bindings/python/test/tools/compiler_tf_test.py	blob	100644	7639cef63995735e31391cec01b80ad17f284495
compiler/bindings/python/test/tools/compiler_tflite_test.py	blob	100644	867b4ae88b37d4c3ce538a1be230ce5a8380da18
compiler/bindings/python/test/tools/import_onnx_test.py	blob	100644	0692e4cf7d7da0d76bec61eff17f96994902c5c2
compiler/bindings/python/test/tools/ir_tool_test.py	blob	100644	74f6c76b7475e2cc0f5d477b3289b4668ae8e2ef
compiler/bindings/python/test/tools/testdata/LeakyReLU.onnx	blob	100644	f76bccbce92a5042e32ec64d291a3d834c4678ae
compiler/bindings/python/test/tools/testdata/README.md	blob	100644	dcd5c4c495a07571799ca11dbbc9bf64e9dcc1da
compiler/bindings/python/test/tools/testdata/conv.onnx	blob	100644	9cbebb85c5a509213e6d605a6b9446a831404ee5
compiler/bindings/python/test/tools/testdata/generate_tflite.py	blob	100644	7fb8047c042956766175e152ad6bd4b8f98c1001
compiler/bindings/python/test/tools/testdata/generate_xla.py	blob	100644	b2a6c259641b98b31a9da81a85a5884fa11b0d26
compiler/bindings/python/test/tools/testdata/tflite_sample.fb	blob	100644	d4a65ed8c5370a37ee33d54b40ba61bff0ccdc81
compiler/bindings/python/test/tools/testdata/xla_sample.hlo	blob	100644	b71f3bc274763d82c26514b401b674f4c917e61d
compiler/bindings/python/test/tools/testdata/xla_sample.pb	blob	100644	1f69a64eac162aadb0e8d946c6bfedcac0a463c0
compiler/lit.cfg.py	blob	100644	e0c9133c33585b5b7705f5b5bb29154861c499cb
compiler/plugins/BUILD.bazel	blob	100644	adb5b2bb265ca4ddcc7e91624adf2632f48067b2
compiler/plugins/input/README.md	blob	100644	a2667c0f7ab686a3cdca49b4477a1696f79aa1e9
compiler/plugins/input/StableHLO/BUILD.bazel	blob	100644	0403888092af50d4cda6b6f7c010bb748448e28c
compiler/plugins/input/StableHLO/CMakeLists.txt	blob	100644	ef8c0dd5b503e1c76aba3d07c5ff5de8da5636a0
compiler/plugins/input/StableHLO/Conversion/BUILD.bazel	blob	100644	72311385fd75abd81ca2802388368d2cf591b5ad
compiler/plugins/input/StableHLO/Conversion/CMakeLists.txt	blob	100644	018b4372cba5101abcb762f9c514f9bf4c7f52af
compiler/plugins/input/StableHLO/Conversion/CheckVHLOStableHloMixUsage.cpp	blob	100644	9659ceb9396a73e006fed40718816f32dc2cf140
compiler/plugins/input/StableHLO/Conversion/ConvertCollectives.cpp	blob	100644	0483d6afab5bfc5bae14cc336e7709c10952453c
compiler/plugins/input/StableHLO/Conversion/LegalizeControlFlow.cpp	blob	100644	3806522ce4ef235f2af31eb16c420db8515ac12d
compiler/plugins/input/StableHLO/Conversion/LegalizeShapeComputations.cpp	blob	100644	070352296c862d52369703073dcb060d48867f0c
compiler/plugins/input/StableHLO/Conversion/LegalizeToLinalgUtils.cpp	blob	100644	4520409dee3047e6b85ee4b4f60b4204541f1189
compiler/plugins/input/StableHLO/Conversion/LegalizeToLinalgUtils.h	blob	100644	5bbe07fdb4feefe1ed7864001d5e46d01b24f9f8
compiler/plugins/input/StableHLO/Conversion/MapStableHLOToScalarOp.h	blob	100644	9754694dc5351c33a3815d6c723dd583c20e7d83
compiler/plugins/input/StableHLO/Conversion/PassDetail.h	blob	100644	bc7652593c9d5ca6c8e0a486ab8ea222bc9d8373
compiler/plugins/input/StableHLO/Conversion/Passes.cpp	blob	100644	ff5fc90da0f03127e948675f369563cdc4c9b588
compiler/plugins/input/StableHLO/Conversion/Passes.h	blob	100644	0688e93d2a9150e545547a2f4e680b338d998841
compiler/plugins/input/StableHLO/Conversion/Passes.td	blob	100644	915a4873ba0cce8e51355cfa63bcf79f5e690491
compiler/plugins/input/StableHLO/Conversion/Preprocessing/BUILD.bazel	blob	100644	a31bb0ed10bc8348b12724da97dd9ec3403b51bd
compiler/plugins/input/StableHLO/Conversion/Preprocessing/CMakeLists.txt	blob	100644	ed085b136e921a54b353415b734cf1c9ea12197b
compiler/plugins/input/StableHLO/Conversion/Preprocessing/Canonicalization.cpp	blob	100644	a3a66da37b076a7d5ab1d25d67630995c6130855
compiler/plugins/input/StableHLO/Conversion/Preprocessing/ComplexLoweringPatterns.td	blob	100644	13e0677ce2f1eed41cc8c44f3de38935580a6d24
compiler/plugins/input/StableHLO/Conversion/Preprocessing/DotGeneralToDot.cpp	blob	100644	6f080dfd4e2b17c742e52bbab2ca8456a7d08fed
compiler/plugins/input/StableHLO/Conversion/Preprocessing/EinsumToDotGeneral.cpp	blob	100644	abcf2ef73ae0c6b4bf8b79d64b5744135e1da60d
compiler/plugins/input/StableHLO/Conversion/Preprocessing/FlattenTuplesInCFG.cpp	blob	100644	6ce7b58454f3bac65de73d864469aee903cd44bf
compiler/plugins/input/StableHLO/Conversion/Preprocessing/FlattenTuplesInSCF.cpp	blob	100644	145a2270996e6ff80a59c3adba65a092d24f5a96
compiler/plugins/input/StableHLO/Conversion/Preprocessing/GatherToTorchIndexSelect.cpp	blob	100644	6dbe658024b075b407d095b150300f5eb6220528
compiler/plugins/input/StableHLO/Conversion/Preprocessing/LowerComplex.cpp	blob	100644	11ec46a9887b6f6d2a86e9beaedd954570fa377b
compiler/plugins/input/StableHLO/Conversion/Preprocessing/Passes.cpp	blob	100644	8089efe809365314ef564eab55abb060591bebf6
compiler/plugins/input/StableHLO/Conversion/Preprocessing/Passes.h	blob	100644	64b6976e84e8575f22022f07887e7b4ea00a49c8
compiler/plugins/input/StableHLO/Conversion/Preprocessing/Passes.td	blob	100644	c8a7affaf077c707fcb4525a17bf79c1e8eb7c67
compiler/plugins/input/StableHLO/Conversion/Preprocessing/Rewriters.h	blob	100644	6f11ec8f46cbdfbe87787613cfdb4d70b2b1ac80
compiler/plugins/input/StableHLO/Conversion/Preprocessing/StableHLOToStableHLO.cpp	blob	100644	e152d9cbfe96fe4d9495b5c1379d3ebcc3d01b7f
compiler/plugins/input/StableHLO/Conversion/Preprocessing/UnfuseBatchNorm.cpp	blob	100644	2e98ad8abe46c9e001b986f2a4d476719fb0ec78
compiler/plugins/input/StableHLO/Conversion/Preprocessing/test/BUILD.bazel	blob	100644	1ddae17e0da1fe3bcd9cc30eaa63589d14499f56
compiler/plugins/input/StableHLO/Conversion/Preprocessing/test/CMakeLists.txt	blob	100644	28ba0c3e29472fd262f8dcb454d4fe008f27fee5
compiler/plugins/input/StableHLO/Conversion/Preprocessing/test/canonicalization.mlir	blob	100644	cc821fda1a1eac6e4aeb67a09a0c455b387956d6
compiler/plugins/input/StableHLO/Conversion/Preprocessing/test/canonicalize_dot_general.mlir	blob	100644	f08a02cfe04de43ca72e2fb6ba4945f73398a1d7
compiler/plugins/input/StableHLO/Conversion/Preprocessing/test/complex_lowering.mlir	blob	100644	458c6180cffb7fd58b54b0d4841136ddd3fcbdf5
compiler/plugins/input/StableHLO/Conversion/Preprocessing/test/dot_general_to_dot.mlir	blob	100644	8cc19d7f3e0b36085cea32d5152683338e77f8c2
compiler/plugins/input/StableHLO/Conversion/Preprocessing/test/einsum_to_dot_general.mlir	blob	100644	5ead31b45be0a7e267394b7a6a247d1e460fe68e
compiler/plugins/input/StableHLO/Conversion/Preprocessing/test/flatten_tuples_in_cfg.mlir	blob	100644	e5571985d95b916ab16f8959a2597f9072553191
compiler/plugins/input/StableHLO/Conversion/Preprocessing/test/flatten_tuples_in_scf.mlir	blob	100644	c57e602e2da1eddf67d6764ab5b07bfac136e7dc
compiler/plugins/input/StableHLO/Conversion/Preprocessing/test/gather_to_torch_index_select.mlir	blob	100644	2b14288f1958ab9a64e570420ce37cc9ceff0640
compiler/plugins/input/StableHLO/Conversion/Preprocessing/test/stablehlo_to_stablehlo.mlir	blob	100644	3d06187a8c1c5026c90093a2a20b9a606fcff95e
compiler/plugins/input/StableHLO/Conversion/Preprocessing/test/unfuse_batch_norm.mlir	blob	100644	ace38f21f5309c48ad413583c39b8a84093c3217
compiler/plugins/input/StableHLO/Conversion/Rewriters.h	blob	100644	956a3a443740049f5af4ac25f2052726b43e2563
compiler/plugins/input/StableHLO/Conversion/StableHLOCustomCalls.cpp	blob	100644	e7314c129b3a187c4c43b12e6001e785d58cc25a
compiler/plugins/input/StableHLO/Conversion/StableHLOToIREEInputDialects.cpp	blob	100644	3b264d2603a92c91d28cc3eacc1b641b8e5518c5
compiler/plugins/input/StableHLO/Conversion/StableHLOToLinalgExt.cpp	blob	100644	87498ad682976fef7c62d7ff4e762057a4039d69
compiler/plugins/input/StableHLO/Conversion/VerifyCompilerInputLegality.cpp	blob	100644	c0751f2794e6f5861beb5fcc8307ca6f44b08d55
compiler/plugins/input/StableHLO/Conversion/test/BUILD.bazel	blob	100644	21e06dd7822f859cc64eb786591ee6a057aa6d80
compiler/plugins/input/StableHLO/Conversion/test/CMakeLists.txt	blob	100644	43755f73d3cc8af78767a6868cdd533cefe03873
compiler/plugins/input/StableHLO/Conversion/test/auto_input_conversion.mlir	blob	100644	3cd1fb3362021ea44cc45ccf7a339eb6f7e4251c
compiler/plugins/input/StableHLO/Conversion/test/convert_collectives.mlir	blob	100644	ad260ae551cf88aea97cdf0a11982c26dc066b9a
compiler/plugins/input/StableHLO/Conversion/test/legalize_chlo_decomposition.mlir	blob	100644	851d002a60916bc6fecde32cf1a7299107beec15
compiler/plugins/input/StableHLO/Conversion/test/legalize_chlo_no_broadcast.mlir	blob	100644	2cc1506460101e7128b8aacaf12ce5d58217eb67
compiler/plugins/input/StableHLO/Conversion/test/legalize_chlo_with_broadcast.mlir	blob	100644	df5970ca8177ae8cd16bf52e8cb39772d2f6c2b1
compiler/plugins/input/StableHLO/Conversion/test/legalize_composite.mlir	blob	100644	e8dfbdba998459da0ee1ea75d182b50afcee439a
compiler/plugins/input/StableHLO/Conversion/test/legalize_control_flow.mlir	blob	100644	67fbe14c34d8cb4bf7285f11deb70f2c40b8fcbf
compiler/plugins/input/StableHLO/Conversion/test/legalize_shape_computations.mlir	blob	100644	425fff34c50e43cacb847a5ffb55b6fb1ac47502
compiler/plugins/input/StableHLO/Conversion/test/stablehlo_custom_calls.mlir	blob	100644	ac408f17f8d4bd4c4e5cd49a6146fd8c54e416c0
compiler/plugins/input/StableHLO/Conversion/test/stablehlo_to_iree_input_dialects.mlir	blob	100644	d6259c4385fe2da19de8f055d71f3051ab0e1140
compiler/plugins/input/StableHLO/Conversion/test/stablehlo_to_linalg_ext.mlir	blob	100644	413ef0685e5dcbda436d0322fcef93b9ba4418c2
compiler/plugins/input/StableHLO/Conversion/test/verify_compiler_input_legality.mlir	blob	100644	92f12ca9270d21e87dc2ce33704925621dd18684
compiler/plugins/input/StableHLO/Conversion/test/vhlo_stablehlo_mix_invalid.mlir	blob	100644	6f55b57ef0c2503df569cdc4332202c3b1d2f8e8
compiler/plugins/input/StableHLO/PluginRegistration.cpp	blob	100644	d6595ea7899f09c660178d97a55c073fbdb15728
compiler/plugins/input/TOSA/BUILD.bazel	blob	100644	40dd5a379a239c62878d52f05960650bf97c688b
compiler/plugins/input/TOSA/CMakeLists.txt	blob	100644	7830e1852a1dd0dc99f694a2f996dc5fcd74a2a2
compiler/plugins/input/TOSA/InputConversion/BUILD.bazel	blob	100644	5e90e2ec252c89505164c85e7d6d0311c1c74a6b
compiler/plugins/input/TOSA/InputConversion/CMakeLists.txt	blob	100644	d33dff72cda52690cdccfed5052af92a1765b6a9
compiler/plugins/input/TOSA/InputConversion/Converti48Toi64.cpp	blob	100644	c81afd601c5c2183e69179aa4a191bed12dea058
compiler/plugins/input/TOSA/InputConversion/Passes.cpp	blob	100644	b9ecfa88f94ad5308efc1201e9d77331afe5e8d4
compiler/plugins/input/TOSA/InputConversion/Passes.h	blob	100644	f23d11b90ea316302e537e9f153efba166a4c8bd
compiler/plugins/input/TOSA/InputConversion/Passes.td	blob	100644	53294e14a940a924fcd89f3180793d943536242e
compiler/plugins/input/TOSA/InputConversion/StripSignedness.cpp	blob	100644	7763ff95ee79f47d40b586542669def0d30ab3e4
compiler/plugins/input/TOSA/InputConversion/TosaToLinalgExt.cpp	blob	100644	e764c2cbee3c67b27f351b39393bbedc59bbf89a
compiler/plugins/input/TOSA/InputConversion/VerifyCompilerTOSAInputLegality.cpp	blob	100644	36f3cb51fe33b8572acf74fb7a925c7f2065a13e
compiler/plugins/input/TOSA/InputConversion/test/BUILD.bazel	blob	100644	9a474c16ed6d259a4825bc7cca9e5a0a4bb0be12
compiler/plugins/input/TOSA/InputConversion/test/CMakeLists.txt	blob	100644	2d5cf66d7f48c21f236b25056c5c1d96f8f954ed
compiler/plugins/input/TOSA/InputConversion/test/apply_pdl_patterns_tosa.mlir	blob	100644	9e6b02a2242c4f624fa74b5f3e475fa7ad0028ca
compiler/plugins/input/TOSA/InputConversion/test/apply_scale_lowering.mlir	blob	100644	6e996a5c9ec2c8275cf2822719b4cb2eb67d6445
compiler/plugins/input/TOSA/InputConversion/test/auto_input_conversion.mlir	blob	100644	145f2d9147e997ac76e4ff13124e8885f8d64420
compiler/plugins/input/TOSA/InputConversion/test/convert_i48_to_i64.mlir	blob	100644	300f7441f326c479cb904f0e5841d5b5572648b1
compiler/plugins/input/TOSA/InputConversion/test/strip_signedness.mlir	blob	100644	cf30e57a95bf5fde093fc8ccf976552adb1791c1
compiler/plugins/input/TOSA/InputConversion/test/tosa.pdl.mlir	blob	100644	f3443480f69e5b44ff903be968d6726f9844f944
compiler/plugins/input/TOSA/InputConversion/test/tosa_target_level.mlir	blob	100644	5b5fc440e9e8ed07e18391f209ff7176da91beda
compiler/plugins/input/TOSA/InputConversion/test/tosa_to_linalg_ext.mlir	blob	100644	bce16254f69692cf046b040636fc89be3d460555
compiler/plugins/input/TOSA/InputConversion/test/verify_compiler_tosa_input_legality.mlir	blob	100644	bf1564f12fc30a1c34fad81bcab331f602b9c2c2
compiler/plugins/input/TOSA/PluginRegistration.cpp	blob	100644	563ee4f8e8aee39ba3642ece10ce07b57c4c1f11
compiler/plugins/input/Torch/BUILD.bazel	blob	100644	3b7cdc07a425ff5dc49dbcf3a398a2c26a435d6e
compiler/plugins/input/Torch/CMakeLists.txt	blob	100644	3cefe20577f1edbcdb57cae71e23b5b54326dc46
compiler/plugins/input/Torch/InputConversion/BUILD.bazel	blob	100644	d71c6b0acfc86f57c0b2cea9ec640c0c1a320de3
compiler/plugins/input/Torch/InputConversion/BindSymbolicShapes.cpp	blob	100644	692b60c9d320b0fe0c90196002fca52533bbedd4
compiler/plugins/input/Torch/InputConversion/BitCastTensor.cpp	blob	100644	a2a761adc592075541fe7799c23c2f6757029cb4
compiler/plugins/input/Torch/InputConversion/CMakeLists.txt	blob	100644	0e494ab35f5b3ae82fbeba80797630a1cccd53a1
compiler/plugins/input/Torch/InputConversion/ConvertTMTensorToLinalgExt.cpp	blob	100644	6dcffbc34ff434830d914ce06efdd7f72147d7bb
compiler/plugins/input/Torch/InputConversion/ConvertTorchUnstructuredToLinalgExt.cpp	blob	100644	fe8209de328de61cec682a6192643babc9150fd2
compiler/plugins/input/Torch/InputConversion/FuncConversion.cpp	blob	100644	8e4de8ab5cb7d6b95228d446b1d9d8cadcdb6e0f
compiler/plugins/input/Torch/InputConversion/Passes.cpp	blob	100644	350885cc2cd248717b24c8f8e0a8b8ec6344f726
compiler/plugins/input/Torch/InputConversion/Passes.h	blob	100644	bf9592a2a7b86e17012cf76af051b624b30ab571
compiler/plugins/input/Torch/InputConversion/Passes.td	blob	100644	b74adf1d67e9d6abe308b072762d7535ed64a6eb
compiler/plugins/input/Torch/InputConversion/SetStrictSymbolicShapes.cpp	blob	100644	40c6cfea63b80dbf23f9fc9b38c5d56ec6d645a0
compiler/plugins/input/Torch/InputConversion/SyncFuncConversion.cpp	blob	100644	36605b5768cd708072d75ea86f8b3194e1cda691
compiler/plugins/input/Torch/InputConversion/test/BUILD.bazel	blob	100644	3ea5a7eb634e2b0f41d05724fd3ee0f0d1eccd36
compiler/plugins/input/Torch/InputConversion/test/CMakeLists.txt	blob	100644	e5f5c2f7ea58146cc6fc9e1928c360e18838d197
compiler/plugins/input/Torch/InputConversion/test/apply_pdl_patterns_torch.mlir	blob	100644	c67f035d7a5ebda2cc626bd24d9573a9c150a069
compiler/plugins/input/Torch/InputConversion/test/assume_strict_symbols.mlir	blob	100644	c48f09f2f1902ec5748da8beedd2f6bcfa5f1135
compiler/plugins/input/Torch/InputConversion/test/attention.mlir	blob	100644	fcb6f64f2f1fe299a96b7e0b4773e3f5b67afcfe
compiler/plugins/input/Torch/InputConversion/test/auto_input_conversion.mlir	blob	100644	89c00e0d0778813ab4c4abac1f2a1f06b18c9b74
compiler/plugins/input/Torch/InputConversion/test/auto_input_conversion_with_transients.mlir	blob	100644	8f93291c36b08b1c5032ad8371f40cdd647496c6
compiler/plugins/input/Torch/InputConversion/test/bind_symbolic_shapes.mlir	blob	100644	998d34a3b4764399d6dda1b579bc42c00c3d692b
compiler/plugins/input/Torch/InputConversion/test/bitcast_tensor.mlir	blob	100644	d2993e78f7c7eb08d9b4e6610fe844e5b78256d3
compiler/plugins/input/Torch/InputConversion/test/func_conversion.mlir	blob	100644	3bca01bb6dec753cb6082c7e0f02f438d55ed930
compiler/plugins/input/Torch/InputConversion/test/func_conversion_invalid.mlir	blob	100644	189a12ce92a41ff234a1735443d5901a273fc012
compiler/plugins/input/Torch/InputConversion/test/func_conversion_sync.mlir	blob	100644	705aa9ce10f856e3c7efffc76fdb6ce505ff3564
compiler/plugins/input/Torch/InputConversion/test/func_conversion_sync_invalid.mlir	blob	100644	c6ada1e4ac02cbc210d938e6a0b07a4453867ba6
compiler/plugins/input/Torch/InputConversion/test/func_conversion_transients.mlir	blob	100644	17694c8eea68c5333421b99cf3c8f4a46ef67711
compiler/plugins/input/Torch/InputConversion/test/scan.mlir	blob	100644	58a8d7023086b2de71d6c58e571e8e1d5d2bf28e
compiler/plugins/input/Torch/InputConversion/test/scatter.mlir	blob	100644	37dbad562a43f80cc8687091b123fbe6e330b413
compiler/plugins/input/Torch/InputConversion/test/sort.mlir	blob	100644	c561386c53a83b437418ec6f55c53915984d001a
compiler/plugins/input/Torch/InputConversion/test/torch.pdl.mlir	blob	100644	75106d0088ae2ee9515c050567bf07bcb6859e74
compiler/plugins/input/Torch/InputConversion/test/torch_to_iree.mlir	blob	100644	d21a2b51b56fd3c3294532e039994828ede7c807
compiler/plugins/input/Torch/InputConversion/test/unstructured_linalg_ext.mlir	blob	100644	f586088703fd5037135d2af0b0c06e90f1277936
compiler/plugins/input/Torch/PluginRegistration.cpp	blob	100644	4dff2dd4112d8924574f5499841dd1a6fa956506
compiler/plugins/input/Torch/torch-mlir-dialects/CMakeLists.txt	blob	100644	2ed7822cd6c5a000697d0fed253a12831e075324
compiler/plugins/input/Torch/torch-mlir-dialects/README.md	blob	100644	734582b594fc38f62633147984495358e5e145fa
compiler/plugins/input/Torch/torch-mlir/CMakeLists.txt	blob	100644	1bbb45070990a96197420d648f7b8369493fcad4
compiler/plugins/input/Torch/torch-mlir/README.md	blob	100644	fa0fa742cc25e75be9aa4c651ccde3ef85b58bae
compiler/plugins/iree_compiler_plugin.cmake	blob	100644	9c0d7fd2f765621a2df26aa69541bd1ef930f2b3
compiler/plugins/plugins.bzl	blob	100644	a0af18ee35c4286c66c65e57f451a676fc699f5c
compiler/plugins/target/CUDA/BUILD.bazel	blob	100644	bf22e22c34f6cc96fa9c01d072868e71d288d25f
compiler/plugins/target/CUDA/CMakeLists.txt	blob	100644	89153662bb8d333513d49e37d45d7d6eb1ad23ed
compiler/plugins/target/CUDA/CUDATarget.cpp	blob	100644	97b84f38d422bf9fc5f2a8ef7a0ec44cfc4b8f5d
compiler/plugins/target/CUDA/test/BUILD.bazel	blob	100644	62c2f2b2d990c0e69309792ac4270a22ac751ecf
compiler/plugins/target/CUDA/test/CMakeLists.txt	blob	100644	83d975a5c1f68e0e16d8308bd80dee95bb06bcb3
compiler/plugins/target/CUDA/test/smoketest.mlir	blob	100644	b1e7766b955097194256352921587f1d41d7723a
compiler/plugins/target/CUDA/test/target_device_features.mlir	blob	100644	2fb107214aa32d6c87fbfa38d268dc303928124c
compiler/plugins/target/LLVMCPU/BUILD.bazel	blob	100644	61f18a043198712c453a25d791973492f70a9195
compiler/plugins/target/LLVMCPU/CMakeLists.txt	blob	100644	1b7b043aab4ce64e7dc3eef2a513dc004b6da1a9
compiler/plugins/target/LLVMCPU/LLVMCPUTarget.cpp	blob	100644	b0b9f19eff1087b9f94f60cce264bb178128432a
compiler/plugins/target/LLVMCPU/LLVMIRPasses.cpp	blob	100644	2b482ef98b54efedbd448d090fc0aed11eb317ea
compiler/plugins/target/LLVMCPU/LLVMIRPasses.h	blob	100644	c45e1ad69b66b922f1a7a4e32b23b5b400d81f76
compiler/plugins/target/LLVMCPU/LLVMTargetOptions.cpp	blob	100644	289ae033b6413828ffa1d58c44d125b0fdd92285
compiler/plugins/target/LLVMCPU/LLVMTargetOptions.h	blob	100644	d40b82c8134caa5bc5e24b3ca9e6dd8ef7c998ce
compiler/plugins/target/LLVMCPU/LibraryBuilder.cpp	blob	100644	41a7b96316eb38813f3e96f06c52c9b964dc5a61
compiler/plugins/target/LLVMCPU/LibraryBuilder.h	blob	100644	53a93aa480e4fb396614eca93e4b041c733a5c3e
compiler/plugins/target/LLVMCPU/LinkerTool.cpp	blob	100644	ef13059db4869c9bda4324a9bae5106938f03b28
compiler/plugins/target/LLVMCPU/LinkerTool.h	blob	100644	1ff830e49bba8ce461d27c0d2dfb606e95afb19d
compiler/plugins/target/LLVMCPU/ResolveCPUAndCPUFeatures.cpp	blob	100644	0a2bb7e50f98cf678c38ccf8713421e1f40fc93f
compiler/plugins/target/LLVMCPU/ResolveCPUAndCPUFeatures.h	blob	100644	c7f81a893725e4e2351013e94d981f5678c8d979
compiler/plugins/target/LLVMCPU/StaticLibraryGenerator.cpp	blob	100644	fa08ec61227d20629bae809ba17bdd9a8249c688
compiler/plugins/target/LLVMCPU/StaticLibraryGenerator.h	blob	100644	c9bfa04a2e05991bf519a3a6aa09da6e8d4d1123
compiler/plugins/target/LLVMCPU/builtins/BUILD.bazel	blob	100644	cdedc6ad6b847bb1361d1b849158d3aac1b50e95
compiler/plugins/target/LLVMCPU/builtins/CMakeLists.txt	blob	100644	885b28d65cc0dcd5d8deaecacf754aef410683ae
compiler/plugins/target/LLVMCPU/builtins/Device.cpp	blob	100644	28b62ee776ac71bf9db05b00dc89ff0e20b2ea2e
compiler/plugins/target/LLVMCPU/builtins/Device.h	blob	100644	0b4e8a72c728013cb6e068fa79301af6d55f82f5
compiler/plugins/target/LLVMCPU/builtins/Musl.cpp	blob	100644	b3aa133c364f888e92af1ce02ff7d16a18ef8c03
compiler/plugins/target/LLVMCPU/builtins/Musl.h	blob	100644	8a5f8325f06050c45d685334c48f5496e9ca89b1
compiler/plugins/target/LLVMCPU/builtins/UKernel.cpp	blob	100644	01da2f4064e4be625d79b4b6043afbbd492acfc0
compiler/plugins/target/LLVMCPU/builtins/UKernel.h	blob	100644	ac9f39052fe5391e54cd80c5d1b9e7776fe685ee
compiler/plugins/target/LLVMCPU/builtins/ukernel/BUILD.bazel	blob	100644	7b9a8e1b88bd0c05b42c5a6925d73b87c02988f2
compiler/plugins/target/LLVMCPU/builtins/ukernel/CMakeLists.txt	blob	100644	3e33a4794c82e086bda6460984fb648d21dc76a8
compiler/plugins/target/LLVMCPU/builtins/ukernel/common.h	blob	100644	d340276b04b7a91c6a2335972be5c5d106f803fd
compiler/plugins/target/LLVMCPU/builtins/ukernel/iree_uk_mma_x86_avx512bf16_1x16x2_f32_bf16.c	blob	100644	65d1ad747e472f555c346b987802334217afa887
compiler/plugins/target/LLVMCPU/builtins/ukernel/iree_uk_mma_x86_avx512vnni_16x16x2_i32_i8_casti16.c	blob	100644	c13da434a01ba34edc54205ea14331f73b076650
compiler/plugins/target/LLVMCPU/builtins/ukernel/test/BUILD.bazel	blob	100644	21c7a28e62b8319311c72be01570cb5d70848afe
compiler/plugins/target/LLVMCPU/builtins/ukernel/test/CMakeLists.txt	blob	100644	5d316e7f236717bda75400c3d34505b1e58585b5
compiler/plugins/target/LLVMCPU/builtins/ukernel/test/e2e_inner_tiled_pipeline.mlir	blob	100644	9944696c0805d9e76a54b333ca72ac8403c5ce9a
compiler/plugins/target/LLVMCPU/builtins/ukernel/test/lookup_builtin_and_byo.mlir	blob	100644	586c697b420ef7eb23f5ab092006b6ccbb4e3c5b
compiler/plugins/target/LLVMCPU/builtins/ukernel/test/lower_inner_tiled_to_bitcode_ukernel.mlir	blob	100644	6021168350f2cd3997851cb5a16a37715b6450a5
compiler/plugins/target/LLVMCPU/builtins/ukernel/test/lower_inner_tiled_to_bitcode_ukernel_i8_vnni.mlir	blob	100644	fdc348dca627012ab9759b4d7694deb2bcbd0b74
compiler/plugins/target/LLVMCPU/builtins/ukernel/test/select_ukernel.mlir	blob	100644	5365ba744d9f582be6c1eed972f3edcca9922fc7
compiler/plugins/target/LLVMCPU/builtins/ukernel/test/ukernel_inlining.mlir	blob	100644	2d5f564081e7efc5bffbabe88b5d853311900bae
compiler/plugins/target/LLVMCPU/internal/AndroidLinkerTool.cpp	blob	100644	1ceb47dd5ac2e8f96f391f5b1cb4783737092b8f
compiler/plugins/target/LLVMCPU/internal/BUILD.bazel	blob	100644	3c7047e2c64c82e3a9768c6dc000bd2a5e88688d
compiler/plugins/target/LLVMCPU/internal/CMakeLists.txt	blob	100644	3bae68ed2dfe5df46f3d62b192ba44cbd635e64f
compiler/plugins/target/LLVMCPU/internal/EmbeddedLinkerTool.cpp	blob	100644	244979c7ca878360d6034c2ba6f44c81023fb38c
compiler/plugins/target/LLVMCPU/internal/LinkerTools.cpp	blob	100644	c28aeab36b9ac5a83065658e4027fc2e64acca17
compiler/plugins/target/LLVMCPU/internal/UnixLinkerTool.cpp	blob	100644	529a036182dc9128d521df3d9dbeae4d37221bcd
compiler/plugins/target/LLVMCPU/internal/WasmLinkerTool.cpp	blob	100644	5ae6f60fad79af92d0152c39ddefb14c83931c22
compiler/plugins/target/LLVMCPU/internal/WindowsLinkerTool.cpp	blob	100644	db37322a1c965df1f5507b3eb692758ce0a11431
compiler/plugins/target/LLVMCPU/test/BUILD.bazel	blob	100644	496cb7698608cf87416abff0ad83fdeb3be5bbe9
compiler/plugins/target/LLVMCPU/test/CMakeLists.txt	blob	100644	1d3009334f5f7cc86a597ceebcb9326dddb2d5f2
compiler/plugins/target/LLVMCPU/test/hal_target_device_attributes.mlir	blob	100644	786209559ecdc02d85dc7ef1660b168f42c00fe6
compiler/plugins/target/LLVMCPU/test/materialize_homogeneous_encodings.mlir	blob	100644	8f3f4f88d567584dd150a4c1f5495701e4e31952
compiler/plugins/target/LLVMCPU/test/smoketest_embedded.mlir	blob	100644	dd4353c5011b0a8039d2aaef6ed7b50b50396717
compiler/plugins/target/LLVMCPU/test/smoketest_system.mlir	blob	100644	ccd574ad0c322fda53c6a2c53831fad75984f384
compiler/plugins/target/Local/BUILD.bazel	blob	100644	00dd8abf4369a1cfd99aa360b29f6784323395bb
compiler/plugins/target/Local/CMakeLists.txt	blob	100644	6e898493616b22c38f6a884fddef0fca3d50ab57
compiler/plugins/target/Local/LocalTarget.cpp	blob	100644	ec108173b6f1bc165874d29fb85994efe5db6842
compiler/plugins/target/MetalSPIRV/BUILD.bazel	blob	100644	9ef8f2ed33bc30c48699b4a73f9f68e6f7c0094f
compiler/plugins/target/MetalSPIRV/CMakeLists.txt	blob	100644	9f54f2fee12821ea9311c7f66870d2b001658f1c
compiler/plugins/target/MetalSPIRV/MSLToMetalLib.cpp	blob	100644	c50969dab99d0f7f1a48288d52c488cce0c8a17b
compiler/plugins/target/MetalSPIRV/MSLToMetalLib.h	blob	100644	9420bf83c5811f1d632c669ad84da6e08af0176e
compiler/plugins/target/MetalSPIRV/MetalSPIRVTarget.cpp	blob	100644	feb61b22784f225687ea8f38eb6c26176aec6adc
compiler/plugins/target/MetalSPIRV/MetalTargetPlatform.h	blob	100644	6ebeb31fb753f2f739c6a5727fcb6cce36fcf49d
compiler/plugins/target/MetalSPIRV/SPIRVToMSL.cpp	blob	100644	070ae48d02ed432e2f83d03fdf4fa12bee822abf
compiler/plugins/target/MetalSPIRV/SPIRVToMSL.h	blob	100644	8b2beccf5001bfa45510820b5f6409ea9aef6535
compiler/plugins/target/MetalSPIRV/test/BUILD.bazel	blob	100644	9eeac27b697478c33a5a6adf22341cd22ec01ff2
compiler/plugins/target/MetalSPIRV/test/CMakeLists.txt	blob	100644	3327780fd40e947e88798cef6d95187516a0b3fd
compiler/plugins/target/MetalSPIRV/test/smoketest.mlir	blob	100644	425d2b9e210e2fd173f069d7adb801f1426ef3ea
compiler/plugins/target/README.md	blob	100644	c63a8282f9ef89bad1eac0fc8913fedcabd00b98
compiler/plugins/target/ROCM/BUILD.bazel	blob	100644	ed8ae58d02e00595bfa66330c2d32c723a30ac06
compiler/plugins/target/ROCM/CMakeLists.txt	blob	100644	7a77b04b854f3b7f0f2c21ae8fa03a220c3644c7
compiler/plugins/target/ROCM/Dialect/BUILD.bazel	blob	100644	5e68f0007984a7240c0e32e44e91acb1889d3c14
compiler/plugins/target/ROCM/Dialect/CMakeLists.txt	blob	100644	361be12b7b9e9a13d77a3ca44ebac85a203f6fee
compiler/plugins/target/ROCM/Dialect/ROCM/BUILD.bazel	blob	100644	5e68f0007984a7240c0e32e44e91acb1889d3c14
compiler/plugins/target/ROCM/Dialect/ROCM/CMakeLists.txt	blob	100644	379db49974c259b625ba6ea6b36e504548c7d57f
compiler/plugins/target/ROCM/Dialect/ROCM/IR/BUILD.bazel	blob	100644	3c37fbacaba302b7c228a996a90a43812e4cb381
compiler/plugins/target/ROCM/Dialect/ROCM/IR/CMakeLists.txt	blob	100644	ce152e5f2f92e317f8d8ef618201e7b70c2031f7
compiler/plugins/target/ROCM/Dialect/ROCM/IR/ROCMAttrs.cpp	blob	100644	c5c517f8a0f64cd8995c11afdea90e1491d63500
compiler/plugins/target/ROCM/Dialect/ROCM/IR/ROCMAttrs.h	blob	100644	104e250f40c4bbb5a263bd0f2d8365226af09d69
compiler/plugins/target/ROCM/Dialect/ROCM/IR/ROCMAttrs.td	blob	100644	d2afba84e0f5b4189fcaa86a8aaea99304a52f44
compiler/plugins/target/ROCM/Dialect/ROCM/IR/ROCMBuiltinManager.cpp	blob	100644	c68180e8c8f2311debbbd06ef869affb94496ba0
compiler/plugins/target/ROCM/Dialect/ROCM/IR/ROCMDialect.cpp	blob	100644	72bbdfd441924a7f709c077548708eee495b6396
compiler/plugins/target/ROCM/Dialect/ROCM/IR/ROCMDialect.h	blob	100644	f7dea94d0169446ef30ffba0e6e68f06d206a678
compiler/plugins/target/ROCM/Dialect/ROCM/IR/ROCMDialect.td	blob	100644	b6b956bfb1ba58afeeb953d3d037da4563ae9f5c
compiler/plugins/target/ROCM/Dialect/ROCM/IR/ROCMUkernelBitcodeSupport.cpp	blob	100644	78ded65938e82c535e6c7b207f58dbaee424dfda
compiler/plugins/target/ROCM/Dialect/ROCM/IR/ROCMUkernelBitcodeSupport.h	blob	100644	5b33db9ca874d607f5878d4f60b15451cf235f8d
compiler/plugins/target/ROCM/Dialect/ROCM/IR/test/BUILD.bazel	blob	100644	3f3c8fb9651b1b2a9aa0bbe85e7f564d5ee14480
compiler/plugins/target/ROCM/Dialect/ROCM/IR/test/CMakeLists.txt	blob	100644	d14c046f8cd8f4fc3a32afc36e6bdc46d906479e
compiler/plugins/target/ROCM/Dialect/ROCM/IR/test/roundtrip.mlir	blob	100644	2d9823fb9d6c3c650e69ea736879b25b976921b3
compiler/plugins/target/ROCM/Dialect/ROCM/Transforms/ApplyBuiltinPDLPatterns.cpp	blob	100644	eedb9b43b00b87f3f192f1fc837637a5356906e7
compiler/plugins/target/ROCM/Dialect/ROCM/Transforms/BUILD.bazel	blob	100644	3dbaf6bd13f11d67d5a6094705150ebe4ba3f08e
compiler/plugins/target/ROCM/Dialect/ROCM/Transforms/CMakeLists.txt	blob	100644	ec9ee5e098950835672d45b6c8d3fd7a4ceed73d
compiler/plugins/target/ROCM/Dialect/ROCM/Transforms/Passes.cpp	blob	100644	c048831d1ae5b940a95a5dacc06271cf7e4ab3cd
compiler/plugins/target/ROCM/Dialect/ROCM/Transforms/Passes.h	blob	100644	7a8dfefdca9ecf9446334a1a2438125f1b0da03b
compiler/plugins/target/ROCM/Dialect/ROCM/Transforms/Passes.td	blob	100644	0c4c5007c74933dd54cdbfd23aca984e80aa6351
compiler/plugins/target/ROCM/Dialect/ROCM/Transforms/test/BUILD.bazel	blob	100644	a87b659550cd89a739618ad8a65b72e6ce52d74c
compiler/plugins/target/ROCM/Dialect/ROCM/Transforms/test/CMakeLists.txt	blob	100644	45224bc2132c87ac93e7db746774e3781c2767bb
compiler/plugins/target/ROCM/Dialect/ROCM/Transforms/test/apply_builtin_pdl_patterns.mlir	blob	100644	149b83309dd44e76f20de2af52299c2447248a54
compiler/plugins/target/ROCM/Dialect/ROCM/Transforms/test/apply_builtin_ukernel_pdl_patterns.mlir	blob	100644	e45afdd9e7769cc7fd41d1fa782eb6ab116a0386
compiler/plugins/target/ROCM/Dialect/ROCM/Transforms/test/apply_builtin_ukernel_pdl_patterns_driver.mlir	blob	100644	b994ca1cae9bda989dc442a1bd8ea63b7c2bb363
compiler/plugins/target/ROCM/ROCMTarget.cpp	blob	100644	1b83dcdb20853b6fd31fa3010f1e9c7944418947
compiler/plugins/target/ROCM/ROCMTargetUtils.cpp	blob	100644	f96936523a99d158486e2821482f430b94c6aa2c
compiler/plugins/target/ROCM/ROCMTargetUtils.h	blob	100644	37528b0ef7e37598ca492d9461735354371a347c
compiler/plugins/target/ROCM/builtins/CMakeLists.txt	blob	100644	02d4284ab18debd34cd6b259af8a060f070fe40e
compiler/plugins/target/ROCM/builtins/mlir_ukernel/BUILD.bazel	blob	100644	2cd50d25f8b48a3f05f26e6c8ebf340b45ec7c0e
compiler/plugins/target/ROCM/builtins/mlir_ukernel/CMakeLists.txt	blob	100644	35299e57dbfe818bb5cb5b7f2d452fe9b5f94851
compiler/plugins/target/ROCM/builtins/mlir_ukernel/iree_uk_amdgpu_dt_matmul_f16.mlir	blob	100644	23cb9ea87729eeb075bd76864ce38b1bb0303fa2
compiler/plugins/target/ROCM/builtins/mlir_ukernel/iree_uk_amdgpu_dt_matmul_f8E4M3FN.mlir	blob	100644	5a5415ee3dbeae8801b65947c9cca1ca2e4a83cd
compiler/plugins/target/ROCM/builtins/mlir_ukernel/iree_uk_amdgpu_dt_matmul_f8E4M3FNUZ.mlir	blob	100644	83aae08b428139f008d73a73beb3bcea65e27371
compiler/plugins/target/ROCM/builtins/mlir_ukernel/iree_uk_amdgpu_dt_scaled_matmul_f4E2M1FN.mlir	blob	100644	c57367827aeaae761554623bde817b344a017136
compiler/plugins/target/ROCM/builtins/mlir_ukernel/iree_uk_amdgpu_matmul_bf16.mlir	blob	100644	29290324a9e7c65f8ea0ddec2a52e127044b3949
compiler/plugins/target/ROCM/builtins/mlir_ukernel/iree_uk_amdgpu_matmul_f16.mlir	blob	100644	addcd281a0850c2ef6c41cb04d5a648b8d7523ac
compiler/plugins/target/ROCM/builtins/mlir_ukernel/iree_uk_amdgpu_matmul_f8E4M3FN.mlir	blob	100644	9c643bcb4636dc6dbb494cfa14da0c89b7201d05
compiler/plugins/target/ROCM/builtins/mlir_ukernel/iree_uk_amdgpu_matmul_f8E4M3FNUZ.mlir	blob	100644	e30e4da819f5adf9afea7ea5d5de1e43e616e5aa
compiler/plugins/target/ROCM/builtins/mlir_ukernel/ukernel_patterns_gfx942.mlir	blob	100644	6097cae1ef979d5aff4b3c5ddce48b5310692c5c
compiler/plugins/target/ROCM/builtins/mlir_ukernel/ukernel_patterns_gfx950.mlir	blob	100644	a267995c871e53489d06b547c1c5756d0a159773
compiler/plugins/target/ROCM/builtins/specialization/BUILD.bazel	blob	100644	586d5825c9c50ead32af1fc188552c258d11f389
compiler/plugins/target/ROCM/builtins/specialization/CMakeLists.txt	blob	100644	b77361048aa6c821df9e210b9ca3d8a1693b372b
compiler/plugins/target/ROCM/builtins/specialization/specialization_patterns_gfx942.mlir	blob	100644	978ea0b06c1bb0be367945fd47553ff4c115c817
compiler/plugins/target/ROCM/builtins/specialization/specialization_patterns_gfx950.mlir	blob	100644	9644e064fef40bcd11e18f31ec1fe35ee415a80a
compiler/plugins/target/ROCM/builtins/tuning/BUILD.bazel	blob	100644	00fc739578dbd3a625c2ebbc06e447a6da051e40
compiler/plugins/target/ROCM/builtins/tuning/CMakeLists.txt	blob	100644	a04c528edc6c47ed2530dcef57a90fe1fce5fe6c
compiler/plugins/target/ROCM/builtins/tuning/iree_default_tuning_spec_gfx942.mlir	blob	100644	7f6b3c202439634c47afca5550063a468515a61b
compiler/plugins/target/ROCM/builtins/tuning/test/BUILD.bazel	blob	100644	ab6ada2de4b1e5e2f818e486adfd4ae829232d40
compiler/plugins/target/ROCM/builtins/tuning/test/CMakeLists.txt	blob	100644	0ed361461c04cffb77f56cfdc3cc999906996277
compiler/plugins/target/ROCM/builtins/tuning/test/spec_gfx942.mlir	blob	100644	732152745a0013a6c7778d6e0146c0268e0747a9
compiler/plugins/target/ROCM/builtins/ukernel/BUILD.bazel	blob	100644	1f780764f83c9cff01c180c2fcf0c7f6ef65fca9
compiler/plugins/target/ROCM/builtins/ukernel/CMakeLists.txt	blob	100644	5a128b666c6aae5a31f082f70737324c56c19038
compiler/plugins/target/ROCM/builtins/ukernel/common.h	blob	100644	0d685eba54d7c4fcb8a78a2cb0c26791869ece5d
compiler/plugins/target/ROCM/builtins/ukernel/compile_flags.txt	blob	100644	6bbb3dbde94b1351b802dba34de2c4c17001c1b3
compiler/plugins/target/ROCM/builtins/ukernel/iree_uk_amdgpu_argmax_bf16i32.c	blob	100644	cb542ed9d0a54350a23e3e0f062e8454ad145088
compiler/plugins/target/ROCM/builtins/ukernel/iree_uk_amdgpu_argmax_bf16i64.c	blob	100644	d68f27693e2d3c882713534db6abc605b0b4c122
compiler/plugins/target/ROCM/builtins/ukernel/iree_uk_amdgpu_argmax_f16i32.c	blob	100644	d2ee3cff419a325b7be3dd133e8fdb366eaeaf4b
compiler/plugins/target/ROCM/builtins/ukernel/iree_uk_amdgpu_argmax_f16i64.c	blob	100644	fd00bc8c1c337fa0372a2b808fac0c705aab4629
compiler/plugins/target/ROCM/builtins/ukernel/iree_uk_amdgpu_argmax_f32i32.c	blob	100644	7819020f9f0fa46f158bb3debf0da9a7d9c025e2
compiler/plugins/target/ROCM/builtins/ukernel/iree_uk_amdgpu_argmax_f32i64.c	blob	100644	d608d2368e6966d0b068e8fe4a69eca2d594d307
compiler/plugins/target/ROCM/builtins/ukernel/iree_uk_amdgpu_multi_mma_mfma_i32_16x16x32_i8.c	blob	100644	8a943b2d6fe1b09f9471e142d29213696cf3a7aa
compiler/plugins/target/ROCM/builtins/ukernel/test/CMakeLists.txt	blob	100644	ab4a54778724065e4e4273beabce22e849eadddc
compiler/plugins/target/ROCM/builtins/ukernel/test/argmax_linking.mlir	blob	100644	7201296524b96f1d1281f86c3843edda1e53e6a9
compiler/plugins/target/ROCM/builtins/ukernel/test/ukernel_inlining.mlir	blob	100644	32040d226d594ae72925bae4de5dcff0b4e1ac41
compiler/plugins/target/ROCM/test/BUILD.bazel	blob	100644	485483c259b80b6772784cfbf4c0871c4b382ab0
compiler/plugins/target/ROCM/test/CMakeLists.txt	blob	100644	eb37910f429eefa3e1b1ef526c6c0a7b0ab8c79d
compiler/plugins/target/ROCM/test/config_ukernel_argmax_gfx908.mlir	blob	100644	67d411e3c8ac61d32bad67e4610cdd2115856090
compiler/plugins/target/ROCM/test/config_ukernel_argmax_gfx942.mlir	blob	100644	e7cd19e6e4cd58527ae8e1256a2e549207043b95
compiler/plugins/target/ROCM/test/config_ukernel_data_tiled_mma_gfx942.mlir	blob	100644	f38d2f40c88508126f9173a02830fbd7d9bb1318
compiler/plugins/target/ROCM/test/default_subgroup_size.mlir	blob	100644	b5e4309aad677126a31fe6f475d41d14a9b2a893
compiler/plugins/target/ROCM/test/default_tuning_specs_amdgpu.mlir	blob	100644	32502d2021898caee064c347679302d2f26d8c74
compiler/plugins/target/ROCM/test/emit_debug_info.mlir	blob	100644	02c48b27f836eda5a8a944adcfcc2f2dbe956799
compiler/plugins/target/ROCM/test/enable_tensor_ukernels.mlir	blob	100644	ba5dfee126c715a1b557b818c1154d8da9a6a939
compiler/plugins/target/ROCM/test/external_function_validation.mlir	blob	100644	a2561a4b81bb1acb9710a3b7794a8d514615b824
compiler/plugins/target/ROCM/test/gpu_encoding_attrs.mlir	blob	100644	3bc6cd3b54ae5702ae0e365cd59af87c75950b3f
compiler/plugins/target/ROCM/test/lower_rocm_tensor_ukernel_descriptor.mlir	blob	100644	f973a9523e7c8d080c2f51da952ecdd4cdfeccde
compiler/plugins/target/ROCM/test/lower_rocm_ukernel_descriptor.mlir	blob	100644	7dcf15a38d1de5ab067614b1c0159b1d0a955c1e
compiler/plugins/target/ROCM/test/lowering_strategy_from_tuning_spec.mlir	blob	100644	fb9710c6a68d7600d3416be14153005e3ed17f17
compiler/plugins/target/ROCM/test/materialize_encoding_ukernel_gfx942.mlir	blob	100644	58f18a83a91dc10d7e3e5f330bb856f59974e4fe
compiler/plugins/target/ROCM/test/materialize_encoding_ukernel_gfx950.mlir	blob	100644	77adeab6def71ca35c0ab4f22d54ead590257ff3
compiler/plugins/target/ROCM/test/module_target_triple.mlir	blob	100644	e99802816f8fa6aaa9d9d54e6a16d5057b529200
compiler/plugins/target/ROCM/test/smoketest.mlir	blob	100644	506ae6e1dbf7c11546cb68e7af98ec77c19910ca
compiler/plugins/target/ROCM/test/smoketest_hsaco.mlir	blob	100644	195b5e247b6cc4df7240cb4d7e699f681841d089
compiler/plugins/target/ROCM/test/target_device_features.mlir	blob	100644	c8ce50b6a694cd8ec8321a45ea03f1466507f9aa
compiler/plugins/target/ROCM/test/target_feature_serialization.mlir	blob	100644	f3b452ca64dd6258f53561cde63347c2da201872
compiler/plugins/target/ROCM/test/tuning_spec_mmt_tile_and_fuse.mlir	blob	100644	d11f9829ee72b56f0f88c4a62fa3a1a4259b43d9
compiler/plugins/target/ROCM/test/tuning_spec_mmt_tile_and_fuse_default.mlir	blob	100644	2d7cd62ec0aac391b48989f6dee67df485058278
compiler/plugins/target/ROCM/test/ukernel_pipeline_transform.mlir	blob	100644	b09fece1ae0bffa1bc4ac7f0eb806b5c8018db34
compiler/plugins/target/VMVX/BUILD.bazel	blob	100644	dcb507b137e8ae6a0d69aa57d4173b68bd0c102d
compiler/plugins/target/VMVX/CMakeLists.txt	blob	100644	569ccd09be0a112b3cb31625c5ef9eeab84086d3
compiler/plugins/target/VMVX/VMVXTarget.cpp	blob	100644	f1a97dbfc1805928009094b334e04d115a09c929
compiler/plugins/target/VMVX/test/BUILD.bazel	blob	100644	1fdf96d9a36f467133313bc94eb226afdb1a0ca4
compiler/plugins/target/VMVX/test/CMakeLists.txt	blob	100644	47eb5893dfda34f260cfd12012c056f621edebeb
compiler/plugins/target/VMVX/test/smoketest.mlir	blob	100644	0b2834da1cda838a4891695be9d0d2db62dfbbe2
compiler/plugins/target/VulkanSPIRV/BUILD.bazel	blob	100644	418f67966c3690c91496a278a901df7d8844a716
compiler/plugins/target/VulkanSPIRV/CMakeLists.txt	blob	100644	7517ba22d4fcaf506de6466aa529c9f7801de1c8
compiler/plugins/target/VulkanSPIRV/VulkanSPIRVTarget.cpp	blob	100644	23795b564059ad242cb791ae1972eaee9cd51795
compiler/plugins/target/VulkanSPIRV/test/BUILD.bazel	blob	100644	7afbb362903193ed7440b001d74e29ef9ff6b981
compiler/plugins/target/VulkanSPIRV/test/CMakeLists.txt	blob	100644	edcedf1587970586e4e75755db97d8d3ae20b688
compiler/plugins/target/VulkanSPIRV/test/hal_target_device_attributes.mlir	blob	100644	66fe2c81c1f596157922c8190bcaf5e4c24784a2
compiler/plugins/target/VulkanSPIRV/test/materialize_homogeneous_encodings.mlir	blob	100644	5544e60af9168595a1c3a8235a63d180f58a3c52
compiler/plugins/target/VulkanSPIRV/test/smoketest.mlir	blob	100644	7657a2204fabf16dbcd9fef6b9b851b8937eb607
compiler/plugins/target/VulkanSPIRV/test/target_device_features.mlir	blob	100644	1b2032087dc6938344eab0c785555daabd52e1ff
compiler/plugins/target/WebGPUSPIRV/BUILD.bazel	blob	100644	2dfe5c32ba002e79ef78894742a52bf1fb631144
compiler/plugins/target/WebGPUSPIRV/CMakeLists.txt	blob	100644	dccb51615446b763fba96ad8d7bdc487c17deeb0
compiler/plugins/target/WebGPUSPIRV/SPIRVToWGSL.cpp	blob	100644	a25ad5a6946d42e2e3e02552e631d0c52921614b
compiler/plugins/target/WebGPUSPIRV/SPIRVToWGSL.h	blob	100644	1cc0b2ca60b1ecc0ec5958bbb412e673141d1052
compiler/plugins/target/WebGPUSPIRV/WebGPUSPIRVTarget.cpp	blob	100644	b0ac676e028a480fc0c6b6b264d56e99fef871c1
compiler/plugins/target/WebGPUSPIRV/dawn/CMakeLists.txt	blob	100644	0df23c9ef395e6c99bc3a5e82423e2715d00405e
compiler/plugins/target/WebGPUSPIRV/spirv-headers/CMakeLists.txt	blob	100644	f4ba951698d2e760a9b4da9b67a71c7e1e7e7634
compiler/plugins/target/WebGPUSPIRV/spirv-tools/CMakeLists.txt	blob	100644	ccd8ff0605dacb22ca796251e94d16ba7370b446
compiler/plugins/target/WebGPUSPIRV/test/CMakeLists.txt	blob	100644	c25a33320843c39442987b979b4917fd6c9c9a88
compiler/plugins/target/WebGPUSPIRV/test/smoketest.mlir	blob	100644	025a8327be388a2c6b583e075a3d861a2f104038
compiler/pyproject.toml	blob	100644	004f1f6c0b4596eb1ad0b61e3ea1356913ee481c
compiler/setup.py	blob	100644	b0e243cca94d00e24158718f74bd99bb68a012c4
compiler/src/BUILD.bazel	blob	100644	92456dcb1e11a95f837b9a88c1cae844d3e4f120
compiler/src/CMakeLists.txt	blob	100644	a7a75bbc2a0e16d5241f8fd5bccb748f9bbd8079
compiler/src/iree/compiler/API/BUILD.bazel	blob	100644	59fd3514b20426c10ca8fa3f9ac4dd9b784c4f5c
compiler/src/iree/compiler/API/CMakeLists.txt	blob	100644	af3edc9810eb8ac7c28b8d5345755a76eb77dfd5
compiler/src/iree/compiler/API/Internal/BUILD.bazel	blob	100644	4de946e844433cb248bbde5224a1792cfe2885bf
compiler/src/iree/compiler/API/Internal/CMakeLists.txt	blob	100644	86315b4204dbcf7e9ca9f6826be54fd871908f1d
compiler/src/iree/compiler/API/Internal/CompilerDriver.cpp	blob	100644	a1d8b2903e800641aef04f1f091396728f7b89ff
compiler/src/iree/compiler/API/Internal/Diagnostics.cpp	blob	100644	2a4aa1d7ad35a32258da91e72a03574b27ecdc0f
compiler/src/iree/compiler/API/Internal/Diagnostics.h	blob	100644	7959cdef13a59dc6677b60367e033ee6e59dd106
compiler/src/iree/compiler/API/Internal/IREECodegenDialectCAPI.cpp	blob	100644	4abdf73625e570a83af78d65d0fac543d403e504
compiler/src/iree/compiler/API/Internal/IREECompileToolEntryPoint.cpp	blob	100644	3fc2ba0aa5639810b91734ed0db1c0a487e6a2c8
compiler/src/iree/compiler/API/Internal/IREEGPUDialectCAPI.cpp	blob	100644	10451cf3bf9975b4f86ea160a88b3d3d4fec7eef
compiler/src/iree/compiler/API/Internal/IREELinkToolEntryPoint.cpp	blob	100644	963bf9913652db04238354262da5a56217a50351
compiler/src/iree/compiler/API/Internal/IREEMLIRLSPServerToolEntryPoint.cpp	blob	100644	6300eed7d28931a7ce2929d9c5fa3e56bf6ee1d0
compiler/src/iree/compiler/API/Internal/IREEOptToolEntryPoint.cpp	blob	100644	75dc57bff6d3d40e66f6b7bcfca037dd36f46bcd
compiler/src/iree/compiler/API/Internal/IREEReduceToolEntryPoint.cpp	blob	100644	3b0e4f017f0435c7126673295fded71dacdf4720
compiler/src/iree/compiler/API/Internal/LLDToolEntryPoint.cpp	blob	100644	8c492f4d24b6c863a25a2454c468d000f854a164
compiler/src/iree/compiler/API/README.md	blob	100644	2168aeb956db83011d61aed16aee7fec8aca8be7
compiler/src/iree/compiler/API/api_exports.c	blob	100644	eae3d436e24c6a51ef323a2dbe5da60b9e1eaf30
compiler/src/iree/compiler/API/api_exports.def	blob	100644	f774f6aeb5a8f02857cfce9c98040a4b2dab1d85
compiler/src/iree/compiler/API/api_exports.ld	blob	100644	b7e32c18f4f8983a623478c1b7378121d2b10dbc
compiler/src/iree/compiler/API/api_exports.macos.lst	blob	100644	b3229c5fc55873806a5d9e9dbd43843d9db66a6c
compiler/src/iree/compiler/API/api_version.ld	blob	100644	1c288e845b12ffcc7347a34886bd3868c311df02
compiler/src/iree/compiler/API/empty.c	blob	100644	c4e7e9536871fd82aa6df7da27907ae5241637fa
compiler/src/iree/compiler/API/generate_exports.py	blob	100755	05d79fef99e303f56f7f4be5c25f23dc422a0c22
compiler/src/iree/compiler/API/test/BUILD.bazel	blob	100644	0504dda3f2cf00ebe7978e7e76eb3233e162cdd6
compiler/src/iree/compiler/API/test/CMakeLists.txt	blob	100644	611ae753a6d74957166a0cbacb197917acdc43b9
compiler/src/iree/compiler/API/test/api-test-main.c	blob	100644	fcf5562a90160ed305510a2ffc55121765df3b7c
compiler/src/iree/compiler/API/test/codegen_flags_test.cc	blob	100644	8ac241b07301f6dcdea8a330cfe5bb8f0d3909b7
compiler/src/iree/compiler/Bindings/BUILD.bazel	blob	100644	f27d209ddf951681d534f8871a64ce56c0c6d521
compiler/src/iree/compiler/Bindings/CMakeLists.txt	blob	100644	353981bffe11a653fa3bc2f8f77e69aaf59440fc
compiler/src/iree/compiler/Bindings/Native/BUILD.bazel	blob	100644	f27d209ddf951681d534f8871a64ce56c0c6d521
compiler/src/iree/compiler/Bindings/Native/CMakeLists.txt	blob	100644	cbbd11e718dbcaf5dfd833144edf7bcb20c8fb50
compiler/src/iree/compiler/Bindings/Native/Transforms/BUILD.bazel	blob	100644	96a8f61b4a1ad06b288cc86e24a4d483f42b8163
compiler/src/iree/compiler/Bindings/Native/Transforms/CMakeLists.txt	blob	100644	8cf1fa3af21165f94d9b42ef0b08bd216d0554c8
compiler/src/iree/compiler/Bindings/Native/Transforms/ConvertStreamableOps.cpp	blob	100644	0d258f8c204a1e16e598c7aa399de68f15f5602c
compiler/src/iree/compiler/Bindings/Native/Transforms/Passes.cpp	blob	100644	507a6f8d5d57aca49fb8f63f12268063fbb101da
compiler/src/iree/compiler/Bindings/Native/Transforms/Passes.h	blob	100644	32957eae7db471ea7086dd5cd9bc394e4964cc21
compiler/src/iree/compiler/Bindings/Native/Transforms/Passes.td	blob	100644	5ccd1141146db6c273116fd4d73baaa18326d878
compiler/src/iree/compiler/Bindings/Native/Transforms/WrapEntryPoints.cpp	blob	100644	8f168166f8970d3d847467d8c46ce5fc0a45eeea
compiler/src/iree/compiler/Bindings/Native/Transforms/test/BUILD.bazel	blob	100644	e44c2a853dc8867d36fe5b89a33e0ca742e88e74
compiler/src/iree/compiler/Bindings/Native/Transforms/test/CMakeLists.txt	blob	100644	db27e9aafa2b7c22d25b2b9e735bc6dce3c3e675
compiler/src/iree/compiler/Bindings/Native/Transforms/test/convert_streamable_ops.mlir	blob	100644	b6d22098f8adc35b3d6f80cf62dde5cdcc211b31
compiler/src/iree/compiler/Bindings/Native/Transforms/test/wrap_entry_points.mlir	blob	100644	a4c789461b6c2c148c882b44cae7c4b3d29eb1ab
compiler/src/iree/compiler/Bindings/Native/Transforms/test/wrap_entry_points_coarse_fences.mlir	blob	100644	e1a895ef397bf1b477be7da3e69d3602516a91e8
compiler/src/iree/compiler/Bindings/TFLite/BUILD.bazel	blob	100644	f27d209ddf951681d534f8871a64ce56c0c6d521
compiler/src/iree/compiler/Bindings/TFLite/CMakeLists.txt	blob	100644	5005910fe2bd32627f19e3a3f9cec9f3bd659276
compiler/src/iree/compiler/Bindings/TFLite/Transforms/BUILD.bazel	blob	100644	85491fae617a0b047a0d449d48c1e431f420bed7
compiler/src/iree/compiler/Bindings/TFLite/Transforms/CMakeLists.txt	blob	100644	494428397cb39bb6263dd81ba18e32b253c0207d
compiler/src/iree/compiler/Bindings/TFLite/Transforms/Passes.cpp	blob	100644	5129d3ba0d6515e2f63a7c4a1519ab8856efbe2a
compiler/src/iree/compiler/Bindings/TFLite/Transforms/Passes.h	blob	100644	53734d653d6401fba533f2d13386c0dd3a21adb4
compiler/src/iree/compiler/Bindings/TFLite/Transforms/Passes.td	blob	100644	f9d6a906b6796620223b2b116522a1470d05e88f
compiler/src/iree/compiler/Bindings/TFLite/Transforms/WrapEntryPoints.cpp	blob	100644	ae0fb5fb0d4c9afd146e163dec01327264d5dfe2
compiler/src/iree/compiler/Bindings/TFLite/Transforms/test/BUILD.bazel	blob	100644	c6692436852ad4c414cb127ead9bf2267825f302
compiler/src/iree/compiler/Bindings/TFLite/Transforms/test/CMakeLists.txt	blob	100644	a3f1ecec00f0e6bfa974855b8e8adc879a74fcf7
compiler/src/iree/compiler/Bindings/TFLite/Transforms/test/wrap_entry_points.mlir	blob	100644	951351ab7938d6767a945f0f6d4e61c5c0847f90
compiler/src/iree/compiler/CMakeLists.txt	blob	100644	63535ef573bac15453049231cf11bdcf7e3732d1
compiler/src/iree/compiler/Codegen/BUILD.bazel	blob	100644	ac7e09b916371c22bb1c6ba14fa30347ddb69970
compiler/src/iree/compiler/Codegen/CMakeLists.txt	blob	100644	bdaabaac49dac617d5303699b748513e20c83d63
compiler/src/iree/compiler/Codegen/Common/AbsorbSwizzleHintToAlloc.cpp	blob	100644	486e8cf09756df216bee28396e3572df360af715
compiler/src/iree/compiler/Codegen/Common/AddFastMathFlags.cpp	blob	100644	a77574698fbad877a92942a5ee08bbc789fe2b48
compiler/src/iree/compiler/Codegen/Common/BUILD.bazel	blob	100644	fa6dd7e8158d6dc879051f911c64ab4c6b4ab36a
compiler/src/iree/compiler/Codegen/Common/BlockDynamicDimensions.cpp	blob	100644	d4908f95f20d615f93a9b16d2e027b343b1c6863
compiler/src/iree/compiler/Codegen/Common/BubbleUpOrdinalOps.cpp	blob	100644	810dfd9fe64bfb77d12cc72cee94e804663e9007
compiler/src/iree/compiler/Codegen/Common/BufferizationAnalysis.cpp	blob	100644	85df9f8b316576b6e8ad477f6c1040ba87405352
compiler/src/iree/compiler/Codegen/Common/BufferizationAnalysis.h	blob	100644	7d7f0146cfe3f2d4822812fe98e3140a87836954
compiler/src/iree/compiler/Codegen/Common/BufferizeCopyOnlyDispatches.cpp	blob	100644	026de068368eb064e6e41909e3468f87e9754f0e
compiler/src/iree/compiler/Codegen/Common/BufferizeDispatchTensorLoadStore.cpp	blob	100644	c043e2ec75f09030c98735af8be120cd9db2f475
compiler/src/iree/compiler/Codegen/Common/CMakeLists.txt	blob	100644	0b38a523d4c4d3ee7901dec5b88d16b0056a309c
compiler/src/iree/compiler/Codegen/Common/CPU/BUILD.bazel	blob	100644	1ef369d0b4e9d1d1688607fd08d8bcdd84b1bc53
compiler/src/iree/compiler/Codegen/Common/CPU/CMakeLists.txt	blob	100644	c5880027f6be8c77938f623a3be8f22e336aa0e1
compiler/src/iree/compiler/Codegen/Common/CPU/CPULowerToUKernels.cpp	blob	100644	fdecb8198e07c681db9b2598b5897bedf2d9e1a3
compiler/src/iree/compiler/Codegen/Common/CPU/CPUPrepareUkernels.cpp	blob	100644	9efba65f37217f727168965ac4f7c87ac2b86fed
compiler/src/iree/compiler/Codegen/Common/CPU/CPUPropagateDataLayout.cpp	blob	100644	cfac2075869659a764f06b08f6070c24f5466d20
compiler/src/iree/compiler/Codegen/Common/CPU/Passes.cpp	blob	100644	8bd7fa5285f80a5fd49d70cd4f3210b39b4acfb9
compiler/src/iree/compiler/Codegen/Common/CPU/Passes.h	blob	100644	df1b46562492434964be17344abe4e539b3115f4
compiler/src/iree/compiler/Codegen/Common/CPU/Passes.td	blob	100644	b3f17dcdd7efcbdb45a0ce7a22d4a42cafa669e8
compiler/src/iree/compiler/Codegen/Common/CPU/test/BUILD.bazel	blob	100644	5d9602f34c0209b49908055b4ec7bfefa726a4f4
compiler/src/iree/compiler/Codegen/Common/CPU/test/CMakeLists.txt	blob	100644	8bdf11eecf443f075ba741fcf1cb273b27ee6aa1
compiler/src/iree/compiler/Codegen/Common/CPU/test/lower_to_ukernel_ops.mlir	blob	100644	ff1f9bc8e778406483e1eb6ae1f1e57300227382
compiler/src/iree/compiler/Codegen/Common/CPU/test/prepare_ukernels.mlir	blob	100644	cf62f40fc1b84ff587fc4bea701c97368f59ea9d
compiler/src/iree/compiler/Codegen/Common/CPU/test/propagate_data_layout.mlir	blob	100644	0f85696e091e49465a9c314b22941cabec165f94
compiler/src/iree/compiler/Codegen/Common/CleanupBufferAllocView.cpp	blob	100644	3803942843acf1171e15f2339515584c23481776
compiler/src/iree/compiler/Codegen/Common/CombineLayoutTransformation.cpp	blob	100644	9db8fcbcd015f36c028ce422de0cf811da88d94b
compiler/src/iree/compiler/Codegen/Common/CombineLayoutTransformation.h	blob	100644	b869402b3106cbaa330345058c793489f0668bdb
compiler/src/iree/compiler/Codegen/Common/CommonDialectRegistration.cpp	blob	100644	8bb62d3baae4e30f967e049d8a7a9b089d3b69b2
compiler/src/iree/compiler/Codegen/Common/ConcretizePadResultShape.cpp	blob	100644	c7f2f425bb3c5657f8aa50a6fbd74b5f471dfb8e
compiler/src/iree/compiler/Codegen/Common/ConfigTrackingCanonicalizer.cpp	blob	100644	71e3b933b9f327c79896701541a6cd455944ce7c
compiler/src/iree/compiler/Codegen/Common/ConvertAccGEMMToGEMM.cpp	blob	100644	10db0992393f946f75ca0e7e035708e1681fb781
compiler/src/iree/compiler/Codegen/Common/ConvertBf16ArithToF32.cpp	blob	100644	764110883f4fcdbf0c1288a9e0ccffd78062323a
compiler/src/iree/compiler/Codegen/Common/ConvertConstraintsToSMT.cpp	blob	100644	df6405660a3a573bfd235eca3de8c8d3e4f59860
compiler/src/iree/compiler/Codegen/Common/ConvertUnsupportedFloatArith.cpp	blob	100644	b69d848456e71389085c63a6fb23998da2456a83
compiler/src/iree/compiler/Codegen/Common/ConvertUnsupportedFloatToIntBuffers.cpp	blob	100644	ae4eed04045622cf5d874d53f454cb7bea86f759
compiler/src/iree/compiler/Codegen/Common/ConvertWorkgroupForallToPCF.cpp	blob	100644	651109e8bf0ba225e59d151945d820fc107db0c8
compiler/src/iree/compiler/Codegen/Common/ConvolutionToIGEMM.cpp	blob	100644	285b4980a0d812acb90b889f7d99c92c3d706cb9
compiler/src/iree/compiler/Codegen/Common/CreateDispatchConfig.cpp	blob	100644	ac0489f902427410bda40019784c52ddcd8799ef
compiler/src/iree/compiler/Codegen/Common/DecomposeAffineOps.cpp	blob	100644	d83dc39b18a25afe2de2d049571465340c4d2def
compiler/src/iree/compiler/Codegen/Common/DecomposeConvolutionToLowerDimOps.cpp	blob	100644	e5f37c23d8463a50b583a839bb661c1e8645acd4
compiler/src/iree/compiler/Codegen/Common/DecomposeLinalgGeneric.cpp	blob	100644	cdf486aae4d873dfcbabe7cb74f33846daebd668
compiler/src/iree/compiler/Codegen/Common/DecomposePackUnPackOps.cpp	blob	100644	5300635b7726c38916ca402d77d5827a2e169e8b
compiler/src/iree/compiler/Codegen/Common/DecomposeSoftmax.cpp	blob	100644	579c8e59ed9e8fa87c74e124133cec926ca26a03
compiler/src/iree/compiler/Codegen/Common/DropSchedule.cpp	blob	100644	441999b3b92a8ff0b337068b8f90cc271883fead
compiler/src/iree/compiler/Codegen/Common/DropVectorUnitDims.cpp	blob	100644	ce634ee74bc738ddeecb976cc187d51ba1a77f54
compiler/src/iree/compiler/Codegen/Common/EmulateNarrowType.cpp	blob	100644	0edce9336fb5f862fae257b67079f62eb869a092
compiler/src/iree/compiler/Codegen/Common/EmulateNarrowType.h	blob	100644	5a36c34b82b53ae22cf48699015ecf35ce028375
compiler/src/iree/compiler/Codegen/Common/EncodingUtils.cpp	blob	100644	c7785024a2b358cf5121dda50ce64db66cdd760b
compiler/src/iree/compiler/Codegen/Common/EncodingUtils.h	blob	100644	7f77fed53ebefa2da818239429be4cecac967b9c
compiler/src/iree/compiler/Codegen/Common/EraseDeadAllocAndStores.cpp	blob	100644	c955122f638246a63db38432dc3aaa857999113a
compiler/src/iree/compiler/Codegen/Common/EraseHALDescriptorTypeFromMemRef.cpp	blob	100644	8d978d85c473ac5c3a654aea09032dfec52d5e28
compiler/src/iree/compiler/Codegen/Common/ErrorCheckingTrackingListener.cpp	blob	100644	91285ec78cd31c1cd3dd59a172eeb67f62b1a64e
compiler/src/iree/compiler/Codegen/Common/ErrorCheckingTrackingListener.h	blob	100644	35ea97d88136de8d88bff40203878169fd0fdfc6
compiler/src/iree/compiler/Codegen/Common/FastMathPatterns.cpp	blob	100644	2f9bed474313ece44b16d2f9a9161dc611d32b9e
compiler/src/iree/compiler/Codegen/Common/FastMathPatterns.h	blob	100644	2800a6b5a2cbd2297c324b95e53ae74d98bc217a
compiler/src/iree/compiler/Codegen/Common/FissionTransferOpsInControlFlow.cpp	blob	100644	9d7e380d0b9790b5d1b0f2f8ad4f198f199dc415
compiler/src/iree/compiler/Codegen/Common/FlattenMemRefSubspan.cpp	blob	100644	6c108294f8056b84292430527acc35a62f388248
compiler/src/iree/compiler/Codegen/Common/FlattenMemRefs.cpp	blob	100644	2319299e11071149e165447fac17d194f3d92a50
compiler/src/iree/compiler/Codegen/Common/FlattenSwizzleHintAllocs.cpp	blob	100644	235ab5176d231163dc1c7b501b5f8a095d5d8770
compiler/src/iree/compiler/Codegen/Common/FoldAffineMinInDistributedLoops.cpp	blob	100644	29650e8d1c0e02fefdd63fca8097b55b70f214f5
compiler/src/iree/compiler/Codegen/Common/FoldSplitReductionAndWorkgroupMappingLoops.cpp	blob	100644	bb1f49ed3cff29b20b82a1b823fb670ff37e48ef
compiler/src/iree/compiler/Codegen/Common/FoldTensorExtractOp.cpp	blob	100644	7ddd611d8a2eb880aaab6d56828dafc889a2066a
compiler/src/iree/compiler/Codegen/Common/FoldTensorExtractOp.td	blob	100644	4bf472cfdc113e73c76e91bda421513acb6f8b73
compiler/src/iree/compiler/Codegen/Common/FoldTensorSubsetIntoVectorTransferOps.cpp	blob	100644	e98b4227b0116f9cd28176ffb4c8ce44e930e917
compiler/src/iree/compiler/Codegen/Common/ForOpCanonicalization.cpp	blob	100644	15be4b86df88ee21661dbf6a9ef3b8dda6f60dcb
compiler/src/iree/compiler/Codegen/Common/ForallToFor.cpp	blob	100644	1b98c0a91587bd9f83ca9d01d23480c7f7ebfc49
compiler/src/iree/compiler/Codegen/Common/FuseTensorPadWithConsumer.cpp	blob	100644	9bb51e148c4263643bbb783a5c5f905203db7606
compiler/src/iree/compiler/Codegen/Common/GPU/AMDGPULowerAsyncDMA.cpp	blob	100644	b0bb44a054dc14658ec76beec6dbd70300fb6053
compiler/src/iree/compiler/Codegen/Common/GPU/AMDGPULowerCoalescedDMAToGatherLDS.cpp	blob	100644	fc02a1be70f700fb60d0ce994836810572c05f3e
compiler/src/iree/compiler/Codegen/Common/GPU/BUILD.bazel	blob	100644	8da836352e72d79c218754252605e0639b83c33d
compiler/src/iree/compiler/Codegen/Common/GPU/CMakeLists.txt	blob	100644	c724816d559246d04a978fbca99fcd466a6152ba
compiler/src/iree/compiler/Codegen/Common/GPU/DecomposeHorizontallyFusedGemms.cpp	blob	100644	aaf7f1941ec50d42e11a540ab49a98f2ea6ee91a
compiler/src/iree/compiler/Codegen/Common/GPU/ExpandGPUOps.cpp	blob	100644	943b79ce44ffd586e9561f9dccf56c0e48c4f73e
compiler/src/iree/compiler/Codegen/Common/GPU/GPUAllocPrivateMemoryForDPSOps.cpp	blob	100644	0d13b43c5fe325e92b59405ce13312e09ea892f7
compiler/src/iree/compiler/Codegen/Common/GPU/GPUApplyPaddingLevel.cpp	blob	100644	671b8df4d3d7b9cf1ead9f3c30a655ba36f9d486
compiler/src/iree/compiler/Codegen/Common/GPU/GPUApplyTilingLevel.cpp	blob	100644	b5c51c5cad454b39fa139e67549702b344df34d4
compiler/src/iree/compiler/Codegen/Common/GPU/GPUBubbleResourceCasts.cpp	blob	100644	5cd2ec0baa5a0ddade32c53c01e83f9b148a1e94
compiler/src/iree/compiler/Codegen/Common/GPU/GPUCheckResourceUsage.cpp	blob	100644	153c09318c330e3b772900ddd40b6ef8300fe7d0
compiler/src/iree/compiler/Codegen/Common/GPU/GPUCombineLayoutTransformation.cpp	blob	100644	e0bec0cd09d8fdba428e2eb80e167f074273c35a
compiler/src/iree/compiler/Codegen/Common/GPU/GPUCombineValueSemanticBarriers.cpp	blob	100644	5c9fdb6974d9ab79f9142d90ac21517788c40991
compiler/src/iree/compiler/Codegen/Common/GPU/GPUConvertToCoalescedDMA.cpp	blob	100644	5c4018de18b174d197865afc2efb7b400869627d
compiler/src/iree/compiler/Codegen/Common/GPU/GPUCreateFastSlowPath.cpp	blob	100644	3cc78b03c3a28066b789156c7c27a2a6ed3cce6e
compiler/src/iree/compiler/Codegen/Common/GPU/GPUDistribute.cpp	blob	100644	c5645046b66e68788bde9b91d5c0a6eb6bdf0bd7
compiler/src/iree/compiler/Codegen/Common/GPU/GPUDistributeCopyUsingForall.cpp	blob	100644	7c975dec7c3bda671fd182dd50554be6bd3eb5b9
compiler/src/iree/compiler/Codegen/Common/GPU/GPUDistributeForall.cpp	blob	100644	f3a6c0e210069ff533c0467acaf8d339c1073642
compiler/src/iree/compiler/Codegen/Common/GPU/GPUDistributeScfFor.cpp	blob	100644	67b5b1c680fed4e0d5ae031e2498bd0a33710b99
compiler/src/iree/compiler/Codegen/Common/GPU/GPUDistributeSharedMemoryCopy.cpp	blob	100644	ee8e0f0eb6996b9d60a56331232e3c6dfde3570c
compiler/src/iree/compiler/Codegen/Common/GPU/GPUDistributionPatterns.cpp	blob	100644	3714e71e28ff99403a233a4d6a510ff156413156
compiler/src/iree/compiler/Codegen/Common/GPU/GPUFuseAndHoistParallelLoops.cpp	blob	100644	ba94c6df658fc8698bf6fec61e0b6fa0a42fd412
compiler/src/iree/compiler/Codegen/Common/GPU/GPUFuseSubgroupConsumers.cpp	blob	100644	e35bc56c067f4bcd9a1b44c8f5c5c2683f4ccee6
compiler/src/iree/compiler/Codegen/Common/GPU/GPUGeneralizeNamedOps.cpp	blob	100644	295250efb490136aa2ca33231e104bf0b52d3f79
compiler/src/iree/compiler/Codegen/Common/GPU/GPUGreedilyDistributeToThreads.cpp	blob	100644	bd27e31e82826d1f9684457f4a182abdf19edecb
compiler/src/iree/compiler/Codegen/Common/GPU/GPUHeuristics.cpp	blob	100644	8203be6defb705cf8974befe9ab59462270e925d
compiler/src/iree/compiler/Codegen/Common/GPU/GPUHeuristics.h	blob	100644	cbf4c1a6fccdb0af4b9791a4255b0ace16bffecb
compiler/src/iree/compiler/Codegen/Common/GPU/GPUInferMemorySpace.cpp	blob	100644	e687891e7c96b3a2744bfcb516b3e69879d638d4
compiler/src/iree/compiler/Codegen/Common/GPU/GPUMultiBuffering.cpp	blob	100644	192dce67de4f1b4bde7a2b5942f8312e24794ecf
compiler/src/iree/compiler/Codegen/Common/GPU/GPUNestedLayoutDistributionPatterns.cpp	blob	100644	720fa2e380381a101cb124f4963f094dde4d0ab0
compiler/src/iree/compiler/Codegen/Common/GPU/GPUNestedLayoutUtils.cpp	blob	100644	504bff24173c01af46292b0802a3cdb2d1e8e6d4
compiler/src/iree/compiler/Codegen/Common/GPU/GPUNestedLayoutUtils.h	blob	100644	a2f25ce45f759688bae3f08cf9885026ca8e6a88
compiler/src/iree/compiler/Codegen/Common/GPU/GPUPackPartialReductions.cpp	blob	100644	390882f1f55f7d399c3d57dc6ea921b81fea1c01
compiler/src/iree/compiler/Codegen/Common/GPU/GPUPackToIntrinsics.cpp	blob	100644	16834edb4f5010549a5e9db25f9db68df890ec47
compiler/src/iree/compiler/Codegen/Common/GPU/GPUPadConvs.cpp	blob	100644	b3d4a2e4abd2a5a94d3365877f24769eefa28230
compiler/src/iree/compiler/Codegen/Common/GPU/GPUPadOperands.cpp	blob	100644	4ce43abb5afeca7c9c1d663300a0d9342eb08622
compiler/src/iree/compiler/Codegen/Common/GPU/GPUPatterns.cpp	blob	100644	01e839eae20ea0683f64b8158f2d0836612b8f70
compiler/src/iree/compiler/Codegen/Common/GPU/GPUPatterns.h	blob	100644	fa44df848f7537aa735c1ae5b62cb1d05cfe9e46
compiler/src/iree/compiler/Codegen/Common/GPU/GPUPipelining.cpp	blob	100644	21803c2e5e90e4fc99a0a9d92891a278dd0cb76b
compiler/src/iree/compiler/Codegen/Common/GPU/GPUPromoteMatmulOperands.cpp	blob	100644	803ff5471452a8b385a5950d4b656927ffff4954
compiler/src/iree/compiler/Codegen/Common/GPU/GPUPromotionAnalysis.cpp	blob	100644	9f25d05fe1e64ed6c98ae9835dd861bc1758c4d8
compiler/src/iree/compiler/Codegen/Common/GPU/GPUPromotionAnalysis.h	blob	100644	9dd0dc7291c95b06213364fc5441d4a25c1024d6
compiler/src/iree/compiler/Codegen/Common/GPU/GPUReduceBankConflicts.cpp	blob	100644	4714bba94164f91865f4d042b616142a1b85f12f
compiler/src/iree/compiler/Codegen/Common/GPU/GPUReuseSharedMemoryAllocs.cpp	blob	100644	d80ed32983f020d6e122035ebdb3b12b4db53e89
compiler/src/iree/compiler/Codegen/Common/GPU/GPUTensorAlloc.cpp	blob	100644	9c3708e0a06b9b96896d7e5bf3c26c74e9b8448c
compiler/src/iree/compiler/Codegen/Common/GPU/GPUTensorTile.cpp	blob	100644	6fef476b9a51658c700e65e4895dd9f8d535b6fa
compiler/src/iree/compiler/Codegen/Common/GPU/GPUTensorTileToSerialLoops.cpp	blob	100644	e89cbf21d3d109d18338a3f514eacfa717a6fe6d
compiler/src/iree/compiler/Codegen/Common/GPU/GPUTile.cpp	blob	100644	8d2397649aaa7e79b421d40057ebf4fb7a1a5830
compiler/src/iree/compiler/Codegen/Common/GPU/GPUTileAndConvertConvToMatmul.cpp	blob	100644	5053f344a81bd87db37619865f63bec34583b5a7
compiler/src/iree/compiler/Codegen/Common/GPU/GPUTileReduction.cpp	blob	100644	a186ae6e17ba67158a7e4a98d9666c49470a1dce
compiler/src/iree/compiler/Codegen/Common/GPU/GPUVectorAlloc.cpp	blob	100644	eda33e269891726467d00feabfd321940c9e4634
compiler/src/iree/compiler/Codegen/Common/GPU/GPUVectorDistribution.cpp	blob	100644	c58fc211b3e57243f423b6da8a636ac4d0ef33e9
compiler/src/iree/compiler/Codegen/Common/GPU/GPUVectorDistribution.h	blob	100644	9a0990612444c4c6a70934e5be41c69b16ddc4ba
compiler/src/iree/compiler/Codegen/Common/GPU/GPUVerifyDistribution.cpp	blob	100644	a35f1c68c3b20e3a1b398dced51589aa63b83424
compiler/src/iree/compiler/Codegen/Common/GPU/Passes.cpp	blob	100644	befd79b9743a78802c9948e514e6f13c68d95e5a
compiler/src/iree/compiler/Codegen/Common/GPU/Passes.h	blob	100644	7af1c32eec5b01890487bcb2b5e69c337a8a101a
compiler/src/iree/compiler/Codegen/Common/GPU/Passes.td	blob	100644	2802cf94f280d65f928a51105547c49c7db501b2
compiler/src/iree/compiler/Codegen/Common/GPU/VectorReductionToGPU.cpp	blob	100644	c35a6053dbeb36baf83145b22535b658e7384750
compiler/src/iree/compiler/Codegen/Common/GPU/WorkgroupReordering.cpp	blob	100644	3faa7a244368bd521a403e350ba16fffe065351e
compiler/src/iree/compiler/Codegen/Common/GPU/test/BUILD.bazel	blob	100644	ccf78c24a06a116c16ce32a48ab2d09d23003270
compiler/src/iree/compiler/Codegen/Common/GPU/test/CMakeLists.txt	blob	100644	06a8022c1f3ec26cf39adc693d652058d76d88c5
compiler/src/iree/compiler/Codegen/Common/GPU/test/amdgpu_lower_async_dma.mlir	blob	100644	8be373010de6dd9f3ef8b2b399301e8f9a8428af
compiler/src/iree/compiler/Codegen/Common/GPU/test/amdgpu_lower_coalesced_dma_to_gather_lds.mlir	blob	100644	eb0b230f2f63d6571e7db6ab0dad4de984e4c4e6
compiler/src/iree/compiler/Codegen/Common/GPU/test/decompose_horizontally_fused_gemms.mlir	blob	100644	44927cc54bf508ed350a19f47ae091bb0152d7e9
compiler/src/iree/compiler/Codegen/Common/GPU/test/expand_gpu_ops_scan.mlir	blob	100644	081721607b92db7b11f0301fc9d56c33c0009653
compiler/src/iree/compiler/Codegen/Common/GPU/test/flatten_swizzle_hint_allocs.mlir	blob	100644	b571927fa81851386c08139a6b547e6eaa02027c
compiler/src/iree/compiler/Codegen/Common/GPU/test/gpu_alloc_private_memory_for_dps_ops.mlir	blob	100644	670ac9c1577cc7a161e7412d89e4e2860551635c
compiler/src/iree/compiler/Codegen/Common/GPU/test/gpu_apply_derived_thread_config.mlir	blob	100644	a1ac5e9c8baa06095311b9308513d180aba3e2e9
compiler/src/iree/compiler/Codegen/Common/GPU/test/gpu_apply_padding_online_attention.mlir	blob	100644	406c9c21583a166cd62b7b2d55f78363e308cb32
compiler/src/iree/compiler/Codegen/Common/GPU/test/gpu_apply_padding_partial_reduction.mlir	blob	100644	633f0f1733ef3973de706980e30199222b3f5458
compiler/src/iree/compiler/Codegen/Common/GPU/test/gpu_apply_tiling_level.mlir	blob	100644	c88983d690ea5a0c3c428a08f7d642c2484e2ad5
compiler/src/iree/compiler/Codegen/Common/GPU/test/gpu_bubble_resource_casts.mlir	blob	100644	aed92877df0d8fe894a8b668d9febdd2f4e101e6
compiler/src/iree/compiler/Codegen/Common/GPU/test/gpu_check_resource_usage.mlir	blob	100644	ffb8b15ce483e142c0cf8fef4558027ccd54333c
compiler/src/iree/compiler/Codegen/Common/GPU/test/gpu_combine_layout_transformation.mlir	blob	100644	6dd2826b0de504758e2197d648a6949ab09c18ff
compiler/src/iree/compiler/Codegen/Common/GPU/test/gpu_combine_value_semantic_barriers.mlir	blob	100644	70a61d351497a02fef433b78446f098a7fed04fc
compiler/src/iree/compiler/Codegen/Common/GPU/test/gpu_convert_to_coalesced_dma.mlir	blob	100644	abbbe310a6b14278743d05283a79a216714b63c6
compiler/src/iree/compiler/Codegen/Common/GPU/test/gpu_create_fast_slow_path.mlir	blob	100644	4c41defde395387790e2c486d8647b46e01f39a1
compiler/src/iree/compiler/Codegen/Common/GPU/test/gpu_distribute.mlir	blob	100644	6b040cd043d05d1e5cdb52bdc64bf26b8609196a
compiler/src/iree/compiler/Codegen/Common/GPU/test/gpu_distribute_copy_using_forall.mlir	blob	100644	5666f1f4af0c5e975b62dc81f1969f46453b7124
compiler/src/iree/compiler/Codegen/Common/GPU/test/gpu_distribute_forall.mlir	blob	100644	8e0d268b7db1f760d278b9dd7a0b9ce6796d5fc0
compiler/src/iree/compiler/Codegen/Common/GPU/test/gpu_distribute_scf_for.mlir	blob	100644	fd78d4cfc3aab055aadf5b153cc0d183a4ece787
compiler/src/iree/compiler/Codegen/Common/GPU/test/gpu_distribute_shared_memory.mlir	blob	100644	de0d754f6c5be4cfbdb1581ccb3ef585f8823718
compiler/src/iree/compiler/Codegen/Common/GPU/test/gpu_fold_swizzle_hint_ops.mlir	blob	100644	4fdd41f9e6cfcb2b9324482e8da9164e1a980be0
compiler/src/iree/compiler/Codegen/Common/GPU/test/gpu_fuse_and_hoist_forall.mlir	blob	100644	ff1f36c3d14fbb1324a3e638158d6219d6b8573d
compiler/src/iree/compiler/Codegen/Common/GPU/test/gpu_fuse_subgroup_consumers.mlir	blob	100644	fb6fa3daa7b3ef4158e94aabbb331d21f2906004
compiler/src/iree/compiler/Codegen/Common/GPU/test/gpu_generalize_named_ops.mlir	blob	100644	35716b4f860f51b0fd944a77eb52fb5874269249
compiler/src/iree/compiler/Codegen/Common/GPU/test/gpu_greedily_distribute_to_threads.mlir	blob	100644	25c052eb4b413238b37acae9d72c53ca8929a48a
compiler/src/iree/compiler/Codegen/Common/GPU/test/gpu_infer_memory_space.mlir	blob	100644	29a68c013d17354fd981b3fd1c807cbceb41b65c
compiler/src/iree/compiler/Codegen/Common/GPU/test/gpu_lower_coalesced_dma_to_global_loads.mlir	blob	100644	a3e22d94d1358a01252c5fcef99d9c047bbfbdf6
compiler/src/iree/compiler/Codegen/Common/GPU/test/gpu_nested_layout_vector_distribution.mlir	blob	100644	d63740d467338561a8f6b2e139c526aa7eefabc9
compiler/src/iree/compiler/Codegen/Common/GPU/test/gpu_nested_layout_vector_distribution_argcompare.mlir	blob	100644	c2b93e10ed2c1d462e9194a742bbe1ce7cba230b
compiler/src/iree/compiler/Codegen/Common/GPU/test/gpu_nested_layout_vector_distribution_inner_tiled.mlir	blob	100644	b81ec9c4ced08e090384b2d84199a81ec4544f33
compiler/src/iree/compiler/Codegen/Common/GPU/test/gpu_nested_layout_vector_distribution_mask.mlir	blob	100644	2e184bb8f716d4fd4db7f8cc866d1d037dd965ef
compiler/src/iree/compiler/Codegen/Common/GPU/test/gpu_nested_layout_vector_distribution_multi_reduce.mlir	blob	100644	a1d9af8786a967b51efcb3f9b5542a12abed7e69
compiler/src/iree/compiler/Codegen/Common/GPU/test/gpu_nested_layout_vector_distribution_scan.mlir	blob	100644	6eefab0a3737ce353140214a615b4cc82879d12f
compiler/src/iree/compiler/Codegen/Common/GPU/test/gpu_nested_layout_vector_distribution_step.mlir	blob	100644	58c1747962d6746230e53c6014d28a900338c1ca
compiler/src/iree/compiler/Codegen/Common/GPU/test/gpu_pack_partial_reductions.mlir	blob	100644	a71ebec5f7f20ffccd9eed7fc4c6d52780e63581
compiler/src/iree/compiler/Codegen/Common/GPU/test/gpu_pack_to_intrinsics.mlir	blob	100644	0c8620961c343b3c024e81d583cbf03caff82369
compiler/src/iree/compiler/Codegen/Common/GPU/test/gpu_pad_convs.mlir	blob	100644	0f1baf79a8a60aadca5b45ac425aa8bd841e0c8e
compiler/src/iree/compiler/Codegen/Common/GPU/test/gpu_pad_operands.mlir	blob	100644	99ce2b7449065c392c41108385988c298a05b7c1
compiler/src/iree/compiler/Codegen/Common/GPU/test/gpu_pipeline.mlir	blob	100644	b76f6b39ab11beea3bfb94e23f123e58180216e8
compiler/src/iree/compiler/Codegen/Common/GPU/test/gpu_promote_matmul_operands.mlir	blob	100644	90f5e870b6c786b30ccfb728e3d346d5e3e92a7a
compiler/src/iree/compiler/Codegen/Common/GPU/test/gpu_promotion_analysis.mlir	blob	100644	996c1cb1fdc245ee163cb982104e7630fb21e5e4
compiler/src/iree/compiler/Codegen/Common/GPU/test/gpu_reorder_workgroups.mlir	blob	100644	f0d2af3d93a0ca6ef2a80c5d81bf62d812b412c6
compiler/src/iree/compiler/Codegen/Common/GPU/test/gpu_reorder_workgroups_static.mlir	blob	100644	badb342db1b2681fce958457913efd211fa0fa1b
compiler/src/iree/compiler/Codegen/Common/GPU/test/gpu_reuse_shared_memory_allocs.mlir	blob	100644	bf6673b7f97eb1f8c94d33d597e2c28c7f5bfa1f
compiler/src/iree/compiler/Codegen/Common/GPU/test/gpu_tensor_alloc.mlir	blob	100644	0db29ead1f6f300e1cc3015915a9c138f698a109
compiler/src/iree/compiler/Codegen/Common/GPU/test/gpu_tensor_tile.mlir	blob	100644	fcfaad31ed88b1165fa20af0c2f3b8ade98b6fda
compiler/src/iree/compiler/Codegen/Common/GPU/test/gpu_tile.mlir	blob	100644	9cdd34127d25ed93b5e480d4a9e862069275f34c
compiler/src/iree/compiler/Codegen/Common/GPU/test/gpu_tile_and_convert_conv_to_matmul.mlir	blob	100644	55c83da398e09845ab9c163d446d009aac6c2973
compiler/src/iree/compiler/Codegen/Common/GPU/test/gpu_tile_reduction.mlir	blob	100644	b3187e119b52cc773dd2d8681ad52bfdd7c5ff77
compiler/src/iree/compiler/Codegen/Common/GPU/test/gpu_vector_alloc.mlir	blob	100644	9a7eb5eefadcf5f75e0edda7d784ef385dda300f
compiler/src/iree/compiler/Codegen/Common/GPU/test/gpu_vector_distribution.mlir	blob	100644	7a83986c212512e49816c890a17f7a83e90ecad4
compiler/src/iree/compiler/Codegen/Common/GPU/test/gpu_verify_distribution.mlir	blob	100644	0edadba1c48b5fd937090384564609872b61e259
compiler/src/iree/compiler/Codegen/Common/GPU/test/reduce_bank_conflicts.mlir	blob	100644	f3289dd18082670f4c19c636a9c5d409fc2ae652
compiler/src/iree/compiler/Codegen/Common/GPU/test/transform_gpu_distribute_shared_memory.mlir	blob	100644	14511fab14989242db760c6d4121860888d62265
compiler/src/iree/compiler/Codegen/Common/GPU/test/transform_gpu_reduce_bank_conflicts.mlir	blob	100644	b401dbd440f8fbab81ee55117888cfc895c047a7
compiler/src/iree/compiler/Codegen/Common/GPU/test/vector_reduction_to_gpu.mlir	blob	100644	c13445e9b8487a91bca91eb85cc9bc6ddb8487c7
compiler/src/iree/compiler/Codegen/Common/GenericVectorization.cpp	blob	100644	c643e9fe385045253fb32bdcb13573bd5bcb93ce
compiler/src/iree/compiler/Codegen/Common/HoistInnerTiledAccReshapes.cpp	blob	100644	dad33957089deee96f3075c0026a28233454d561
compiler/src/iree/compiler/Codegen/Common/HoistStaticallyBoundAllocations.cpp	blob	100644	5879aedbc2140d1cc662d2e7c3b444c08e529b56
compiler/src/iree/compiler/Codegen/Common/HoistUnrolledVectorExtractInsertSlice.cpp	blob	100644	ac8026e5d85a1dd5cc33212d88c74388903c9c74
compiler/src/iree/compiler/Codegen/Common/IREECodegenCanonicalizer.cpp	blob	100644	45ac22dcd333dcef4b828af39d1c9ae5fa8d2cf1
compiler/src/iree/compiler/Codegen/Common/IREECodegenFoldMemRefAliasOps.cpp	blob	100644	58a218d0b3448ace441b4ba4e22fd380dc636e4f
compiler/src/iree/compiler/Codegen/Common/IREEComprehensiveBufferize.cpp	blob	100644	f44c36dd5d8cb00e736c8b948f9ccacd62cb3209
compiler/src/iree/compiler/Codegen/Common/IREEExpandStridedMetadata.cpp	blob	100644	4ad113f68f97c2bba037e827938919452f4167f8
compiler/src/iree/compiler/Codegen/Common/IREEInjectAssumeAlignment.cpp	blob	100644	389e9b0a62e7dd0e20a6173ea789702f887e6cda
compiler/src/iree/compiler/Codegen/Common/IREELoopInvariantCodeMotion.cpp	blob	100644	22e650751a515777d7d19cd47ba74e2cb7504cd4
compiler/src/iree/compiler/Codegen/Common/InsertBatchDimForBatchlessConv.cpp	blob	100644	e9921b9b73a852663aa853d8594e49b799ec6b11
compiler/src/iree/compiler/Codegen/Common/InsertSMTConstraints.cpp	blob	100644	c290a6dd91600cef3739ce490e6711a7a9b1db9e
compiler/src/iree/compiler/Codegen/Common/InstrumentMemoryAccesses.cpp	blob	100644	d8e4ffe3abcea8b9740338a3671d7ab6df92d949
compiler/src/iree/compiler/Codegen/Common/LinkTuningSpecs.cpp	blob	100644	1afb63af25d8aa0814b3a01504be445974731c08
compiler/src/iree/compiler/Codegen/Common/LowerExecutableUsingTransformDialect.cpp	blob	100644	eea1f35a2e09d551b039b2aefbdaa65dbc75a67b
compiler/src/iree/compiler/Codegen/Common/LowerUKernelDescriptors.cpp	blob	100644	cc084c33cede0d7b3952600744161c9c6c2d3a6d
compiler/src/iree/compiler/Codegen/Common/LowerUKernelsToCalls.cpp	blob	100644	a71cb239d3b22aa1cd0e7a4d9970e54c4299941c
compiler/src/iree/compiler/Codegen/Common/LoweringConfigInterpreter.cpp	blob	100644	a258b5e59bc54476a18ebb9969fe479bc59ead3c
compiler/src/iree/compiler/Codegen/Common/MaterializeEncoding.cpp	blob	100644	d8686b812d6ac6e04063b44bf2bf95952594d9ce
compiler/src/iree/compiler/Codegen/Common/MaterializeEncodingIntoNop.cpp	blob	100644	c42ba17ec9e4e31eed38de8f9be66b3d131cc3e6
compiler/src/iree/compiler/Codegen/Common/MaterializeEncodingPatterns.cpp	blob	100644	02d329b48d8f9a1cf89b5ee1bc772e446e6c68cf
compiler/src/iree/compiler/Codegen/Common/MaterializeSMTConstraintAssignments.cpp	blob	100644	4867e425553ba1c6042d65c161229cb14b617c8c
compiler/src/iree/compiler/Codegen/Common/MaterializeTuningSpecs.cpp	blob	100644	d9bd659de1e6ddadb2e7dc1aa7d3bdddfee46b9d
compiler/src/iree/compiler/Codegen/Common/MaterializeUserConfigs.cpp	blob	100644	6d53e38a657fa6c79a3714c1a9dc0306637cc1ff
compiler/src/iree/compiler/Codegen/Common/MaterializeVectorMasking.cpp	blob	100644	711b5dd45ca3e0bbc29bf526ae59691929e11123
compiler/src/iree/compiler/Codegen/Common/MaterializeVectorTileSizes.cpp	blob	100644	1d6e56ad521d05d90d11c79328962993437be7fd
compiler/src/iree/compiler/Codegen/Common/MathTransform.cpp	blob	100644	b245a5b6b411cab50b2774200ae15c4b99bc6e6b
compiler/src/iree/compiler/Codegen/Common/MemrefCopyToLinalg.cpp	blob	100644	a97bf986d28ef2ba8a193e2c7759fb81e0dd1872
compiler/src/iree/compiler/Codegen/Common/NormalizeLoopBounds.cpp	blob	100644	d9802f233b330fb25f0a3f8c30237251514510eb
compiler/src/iree/compiler/Codegen/Common/OptimizeTensorInsertExtractSlices.cpp	blob	100644	4d96de276ffb089dfe9f078c8d44fb004f5cf4fe
compiler/src/iree/compiler/Codegen/Common/OptimizeVectorTransfer.cpp	blob	100644	d639f8d79edfbc5f4252671fc0b27b1dcc7e2808
compiler/src/iree/compiler/Codegen/Common/PadDynamicAlloc.cpp	blob	100644	46c6b559f175015dc11c27698bae4639e18d3408
compiler/src/iree/compiler/Codegen/Common/PassUtils.cpp	blob	100644	b0c8e274598ca25d13c6602526725e848638226e
compiler/src/iree/compiler/Codegen/Common/PassUtils.h	blob	100644	b81709a90dd63ec9597041cc494e913fff635a21
compiler/src/iree/compiler/Codegen/Common/Passes.cpp	blob	100644	dc172b63f2c74a84040487b260c0cf1adb4c8fe8
compiler/src/iree/compiler/Codegen/Common/Passes.h	blob	100644	f1c9273706dcb5fefc1f1eeb3bdb4bb6fe56f39d
compiler/src/iree/compiler/Codegen/Common/Passes.td	blob	100644	65c21c4ec73112f8fba13cf01a698020f780247c
compiler/src/iree/compiler/Codegen/Common/PatchFuncOps.cpp	blob	100644	3a75f87a10e97e560477ad41101c8730324e22fd
compiler/src/iree/compiler/Codegen/Common/PropagateConstantOffsets.cpp	blob	100644	bf7386c1d759e9608a635bad88f2b92dca705b65
compiler/src/iree/compiler/Codegen/Common/PropagateDispatchConfig.cpp	blob	100644	399818cba08453511e367a2336983bfaf551990f
compiler/src/iree/compiler/Codegen/Common/PropagateDispatchSizeBounds.cpp	blob	100644	641ea2fe58bec0fb96de8edff4631ef3576fca36
compiler/src/iree/compiler/Codegen/Common/PropagateReshapesByExpansion.cpp	blob	100644	75458753604f720403d5d711b0a7f88be3712462
compiler/src/iree/compiler/Codegen/Common/ReconcileTranslationInfo.cpp	blob	100644	55d4baa7f499c67e07b260508bfba61e8ddeea9d
compiler/src/iree/compiler/Codegen/Common/ReinsertSwizzleHints.cpp	blob	100644	7825c10f257288cac9de680d52c2a270cae845f9
compiler/src/iree/compiler/Codegen/Common/RematerializeParallelOps.cpp	blob	100644	a5cfb6439d6ebb083926fd5b7addb25b0c05a0c0
compiler/src/iree/compiler/Codegen/Common/RemoveIndexHints.cpp	blob	100644	27d5bf87f91d486de41069e4451fc4fd3983ab59
compiler/src/iree/compiler/Codegen/Common/RemoveSingleIterationLoop.cpp	blob	100644	eac456de452b6b843c8b9e0db043b7d8db5b7fd0
compiler/src/iree/compiler/Codegen/Common/ReplaceSlowMinMaxOps.cpp	blob	100644	ef73ae753e15ca737727df38ff22740bfc1dcd73
compiler/src/iree/compiler/Codegen/Common/ReshapePatterns.cpp	blob	100644	ba570fa364b4fff3511ebe08ffa688961247691d
compiler/src/iree/compiler/Codegen/Common/ResolveSwizzleHints.cpp	blob	100644	2e37e876048131b61709dc0eb8de266216b2461f
compiler/src/iree/compiler/Codegen/Common/ResolveWorkgroupCountHints.cpp	blob	100644	79cf9400af70e7342cda764272c6a2deac19dea0
compiler/src/iree/compiler/Codegen/Common/SMTConstraintUtils.cpp	blob	100644	0624e9b42a6d6029927147d954f7f1f3106653ec
compiler/src/iree/compiler/Codegen/Common/SMTConstraintUtils.h	blob	100644	d2c4dba0608745293b8c282b0f6e0bd574d69e3b
compiler/src/iree/compiler/Codegen/Common/SpecializeExports.cpp	blob	100644	cb744d0b2080d8cabe63011de2fbceca777068b0
compiler/src/iree/compiler/Codegen/Common/SplitFullPartialTransfer.cpp	blob	100644	56ef4a3b73b453fbe41b7f5cde25968bde726e1d
compiler/src/iree/compiler/Codegen/Common/StripCompilationInfo.cpp	blob	100644	7651cd5dea2776a3548069a875b70e182c9efdad
compiler/src/iree/compiler/Codegen/Common/TensorDynamicDimAnalysis.cpp	blob	100644	5817092cc57d27d0b67742d79c77270bb29bfb7c
compiler/src/iree/compiler/Codegen/Common/TensorDynamicDimAnalysis.h	blob	100644	13bdb5cac8d7cdaea387077a71c92e1b4ef233ee
compiler/src/iree/compiler/Codegen/Common/TensorToVectorVectorizePad.cpp	blob	100644	568d57c2a2e887496def5c78faf971a3f9cfb1d0
compiler/src/iree/compiler/Codegen/Common/TestExecutablePreprocessing.cpp	blob	100644	2779c7ff4486586234eb040a96ad51f868b60b3a
compiler/src/iree/compiler/Codegen/Common/TestPartitionableLoopsInterface.cpp	blob	100644	fa899c9bcd1366a0c04d8b93c5fdb40f3acd37e9
compiler/src/iree/compiler/Codegen/Common/TileAndFuseUtils.cpp	blob	100644	d62fabf248391a05f1d2fd9be048633c1f2f62c3
compiler/src/iree/compiler/Codegen/Common/TileAndFuseUtils.h	blob	100644	ebd18e27abf499cc6ae7b8d0dea4a4c007c0731e
compiler/src/iree/compiler/Codegen/Common/TileDispatchUsingForall.cpp	blob	100644	d6b4d6e2bc85ff3d0c98a8535fbdc56bc59acb6b
compiler/src/iree/compiler/Codegen/Common/TileDispatchUsingInterface.cpp	blob	100644	bddf830a6f29afc59796dea8a7233f23a6bf4918
compiler/src/iree/compiler/Codegen/Common/TileInferenceUtils.cpp	blob	100644	21ac9d669bd40554ef3da4d1c0757451d22af3e0
compiler/src/iree/compiler/Codegen/Common/TileInferenceUtils.h	blob	100644	07b9d11e0fb44808348fe5b5a2ce4483526be098
compiler/src/iree/compiler/Codegen/Common/TileLargeTensors.cpp	blob	100644	59e1bf7b7f124fd2833873467037b74daa1891b8
compiler/src/iree/compiler/Codegen/Common/TransformDialectInterpreter.cpp	blob	100644	b11f9f0e962e42cbc27adbaf36203f55bafa1e93
compiler/src/iree/compiler/Codegen/Common/TransformExtensions/BUILD.bazel	blob	100644	6601bda95e5e6bdd8a10326e20f48ec3b22c83e4
compiler/src/iree/compiler/Codegen/Common/TransformExtensions/CMakeLists.txt	blob	100644	a98181a053150abeb2254d587d3ee3a9fc4109fa
compiler/src/iree/compiler/Codegen/Common/TransformExtensions/CommonExtensions.cpp	blob	100644	bb0eb1e986461befe10c91bce5f687e9a010bf39
compiler/src/iree/compiler/Codegen/Common/TransformExtensions/CommonExtensions.h	blob	100644	7e60d41465ac9999d527ec95c36d419df259eafd
compiler/src/iree/compiler/Codegen/Common/TransformExtensions/CommonExtensionsOps.td	blob	100644	1a62a263f841765c6abcca8bfb5a51562f3024c1
compiler/src/iree/compiler/Codegen/Common/TransformExtensions/test/BUILD.bazel	blob	100644	ccbef4df62d1446db289dbf3d8d100e5aba42024
compiler/src/iree/compiler/Codegen/Common/TransformExtensions/test/CMakeLists.txt	blob	100644	580058f884600e456643af5c0e73d7829f58f0a2
compiler/src/iree/compiler/Codegen/Common/TransformExtensions/test/bufferization.mlir	blob	100644	0a5137a90d3ced7e959145a9831392480e01d56d
compiler/src/iree/compiler/Codegen/Common/TransformExtensions/test/fuse_consumer.mlir	blob	100644	b4e20ef8dd739a2f39d54402cffe86f0e90aceaa
compiler/src/iree/compiler/Codegen/Common/Transforms.cpp	blob	100644	8e83c06af020d18cd96e104498b7fad30cfa1ae5
compiler/src/iree/compiler/Codegen/Common/Transforms.h	blob	100644	91b0aede314b647576c839fc20fefde262c667aa
compiler/src/iree/compiler/Codegen/Common/TypePropagation.cpp	blob	100644	60c7bcdd4cbaec6394f9a9488e4447161ed1cc5b
compiler/src/iree/compiler/Codegen/Common/UnrollAnnotatedLoops.cpp	blob	100644	fcdf08d26533550a6b51bb2a45cb472862030540
compiler/src/iree/compiler/Codegen/Common/UserConfig.cpp	blob	100644	5e0dca7ccbb8063a84433798dd7e620ac5babc15
compiler/src/iree/compiler/Codegen/Common/UserConfig.h	blob	100644	00fc5c10c642f8db860404b2ec68cff1facb44ae
compiler/src/iree/compiler/Codegen/Common/VectorLayoutAnalysis.cpp	blob	100644	4ee8ba62a70abdaeaeb7e0201406028fe9f34463
compiler/src/iree/compiler/Codegen/Common/VectorTransferLowering.cpp	blob	100644	13aade2df31c6abbeeedd13351b1df42aca8a65b
compiler/src/iree/compiler/Codegen/Common/VectorizeMemrefCopy.cpp	blob	100644	2f08e6888b2c7678e8f889f29da24746091b4d6e
compiler/src/iree/compiler/Codegen/Common/VerifyPipelineConstraints.cpp	blob	100644	a1f9e2a3fd0b457f99bed9195301a1f48dee4a1a
compiler/src/iree/compiler/Codegen/Common/VerifyWorkgroupDistribution.cpp	blob	100644	0915d7ba0e3081cedf586c68891dada42431fd82
compiler/src/iree/compiler/Codegen/Common/test/BUILD.bazel	blob	100644	806e8c3404d78df6f309bf06f6a06860e6de267e
compiler/src/iree/compiler/Codegen/Common/test/CMakeLists.txt	blob	100644	b2e6024c5869d9e202c6a1b612732ab1342a980a
compiler/src/iree/compiler/Codegen/Common/test/absorb_swizzle_hint_to_alloc.mlir	blob	100644	3c4658768ab03a14e1c720b31fc54c795eb229ef
compiler/src/iree/compiler/Codegen/Common/test/add_fmfs.mlir	blob	100644	6ef697b2468216ad12602f3d05886b9684ab5c62
compiler/src/iree/compiler/Codegen/Common/test/affinemin_canonicalization.mlir	blob	100644	868411a72fd52b867f3ae9767e1ff88c8329fa65
compiler/src/iree/compiler/Codegen/Common/test/block_dynamic_dims.mlir	blob	100644	7f33638b03814a5ba68541d1d8816f366da984b0
compiler/src/iree/compiler/Codegen/Common/test/bubble_up_ordinal_ops.mlir	blob	100644	88fcb2ecc3907ad50865f2f694b9f9af87c5f90b
compiler/src/iree/compiler/Codegen/Common/test/bufferize_copy_only_dispatches.mlir	blob	100644	0efbb95beb8aaf47ad58502a6982e5f53660b57a
compiler/src/iree/compiler/Codegen/Common/test/bufferize_dispatch_tensor_load_store.mlir	blob	100644	654aa26470408dd2f1a4b0ff03eeb0b72fcfe72c
compiler/src/iree/compiler/Codegen/Common/test/canonicalize_early_bufferization_ops.mlir	blob	100644	3380cdefa4508ac7c39fdccb9b7ea9ad078f0a46
compiler/src/iree/compiler/Codegen/Common/test/canonicalize_interface_load_store.mlir	blob	100644	1f77655cd0fb49e6f243a8c65d2e35ed18a1fd98
compiler/src/iree/compiler/Codegen/Common/test/check_for_config.mlir	blob	100644	3318f8d5222a7e7d332701a2f7dc044c5be3f6bd
compiler/src/iree/compiler/Codegen/Common/test/combine_result_layout_transformation.mlir	blob	100644	872d11be350801c82299e320e7bac3273e7063b5
compiler/src/iree/compiler/Codegen/Common/test/combine_source_layout_transformation.mlir	blob	100644	7f3166dd2062878fa61d76b68faa96f40f84e1fc
compiler/src/iree/compiler/Codegen/Common/test/convert_accgemm_to_gemm.mlir	blob	100644	611b72a25d0485e64bb9cdc3de2811b7b33663ac
compiler/src/iree/compiler/Codegen/Common/test/convert_bf16_arith_to_f32.mlir	blob	100644	bf855713f20bc0665e33044fbd06aa75eb3bdbb2
compiler/src/iree/compiler/Codegen/Common/test/convert_constraints_to_smt.mlir	blob	100644	2d555d1f7ad72389a0f24f682c18087ab69de201
compiler/src/iree/compiler/Codegen/Common/test/convert_hal_descriptor_type_to_gpu_address_space.mlir	blob	100644	90c298bb4984332a127e5d4fab12b6994de34943
compiler/src/iree/compiler/Codegen/Common/test/convert_unsupported_float_arith.mlir	blob	100644	eb8f8d1f3510c014c3c702bbd9fbfe82c7addf8d
compiler/src/iree/compiler/Codegen/Common/test/convert_unsupported_float_to_int_buffers.mlir	blob	100644	ca5894e8a952c528d5c1f13eddf3402dd6d1906a
compiler/src/iree/compiler/Codegen/Common/test/convert_workgroup_forall_to_pcf.mlir	blob	100644	b827cfecf495d6b720ebfa55b5936a3970275b6e
compiler/src/iree/compiler/Codegen/Common/test/convolution_to_igemm.mlir	blob	100644	596ce27c3bd1b54d53c7296df7ed3a59c193df2c
compiler/src/iree/compiler/Codegen/Common/test/create_dispatch_config.mlir	blob	100644	067019534de9db46779c0ac08c73245ac5b60da0
compiler/src/iree/compiler/Codegen/Common/test/decompose_affine_ops.mlir	blob	100644	5e0f3869384b7c40bdc962dee3713b400f3096e4
compiler/src/iree/compiler/Codegen/Common/test/decompose_boundary_pack_unpack_ops.mlir	blob	100644	7f4fdd26420db608c5caaca6d65e788c719990ee
compiler/src/iree/compiler/Codegen/Common/test/decompose_conv2d.mlir	blob	100644	4ec4ea28d2bf20125cabfa1dfbc542842ab72306
compiler/src/iree/compiler/Codegen/Common/test/decompose_linalg_generic.mlir	blob	100644	88c7bb4121707be335b6d7a4449b78ca644cc133
compiler/src/iree/compiler/Codegen/Common/test/decompose_memref.mlir	blob	100644	f6062b655a1fa8d147d1b224c9df908523d6fdc2
compiler/src/iree/compiler/Codegen/Common/test/decompose_pack_unpack_ops.mlir	blob	100644	d6cc94a324f68191bce5e4d848b192f1e6116c12
compiler/src/iree/compiler/Codegen/Common/test/decompose_softmax.mlir	blob	100644	49f437f95b710f4f491823281e34eb1c59a97195
compiler/src/iree/compiler/Codegen/Common/test/eliminate_empty_tensors.mlir	blob	100644	1dd8f7e2230adfb28437ddecf90b559b541d3a9d
compiler/src/iree/compiler/Codegen/Common/test/emulate_narrow_type.mlir	blob	100644	267d3b240b125b56d0ae23d6f30c52ecd23b9b31
compiler/src/iree/compiler/Codegen/Common/test/erase_dead_alloc_and_stores.mlir	blob	100644	9bba8b5525dc2fd62a1db20da67276c0d1528724
compiler/src/iree/compiler/Codegen/Common/test/erase_hal_descriptor_type.mlir	blob	100644	69fcff47d5e71da5577decc484d3a9398cc3f0dd
compiler/src/iree/compiler/Codegen/Common/test/external_strategy_spec.mlir	blob	100644	c20602783248c870147dce4d8a47f5995fdb6655
compiler/src/iree/compiler/Codegen/Common/test/fission_transfer_ops_control_flow.mlir	blob	100644	46aecda952cc06bdc87a42ff18691255cac55f3b
compiler/src/iree/compiler/Codegen/Common/test/flatten_memref_subspan.mlir	blob	100644	ef34ab412fbdeafa997fa37df6ee4b3b411e7748
compiler/src/iree/compiler/Codegen/Common/test/fold_affine_min_in_distributed_loops.mlir	blob	100644	673d326233c37b20c90416b077b37fd4b713ed4d
compiler/src/iree/compiler/Codegen/Common/test/fold_affine_min_of_block_id.mlir	blob	100644	1aa7a592de6fed185b7b4602f4d4377d8df4d1e3
compiler/src/iree/compiler/Codegen/Common/test/fold_bitcast_into_interface_tensor.mlir	blob	100644	df79a2c7b98b6d9d8558a83c2c6a2bc1ce3f3148
compiler/src/iree/compiler/Codegen/Common/test/fold_bitcast_into_load_from_buffer.mlir	blob	100644	f8876019a8e7b25b62c9627e3a5bb08563840131
compiler/src/iree/compiler/Codegen/Common/test/fold_reshape_into_interface_tensor.mlir	blob	100644	0c5d0841630f71549eaceec545935fc2bf2990ca
compiler/src/iree/compiler/Codegen/Common/test/fold_split_reduction_workgroup_mapping_loops.mlir	blob	100644	3fbb7cb714e130e11c8a608666614a1b4e11021c
compiler/src/iree/compiler/Codegen/Common/test/fold_tensor_extract_op.mlir	blob	100644	ed755075f5bcf05e2d65febbc38318662f7d01af
compiler/src/iree/compiler/Codegen/Common/test/forall_to_for.mlir	blob	100644	454a0864417908c1dd3b854e795a6bda82c1f3da
compiler/src/iree/compiler/Codegen/Common/test/forop_canonicalization.mlir	blob	100644	2f64c15042ef1b86e11963b069d556198d5522ee
compiler/src/iree/compiler/Codegen/Common/test/generic_vectorization_fold_cast.mlir	blob	100644	2e16b7688335b53918c0d608f9051bc83e99daba
compiler/src/iree/compiler/Codegen/Common/test/generic_vectorization_map_store.mlir	blob	100644	8df64a39755b46ca6ccaf562035f87f453a5199f
compiler/src/iree/compiler/Codegen/Common/test/generic_vectorization_masked_configured.mlir	blob	100644	b49b2871a334d1c40789e1fb88456fbb0b17fe61
compiler/src/iree/compiler/Codegen/Common/test/generic_vectorization_masked_inferred.mlir	blob	100644	2f01d8d543e701a31169ea63845c8aca44132c2c
compiler/src/iree/compiler/Codegen/Common/test/generic_vectorization_unmasked.mlir	blob	100644	02a1b9be5c4901ecf8cd5d3065f2e7e731442bba
compiler/src/iree/compiler/Codegen/Common/test/generic_vectorization_using_transfer_gather_masked.mlir	blob	100644	6d64a5cff6605a4cb83e1dfdc48d9914af3cf2b7
compiler/src/iree/compiler/Codegen/Common/test/generic_vectorization_using_transfer_gather_unmasked.mlir	blob	100644	dd7099f4e6f218eaacdd82a5df842459b5bfcae7
compiler/src/iree/compiler/Codegen/Common/test/hoist_inner_tiled_acc_reshapes.mlir	blob	100644	73efb4ff0dcb11493f1b557f60e15848e70b18ae
compiler/src/iree/compiler/Codegen/Common/test/hoist_statically_bound_allocations.mlir	blob	100644	25572157f700f3f63068512d99c4e2639ba067f6
compiler/src/iree/compiler/Codegen/Common/test/hoist_unrolled_vector_extract_insert_slice.mlir	blob	100644	931fc76569e6ff4137e3a091468d2667d9176c1d
compiler/src/iree/compiler/Codegen/Common/test/insert_batch_dim_for_batchless_conv.mlir	blob	100644	0f01fa0e143d4f0aa1803e9481198826fa1666b2
compiler/src/iree/compiler/Codegen/Common/test/insert_smt_constraints.mlir	blob	100644	a6ce42cca84e3c8a79b4eb7391a3f5b1f1b4a76f
compiler/src/iree/compiler/Codegen/Common/test/iree_bufferize_constants.mlir	blob	100644	e9feedcef01997026baff274e350267af1592517
compiler/src/iree/compiler/Codegen/Common/test/iree_codegen_canonicalize.mlir	blob	100644	14b70409a11b68ca0125c26df0f89283be576338
compiler/src/iree/compiler/Codegen/Common/test/iree_comprehensive_bufferize.mlir	blob	100644	65b2374b16f016fe395f082471e99cd26de037f0
compiler/src/iree/compiler/Codegen/Common/test/iree_expand_strided_metadata.mlir	blob	100644	755a85b3f15ae66883c6d0fbecdcd36061efce84
compiler/src/iree/compiler/Codegen/Common/test/iree_expand_strided_metadata_with_subview_expansion.mlir	blob	100644	8ac6ab4734e4b037fd296f53b5b42d1187ba489a
compiler/src/iree/compiler/Codegen/Common/test/iree_inject_assume_alignment.mlir	blob	100644	e866b1f6aedd8f62c32e38270e32072b6994a309
compiler/src/iree/compiler/Codegen/Common/test/iree_loop_invariant_code_motion.mlir	blob	100644	baa9321f8fdc9b636727419fcd19084a92c298af
compiler/src/iree/compiler/Codegen/Common/test/link_tuning_specs.mlir	blob	100644	b0be421180f3a94f239d0b5d55c545bf003bcab4
compiler/src/iree/compiler/Codegen/Common/test/lower_ukernel_bitcode_descriptor.mlir	blob	100644	cc218ea398d8172b7b58b807211783ff1c5da551
compiler/src/iree/compiler/Codegen/Common/test/lower_ukernel_memref_descriptor.mlir	blob	100644	43825ec9a7af3f6cc738c54682f7c10a70b00811
compiler/src/iree/compiler/Codegen/Common/test/lower_ukernel_tensor_descriptor.mlir	blob	100644	cac49ea62ade342f04d7a954ff42a3e63d08e2ea
compiler/src/iree/compiler/Codegen/Common/test/lower_ukernel_to_calls.mlir	blob	100644	91c35fac43dfa1c06cde5c50a4dbddc7b33be95f
compiler/src/iree/compiler/Codegen/Common/test/lowering_config_interpreter.mlir	blob	100644	7b446c78983bbf5676764eb3a9aa5f980bd070e1
compiler/src/iree/compiler/Codegen/Common/test/materialize_encoding_aarch64.mlir	blob	100644	137de9e72be22c5beda89fd97c0bb389bf93757a
compiler/src/iree/compiler/Codegen/Common/test/materialize_encoding_conv_aarch64.mlir	blob	100644	48e00bc4b5cf48a3290a580fbe178097c6e9d239
compiler/src/iree/compiler/Codegen/Common/test/materialize_encoding_conv_x86_64.mlir	blob	100644	78101cc35f1f2101e021ceeed4a378bacafa0c7e
compiler/src/iree/compiler/Codegen/Common/test/materialize_encoding_for_iree_ops.mlir	blob	100644	4e51a65559933ab95f7c2816866bd7cf06b34f41
compiler/src/iree/compiler/Codegen/Common/test/materialize_encoding_gfx1100.mlir	blob	100644	07cb64431684facd3a40c96bb8ba5402103e377c
compiler/src/iree/compiler/Codegen/Common/test/materialize_encoding_gfx908.mlir	blob	100644	56006cde11d317ad4748b830bfc4fb137aa683a3
compiler/src/iree/compiler/Codegen/Common/test/materialize_encoding_gfx90a.mlir	blob	100644	943b505fe1f146647d8180aaf97705cf50b1b371
compiler/src/iree/compiler/Codegen/Common/test/materialize_encoding_gfx942.mlir	blob	100644	ad86732e3ac7db43846d05b6960a0b80ab4b7aeb
compiler/src/iree/compiler/Codegen/Common/test/materialize_encoding_gfx950.mlir	blob	100644	df73d7b94797de452f556a189b7e02ae25d00a33
compiler/src/iree/compiler/Codegen/Common/test/materialize_encoding_into_nop.mlir	blob	100644	e4f83a62aba7077cc301a48b09d34f4dc5b58cf5
compiler/src/iree/compiler/Codegen/Common/test/materialize_encoding_into_padding.mlir	blob	100644	08ae29a9c08e29ff00e6bb849d7e967d75501d98
compiler/src/iree/compiler/Codegen/Common/test/materialize_encoding_riscv.mlir	blob	100644	173f837804cc142db80ed6165625df3a43e3d366
compiler/src/iree/compiler/Codegen/Common/test/materialize_encoding_riscv_inner_tiled.mlir	blob	100644	2ef3a359d3726e3cb683765b8fb649007bf0ef2a
compiler/src/iree/compiler/Codegen/Common/test/materialize_encoding_vmvx.mlir	blob	100644	b09323b2152be338725834bb20474b2b918a38af
compiler/src/iree/compiler/Codegen/Common/test/materialize_encoding_x86_64.mlir	blob	100644	29792390ac659ecd21f58d36c2ad26a46f6a7859
compiler/src/iree/compiler/Codegen/Common/test/materialize_smt_constraint_assignments.mlir	blob	100644	41fc234a1f35f4ceba6da9d1ff47b654e7cf9a9c
compiler/src/iree/compiler/Codegen/Common/test/materialize_tuning_specs.mlir	blob	100644	26a470a495fa1a4938c0d1ae343902c4956cec1a
compiler/src/iree/compiler/Codegen/Common/test/materialize_tuning_specs_default_missing.mlir	blob	100644	cb88e395ba16351ee26c8dbbc3b2eb2c8e308580
compiler/src/iree/compiler/Codegen/Common/test/materialize_tuning_specs_invalid_spec.mlir	blob	100644	04b4cb1070eff56c358a8c4794c9fa03c6755c60
compiler/src/iree/compiler/Codegen/Common/test/materialize_user_config_from_tuning_spec.mlir	blob	100644	3a5f727d43a142791664c472b1cbff3a1c8639d0
compiler/src/iree/compiler/Codegen/Common/test/materialize_user_configs.mlir	blob	100644	e026bf10c560c156d2c6b79756d4c28b15f7e1de
compiler/src/iree/compiler/Codegen/Common/test/materialize_vector_masking.mlir	blob	100644	436cf7892118d7aa63c18c91fa892e626d73d389
compiler/src/iree/compiler/Codegen/Common/test/materialize_vector_tile_sizes.mlir	blob	100644	822f23611e48a370de516b525864dcbadec37684
compiler/src/iree/compiler/Codegen/Common/test/math_transform.mlir	blob	100644	c1c4654929338e2235c981e4c5dc5b4da262ca6f
compiler/src/iree/compiler/Codegen/Common/test/normalize_loop_bounds.mlir	blob	100644	3fb00a79b30843cd8f1b46abc16a0e7db6d9d201
compiler/src/iree/compiler/Codegen/Common/test/optimize_tensor_insert_extract_slices.mlir	blob	100644	c40acf700b1799a1ed4e3e989e11bb38c278dc75
compiler/src/iree/compiler/Codegen/Common/test/pad_dynamic_alloc.mlir	blob	100644	ebd92280dce7fcb8a5991d0e929cc5622afe1549
compiler/src/iree/compiler/Codegen/Common/test/patch_func_ops.mlir	blob	100644	6f026e02d18053f92bda3954f50edc9a682813f5
compiler/src/iree/compiler/Codegen/Common/test/patch_func_ops_spec.mlir	blob	100644	053d88a07a4a8b3b850f5a58a3868f842868f294
compiler/src/iree/compiler/Codegen/Common/test/propagate_constant_offsets.mlir	blob	100644	8092ada20519b8db147e6139fda44285f3e1ef85
compiler/src/iree/compiler/Codegen/Common/test/propagate_dispatch_config.mlir	blob	100644	d7134117a449017dd59c3c057646e9963549dfb7
compiler/src/iree/compiler/Codegen/Common/test/propagate_dispatch_size_bounds.mlir	blob	100644	58718cc42458e0640ca6017c8250274a1eca2acb
compiler/src/iree/compiler/Codegen/Common/test/propagate_reshapes_by_expansion.mlir	blob	100644	e2e8028b5557fb3ae392ed61aee3ec860fdbb1d9
compiler/src/iree/compiler/Codegen/Common/test/reconcile_translation_info.mlir	blob	100644	398ee71174ca3e3164ed2d47f95f8b43cd077e20
compiler/src/iree/compiler/Codegen/Common/test/reconcile_translation_info_linearize.mlir	blob	100644	95a790108e309122b1bc5c7fe7dfcec3653399fb
compiler/src/iree/compiler/Codegen/Common/test/reconcile_translation_info_pure.mlir	blob	100644	bc79d0fbc2cd8330048945f77ec5c55e08d3eafc
compiler/src/iree/compiler/Codegen/Common/test/reinsert_swizzle_hints.mlir	blob	100644	84b6d1e177e18ed60d38b951fb3e98a7a521ca93
compiler/src/iree/compiler/Codegen/Common/test/rematerialize_parallel_ops.mlir	blob	100644	4dc212627306d28235d83701bc85b84d719bbde2
compiler/src/iree/compiler/Codegen/Common/test/remove_dead_allocs.mlir	blob	100644	b6e5ad60b4575d688ec3a90914bcdad734e1c875
compiler/src/iree/compiler/Codegen/Common/test/remove_index_hints.mlir	blob	100644	198a2193df576c234896069184aa209e8c90ac19
compiler/src/iree/compiler/Codegen/Common/test/remove_single_iteration_loop.mlir	blob	100644	1bbbd3636c65a5d938c7127805bbe113e9582c5a
compiler/src/iree/compiler/Codegen/Common/test/replace_slow_min_max_ops.mlir	blob	100644	a4a6ceaf8a21d41c6c623dce8611316438cc4260
compiler/src/iree/compiler/Codegen/Common/test/resolve_swizzle_hints.mlir	blob	100644	d833f6b6208de587e883cd56f8ec4b0dfc54ce3c
compiler/src/iree/compiler/Codegen/Common/test/resolve_workgroup_count_hints.mlir	blob	100644	328b97a4270e8d1059686ac3cdbce5c33b595805
compiler/src/iree/compiler/Codegen/Common/test/specialize_exports.mlir	blob	100644	9929f9268572c62c3f0e99bd9fa32a191075dab4
compiler/src/iree/compiler/Codegen/Common/test/strip_compilation_info.mlir	blob	100644	719f283c7fd31b4da3e1dc92f9d045eadb24078a
compiler/src/iree/compiler/Codegen/Common/test/test_partitionable_loops_interface.mlir	blob	100644	07cd5d1800ca8b5a4d8bbc22d377cfdc815093a1
compiler/src/iree/compiler/Codegen/Common/test/tile_and_distribute_workgroups_using_forall.mlir	blob	100644	65a8d8dd42eb311a3af60b0ced35adf02fa6f7bc
compiler/src/iree/compiler/Codegen/Common/test/tile_large_tensors.mlir	blob	100644	cc079cdef7473a075caabbe7262c156b02e9a24f
compiler/src/iree/compiler/Codegen/Common/test/transform_buffer_opt.mlir	blob	100644	69d5b06d08ae271e6cd8d6d9156c2986394fbfac
compiler/src/iree/compiler/Codegen/Common/test/transform_collapse_forall_dest.mlir	blob	100644	ee75677139476120d1087539e0ae2535dda3fb8e
compiler/src/iree/compiler/Codegen/Common/test/transform_copy_operand.mlir	blob	100644	361ac96ea813b1f2c302ca56d14ac3e851ea9d2d
compiler/src/iree/compiler/Codegen/Common/test/transform_flatten_forall.mlir	blob	100644	17a7d215aea8751ee80eab2310b3c405c306effd
compiler/src/iree/compiler/Codegen/Common/test/transform_hoist_forall.mlir	blob	100644	1645ce11fec1c508b005d712306ab18c02ee2865
compiler/src/iree/compiler/Codegen/Common/test/transpose_canonicalization.mlir	blob	100644	a9c477d8fc1405dc1a10ff145e5c0d929bcd934c
compiler/src/iree/compiler/Codegen/Common/test/tuning_spec.mlir	blob	100644	9e9e86d9891c80f839076cda9d85ac3fa8b52e9b
compiler/src/iree/compiler/Codegen/Common/test/tuning_spec_default.mlir	blob	100644	671dcfb2985163dacd8ef63d72b35bbd4c5774a8
compiler/src/iree/compiler/Codegen/Common/test/type_propagation.mlir	blob	100644	64662cc7f520dc049aee305276352e2f677f006d
compiler/src/iree/compiler/Codegen/Common/test/unroll_annotated_loops.mlir	blob	100644	7659a8dc1274011d46982cd0159beeca7c39e814
compiler/src/iree/compiler/Codegen/Common/test/vector_layout_analysis.mlir	blob	100644	be038f12586b57727112c5fbefccf2d52517cc11
compiler/src/iree/compiler/Codegen/Common/test/vector_layout_analysis_chain_cloning.mlir	blob	100644	53c4e39c2a9dc6dc288a8bfa6631c363f03f6fd4
compiler/src/iree/compiler/Codegen/Common/test/vectorize_memref_copy.mlir	blob	100644	3e8f19e4bca40d52ab620d5eca3cbd34a18287a0
compiler/src/iree/compiler/Codegen/Common/test/vectorize_tensor_pad.mlir	blob	100644	db32e9db499240d616a00a0bee38e4854e362da6
compiler/src/iree/compiler/Codegen/Common/test/verify_smt_constraints.mlir	blob	100644	0710501e63f97c1961ce10394402df4615b6b0b3
compiler/src/iree/compiler/Codegen/Common/test/verify_smt_constraints_e2e.mlir	blob	100644	269a81e754ba63673ac78a977724aa1697223226
compiler/src/iree/compiler/Codegen/Common/test/verify_smt_constraints_violation.mlir	blob	100644	4d58eea6bb117457eb9d05cce374d87815828a55
compiler/src/iree/compiler/Codegen/Common/test/verify_tuning_specs.mlir	blob	100644	24474fadd820f49defeeec977939ee71d64f7c92
compiler/src/iree/compiler/Codegen/Common/test/verify_workgroup_distribution.mlir	blob	100644	db8c784fbe5f287c7ad3ad64512f40b035160616
compiler/src/iree/compiler/Codegen/Dialect/BUILD.bazel	blob	100644	236a474467251aef400aace1223bcd560190d2cc
compiler/src/iree/compiler/Codegen/Dialect/CMakeLists.txt	blob	100644	f2f20059062c52b9aa6482229365306f04c5e7dd
compiler/src/iree/compiler/Codegen/Dialect/CPU/BUILD.bazel	blob	100644	7c309b6c0b246850f7854ca9f79ea01f6bbe6478
compiler/src/iree/compiler/Codegen/Dialect/CPU/CMakeLists.txt	blob	100644	976e7741637160607d696d1c61bb687a2c700dee
compiler/src/iree/compiler/Codegen/Dialect/CPU/IR/BUILD.bazel	blob	100644	ac9b6721861a82671bb124ae1592cf0323476952
compiler/src/iree/compiler/Codegen/Dialect/CPU/IR/CMakeLists.txt	blob	100644	ea6059eef27de23bbf65e537195a0b2b7ccecceb
compiler/src/iree/compiler/Codegen/Dialect/CPU/IR/IREECPUAttrs.cpp	blob	100644	357920d48dbbe8ae1cea8c8e8994945d352ba2b6
compiler/src/iree/compiler/Codegen/Dialect/CPU/IR/IREECPUAttrs.td	blob	100644	ca8fc8e233f21cff2ee74e67dd1aa7ee1cf1cd4e
compiler/src/iree/compiler/Codegen/Dialect/CPU/IR/IREECPUDialect.cpp	blob	100644	941aff5b64e9ded57e87555976a60315d1128f4e
compiler/src/iree/compiler/Codegen/Dialect/CPU/IR/IREECPUDialect.h	blob	100644	785dc21428c9e1cea23b6ef44754e5df78268e53
compiler/src/iree/compiler/Codegen/Dialect/CPU/IR/IREECPUDialect.td	blob	100644	6c77cfb6bb2b7f520c18c94ca9e538a7bc6bb924
compiler/src/iree/compiler/Codegen/Dialect/CPU/IR/IREECPUEnums.td	blob	100644	84ed10607cd03baf5399f6d98ff3b0eb8cc25428
compiler/src/iree/compiler/Codegen/Dialect/CPU/IR/IREECPUTypes.h	blob	100644	50c21408fc941cdd4d98de9515c9e97c9499ea21
compiler/src/iree/compiler/Codegen/Dialect/CPU/IR/test/BUILD.bazel	blob	100644	a151346a852fc6f37d86a3eed9d980088eafd054
compiler/src/iree/compiler/Codegen/Dialect/CPU/IR/test/CMakeLists.txt	blob	100644	e911b69a5738b13d340bbb7fc0bcb6f55dba61e5
compiler/src/iree/compiler/Codegen/Dialect/CPU/IR/test/invalid.mlir	blob	100644	3bbb7ccdf0f2e969b98906a6711ee015d2c2bc5f
compiler/src/iree/compiler/Codegen/Dialect/CPU/IR/test/iree_cpu_inner_tiled_ops.mlir	blob	100644	45ea76cc50970ae372473e19605f94d101bf9db2
compiler/src/iree/compiler/Codegen/Dialect/CPU/IR/test/lower_inner_tiled.mlir	blob	100644	9c6def080b421167a6ce5b462d8a919a1a9bfc2f
compiler/src/iree/compiler/Codegen/Dialect/CPU/IR/test/roundtrip.mlir	blob	100644	5a2845a3bf64d24a363d5d300a9fd30afebf302c
compiler/src/iree/compiler/Codegen/Dialect/Codegen/BUILD.bazel	blob	100644	236a474467251aef400aace1223bcd560190d2cc
compiler/src/iree/compiler/Codegen/Dialect/Codegen/CMakeLists.txt	blob	100644	9aa0719ac3ff2255b6760ff3fd00200ece9fa6e4
compiler/src/iree/compiler/Codegen/Dialect/Codegen/IR/BUILD.bazel	blob	100644	9203a34e93c4827be4431220e46c5f74d9515b41
compiler/src/iree/compiler/Codegen/Dialect/Codegen/IR/CMakeLists.txt	blob	100644	ab815d0a4c0afb327d566b5746b5d328862b334e
compiler/src/iree/compiler/Codegen/Dialect/Codegen/IR/IREECodegenAttrs.cpp	blob	100644	88eda84d51109a6f6e78134cbf70f7e4199e1d00
compiler/src/iree/compiler/Codegen/Dialect/Codegen/IR/IREECodegenAttrs.h	blob	100644	17e68d925d53f76ed9f2b14e7b11a9f7d4e2b0c7
compiler/src/iree/compiler/Codegen/Dialect/Codegen/IR/IREECodegenAttrs.td	blob	100644	c8e0e9892c4dc7515ed9844c8e3e5941ee896dbc
compiler/src/iree/compiler/Codegen/Dialect/Codegen/IR/IREECodegenDialect.cpp	blob	100644	88e705ba9bfbf07b7c7fe7b40bd89897979e5ed6
compiler/src/iree/compiler/Codegen/Dialect/Codegen/IR/IREECodegenDialect.h	blob	100644	90d929ceb5a20b7eda9f16a4066d21b57102043c
compiler/src/iree/compiler/Codegen/Dialect/Codegen/IR/IREECodegenDialect.td	blob	100644	cbf306b55b85d03cc1230e1a9ae45b7072c2c500
compiler/src/iree/compiler/Codegen/Dialect/Codegen/IR/IREECodegenEnums.h	blob	100644	098eed5838ec5a80e19bd98ebcb260fbffcbc887
compiler/src/iree/compiler/Codegen/Dialect/Codegen/IR/IREECodegenInterfaces.cpp	blob	100644	8b0cdeb6d433aa7fbaf486db632d40dd3192804e
compiler/src/iree/compiler/Codegen/Dialect/Codegen/IR/IREECodegenInterfaces.h	blob	100644	a543c2b6681eda55a006576c9df9f188fbeba196
compiler/src/iree/compiler/Codegen/Dialect/Codegen/IR/IREECodegenInterfaces.td	blob	100644	3c6e0dd560f8ccb39ad5c1445af9d7f267a12caa
compiler/src/iree/compiler/Codegen/Dialect/Codegen/IR/IREECodegenLibraryManager.cpp	blob	100644	e906bb1ace542fecbb556ab0fbd870c748e976ba
compiler/src/iree/compiler/Codegen/Dialect/Codegen/IR/IREECodegenOps.cpp	blob	100644	1b7678031491ec4d246c987a7795b428b7266de1
compiler/src/iree/compiler/Codegen/Dialect/Codegen/IR/IREECodegenOps.h	blob	100644	d5c6b54d6124c4f5a41ae8f91578ee15d583467d
compiler/src/iree/compiler/Codegen/Dialect/Codegen/IR/IREECodegenOps.td	blob	100644	00d3498701ad1d9b3160eb536ab6ccb3a0ef3420
compiler/src/iree/compiler/Codegen/Dialect/Codegen/IR/IREECodegenTypes.cpp	blob	100644	015973d98f9338ccfddeb7c2c0b0fc0c9f12b5a9
compiler/src/iree/compiler/Codegen/Dialect/Codegen/IR/IREECodegenTypes.h	blob	100644	5b82c9b718bc5bebd0f808e8cce97d53dde6211a
compiler/src/iree/compiler/Codegen/Dialect/Codegen/IR/IREECodegenTypes.td	blob	100644	97947bc3d9022c21af00a53541e1d19b9ce4ed3a
compiler/src/iree/compiler/Codegen/Dialect/Codegen/IR/TilingInterfaceImpl.cpp	blob	100644	ecd3166f7ec1b7d85f5239081362af2342b900e8
compiler/src/iree/compiler/Codegen/Dialect/Codegen/IR/UKernelOps.cpp	blob	100644	d94a7247cb929b764260938152eccdc9d80bd7c6
compiler/src/iree/compiler/Codegen/Dialect/Codegen/IR/UKernelOps.h	blob	100644	82aa9eceff86d662fe4f21037cee08be24678ab3
compiler/src/iree/compiler/Codegen/Dialect/Codegen/IR/UKernelOps.td	blob	100644	ce14b80d83cbd5179a0115c9c9246e3917b17f08
compiler/src/iree/compiler/Codegen/Dialect/Codegen/IR/test/BUILD.bazel	blob	100644	53856548c2162c44789e18b80359bfb51339c297
compiler/src/iree/compiler/Codegen/Dialect/Codegen/IR/test/CMakeLists.txt	blob	100644	55071f0d0e2cc255b1d90b699d370ad4c55e4c4b
compiler/src/iree/compiler/Codegen/Dialect/Codegen/IR/test/invalid.mlir	blob	100644	b1f0d881e09051b451f26ba37f5b0c913925c3e2
compiler/src/iree/compiler/Codegen/Dialect/Codegen/IR/test/lowering_config_attr.mlir	blob	100644	11f5599186a2bd1953e75a789043955022860a95
compiler/src/iree/compiler/Codegen/Dialect/Codegen/IR/test/roundtrip.mlir	blob	100644	07365a1c9753dc56611518001cf7bb7bb90d744f
compiler/src/iree/compiler/Codegen/Dialect/Codegen/IR/test/ukernel_ops.mlir	blob	100644	b70c8730f2e7f8eac944a7ce121340d159297752
compiler/src/iree/compiler/Codegen/Dialect/Codegen/IR/test/ukernel_ops_cse.mlir	blob	100644	c52238104c76eba7e2a3d2202b145155a5a25069
compiler/src/iree/compiler/Codegen/Dialect/Codegen/IR/test/workgroup_mapping_attrs.mlir	blob	100644	ef96a73ee6faa13ca6f0bf428a890a2736e4df42
compiler/src/iree/compiler/Codegen/Dialect/Codegen/Transforms/BUILD.bazel	blob	100644	44f8a1d42d57d00279ce9c5642a0f54fda44d6f6
compiler/src/iree/compiler/Codegen/Dialect/Codegen/Transforms/CMakeLists.txt	blob	100644	a032c1dbe64ead7d4cc583f4e62908223951bf19
compiler/src/iree/compiler/Codegen/Dialect/Codegen/Transforms/LowerInnerTiled.cpp	blob	100644	ddd34863aa0493581754040dd849fd1421b050f1
compiler/src/iree/compiler/Codegen/Dialect/Codegen/Transforms/ReshapeFusion.cpp	blob	100644	899038fb436f8bc3a3f992f421d2455c74b71ec4
compiler/src/iree/compiler/Codegen/Dialect/Codegen/Transforms/Transforms.h	blob	100644	9e9710f881109e1adababc29429d896a0376a0ae
compiler/src/iree/compiler/Codegen/Dialect/Codegen/Transforms/UnrollInnerTiled.cpp	blob	100644	4a24d1e33e568a1976bd61b75a9600d25d925cef
compiler/src/iree/compiler/Codegen/Dialect/Codegen/Utils/BUILD.bazel	blob	100644	724165fb1bb7bf1dcff31d9aa1744314720220ad
compiler/src/iree/compiler/Codegen/Dialect/Codegen/Utils/CMakeLists.txt	blob	100644	5f4ce3ae4ed0f97d2aee18380aee5dbf3c9c0df7
compiler/src/iree/compiler/Codegen/Dialect/Codegen/Utils/MMAUtils.cpp	blob	100644	9e1c3d42468fc5ae2d683553f970ed74cd05a357
compiler/src/iree/compiler/Codegen/Dialect/Codegen/Utils/MMAUtils.h	blob	100644	d48bc93cf01cf6389b0d14198f47ec4c1a479712
compiler/src/iree/compiler/Codegen/Dialect/Codegen/Utils/Utils.cpp	blob	100644	12704afa1606738a68f96e6218fd8c951f700c45
compiler/src/iree/compiler/Codegen/Dialect/Codegen/Utils/Utils.h	blob	100644	5bfafb60deefaf4d30574f58b1d77975ee9fff73
compiler/src/iree/compiler/Codegen/Dialect/Codegen/Utils/unittests/BUILD.bazel	blob	100644	8159dea713f1487dde16a2b2c5ed8f1f409c4c7b
compiler/src/iree/compiler/Codegen/Dialect/Codegen/Utils/unittests/CMakeLists.txt	blob	100644	6624ee4fcee2630b730758c9124097855a1ffe8e
compiler/src/iree/compiler/Codegen/Dialect/Codegen/Utils/unittests/UtilsTest.cpp	blob	100644	23c1b4cae5068d03e5a0c3bce66f26c6b9af5a10
compiler/src/iree/compiler/Codegen/Dialect/GPU/BUILD.bazel	blob	100644	236a474467251aef400aace1223bcd560190d2cc
compiler/src/iree/compiler/Codegen/Dialect/GPU/CMakeLists.txt	blob	100644	fc457a5650fe8797e7a49b1cd519957a540a09b8
compiler/src/iree/compiler/Codegen/Dialect/GPU/ExternalInterfaces/BUILD.bazel	blob	100644	ca3a5e2c8d3df375f9c51c355e39617568f95152
compiler/src/iree/compiler/Codegen/Dialect/GPU/ExternalInterfaces/CMakeLists.txt	blob	100644	31641a69e87db7342b0d472daf6dadfa3cd10dab
compiler/src/iree/compiler/Codegen/Dialect/GPU/ExternalInterfaces/GPUScopeExternalModels.cpp	blob	100644	2d818cd397d7a3f5f2f6a8d5d780686e94960b55
compiler/src/iree/compiler/Codegen/Dialect/GPU/ExternalInterfaces/GPUScopeExternalModels.h	blob	100644	cb604048d71db63a701a89fbcb04cf9952e5d2f7
compiler/src/iree/compiler/Codegen/Dialect/GPU/ExternalInterfaces/Interfaces.cpp	blob	100644	0266e382a21dd9add904484faecc11ff8993fe26
compiler/src/iree/compiler/Codegen/Dialect/GPU/ExternalInterfaces/Interfaces.h	blob	100644	1cfee227f3a0892e4c5b9d341590dfe9eae6669c
compiler/src/iree/compiler/Codegen/Dialect/GPU/ExternalInterfaces/test/BUILD.bazel	blob	100644	9a1e915e662b5a026232b7892e0f885a1de3ddd1
compiler/src/iree/compiler/Codegen/Dialect/GPU/ExternalInterfaces/test/CMakeLists.txt	blob	100644	0ccd74f194e660c9d40d0d7d7677e5dc67519fc3
compiler/src/iree/compiler/Codegen/Dialect/GPU/ExternalInterfaces/test/gpu_scope_alloc.mlir	blob	100644	a2c6ac76be118dfd1679482fe7db33a6e73c94c3
compiler/src/iree/compiler/Codegen/Dialect/GPU/ExternalInterfaces/test/gpu_scope_attrs.mlir	blob	100644	efbc84f11cf4d8d583ddb87c2c04fabc4611529c
compiler/src/iree/compiler/Codegen/Dialect/GPU/IR/BUILD.bazel	blob	100644	fd66cff377f8af678f53962ddf59158b5e267982
compiler/src/iree/compiler/Codegen/Dialect/GPU/IR/CMakeLists.txt	blob	100644	b2cc69d14e792d929eb5317f964b2307a6f6bc7f
compiler/src/iree/compiler/Codegen/Dialect/GPU/IR/DerivedConfigUtils.cpp	blob	100644	cbf7858ca5315087e2c73080d5c0d401451afac0
compiler/src/iree/compiler/Codegen/Dialect/GPU/IR/DerivedConfigUtils.h	blob	100644	99749bb09ef14650b44f57501e6362f03ec7436b
compiler/src/iree/compiler/Codegen/Dialect/GPU/IR/GPULoweringConfigUtils.cpp	blob	100644	618bc232e88ef4d1ac759bb6345776b796d33f1e
compiler/src/iree/compiler/Codegen/Dialect/GPU/IR/GPULoweringConfigUtils.h	blob	100644	13eb2b552a4dab8e8f6b8bd3dcc6399098d4da80
compiler/src/iree/compiler/Codegen/Dialect/GPU/IR/GPUTileSwizzleUtils.cpp	blob	100644	98925ae5d7c416cc7616a88c2be390150cffa52c
compiler/src/iree/compiler/Codegen/Dialect/GPU/IR/GPUTileSwizzleUtils.h	blob	100644	0d6b9625333ce43ceb7ecdabd0bab5da345da4af
compiler/src/iree/compiler/Codegen/Dialect/GPU/IR/IREEGPUAttrs.cpp	blob	100644	0bc2968f3b94458c7fb9dcecb9bd8c325eb15ef4
compiler/src/iree/compiler/Codegen/Dialect/GPU/IR/IREEGPUAttrs.h	blob	100644	0cf65b3e65b66c7d05ca4283bc8557048a7bf4e4
compiler/src/iree/compiler/Codegen/Dialect/GPU/IR/IREEGPUAttrs.td	blob	100644	b6cac8a6117456ffadd1ea88d495fc4ed6881f57
compiler/src/iree/compiler/Codegen/Dialect/GPU/IR/IREEGPUDialect.cpp	blob	100644	ca7bae6f20867bb604f44d2cf9451d2c2acc11f1
compiler/src/iree/compiler/Codegen/Dialect/GPU/IR/IREEGPUDialect.h	blob	100644	03f4f62e71e0c302674b81d5609b1697f2f54a32
compiler/src/iree/compiler/Codegen/Dialect/GPU/IR/IREEGPUDialect.td	blob	100644	637956a452dcccf9495a30d2f2d5fcccd079e283
compiler/src/iree/compiler/Codegen/Dialect/GPU/IR/IREEGPUEnums.h	blob	100644	676c870ce4a5f2fe603622af5fe6af31aee92012
compiler/src/iree/compiler/Codegen/Dialect/GPU/IR/IREEGPUEnums.td	blob	100644	59348ecd0b68c8e2e2eead3180e75bafe3f34f33
compiler/src/iree/compiler/Codegen/Dialect/GPU/IR/IREEGPUInterfaces.cpp	blob	100644	889891e511210077de4b3752ccec0364d8b8c429
compiler/src/iree/compiler/Codegen/Dialect/GPU/IR/IREEGPUInterfaces.h	blob	100644	6df088ea65ace315425f9813cd89c956c56ea4cb
compiler/src/iree/compiler/Codegen/Dialect/GPU/IR/IREEGPUInterfaces.td	blob	100644	95bfedcbec70b119d95090b2f2731169b2913c5f
compiler/src/iree/compiler/Codegen/Dialect/GPU/IR/IREEGPUOps.cpp	blob	100644	42d0459e15eacf840298360cc6c7df5308f2dc79
compiler/src/iree/compiler/Codegen/Dialect/GPU/IR/IREEGPUOps.h	blob	100644	5cf3b3c4ef17edceb064c5626060950c5de41a1c
compiler/src/iree/compiler/Codegen/Dialect/GPU/IR/IREEGPUOps.td	blob	100644	bc5479f9e55d660876ed6198d34896da0181cd42
compiler/src/iree/compiler/Codegen/Dialect/GPU/IR/PromotionImpls.cpp	blob	100644	d67989b3f00b9e4a6f427fa0b59b43e7bdd90681
compiler/src/iree/compiler/Codegen/Dialect/GPU/IR/test/BUILD.bazel	blob	100644	38cc7dd400ec4fc66ffa9c78f23f2406d20d4c84
compiler/src/iree/compiler/Codegen/Dialect/GPU/IR/test/CMakeLists.txt	blob	100644	e85eb70f9b5afc47eeb05fe6ffed524085873f0b
compiler/src/iree/compiler/Codegen/Dialect/GPU/IR/test/bufferize_async_dma.mlir	blob	100644	916ef903f5e371038ee43cbef613da856fe386fc
compiler/src/iree/compiler/Codegen/Dialect/GPU/IR/test/bufferize_coalesced_gather_dma.mlir	blob	100644	f8ef24e79839b4e7e14f0e74333ff4977a2472e6
compiler/src/iree/compiler/Codegen/Dialect/GPU/IR/test/canonicalize.mlir	blob	100644	ade137afb0a8853eb052ac60c934aa3239df0a2d
compiler/src/iree/compiler/Codegen/Dialect/GPU/IR/test/invalid.mlir	blob	100644	1ad2c382502df80882acb797f840be75fc4c5c68
compiler/src/iree/compiler/Codegen/Dialect/GPU/IR/test/iree_gpu_attrs.mlir	blob	100644	a96b0cd0249007be59a27095f3bfec2ff5f2b1a6
compiler/src/iree/compiler/Codegen/Dialect/GPU/IR/test/iree_gpu_inner_tiled_ops.mlir	blob	100644	ee40af97afff937e708ee0faf4187277340a4d66
compiler/src/iree/compiler/Codegen/Dialect/GPU/IR/test/iree_gpu_ops.mlir	blob	100644	1a746d176415ac45d97436a3674a41fc2d01e78e
compiler/src/iree/compiler/Codegen/Dialect/GPU/IR/test/target_attrs.mlir	blob	100644	cde8c2522a57b3b5c770bf3791af53dff77effb9
compiler/src/iree/compiler/Codegen/Dialect/GPU/TargetUtils/BUILD.bazel	blob	100644	c173fdac9b313fb9191b9849930b5bbe9c94b50a
compiler/src/iree/compiler/Codegen/Dialect/GPU/TargetUtils/CMakeLists.txt	blob	100644	f7e4e6dc0d5e78d01f7add0cc73c307f2b6e018d
compiler/src/iree/compiler/Codegen/Dialect/GPU/TargetUtils/ConfigUtils.cpp	blob	100644	e58a410939abb6ae816261de0aa38376371afe9b
compiler/src/iree/compiler/Codegen/Dialect/GPU/TargetUtils/ConfigUtils.h	blob	100644	e1c1da3495b7e278e2c59c8c6170f7107f780889
compiler/src/iree/compiler/Codegen/Dialect/GPU/TargetUtils/KnownTargets.cpp	blob	100644	1d936daddf3f9e5e2e9e0808d2a45cb95fca095e
compiler/src/iree/compiler/Codegen/Dialect/GPU/TargetUtils/KnownTargets.h	blob	100644	4168b004d647cf377c64d5e89618f40e4e31e04e
compiler/src/iree/compiler/Codegen/Dialect/GPU/TargetUtils/ReductionConfigUtils.cpp	blob	100644	24d67917bf25cebe50aa3e44a601c3fb11e24e16
compiler/src/iree/compiler/Codegen/Dialect/GPU/TransformExtensions/BUILD.bazel	blob	100644	480a788a4e28e7c4ec01b06426fddda1a50f26ea
compiler/src/iree/compiler/Codegen/Dialect/GPU/TransformExtensions/CMakeLists.txt	blob	100644	5c7931fdc8c3bdd6dc48fc2e38f68e6fbc04df5a
compiler/src/iree/compiler/Codegen/Dialect/GPU/TransformExtensions/IREEGPUExtensions.cpp	blob	100644	454f7e62d0c50b189fa228d3d5d6b83ae8ae4cf4
compiler/src/iree/compiler/Codegen/Dialect/GPU/TransformExtensions/IREEGPUExtensions.h	blob	100644	678d2d8698c5caef8ffc0ddd5da49602fc00c231
compiler/src/iree/compiler/Codegen/Dialect/GPU/TransformExtensions/IREEGPUExtensionsOps.td	blob	100644	0d18aa4732f23e679fb007ce49e0ab592c857d95
compiler/src/iree/compiler/Codegen/Dialect/GPU/TransformExtensions/test/BUILD.bazel	blob	100644	2b9ca722ac705fc9c267b230646b340657404716
compiler/src/iree/compiler/Codegen/Dialect/GPU/TransformExtensions/test/CMakeLists.txt	blob	100644	d061ee43202afc4087966772c895f3c1c527f4d4
compiler/src/iree/compiler/Codegen/Dialect/GPU/TransformExtensions/test/convert_to_multi_mma.mlir	blob	100644	64a05ed64645ceaf8c718242e6e482959688bf95
compiler/src/iree/compiler/Codegen/Dialect/GPU/TransformExtensions/test/distribute_inner_tiled.mlir	blob	100644	4fed22f9da9ad9d1f14ec0138fd9b6cf430a8953
compiler/src/iree/compiler/Codegen/Dialect/GPU/TransformExtensions/test/distribute_lane_forall.mlir	blob	100644	6cdd8b781bc19ad4dab36e7857f17b81726c1946
compiler/src/iree/compiler/Codegen/Dialect/GPU/TransformExtensions/test/drop_inner_tiled_unit_dims.mlir	blob	100644	68680ebdc66567b689aa3c24e0f88e407a0804c0
compiler/src/iree/compiler/Codegen/Dialect/GPU/TransformExtensions/test/lower_inner_tiled.mlir	blob	100644	c198b155ea38f88b4122199068eddea7f70ba6c9
compiler/src/iree/compiler/Codegen/Dialect/GPU/TransformExtensions/test/lower_vector_barrier.mlir	blob	100644	ec0f43a1a0d70cb6409d02d2e4eeb49cd4ac602e
compiler/src/iree/compiler/Codegen/Dialect/GPU/TransformExtensions/test/transform_fuse_collapse_shape_with_forall.mlir	blob	100644	2e887a10dda10d3132cb57dc57fadef5d4697edf
compiler/src/iree/compiler/Codegen/Dialect/GPU/TransformExtensions/test/transform_fuse_extract_slice_with_forall.mlir	blob	100644	d1b3814d6f9dee15a8eb2b385386fa5db4252b1d
compiler/src/iree/compiler/Codegen/Dialect/GPU/TransformExtensions/test/transform_fuse_forall.mlir	blob	100644	04994f6cce827965f6bbfc8fd1d3565a0c616144
compiler/src/iree/compiler/Codegen/Dialect/GPU/TransformExtensions/test/transform_lower_barrier_region.mlir	blob	100644	926392c32825a0cd8b813889d8ae29586ad575f1
compiler/src/iree/compiler/Codegen/Dialect/GPU/TransformExtensions/test/unroll_multi_mma.mlir	blob	100644	c104cbaefb9325dc4d9b96c6bd0ee4272c8623e6
compiler/src/iree/compiler/Codegen/Dialect/GPU/Transforms/BUILD.bazel	blob	100644	c2566c1d56e72e0674fd4a0bcddbe5beb60af5c4
compiler/src/iree/compiler/Codegen/Dialect/GPU/Transforms/BufferizationInterfaces.cpp	blob	100644	1a7fce2ebed5751a12076499750afed33a93c520
compiler/src/iree/compiler/Codegen/Dialect/GPU/Transforms/BufferizationInterfaces.h	blob	100644	0d3623acfb4a4ed6e86685d803e2ecc6300e66f0
compiler/src/iree/compiler/Codegen/Dialect/GPU/Transforms/CMakeLists.txt	blob	100644	52aaf7c472e78414913c9e9540368d77c34b3ab3
compiler/src/iree/compiler/Codegen/Dialect/GPU/Transforms/ConvertForallToGenericNestGPU.cpp	blob	100644	beed5859c830fc41cf7b8c897d7395066ded5c3b
compiler/src/iree/compiler/Codegen/Dialect/GPU/Transforms/DistributeInnerTiledToLanes.cpp	blob	100644	42f96aca3611ff80e107ca3c1f4c8f19fc0408c5
compiler/src/iree/compiler/Codegen/Dialect/GPU/Transforms/ExpandUndistributedInnerTiles.cpp	blob	100644	b756b4430202bc92a2fd3dd348b3cd8409cf01e8
compiler/src/iree/compiler/Codegen/Dialect/GPU/Transforms/LowerIREEGPUOps.cpp	blob	100644	995692db7f45229216f2c293461a0ea379613e93
compiler/src/iree/compiler/Codegen/Dialect/GPU/Transforms/Passes.cpp	blob	100644	45934001b212763cd7e6a89fb15a2db53be0b144
compiler/src/iree/compiler/Codegen/Dialect/GPU/Transforms/Passes.h	blob	100644	e9fa3268daedae25dad7318748b8d9668309ae91
compiler/src/iree/compiler/Codegen/Dialect/GPU/Transforms/Passes.td	blob	100644	b9c63e1eadc14239a666462d539dde537f62ba8e
compiler/src/iree/compiler/Codegen/Dialect/GPU/Transforms/Transforms.cpp	blob	100644	b6be06fd0199e76e1ab8a41ac2047873a79476e9
compiler/src/iree/compiler/Codegen/Dialect/GPU/Transforms/Transforms.h	blob	100644	6242c6ead733addc3556f387ddd05bfb5cffc137
compiler/src/iree/compiler/Codegen/Dialect/GPU/Transforms/UnrollToIntrinsics.cpp	blob	100644	469d305a2a6349188ba5f352096d1b7c7ac33d35
compiler/src/iree/compiler/Codegen/Dialect/GPU/Transforms/test/BUILD.bazel	blob	100644	ac73a3126d608dad76808bc329316154080207aa
compiler/src/iree/compiler/Codegen/Dialect/GPU/Transforms/test/CMakeLists.txt	blob	100644	82708bb0c75d8d2b641e4a43b47f3f58727d8830
compiler/src/iree/compiler/Codegen/Dialect/GPU/Transforms/test/convert_forall_to_generic_nest_gpu.mlir	blob	100644	b4cc529ed7c44cd4c1bec47f915532f9727b66c4
compiler/src/iree/compiler/Codegen/Dialect/GPU/Transforms/test/distribute_inner_tiled_to_lanes.mlir	blob	100644	acb2d54404a3cc413b28d6d2d4409a3b326a958c
compiler/src/iree/compiler/Codegen/Dialect/GPU/Transforms/test/expand_undistributed_inner_tiles.mlir	blob	100644	0af29a1f52b716d70d9288b4e4787e42cd1e800b
compiler/src/iree/compiler/Codegen/Dialect/Map/BUILD.bazel	blob	100644	29675991bf408dd95a0814d7ce259575cab5b782
compiler/src/iree/compiler/Codegen/Dialect/Map/CMakeLists.txt	blob	100644	72bd7d684758f33d87e5c9e1c65346ac3ccf6a31
compiler/src/iree/compiler/Codegen/Dialect/Map/ExternalInterfaces/BUILD.bazel	blob	100644	07b21ef009586db936de77c0ad0fb56abce3e089
compiler/src/iree/compiler/Codegen/Dialect/Map/ExternalInterfaces/CMakeLists.txt	blob	100644	f1536f6c0cb5a96ad4bb8407f6b93ef2414917b3
compiler/src/iree/compiler/Codegen/Dialect/Map/ExternalInterfaces/Interfaces.cpp	blob	100644	bef9a1af7262658f61e80e180c109ada204020a4
compiler/src/iree/compiler/Codegen/Dialect/Map/ExternalInterfaces/Interfaces.h	blob	100644	a9188163826403cc582800597691c7d7baa036bf
compiler/src/iree/compiler/Codegen/Dialect/Map/ExternalInterfaces/VectorLayoutInterfaceImpl.cpp	blob	100644	047a9b1ab05dccb775be0c3b945ed257fe5bbd9b
compiler/src/iree/compiler/Codegen/Dialect/Map/ExternalInterfaces/VectorLayoutInterfaceImpl.h	blob	100644	b9993d606488e5726e09d4272faa50f5f83deb2c
compiler/src/iree/compiler/Codegen/Dialect/Map/ExternalInterfaces/test/BUILD.bazel	blob	100644	dcdb93023332f7fbf9d27555426b84a4e5935a8f
compiler/src/iree/compiler/Codegen/Dialect/Map/ExternalInterfaces/test/CMakeLists.txt	blob	100644	760e4262f4ebd397dbea87a798b06202e8981f53
compiler/src/iree/compiler/Codegen/Dialect/Map/ExternalInterfaces/test/pack_layout_vector_analysis.mlir	blob	100644	db22c2deb196428e53c6a5ae5421bc096a1e2de2
compiler/src/iree/compiler/Codegen/Dialect/Map/IR/BUILD.bazel	blob	100644	edee20ad1f074d6148bd33bbaf7f575b35933a6f
compiler/src/iree/compiler/Codegen/Dialect/Map/IR/CMakeLists.txt	blob	100644	b19e567ba2229dfede1f0a05ddb336ec9182a134
compiler/src/iree/compiler/Codegen/Dialect/Map/IR/IREEMapAttrs.cpp	blob	100644	196da6088a5edf30d098c6e27777bb1774182c19
compiler/src/iree/compiler/Codegen/Dialect/Map/IR/IREEMapAttrs.h	blob	100644	036aa1dc1ff317cfa57649a326f4094ec5ed34f9
compiler/src/iree/compiler/Codegen/Dialect/Map/IR/IREEMapAttrs.td	blob	100644	60b689569b8d4a37ebaddd366e67809d18b25f29
compiler/src/iree/compiler/Codegen/Dialect/Map/IR/IREEMapBase.td	blob	100644	4ec7df8349e25afe0ecd09cb02073051b3c1a227
compiler/src/iree/compiler/Codegen/Dialect/Map/IR/IREEMapDialect.cpp	blob	100644	aed705e67a1aea6b4361b91cc256bb21c88c7108
compiler/src/iree/compiler/Codegen/Dialect/Map/IR/IREEMapDialect.h	blob	100644	a1b2ddff8d1ffece76bd69a4f02eb04d6293ceae
compiler/src/iree/compiler/Codegen/Dialect/Map/IR/IntTuple.cpp	blob	100644	6ea3e1caea28146cb0c1a1725384a73bf5fe2f6d
compiler/src/iree/compiler/Codegen/Dialect/Map/IR/IntTuple.h	blob	100644	757cef23319cb47af8b398398d724a83d5be832e
compiler/src/iree/compiler/Codegen/Dialect/Map/IR/test/BUILD.bazel	blob	100644	67448eded56bb43fd1ec8be546d65da8fed8865e
compiler/src/iree/compiler/Codegen/Dialect/Map/IR/test/CMakeLists.txt	blob	100644	66e790f1679d88740317a09983311d6fee1b332b
compiler/src/iree/compiler/Codegen/Dialect/Map/IR/test/invalid.mlir	blob	100644	a66adc5862bb5e4d16756863dc5bbf99bf7163c8
compiler/src/iree/compiler/Codegen/Dialect/Map/IR/test/roundtrip.mlir	blob	100644	a42717b5d5e676524d2e99d7b55d3426dec9c287
compiler/src/iree/compiler/Codegen/Dialect/Map/IR/unittests/BUILD.bazel	blob	100644	ea32c512390fcffe29b8a468d83297775fec77ba
compiler/src/iree/compiler/Codegen/Dialect/Map/IR/unittests/CMakeLists.txt	blob	100644	05abab5a0c18912f50f42467d466d2ffac3c8eec
compiler/src/iree/compiler/Codegen/Dialect/Map/IR/unittests/PackMapTest.cpp	blob	100644	c51625dd8ab06d5cea119491e9bf31258d5260e2
compiler/src/iree/compiler/Codegen/Dialect/Map/Transforms/BUILD.bazel	blob	100644	918d8215f34ad7f0da131a4fcdcad6bf9ee9a0c4
compiler/src/iree/compiler/Codegen/Dialect/Map/Transforms/CMakeLists.txt	blob	100644	4b2c057030899898b07f093e05095b7fc7792713
compiler/src/iree/compiler/Codegen/Dialect/Map/Transforms/MapDistributeGenericOps.cpp	blob	100644	53ea581a0eea1fbea2a61447df2c183ca17d45c9
compiler/src/iree/compiler/Codegen/Dialect/Map/Transforms/MapDistributionUtils.cpp	blob	100644	49b822e1d455e0cc5670e17883934030bc43c4a5
compiler/src/iree/compiler/Codegen/Dialect/Map/Transforms/MapDistributionUtils.h	blob	100644	2c4c3eccdb6f5c0c1276e0acb6680b194a2c5b7d
compiler/src/iree/compiler/Codegen/Dialect/Map/Transforms/MapPatterns.h	blob	100644	d0e65cfaedc27cd31a19350b62f53ce8cea0b343
compiler/src/iree/compiler/Codegen/Dialect/Map/Transforms/test/BUILD.bazel	blob	100644	18ad109c04779e988ec922da0b4cf332b07dcbfd
compiler/src/iree/compiler/Codegen/Dialect/Map/Transforms/test/CMakeLists.txt	blob	100644	f7ee11568a722ee45d94231f5642dac49945701b
compiler/src/iree/compiler/Codegen/Dialect/Map/Transforms/test/map_distribute_generic_ops.mlir	blob	100644	add308140e74acf11fd01680eb981213726fbaf3
compiler/src/iree/compiler/Codegen/Dialect/PCF/BUILD.bazel	blob	100644	5e68f0007984a7240c0e32e44e91acb1889d3c14
compiler/src/iree/compiler/Codegen/Dialect/PCF/CMakeLists.txt	blob	100644	9edd8d2461aaf7cb5d443877ca8befdc630103bc
compiler/src/iree/compiler/Codegen/Dialect/PCF/ExternalInterfaces/BUILD.bazel	blob	100644	a186ed00b07a1aef5dfbb14f07d9f87521358b3d
compiler/src/iree/compiler/Codegen/Dialect/PCF/ExternalInterfaces/BufferizationExternalModels.cpp	blob	100644	514d2fbea7d01e9b6d32e78f73f32b99cc061465
compiler/src/iree/compiler/Codegen/Dialect/PCF/ExternalInterfaces/BufferizationExternalModels.h	blob	100644	ce1814c6486190b9b2134f76ba90b80f4eefdacd
compiler/src/iree/compiler/Codegen/Dialect/PCF/ExternalInterfaces/CMakeLists.txt	blob	100644	628593e894ed3c1cff1919ab5a588104de2ca325
compiler/src/iree/compiler/Codegen/Dialect/PCF/ExternalInterfaces/Interfaces.cpp	blob	100644	3e1d53597e993c1f35f543ce1f16f6db96239907
compiler/src/iree/compiler/Codegen/Dialect/PCF/ExternalInterfaces/Interfaces.h	blob	100644	bdadc53871789ff2f6270b4d2cf27824430c4b8b
compiler/src/iree/compiler/Codegen/Dialect/PCF/ExternalInterfaces/test/BUILD.bazel	blob	100644	cdb68196b38450492939cb290173b978b7355e1f
compiler/src/iree/compiler/Codegen/Dialect/PCF/ExternalInterfaces/test/CMakeLists.txt	blob	100644	238a8ceac64e6267c8b1d2583f10ab67ab489a4f
compiler/src/iree/compiler/Codegen/Dialect/PCF/ExternalInterfaces/test/bufferize.mlir	blob	100644	cad2e83cad8b1ddcfbeab56d15c9ef4163700e53
compiler/src/iree/compiler/Codegen/Dialect/PCF/IR/BUILD.bazel	blob	100644	ca840f957570940ca87d9d331f41dd7978e96906
compiler/src/iree/compiler/Codegen/Dialect/PCF/IR/CMakeLists.txt	blob	100644	e0ee6c3b92da542f2bba375a02de2dc4312b085a
compiler/src/iree/compiler/Codegen/Dialect/PCF/IR/PCF.h	blob	100644	8c6237245d62c1dd6b7005066335a3f7d37a16f8
compiler/src/iree/compiler/Codegen/Dialect/PCF/IR/PCFAttrs.cpp	blob	100644	660c0836e7cb41450eeff956c683de4196dec781
compiler/src/iree/compiler/Codegen/Dialect/PCF/IR/PCFAttrs.h	blob	100644	d7dc2f5ae801630c8c84e5788649ad9d11aae0ca
compiler/src/iree/compiler/Codegen/Dialect/PCF/IR/PCFBase.td	blob	100644	2b0556de33ee284c9886a71de8c490ce1b539110
compiler/src/iree/compiler/Codegen/Dialect/PCF/IR/PCFDialect.cpp	blob	100644	a97818aed92782df8556857ee96dc9fa098845dc
compiler/src/iree/compiler/Codegen/Dialect/PCF/IR/PCFDialect.h	blob	100644	3bce3385b8580256c0ffbfb58e8b212565ae391e
compiler/src/iree/compiler/Codegen/Dialect/PCF/IR/PCFInterfaces.cpp	blob	100644	9be637914f73f976d42fc69bdbcd331c5507b273
compiler/src/iree/compiler/Codegen/Dialect/PCF/IR/PCFInterfaces.h	blob	100644	f18cedc450156a241001b8592c289a81638a01bd
compiler/src/iree/compiler/Codegen/Dialect/PCF/IR/PCFInterfaces.td	blob	100644	8d5fa8dcb2c57d9a0774d581f8c5c5a8fb050c60
compiler/src/iree/compiler/Codegen/Dialect/PCF/IR/PCFOps.cpp	blob	100644	9bf9d62c3f61181c0dc3abfdd2347183471ddcad
compiler/src/iree/compiler/Codegen/Dialect/PCF/IR/PCFOps.h	blob	100644	930c9965c7caaf2c2fdc9887deb7de0f1d33a22e
compiler/src/iree/compiler/Codegen/Dialect/PCF/IR/PCFOps.td	blob	100644	5bb297ab4dbc5b35d15d43726dedc411e20a7c59
compiler/src/iree/compiler/Codegen/Dialect/PCF/IR/PCFTypes.cpp	blob	100644	1a2e62edb3739de041b2e7b26edceee87eebac08
compiler/src/iree/compiler/Codegen/Dialect/PCF/IR/PCFTypes.h	blob	100644	33c434dfe0259542c12c96b663e980be5b6114fa
compiler/src/iree/compiler/Codegen/Dialect/PCF/IR/test/BUILD.bazel	blob	100644	4a76b1f09230be176bf1d0f3bc862fb898e5aa23
compiler/src/iree/compiler/Codegen/Dialect/PCF/IR/test/CMakeLists.txt	blob	100644	4fab54a909318c96fb9f04dd7869afe131f5cd96
compiler/src/iree/compiler/Codegen/Dialect/PCF/IR/test/control_flow_ops.mlir	blob	100644	f294b894394184ef2d2a25f256075962eac34373
compiler/src/iree/compiler/Codegen/Dialect/PCF/IR/test/folders.mlir	blob	100644	40c61c09db4b5ffdaf78e53348930eee972b9ce0
compiler/src/iree/compiler/Codegen/Dialect/PCF/IR/test/invalid.mlir	blob	100644	97443b0191ca95c27895d8c738c307d7f7ed0e23
compiler/src/iree/compiler/Codegen/Dialect/PCF/IR/test/types.mlir	blob	100644	b9757d8b2041d5cbb9736f6b9254f4ccd37c6b7d
compiler/src/iree/compiler/Codegen/Dialect/PCF/IR/test/write_ops.mlir	blob	100644	8429420b34fd29f486a72ac59b150e69b43ed305
compiler/src/iree/compiler/Codegen/Dialect/PCF/Transforms/BUILD.bazel	blob	100644	580ad2e699ea1e5bc653a5010197758b755d9b30
compiler/src/iree/compiler/Codegen/Dialect/PCF/Transforms/CMakeLists.txt	blob	100644	64b852ce8dd6424340977a409fb2824e8928cf93
compiler/src/iree/compiler/Codegen/Dialect/PCF/Transforms/ConversionDialectInterface.h	blob	100644	b48170bba5abf53ea096ea7a3c4d3a84aae307f4
compiler/src/iree/compiler/Codegen/Dialect/PCF/Transforms/ConvertForallToPCF.cpp	blob	100644	5346a65b252f6f3f8a138daa97c48d2ba7af85e3
compiler/src/iree/compiler/Codegen/Dialect/PCF/Transforms/ConvertSRefToMemRef.cpp	blob	100644	21662913057f54f2f0b544b332a7191c88a38d06
compiler/src/iree/compiler/Codegen/Dialect/PCF/Transforms/FoldForallIntoPCFLoop.cpp	blob	100644	5e937ebee5a1c44a95bcde74054c9e4414d6cb01
compiler/src/iree/compiler/Codegen/Dialect/PCF/Transforms/FuseConsumers.cpp	blob	100644	f813f27148ec5a1169ef12402434e602e7b5e32c
compiler/src/iree/compiler/Codegen/Dialect/PCF/Transforms/FusePCFWrites.cpp	blob	100644	1213ddadcc0e5c5a33a564d079bea22158468900
compiler/src/iree/compiler/Codegen/Dialect/PCF/Transforms/FuseProducers.cpp	blob	100644	876c0cce82f12749bb46cbb4f0a4531fbf386d2f
compiler/src/iree/compiler/Codegen/Dialect/PCF/Transforms/LowerStructuralPCF.cpp	blob	100644	8bcad94bb00ce19a96f2fdf8f4b961238c1379d5
compiler/src/iree/compiler/Codegen/Dialect/PCF/Transforms/Passes.cpp	blob	100644	8f9fe698433895d61161e312c35d44c545ac8bfb
compiler/src/iree/compiler/Codegen/Dialect/PCF/Transforms/Passes.h	blob	100644	f50e8391ee4e222454bce1ec7e41d6f7aebe9559
compiler/src/iree/compiler/Codegen/Dialect/PCF/Transforms/Passes.td	blob	100644	a4e960ad6728ba5c4831ef5f0a245aa0b42a6503
compiler/src/iree/compiler/Codegen/Dialect/PCF/Transforms/ResolveTokens.cpp	blob	100644	d60dd127595ffc7e1bf2c441a49f9f7209ac5e21
compiler/src/iree/compiler/Codegen/Dialect/PCF/Transforms/Transforms.cpp	blob	100644	0e2f2098f6099502fa62f0f57fc3f807d65bac1d
compiler/src/iree/compiler/Codegen/Dialect/PCF/Transforms/Transforms.h	blob	100644	5a016285110776d6942a9bae4a6ab7e965bfc2f9
compiler/src/iree/compiler/Codegen/Dialect/PCF/Transforms/test/BUILD.bazel	blob	100644	4bfc338f18072a75a37eff2dfd3af1ea909df7ac
compiler/src/iree/compiler/Codegen/Dialect/PCF/Transforms/test/CMakeLists.txt	blob	100644	c10934d7ccc45486e9f083c18f4d38b00c159bce
compiler/src/iree/compiler/Codegen/Dialect/PCF/Transforms/test/convert_forall_to_generic_nest.mlir	blob	100644	c3f29cb9d7bc270aedf3e1ddab2d2228d8823af8
compiler/src/iree/compiler/Codegen/Dialect/PCF/Transforms/test/convert_forall_to_loops.mlir	blob	100644	b74676886bcb682d6147bbda57ff62ba43e2d74b
compiler/src/iree/compiler/Codegen/Dialect/PCF/Transforms/test/convert_sref_to_memref.mlir	blob	100644	d6366b204d47b338f51eaa3db495f712db4ab827
compiler/src/iree/compiler/Codegen/Dialect/PCF/Transforms/test/fold_forall_into_pcf_loop.mlir	blob	100644	a3d35ec459f852f2d2dd34ae656598103d099984
compiler/src/iree/compiler/Codegen/Dialect/PCF/Transforms/test/fuse_collapse_shape.mlir	blob	100644	24fc37100413b2dc808b96500df4b991ff144ceb
compiler/src/iree/compiler/Codegen/Dialect/PCF/Transforms/test/fuse_consumers.mlir	blob	100644	2eddca15d3f3b2576b6449f7167772748aac591b
compiler/src/iree/compiler/Codegen/Dialect/PCF/Transforms/test/fuse_pcf_writes.mlir	blob	100644	5190118129da37229c7e65f4ea41a9310ed17101
compiler/src/iree/compiler/Codegen/Dialect/PCF/Transforms/test/fuse_producers.mlir	blob	100644	42c1a68e0ad1e42ee461c4340a3538fdb79db3e9
compiler/src/iree/compiler/Codegen/Dialect/PCF/Transforms/test/lower_structural_pcf.mlir	blob	100644	b47bb19f6c468a7c0bd8498f165451312c2dc281
compiler/src/iree/compiler/Codegen/Dialect/PCF/Transforms/test/resolve_tokens.mlir	blob	100644	a6632b3fd221da65fbd6ad047b1c778117d70c21
compiler/src/iree/compiler/Codegen/Dialect/VectorExt/BUILD.bazel	blob	100644	236a474467251aef400aace1223bcd560190d2cc
compiler/src/iree/compiler/Codegen/Dialect/VectorExt/CMakeLists.txt	blob	100644	a4496148378e6beceed9bd63ca880c15fc75eee2
compiler/src/iree/compiler/Codegen/Dialect/VectorExt/IR/BUILD.bazel	blob	100644	00d00538c78e3c9dcb60ac519e5ff4d06f1055bd
compiler/src/iree/compiler/Codegen/Dialect/VectorExt/IR/CMakeLists.txt	blob	100644	cffa3b396157d3c3747750b307312fbb1990439a
compiler/src/iree/compiler/Codegen/Dialect/VectorExt/IR/VectorExtAttrs.cpp	blob	100644	d1c3d3a010b1ad1d72018b5d506b4bc3d3adcfd0
compiler/src/iree/compiler/Codegen/Dialect/VectorExt/IR/VectorExtAttrs.td	blob	100644	8744ae20b021c073acd15ad859f54b1f3358c0a2
compiler/src/iree/compiler/Codegen/Dialect/VectorExt/IR/VectorExtBase.td	blob	100644	661c81d47136d2ec48bdae7ee6e50f3dd90d869a
compiler/src/iree/compiler/Codegen/Dialect/VectorExt/IR/VectorExtDialect.cpp	blob	100644	ce64bbe8fcb6ceda1be9c984cb31bcd28efb9aa0
compiler/src/iree/compiler/Codegen/Dialect/VectorExt/IR/VectorExtDialect.h	blob	100644	9040ebdcd887dec38a62c2435a512b36c043a84e
compiler/src/iree/compiler/Codegen/Dialect/VectorExt/IR/VectorExtInterfaces.h	blob	100644	9af07587368413d77308f8655cc08854d301f3d7
compiler/src/iree/compiler/Codegen/Dialect/VectorExt/IR/VectorExtInterfaces.td	blob	100644	419e311c94d6ff5c32bf392c1e88948f74d981cc
compiler/src/iree/compiler/Codegen/Dialect/VectorExt/IR/VectorExtOpInterfaces.td	blob	100644	37c945bfb658f65465718e8aed8261b4a14a5fe2
compiler/src/iree/compiler/Codegen/Dialect/VectorExt/IR/VectorExtOps.cpp	blob	100644	9485176d7ee8bb39c04badc26439c68c34ed160c
compiler/src/iree/compiler/Codegen/Dialect/VectorExt/IR/VectorExtOps.h	blob	100644	d0113f54c63d731bdc5f04ffa32380a6152e6004
compiler/src/iree/compiler/Codegen/Dialect/VectorExt/IR/VectorExtOps.td	blob	100644	e93603aba91bd955bfa41d61c6b867d64ded4d6e
compiler/src/iree/compiler/Codegen/Dialect/VectorExt/IR/test/BUILD.bazel	blob	100644	18b6c1bbbda4adca7acf23e79723000b5c4f72b7
compiler/src/iree/compiler/Codegen/Dialect/VectorExt/IR/test/CMakeLists.txt	blob	100644	32de92c96b914f8b1b944f498e98e37032f06447
compiler/src/iree/compiler/Codegen/Dialect/VectorExt/IR/test/canonicalize.mlir	blob	100644	b26b804f143181023c2bbe4027d5b8f7abdcdd96
compiler/src/iree/compiler/Codegen/Dialect/VectorExt/IR/test/invalid.mlir	blob	100644	cb78758cbf02b3bd0a55f0dc55d3a2df79f5ae56
compiler/src/iree/compiler/Codegen/Dialect/VectorExt/IR/test/roundtrip.mlir	blob	100644	2843de1b20ce5e3a82549cda7c4ee45357e37ef4
compiler/src/iree/compiler/Codegen/Dialect/VectorExt/Transforms/BUILD.bazel	blob	100644	2693238a334df3c5e848513a0b5b7ff470629ba4
compiler/src/iree/compiler/Codegen/Dialect/VectorExt/Transforms/BufferizationInterfaces.cpp	blob	100644	1762f63798d66d471ffd083dc5e2e6c6abbf6c7c
compiler/src/iree/compiler/Codegen/Dialect/VectorExt/Transforms/BufferizationInterfaces.h	blob	100644	c5cc0a1d47eb60158b261115f5026ee05dc4938b
compiler/src/iree/compiler/Codegen/Dialect/VectorExt/Transforms/CMakeLists.txt	blob	100644	979588639b5797659c10c3b76d15652c87197a26
compiler/src/iree/compiler/Codegen/Dialect/VectorExt/Transforms/DistributionPatterns.cpp	blob	100644	fdebc3b658152f01fcaa46bf7d938b8348214ab3
compiler/src/iree/compiler/Codegen/Dialect/VectorExt/Transforms/DistributionPatterns.h	blob	100644	0c29600f9ef1adf0a8d4ca8a215bb7abf08e3463
compiler/src/iree/compiler/Codegen/Dialect/VectorExt/Transforms/LowerArgCompareToVector.cpp	blob	100644	5cc9f7fac32e1db979c3cfed864cc425103af6e6
compiler/src/iree/compiler/Codegen/Dialect/VectorExt/Transforms/LowerTransferGatherScatterOps.cpp	blob	100644	c74bc88ba942eaab53450368203b84cdd43508e3
compiler/src/iree/compiler/Codegen/Dialect/VectorExt/Transforms/LowerTransferGatherScatterToVector.cpp	blob	100644	4f7d9bc17a480d752fd9a1e05329152978d0e5ac
compiler/src/iree/compiler/Codegen/Dialect/VectorExt/Transforms/Passes.cpp	blob	100644	a81ca0b78ad45bb4f9c100f8337e06d08bc19265
compiler/src/iree/compiler/Codegen/Dialect/VectorExt/Transforms/Passes.h	blob	100644	17967f61dca671258b45428230d3316fe8ab56d2
compiler/src/iree/compiler/Codegen/Dialect/VectorExt/Transforms/Passes.td	blob	100644	10dfbe2d33755d4c8930a7f10158a5c96d370365
compiler/src/iree/compiler/Codegen/Dialect/VectorExt/Transforms/Transforms.h	blob	100644	943c484a8cbe4a7390614299bf30e7350d6324df
compiler/src/iree/compiler/Codegen/Dialect/VectorExt/Transforms/VectorExtFoldUnitExtentDims.cpp	blob	100644	0505b70ad05d86575095d10e3cd6b3bc86eb11ad
compiler/src/iree/compiler/Codegen/Dialect/VectorExt/Transforms/test/BUILD.bazel	blob	100644	3a7063c36aea35dcce1cce646f089e8659280c24
compiler/src/iree/compiler/Codegen/Dialect/VectorExt/Transforms/test/CMakeLists.txt	blob	100644	ec66d9beddff5609759269036e76c0dd898c8b10
compiler/src/iree/compiler/Codegen/Dialect/VectorExt/Transforms/test/lower_arg_compare.mlir	blob	100644	9759f1cd6926ddf8abee19272c99e9def6932709
compiler/src/iree/compiler/Codegen/Dialect/VectorExt/Transforms/test/lower_transfer_gather_scatter_to_vector.mlir	blob	100644	1d62fa0897252df35cfd70b3bd52e0c5680d1917
compiler/src/iree/compiler/Codegen/Dialect/VectorExt/Transforms/test/vector_ext_fold_unit_extent_dims.mlir	blob	100644	bce77fb1aa71ad34bb7bad933bdbd4611e8bb646
compiler/src/iree/compiler/Codegen/Dialect/VectorExt/Transforms/test/vectorize_vector_ext_ops.mlir	blob	100644	a782891d4d3cdbeb97e5e2040d2f10b757b56a60
compiler/src/iree/compiler/Codegen/ExternalInterfaces/BUILD.bazel	blob	100644	10cdd62864ea4c99d0e64ab7cedbe0c8c7bf186a
compiler/src/iree/compiler/Codegen/ExternalInterfaces/CMakeLists.txt	blob	100644	fea6cde38c1af59d2114a9ca1236fc31d40a25c7
compiler/src/iree/compiler/Codegen/ExternalInterfaces/CPUEncodingExternalModels.cpp	blob	100644	27561e06c5d93cee6aba72f7efa3cb3f290fa79a
compiler/src/iree/compiler/Codegen/ExternalInterfaces/CPUEncodingExternalModels.h	blob	100644	715ed3f24985a9c7d7d88b6910dea4ccdb7d3e05
compiler/src/iree/compiler/Codegen/ExternalInterfaces/CodegenExternalModels.cpp	blob	100644	57ba19eafab018b28ecb5c8160b0f2b694983fb8
compiler/src/iree/compiler/Codegen/ExternalInterfaces/CodegenExternalModels.h	blob	100644	bb7844b186cbe31f37ffa5c0f6958b9b86cbb175
compiler/src/iree/compiler/Codegen/ExternalInterfaces/GPUEncodingExternalModels.cpp	blob	100644	73b35149486fc036361d54b28882a6372f147775
compiler/src/iree/compiler/Codegen/ExternalInterfaces/GPUEncodingExternalModels.h	blob	100644	aaafb343c0ea4b3c6e7ee6cf177737cab65e8d92
compiler/src/iree/compiler/Codegen/ExternalInterfaces/Interfaces.cpp	blob	100644	66c0cae675b52cebed048eee58c4aa0ce291c66f
compiler/src/iree/compiler/Codegen/ExternalInterfaces/Interfaces.h	blob	100644	b12b1642d5503ed2e71993f7e996cd283b9aff10
compiler/src/iree/compiler/Codegen/ExternalInterfaces/UtilExternalModels.cpp	blob	100644	aa0a6fcff3e3d0434671edf0fafd4c4970abb31c
compiler/src/iree/compiler/Codegen/ExternalInterfaces/UtilExternalModels.h	blob	100644	cbae6dc92e1dd38fd05c1d5e5aec9ac985b0be68
compiler/src/iree/compiler/Codegen/ExternalInterfaces/Utils.cpp	blob	100644	b3ce347afc7d65bf9a3f954828a81e2ca31db164
compiler/src/iree/compiler/Codegen/ExternalInterfaces/Utils.h	blob	100644	ff517a4480d297c312dd84f3ce988752e6d43910
compiler/src/iree/compiler/Codegen/ExternalInterfaces/test/BUILD.bazel	blob	100644	b28f5aec634af27acb8451cc91e975a498918311
compiler/src/iree/compiler/Codegen/ExternalInterfaces/test/CMakeLists.txt	blob	100644	1e88689afa71f36743f91ddcbccc3ecaa122f7a1
compiler/src/iree/compiler/Codegen/ExternalInterfaces/test/invalid.mlir	blob	100644	ccb67d0a8dd2dc6a004886b6f86b5f0b1665c9e6
compiler/src/iree/compiler/Codegen/ExternalInterfaces/test/materialize_encoding_invalid.mlir	blob	100644	fe0df344a73121f21000e3e45d60f70fd4569893
compiler/src/iree/compiler/Codegen/ExternalInterfaces/test/roundtrip.mlir	blob	100644	69f3e43a00d8a0e76db88e947d74429e6458e24b
compiler/src/iree/compiler/Codegen/Interfaces/BUILD.bazel	blob	100644	7ff9311888eba0dd16abe47f0e8eb252ad7ca9f9
compiler/src/iree/compiler/Codegen/Interfaces/BufferizationInterfaces.cpp	blob	100644	23c0b5c6c09f02c65ee0a281f8a8409b0874bb53
compiler/src/iree/compiler/Codegen/Interfaces/BufferizationInterfaces.h	blob	100644	1c08aeb14a165eb96ac09a3000bdd7d847f10c4e
compiler/src/iree/compiler/Codegen/Interfaces/CMakeLists.txt	blob	100644	646bba0bd068b23b05c8247d3770a04029c5f708
compiler/src/iree/compiler/Codegen/Interfaces/HoistableRegionOpInterface.cpp	blob	100644	b893fe51e4d3ac9fe65b3c374168382597499034
compiler/src/iree/compiler/Codegen/Interfaces/HoistableRegionOpInterface.h	blob	100644	8443ec17325ca8cc801d29da81b300b0ba7396ea
compiler/src/iree/compiler/Codegen/Interfaces/HoistableRegionOpInterface.td	blob	100644	4969a286b77deea4d46d0a352a1fe1da0f847a5a
compiler/src/iree/compiler/Codegen/Interfaces/Interfaces.cpp	blob	100644	69483e8aa7f04f9956cb063e64dcdeeeeb5288b8
compiler/src/iree/compiler/Codegen/Interfaces/Interfaces.h	blob	100644	2ee349f778db45d030ab8c56683c7a52f3a8dde7
compiler/src/iree/compiler/Codegen/Interfaces/PartitionableLoopsInterface.cpp	blob	100644	8edc9d1bfdd4d3cc728f8064e098d8d1e4a18098
compiler/src/iree/compiler/Codegen/Interfaces/PartitionableLoopsInterface.h	blob	100644	eeac80e03a1f8d979249d505d806c0f8628f3e0a
compiler/src/iree/compiler/Codegen/Interfaces/PartitionableLoopsInterface.td	blob	100644	a9c4b56078fd52b26f7900c9821b8aa01d170a90
compiler/src/iree/compiler/Codegen/Interfaces/ProcessorOpInterfaces.cpp	blob	100644	61cc1131aef69169393c356d56ef082c46146684
compiler/src/iree/compiler/Codegen/Interfaces/ProcessorOpInterfaces.h	blob	100644	f30444a6f4f73faaf78ab7a6453f876c1919c1c2
compiler/src/iree/compiler/Codegen/Interfaces/ProcessorOpInterfaces.td	blob	100644	5a5ea6e01415ef1e44eb1e9de3361ed5e105a37c
compiler/src/iree/compiler/Codegen/Interfaces/TensorMaskingOpInterface.cpp	blob	100644	08a68bc4268bac2f854309bade1fee1918d2362b
compiler/src/iree/compiler/Codegen/Interfaces/TensorMaskingOpInterface.h	blob	100644	bc4079388ef6a8028282671a91b45a73a4a193dc
compiler/src/iree/compiler/Codegen/Interfaces/TensorMaskingOpInterface.td	blob	100644	1e9ebf72b25d1c5d382f5636212fcfa3985eae7d
compiler/src/iree/compiler/Codegen/Interfaces/UKernelOpInterface.cpp	blob	100644	7a0c4fdf5b67a29345a9c88ddf849156d58fbe18
compiler/src/iree/compiler/Codegen/Interfaces/UKernelOpInterface.h	blob	100644	bf18d32268c2abd0e0d34575ec55f091d3a10605
compiler/src/iree/compiler/Codegen/Interfaces/UKernelOpInterface.td	blob	100644	603a279316c282230d5044f3a0be299c94d0fc9a
compiler/src/iree/compiler/Codegen/Interfaces/VectorizableOpInterface.cpp	blob	100644	ac79fbb720b2d30ce5cd5915770d9ec3a3438ad7
compiler/src/iree/compiler/Codegen/Interfaces/VectorizableOpInterface.h	blob	100644	50283f49a5a8c2dbf8eac04064063aa992fd6f4a
compiler/src/iree/compiler/Codegen/Interfaces/VectorizableOpInterface.td	blob	100644	89ee73d7443f3b9085790c7643f60c3fa75a4df0
compiler/src/iree/compiler/Codegen/LLVMCPU/BUILD.bazel	blob	100644	4e8151110a948b34e1c8a126fe85766c1c07233b
compiler/src/iree/compiler/Codegen/LLVMCPU/CMakeLists.txt	blob	100644	d20f7445eb426b5b729b8414cb8267941f3e8deb
compiler/src/iree/compiler/Codegen/LLVMCPU/ConvertToLLVM.cpp	blob	100644	0c14a3167f8bcbf2209221316bdd42b65957d31c
compiler/src/iree/compiler/Codegen/LLVMCPU/DispatchABI.cpp	blob	100644	a145397ec6155805c32839e1489eba9aeab4b927
compiler/src/iree/compiler/Codegen/LLVMCPU/DispatchABI.h	blob	100644	c7f8826fe5d432746fc2afd5fd93734879f39882
compiler/src/iree/compiler/Codegen/LLVMCPU/ExpandF16OpToF32.cpp	blob	100644	65321dc173106f6f2df6a664e628a1b80d3dfbcd
compiler/src/iree/compiler/Codegen/LLVMCPU/KernelDispatch.cpp	blob	100644	a1896ecf0b150354b6b09b39b3e0b7e734b0a897
compiler/src/iree/compiler/Codegen/LLVMCPU/KernelDispatch.h	blob	100644	51c4f0afd033223668f36c7ed2c144c36bb17712
compiler/src/iree/compiler/Codegen/LLVMCPU/LLVMCPU2DScalableTo1DScalable.cpp	blob	100644	1961fe1e6125228a8e1ad03798ce2bdcc94c9d46
compiler/src/iree/compiler/Codegen/LLVMCPU/LLVMCPUAssignConstantOrdinals.cpp	blob	100644	fba858e36b921e4457b758900e7d96b9ffe26039
compiler/src/iree/compiler/Codegen/LLVMCPU/LLVMCPUAssignImportOrdinals.cpp	blob	100644	05c77ac1cab1156b1465e7575b89b7368b6a3c7b
compiler/src/iree/compiler/Codegen/LLVMCPU/LLVMCPUAssignWorkgroupLocalMemory.cpp	blob	100644	70929efc78bdd8ee728b6bfde35372e9f5be06aa
compiler/src/iree/compiler/Codegen/LLVMCPU/LLVMCPUCheckIRBeforeLLVMConversion.cpp	blob	100644	024ac596f61084f724b2591be8d8ae2fdbb60c75
compiler/src/iree/compiler/Codegen/LLVMCPU/LLVMCPUEmitVectorizationRemarks.cpp	blob	100644	120dcfd39fa78b324442bc668002609745d9c0d6
compiler/src/iree/compiler/Codegen/LLVMCPU/LLVMCPULinkExecutables.cpp	blob	100644	5f84289dad0930019cc26907aa3025198be665ad
compiler/src/iree/compiler/Codegen/LLVMCPU/LLVMCPULowerExecutableTarget.cpp	blob	100644	d445c8adbe84769e44bf6235249a8418d972c751
compiler/src/iree/compiler/Codegen/LLVMCPU/LLVMCPUMmt4dVectorLowering.cpp	blob	100644	a115ce4d5521e29656002aa2ee490fb822e7fb0b
compiler/src/iree/compiler/Codegen/LLVMCPU/LLVMCPUPeel.cpp	blob	100644	7a2c5eb6d4ac1e7085d58fa76abd64550b7b7ba3
compiler/src/iree/compiler/Codegen/LLVMCPU/LLVMCPUSelectLoweringStrategy.cpp	blob	100644	b6727a8ae913a29839f683865eb74bf2ca062906
compiler/src/iree/compiler/Codegen/LLVMCPU/LLVMCPUSelectUKernels.cpp	blob	100644	c52b714e3977a3f12af9e05aaefd71191482763c
compiler/src/iree/compiler/Codegen/LLVMCPU/LLVMCPUSelectUKernels.h	blob	100644	c486eb2186c90345e34ec044a285b11a4c8a8720
compiler/src/iree/compiler/Codegen/LLVMCPU/LLVMCPUSplitReduction.cpp	blob	100644	a8a2411fb52c20d1cac87966db770a4c42da3947
compiler/src/iree/compiler/Codegen/LLVMCPU/LLVMCPUSynchronizeSymbolVisibility.cpp	blob	100644	9d7fc65381a25e83e5fbe34d9049a3a366490620
compiler/src/iree/compiler/Codegen/LLVMCPU/LLVMCPUTile.cpp	blob	100644	2e786ac5035392d3def260fc446c0ae7e450c43a
compiler/src/iree/compiler/Codegen/LLVMCPU/LLVMCPUTileAndFuseProducerConsumer.cpp	blob	100644	1ce911349f82d032b7482e9f7c96ea8af42fd717
compiler/src/iree/compiler/Codegen/LLVMCPU/LLVMCPUTileToVectorSize.cpp	blob	100644	de248694b8794693f54ec1e05e5c9be94f875726
compiler/src/iree/compiler/Codegen/LLVMCPU/LLVMCPUUnfuseFMAOps.cpp	blob	100644	6210a50ca14dddf043bad47190793575f2b5c041
compiler/src/iree/compiler/Codegen/LLVMCPU/LLVMCPUVectorShapeCastLowering.cpp	blob	100644	b40a637df5c59d26c36c565e2ce4b7b6756b8925
compiler/src/iree/compiler/Codegen/LLVMCPU/LLVMCPUVectorTransposeLowering.cpp	blob	100644	17a7a1be711fd1dad23649b45f66999d5f243e12
compiler/src/iree/compiler/Codegen/LLVMCPU/LLVMCPUVerifyVectorSizeLegality.cpp	blob	100644	cbd87d563763af65921b7f85a2b14263aa41b5d1
compiler/src/iree/compiler/Codegen/LLVMCPU/LLVMCPUVirtualVectorLowering.cpp	blob	100644	84fc70244723d5b5c5f9173676cd997d99d74431
compiler/src/iree/compiler/Codegen/LLVMCPU/Passes.cpp	blob	100644	9984e0c7de64b39a532a439dd0b73aac21166520
compiler/src/iree/compiler/Codegen/LLVMCPU/Passes.h	blob	100644	e08c1a9d18a42373a574b803b096d57a955d66c3
compiler/src/iree/compiler/Codegen/LLVMCPU/Passes.td	blob	100644	39e24dc019693d0dd2bfd3043348c8a81016523c
compiler/src/iree/compiler/Codegen/LLVMCPU/TargetMLTransformInfo.cpp	blob	100644	45028ddcac8aebc070f11ac99f88d86a7ed924c3
compiler/src/iree/compiler/Codegen/LLVMCPU/TargetMLTransformInfo.h	blob	100644	c242afeff8b37c9c4f493564d0f69d991e0037b3
compiler/src/iree/compiler/Codegen/LLVMCPU/TransformExtensions/BUILD.bazel	blob	100644	367ec8a8ea34f30bcdfa399c44a21b7ef48b1485
compiler/src/iree/compiler/Codegen/LLVMCPU/TransformExtensions/CMakeLists.txt	blob	100644	10f5eae8ce47591c86cfcd11a11f448cf0666cfc
compiler/src/iree/compiler/Codegen/LLVMCPU/TransformExtensions/LLVMCPUExtensions.cpp	blob	100644	b0017baa6bd98ecea22645e3e3b1b99130d37b4f
compiler/src/iree/compiler/Codegen/LLVMCPU/TransformExtensions/LLVMCPUExtensions.h	blob	100644	1a4dd912a505e81553bbdf2b67393e3336f98337
compiler/src/iree/compiler/Codegen/LLVMCPU/TransformExtensions/LLVMCPUExtensionsOps.td	blob	100644	1c1fe0843d9f8f5644063c6a26c18849098b11a3
compiler/src/iree/compiler/Codegen/LLVMCPU/Utils.cpp	blob	100644	d76f7c78c0f1e1384f465c1ae7c1fe55b4a0d210
compiler/src/iree/compiler/Codegen/LLVMCPU/Utils.h	blob	100644	7cbdd6390f2aa0de8eff2fb7ff22511f8e95465b
compiler/src/iree/compiler/Codegen/LLVMCPU/VectorContractCustomKernels.cpp	blob	100644	b4cf2712ed3ad024d0d283d92f8477416ea2bb12
compiler/src/iree/compiler/Codegen/LLVMCPU/VerifyLinalgTransformLegality.cpp	blob	100644	5dde9199f1235c466d3a214d0872f49c55e24a06
compiler/src/iree/compiler/Codegen/LLVMCPU/test/2d_scalable_to_1d_scalable.mlir	blob	100644	aeff49504e84a52e4e836730371e8ce487837a1f
compiler/src/iree/compiler/Codegen/LLVMCPU/test/BUILD.bazel	blob	100644	837115daa63f4b07d62e8a269ca50d8df1a68890
compiler/src/iree/compiler/Codegen/LLVMCPU/test/CMakeLists.txt	blob	100644	8d75ee9949faac2476a3581822354ce8fa1a19eb
compiler/src/iree/compiler/Codegen/LLVMCPU/test/aarch64_dotprod_vector_lowering.mlir	blob	100644	c1dea25f111a6f474c3bac60db70e47f957f9a75
compiler/src/iree/compiler/Codegen/LLVMCPU/test/aarch64_vector_lowering.mlir	blob	100644	aef12fb238d564884bf213982ac07d068cfe617d
compiler/src/iree/compiler/Codegen/LLVMCPU/test/apply_scale_lowering.mlir	blob	100644	82345a87e460b01deea3239c7cc360c6743f9da9
compiler/src/iree/compiler/Codegen/LLVMCPU/test/assign_constant_ordinals.mlir	blob	100644	ee6dd14463bb02df1feda05873dcc3cce90675ee
compiler/src/iree/compiler/Codegen/LLVMCPU/test/assign_import_ordinals.mlir	blob	100644	ab373085f26c93f2c6d8eb7a8e59991784ab5c32
compiler/src/iree/compiler/Codegen/LLVMCPU/test/assign_workgroup_local_memory.mlir	blob	100644	9f563c5826b9fda73d8ef01741fd90e53e780a0c
compiler/src/iree/compiler/Codegen/LLVMCPU/test/check_ir_before_llvm_conversion.mlir	blob	100644	fb9e014c730f88a24922c45ec71381472005add7
compiler/src/iree/compiler/Codegen/LLVMCPU/test/check_ir_before_llvm_conversion_not_fail_unbound.mlir	blob	100644	b98e5159a057f166efaf52bc8f2854119da901a3
compiler/src/iree/compiler/Codegen/LLVMCPU/test/convert_to_llvm.mlir	blob	100644	f6b2b483260c7d46da0dd024e4d2766631cc042d
compiler/src/iree/compiler/Codegen/LLVMCPU/test/custom_pass_pipeline.mlir	blob	100644	cf1cbcf803cac8ce2305f169ac87b7c8e5dedace
compiler/src/iree/compiler/Codegen/LLVMCPU/test/emit_vectorization_remarks.mlir	blob	100644	46865f76737c4db3f2748c78b984517a0c8a7347
compiler/src/iree/compiler/Codegen/LLVMCPU/test/expand_f16_op_to_f32.mlir	blob	100644	2979b4e29622d1d263e914cbcf318f918a497c40
compiler/src/iree/compiler/Codegen/LLVMCPU/test/hal_executable_constants.mlir	blob	100644	45341e0b3aff1a6e2edf7d55c40205737a52a99b
compiler/src/iree/compiler/Codegen/LLVMCPU/test/hal_interface_bindings.mlir	blob	100644	88e06706e6acfdbadec0c3a5d8067a1d7e9b1488
compiler/src/iree/compiler/Codegen/LLVMCPU/test/hal_interface_constants.mlir	blob	100644	9be75c968822ad679179ae954631bab7644d973b
compiler/src/iree/compiler/Codegen/LLVMCPU/test/hal_interface_workgroup_info.mlir	blob	100644	718a297fca38277982d72fa0464e0f692e4aca57
compiler/src/iree/compiler/Codegen/LLVMCPU/test/illegal_configuration.mlir	blob	100644	4fb3ec4061dec8d1f38b0b37003aa3f39153ff6a
compiler/src/iree/compiler/Codegen/LLVMCPU/test/lowering_strategy_from_tuning_spec.mlir	blob	100644	93180bc0b293b824ca7e1e6054f916f8500aae1b
compiler/src/iree/compiler/Codegen/LLVMCPU/test/peel.mlir	blob	100644	b611e8a5445cee86c7227c67d5bda7544b70e772
compiler/src/iree/compiler/Codegen/LLVMCPU/test/pipeline_arm_sme_streaming_mode_tests.mlir	blob	100644	dd3c32fd14555a0c643b869914db9861b85aa815
compiler/src/iree/compiler/Codegen/LLVMCPU/test/pipeline_bf16_native_converts_tests.mlir	blob	100644	25aeb5aba787ac312f52d60159fa8a670af20ce4
compiler/src/iree/compiler/Codegen/LLVMCPU/test/pipeline_disable_distribution_tests.mlir	blob	100644	5429c5b1a9ac332536599c62983b802c0116207e
compiler/src/iree/compiler/Codegen/LLVMCPU/test/pipeline_full_smoketests.mlir	blob	100644	f00b85fa6537963bbc2df0d277da6cd2fcf7ae3b
compiler/src/iree/compiler/Codegen/LLVMCPU/test/pipeline_gather_tests.mlir	blob	100644	79c94d0a42ca69ab14760028a7f0230ca59f5116
compiler/src/iree/compiler/Codegen/LLVMCPU/test/pipeline_pack_unpack_tests.mlir	blob	100644	70f844e56cdbecd92d543cf66badd95443cfdc0f
compiler/src/iree/compiler/Codegen/LLVMCPU/test/pipeline_pad_conv_tests.mlir	blob	100644	6e10efc44f1336ba3c79d85823e6c800aeb6278b
compiler/src/iree/compiler/Codegen/LLVMCPU/test/pipeline_pad_tests.mlir	blob	100644	973017330975b3ac5920af9645762a97c816ff94
compiler/src/iree/compiler/Codegen/LLVMCPU/test/pipeline_peel_and_vectorize_tests.mlir	blob	100644	1542f5eb90d8ccc436b2a2fec6f441499733daf3
compiler/src/iree/compiler/Codegen/LLVMCPU/test/pipeline_riscv_aggressive_distribution_tests.mlir	blob	100644	54a1a61872e9e03b7136237394657bf3eb0b852c
compiler/src/iree/compiler/Codegen/LLVMCPU/test/pipeline_split_reduction_tests.mlir	blob	100644	f6663219aaae5954f1c671c270b79b65958f081e
compiler/src/iree/compiler/Codegen/LLVMCPU/test/pipeline_tests.mlir	blob	100644	d0acc85df5679f131ed2f3b4ae67609a7d5ebd76
compiler/src/iree/compiler/Codegen/LLVMCPU/test/pipeline_transpose_avx2_tests.mlir	blob	100644	e9e0089a23c5f41cff07f8aec44e206b7a0deaef
compiler/src/iree/compiler/Codegen/LLVMCPU/test/pipeline_vector_masking_tests.mlir	blob	100644	5062610899fadfcde4fa26dc7d2de068906b63c5
compiler/src/iree/compiler/Codegen/LLVMCPU/test/pipeline_vectorize_nd_extract_tests.mlir	blob	100644	2450deae0878327aaf8bde0cd892161af4b1adf3
compiler/src/iree/compiler/Codegen/LLVMCPU/test/scalable_tile_and_vectorize_matmul.mlir	blob	100644	0baccf3bc54ddaaea1030b9a874bc3ef10fb48c4
compiler/src/iree/compiler/Codegen/LLVMCPU/test/select_aarch64_lowering_strategy.mlir	blob	100644	23dccd64d588085d2b8376d78d820083d7f698a9
compiler/src/iree/compiler/Codegen/LLVMCPU/test/select_aarch64_sme_lowering_strategy.mlir	blob	100644	2d053655787555ab8d2150b69de94e574cbe78c7
compiler/src/iree/compiler/Codegen/LLVMCPU/test/select_aarch64_ssve_lowering_strategy.mlir	blob	100644	cbbc1bea807b84a2d0add25deaac01c35edfa2fd
compiler/src/iree/compiler/Codegen/LLVMCPU/test/select_aarch64_sve_lowering_strategy.mlir	blob	100644	4f10ee8ed01a5676079cef8e335c58c1a33fde0c
compiler/src/iree/compiler/Codegen/LLVMCPU/test/select_aarch64_sve_lowering_strategy_peeling.mlir	blob	100644	1db709e1d5159299a3a16bfd4d2f574ff21072e2
compiler/src/iree/compiler/Codegen/LLVMCPU/test/select_riscv_lowering_strategy.mlir	blob	100644	1654c3b93bd50dd0ce8ebf63b41749c1cb96268b
compiler/src/iree/compiler/Codegen/LLVMCPU/test/select_riscv_v_lowering_strategy.mlir	blob	100644	b772d811655e70e977c368e10996faff3eccec24
compiler/src/iree/compiler/Codegen/LLVMCPU/test/select_x86_64_lowering_strategy.mlir	blob	100644	919d832e117e11ecdca0fd5bf94e77df92267e79
compiler/src/iree/compiler/Codegen/LLVMCPU/test/split_reduction.mlir	blob	100644	6be0f0086f291ba54adcdbdc6befae4de87cfefa
compiler/src/iree/compiler/Codegen/LLVMCPU/test/synchronize_symbol_visibility.mlir	blob	100644	ce1432f9cbead9362f32f81ddf7e89925817c7b4
compiler/src/iree/compiler/Codegen/LLVMCPU/test/tile.mlir	blob	100644	2930591ebca0740aab3a2b18600037b250b175f2
compiler/src/iree/compiler/Codegen/LLVMCPU/test/tile_and_fuse_producer_consumer_anchoring_non_root_op.mlir	blob	100644	409e5295bf08828ffdd7c1cc6562f581537575cd
compiler/src/iree/compiler/Codegen/LLVMCPU/test/tile_and_fuse_producer_consumer_anchoring_root_op.mlir	blob	100644	bce330191fb3dcc948caf7bd63e6138959ed04a5
compiler/src/iree/compiler/Codegen/LLVMCPU/test/tile_to_vector_size.mlir	blob	100644	ac8fbee8f3f604feddd994b5b3fbe4861e34c80b
compiler/src/iree/compiler/Codegen/LLVMCPU/test/tuning_spec_matmul.mlir	blob	100644	feda355683badc352e1cb2da1292349b68be06a0
compiler/src/iree/compiler/Codegen/LLVMCPU/test/unfused_fma.mlir	blob	100644	d6af337d7e6c5effd57038a078c394fbad85d11b
compiler/src/iree/compiler/Codegen/LLVMCPU/test/vector_contract_to_arm_asm.mlir	blob	100644	e6ef97533f75c87dde9253b5002afc5793bbf7ee
compiler/src/iree/compiler/Codegen/LLVMCPU/test/vector_contract_to_arm_intrinsics.mlir	blob	100644	4259dcd03d72ee042c9c4da31ab446a8bb09145a
compiler/src/iree/compiler/Codegen/LLVMCPU/test/vector_lowering.mlir	blob	100644	4cbe62f4b604927bf2ad90d317b3278535461ec6
compiler/src/iree/compiler/Codegen/LLVMCPU/test/vector_transpose_lowering.mlir	blob	100644	e8e59af0582ed0f0597795635d3d2351dadc292a
compiler/src/iree/compiler/Codegen/LLVMCPU/test/vectorize_with_masking_and_hoist.mlir	blob	100644	f474157bcb940ffa6d142f837cafcfd7a1f1e195
compiler/src/iree/compiler/Codegen/LLVMCPU/test/verify_linalg_transform_legality.mlir	blob	100644	7a3bff4b336e3272c4cc57c6e9652f7f96c508f0
compiler/src/iree/compiler/Codegen/LLVMCPU/test/verify_vector_size_legality.mlir	blob	100644	bbc1d53de732267d20dfdf9d3efd47e2425a34ff
compiler/src/iree/compiler/Codegen/LLVMCPU/test/virtual_vector_lowering.mlir	blob	100644	f94b24ec760c964ce1831cf256ed74393c8f408a
compiler/src/iree/compiler/Codegen/LLVMGPU/AMDGPUEmulateNarrowType.cpp	blob	100644	d6706bd4ff70b79034e7e64b96c8be35ac94c3f2
compiler/src/iree/compiler/Codegen/LLVMGPU/BUILD.bazel	blob	100644	dc6a9d4f8fa84b2185dbb6eba3c02e8569cba141
compiler/src/iree/compiler/Codegen/LLVMGPU/CMakeLists.txt	blob	100644	a38916616b8989dc272af83c9ecb68b56258951e
compiler/src/iree/compiler/Codegen/LLVMGPU/ConvertToLLVM.cpp	blob	100644	b28e241d1bc5b7f10791a4676f93758b3c34a02a
compiler/src/iree/compiler/Codegen/LLVMGPU/ConvertToLLVM.h	blob	100644	9e89e05fdee4761cba728e8a35f7167fbaef5f3d
compiler/src/iree/compiler/Codegen/LLVMGPU/ConvertToNVVM.cpp	blob	100644	6ccd0f665aea4e7cf2d01c5277a45edb82cc6bfb
compiler/src/iree/compiler/Codegen/LLVMGPU/ConvertToROCDL.cpp	blob	100644	1236653e78e35a640ce001a1ef6c003103dcc5b4
compiler/src/iree/compiler/Codegen/LLVMGPU/InternalAPI.h	blob	100644	e69de29bb2d1d6434b8b29ae775ad8c2e48c5391
compiler/src/iree/compiler/Codegen/LLVMGPU/KernelConfig.cpp	blob	100644	612bc293d23ec30ca40affa69c7758ef834bbe21
compiler/src/iree/compiler/Codegen/LLVMGPU/KernelConfig.h	blob	100644	cafa5af69829270bd566e6f6570f9121f402cd32
compiler/src/iree/compiler/Codegen/LLVMGPU/LLVMGPU1DVectorCanonicalizations.cpp	blob	100644	105fa3a1331d7c52fc97c58d4d2a806b3165fac7
compiler/src/iree/compiler/Codegen/LLVMGPU/LLVMGPUAssignConstantOrdinals.cpp	blob	100644	6005d74289062d0328a5457b39316f46c7a7c0ea
compiler/src/iree/compiler/Codegen/LLVMGPU/LLVMGPUCastAddressSpaceFunction.cpp	blob	100644	77a691ce3cdb77bfa2907dc16acc79de78278c4f
compiler/src/iree/compiler/Codegen/LLVMGPU/LLVMGPUConfigureTensorLayouts.cpp	blob	100644	91cb8cbd10201ca007462e5b9a0948ca65b0e813
compiler/src/iree/compiler/Codegen/LLVMGPU/LLVMGPUConstraintGenerator.cpp	blob	100644	0eb9d990e1db987a3bfa79d61acf9a6f37e133d5
compiler/src/iree/compiler/Codegen/LLVMGPU/LLVMGPUConstraintGenerator.h	blob	100644	66d8c2e325708f01b003c78ce64f7892f128bc0b
compiler/src/iree/compiler/Codegen/LLVMGPU/LLVMGPUGroupGlobalLoads.cpp	blob	100644	d6c295fd4e18221b7d695a968a607f9a6a288101
compiler/src/iree/compiler/Codegen/LLVMGPU/LLVMGPULegalizeNDVectors.cpp	blob	100644	d7a87ac6e82f90736d97d1f8cf24847c21224773
compiler/src/iree/compiler/Codegen/LLVMGPU/LLVMGPULinkExecutables.cpp	blob	100644	f836e40908413e066f225b8f6b68f82c0b50fb00
compiler/src/iree/compiler/Codegen/LLVMGPU/LLVMGPULowerExecutableTarget.cpp	blob	100644	afeceed6fb2c7cc0f2cb0a06be7d215adcaeb964
compiler/src/iree/compiler/Codegen/LLVMGPU/LLVMGPUPackSharedMemoryAlloc.cpp	blob	100644	a3db9be2049f7fc74730ef8a7e5af6528ed7141b
compiler/src/iree/compiler/Codegen/LLVMGPU/LLVMGPUSelectLoweringStrategy.cpp	blob	100644	be94e30a1708cb02fa1f7f4927bb5d837d5a51ba
compiler/src/iree/compiler/Codegen/LLVMGPU/LLVMGPUTensorCoreVectorization.cpp	blob	100644	8bc2e2b38c94dbeb2ea02d87d391c47d0c0ce6c2
compiler/src/iree/compiler/Codegen/LLVMGPU/LLVMGPUTileAndDistribute.cpp	blob	100644	42ef5c3b222bbbe9bf5a9ff0eb444b08110f5876
compiler/src/iree/compiler/Codegen/LLVMGPU/LLVMGPUVectorDistribute.cpp	blob	100644	db96143e5798a5911156674944ec9ca2205f378a
compiler/src/iree/compiler/Codegen/LLVMGPU/LLVMGPUVectorFlattening.cpp	blob	100644	a932b0a58a3b59b90010f938a220d4f2f74a9867
compiler/src/iree/compiler/Codegen/LLVMGPU/LLVMGPUVectorLowering.cpp	blob	100644	ef38d14d33ca600dbfc9ba1fe2a79d5e45c7fd1a
compiler/src/iree/compiler/Codegen/LLVMGPU/LLVMGPUVectorMultiReductionLowering.cpp	blob	100644	0e07a06b98b959c3227e2fc259b1522b161cea59
compiler/src/iree/compiler/Codegen/LLVMGPU/LLVMGPUVectorToGPU.cpp	blob	100644	cb099bfa99574c9eba55cefbdf642c04acbbb04b
compiler/src/iree/compiler/Codegen/LLVMGPU/Passes.cpp	blob	100644	107b4460bd756ba847c37e38aa90881bcf246ed6
compiler/src/iree/compiler/Codegen/LLVMGPU/Passes.h	blob	100644	6467e4014b09e7edcb6252b40f0bc314c37ec70f
compiler/src/iree/compiler/Codegen/LLVMGPU/Passes.td	blob	100644	64ba6a595bc02a3a1bcbbb140b367b612999fa6d
compiler/src/iree/compiler/Codegen/LLVMGPU/ROCDLAnnotateKernelForTranslation.cpp	blob	100644	3e310ceefd27bcb0b9559da1a9b8361455565744
compiler/src/iree/compiler/Codegen/LLVMGPU/ROCDLBufferInstructionsOptimization.cpp	blob	100644	6308aa822a95b5993cf10fc0b27eaa4d51b7d38d
compiler/src/iree/compiler/Codegen/LLVMGPU/ROCDLConfigureBufferInstructions.cpp	blob	100644	9382232bfffadcdf3024eca52c37f44e81d8cc95
compiler/src/iree/compiler/Codegen/LLVMGPU/ROCDLLoadToTransposeLoad.cpp	blob	100644	84fa86a18ce040560419e1d5ef7a9b94dac8ba31
compiler/src/iree/compiler/Codegen/LLVMGPU/ROCDLPasses.h	blob	100644	fe7320ce087f919183c2370cfc7cf506b4b1bd0c
compiler/src/iree/compiler/Codegen/LLVMGPU/ROCDLPasses.td	blob	100644	a3b71764d33c0ae7f21db96aa79c1861fec18820
compiler/src/iree/compiler/Codegen/LLVMGPU/ROCDLPrefetching.cpp	blob	100644	8157b8dd30dda9a40169e8f41e4d6cd749a6ecb1
compiler/src/iree/compiler/Codegen/LLVMGPU/ROCDLPrepareForSPIRV.cpp	blob	100644	063316ed416eba8e279ccb1c89a866f666658716
compiler/src/iree/compiler/Codegen/LLVMGPU/TransformExtensions/BUILD.bazel	blob	100644	3ee6e782ff4196effe491006cab86a4497429641
compiler/src/iree/compiler/Codegen/LLVMGPU/TransformExtensions/CMakeLists.txt	blob	100644	a98db3845cf418e214055305ed7d752343410f45
compiler/src/iree/compiler/Codegen/LLVMGPU/TransformExtensions/LLVMGPUExtensions.cpp	blob	100644	04387136a2bcb697bd2988450b87ae4c5e8db9bc
compiler/src/iree/compiler/Codegen/LLVMGPU/TransformExtensions/LLVMGPUExtensions.h	blob	100644	2b3ac055f9111f49b979ed1c691d86bad800a417
compiler/src/iree/compiler/Codegen/LLVMGPU/TransformExtensions/LLVMGPUExtensionsOps.td	blob	100644	d733d611bb8f05f729c2d6d28f72ce9cc006c82e
compiler/src/iree/compiler/Codegen/LLVMGPU/Utils/BUILD.bazel	blob	100644	c101c2f0b1b84eba13418ac269d35676d45f6669
compiler/src/iree/compiler/Codegen/LLVMGPU/Utils/CMakeLists.txt	blob	100644	a9c6b3f33573dfdd634c627f1ffa92838af56522
compiler/src/iree/compiler/Codegen/LLVMGPU/Utils/LLVMGPUSelectUKernels.cpp	blob	100644	f9488b350a88dd8741276012df4af9cc6d54917b
compiler/src/iree/compiler/Codegen/LLVMGPU/Utils/LLVMGPUSelectUKernels.h	blob	100644	5944c0621ae8657711b72ab57758a77d004380d4
compiler/src/iree/compiler/Codegen/LLVMGPU/Utils/LLVMGPUUtils.cpp	blob	100644	b47d9f1934511c33307cbf17c0ed524e57939220
compiler/src/iree/compiler/Codegen/LLVMGPU/Utils/LLVMGPUUtils.h	blob	100644	d3d4a3da78ecb18ba7b6cf7433146f5f5dd25012
compiler/src/iree/compiler/Codegen/LLVMGPU/Utils/ROCDLPrefetchSharedMemoryCopy.cpp	blob	100644	ba1cbe464b6e4ee59091356b1393debc50bab7b3
compiler/src/iree/compiler/Codegen/LLVMGPU/Verifiers.cpp	blob	100644	81b002e021bb15cf6beeb0c5d898c962f4826eda
compiler/src/iree/compiler/Codegen/LLVMGPU/test/1d_vector_canonicalization.mlir	blob	100644	280b6942855f21f9b0358bd4bbf5db85c44a20f8
compiler/src/iree/compiler/Codegen/LLVMGPU/test/BUILD.bazel	blob	100644	19e2a10ca31db5be7f55d02e02298284007389b5
compiler/src/iree/compiler/Codegen/LLVMGPU/test/CMakeLists.txt	blob	100644	5aaef03357e154411191e94a5a0e640bff28b118
compiler/src/iree/compiler/Codegen/LLVMGPU/test/NVVM/BUILD.bazel	blob	100644	eb5ead95cb9c7e7baf414b291025c9f8ddd21705
compiler/src/iree/compiler/Codegen/LLVMGPU/test/NVVM/CMakeLists.txt	blob	100644	efc2d1968038db1e9c19cae817b939c535bb04e5
compiler/src/iree/compiler/Codegen/LLVMGPU/test/NVVM/config_tile_and_fuse_sm120.mlir	blob	100644	aa6fed130feb387beebe2c1eef24980fc1a99cfc
compiler/src/iree/compiler/Codegen/LLVMGPU/test/NVVM/config_tile_and_fuse_sm80.mlir	blob	100644	6bd2f94109ad833d1230397ce64d7742a2b3daf8
compiler/src/iree/compiler/Codegen/LLVMGPU/test/NVVM/config_tile_and_fuse_sm89.mlir	blob	100644	4b4fd0972188f3bf365750c3f8a4e06bc514546a
compiler/src/iree/compiler/Codegen/LLVMGPU/test/NVVM/config_vector_distribute_sm80.mlir	blob	100644	118a90490248138ad9f15668472f753e39a7ab01
compiler/src/iree/compiler/Codegen/LLVMGPU/test/NVVM/pipeline_full_smoketests.mlir	blob	100644	55fe9c4b80373fa3edefd6a1f728073dd45b7271
compiler/src/iree/compiler/Codegen/LLVMGPU/test/NVVM/pipeline_tile_and_fuse_mma_sync.mlir	blob	100644	99fa509ad5e5e5319f337fe8502cf826bb687b7d
compiler/src/iree/compiler/Codegen/LLVMGPU/test/NVVM/pipeline_vector_distribute_mma_sync.mlir	blob	100644	fdb19cc2d24e499739d468c22fe1a1e1db5c4303
compiler/src/iree/compiler/Codegen/LLVMGPU/test/NVVM/pipeline_vector_distribute_paged_attention.mlir	blob	100644	62777db394cea5b1e181bc7f11f66e823e758e0c
compiler/src/iree/compiler/Codegen/LLVMGPU/test/ROCDL/BUILD.bazel	blob	100644	131dce65a1439eed580c1540d4c63650b8105a3b
compiler/src/iree/compiler/Codegen/LLVMGPU/test/ROCDL/CMakeLists.txt	blob	100644	371999067ef8dc5e41d5a3baa882b34d636e03aa
compiler/src/iree/compiler/Codegen/LLVMGPU/test/ROCDL/annotate_kernel_for_translation.mlir	blob	100644	c275c62975b2e62c4184f8be55adaca9357502eb
compiler/src/iree/compiler/Codegen/LLVMGPU/test/ROCDL/buffer_instructions_optimization.mlir	blob	100644	6549b34e750802b524d749eef14c461b8ff20076
compiler/src/iree/compiler/Codegen/LLVMGPU/test/ROCDL/config_argcompare.mlir	blob	100644	afd8bd7bdf7d09594293817d7bcbaae95ab4118c
compiler/src/iree/compiler/Codegen/LLVMGPU/test/ROCDL/config_direct_conv_tile_and_fuse.mlir	blob	100644	86ccd02a684e00b6626e052ff2747039659e83ed
compiler/src/iree/compiler/Codegen/LLVMGPU/test/ROCDL/config_igemm_tile_and_fuse.mlir	blob	100644	86f4fc50904b3b3f89722fc8b53b2c49fd45ee79
compiler/src/iree/compiler/Codegen/LLVMGPU/test/ROCDL/config_reduction_transposed_output.mlir	blob	100644	1373c2ca25f64eb5f43e4d9ca393de113fb9d4dd
compiler/src/iree/compiler/Codegen/LLVMGPU/test/ROCDL/config_tile_and_fuse.mlir	blob	100644	ecb26f6f363e219ccd3a1edec823450e0903a57a
compiler/src/iree/compiler/Codegen/LLVMGPU/test/ROCDL/config_tile_and_fuse_convolution.mlir	blob	100644	e3b1301321d326cfce0e152fe17252ef9a140a7c
compiler/src/iree/compiler/Codegen/LLVMGPU/test/ROCDL/config_tile_and_fuse_gfx1201.mlir	blob	100644	38612a2297b6b3123bcad8fc73bc5a609f14901a
compiler/src/iree/compiler/Codegen/LLVMGPU/test/ROCDL/config_tile_and_fuse_gfx950.mlir	blob	100644	9b6de9fc532295f22df3eb32f77c1a05ffe79b80
compiler/src/iree/compiler/Codegen/LLVMGPU/test/ROCDL/config_tile_and_fuse_outer_reduction.mlir	blob	100644	98589e38d703b3012f02da753b070dba06fd0dd9
compiler/src/iree/compiler/Codegen/LLVMGPU/test/ROCDL/config_user_vector_distribute.mlir	blob	100644	7cb0c2f0d6df69ffa47d8fea0fce6683ec4ce9af
compiler/src/iree/compiler/Codegen/LLVMGPU/test/ROCDL/config_vector_distribute_gfx1100.mlir	blob	100644	01654d746a89b50a0f286fdd7c4a8071fb6d7ff1
compiler/src/iree/compiler/Codegen/LLVMGPU/test/ROCDL/config_vector_distribute_gfx942.mlir	blob	100644	632a031197d0de95c05059bdaa47d870e91b4c8e
compiler/src/iree/compiler/Codegen/LLVMGPU/test/ROCDL/config_vector_distribute_gfx950.mlir	blob	100644	ad4429132a7143a18798d054068d37fe68dd050a
compiler/src/iree/compiler/Codegen/LLVMGPU/test/ROCDL/config_vector_distribute_reduction_gfx942.mlir	blob	100644	86daf9540c2829f4cdd06652765036ef9ffdf6d9
compiler/src/iree/compiler/Codegen/LLVMGPU/test/ROCDL/config_vector_distribute_reduction_gfx950.mlir	blob	100644	480e01fefa5bc8f1d7bca2b0dad8a49d4bb18d5c
compiler/src/iree/compiler/Codegen/LLVMGPU/test/ROCDL/configure_buffer_instructions.mlir	blob	100644	3d4858fd0b4fbab97c492f546a6a1f1fa0bc8067
compiler/src/iree/compiler/Codegen/LLVMGPU/test/ROCDL/gpu_nested_layout_vector_distribution_wide_shuffle.mlir	blob	100644	d87e7b08dcf22a39093159dfe7c18a7f8181dff1
compiler/src/iree/compiler/Codegen/LLVMGPU/test/ROCDL/pipeline_argcompare_tile_and_fuse.mlir	blob	100644	6b7e7254ecab551ee38943476eac81ca34b3461e
compiler/src/iree/compiler/Codegen/LLVMGPU/test/ROCDL/pipeline_argcompare_vector_distribute.mlir	blob	100644	e3f0d48072103fd4791cbb6e10ca8c4c2257c48d
compiler/src/iree/compiler/Codegen/LLVMGPU/test/ROCDL/pipeline_direct_conv_tile_and_fuse.mlir	blob	100644	c6f46fb458e8db458b1f24a80acabc99ce94cf73
compiler/src/iree/compiler/Codegen/LLVMGPU/test/ROCDL/pipeline_elementwise_f8fnuz.mlir	blob	100644	d45294b4dc26b600fc6be3a39a3a6d9e5747a37d
compiler/src/iree/compiler/Codegen/LLVMGPU/test/ROCDL/pipeline_elementwise_f8ocp.mlir	blob	100644	df5f466ebe53d110bf328bcea8ddd5238302f1e2
compiler/src/iree/compiler/Codegen/LLVMGPU/test/ROCDL/pipeline_full_smoketests.mlir	blob	100644	ceac8e885220d4c744c23a22903b00bc02131033
compiler/src/iree/compiler/Codegen/LLVMGPU/test/ROCDL/pipeline_igemm_tile_and_fuse.mlir	blob	100644	df78071fa8d620863d57477ce31cec1a59488dac
compiler/src/iree/compiler/Codegen/LLVMGPU/test/ROCDL/pipeline_igemm_tile_and_fuse_gfx950.mlir	blob	100644	fd43a7368275063737041b67060d847eb661de57
compiler/src/iree/compiler/Codegen/LLVMGPU/test/ROCDL/pipeline_im2col_dma_gfx950.mlir	blob	100644	8a7f480f8b1519d0d0e32c5976750cba2c5bbde3
compiler/src/iree/compiler/Codegen/LLVMGPU/test/ROCDL/pipeline_lower_to_llvmgpu.mlir	blob	100644	248594b48e386aa7c2c49883c35b693ce3de841c
compiler/src/iree/compiler/Codegen/LLVMGPU/test/ROCDL/pipeline_rocdl_lowering_gfx950.mlir	blob	100644	fb0cc8e80925de7ab7878a0807c11132c9f759cb
compiler/src/iree/compiler/Codegen/LLVMGPU/test/ROCDL/pipeline_scaled_matmul_dma.mlir	blob	100644	bdd48f2a523e3da3cbeabc6dc1c1ce115a03925d
compiler/src/iree/compiler/Codegen/LLVMGPU/test/ROCDL/pipeline_scaled_truncation_gfx950.mlir	blob	100644	82de01966599531525b0a56c940f5ff8fca01685
compiler/src/iree/compiler/Codegen/LLVMGPU/test/ROCDL/pipeline_tile_and_fuse.mlir	blob	100644	c5c20f76fb15c53be9dba1e2a4871223bf3a84e5
compiler/src/iree/compiler/Codegen/LLVMGPU/test/ROCDL/pipeline_tile_and_fuse_gfx1100.mlir	blob	100644	a3237098c54f9d8cbc5c356a41632e0fa1bbafdf
compiler/src/iree/compiler/Codegen/LLVMGPU/test/ROCDL/pipeline_tile_and_fuse_gfx950.mlir	blob	100644	1dc5bd3b94f99c44bd3d74d1163eb5b0a51e4018
compiler/src/iree/compiler/Codegen/LLVMGPU/test/ROCDL/pipeline_vector_distribute_dynamic_shapes_gfx942.mlir	blob	100644	78a3fcd5dbdd0c319d150db7786f7806c8d8c21e
compiler/src/iree/compiler/Codegen/LLVMGPU/test/ROCDL/pipeline_vector_distribute_gfx1100.mlir	blob	100644	6fcfcf72846978b3be7b9937936951926da1d5ee
compiler/src/iree/compiler/Codegen/LLVMGPU/test/ROCDL/pipeline_vector_distribute_gfx942.mlir	blob	100644	173acc482699a0ca638e74154be49be92cf88b5c
compiler/src/iree/compiler/Codegen/LLVMGPU/test/ROCDL/pipeline_vector_distribute_gfx942_masking.mlir	blob	100644	c4fc7261f13327ed12947432502612dacd540c83
compiler/src/iree/compiler/Codegen/LLVMGPU/test/ROCDL/pipeline_vector_distribute_gfx950.mlir	blob	100644	3b745993d08d2b7a307645146aaba04afd6089e0
compiler/src/iree/compiler/Codegen/LLVMGPU/test/ROCDL/pipeline_vector_distribute_reduction_gfx942.mlir	blob	100644	c84f0345c07b001e467d71803379deccd62013c5
compiler/src/iree/compiler/Codegen/LLVMGPU/test/amdgpu_emulate_narrow_type.mlir	blob	100644	18f148758133daae03741a91aa50cfc56017c2f0
compiler/src/iree/compiler/Codegen/LLVMGPU/test/assign_constant_ordinals.mlir	blob	100644	8a133f91a8fb5f817f6c12b9db9725a6063f58db
compiler/src/iree/compiler/Codegen/LLVMGPU/test/cast_address_space_function.mlir	blob	100644	1f1274f6fd515cb6246b2f08ed5f7116e043b44c
compiler/src/iree/compiler/Codegen/LLVMGPU/test/config_complex_matmul.mlir	blob	100644	7881adfafec2befe4e16bac171e227935ed412b2
compiler/src/iree/compiler/Codegen/LLVMGPU/test/config_custom_op.mlir	blob	100644	b1cbe8153027baed5d7b82dfa864c5bfbf04124f
compiler/src/iree/compiler/Codegen/LLVMGPU/test/config_gather_like_ops.mlir	blob	100644	30ca84104070f07de7956aa8ccfb79ba2b5fda03
compiler/src/iree/compiler/Codegen/LLVMGPU/test/config_horizontally_fused_ops.mlir	blob	100644	1fe4567c0bcc7ef7202cae29e96c4ae105d6d672
compiler/src/iree/compiler/Codegen/LLVMGPU/test/config_llvm_gpu_constraints.mlir	blob	100644	1057d287786368c69b0589398e12cc888eb4b0b5
compiler/src/iree/compiler/Codegen/LLVMGPU/test/config_llvm_gpu_vd_attention_constraints.mlir	blob	100644	8ab346278b212f77b2f9eb7c4ad1b915614c0ae6
compiler/src/iree/compiler/Codegen/LLVMGPU/test/config_matmul.mlir	blob	100644	9bd7139cefdfb3fbccbe21cdb7a06cd1ef7d0555
compiler/src/iree/compiler/Codegen/LLVMGPU/test/config_matvec.mlir	blob	100644	7116f76743cb05e30a1d35736b4594d84c82b2de
compiler/src/iree/compiler/Codegen/LLVMGPU/test/config_root_op_attribute.mlir	blob	100644	528716d23f6ff8fe787122bdd343fdaa8c6ee651
compiler/src/iree/compiler/Codegen/LLVMGPU/test/config_sort.mlir	blob	100644	992d9b4a3e6fe0c20216d8e6a995b2a7c453e7d9
compiler/src/iree/compiler/Codegen/LLVMGPU/test/config_winograd.mlir	blob	100644	cf579668a29f740fd0950440ead72377d2c84f10
compiler/src/iree/compiler/Codegen/LLVMGPU/test/configure_tensor_layout.mlir	blob	100644	c7bf4b5d5954c4d484f1ecb0d973580b14b3a40b
compiler/src/iree/compiler/Codegen/LLVMGPU/test/conv_pipeline_test_cuda.mlir	blob	100644	69442a655d565358d4a7687745ae4b8c5087daca
compiler/src/iree/compiler/Codegen/LLVMGPU/test/convert_to_nvvm.mlir	blob	100644	77fcac825111b3089b7cad58df10c382f38e35e8
compiler/src/iree/compiler/Codegen/LLVMGPU/test/convert_to_rocdl.mlir	blob	100644	a15ca4354483f6e6c15df8b09e57329d81f822d3
compiler/src/iree/compiler/Codegen/LLVMGPU/test/convert_to_rocdl_gfx1201.mlir	blob	100644	ac6cecad07167326e8ce8c42133b6a71198934d3
compiler/src/iree/compiler/Codegen/LLVMGPU/test/convert_to_rocdl_gfx942.mlir	blob	100644	777505dd9943ad21fbfa845197bb0cabe51a0a41
compiler/src/iree/compiler/Codegen/LLVMGPU/test/convert_to_rocdl_gfx950.mlir	blob	100644	9a244da1d9301740b9b8672bcbad0db9da0d8d6b
compiler/src/iree/compiler/Codegen/LLVMGPU/test/create_async_groups.mlir	blob	100644	ea5d6b227518ff9d2c06e77aa09fcd4c1306646c
compiler/src/iree/compiler/Codegen/LLVMGPU/test/create_tile_sizes.mlir	blob	100644	feb97dbaa6b9a9d3cd4dc1136bc97ed991c81483
compiler/src/iree/compiler/Codegen/LLVMGPU/test/custom_pass_pipeline.mlir	blob	100644	7021bddcbe4a12d1fc8bbcaae862e168e890dfe1
compiler/src/iree/compiler/Codegen/LLVMGPU/test/distribute_to_thread.mlir	blob	100644	e7f786f3d978334a07d4236d478c4d8fe4895ddc
compiler/src/iree/compiler/Codegen/LLVMGPU/test/elementwise_pipeline.mlir	blob	100644	86ea48d374f2b5353929ac5ab4fe54bb6a0b6ce7
compiler/src/iree/compiler/Codegen/LLVMGPU/test/gpu_pipeline_data_tiling.mlir	blob	100644	37cb3f33a5320f3dd672076d1d93db7b7027a62f
compiler/src/iree/compiler/Codegen/LLVMGPU/test/gpu_pipeline_relayout_ops.mlir	blob	100644	9f324e98c146282fc0aa1388a4241f62a37f5d86
compiler/src/iree/compiler/Codegen/LLVMGPU/test/horizontal_fusion_pipeline.mlir	blob	100644	a8bb9c88c96369a0701d7bc25abd7e9ea73f77f9
compiler/src/iree/compiler/Codegen/LLVMGPU/test/legalize.mlir	blob	100644	76b688d6eacc4274f6e4e17ef246984a951b8cb2
compiler/src/iree/compiler/Codegen/LLVMGPU/test/legalize_nd_vectors.mlir	blob	100644	05f6734afd9ccc062c69ed72ce85c7c2e57d019d
compiler/src/iree/compiler/Codegen/LLVMGPU/test/linalg_transform.mlir	blob	100644	0ede98306a31868fe1e3e11fb1b886507527bb1f
compiler/src/iree/compiler/Codegen/LLVMGPU/test/link_executables.mlir	blob	100644	658f6801fb84461a260ea4ee44003e19c4a0325d
compiler/src/iree/compiler/Codegen/LLVMGPU/test/llvmgpu_bufferize.mlir	blob	100644	ab0048adcb0d25339dde16dfb5cd6146ec45e83c
compiler/src/iree/compiler/Codegen/LLVMGPU/test/llvmgpu_group_global_loads.mlir	blob	100644	ee2f3800ea9b5f394107109d5dcdab3d8ef231f7
compiler/src/iree/compiler/Codegen/LLVMGPU/test/nvvm_pipeline_test.mlir	blob	100644	aa1bfb2153af205984407c6bc3d4069804dd013e
compiler/src/iree/compiler/Codegen/LLVMGPU/test/pack_shared_memory_alloc.mlir	blob	100644	bab2e63103f69fc577babbb3d4276906c7d62291
compiler/src/iree/compiler/Codegen/LLVMGPU/test/pipeline_coalesced_dma.mlir	blob	100644	27d2726f25e20dbe5139630887201d24f4cf9148
compiler/src/iree/compiler/Codegen/LLVMGPU/test/prefetch_shared_memory.mlir	blob	100644	edb482990fa4c4e7c29dcf0c5e8a73b703bd3a86
compiler/src/iree/compiler/Codegen/LLVMGPU/test/reduction_pipeline_cuda.mlir	blob	100644	839d280f913a68d2a284bc0d3e4135b607cfd075
compiler/src/iree/compiler/Codegen/LLVMGPU/test/reduction_pipeline_rocm.mlir	blob	100644	43f0bdb45936959bb772569e8f03a45210f9dddc
compiler/src/iree/compiler/Codegen/LLVMGPU/test/reduction_pipeline_softmax_rocm.mlir	blob	100644	76d14708dc8c3ea981b5861909004f0b4f7257fc
compiler/src/iree/compiler/Codegen/LLVMGPU/test/reuse_shared_memory_allocs.mlir	blob	100644	3a6955083e9b78bb6f55cc10377197adf332abf5
compiler/src/iree/compiler/Codegen/LLVMGPU/test/rocdl_global_transpose_load.mlir	blob	100644	62f45407544305f22dee91c09c9ddb85df1a3d20
compiler/src/iree/compiler/Codegen/LLVMGPU/test/rocdl_load_to_transpose_load.mlir	blob	100644	4a7810bdba58406a3e6df8104c7e43235a3e0c72
compiler/src/iree/compiler/Codegen/LLVMGPU/test/rocdl_pipeline_spirv_test.mlir	blob	100644	218829bcea7ccb52256525e0eadba3b5be9e3820
compiler/src/iree/compiler/Codegen/LLVMGPU/test/rocdl_pipeline_test.mlir	blob	100644	8c38f3c88ecfedd8e3bca1bbe7f8d2f953410561
compiler/src/iree/compiler/Codegen/LLVMGPU/test/rocdl_prepare_for_spirv.mlir	blob	100644	912da1a7264f25cb4f71fa7aea423d0abce71a61
compiler/src/iree/compiler/Codegen/LLVMGPU/test/rocm_spirv_serialize.mlir	blob	100644	5b33a6b8d7c25e600af0afe52673f7b4841911a6
compiler/src/iree/compiler/Codegen/LLVMGPU/test/rocm_spirv_serialize_target_attr.mlir	blob	100644	3e8022ec59b3c68a9ea76070a11ec7aa6f7863be
compiler/src/iree/compiler/Codegen/LLVMGPU/test/sort_pipeline_test.mlir	blob	100644	6c115034cccfba9879887aba173edf8c32d6c842
compiler/src/iree/compiler/Codegen/LLVMGPU/test/tensorcore_vectorization.mlir	blob	100644	e66ce7ff62a8a210fda965c302816fef7020f31c
compiler/src/iree/compiler/Codegen/LLVMGPU/test/transform_dialect_bufferize.mlir	blob	100644	6cf7e0b2df28bbab3c074c5c45e5176244d1b682
compiler/src/iree/compiler/Codegen/LLVMGPU/test/transform_dialect_codegen_bufferize_spec.mlir	blob	100644	22e16dd1e44041959c84b4a2dd185cb28ce1b228
compiler/src/iree/compiler/Codegen/LLVMGPU/test/transform_dialect_codegen_foreach_to_gpu_spec.mlir	blob	100644	6fc92224956fd16ff8d108fc0258f32a0beb0b41
compiler/src/iree/compiler/Codegen/LLVMGPU/test/transform_dialect_codegen_vector_distribution_spec.mlir	blob	100644	f67d7eb4de540f641429e5315c3f64e2962e8bca
compiler/src/iree/compiler/Codegen/LLVMGPU/test/transform_dialect_codegen_vector_warp_execute_on_lane_0_spec.mlir	blob	100644	1b48151ce9cb8fd591d2e08bf44b533784ff606b
compiler/src/iree/compiler/Codegen/LLVMGPU/test/transform_dialect_eliminate_gpu_barriers.mlir	blob	100644	caf848be30fb623494e7b584385639feab1dea39
compiler/src/iree/compiler/Codegen/LLVMGPU/test/transform_dialect_hoist_allocs.mlir	blob	100644	946d4763a4ec72effc287087c7f997debbbc098e
compiler/src/iree/compiler/Codegen/LLVMGPU/test/transform_dialect_pack_shared_memory_alloc.mlir	blob	100644	eb32d4ad4c57ea466b10c7e9da3bd9af42bacda6
compiler/src/iree/compiler/Codegen/LLVMGPU/test/transform_dialect_promote_operands.mlir	blob	100644	eb4116187abd35c0009048e3aae3a8303e03f99b
compiler/src/iree/compiler/Codegen/LLVMGPU/test/transform_dialect_vector_distribution.mlir	blob	100644	83f8afa0f994c278e76fb557b7e0160c632d7138
compiler/src/iree/compiler/Codegen/LLVMGPU/test/transform_dialect_vector_to_nvgpu_mma.mlir	blob	100644	d144dcda47d631c944986d3f14a6161db877154c
compiler/src/iree/compiler/Codegen/LLVMGPU/test/transform_distribute_forall.mlir	blob	100644	afcd7a2b6532d753577dc0147fd01ba01a75457d
compiler/src/iree/compiler/Codegen/LLVMGPU/test/transform_gpu_pipelining.mlir	blob	100644	a6a013b21358df0e784c3abe877b7c0d7aa8be78
compiler/src/iree/compiler/Codegen/LLVMGPU/test/transform_vector_to_mma.mlir	blob	100644	68f7b6bad699a1cab85e74906819dbb0ae45f7be
compiler/src/iree/compiler/Codegen/LLVMGPU/test/transpose_pipeline_test.mlir	blob	100644	9c6cf2300eecff4b4f6704ff7f34f7d9e2649f46
compiler/src/iree/compiler/Codegen/LLVMGPU/test/vector_flattening.mlir	blob	100644	014fa51e3ae9cac3a812d646ec635589af7b4130
compiler/src/iree/compiler/Codegen/LLVMGPU/test/vector_lowering.mlir	blob	100644	cf6e61d09b098046860b6dd6890e43ed037b9f17
compiler/src/iree/compiler/Codegen/LLVMGPU/test/vector_multi_reduction_lowering.mlir	blob	100644	93baa068fde1ebec89885c8f466bd66ab65b38b7
compiler/src/iree/compiler/Codegen/LLVMGPU/test/vector_to_gpu.mlir	blob	100644	e38ccac7b454f4d8f5cdd32716b96fa120e6903b
compiler/src/iree/compiler/Codegen/LLVMGPU/test/winograd_pipeline_test.mlir	blob	100644	27f987560cf8ec37c0da23dd45507dfc39adb2b7
compiler/src/iree/compiler/Codegen/Passes.cpp	blob	100644	c279cf3157fcdcc35d4a4c64c026acf596c03a27
compiler/src/iree/compiler/Codegen/Passes.h	blob	100644	de27aac0640096a5c4f683189b1cc40de0169e62
compiler/src/iree/compiler/Codegen/SPIRV/AMDConfig.cpp	blob	100644	3d2ffb134ada1e16ff6db5a1284ac143d2acc16b
compiler/src/iree/compiler/Codegen/SPIRV/AdrenoConfig.cpp	blob	100644	bbc3266053fb6d4742eb24da52ab11b2def3fc8e
compiler/src/iree/compiler/Codegen/SPIRV/AppleConfig.cpp	blob	100644	83f64352d89e6ba2acd4facb2e4189d33e6f62ff
compiler/src/iree/compiler/Codegen/SPIRV/BUILD.bazel	blob	100644	201158fcfff918b13318f64d17ee9855deb1b145
compiler/src/iree/compiler/Codegen/SPIRV/CMakeLists.txt	blob	100644	ec2e172ef8761d4981bfafc1a2cf5ed679cce7db
compiler/src/iree/compiler/Codegen/SPIRV/ConvertToSPIRV.cpp	blob	100644	bb8c85ac019ca803ae8724dd3e04b97d8a45467c
compiler/src/iree/compiler/Codegen/SPIRV/KernelConfig.cpp	blob	100644	fd107587561eb39cfaa113d412d79a705f276173
compiler/src/iree/compiler/Codegen/SPIRV/KernelConfig.h	blob	100644	b2a5c1fd4cdc950793ef73104bb125d04b7513ed
compiler/src/iree/compiler/Codegen/SPIRV/MaliConfig.cpp	blob	100644	6892b3ea61a3e94018c0084eff92d9649b9887dd
compiler/src/iree/compiler/Codegen/SPIRV/NVIDIAConfig.cpp	blob	100644	aefeef7ec60810a6f5214124ea03fcd9981d23ff
compiler/src/iree/compiler/Codegen/SPIRV/Passes.cpp	blob	100644	98327b05613e6454213e2e31b679165cd21ed879
compiler/src/iree/compiler/Codegen/SPIRV/Passes.h	blob	100644	d65033c49385cfdbb68b0ca171a5ceda580e411e
compiler/src/iree/compiler/Codegen/SPIRV/Passes.td	blob	100644	4d71d1e895eb9b71d007b707dcdaa8d1ac2c1290
compiler/src/iree/compiler/Codegen/SPIRV/SPIRVAnnotateWinogradLoops.cpp	blob	100644	a42d102e6d36ec2159192509a486ff6f7be4e91f
compiler/src/iree/compiler/Codegen/SPIRV/SPIRVBreakDownLargeVector.cpp	blob	100644	c64f7c3158f3122581aa69c041ac3eb767dbba99
compiler/src/iree/compiler/Codegen/SPIRV/SPIRVConvertGPUTarget.cpp	blob	100644	607461b8dde3266fe326e376e6a7358a732cdc34
compiler/src/iree/compiler/Codegen/SPIRV/SPIRVEmulateI64.cpp	blob	100644	e7f06146b9a819be5892671fbcde7f64d97733c0
compiler/src/iree/compiler/Codegen/SPIRV/SPIRVEraseStorageBufferStaticShape.cpp	blob	100644	819b31ca9868223eb4f0d2f8206dcc4c53073292
compiler/src/iree/compiler/Codegen/SPIRV/SPIRVFinalVectorLowering.cpp	blob	100644	166a3bd5de115397c0339f1184f7524e32a24ebe
compiler/src/iree/compiler/Codegen/SPIRV/SPIRVInitialVectorLowering.cpp	blob	100644	dbd135924afc2e04389978ed8b0800d29dedc8a3
compiler/src/iree/compiler/Codegen/SPIRV/SPIRVLinkExecutables.cpp	blob	100644	e71da9e029fa5c80b63e275e49976d6d52674f8a
compiler/src/iree/compiler/Codegen/SPIRV/SPIRVLowerExecutableTarget.cpp	blob	100644	6a146f09ac927cc90080587a32b89261147cb336
compiler/src/iree/compiler/Codegen/SPIRV/SPIRVLowerExecutableUsingTransformDialect.cpp	blob	100644	2561902ca9a6d4b27f7cd6a0b37d0f60ef9505d2
compiler/src/iree/compiler/Codegen/SPIRV/SPIRVMapMemRefStorageClass.cpp	blob	100644	22cb24204d67f89eec2f5488aeb1034eb68d2150
compiler/src/iree/compiler/Codegen/SPIRV/SPIRVMaterializeExecutableConditions.cpp	blob	100644	2c0e2a21e84631dc3d82fdad71b5774e5a5f7b86
compiler/src/iree/compiler/Codegen/SPIRV/SPIRVSelectLoweringStrategy.cpp	blob	100644	fdba309875f3c3df3059d731c80ad52884bf3e80
compiler/src/iree/compiler/Codegen/SPIRV/SPIRVTileAndDistribute.cpp	blob	100644	1b3c6190289bd846ea6a1c75b5abb41c8b1229f2
compiler/src/iree/compiler/Codegen/SPIRV/SPIRVTileAndPromote.cpp	blob	100644	4d414aa1c90e33c3df4725d0fa9aedf1b0b7557a
compiler/src/iree/compiler/Codegen/SPIRV/SPIRVTileAndVectorizeToCooperativeOps.cpp	blob	100644	a4987d5b7f4f03ff60e35fa5c81609d3232ae21e
compiler/src/iree/compiler/Codegen/SPIRV/SPIRVTrimExecutableTargetEnv.cpp	blob	100644	dbbb9c8e4542cc03dfc5b1932c9b9991f56f15be
compiler/src/iree/compiler/Codegen/SPIRV/SPIRVVectorToGPUSubgroupMMAOps.cpp	blob	100644	a6ccaadfba71faf4212fa47c5fa0085c8512668a
compiler/src/iree/compiler/Codegen/SPIRV/SPIRVVectorizeLoadStore.cpp	blob	100644	a9cff496b2a9db83ac743ae4bba1ec09361a4f25
compiler/src/iree/compiler/Codegen/SPIRV/Utils.cpp	blob	100644	9ed74b71e1af22fde764f30c2ff3e24d1899a121
compiler/src/iree/compiler/Codegen/SPIRV/Utils.h	blob	100644	48b7dec9fe767bf7eac230c3dec322fa529afba1
compiler/src/iree/compiler/Codegen/SPIRV/Verifiers.cpp	blob	100644	8c7373d1e304e08a2160f3bcc4056d672b3b2b6c
compiler/src/iree/compiler/Codegen/SPIRV/VideoCoreConfig.cpp	blob	100644	4ff8cb51ab1747926c87ec683fabff239f41d56b
compiler/src/iree/compiler/Codegen/SPIRV/test/BUILD.bazel	blob	100644	7977ddfdd6a0ea1d64d0848cf6f64cd0567857da
compiler/src/iree/compiler/Codegen/SPIRV/test/CMakeLists.txt	blob	100644	3e0ba2fba1cea5476d684892a24e2799aab9ca67
compiler/src/iree/compiler/Codegen/SPIRV/test/annotate_winograd_loops.mlir	blob	100644	81d375f1edfbe351e1314a8f53826afbae5b6ad8
compiler/src/iree/compiler/Codegen/SPIRV/test/break_down_large_vector.mlir	blob	100644	958a2d0417dc4836c2d39c75ef41804820f10035
compiler/src/iree/compiler/Codegen/SPIRV/test/config_adreno_conv.mlir	blob	100644	ebb82efa844a79f885abeb4bf6ceb9cf9658cf8a
compiler/src/iree/compiler/Codegen/SPIRV/test/config_adreno_matmul.mlir	blob	100644	9010f826b494d94d4d934b189ea51e638933c1b0
compiler/src/iree/compiler/Codegen/SPIRV/test/config_amd_conv.mlir	blob	100644	3b02e0f147d74f5fc91de023e779e7e23581d5e5
compiler/src/iree/compiler/Codegen/SPIRV/test/config_amd_matmul.mlir	blob	100644	bb4baad8112bb94618376230964c91271c4d3ee8
compiler/src/iree/compiler/Codegen/SPIRV/test/config_amd_matmul_cooperative_ops.mlir	blob	100644	092e9f7dcf2ff1061742a0dab4046a0d71fbda5a
compiler/src/iree/compiler/Codegen/SPIRV/test/config_amd_matvec.mlir	blob	100644	d7d5d1dcff48957a36036ed7813a0879c9eeac39
compiler/src/iree/compiler/Codegen/SPIRV/test/config_broadcom_conv.mlir	blob	100644	0f935006e274ce900c76d02d2a5a58e346b0c81f
compiler/src/iree/compiler/Codegen/SPIRV/test/config_broadcom_matmul.mlir	blob	100644	5d2568ad2351ed6932fe57188f284fa502f74e00
compiler/src/iree/compiler/Codegen/SPIRV/test/config_default_conv.mlir	blob	100644	36aebfcade1009c4aeea47097e3454ac1738dab5
compiler/src/iree/compiler/Codegen/SPIRV/test/config_default_linalg_ext_ops.mlir	blob	100644	cec2033cff6ad206302f679ac27f14c7287e76ea
compiler/src/iree/compiler/Codegen/SPIRV/test/config_default_linalg_ops.mlir	blob	100644	8a1fc48c6469575a53a3bea1847697fea05ab150
compiler/src/iree/compiler/Codegen/SPIRV/test/config_default_matmul.mlir	blob	100644	c809e5ba3f9a90c4b018181e027a2a843dc44f36
compiler/src/iree/compiler/Codegen/SPIRV/test/config_default_misc.mlir	blob	100644	b70524a1fc7afa87f225cf82a9bb5bdcfae73586
compiler/src/iree/compiler/Codegen/SPIRV/test/config_default_reduction.mlir	blob	100644	372232c408f522296474eb387f1b1387b9f5b940
compiler/src/iree/compiler/Codegen/SPIRV/test/config_default_softmax.mlir	blob	100644	866bf9635e408484528528f606e5d56c84dd4a7c
compiler/src/iree/compiler/Codegen/SPIRV/test/config_default_sub_byte_types.mlir	blob	100644	d508b87ae6b3bdc14b56e71a190ed62934ab69ea
compiler/src/iree/compiler/Codegen/SPIRV/test/config_llvmpipe.mlir	blob	100644	7abbcc700a08fa555a14eedf426a6dc7956f34a9
compiler/src/iree/compiler/Codegen/SPIRV/test/config_mali_conv.mlir	blob	100644	51cf127a4cb0168eab29ba2816d3590a8c16cb86
compiler/src/iree/compiler/Codegen/SPIRV/test/config_mali_matmul.mlir	blob	100644	1f5c6ebdbb3e1206578969c198e14bc2431a4ff2
compiler/src/iree/compiler/Codegen/SPIRV/test/config_nvidia_matmul.mlir	blob	100644	0fc9ff4c3cfd6b581eb6efe6aaa0af8c1257459b
compiler/src/iree/compiler/Codegen/SPIRV/test/config_nvidia_matmul_cooperative_ops.mlir	blob	100644	2b5895660a70f3eac46655fc0804c19582b3772b
compiler/src/iree/compiler/Codegen/SPIRV/test/config_user.mlir	blob	100644	96cf77355e921600731c3746f0b509cb06735b8d
compiler/src/iree/compiler/Codegen/SPIRV/test/convert_gpu_target.mlir	blob	100644	bd639142c41c342a33759bff434c62e1d533b817
compiler/src/iree/compiler/Codegen/SPIRV/test/convert_to_spirv.mlir	blob	100644	ebee87e0658a58bf5bc1ed81ecdc56883bb18604
compiler/src/iree/compiler/Codegen/SPIRV/test/custom_pass_pipeline.mlir	blob	100644	de561c7ff2fbc0d3d09d1033a3b09e06894a4d14
compiler/src/iree/compiler/Codegen/SPIRV/test/emulate_i64.mlir	blob	100644	debf2ed46198a6c4f385d623b026b3436735672c
compiler/src/iree/compiler/Codegen/SPIRV/test/erase_storage_buffer_static_shape.mlir	blob	100644	64c89e3b663814b16cf046f96268084a4b04666c
compiler/src/iree/compiler/Codegen/SPIRV/test/illegal_configuration.mlir	blob	100644	df2757e5496d18611c5107812b274ecafff42c56
compiler/src/iree/compiler/Codegen/SPIRV/test/initial_vector_lowering_0d.mlir	blob	100644	d419a069b0b1240c6c2165eb470a2b7c6f76345d
compiler/src/iree/compiler/Codegen/SPIRV/test/initial_vector_lowering_index_type.mlir	blob	100644	e4d15d3a06d029f403992f348a8b1047631f1ab2
compiler/src/iree/compiler/Codegen/SPIRV/test/link_executables.mlir	blob	100644	902bab0e302a7fffe184c3ea411ba5e960bc1ecc
compiler/src/iree/compiler/Codegen/SPIRV/test/lower_masks.mlir	blob	100644	3d8c08c8c32ee44fd30c2c29688dc3dd806ebcbf
compiler/src/iree/compiler/Codegen/SPIRV/test/lowering_matmul_fusion.mlir	blob	100644	ac52bf9821ad286155a99eff54f7559d2a4501c4
compiler/src/iree/compiler/Codegen/SPIRV/test/lowering_matmul_promotion.mlir	blob	100644	664e0546dce7ad27cb43acfb761786103a198cd4
compiler/src/iree/compiler/Codegen/SPIRV/test/lowering_matvec.mlir	blob	100644	a3daaa9ea37494faa77c5b8aa0b1235b06242b34
compiler/src/iree/compiler/Codegen/SPIRV/test/lowering_reduction.mlir	blob	100644	bd477867cef53488723aa58be717a65523b3fcf8
compiler/src/iree/compiler/Codegen/SPIRV/test/lowering_scalar_dispatch.mlir	blob	100644	c0e0fcade09e6097b992d861c6620344ffa5e24c
compiler/src/iree/compiler/Codegen/SPIRV/test/map_memref_storage_class.mlir	blob	100644	acda995ff00af08a61cf91f9bf895b378cbd07a8
compiler/src/iree/compiler/Codegen/SPIRV/test/materialize_executable_conditions.mlir	blob	100644	492a65b502fdbf54f7a81ce231148d065d9865f2
compiler/src/iree/compiler/Codegen/SPIRV/test/physical_storage_buffer_addresses.mlir	blob	100644	52b8c1524ffddb658c6b965036529c244e20b9bd
compiler/src/iree/compiler/Codegen/SPIRV/test/pipeline_full_smoketests.mlir	blob	100644	c8ed8578c2eb2fb6bf60492275cf117070269f99
compiler/src/iree/compiler/Codegen/SPIRV/test/pipeline_matmul_cooperative_ops.mlir	blob	100644	7f6f6e849b58c540c803435754848d781a789fa4
compiler/src/iree/compiler/Codegen/SPIRV/test/pipeline_matmul_promotion.mlir	blob	100644	535374417dc47be7ba95cbd64bc9b65f3ee46054
compiler/src/iree/compiler/Codegen/SPIRV/test/pipeline_matmul_vectorization.mlir	blob	100644	7080cf966c7138b096ad746875399fa5be030199
compiler/src/iree/compiler/Codegen/SPIRV/test/pipeline_matvec.mlir	blob	100644	23f67daa978326b211b31e341734fb001cc0be8f
compiler/src/iree/compiler/Codegen/SPIRV/test/pipeline_reduction_subgroup.mlir	blob	100644	3fb78cc9c47db609d5cb0627b9b959885a73b88a
compiler/src/iree/compiler/Codegen/SPIRV/test/pipeline_sub_byte_dequant.mlir	blob	100644	b8921890edf35ab6b08eed6a1788b622fdaf5515
compiler/src/iree/compiler/Codegen/SPIRV/test/tile_and_distribute.mlir	blob	100644	ef1f0ac2253eeba8aff91aab628668337e59ddc9
compiler/src/iree/compiler/Codegen/SPIRV/test/tile_and_distribute_scatter.mlir	blob	100644	b39a2241eb8fd331cb5ef27a76310fadf5ecddf9
compiler/src/iree/compiler/Codegen/SPIRV/test/tile_and_distribute_sort.mlir	blob	100644	5bbe268bcb36d49ea2408e84f8db3e05209869a8
compiler/src/iree/compiler/Codegen/SPIRV/test/tile_and_promote_cooperative_matrix.mlir	blob	100644	274d3c8fddff7ab506ce5c7cef2701595a40910e
compiler/src/iree/compiler/Codegen/SPIRV/test/tile_and_promote_matmul.mlir	blob	100644	02614081c89401fe0463fdd96c4ce64e7686c8d4
compiler/src/iree/compiler/Codegen/SPIRV/test/tile_and_vectorize_batch_matmul.mlir	blob	100644	c20d0a3607c064bea21123a8cbc8ce5341642342
compiler/src/iree/compiler/Codegen/SPIRV/test/tile_and_vectorize_conv.mlir	blob	100644	77c0fd431a0f60eb6c52191092d4195438833538
compiler/src/iree/compiler/Codegen/SPIRV/test/tile_and_vectorize_matmul.mlir	blob	100644	29557a7651f5c9961e21ad26499c5c88f450ad2b
compiler/src/iree/compiler/Codegen/SPIRV/test/tile_and_vectorize_pooling.mlir	blob	100644	3dc6d2bbc9d2cd101f92a7c3770ea5a837cba49d
compiler/src/iree/compiler/Codegen/SPIRV/test/tile_and_vectorize_to_cooperative_ops.mlir	blob	100644	da3a3679474ad7ce2ec371ea078049c20e50c337
compiler/src/iree/compiler/Codegen/SPIRV/test/trim_executable_target_env.mlir	blob	100644	20e53b94e835af397c49a912970dac77eea48603
compiler/src/iree/compiler/Codegen/SPIRV/test/vectorize_conv.mlir	blob	100644	e4bf969ca2305416bffa7f906806c13973db0fc0
compiler/src/iree/compiler/Codegen/SPIRV/test/vectorize_elementwise_ops.mlir	blob	100644	6b69e75a00dafc7210ffbbbf79b14cedf1306359
compiler/src/iree/compiler/Codegen/SPIRV/test/vectorize_gather.mlir	blob	100644	c61c982740a174e8dca995b51bb96a7d68fd8a43
compiler/src/iree/compiler/Codegen/SPIRV/test/vectorize_load_store.mlir	blob	100644	810f15b4ea10c34409004199947e2982410246fc
compiler/src/iree/compiler/Codegen/SPIRV/test/vectorize_matmul.mlir	blob	100644	58d9c2bccd105c0a04320c3c9688ce8d15208514
compiler/src/iree/compiler/Codegen/SPIRV/test/vectorize_reduction.mlir	blob	100644	d2e0bbc4a049a741717fb10c42f5834aa60ffbc2
compiler/src/iree/compiler/Codegen/Transforms/AffineMinDistributedSCFCanonicalization.cpp	blob	100644	0c448c1c9c77692245d8ae820bf356e331ef03c9
compiler/src/iree/compiler/Codegen/Transforms/BUILD.bazel	blob	100644	a7e4bfca487c742f730d624bbcc5a71341acdf15
compiler/src/iree/compiler/Codegen/Transforms/CMakeLists.txt	blob	100644	cf1e12f46be6f70f8f7fafef5620e0588333fc04
compiler/src/iree/compiler/Codegen/Transforms/RemoveSingleIterationLoop.cpp	blob	100644	ba3b518752e7da1c251b8e76e2092c4c5aab65e8
compiler/src/iree/compiler/Codegen/Transforms/Transforms.cpp	blob	100644	cbec03fb7259c96ab2198d6a13cf1db4c90c448d
compiler/src/iree/compiler/Codegen/Transforms/Transforms.h	blob	100644	ad341dbd2cac9c1ceb87f79a6b15e39055fcb5dc
compiler/src/iree/compiler/Codegen/Utils/BUILD.bazel	blob	100644	8941cf0882e4f3d7f872506a81f9f7860a4f6d43
compiler/src/iree/compiler/Codegen/Utils/CMakeLists.txt	blob	100644	fffe4404de178c90b88fdacce45a743b89a944c9
compiler/src/iree/compiler/Codegen/Utils/CPUUtils.cpp	blob	100644	f5cb417f5e432959c40b586298c51d7149eef9d3
compiler/src/iree/compiler/Codegen/Utils/CPUUtils.h	blob	100644	cc8bba2a8af64eaf9629430f291c37a114eb5a05
compiler/src/iree/compiler/Codegen/Utils/CodegenOptions.cpp	blob	100644	ee721a75ca2a3427df2e8e315f1f567646db23f3
compiler/src/iree/compiler/Codegen/Utils/CodegenOptions.h	blob	100644	45871a801edcb7ab49247e1a7eb421b86d6350d4
compiler/src/iree/compiler/Codegen/Utils/CodegenPipelineOptions.cpp	blob	100644	2a4316524695d50f940be449e02ccd987937d2e7
compiler/src/iree/compiler/Codegen/Utils/CodegenPipelineOptions.h	blob	100644	87587a7b7cc3f5a28958f285fc6ae38daaf6d17b
compiler/src/iree/compiler/Codegen/Utils/EncodingUtils.cpp	blob	100644	3a7aaa6f8de3a47507ca4018b4ba3c375c4ca84b
compiler/src/iree/compiler/Codegen/Utils/EncodingUtils.h	blob	100644	ffcebc99cea4479c42dcd734ba0c980a56dcf38f
compiler/src/iree/compiler/Codegen/Utils/GPUUtils.cpp	blob	100644	deb88729a745f6cf5fe2589805f07d3853bf06d1
compiler/src/iree/compiler/Codegen/Utils/GPUUtils.h	blob	100644	9bc9bf7e5a2387bdfeefe1e4effa880e1149c608
compiler/src/iree/compiler/Codegen/Utils/LinalgOpInfo.cpp	blob	100644	70ed11c1b0936b11c5afd7b2b882f113aca09784
compiler/src/iree/compiler/Codegen/Utils/LinalgOpInfo.h	blob	100644	26de493f2466a2bc5c7f2ff6b977166185bb3d1c
compiler/src/iree/compiler/Codegen/Utils/LinkingUtils.cpp	blob	100644	f7563963b03645d7c5d683508ba50c375e9fa806
compiler/src/iree/compiler/Codegen/Utils/LinkingUtils.h	blob	100644	207599225b4fc5b9c89d5522d19c4641f392e437
compiler/src/iree/compiler/Codegen/Utils/MarkerUtils.cpp	blob	100644	12d68539d0e76eef2e4bcc375312c6a1c902d730
compiler/src/iree/compiler/Codegen/Utils/MarkerUtils.h	blob	100644	3d2325d42c38352fe4531b3c3fc3425327fb4424
compiler/src/iree/compiler/Codegen/Utils/SliceUtils.cpp	blob	100644	4f8c587d229fe558a1a67d24d4e28913e877498d
compiler/src/iree/compiler/Codegen/Utils/SliceUtils.h	blob	100644	7ec051e5d256d78dd208525d16a3d18b73fc5ae0
compiler/src/iree/compiler/Codegen/Utils/Utils.cpp	blob	100644	152eaa71fb7d680446fd3acb5ce91fb4634ce85f
compiler/src/iree/compiler/Codegen/Utils/Utils.h	blob	100644	782cee2331f6b08f6b4d0e2e1fb475f826bd94fd
compiler/src/iree/compiler/Codegen/Utils/VectorOpUtils.cpp	blob	100644	94cc749df9ba3553245b4adfda71d4a198feefa0
compiler/src/iree/compiler/Codegen/Utils/VectorOpUtils.h	blob	100644	35fafcf2111bd3f8dfb689dcfa9d41c683bf10da
compiler/src/iree/compiler/Codegen/VMVX/BUILD.bazel	blob	100644	a958d42c9d8f327537baf6cee4a400f4aa1fb9b5
compiler/src/iree/compiler/Codegen/VMVX/CMakeLists.txt	blob	100644	1c37af55be04dc0ad95b270f565d55dd890a73b0
compiler/src/iree/compiler/Codegen/VMVX/KernelDispatch.cpp	blob	100644	fa60c759ea5412ff751056b1f70502557d658989
compiler/src/iree/compiler/Codegen/VMVX/KernelDispatch.h	blob	100644	adf009df1a9e47612a3b61ec0fa7e61217be49a3
compiler/src/iree/compiler/Codegen/VMVX/Passes.cpp	blob	100644	c5b95f796b80ee5c8c9f5c1d2f381f60948c765d
compiler/src/iree/compiler/Codegen/VMVX/Passes.h	blob	100644	cf12f051b168dfb1bef382749dd8509db138db63
compiler/src/iree/compiler/Codegen/VMVX/Passes.td	blob	100644	db3f809bc9e42992e0d0188347b3c7f718676a51
compiler/src/iree/compiler/Codegen/VMVX/VMVXAssignConstantOrdinals.cpp	blob	100644	b34ac90c1b86dad31280a8d8ff409df7417582a6
compiler/src/iree/compiler/Codegen/VMVX/VMVXLinkExecutables.cpp	blob	100644	50edd73076cc8acb105802f1ae63bb98fe2275ed
compiler/src/iree/compiler/Codegen/VMVX/VMVXLowerExecutableTarget.cpp	blob	100644	ec45f4ff7c44aa58b39c95f26c2c5eedff26073a
compiler/src/iree/compiler/Codegen/VMVX/VMVXLowerLinalgMicrokernels.cpp	blob	100644	e10332582e6210406c9bbd955d6f0b4502911bde
compiler/src/iree/compiler/Codegen/VMVX/VMVXSelectLoweringStrategy.cpp	blob	100644	f5f9e8db0809ec11d61b54022b822139d0b001c4
compiler/src/iree/compiler/Codegen/VMVX/test/BUILD.bazel	blob	100644	e53027a3fb1abe1003cf3c8def444da4f4b2081f
compiler/src/iree/compiler/Codegen/VMVX/test/CMakeLists.txt	blob	100644	44e0b4a73e8ad2a0739339033436ed374da099a9
compiler/src/iree/compiler/Codegen/VMVX/test/assign_constant_ordinals.mlir	blob	100644	73e0c00a3c2cd339aa8623b6fe73d297ead4f9b6
compiler/src/iree/compiler/Codegen/VMVX/test/custom_pass_pipeline.mlir	blob	100644	18d2aba16845acf20aca83a2e1f19c5f5f82069d
compiler/src/iree/compiler/Codegen/VMVX/test/link_executables.mlir	blob	100644	ced828bbf5082d2c7c661f98d8545f644c113858
compiler/src/iree/compiler/Codegen/VMVX/test/lower_linalg_microkernels.mlir	blob	100644	215fbe7d3f5e14f2d099a080d1223f3adbc31b78
compiler/src/iree/compiler/Codegen/VMVX/test/pipeline.mlir	blob	100644	d684cff3491fddcccb8f92e9e12eee4a2e6452a7
compiler/src/iree/compiler/Codegen/VMVX/test/pipeline_full_smoketests.mlir	blob	100644	d50be741c0fd32e94c0140dc010792f3ad1b58e2
compiler/src/iree/compiler/Codegen/VMVX/test/select_lowering_strategy.mlir	blob	100644	f5fd73fe0e42472296de52ec2608117315d33a34
compiler/src/iree/compiler/Codegen/WGSL/BUILD.bazel	blob	100644	4be99989c92ec6e10b518982242fcb35dbe8fbf1
compiler/src/iree/compiler/Codegen/WGSL/CMakeLists.txt	blob	100644	9e9322f7b5846182edb8c09ceb91162a53cb5809
compiler/src/iree/compiler/Codegen/WGSL/Passes.cpp	blob	100644	f2dc2da59814b1ce0e6a74765eb7b5c420f51307
compiler/src/iree/compiler/Codegen/WGSL/Passes.h	blob	100644	b377d1dfe4509de0e05c347babb713e8e128ce18
compiler/src/iree/compiler/Codegen/WGSL/Passes.td	blob	100644	8746b0b3618e60e04f63ff2186a7f6a85e285b65
compiler/src/iree/compiler/Codegen/WGSL/test/BUILD.bazel	blob	100644	f9654b30949463bbfdcee4cda820839c16a712e9
compiler/src/iree/compiler/Codegen/WGSL/test/CMakeLists.txt	blob	100644	e65bcd681cdb6053c7b942387691de285b38379a
compiler/src/iree/compiler/ConstEval/BUILD.bazel	blob	100644	0f79f67753a3f02641693b70a4c02c636b946748
compiler/src/iree/compiler/ConstEval/CMakeLists.txt	blob	100644	b3c2206323535e6447d950dcb42b0ba8a19856ca
compiler/src/iree/compiler/ConstEval/JitGlobals.cpp	blob	100644	ba83ffa177e7f3db2b1e5aed9b898898f729b4dc
compiler/src/iree/compiler/ConstEval/Passes.cpp	blob	100644	c4462247718f15aa3d3343349ec28f514592cf12
compiler/src/iree/compiler/ConstEval/Passes.h	blob	100644	75747fe677ac7b3fff326219a7f64d5bb711175a
compiler/src/iree/compiler/ConstEval/Passes.td	blob	100644	4e17c5a4970ac0e485538ec76b510cc03ac578bd
compiler/src/iree/compiler/ConstEval/README.md	blob	100644	5b9571d07e18f6ca1f8360473971359dbbe1bd72
compiler/src/iree/compiler/ConstEval/Runtime.cpp	blob	100644	1affac279e57ffd1edc1d1868086360ff6d72a57
compiler/src/iree/compiler/ConstEval/Runtime.h	blob	100644	44e8a3c7b27df4ca761624d9c4a2967570de8cd3
compiler/src/iree/compiler/ConstEval/test/BUILD.bazel	blob	100644	0fe735d328821a5c30e2299e4c17037f883a1802
compiler/src/iree/compiler/ConstEval/test/CMakeLists.txt	blob	100644	86ba42276c168e7bca6aac7ad4cf0ed55d943b55
compiler/src/iree/compiler/ConstEval/test/compile_regressions.mlir	blob	100644	6361268b0c4ca79fb7f86c3d528585dba8c02ff0
compiler/src/iree/compiler/ConstEval/test/failing.mlir	blob	100644	372d6cff2019af869c8593009aa2f4276519d041
compiler/src/iree/compiler/ConstEval/test/jit_globals.mlir	blob	100644	c36cfdd4d2f35943b4b01b14eaf9a3ed9e6a45bf
compiler/src/iree/compiler/ConstEval/test/jit_globals_vmvx_errors.mlir	blob	100644	4026bf8ddefb73d5542dafd9a4bed987c9f3d5b0
compiler/src/iree/compiler/ConstEval/test/scalar_values.mlir	blob	100644	c0362b13607045ba5c54341ba8f64e6036af20d8
compiler/src/iree/compiler/Dialect/BUILD.bazel	blob	100644	236a474467251aef400aace1223bcd560190d2cc
compiler/src/iree/compiler/Dialect/CMakeLists.txt	blob	100644	068e3530a43fa5f154326c94c772046d35d34f07
compiler/src/iree/compiler/Dialect/Encoding/BUILD.bazel	blob	100644	7c309b6c0b246850f7854ca9f79ea01f6bbe6478
compiler/src/iree/compiler/Dialect/Encoding/CMakeLists.txt	blob	100644	0247cd837a6f4ada333fc7df17efe04b526c7ca7
compiler/src/iree/compiler/Dialect/Encoding/IR/BUILD.bazel	blob	100644	5eceffd7b330577c5df89674b83c99c4b5c717d3
compiler/src/iree/compiler/Dialect/Encoding/IR/CMakeLists.txt	blob	100644	26502e156027771852d50a8a461f87f3d20ba2a2
compiler/src/iree/compiler/Dialect/Encoding/IR/EncodingAttrs.cpp	blob	100644	850eb2be107452bd0e5d8c60f5a250cf620d140a
compiler/src/iree/compiler/Dialect/Encoding/IR/EncodingAttrs.td	blob	100644	d6ef38948c186e719034bc6f3d72af79e0ce6e2b
compiler/src/iree/compiler/Dialect/Encoding/IR/EncodingBase.td	blob	100644	e58a641eaac2eb2a59065ecda573b516d6fcf383
compiler/src/iree/compiler/Dialect/Encoding/IR/EncodingDialect.cpp	blob	100644	abbde6debfa9efa827d58f356ac5b39f4cbee310
compiler/src/iree/compiler/Dialect/Encoding/IR/EncodingDialect.h	blob	100644	7ff318f9cc839b32a03bafe04c067a98437a66cd
compiler/src/iree/compiler/Dialect/Encoding/IR/EncodingInterfaces.td	blob	100644	2da7d3ee30d7734dcdec16fded3b3872173ab1bf
compiler/src/iree/compiler/Dialect/Encoding/IR/EncodingOps.cpp	blob	100644	e4647a9573b74bd2e62371566507dbd584f7a781
compiler/src/iree/compiler/Dialect/Encoding/IR/EncodingOps.h	blob	100644	ec3bb774a4a83f7bbd039cde712fd804e2a1e7f8
compiler/src/iree/compiler/Dialect/Encoding/IR/EncodingOps.td	blob	100644	af6649e91bfd6817a0d3a2530f1408dcee369480
compiler/src/iree/compiler/Dialect/Encoding/IR/EncodingTypes.cpp	blob	100644	c13c325ab358c8b166290eb1c828ec3ac09016f4
compiler/src/iree/compiler/Dialect/Encoding/IR/EncodingTypes.h	blob	100644	ae41de277e7dfbe9de64171254c01d09ed3c9e8f
compiler/src/iree/compiler/Dialect/Encoding/IR/test/BUILD.bazel	blob	100644	18bbcfefa30089ad6598bbab346574158f34f16b
compiler/src/iree/compiler/Dialect/Encoding/IR/test/CMakeLists.txt	blob	100644	7e4861f5ae7fe76cc157c407e7865c712f7d6481
compiler/src/iree/compiler/Dialect/Encoding/IR/test/invalid.mlir	blob	100644	1549a7f9c643e40a755990865c29baf5f81b777f
compiler/src/iree/compiler/Dialect/Encoding/IR/test/roundtrip.mlir	blob	100644	5e726b719e29f675cd29fdf1cf461ac0b0311b42
compiler/src/iree/compiler/Dialect/Encoding/IR/unittests/BUILD.bazel	blob	100644	67c1bab6c19d0c10fbee0d008f7ce29591acfa11
compiler/src/iree/compiler/Dialect/Encoding/IR/unittests/CMakeLists.txt	blob	100644	03c8969a59ab0cfda3500f5583994de957f049bb
compiler/src/iree/compiler/Dialect/Encoding/IR/unittests/EncodingAttrTest.cpp	blob	100644	85d54ab09941bf38e4fc8a6840f48ae587f4508b
compiler/src/iree/compiler/Dialect/Encoding/Utils/BUILD.bazel	blob	100644	bae7e527fd434a5f21269f17027a80f3b338f2f3
compiler/src/iree/compiler/Dialect/Encoding/Utils/CMakeLists.txt	blob	100644	56c795ae5e119688e0919619e1ecfc7dfed31d05
compiler/src/iree/compiler/Dialect/Encoding/Utils/ElementPackingUtils.cpp	blob	100644	32f62df5c4a83054b89a82b0285339642f6d3f4e
compiler/src/iree/compiler/Dialect/Encoding/Utils/ElementPackingUtils.h	blob	100644	cf7c33e534d945808d9d13a3f26f4f4e203f0124
compiler/src/iree/compiler/Dialect/Encoding/Utils/Utils.cpp	blob	100644	50ecf39528bfb405b6695b48e973f57505c1b3db
compiler/src/iree/compiler/Dialect/Encoding/Utils/Utils.h	blob	100644	ebebfe299191bde6b6dc4ed73d5da8e41c3e7015
compiler/src/iree/compiler/Dialect/Flow/BUILD.bazel	blob	100644	236a474467251aef400aace1223bcd560190d2cc
compiler/src/iree/compiler/Dialect/Flow/CMakeLists.txt	blob	100644	61b1aeeccf75e390dc6e897c4969815cf78ba73d
compiler/src/iree/compiler/Dialect/Flow/Conversion/BUILD.bazel	blob	100644	f27d209ddf951681d534f8871a64ce56c0c6d521
compiler/src/iree/compiler/Dialect/Flow/Conversion/CMakeLists.txt	blob	100644	eba6d847809e12ad02b9b3f11edba1dc4276e648
compiler/src/iree/compiler/Dialect/Flow/Conversion/TensorToFlow/BUILD.bazel	blob	100644	bae59dbd439933d3473af617bc4e31d915b4d5d5
compiler/src/iree/compiler/Dialect/Flow/Conversion/TensorToFlow/CMakeLists.txt	blob	100644	dce6f224d447d272c34b32f62dd5f58f2957ee31
compiler/src/iree/compiler/Dialect/Flow/Conversion/TensorToFlow/Patterns.cpp	blob	100644	eaed0d57bc8e6a0fce642eaf42b9ef2de1f900a7
compiler/src/iree/compiler/Dialect/Flow/Conversion/TensorToFlow/Patterns.h	blob	100644	a0bb75b48128c61d3310c14500c3a430418e2a9b
compiler/src/iree/compiler/Dialect/Flow/Conversion/TensorToFlow/Utils.cpp	blob	100644	5f8520b9745c4d38ec8327415ddeaa12a5cf294f
compiler/src/iree/compiler/Dialect/Flow/Conversion/TensorToFlow/Utils.h	blob	100644	592277e9b28a505beda76e17c1f5ea0f7277ac57
compiler/src/iree/compiler/Dialect/Flow/Conversion/TensorToFlow/test/BUILD.bazel	blob	100644	c3164bbea997c31f2db70ecb7658c7b626dd96d3
compiler/src/iree/compiler/Dialect/Flow/Conversion/TensorToFlow/test/CMakeLists.txt	blob	100644	defd99578510be6288984a6369700f7ae8128e4c
compiler/src/iree/compiler/Dialect/Flow/Conversion/TensorToFlow/test/bitcast.mlir	blob	100644	77d98420f75e42abe98b7159da5c3f0332689cbb
compiler/src/iree/compiler/Dialect/Flow/Conversion/TensorToFlow/test/cast.mlir	blob	100644	d845ff215c2a53db95fc6b02f034520f8e5fdd55
compiler/src/iree/compiler/Dialect/Flow/Conversion/TensorToFlow/test/concat.mlir	blob	100644	5691c64724a2eed463a2e41d71459143658f5a31
compiler/src/iree/compiler/Dialect/Flow/Conversion/TensorToFlow/test/extract.mlir	blob	100644	e80dce12edff54d0df905fe19739cd28824076e6
compiler/src/iree/compiler/Dialect/Flow/Conversion/TensorToFlow/test/extract_slice.mlir	blob	100644	46726d5e15d2af39a1b0820f58407f627f13da97
compiler/src/iree/compiler/Dialect/Flow/Conversion/TensorToFlow/test/fill.mlir	blob	100644	0de39f08db9faaedb9d561ac764c12165788b9c2
compiler/src/iree/compiler/Dialect/Flow/Conversion/TensorToFlow/test/from_elements.mlir	blob	100644	087d0e3159b5813290086fc6f7be4aab593425d0
compiler/src/iree/compiler/Dialect/Flow/Conversion/TensorToFlow/test/insert.mlir	blob	100644	4da5998413e68b5aa615d3821fde9df42ebcba2d
compiler/src/iree/compiler/Dialect/Flow/Conversion/TensorToFlow/test/insert_slice.mlir	blob	100644	9da7d8d40887e1e836c768038af142200c5a5ccf
compiler/src/iree/compiler/Dialect/Flow/Conversion/TensorToFlow/test/reshape.mlir	blob	100644	900c35623290d6572d9f78bc787ff489b77762ca
compiler/src/iree/compiler/Dialect/Flow/IR/BUILD.bazel	blob	100644	65e4304312a5035160ed2df41b5e2e235bf18382
compiler/src/iree/compiler/Dialect/Flow/IR/CMakeLists.txt	blob	100644	bd21db1f71c0a7226a6ac34ce8c19ef66e8678d9
compiler/src/iree/compiler/Dialect/Flow/IR/FlowBase.td	blob	100644	6fd46ae4e96a769992f395dbc4d4c4a44c31d4c6
compiler/src/iree/compiler/Dialect/Flow/IR/FlowDialect.cpp	blob	100644	2e6f2979d9987a9b18832043611c6d2525766542
compiler/src/iree/compiler/Dialect/Flow/IR/FlowDialect.h	blob	100644	ea18ebffedc88d1f637d01c2266e4a50303f8085
compiler/src/iree/compiler/Dialect/Flow/IR/FlowInterfaces.td	blob	100644	dcb0b0fd5286182d8583fd01a09ec864de3a5539
compiler/src/iree/compiler/Dialect/Flow/IR/FlowOpFolders.cpp	blob	100644	bea682a78f14286bfc6c814f5af118eeb642249b
compiler/src/iree/compiler/Dialect/Flow/IR/FlowOps.cpp	blob	100644	3424195b3f664b933613cda38e53d8f848bf891b
compiler/src/iree/compiler/Dialect/Flow/IR/FlowOps.h	blob	100644	fb2a2371fc1933fe694b5f41be70d3d2be0a6649
compiler/src/iree/compiler/Dialect/Flow/IR/FlowOps.td	blob	100644	ab33a435eb1164b73a90b83c31768759988f83d0
compiler/src/iree/compiler/Dialect/Flow/IR/FlowTypes.cpp	blob	100644	63971aa4cd2f689d9da648cd919bdcdc42920028
compiler/src/iree/compiler/Dialect/Flow/IR/FlowTypes.h	blob	100644	a9b55e15f7163a43a20b57d1ca2a98f75321ebf6
compiler/src/iree/compiler/Dialect/Flow/IR/test/BUILD.bazel	blob	100644	aae79bb2b41c3f0b78e0eada32cbb361f87835f0
compiler/src/iree/compiler/Dialect/Flow/IR/test/CMakeLists.txt	blob	100644	8cadc44f580df3f09dc93706d7306bee753bfa48
compiler/src/iree/compiler/Dialect/Flow/IR/test/call_ops.mlir	blob	100644	f35b86457778a5aa1cfce82009b404631c2b9579
compiler/src/iree/compiler/Dialect/Flow/IR/test/dispatch_folding.mlir	blob	100644	9ede07b4a15e5945f2afa1393c3886d0428c4b1f
compiler/src/iree/compiler/Dialect/Flow/IR/test/dispatch_ops.mlir	blob	100644	e93668633167653c265ecf1811158e89130cdd2d
compiler/src/iree/compiler/Dialect/Flow/IR/test/executable_ops.mlir	blob	100644	31c3cd499d65e7fea1568e0f974616242f67fac8
compiler/src/iree/compiler/Dialect/Flow/IR/test/parameter_ops.mlir	blob	100644	839338523c8ab90c7c6df4b65406119650bfd97e
compiler/src/iree/compiler/Dialect/Flow/IR/test/resolve_dim_ops.mlir	blob	100644	b73887e294225169c8c74b07127745ea35cc3ab4
compiler/src/iree/compiler/Dialect/Flow/IR/test/tensor_folding.mlir	blob	100644	aa6916363ca3bf617cf7f28363a9bd4c8f7abaf3
compiler/src/iree/compiler/Dialect/Flow/IR/test/tensor_ops.mlir	blob	100644	bd855db50b79f70a546e574e6c1e8b782889e2e7
compiler/src/iree/compiler/Dialect/Flow/IR/test/types.mlir	blob	100644	b7f91888554d1afc091bf45884c519b3f1e975b7
compiler/src/iree/compiler/Dialect/Flow/TransformExtensions/BUILD.bazel	blob	100644	98eb5921c6c97760725e34447da41ba0bce91b0e
compiler/src/iree/compiler/Dialect/Flow/TransformExtensions/CMakeLists.txt	blob	100644	66fe9c2cb575fec1723c56fb8a06e144239eed3d
compiler/src/iree/compiler/Dialect/Flow/TransformExtensions/FlowExtensions.cpp	blob	100644	91eb03c01a54ba6429e698ba17914240beb9b60a
compiler/src/iree/compiler/Dialect/Flow/TransformExtensions/FlowExtensions.h	blob	100644	a30b170d7558e3b7fe76d6da4a6e1c32afac3e27
compiler/src/iree/compiler/Dialect/Flow/TransformExtensions/FlowExtensionsOps.td	blob	100644	2fef289bd58bc34a600e63506688e00af210eb03
compiler/src/iree/compiler/Dialect/Flow/Transforms/AnnotateDispatches.cpp	blob	100644	7d6dd504107fc374acf6e52b84a9ee1f65fbeb85
compiler/src/iree/compiler/Dialect/Flow/Transforms/BUILD.bazel	blob	100644	7d715b0cfa44918fcef2a9364fae5f5edbd77eec
compiler/src/iree/compiler/Dialect/Flow/Transforms/CMakeLists.txt	blob	100644	dd7c616231f2694bb9600bfb32cacd95cc0bff32
compiler/src/iree/compiler/Dialect/Flow/Transforms/Canonicalize.cpp	blob	100644	eb526e0e85d931af7985b5e5c0adbc7c5dd933bb
compiler/src/iree/compiler/Dialect/Flow/Transforms/CaptureDynamicDims.cpp	blob	100644	768bf774cb6823ef7831f056a7e68ad63b49c689
compiler/src/iree/compiler/Dialect/Flow/Transforms/CleanupTensorShapes.cpp	blob	100644	4fec8f05eb6e70e398686c8d1d6b11a944c0816f
compiler/src/iree/compiler/Dialect/Flow/Transforms/ConvertRegionToWorkgroups.cpp	blob	100644	ba8cb830a706199862befe6aca811ac4326bd381
compiler/src/iree/compiler/Dialect/Flow/Transforms/ConvertRegionToWorkgroups.h	blob	100644	9259641e541317ffc952ecb520e492349db0c817
compiler/src/iree/compiler/Dialect/Flow/Transforms/ConvertToFlow.cpp	blob	100644	6c10442b6f8dc88c908245acdcf49729b9b4943d
compiler/src/iree/compiler/Dialect/Flow/Transforms/DeduplicateExecutables.cpp	blob	100644	e76352da21cf5fe78b7c4090a448c8db7cfbf7ab
compiler/src/iree/compiler/Dialect/Flow/Transforms/DumpDispatchGraph.cpp	blob	100644	1f05d356b691c8001586935162385f329b16c425
compiler/src/iree/compiler/Dialect/Flow/Transforms/ExportBenchmarkFuncs.cpp	blob	100644	b690dd5afed4747e5718221524da0309e6ab5910
compiler/src/iree/compiler/Dialect/Flow/Transforms/FormDispatchRegions.cpp	blob	100644	5f830e2feb07506bbcd00256cba717ce69ce370a
compiler/src/iree/compiler/Dialect/Flow/Transforms/FormDispatchRegions.h	blob	100644	1614cc037214f8026a58edc1de32da8bf3ede2ef
compiler/src/iree/compiler/Dialect/Flow/Transforms/InitializeEmptyTensors.cpp	blob	100644	bddd3edb9c7f477c8df36cfe3ca99b6f1c77093b
compiler/src/iree/compiler/Dialect/Flow/Transforms/InjectDispatchTracing.cpp	blob	100644	82270618268c67e8f8d540d24cb0710a5306b8ba
compiler/src/iree/compiler/Dialect/Flow/Transforms/InjectTensorTracing.cpp	blob	100644	e78c778ad2bd9666254c137c771293c9f267fbb9
compiler/src/iree/compiler/Dialect/Flow/Transforms/InsertDispatchDebugTargets.cpp	blob	100644	f69d2ea227f0678564fecabd0d1ec6d5fc3f8ccf
compiler/src/iree/compiler/Dialect/Flow/Transforms/OutlineConstants.cpp	blob	100644	7227821b6a8c064d0725cfd6f556b9a092e20072
compiler/src/iree/compiler/Dialect/Flow/Transforms/OutlineDispatchExterns.cpp	blob	100644	fbeb86498eea3c3e0ed2d6ec4a7dcf9110b43608
compiler/src/iree/compiler/Dialect/Flow/Transforms/OutlineDispatchRegions.cpp	blob	100644	8a07b17fa9d48e9ad19400108c004e256523ebe6
compiler/src/iree/compiler/Dialect/Flow/Transforms/Passes.cpp	blob	100644	412f8c8e99039898d0efad2e4c12c0c2ffaa83b1
compiler/src/iree/compiler/Dialect/Flow/Transforms/Passes.h	blob	100644	50e855d0e8aebdf7ce011393eb43e9949567945b
compiler/src/iree/compiler/Dialect/Flow/Transforms/Passes.td	blob	100644	e19f52c74b8ca918d15c8a683a9da654a4e6b2be
compiler/src/iree/compiler/Dialect/Flow/Transforms/RegionOpUtils.cpp	blob	100644	2dcd0b0fe538afa8ed7c875e96695fbf41e08f48
compiler/src/iree/compiler/Dialect/Flow/Transforms/RegionOpUtils.h	blob	100644	10a89f41a3d850d89910992729c53d198b947c17
compiler/src/iree/compiler/Dialect/Flow/Transforms/ReplicateGlobalsPerAffinity.cpp	blob	100644	2742473d443df94a399de8850fd42a24c2bbf576
compiler/src/iree/compiler/Dialect/Flow/Transforms/TopLevelSCFToCFG.cpp	blob	100644	99a2da31d4134305bd8fa164a1c6b116d6cdc275
compiler/src/iree/compiler/Dialect/Flow/Transforms/VerifyInputLegality.cpp	blob	100644	7621b85a8629454717ab9a313d911cf987bdc6e9
compiler/src/iree/compiler/Dialect/Flow/Transforms/test/BUILD.bazel	blob	100644	cfa0a91985f94894b9fa501969bfd7d378fec9b5
compiler/src/iree/compiler/Dialect/Flow/Transforms/test/CMakeLists.txt	blob	100644	b8829651d6795f6cf8484ea1b2d47190cf8771cb
compiler/src/iree/compiler/Dialect/Flow/Transforms/test/annotate_dispatches.mlir	blob	100644	203dc7e819cd2daf2348407d8a1c24f2c235324a
compiler/src/iree/compiler/Dialect/Flow/Transforms/test/canonicalize.mlir	blob	100644	a8efeadb7b28c5c3437a3a683f1bde4152c47a83
compiler/src/iree/compiler/Dialect/Flow/Transforms/test/capture_dispatch_dynamic_dims.mlir	blob	100644	b9c5e96db48c0b803b101a42e064857e995803be
compiler/src/iree/compiler/Dialect/Flow/Transforms/test/capture_scf_for_dynamic_dims.mlir	blob	100644	a174a76bd627f06800f654e24371ea37673a553b
compiler/src/iree/compiler/Dialect/Flow/Transforms/test/cleanup_tensor_shapes.mlir	blob	100644	d7963e60c829c0ccffc85ee92b2bbe82135c2bd9
compiler/src/iree/compiler/Dialect/Flow/Transforms/test/deduplicate_executables.mlir	blob	100644	4213389f8ef1dfe867f2d9bc055cfe9e4202c112
compiler/src/iree/compiler/Dialect/Flow/Transforms/test/export_benchmark_funcs.mlir	blob	100644	4f5ad49f3d0298be9b59d9d6454c85b4805dc128
compiler/src/iree/compiler/Dialect/Flow/Transforms/test/initialize_empty_tensors.mlir	blob	100644	95fdf710466fd0830e66ccd3f729154b0982970b
compiler/src/iree/compiler/Dialect/Flow/Transforms/test/inject_dispatch_tracing.mlir	blob	100644	86efa5206c5f8b216f12dec52698424c29266baf
compiler/src/iree/compiler/Dialect/Flow/Transforms/test/inject_tensor_tracing.mlir	blob	100644	f03084b647b236510f177732aa86b200a6767546
compiler/src/iree/compiler/Dialect/Flow/Transforms/test/insert_dispatch_debug_targets.mlir	blob	100644	b2f3c8c231c7b0f912ca0c0d8cdba95fbad663cb
compiler/src/iree/compiler/Dialect/Flow/Transforms/test/outline_constants.mlir	blob	100644	57304a122cf2a2dc6c107b656a7a5566e401358b
compiler/src/iree/compiler/Dialect/Flow/Transforms/test/outline_dispatch_externs.mlir	blob	100644	d29588994a401f2c0851b64ae9f148829da31654
compiler/src/iree/compiler/Dialect/Flow/Transforms/test/outline_dispatch_regions.mlir	blob	100644	4049079efc460c8876a8df0ede6e39b19b8d5164
compiler/src/iree/compiler/Dialect/Flow/Transforms/test/pipeline_tests.mlir	blob	100644	af57faa9e5fed95f78abdfc18cef5a452ffa4ba8
compiler/src/iree/compiler/Dialect/Flow/Transforms/test/replicate_globals_per_affinity.mlir	blob	100644	c538a0f54e869ecf2432ce17653bde8fa76457f4
compiler/src/iree/compiler/Dialect/Flow/Transforms/test/top_level_scf_to_cfg.mlir	blob	100644	6d3bd9f071c89dfda9067d8cf7f8f694601bc206
compiler/src/iree/compiler/Dialect/Flow/Transforms/test/verify_input_ir.mlir	blob	100644	eac96d898078b57b1158f884fbecc1c5bb8afe04
compiler/src/iree/compiler/Dialect/HAL/Analysis/Attributes/BUILD.bazel	blob	100644	46e9053e41ce60b44ee49d2bbc01f557baacf3dd
compiler/src/iree/compiler/Dialect/HAL/Analysis/Attributes/CMakeLists.txt	blob	100644	8be479f39809d12143f8228a439315d606a405f5
compiler/src/iree/compiler/Dialect/HAL/Analysis/Attributes/DeviceGlobalPVS.cpp	blob	100644	8e96e9797d576d128b3183dca08d9356420f98c8
compiler/src/iree/compiler/Dialect/HAL/Analysis/Attributes/DeviceGlobalPVS.h	blob	100644	10864d654f24ca6d8edf613122042b55f4c8694a
compiler/src/iree/compiler/Dialect/HAL/Analysis/Attributes/DeviceTargetPVS.cpp	blob	100644	8ff771ea4150ab399b1e14c8e992433ce04630c6
compiler/src/iree/compiler/Dialect/HAL/Analysis/Attributes/DeviceTargetPVS.h	blob	100644	f1b220f2c4ff997a3abbf469e0a18462da5658b7
compiler/src/iree/compiler/Dialect/HAL/Analysis/BUILD.bazel	blob	100644	8e915f2cbc18941d4b49c59fcc8943cdca25b32d
compiler/src/iree/compiler/Dialect/HAL/Analysis/BindingLayout.cpp	blob	100644	7ec878e28e8b4fcd60193982c33b57e0dbffb573
compiler/src/iree/compiler/Dialect/HAL/Analysis/BindingLayout.h	blob	100644	50f17d9be5a0df90992361623996bbee7cbbcd1a
compiler/src/iree/compiler/Dialect/HAL/Analysis/CMakeLists.txt	blob	100644	e449300b9fb82423bfe3b2bca05b9ff9f585a1ce
compiler/src/iree/compiler/Dialect/HAL/Analysis/Captures.cpp	blob	100644	16f1aeede6bd60cc7f110536e402034d5f9a169b
compiler/src/iree/compiler/Dialect/HAL/Analysis/Captures.h	blob	100644	2e7e152c45d623485ffcaa63b1cbde68525bfc92
compiler/src/iree/compiler/Dialect/HAL/Analysis/DeviceAnalysis.cpp	blob	100644	2ee1e2fc55118d9f2a2143bf0f5eed50f5648dbc
compiler/src/iree/compiler/Dialect/HAL/Analysis/DeviceAnalysis.h	blob	100644	9136678c5cf7bf4ca3ff06a377b5dbf1d4c326b6
compiler/src/iree/compiler/Dialect/HAL/Analysis/DeviceSet.cpp	blob	100644	042f1aae391575d3b53d0281892081f8c38c7782
compiler/src/iree/compiler/Dialect/HAL/Analysis/DeviceSet.h	blob	100644	d101db48bc4971a4324fc53a8f41e0035e80eac2
compiler/src/iree/compiler/Dialect/HAL/BUILD.bazel	blob	100644	c25e7def209306a67b46ba48102583b82a122d1b
compiler/src/iree/compiler/Dialect/HAL/CMakeLists.txt	blob	100644	f0a749d3ff5fdcd6b6dd50e6dc55d334437bf940
compiler/src/iree/compiler/Dialect/HAL/Conversion/BUILD.bazel	blob	100644	4d44c8df0e1724b1ab86d4a58aa4dec2186cc687
compiler/src/iree/compiler/Dialect/HAL/Conversion/CMakeLists.txt	blob	100644	84886aee190ff47497b16f25d0f9a0efa5adcf8c
compiler/src/iree/compiler/Dialect/HAL/Conversion/ConversionDialectInterface.h	blob	100644	4b66ce27d0900cea30c40412a48d7dc035376a36
compiler/src/iree/compiler/Dialect/HAL/Conversion/ConversionTarget.cpp	blob	100644	a8f6c386c51cbf779fbfc350f3c6a1d0fd827f44
compiler/src/iree/compiler/Dialect/HAL/Conversion/ConversionTarget.h	blob	100644	1d80dc1b6615b2f24bff061837900b0527c211af
compiler/src/iree/compiler/Dialect/HAL/Conversion/HALToHAL/BUILD.bazel	blob	100644	d3c33fb3ea48162500ea975345a864639ffce64e
compiler/src/iree/compiler/Dialect/HAL/Conversion/HALToHAL/CMakeLists.txt	blob	100644	832a19d91937793d1819f9ff8ad563f474f83eca
compiler/src/iree/compiler/Dialect/HAL/Conversion/HALToHAL/Patterns.cpp	blob	100644	59b12a0af6d1bffc4780c221c05ed9c7ee124f64
compiler/src/iree/compiler/Dialect/HAL/Conversion/HALToHAL/Patterns.h	blob	100644	7fe439b6fcbac7cba6913d49dfe66e062fd110cc
compiler/src/iree/compiler/Dialect/HAL/Conversion/HALToHAL/test/BUILD.bazel	blob	100644	a4085ef63ddd40e0d8f8ad5bbb95c50529123ebd
compiler/src/iree/compiler/Dialect/HAL/Conversion/HALToHAL/test/CMakeLists.txt	blob	100644	675710985b501c79f2ef9d250ca15e559d8db287
compiler/src/iree/compiler/Dialect/HAL/Conversion/HALToHAL/test/device_ops.mlir	blob	100644	44fb128b5a5bd57be452ec395bf69c4f580d9e5c
compiler/src/iree/compiler/Dialect/HAL/Conversion/HALToHAL/test/pseudo_ops.mlir	blob	100644	e1878437d24278d77044845c48f5124ca935c365
compiler/src/iree/compiler/Dialect/HAL/Conversion/HALToVM/BUILD.bazel	blob	100644	8ec2d01372d24d5cba52315037714151e0d61c82
compiler/src/iree/compiler/Dialect/HAL/Conversion/HALToVM/CMakeLists.txt	blob	100644	b85883815ba47f9f76d32a6f64960071f85e6cfe
compiler/src/iree/compiler/Dialect/HAL/Conversion/HALToVM/ConvertAllocatorOps.cpp	blob	100644	62d05f04a6c526373024a4dd8e3cadc1dcaab07b
compiler/src/iree/compiler/Dialect/HAL/Conversion/HALToVM/ConvertBufferOps.cpp	blob	100644	39d90290e7c5a3bba83db98f765b75b151690c2e
compiler/src/iree/compiler/Dialect/HAL/Conversion/HALToVM/ConvertBufferViewOps.cpp	blob	100644	6689763af309b7aa3be93ba4c864f9cf4765db67
compiler/src/iree/compiler/Dialect/HAL/Conversion/HALToVM/ConvertChannelOps.cpp	blob	100644	e72cfddfd5473a38d158976bb2adbc4c39ae072f
compiler/src/iree/compiler/Dialect/HAL/Conversion/HALToVM/ConvertCommandBufferOps.cpp	blob	100644	bc85f199348f9cb1eed24d18da2ed4587c72a35e
compiler/src/iree/compiler/Dialect/HAL/Conversion/HALToVM/ConvertDeviceOps.cpp	blob	100644	82cd2872c849066a46d28acc400025541f885c37
compiler/src/iree/compiler/Dialect/HAL/Conversion/HALToVM/ConvertDevicesOps.cpp	blob	100644	266233dfff798b45f7005a3d3b2d2d409ea281f3
compiler/src/iree/compiler/Dialect/HAL/Conversion/HALToVM/ConvertExecutableOps.cpp	blob	100644	ea40ce08225da7c16623461d385b29ab4af04a00
compiler/src/iree/compiler/Dialect/HAL/Conversion/HALToVM/ConvertExperimentalOps.cpp	blob	100644	b8bc13d0aed88cb8915ec74d091bdf96458c8d5e
compiler/src/iree/compiler/Dialect/HAL/Conversion/HALToVM/ConvertFenceOps.cpp	blob	100644	b35668a4b858be51d3d631122077465a86325148
compiler/src/iree/compiler/Dialect/HAL/Conversion/HALToVM/Patterns.cpp	blob	100644	9f134e06b88244761449fe39ed0c00ef0c1b33ef
compiler/src/iree/compiler/Dialect/HAL/Conversion/HALToVM/Patterns.h	blob	100644	ee20b3f737d12a14cb00cd8a116eea631e70c501
compiler/src/iree/compiler/Dialect/HAL/Conversion/HALToVM/test/BUILD.bazel	blob	100644	0a16a83b5434c02b27ffe8518fe993b2949d7a56
compiler/src/iree/compiler/Dialect/HAL/Conversion/HALToVM/test/CMakeLists.txt	blob	100644	b65d9cf77967144e16d155880a6e9503d8755f85
compiler/src/iree/compiler/Dialect/HAL/Conversion/HALToVM/test/allocator_ops.mlir	blob	100644	1436ef7e084dac68644cd052699984ae3e2aa79f
compiler/src/iree/compiler/Dialect/HAL/Conversion/HALToVM/test/buffer_ops.mlir	blob	100644	5b9a6e97cc2fb3f660d8027849b9959f9c7c91db
compiler/src/iree/compiler/Dialect/HAL/Conversion/HALToVM/test/buffer_view_ops.mlir	blob	100644	9eaae9dba926712b23da97ffd438572a5c18ca7e
compiler/src/iree/compiler/Dialect/HAL/Conversion/HALToVM/test/channel_ops.mlir	blob	100644	658e28e09ffafc8bc6f7a618b742ac9c3f3b86ef
compiler/src/iree/compiler/Dialect/HAL/Conversion/HALToVM/test/command_buffer_ops.mlir	blob	100644	1bd04e7d7148243d85f5196561fe5cb7b884556e
compiler/src/iree/compiler/Dialect/HAL/Conversion/HALToVM/test/device_ops.mlir	blob	100644	d119a29236b0c63a9a8604468504d620e13efa70
compiler/src/iree/compiler/Dialect/HAL/Conversion/HALToVM/test/devices_ops.mlir	blob	100644	60429a98f9d4e070b6a636f7e2a3c3aa73d1212f
compiler/src/iree/compiler/Dialect/HAL/Conversion/HALToVM/test/executable_ops.mlir	blob	100644	ca1860fcc80a07260c224d6fcfdfdaa4084ca654
compiler/src/iree/compiler/Dialect/HAL/Conversion/HALToVM/test/fence_ops.mlir	blob	100644	4ff8d662be843984528d04829f531133387a8b4b
compiler/src/iree/compiler/Dialect/HAL/Conversion/StandardToHAL/BUILD.bazel	blob	100644	0043820cb4645282bf0c3afe599821a8cb0c0006
compiler/src/iree/compiler/Dialect/HAL/Conversion/StandardToHAL/CMakeLists.txt	blob	100644	b9ba1f4f0f770c73316fd952a0960c558323e14c
compiler/src/iree/compiler/Dialect/HAL/Conversion/StandardToHAL/ConvertShapeOps.cpp	blob	100644	e01ab011a9cb75707b4722414bdca6449a20b34c
compiler/src/iree/compiler/Dialect/HAL/Conversion/StandardToHAL/Patterns.cpp	blob	100644	0acc2285ee15c72902a0e8e9286cc4c399975aac
compiler/src/iree/compiler/Dialect/HAL/Conversion/StandardToHAL/Patterns.h	blob	100644	50211ba59ee96929fd10c4e44bc256ac27ba87c5
compiler/src/iree/compiler/Dialect/HAL/Conversion/StandardToHAL/test/BUILD.bazel	blob	100644	853292ccd18f1080a8cb2c31fa37b1b6e782d45f
compiler/src/iree/compiler/Dialect/HAL/Conversion/StandardToHAL/test/CMakeLists.txt	blob	100644	e7b8acbb26ef5e8678191bc2f5dbe274fb0d1fad
compiler/src/iree/compiler/Dialect/HAL/Conversion/StandardToHAL/test/shape_ops.mlir	blob	100644	d0f59e1bf26e521ff00e8f4643774ac6b076a4f9
compiler/src/iree/compiler/Dialect/HAL/Conversion/StreamToHAL/BUILD.bazel	blob	100644	6ea29a5f31be27a4cf1f9b6c5cecba53f8b2ffd6
compiler/src/iree/compiler/Dialect/HAL/Conversion/StreamToHAL/CMakeLists.txt	blob	100644	688da14e9a78858aabeaf4378492323d83c0cd74
compiler/src/iree/compiler/Dialect/HAL/Conversion/StreamToHAL/Patterns.cpp	blob	100644	7282c25e70d4b643cf45b944e3d7f447429d28de
compiler/src/iree/compiler/Dialect/HAL/Conversion/StreamToHAL/Patterns.h	blob	100644	8ee60aeeae05226a4000785594ce21266d83ea55
compiler/src/iree/compiler/Dialect/HAL/Conversion/StreamToHAL/Utils.cpp	blob	100644	f4835bf669bc6b90a7293f94e2a7113ba1b012b3
compiler/src/iree/compiler/Dialect/HAL/Conversion/StreamToHAL/Utils.h	blob	100644	c3bcc4d7a8a3f6cb0e59c5002d391569b044f50d
compiler/src/iree/compiler/Dialect/HAL/Conversion/StreamToHAL/test/BUILD.bazel	blob	100644	c91e92dab276e9b14a5e62db23bbe8fc4fe1c066
compiler/src/iree/compiler/Dialect/HAL/Conversion/StreamToHAL/test/CMakeLists.txt	blob	100644	b273190ba86a961df2676c47de489c8122c30865
compiler/src/iree/compiler/Dialect/HAL/Conversion/StreamToHAL/test/channel_ops.mlir	blob	100644	b5ac8cfc339e093718a97fe763665144c9be494c
compiler/src/iree/compiler/Dialect/HAL/Conversion/StreamToHAL/test/cmd_ops.mlir	blob	100644	57e118bfb18c38e2a6d36b30c8cd7b913cd6cdd3
compiler/src/iree/compiler/Dialect/HAL/Conversion/StreamToHAL/test/context_ops.mlir	blob	100644	c60d0daf71af90d38cbf1feea6a921b6653c843a
compiler/src/iree/compiler/Dialect/HAL/Conversion/StreamToHAL/test/debug_ops.mlir	blob	100644	3e3e984ff224d66bf5f70f688b19b14977f1e433
compiler/src/iree/compiler/Dialect/HAL/Conversion/StreamToHAL/test/file_ops.mlir	blob	100644	40ee74f8650324d6fb7d6881660bd6d497b0076a
compiler/src/iree/compiler/Dialect/HAL/Conversion/StreamToHAL/test/resource_ops.mlir	blob	100644	cb537fa884a996d4312e9dd31b6d0f9d5d76f1eb
compiler/src/iree/compiler/Dialect/HAL/Conversion/StreamToHAL/test/timepoint_ops.mlir	blob	100644	bb0223472c262c87dba13aa83dd993677a05f8e8
compiler/src/iree/compiler/Dialect/HAL/Conversion/StreamToHAL/test/transfer_ops.mlir	blob	100644	5805f7114e9aab73e61f2399d421246914d7cbd8
compiler/src/iree/compiler/Dialect/HAL/Conversion/TypeConverter.cpp	blob	100644	9127ef521eca2cce89c00816b42b3a085f1a2c49
compiler/src/iree/compiler/Dialect/HAL/Conversion/TypeConverter.h	blob	100644	2f062490f529d723fa59e129717057a4d1e83fcc
compiler/src/iree/compiler/Dialect/HAL/Conversion/UtilToHAL/BUILD.bazel	blob	100644	e0ee61821190bf58cca17cddfee3d0e1fdd3e397
compiler/src/iree/compiler/Dialect/HAL/Conversion/UtilToHAL/CMakeLists.txt	blob	100644	3a79f0b34f443ebaca455797c6b0b8dab562a39a
compiler/src/iree/compiler/Dialect/HAL/Conversion/UtilToHAL/Patterns.cpp	blob	100644	d63e04af502da22e42abf21d298d3b6ae800d6db
compiler/src/iree/compiler/Dialect/HAL/Conversion/UtilToHAL/Patterns.h	blob	100644	a63f4f55183e7fdfa713f171ac5011af1e284b1f
compiler/src/iree/compiler/Dialect/HAL/Conversion/UtilToHAL/test/BUILD.bazel	blob	100644	f35d67c7b58bf6ba299eaa7a39458dbcbc4e2130
compiler/src/iree/compiler/Dialect/HAL/Conversion/UtilToHAL/test/CMakeLists.txt	blob	100644	ef0b95b1b539de29ca98d7bd8bbe1b66ca969100
compiler/src/iree/compiler/Dialect/HAL/Conversion/UtilToHAL/test/global_ops.mlir	blob	100644	0686f0ec51615aae4634ea1037002e5a0cbd8e59
compiler/src/iree/compiler/Dialect/HAL/IR/BUILD.bazel	blob	100644	b5a041da63e1459b44afa790bdf1a48fd876dd44
compiler/src/iree/compiler/Dialect/HAL/IR/CMakeLists.txt	blob	100644	801893ec27d7dd4d2227f39923ed5daeb4c1a1f7
compiler/src/iree/compiler/Dialect/HAL/IR/HALAttrs.cpp	blob	100644	8e8aeb675eb7fa683158af1e1b7d8e21178d7c6e
compiler/src/iree/compiler/Dialect/HAL/IR/HALAttrs.td	blob	100644	b35a9c095731532865cb9e758bc69a3f9f818969
compiler/src/iree/compiler/Dialect/HAL/IR/HALBase.td	blob	100644	50d4019bd8df20babc44644bb863848a282decad
compiler/src/iree/compiler/Dialect/HAL/IR/HALDialect.cpp	blob	100644	0dbba399bb15d1534a3f2726776e79a5fbc584d3
compiler/src/iree/compiler/Dialect/HAL/IR/HALDialect.h	blob	100644	8f57cd35a792d8032a820cd50e9c065c182acd0c
compiler/src/iree/compiler/Dialect/HAL/IR/HALDialect.td	blob	100644	48ca8853d5d1271048a7a9f903b30179eb98742d
compiler/src/iree/compiler/Dialect/HAL/IR/HALInterfaces.td	blob	100644	cc183dd56a0c1be834c8f8dfadf6151231cb422f
compiler/src/iree/compiler/Dialect/HAL/IR/HALOpFolders.cpp	blob	100644	2407bee47c5fef3c8d6ac065ab2fc54f8ae15044
compiler/src/iree/compiler/Dialect/HAL/IR/HALOps.cpp	blob	100644	c5f3d97ec1591b2c0b57dda2decc379da6a32d5e
compiler/src/iree/compiler/Dialect/HAL/IR/HALOps.h	blob	100644	08560144475d2634e19fa5700e52126c658b25b0
compiler/src/iree/compiler/Dialect/HAL/IR/HALOps.td	blob	100644	3460f27b59f2a9ff3139ca9c599fe305ee304391
compiler/src/iree/compiler/Dialect/HAL/IR/HALTraits.h	blob	100644	3964443c73d86ee28769f231d0c04439b42e4e66
compiler/src/iree/compiler/Dialect/HAL/IR/HALTypes.cpp	blob	100644	340677b79dc550bd1a8d77fcb93b9e4a3f2e4bc9
compiler/src/iree/compiler/Dialect/HAL/IR/HALTypes.h	blob	100644	27215d58d2437ced8b893e2ff6d731feef711dcb
compiler/src/iree/compiler/Dialect/HAL/IR/HALTypes.td	blob	100644	65dc9f242bbd888d0c09112b0206eb0478193153
compiler/src/iree/compiler/Dialect/HAL/IR/test/BUILD.bazel	blob	100644	18609d466992dd5a2670dfaf4d2a5639f8852686
compiler/src/iree/compiler/Dialect/HAL/IR/test/CMakeLists.txt	blob	100644	5cdca3a324da05b5fcdf78d78fe3f8bbaed5dcf5
compiler/src/iree/compiler/Dialect/HAL/IR/test/allocator_folding.mlir	blob	100644	ee891567ef84adea74debdba1a6a3715fd652cdd
compiler/src/iree/compiler/Dialect/HAL/IR/test/allocator_ops.mlir	blob	100644	0fc2f9c9c4cb6b6a7a98bae2679e5822a7b68a72
compiler/src/iree/compiler/Dialect/HAL/IR/test/attributes.mlir	blob	100644	5a967800fc21e21aa06323dd61107d67a31fb7a9
compiler/src/iree/compiler/Dialect/HAL/IR/test/buffer_ops.mlir	blob	100644	4d4ad64b7872884d665bf0fb4872216bb84c971e
compiler/src/iree/compiler/Dialect/HAL/IR/test/buffer_view_folding.mlir	blob	100644	ec228794eac53d8c089d6a61be64bd9ef916a074
compiler/src/iree/compiler/Dialect/HAL/IR/test/buffer_view_ops.mlir	blob	100644	df6848af086f0673db5e365385514e3fae7803b1
compiler/src/iree/compiler/Dialect/HAL/IR/test/channel_ops.mlir	blob	100644	4a1ee1f38c2ec9755610982769d11418d0261cc8
compiler/src/iree/compiler/Dialect/HAL/IR/test/command_buffer_folding.mlir	blob	100644	a7f2fc5b3244c6df006c6bb54b7432acdc493d67
compiler/src/iree/compiler/Dialect/HAL/IR/test/command_buffer_ops.mlir	blob	100644	357fee3fd45592cc95bace121125a06dafedac32
compiler/src/iree/compiler/Dialect/HAL/IR/test/device_folding.mlir	blob	100644	6738c5a25058012d35c632a079f63e6ae9072da1
compiler/src/iree/compiler/Dialect/HAL/IR/test/device_ops.mlir	blob	100644	c810164314ee24ef3b0dbd05bd74911452decac0
compiler/src/iree/compiler/Dialect/HAL/IR/test/devices_ops.mlir	blob	100644	0283400092dcf65fab649f4748501fe91aab3361
compiler/src/iree/compiler/Dialect/HAL/IR/test/executable_folding.mlir	blob	100644	6e8840c1384aa8d3bb0ec692ae40f8fbd0c87b79
compiler/src/iree/compiler/Dialect/HAL/IR/test/executable_ops.mlir	blob	100644	c49665bd6d86ad4db558909ee44640d61020c99a
compiler/src/iree/compiler/Dialect/HAL/IR/test/executable_targets.mlir	blob	100644	cfc0eba8c74ed1bde582f5142005579beab83f93
compiler/src/iree/compiler/Dialect/HAL/IR/test/experimental_ops.mlir	blob	100644	2d401c52a2b639d676e95c707efe1aea641d07a4
compiler/src/iree/compiler/Dialect/HAL/IR/test/fence_folding.mlir	blob	100644	3ca9768329ce21a966cb9c92edeef06c68c24094
compiler/src/iree/compiler/Dialect/HAL/IR/test/fence_ops.mlir	blob	100644	0a39d087ebf19d8951e480c3a2e0d232f150aeca
compiler/src/iree/compiler/Dialect/HAL/IR/test/interface_folding.mlir	blob	100644	51aabe3a1b5f08c371e7ab09a97d72a4eedee1d5
compiler/src/iree/compiler/Dialect/HAL/IR/test/interface_ops.mlir	blob	100644	b87c6bc23b23f94b43c8cda6ca93187361b50f28
compiler/src/iree/compiler/Dialect/HAL/IR/test/invalid.mlir	blob	100644	00f9544fa69c7337ad07a1ef3a6fe786ae3b5f0e
compiler/src/iree/compiler/Dialect/HAL/IR/test/tensor_folding.mlir	blob	100644	f9488508cead043c8f0fc2e1bbe674d79b1dd189
compiler/src/iree/compiler/Dialect/HAL/IR/test/tensor_ops.mlir	blob	100644	7187717d4b95876fd1d6ae2fe01cb94e27233c39
compiler/src/iree/compiler/Dialect/HAL/Target/BUILD.bazel	blob	100644	63207aa0a01d2b17e58609d1715827c985f2fa02
compiler/src/iree/compiler/Dialect/HAL/Target/CMakeLists.txt	blob	100644	5c6a84b0776cf0353fa790cd75ca11029150cf03
compiler/src/iree/compiler/Dialect/HAL/Target/Devices/BUILD.bazel	blob	100644	bdfe6733c01be546a61388e7c57e8cea51ea4780
compiler/src/iree/compiler/Dialect/HAL/Target/Devices/CMakeLists.txt	blob	100644	3a996ae61555d5486309dc4e9b257106638e84fa
compiler/src/iree/compiler/Dialect/HAL/Target/Devices/LocalDevice.cpp	blob	100644	cb95b1e0460ba175da3b53409527919dae7d030b
compiler/src/iree/compiler/Dialect/HAL/Target/Devices/LocalDevice.h	blob	100644	8e18374a5bcd77c8e05cf61f2223194d592423af
compiler/src/iree/compiler/Dialect/HAL/Target/TargetBackend.cpp	blob	100644	b236e3ef857cd6533d7b63b45a80259f52e6c71a
compiler/src/iree/compiler/Dialect/HAL/Target/TargetBackend.h	blob	100644	b6266c7477327245afdf5b70d98b8e2945a958ed
compiler/src/iree/compiler/Dialect/HAL/Target/TargetDevice.cpp	blob	100644	2e51311c8f88c69ede608782636e94368fc8006c
compiler/src/iree/compiler/Dialect/HAL/Target/TargetDevice.h	blob	100644	f9cb567cd844f2f44627850aca561d5fffe04b73
compiler/src/iree/compiler/Dialect/HAL/Target/TargetOptions.cpp	blob	100644	e72f2fb1d490691850fc008ed3c59e223e5d82f8
compiler/src/iree/compiler/Dialect/HAL/Target/TargetOptions.h	blob	100644	08601eacd6d73d0888bbcc62936b805fd771b469
compiler/src/iree/compiler/Dialect/HAL/Target/TargetRegistry.cpp	blob	100644	b95045b177aa3abdb47fbec0565658738222d9ab
compiler/src/iree/compiler/Dialect/HAL/Target/TargetRegistry.h	blob	100644	d956c68b8178b21e0eb083dfded723a0a720c476
compiler/src/iree/compiler/Dialect/HAL/Transforms/AnnotateTargetDevices.cpp	blob	100644	b9c5cac937ea286464698760d22d4f39a618683f
compiler/src/iree/compiler/Dialect/HAL/Transforms/AssignLegacyTargetDevices.cpp	blob	100644	ea01c311de6c8ccfdd92faefe8002a1477f98b8a
compiler/src/iree/compiler/Dialect/HAL/Transforms/AssignTargetDevices.cpp	blob	100644	ccb54b4ef7f1ca5120f4b03b665cd993c7581cf2
compiler/src/iree/compiler/Dialect/HAL/Transforms/BUILD.bazel	blob	100644	65f2664439818972cbc6e715ce51c7808f0fa355
compiler/src/iree/compiler/Dialect/HAL/Transforms/CMakeLists.txt	blob	100644	e0e28610a1ab3978f7dbc5a64eae3a16e5fe0ec3
compiler/src/iree/compiler/Dialect/HAL/Transforms/CaptureExecutableSources.cpp	blob	100644	04fc70431760953bdd7120c4d508ab820d7affde
compiler/src/iree/compiler/Dialect/HAL/Transforms/ConfigureExecutables.cpp	blob	100644	9b5c0b049200a724643b3504170a953637bd6189
compiler/src/iree/compiler/Dialect/HAL/Transforms/ConvertToHAL.cpp	blob	100644	048f1c97d424a30d09e5373c6eb5d46a1426e841
compiler/src/iree/compiler/Dialect/HAL/Transforms/DumpExecutableBenchmarks.cpp	blob	100644	4d9cdf30bd505f8d68d04b26032360e1f1526985
compiler/src/iree/compiler/Dialect/HAL/Transforms/DumpExecutableSources.cpp	blob	100644	be509e0f93308264b8146ed25664fd2df1441c4f
compiler/src/iree/compiler/Dialect/HAL/Transforms/ElideRedundantCommands.cpp	blob	100644	d845bf211d91fe4607e5b32734bbfee64543cd09
compiler/src/iree/compiler/Dialect/HAL/Transforms/HoistExecutableObjects.cpp	blob	100644	4da6e0a098d620fc327a3a86403cc46ddc7bcda2
compiler/src/iree/compiler/Dialect/HAL/Transforms/InitializeDevices.cpp	blob	100644	c4336e84795d194baaf89ae8712d7a2b0cde8089
compiler/src/iree/compiler/Dialect/HAL/Transforms/InlineMemoizeRegions.cpp	blob	100644	c1ee73e17280b57d7a471cfb5c65b93b44edcaa2
compiler/src/iree/compiler/Dialect/HAL/Transforms/LinkExecutables.cpp	blob	100644	dcff16873f0b106cf0a87c65678357e94a982311
compiler/src/iree/compiler/Dialect/HAL/Transforms/MaterializeDispatchInstrumentation.cpp	blob	100644	e1ada71d497a973ce82d9872811156472f9a995e
compiler/src/iree/compiler/Dialect/HAL/Transforms/MaterializeInterfaces.cpp	blob	100644	671c71677337468d1074bd6be89d11cfebfcd903
compiler/src/iree/compiler/Dialect/HAL/Transforms/MaterializeResourceCaches.cpp	blob	100644	49ae09758a115a506045e44c7c9ad53be76092e3
compiler/src/iree/compiler/Dialect/HAL/Transforms/MaterializeTargetDevices.cpp	blob	100644	2158ea40713bcd54ae81f519277a737983ec9217
compiler/src/iree/compiler/Dialect/HAL/Transforms/MemoizeDeviceQueries.cpp	blob	100644	58174e13f67f5ae92e5b47f76e16d5c1b7924cb0
compiler/src/iree/compiler/Dialect/HAL/Transforms/MemoizeDeviceSelection.cpp	blob	100644	56f8d98655dd58fc12c35366d9f50cfdf3ee1915
compiler/src/iree/compiler/Dialect/HAL/Transforms/OutlineMemoizeRegions.cpp	blob	100644	047f5e447616c4fa51a257369f0e36de4d3adaaa
compiler/src/iree/compiler/Dialect/HAL/Transforms/Passes.cpp	blob	100644	c363d39d259b12db77903ce6e29e837c12d4ed50
compiler/src/iree/compiler/Dialect/HAL/Transforms/Passes.h	blob	100644	e246204024aee74f48b81c796cc1f4a08c4d92f0
compiler/src/iree/compiler/Dialect/HAL/Transforms/Passes.td	blob	100644	18c903a3fc9fc4ef9acb1b0bd692b2ee32bc3b64
compiler/src/iree/compiler/Dialect/HAL/Transforms/PreprocessExecutables.cpp	blob	100644	4b580e9b6c2e3d1daf4dcb6d7173cc62713391a0
compiler/src/iree/compiler/Dialect/HAL/Transforms/PruneExecutables.cpp	blob	100644	782b80f6541286dcdeed4ddcd9769fbdb399bb7e
compiler/src/iree/compiler/Dialect/HAL/Transforms/RepeatDispatches.cpp	blob	100644	6c40c8ea6054b592821e2e5303a3dc5b12ff278f
compiler/src/iree/compiler/Dialect/HAL/Transforms/ResolveDeviceAliases.cpp	blob	100644	e833eb175ce79c0dc744b24de04a6d54f4ae03cc
compiler/src/iree/compiler/Dialect/HAL/Transforms/ResolveDevicePromises.cpp	blob	100644	ce281ebf20abd5fb87009d48a4e0bd5c2076c926
compiler/src/iree/compiler/Dialect/HAL/Transforms/ResolveExportOrdinals.cpp	blob	100644	aa9fec84dca84ce802fe92dc3d2d048319a5845c
compiler/src/iree/compiler/Dialect/HAL/Transforms/ResolveTopologyQueries.cpp	blob	100644	b1d3647ceea7e9ba5a6d6219aa21eb0543ac01aa
compiler/src/iree/compiler/Dialect/HAL/Transforms/SerializeExecutables.cpp	blob	100644	9c5c3b1596c8bede50a3b1d634f512d85c6e6d03
compiler/src/iree/compiler/Dialect/HAL/Transforms/StripExecutableContents.cpp	blob	100644	ae6f3242cb23986ad81fd555f11b9e76794572ca
compiler/src/iree/compiler/Dialect/HAL/Transforms/SubstituteExecutables.cpp	blob	100644	02dda09532282b8c491f29b6b8417d2d89890d86
compiler/src/iree/compiler/Dialect/HAL/Transforms/TranslateExecutables.cpp	blob	100644	7cd58d2fdc6e30e3dfa95a5923f922ccab534ec6
compiler/src/iree/compiler/Dialect/HAL/Transforms/VerifyDevices.cpp	blob	100644	32a099e6cbefda087ef3be10e69e6b470e8d1898
compiler/src/iree/compiler/Dialect/HAL/Transforms/test/BUILD.bazel	blob	100644	0f87d6865510dc536ad74d6a3df303a8a96d306d
compiler/src/iree/compiler/Dialect/HAL/Transforms/test/CMakeLists.txt	blob	100644	1b1c8f5a88cd01f3549a088cac94efc450f8b227
compiler/src/iree/compiler/Dialect/HAL/Transforms/test/annotate_target_devices.mlir	blob	100644	79ab14c10a8fe3ef200cd345aff2d930a52bd23b
compiler/src/iree/compiler/Dialect/HAL/Transforms/test/assign_legacy_target_devices.mlir	blob	100644	c7f6f4268e05fbabd72ab12b3930b32fc3a26fd8
compiler/src/iree/compiler/Dialect/HAL/Transforms/test/assign_target_devices.mlir	blob	100644	adce11f9c9c9383f16cfaf26f51e83c980a8054a
compiler/src/iree/compiler/Dialect/HAL/Transforms/test/capture_executable_sources.mlir	blob	100644	7cca10136f3ee39fa7a423ebb6f1047bc89b61a5
compiler/src/iree/compiler/Dialect/HAL/Transforms/test/convert_to_hal.mlir	blob	100644	054a915731669fa33a6dd49395f52c8f7f2f25ad
compiler/src/iree/compiler/Dialect/HAL/Transforms/test/dump_executable_benchmarks.mlir	blob	100644	c60a5f6d47ba8045d7e870edbfd00d6a4e41a1a2
compiler/src/iree/compiler/Dialect/HAL/Transforms/test/dump_executable_sources.mlir	blob	100644	64e4ad7370aa5b9c2ba886664a2d99b7cd723361
compiler/src/iree/compiler/Dialect/HAL/Transforms/test/elide_redundant_commands.mlir	blob	100644	261ca4ccf7ac6492f9be58662ea9e719b1cbf3ba
compiler/src/iree/compiler/Dialect/HAL/Transforms/test/hoist_executable_objects.mlir	blob	100644	ba7989d1442662f25e507623aa6538824f687398
compiler/src/iree/compiler/Dialect/HAL/Transforms/test/initialize_devices.mlir	blob	100644	4d00ac67f4847888123e78f785f0d76421dfea69
compiler/src/iree/compiler/Dialect/HAL/Transforms/test/inline_memoize_regions.mlir	blob	100644	70048e189a72c5d0a714925f030d49e415685bca
compiler/src/iree/compiler/Dialect/HAL/Transforms/test/materialize_dispatch_instrumentation.mlir	blob	100644	e4d3570b1983b47494451fae56d33b107cc1e6c5
compiler/src/iree/compiler/Dialect/HAL/Transforms/test/materialize_interfaces.mlir	blob	100644	28401e60097173a9a9faae451744c119ffb262be
compiler/src/iree/compiler/Dialect/HAL/Transforms/test/materialize_resource_caches.mlir	blob	100644	978bd39c6d4125f641ccecb357984a09f1f4d9d9
compiler/src/iree/compiler/Dialect/HAL/Transforms/test/materialize_target_devices.mlir	blob	100644	6360abe5cb05076c7b50b1660994a98dd961a84d
compiler/src/iree/compiler/Dialect/HAL/Transforms/test/memoize_device_queries.mlir	blob	100644	16dfd5c0ff58fb407454ec8e61691cc5a9ebe991
compiler/src/iree/compiler/Dialect/HAL/Transforms/test/memoize_device_selection.mlir	blob	100644	5358e1bfd1676696ec2c18a18c9e652eca624ec9
compiler/src/iree/compiler/Dialect/HAL/Transforms/test/outline_memoize_regions.mlir	blob	100644	f5688b5902d6f9a9ed3e865412865a46ab38625c
compiler/src/iree/compiler/Dialect/HAL/Transforms/test/preprocess_executables.mlir	blob	100644	0ade635901b2be30055a8f19d7038c6d176eb9db
compiler/src/iree/compiler/Dialect/HAL/Transforms/test/prune_executables.mlir	blob	100644	ed5d16db27f6b5e68b3f816a816e8d452fbc7557
compiler/src/iree/compiler/Dialect/HAL/Transforms/test/repeat_dispatches.mlir	blob	100644	0ffc6ac24a49c81f3bb8713d0b9c46ffa9fbe1ec
compiler/src/iree/compiler/Dialect/HAL/Transforms/test/resolve_device_aliases.mlir	blob	100644	9905c0bddb80a0e4a54e138ca780ae69d6df3ecd
compiler/src/iree/compiler/Dialect/HAL/Transforms/test/resolve_device_promises.mlir	blob	100644	2b5985fe65efc6aad678089f9e4d260eb92c6030
compiler/src/iree/compiler/Dialect/HAL/Transforms/test/resolve_export_ordinals.mlir	blob	100644	aa97a2bb867157f24b6031f37e566ed63b0bef49
compiler/src/iree/compiler/Dialect/HAL/Transforms/test/resolve_ranked_shaped_type.mlir	blob	100644	4037dad52451a9a38f117b5f0611c071282687fc
compiler/src/iree/compiler/Dialect/HAL/Transforms/test/resolve_topology_queries.mlir	blob	100644	f6111649620b2b006fdafba29406cdcb7db7b394
compiler/src/iree/compiler/Dialect/HAL/Transforms/test/strip_executable_contents.mlir	blob	100644	13da5ff98985f81c06dc6a5ed5da5617aa1aa0ee
compiler/src/iree/compiler/Dialect/HAL/Transforms/test/substitute_executables.mlir	blob	100644	36f27b38949a8c106946d92d5a1a685c90e01c69
compiler/src/iree/compiler/Dialect/HAL/Transforms/test/substitute_executables_replacement.mlir	blob	100644	68eb32a9d4a5831a8cdae9a1863a2b9955544f72
compiler/src/iree/compiler/Dialect/HAL/Transforms/test/substitute_executables_replacement.obj	blob	100644	20852558f429b5cc24ee3e3ac18748db11538979
compiler/src/iree/compiler/Dialect/HAL/Transforms/test/verify_devices.mlir	blob	100644	2cd17c68559c98ff2d94feef19776b2ba7f35692
compiler/src/iree/compiler/Dialect/HAL/Utils/BUILD.bazel	blob	100644	2a77d86addc622925f656dcd85a44db45f33cf79
compiler/src/iree/compiler/Dialect/HAL/Utils/CMakeLists.txt	blob	100644	22e7732731885c2d494c2a985834ae2bec4ef271
compiler/src/iree/compiler/Dialect/HAL/Utils/ExecutableDebugInfoUtils.cpp	blob	100644	b3d04ba846e304ffbaada38cedc1bc55e23115ef
compiler/src/iree/compiler/Dialect/HAL/Utils/ExecutableDebugInfoUtils.h	blob	100644	0a6cd02900d61bba62fe1256b5f4ae53fb251a88
compiler/src/iree/compiler/Dialect/HAL/Utils/LLVMLinkerUtils.cpp	blob	100644	6c33598de7d5993193287a8c0d8fa7e25c6e1db2
compiler/src/iree/compiler/Dialect/HAL/Utils/LLVMLinkerUtils.h	blob	100644	e3992e6b89817cefa19bc5427f293f6ac9dfdd51
compiler/src/iree/compiler/Dialect/HAL/hal.imports.mlir	blob	100644	6bad0005c2669f87c1c01c40a969a96b65898b16
compiler/src/iree/compiler/Dialect/LinalgExt/BUILD.bazel	blob	100644	7c309b6c0b246850f7854ca9f79ea01f6bbe6478
compiler/src/iree/compiler/Dialect/LinalgExt/CMakeLists.txt	blob	100644	890fb4322f71d036079f457814839abe0e5217df
compiler/src/iree/compiler/Dialect/LinalgExt/IR/AggregatedOpInterfaceImpl.cpp	blob	100644	096a0c5628683e0ae52617867121dc8d42d46bd9
compiler/src/iree/compiler/Dialect/LinalgExt/IR/BUILD.bazel	blob	100644	9480824a0168a0ac601bcba80d75545bc0d5f6ae
compiler/src/iree/compiler/Dialect/LinalgExt/IR/CMakeLists.txt	blob	100644	2621f05e2c28dd6ac1c68af44baa4048efe68364
compiler/src/iree/compiler/Dialect/LinalgExt/IR/Im2colUtils.cpp	blob	100644	08ab47b81cf0643719cbcb7b7eb74d3a8e44bdcc
compiler/src/iree/compiler/Dialect/LinalgExt/IR/Im2colUtils.h	blob	100644	939f20b3b2ceee54a4d1ea5fba60794fca0ab9f8
compiler/src/iree/compiler/Dialect/LinalgExt/IR/LinalgExtBase.td	blob	100644	580f35a252d0e0c4430efe19e6db1b5610af3e24
compiler/src/iree/compiler/Dialect/LinalgExt/IR/LinalgExtDialect.cpp	blob	100644	80f983bd69177b5a53e9908c99a3cb81feed2ccf
compiler/src/iree/compiler/Dialect/LinalgExt/IR/LinalgExtDialect.h	blob	100644	6de581b57ea82977e3fdb4b22da1c71e6c36a930
compiler/src/iree/compiler/Dialect/LinalgExt/IR/LinalgExtInterfaces.cpp	blob	100644	cca100ecaa337a649f55ccc4b1fab7116d643330
compiler/src/iree/compiler/Dialect/LinalgExt/IR/LinalgExtInterfaces.h	blob	100644	5fb818616255df5aa084b28ffe9a9483dd60b639
compiler/src/iree/compiler/Dialect/LinalgExt/IR/LinalgExtInterfaces.td	blob	100644	fb748f01d8357775441693f2b0c410b84bbfa1c6
compiler/src/iree/compiler/Dialect/LinalgExt/IR/LinalgExtOps.cpp	blob	100644	af01880fde87e60320ceafe12f577d14d889eff4
compiler/src/iree/compiler/Dialect/LinalgExt/IR/LinalgExtOps.h	blob	100644	5f6fd1f536f291a93bcabd4b21432497d261290f
compiler/src/iree/compiler/Dialect/LinalgExt/IR/LinalgExtOps.td	blob	100644	d6b1a34d503688ae924c5ac08d683df201ad4670
compiler/src/iree/compiler/Dialect/LinalgExt/IR/LinalgExtPureOps.td	blob	100644	4333439f611d2203e6322571dbe854cc5e380a44
compiler/src/iree/compiler/Dialect/LinalgExt/IR/TilingInterfaceImpl.cpp	blob	100644	96fa8b749a1ffea6dd9f7aaf89374b75730a43a1
compiler/src/iree/compiler/Dialect/LinalgExt/IR/test/BUILD.bazel	blob	100644	1d224bb0bcc319e82f62898acefdfb36ff707533
compiler/src/iree/compiler/Dialect/LinalgExt/IR/test/CMakeLists.txt	blob	100644	36bdf43dc97ce3c3bc22009d01ae597da6e12494
compiler/src/iree/compiler/Dialect/LinalgExt/IR/test/canonicalize.mlir	blob	100644	69999928b5b2ac983ddfc09f734a1b3da70d6a56
compiler/src/iree/compiler/Dialect/LinalgExt/IR/test/decompose_aggregate_op.mlir	blob	100644	ff122857141ec94679acf26310243bbb2a7dce47
compiler/src/iree/compiler/Dialect/LinalgExt/IR/test/invalid.mlir	blob	100644	f9348cb824248a6adf49f24da897ad02acc9729e
compiler/src/iree/compiler/Dialect/LinalgExt/IR/test/roundtrip.mlir	blob	100644	c23ed9bbe8ec4eb31621dd6a3e0374f8cf19d9e0
compiler/src/iree/compiler/Dialect/LinalgExt/IR/unittests/BUILD.bazel	blob	100644	7fd48fe122939aa2b7b673ef0f965def7cbe92bd
compiler/src/iree/compiler/Dialect/LinalgExt/IR/unittests/CMakeLists.txt	blob	100644	f258a6f47fb5e2a7031c18c2c262383dc077324d
compiler/src/iree/compiler/Dialect/LinalgExt/IR/unittests/LinalgExtOpsTest.cpp	blob	100644	8889af51cd6ce2a4064e159780d1ad3bc1a2fa9e
compiler/src/iree/compiler/Dialect/LinalgExt/TransformExtensions/BUILD.bazel	blob	100644	11a03e6a715196e66036770ec6b0cee56d1cf313
compiler/src/iree/compiler/Dialect/LinalgExt/TransformExtensions/CMakeLists.txt	blob	100644	0e2dd24b5cc9f73d247b82f99ad57d6a58d7c944
compiler/src/iree/compiler/Dialect/LinalgExt/TransformExtensions/LinalgExtExtensionsOps.cpp	blob	100644	acd363a9c1861350c945f06fb645412ff10e07ae
compiler/src/iree/compiler/Dialect/LinalgExt/TransformExtensions/LinalgExtExtensionsOps.h	blob	100644	582a33d3d74b8013fecb591c7c2f0deaf200cea3
compiler/src/iree/compiler/Dialect/LinalgExt/TransformExtensions/LinalgExtExtensionsOps.td	blob	100644	66626218ab10a22d6ef2eed16fc31d089c2f7f3d
compiler/src/iree/compiler/Dialect/LinalgExt/TransformExtensions/test/BUILD.bazel	blob	100644	43f44a7a07e07cca32e4cf68ce5b01c82541f87a
compiler/src/iree/compiler/Dialect/LinalgExt/TransformExtensions/test/CMakeLists.txt	blob	100644	8923ec0fee2e0a839d2a50cd8849633ea1f86c85
compiler/src/iree/compiler/Dialect/LinalgExt/Transforms/BUILD.bazel	blob	100644	dcc59317e5102493099aa61092a5793989597267
compiler/src/iree/compiler/Dialect/LinalgExt/Transforms/CMakeLists.txt	blob	100644	9922e988ca1d580402f36562b45c4132ad9c1b48
compiler/src/iree/compiler/Dialect/LinalgExt/Transforms/ConvertConv2DToWinograd.cpp	blob	100644	ac2c24f8dd32e5cd759bc4784dd6272792ef2af6
compiler/src/iree/compiler/Dialect/LinalgExt/Transforms/ConvertConvToIm2ColOp.cpp	blob	100644	0f2f7abc6ff933d61ea2d489ae31f0bc682c8ed5
compiler/src/iree/compiler/Dialect/LinalgExt/Transforms/ConvertToLoops.cpp	blob	100644	91ee44a1ed404e0c20dd3886b8e23886908f80a5
compiler/src/iree/compiler/Dialect/LinalgExt/Transforms/DecomposeAggregatedOps.cpp	blob	100644	2d76ad3c067c2068828d4688eb325380b0b18ba3
compiler/src/iree/compiler/Dialect/LinalgExt/Transforms/DecomposeAttention.cpp	blob	100644	1fb50d83d52ab90c5c10e510ee2ec74220021f64
compiler/src/iree/compiler/Dialect/LinalgExt/Transforms/DecomposeIm2col.cpp	blob	100644	f91b5e7af996a326147ce8c96e3e84c7f664aa8e
compiler/src/iree/compiler/Dialect/LinalgExt/Transforms/DecomposeMapStore.cpp	blob	100644	9b105cf46f75845d94984a5a96cd905d4cf06989
compiler/src/iree/compiler/Dialect/LinalgExt/Transforms/DecomposeWinograd.cpp	blob	100644	521b5446dfb15d00c76e7d0b92572de074f41c2b
compiler/src/iree/compiler/Dialect/LinalgExt/Transforms/FoldUnitExtentDims.cpp	blob	100644	06bb8f3cb5736d33682b7e44b102cec1fdacc026
compiler/src/iree/compiler/Dialect/LinalgExt/Transforms/LoopMappingUtils.cpp	blob	100644	1182f491722839dfb0851d09fce6402eeea18217
compiler/src/iree/compiler/Dialect/LinalgExt/Transforms/LoopMappingUtils.h	blob	100644	dfc77c9f31ab3046b369b3f0162d2cf6fe8f5810
compiler/src/iree/compiler/Dialect/LinalgExt/Transforms/PadContractionToBlockSize.cpp	blob	100644	0151b3a200ff54ff378d72ba9e45e7c324eafca5
compiler/src/iree/compiler/Dialect/LinalgExt/Transforms/Passes.cpp	blob	100644	6eab1dc5ac055bfc99e6f0a9020aa9929f11796c
compiler/src/iree/compiler/Dialect/LinalgExt/Transforms/Passes.h	blob	100644	7287b2b472eee7d32088ad4f7927ccad28d1dfd5
compiler/src/iree/compiler/Dialect/LinalgExt/Transforms/Passes.td	blob	100644	d88b1e638b982067bf1a8bfd4a80564b755d0570
compiler/src/iree/compiler/Dialect/LinalgExt/Transforms/ReshapeFusion.cpp	blob	100644	b1498fbf7fe738e2184e733cde5b822378e435eb
compiler/src/iree/compiler/Dialect/LinalgExt/Transforms/RewriteFft.cpp	blob	100644	3902a5ca66ac529a939bb68b338c0e90795ab222
compiler/src/iree/compiler/Dialect/LinalgExt/Transforms/SplitReduction.cpp	blob	100644	5065a4e8a93d807514d2701e2789c11c8e5550cc
compiler/src/iree/compiler/Dialect/LinalgExt/Transforms/TestReshapeFusion.cpp	blob	100644	f36e8c926aeab48b588c39f2d2dfd81047be7921
compiler/src/iree/compiler/Dialect/LinalgExt/Transforms/TileAttention.cpp	blob	100644	520de37886e9476130c9797eeae1248b7b0cff68
compiler/src/iree/compiler/Dialect/LinalgExt/Transforms/Transforms.h	blob	100644	af6c675db1224d28df89f1beb2260c38c121c9bb
compiler/src/iree/compiler/Dialect/LinalgExt/Transforms/TransposeFusion.cpp	blob	100644	644c4fbc1fdc0c594e0f6a475dda4645a7f79989
compiler/src/iree/compiler/Dialect/LinalgExt/Transforms/test/BUILD.bazel	blob	100644	b618411b0268224872984932b7dc277e2fca4145
compiler/src/iree/compiler/Dialect/LinalgExt/Transforms/test/CMakeLists.txt	blob	100644	fc4a8675d0c26057bb3af60e43f985d4540795f9
compiler/src/iree/compiler/Dialect/LinalgExt/Transforms/test/conv2d_to_winograd.mlir	blob	100644	10454dbdcc853786ba9b9b4029d55358b18ef9ab
compiler/src/iree/compiler/Dialect/LinalgExt/Transforms/test/conv_to_im2col.mlir	blob	100644	5fa9b96d927b4d28522b8a6142a7c18476f8188d
compiler/src/iree/compiler/Dialect/LinalgExt/Transforms/test/convert_to_loops.mlir	blob	100644	07cbef621b16ceccb21ce7b060933efb4b19d444
compiler/src/iree/compiler/Dialect/LinalgExt/Transforms/test/convert_to_online_attention.mlir	blob	100644	62c7d41a78692eb2e31afc217892d3bb9f71cb29
compiler/src/iree/compiler/Dialect/LinalgExt/Transforms/test/decompose_aggregated_ops.mlir	blob	100644	313d027359746ed6c2fc50fef070204d4ce5e880
compiler/src/iree/compiler/Dialect/LinalgExt/Transforms/test/decompose_aggregated_ops_filtered.mlir	blob	100644	c26c63e08a82708deb5638a15ec169dd4010624f
compiler/src/iree/compiler/Dialect/LinalgExt/Transforms/test/decompose_aggregated_ops_invalid_bad_op_name.mlir	blob	100644	e90a2e445700259ab79d17b6a5f040de2b591778
compiler/src/iree/compiler/Dialect/LinalgExt/Transforms/test/decompose_aggregated_ops_invalid_unimplemented_interface.mlir	blob	100644	16a628821cba593b313252b32ce928a13590ee08
compiler/src/iree/compiler/Dialect/LinalgExt/Transforms/test/decompose_aggregated_ops_noop.mlir	blob	100644	d9f7e06cf6dfdbfe19500a0c6287f94474159654
compiler/src/iree/compiler/Dialect/LinalgExt/Transforms/test/decompose_im2col.mlir	blob	100644	36a8b6f0869f74e6b5e3e5ecca8f8f3bff8dcfde
compiler/src/iree/compiler/Dialect/LinalgExt/Transforms/test/decompose_map_store.mlir	blob	100644	88de8d4a3b5cb59b29ee890561d68a429be2e2e3
compiler/src/iree/compiler/Dialect/LinalgExt/Transforms/test/decompose_quantization.mlir	blob	100644	da1169135a234193112ec803e391264ff731b596
compiler/src/iree/compiler/Dialect/LinalgExt/Transforms/test/decompose_winograd.mlir	blob	100644	8b1357f2af0ba8dc79f77d2d191559fe3650a293
compiler/src/iree/compiler/Dialect/LinalgExt/Transforms/test/distribution.mlir	blob	100644	c09cc1649addebc5ccf6edf3514b568ee70baac0
compiler/src/iree/compiler/Dialect/LinalgExt/Transforms/test/fold_unit_dims.mlir	blob	100644	4fc46c194548b0be016a48f531f347d817d08e75
compiler/src/iree/compiler/Dialect/LinalgExt/Transforms/test/pad_contraction_to_block_size.mlir	blob	100644	a4c787798d32f6cd933a2568cd9460d428e0d6dd
compiler/src/iree/compiler/Dialect/LinalgExt/Transforms/test/reshape_fusion.mlir	blob	100644	4b8b5e9936bb574ae94c0eff85f2ebd37522417e
compiler/src/iree/compiler/Dialect/LinalgExt/Transforms/test/split_reduction.mlir	blob	100644	2b048ec5f3e1796ba96db035c0c865fb2017f5f1
compiler/src/iree/compiler/Dialect/LinalgExt/Transforms/test/tiling.mlir	blob	100644	0ac6d58e6c15cede541173c49eadb3c7777a5dba
compiler/src/iree/compiler/Dialect/LinalgExt/Utils/BUILD.bazel	blob	100644	d2a3f4345f001bf47f251ae4ebf2889e2ea09c95
compiler/src/iree/compiler/Dialect/LinalgExt/Utils/CMakeLists.txt	blob	100644	fa36c5422038dcbdf1742c8974045f5d5fba2a28
compiler/src/iree/compiler/Dialect/LinalgExt/Utils/IndexingUtils.cpp	blob	100644	8d495fa03306193aaf6ad6aafc5be252365971c4
compiler/src/iree/compiler/Dialect/LinalgExt/Utils/IndexingUtils.h	blob	100644	07a769cca5c91c84c8a0e895b0609d31a466dd08
compiler/src/iree/compiler/Dialect/LinalgExt/Utils/MatchUtils.cpp	blob	100644	2ef38d073683d88cc56c2796029859166ebd9535
compiler/src/iree/compiler/Dialect/LinalgExt/Utils/MatchUtils.h	blob	100644	fc0f9aaebd16b9c05e5e83b441d6f7527cd0ff33
compiler/src/iree/compiler/Dialect/LinalgExt/Utils/Utils.cpp	blob	100644	7d04491b8fae3be7d97962bf33991bc476421207
compiler/src/iree/compiler/Dialect/LinalgExt/Utils/Utils.h	blob	100644	c3ca59892c0320676013582aec28156ef55ea2af
compiler/src/iree/compiler/Dialect/LinalgExt/Utils/WinogradConstants.h	blob	100644	b510eb1eb0eedefb3b9e1cbb3e3cf520481e051c
compiler/src/iree/compiler/Dialect/Stream/Analysis/Affinity.cpp	blob	100644	59834178da56189c90bf5924229f8102884066cc
compiler/src/iree/compiler/Dialect/Stream/Analysis/Affinity.h	blob	100644	0d049514a263bc2e51440658d1644e56d9886992
compiler/src/iree/compiler/Dialect/Stream/Analysis/BUILD.bazel	blob	100644	c26b567c13b0a0fa4dff6963ded435e9c0af2203
compiler/src/iree/compiler/Dialect/Stream/Analysis/CMakeLists.txt	blob	100644	b229ec28436a6f6bbf78f51a55adccfa6fb0d4b0
compiler/src/iree/compiler/Dialect/Stream/Analysis/Partitioning.cpp	blob	100644	31c5664d00bed8229e8e86344a35b391eb9f0c6c
compiler/src/iree/compiler/Dialect/Stream/Analysis/Partitioning.h	blob	100644	30f846895860475bc74a87357364a5c9da3ff2fa
compiler/src/iree/compiler/Dialect/Stream/Analysis/Partitioning/ReferencePartitioning.cpp	blob	100644	12f4a0352e3c7264c732eca901f7199ab0c403d9
compiler/src/iree/compiler/Dialect/Stream/Analysis/ResourceHazards.cpp	blob	100644	dcfc6c9bb3a7b5c8de81e753f38cc8717fdde0ca
compiler/src/iree/compiler/Dialect/Stream/Analysis/ResourceHazards.h	blob	100644	673f26f64805b6ba51a5992acfe95688313e11ce
compiler/src/iree/compiler/Dialect/Stream/Analysis/ResourceUsage.cpp	blob	100644	74f8a196614bfbe4f468efee61e5d59ca34ae62e
compiler/src/iree/compiler/Dialect/Stream/Analysis/ResourceUsage.h	blob	100644	e57895deb440eab9f0f14c441b2fb58802b1e091
compiler/src/iree/compiler/Dialect/Stream/BUILD.bazel	blob	100644	f27d209ddf951681d534f8871a64ce56c0c6d521
compiler/src/iree/compiler/Dialect/Stream/Builtins/BUILD.bazel	blob	100644	96ab6117bdbbbb7c7e253b8d46d827aad09ad155
compiler/src/iree/compiler/Dialect/Stream/Builtins/CMakeLists.txt	blob	100644	6c5c8d50a3735897e3cb877cea375884de601d1d
compiler/src/iree/compiler/Dialect/Stream/Builtins/fill_i16.mlir	blob	100644	c03dab19c138d52bb6cef44fa8dd9e3f6162a333
compiler/src/iree/compiler/Dialect/Stream/Builtins/fill_i32.mlir	blob	100644	0c114eb3df6108e5cf7033b03aad36d255f8b5d0
compiler/src/iree/compiler/Dialect/Stream/Builtins/fill_i64.mlir	blob	100644	9ab6cd6ed638802b7616b73cb4ac8f30e5de236e
compiler/src/iree/compiler/Dialect/Stream/Builtins/fill_i8.mlir	blob	100644	ae2a7d6927625f5bc73c472a8e6910825f87437f
compiler/src/iree/compiler/Dialect/Stream/Builtins/splat_i16.mlir	blob	100644	2f16f76f3334fe2f6078b3f46ff141368731aff8
compiler/src/iree/compiler/Dialect/Stream/Builtins/splat_i32.mlir	blob	100644	c14534cd70aebcd38c61024a019e758c6c299bc1
compiler/src/iree/compiler/Dialect/Stream/Builtins/splat_i64.mlir	blob	100644	de3c8bcf866a9584f5b308c2d729725bb19dfab4
compiler/src/iree/compiler/Dialect/Stream/Builtins/splat_i8.mlir	blob	100644	33bf851e7f21bb43c6e24ff3d1120135bcc678e8
compiler/src/iree/compiler/Dialect/Stream/CMakeLists.txt	blob	100644	607b11f76b18be5aa32a43c8b0629ba11ede209a
compiler/src/iree/compiler/Dialect/Stream/Conversion/BUILD.bazel	blob	100644	10d1456b0e37db09d7b1d7d42e10812795a806f4
compiler/src/iree/compiler/Dialect/Stream/Conversion/CMakeLists.txt	blob	100644	cc472aa01ec65ad0babf5d1b09febfe96f704572
compiler/src/iree/compiler/Dialect/Stream/Conversion/FlowToStream/BUILD.bazel	blob	100644	c021df85ba0e788af82f38f3b00cd8ace26a5769
compiler/src/iree/compiler/Dialect/Stream/Conversion/FlowToStream/CMakeLists.txt	blob	100644	e3b67d158679bc0fd015e5342b6c8b0e6d28ae09
compiler/src/iree/compiler/Dialect/Stream/Conversion/FlowToStream/Patterns.cpp	blob	100644	f4ff1dc83d70ef2c7e1f70f02860bf65cd0b48da
compiler/src/iree/compiler/Dialect/Stream/Conversion/FlowToStream/Patterns.h	blob	100644	0379be2c835f8e8cefdc831ddf2233e8dd6642bf
compiler/src/iree/compiler/Dialect/Stream/Conversion/FlowToStream/test/BUILD.bazel	blob	100644	25b9ce69aa216db6e7e0254f053e0dff63404ac1
compiler/src/iree/compiler/Dialect/Stream/Conversion/FlowToStream/test/CMakeLists.txt	blob	100644	59dbc3fd39d8953f58330b3237d7229d424c9c11
compiler/src/iree/compiler/Dialect/Stream/Conversion/FlowToStream/test/call_ops.mlir	blob	100644	0fbdf95397fbcbe41d2cb2aebe2d16f0442e23e6
compiler/src/iree/compiler/Dialect/Stream/Conversion/FlowToStream/test/collective_ops.mlir	blob	100644	64a2a657dfda4e3123272db391646ffe8ee94028
compiler/src/iree/compiler/Dialect/Stream/Conversion/FlowToStream/test/dispatch_ops.mlir	blob	100644	bd9bbc848db112d0dddf15ee648b7db709320024
compiler/src/iree/compiler/Dialect/Stream/Conversion/FlowToStream/test/executable_ops.mlir	blob	100644	7d179253401e8bd33928ecda0ebc0cf523047cd7
compiler/src/iree/compiler/Dialect/Stream/Conversion/FlowToStream/test/parameter_ops.mlir	blob	100644	8c975bc1a0908742a4e6351064f0a7cbf5e87ab8
compiler/src/iree/compiler/Dialect/Stream/Conversion/FlowToStream/test/tensor_ops.mlir	blob	100644	ccf129ed70ea5d26d1a7a1fe08d6c2cd6aba92e6
compiler/src/iree/compiler/Dialect/Stream/Conversion/HALToStream/BUILD.bazel	blob	100644	f865a4e41c70caf53576dde065bd38e00f456dde
compiler/src/iree/compiler/Dialect/Stream/Conversion/HALToStream/CMakeLists.txt	blob	100644	672a9aeb6db541ec819f39fea3fab8e21dd9fe7c
compiler/src/iree/compiler/Dialect/Stream/Conversion/HALToStream/Patterns.cpp	blob	100644	08527ef30bfd033e1c9c7e1182843e8f3402a31b
compiler/src/iree/compiler/Dialect/Stream/Conversion/HALToStream/Patterns.h	blob	100644	f3e955d3d4b1bd7db63a66fcf97cb0d58bf8825f
compiler/src/iree/compiler/Dialect/Stream/Conversion/HALToStream/test/BUILD.bazel	blob	100644	0e0a8932bd9b7516b560fef6faf0658c113dd80e
compiler/src/iree/compiler/Dialect/Stream/Conversion/HALToStream/test/CMakeLists.txt	blob	100644	c64ff60adc619b70f23e79c5efebfcd39315f52b
compiler/src/iree/compiler/Dialect/Stream/Conversion/HALToStream/test/abi_ops.mlir	blob	100644	884d60a81a6697471ec1f00958657c8d1a7ad682
compiler/src/iree/compiler/Dialect/Stream/Conversion/HALToStream/test/import_dims.mlir	blob	100644	fe2823cc05db46f454594152b89e73949abcff5d
compiler/src/iree/compiler/Dialect/Stream/Conversion/PatternUtils.cpp	blob	100644	c66e6d0a825a4eb09526577a7012b2619385faba
compiler/src/iree/compiler/Dialect/Stream/Conversion/PatternUtils.h	blob	100644	a12fc6c65cf2e63ec4db94070f83d434a9816b2b
compiler/src/iree/compiler/Dialect/Stream/Conversion/StandardToStream/BUILD.bazel	blob	100644	c844b3c9b0784cea8f6a854b5c51cf78203f7290
compiler/src/iree/compiler/Dialect/Stream/Conversion/StandardToStream/CMakeLists.txt	blob	100644	97a126d47d34202a9506754737f9cabc8cad46c0
compiler/src/iree/compiler/Dialect/Stream/Conversion/StandardToStream/Patterns.cpp	blob	100644	690913f481505518027f62def855af91e8bf7188
compiler/src/iree/compiler/Dialect/Stream/Conversion/StandardToStream/Patterns.h	blob	100644	112e60270febc0d8c3ca204214a2e35d85aeface
compiler/src/iree/compiler/Dialect/Stream/Conversion/StandardToStream/test/BUILD.bazel	blob	100644	cd8d750cc3fabb1d4baddae9551960af3bde93e6
compiler/src/iree/compiler/Dialect/Stream/Conversion/StandardToStream/test/CMakeLists.txt	blob	100644	171d2055d9b44633e081c7261bd40d9cc3f7763e
compiler/src/iree/compiler/Dialect/Stream/Conversion/StandardToStream/test/constant_ops.mlir	blob	100644	be63175e23b85d4984597022ed0d470cfe125002
compiler/src/iree/compiler/Dialect/Stream/Conversion/StandardToStream/test/structural_ops.mlir	blob	100644	669208cd4720b809fba3894217b9b0701d652f10
compiler/src/iree/compiler/Dialect/Stream/Conversion/UtilToStream/BUILD.bazel	blob	100644	a8e3750559b25e4720606a89d4e7cb5bfd19d21d
compiler/src/iree/compiler/Dialect/Stream/Conversion/UtilToStream/CMakeLists.txt	blob	100644	2dd6fdd25c107c6f1e316d1cc3c5207dafd854a9
compiler/src/iree/compiler/Dialect/Stream/Conversion/UtilToStream/Patterns.cpp	blob	100644	00d8e287901ad0f4b4f38c3587bf59d71f9a035e
compiler/src/iree/compiler/Dialect/Stream/Conversion/UtilToStream/Patterns.h	blob	100644	56fcca297924e1dee4ecf01684da91069e9fc3f3
compiler/src/iree/compiler/Dialect/Stream/Conversion/UtilToStream/test/BUILD.bazel	blob	100644	eecd75ff1755538419ff0af9d301836943c39d6e
compiler/src/iree/compiler/Dialect/Stream/Conversion/UtilToStream/test/CMakeLists.txt	blob	100644	43ad040e05ff4900cec6dfd6e42b9fa6b8557a11
compiler/src/iree/compiler/Dialect/Stream/Conversion/UtilToStream/test/compiler_hints.mlir	blob	100644	7c178e503924f92d9edcb43774d3a02a33e62080
compiler/src/iree/compiler/Dialect/Stream/Conversion/UtilToStream/test/global_ops.mlir	blob	100644	b858163ffdadc6e17320b544002466ba5ea761b9
compiler/src/iree/compiler/Dialect/Stream/Conversion/UtilToStream/test/structural_ops.mlir	blob	100644	1bc60ecd2fa3f42641d9a268bcb61d3bbdddb158
compiler/src/iree/compiler/Dialect/Stream/IR/BUILD.bazel	blob	100644	33c213a8a6e4a7c69771bda4b62a78c6fcce82cb
compiler/src/iree/compiler/Dialect/Stream/IR/CMakeLists.txt	blob	100644	b37821398ddd2454fa8fc777e7135e8426962fab
compiler/src/iree/compiler/Dialect/Stream/IR/StreamAttrs.td	blob	100644	d704d9f328ba7c020d8a1ee11278afc8278e4044
compiler/src/iree/compiler/Dialect/Stream/IR/StreamBase.td	blob	100644	dfc8000fa5f5dfc83fd8761f949ed5f8d50b50a4
compiler/src/iree/compiler/Dialect/Stream/IR/StreamDialect.cpp	blob	100644	dedaa0e503bdd9506df60dc4a7a31f9e389d081b
compiler/src/iree/compiler/Dialect/Stream/IR/StreamDialect.h	blob	100644	b78b6cc6ea35b8c3858ca569ed8dcde69ed6e5a7
compiler/src/iree/compiler/Dialect/Stream/IR/StreamDialect.td	blob	100644	655b1a8700666dd635419812074db88ef3045bba
compiler/src/iree/compiler/Dialect/Stream/IR/StreamInterfaces.h	blob	100644	99029e399a0c6b933421321dbb3403dbbfd76528
compiler/src/iree/compiler/Dialect/Stream/IR/StreamInterfaces.td	blob	100644	d96ab6899f5ab296926c84d98d820d503f734b04
compiler/src/iree/compiler/Dialect/Stream/IR/StreamOpFolders.cpp	blob	100644	62a53e60adcd41271b52032e4c330b181a679b65
compiler/src/iree/compiler/Dialect/Stream/IR/StreamOps.cpp	blob	100644	e00509c319e5bbe8e758dc42215c751383024743
compiler/src/iree/compiler/Dialect/Stream/IR/StreamOps.h	blob	100644	801cf704eede098d3ee0780eb814889f3996041f
compiler/src/iree/compiler/Dialect/Stream/IR/StreamOps.td	blob	100644	68dff9ef3becc6f8f6ddee29afbb3c7146fadf0e
compiler/src/iree/compiler/Dialect/Stream/IR/StreamTraits.h	blob	100644	c63d23fcadc1c0ca153ae35d8e858b54c806c320
compiler/src/iree/compiler/Dialect/Stream/IR/StreamTypes.cpp	blob	100644	7bbb612f8b17875f22585cee019e1147de9d3346
compiler/src/iree/compiler/Dialect/Stream/IR/StreamTypes.h	blob	100644	97995c859197fd1a7807f38a9b43f853071fd88f
compiler/src/iree/compiler/Dialect/Stream/IR/StreamTypes.td	blob	100644	1abb9d8bf1dea47487130fa6b3e339c9be0be9ba
compiler/src/iree/compiler/Dialect/Stream/IR/test/BUILD.bazel	blob	100644	bd3f53daab8b42ae7bd657c858c413f7b8c26d9e
compiler/src/iree/compiler/Dialect/Stream/IR/test/CMakeLists.txt	blob	100644	55dafb7ea9463528eca517aa682aa28c2cb8f1bf
compiler/src/iree/compiler/Dialect/Stream/IR/test/async_folding.mlir	blob	100644	3cd1613b0803e615d655d59ce412bdf7d0811255
compiler/src/iree/compiler/Dialect/Stream/IR/test/async_ops.mlir	blob	100644	79fa894d34aecddfee513a1975ab6031cd3f564d
compiler/src/iree/compiler/Dialect/Stream/IR/test/async_parameter_folding.mlir	blob	100644	4821f3e575368c15cd72b8b4ab847e6e1c9367ad
compiler/src/iree/compiler/Dialect/Stream/IR/test/async_parameter_ops.mlir	blob	100644	9e27577c89331fc2a0dec82a2cc1bba034192842
compiler/src/iree/compiler/Dialect/Stream/IR/test/channel_folding.mlir	blob	100644	3032d597a7d74b2456fbd04f2805b27236afd922
compiler/src/iree/compiler/Dialect/Stream/IR/test/channel_ops.mlir	blob	100644	a465546344a176aea476adc6933c58b7b5ad0451
compiler/src/iree/compiler/Dialect/Stream/IR/test/cmd_folding.mlir	blob	100644	45fa780fcdefc325e6cd6f0b344c8208f1d7538a
compiler/src/iree/compiler/Dialect/Stream/IR/test/cmd_ops.mlir	blob	100644	d75df4cafb66450c854a87ad5ff57440f4b32b85
compiler/src/iree/compiler/Dialect/Stream/IR/test/cmd_parameter_folding.mlir	blob	100644	1d3408164d99a8c194ed70570b3de1b06a2c7af2
compiler/src/iree/compiler/Dialect/Stream/IR/test/cmd_parameter_ops.mlir	blob	100644	e5ce9098f6b52abf0a3f42c29abf6843fd072cc5
compiler/src/iree/compiler/Dialect/Stream/IR/test/context_ops.mlir	blob	100644	950643ab1eb017e903710a8285f1e6766bdc0533
compiler/src/iree/compiler/Dialect/Stream/IR/test/executable_ops.mlir	blob	100644	f3ed81f0b59a36ecb59f0f27aa02d66ab16cbe4d
compiler/src/iree/compiler/Dialect/Stream/IR/test/file_ops.mlir	blob	100644	94680ceadd22726cd63f726f9dd570a99bffd80b
compiler/src/iree/compiler/Dialect/Stream/IR/test/resource_folding.mlir	blob	100644	fbac1ab61165771b9f57d1c5d1435dac2b91c879
compiler/src/iree/compiler/Dialect/Stream/IR/test/resource_ops.mlir	blob	100644	a9beab6557fffccf13f5e7f493db94fc2fc6faea
compiler/src/iree/compiler/Dialect/Stream/IR/test/tensor_folding.mlir	blob	100644	127132857fed63786eeba4d5333ec253070e6fd4
compiler/src/iree/compiler/Dialect/Stream/IR/test/tensor_ops.mlir	blob	100644	86f93c88798dc5644e4189c529b9fa03a60fb960
compiler/src/iree/compiler/Dialect/Stream/IR/test/tensor_parameter_ops.mlir	blob	100644	7bab13c39016b7d1e510b85e4f22cabc7f2a5d36
compiler/src/iree/compiler/Dialect/Stream/IR/test/timepoint_folding.mlir	blob	100644	cc43c17982cd0f0077589d25446d8a3c3e1cf1c1
compiler/src/iree/compiler/Dialect/Stream/IR/test/timepoint_ops.mlir	blob	100644	ceb09948e0795b19e76a0f793b5ed7e671d551aa
compiler/src/iree/compiler/Dialect/Stream/Transforms/AnnotateAffinities.cpp	blob	100644	e00d1ca1fe9466f2eea0e6be0e1510654c798859
compiler/src/iree/compiler/Dialect/Stream/Transforms/AnnotateConstantTransientSize.cpp	blob	100644	2d2197473462b163a61de25860f450dd121502eb
compiler/src/iree/compiler/Dialect/Stream/Transforms/AnnotateDispatchArguments.cpp	blob	100644	a589e5812a5e03ef5b85a75128b791543efbaf4e
compiler/src/iree/compiler/Dialect/Stream/Transforms/AnnotateDispatchAssumptions.cpp	blob	100644	378c3bf6b1d5b320ff7bfcbd6dc08c09f754b0b3
compiler/src/iree/compiler/Dialect/Stream/Transforms/AutomaticReferenceCounting.cpp	blob	100644	019933af83558e71bb12722d6496eaad1b2bc0ab
compiler/src/iree/compiler/Dialect/Stream/Transforms/BUILD.bazel	blob	100644	77eefab5e4c014347cc815c0fefdfb8d588b2f35
compiler/src/iree/compiler/Dialect/Stream/Transforms/CMakeLists.txt	blob	100644	52f8467168161996f601b94029d7dc36c0bd6fa6
compiler/src/iree/compiler/Dialect/Stream/Transforms/CloneToConsumers.cpp	blob	100644	3e83de0d16ebb13cb0a241de50acf587dd5b470d
compiler/src/iree/compiler/Dialect/Stream/Transforms/ConvertToStream.cpp	blob	100644	a0379a6e5f3d13612837ff39d4b1e82fc2010553
compiler/src/iree/compiler/Dialect/Stream/Transforms/DumpStatistics.cpp	blob	100644	4c0e637b480be6268d919a2d429d3b8cf83fa3c6
compiler/src/iree/compiler/Dialect/Stream/Transforms/ElideAsyncCopies.cpp	blob	100644	7148dd7f1e9e7af18b56bbf2dde620926c6d2cf6
compiler/src/iree/compiler/Dialect/Stream/Transforms/ElideTimepoints.cpp	blob	100644	a867ffeaa9f1322700288eb56d9a68cb170b64eb
compiler/src/iree/compiler/Dialect/Stream/Transforms/EmplaceAllocations.cpp	blob	100644	2a8d589def532f28abb59757c37f25385d21e9b7
compiler/src/iree/compiler/Dialect/Stream/Transforms/EmplaceTransients.cpp	blob	100644	2b738de878aea2716495d255227ab95cc445ed16
compiler/src/iree/compiler/Dialect/Stream/Transforms/EncodeTensors.cpp	blob	100644	107cfb35f35c52d11f70971346fab688e3312069
compiler/src/iree/compiler/Dialect/Stream/Transforms/FoldUniformOperands.cpp	blob	100644	ddbf7f9d86ca265bfdb3bd571cc7e1a9b7b6a8a7
compiler/src/iree/compiler/Dialect/Stream/Transforms/FuseDispatchBindings.cpp	blob	100644	293a03c9d070a9b6116be875b9cb56569ecb0f7c
compiler/src/iree/compiler/Dialect/Stream/Transforms/LayoutSlices.cpp	blob	100644	f763d8076bb31ecf55e40a94e78635577fa88e3a
compiler/src/iree/compiler/Dialect/Stream/Transforms/MaterializeBuiltins.cpp	blob	100644	e1b61920753585b07e08ac5162ca2c70decfadad
compiler/src/iree/compiler/Dialect/Stream/Transforms/MaterializeCopyOnWrite.cpp	blob	100644	cb730ae0f8b3aeeb35a8bd172423c418849caea9
compiler/src/iree/compiler/Dialect/Stream/Transforms/MaterializeEncodings.cpp	blob	100644	d728e6c8025d53a1717ff4f962c01fa78cb39a7b
compiler/src/iree/compiler/Dialect/Stream/Transforms/MaterializeTransientSizeQueries.cpp	blob	100644	34609e399ba4c4cb64a5ccf1b2300aa95e0c1d2b
compiler/src/iree/compiler/Dialect/Stream/Transforms/PackConstants.cpp	blob	100644	e5a1dc758a93d0c294e7c9f7d2b5412497201c30
compiler/src/iree/compiler/Dialect/Stream/Transforms/PackDispatchOperands.cpp	blob	100644	033e29c44c00d7801584cf696401869d9bf8966a
compiler/src/iree/compiler/Dialect/Stream/Transforms/Passes.cpp	blob	100644	3a9c1963465e75e9e36a164b74ad537935d1a530
compiler/src/iree/compiler/Dialect/Stream/Transforms/Passes.h	blob	100644	4949d7435a58577f6848a1af492fe925d0f2269b
compiler/src/iree/compiler/Dialect/Stream/Transforms/Passes.td	blob	100644	1e15b906dd3aec7194be502bd2371b4848751519
compiler/src/iree/compiler/Dialect/Stream/Transforms/PlaceTransferExecutions.cpp	blob	100644	c70b5f87f36e77db808b1ace64ea034bc9c27aa9
compiler/src/iree/compiler/Dialect/Stream/Transforms/PropagateTimepoints.cpp	blob	100644	2d15adf2bf50fef1cd95cee7c51d62a6228f1315
compiler/src/iree/compiler/Dialect/Stream/Transforms/RefineUsage.cpp	blob	100644	2ea9618e136848ea0d19a066aab0e96b44cabd06
compiler/src/iree/compiler/Dialect/Stream/Transforms/ReuseAllocations.cpp	blob	100644	4fb3e4ca8d98f6d7a6aeb4162452c93735682953
compiler/src/iree/compiler/Dialect/Stream/Transforms/ScheduleAllocation.cpp	blob	100644	b206f275e765fac89a86e980972f67a514574662
compiler/src/iree/compiler/Dialect/Stream/Transforms/ScheduleConcurrency.cpp	blob	100644	f256a88d758297ab5efb2357124bcd30481d48f5
compiler/src/iree/compiler/Dialect/Stream/Transforms/ScheduleExecution.cpp	blob	100644	60e9827aa2095cfb6de041c846fc3a0c9ac092d7
compiler/src/iree/compiler/Dialect/Stream/Transforms/SpecializeDispatches.cpp	blob	100644	e8974e8162561375b0f86944378015e0daf31794
compiler/src/iree/compiler/Dialect/Stream/Transforms/SpecializeEncodings.cpp	blob	100644	afd3e006e85ae6732786b7965fa3fb15a1b80a9c
compiler/src/iree/compiler/Dialect/Stream/Transforms/SplitParameterEncoder.cpp	blob	100644	5e6c414d27b903eaca80d692fa7efae236d3a113
compiler/src/iree/compiler/Dialect/Stream/Transforms/SyncInitializers.cpp	blob	100644	ed9b82562ea7896553cdaece42c466b29e8c8987
compiler/src/iree/compiler/Dialect/Stream/Transforms/UnifyEncodingForGlobals.cpp	blob	100644	000917deb0a042b271a563f5dcbf3f108dd824e6
compiler/src/iree/compiler/Dialect/Stream/Transforms/Utils.cpp	blob	100644	086c37a928c3192a8744ebc11f97437a86e863c1
compiler/src/iree/compiler/Dialect/Stream/Transforms/Utils.h	blob	100644	680dfb471c9f4d1645ed5a2f89db03e9dcd132a6
compiler/src/iree/compiler/Dialect/Stream/Transforms/VerifyAffinities.cpp	blob	100644	a568b39136e34d0264135dded65b2d97fd50e3b7
compiler/src/iree/compiler/Dialect/Stream/Transforms/VerifyAsyncAccessRanges.cpp	blob	100644	d998b0e04ef18d1a5cf683ac00588dd31879ef06
compiler/src/iree/compiler/Dialect/Stream/Transforms/VerifyLowerings.cpp	blob	100644	aaf2cf677aa91b68be224a1baafd1957b26187ad
compiler/src/iree/compiler/Dialect/Stream/Transforms/test/BUILD.bazel	blob	100644	6035df886914e5877dc32a29e3f52101c8c741c2
compiler/src/iree/compiler/Dialect/Stream/Transforms/test/CMakeLists.txt	blob	100644	9db48999b288ae647d1299772b3ca57cd7c0aa12
compiler/src/iree/compiler/Dialect/Stream/Transforms/test/annotate_affinities.mlir	blob	100644	58f10237318a25787eed45c2ae39b2ba73062027
compiler/src/iree/compiler/Dialect/Stream/Transforms/test/annotate_constant_transient_size.mlir	blob	100644	208c5dba47c7853ae2a9ae23d778057cda35de47
compiler/src/iree/compiler/Dialect/Stream/Transforms/test/annotate_dispatch_arguments.mlir	blob	100644	69a16bc1b27fbfd79f074bcba09d119ca482b4b4
compiler/src/iree/compiler/Dialect/Stream/Transforms/test/annotate_dispatch_assumptions.mlir	blob	100644	6ed8a4390e57d5a222624d4b18abe5b31a4baa77
compiler/src/iree/compiler/Dialect/Stream/Transforms/test/automatic_reference_counting.mlir	blob	100644	5faa35187eb25b3ce19adaa88b25531852c62207
compiler/src/iree/compiler/Dialect/Stream/Transforms/test/automatic_reference_counting_scf.mlir	blob	100644	648b1260a75c21f03fc1d3a8d1b4922f3ec1fd74
compiler/src/iree/compiler/Dialect/Stream/Transforms/test/clone_to_consumers.mlir	blob	100644	df18cb405533d2db53f73c3084e3f0c06680a808
compiler/src/iree/compiler/Dialect/Stream/Transforms/test/convert_to_stream.mlir	blob	100644	5d6c0e9abe3be7c1e814a994e6bd6bdae4f46a17
compiler/src/iree/compiler/Dialect/Stream/Transforms/test/dump_statistics.mlir	blob	100644	bd761530797b17598246b8c284ac7ef8016ddf9a
compiler/src/iree/compiler/Dialect/Stream/Transforms/test/e2e/BUILD.bazel	blob	100644	83ca37106ddc791554b3076b2d133e91afaea7ca
compiler/src/iree/compiler/Dialect/Stream/Transforms/test/e2e/CMakeLists.txt	blob	100644	9d116b2af3f83c072a58f850fcd9e62e8369573a
compiler/src/iree/compiler/Dialect/Stream/Transforms/test/e2e/async_copies.mlir	blob	100644	38d2dbd306bd01ec76aad324a16ba63f34467e85
compiler/src/iree/compiler/Dialect/Stream/Transforms/test/e2e/async_parameters.mlir	blob	100644	87363496e9c6d987af883b461d53d311047e7b34
compiler/src/iree/compiler/Dialect/Stream/Transforms/test/e2e/transfer_execution_placement.mlir	blob	100644	589a3c7402e1d2b034dfad3b979064456b5e475b
compiler/src/iree/compiler/Dialect/Stream/Transforms/test/elide_async_copies.mlir	blob	100644	fc3c2d61d65a2fd752b604f9af28eb8c7f8375e6
compiler/src/iree/compiler/Dialect/Stream/Transforms/test/elide_async_copies_scf.mlir	blob	100644	c09ab2b714220f43404c80aceb6536881ea5be1f
compiler/src/iree/compiler/Dialect/Stream/Transforms/test/elide_async_copies_tensor_import_consume.mlir	blob	100644	b341e5fb618167d54a24db9c7e298e0232f18b96
compiler/src/iree/compiler/Dialect/Stream/Transforms/test/elide_async_copies_topology.mlir	blob	100644	ad84eec4c7b96b682a1bf3a7e3fd464ffb51febf
compiler/src/iree/compiler/Dialect/Stream/Transforms/test/elide_materialized_copies.mlir	blob	100644	95d7a29a2fa45e8b863eab1a7dabf8fc3352475f
compiler/src/iree/compiler/Dialect/Stream/Transforms/test/elide_timepoints_coverage.mlir	blob	100644	79526ff5b9a832a32537cdc3fb71576353b101c0
compiler/src/iree/compiler/Dialect/Stream/Transforms/test/elide_timepoints_fold.mlir	blob	100644	5df0157d9b81a11b145b1fe3af34ea50cf27c8ae
compiler/src/iree/compiler/Dialect/Stream/Transforms/test/elide_timepoints_immediate.mlir	blob	100644	6b20dcc0cd31b51051299dfacc0669f39f6176b7
compiler/src/iree/compiler/Dialect/Stream/Transforms/test/elide_timepoints_parameters.mlir	blob	100644	96f1786322bc2f78488507f9cf5b1574449111d6
compiler/src/iree/compiler/Dialect/Stream/Transforms/test/elide_timepoints_scf.mlir	blob	100644	4d4cb73d20f41d2b79722b92442cdffdbb8dcba5
compiler/src/iree/compiler/Dialect/Stream/Transforms/test/emplace_allocations.mlir	blob	100644	091e70ad0e32bbd7f2cf6889cf6ec5a6629d0457
compiler/src/iree/compiler/Dialect/Stream/Transforms/test/emplace_transients.mlir	blob	100644	b7d5c771f6de1df15d948827e0a46bebf5a01de6
compiler/src/iree/compiler/Dialect/Stream/Transforms/test/emplace_transients_scf.mlir	blob	100644	9152dcfc4c16ad77ca67063fa53a630d1e2e8e4b
compiler/src/iree/compiler/Dialect/Stream/Transforms/test/encode_device_tensors.mlir	blob	100644	734f39edaa88fdf424aaf5f14701fbfd92157d9b
compiler/src/iree/compiler/Dialect/Stream/Transforms/test/encode_device_tensors_encoding.mlir	blob	100644	f31c74f2863990d14db5f31c0b90a3ed1be1bdbb
compiler/src/iree/compiler/Dialect/Stream/Transforms/test/encode_device_tensors_packing.mlir	blob	100644	569eef54b19eb23dd880dfcab315d9050e432624
compiler/src/iree/compiler/Dialect/Stream/Transforms/test/encode_host_tensors.mlir	blob	100644	af60eeebe6e3275d55fb1467566ce85f6ee6288b
compiler/src/iree/compiler/Dialect/Stream/Transforms/test/encode_host_tensors_encoding.mlir	blob	100644	6dbf7c85e4e859248922281739136461651d6951
compiler/src/iree/compiler/Dialect/Stream/Transforms/test/encode_host_tensors_packing.mlir	blob	100644	a2c180f59aa901c19e9d9acedaf6fed505a8f529
compiler/src/iree/compiler/Dialect/Stream/Transforms/test/encode_host_tensors_parameters.mlir	blob	100644	110d22fbb5d9e8a20bce95f3aee05c4a3ed2ce88
compiler/src/iree/compiler/Dialect/Stream/Transforms/test/fold_globals.mlir	blob	100644	4c9ce60a04bc0e933dff41438a2ccbd8faf7b408
compiler/src/iree/compiler/Dialect/Stream/Transforms/test/fold_uniform_operands.mlir	blob	100644	26f6d6933448ac005f4a0acf469618281b3026c5
compiler/src/iree/compiler/Dialect/Stream/Transforms/test/fuse_dispatch_bindings.mlir	blob	100644	99cc0c7ed24bfb835a9c48b1167e88413a4b3e02
compiler/src/iree/compiler/Dialect/Stream/Transforms/test/fuse_dispatch_bindings_noalias.mlir	blob	100644	8b1c286d481c6bf6fae78f3b112b765392f551dc
compiler/src/iree/compiler/Dialect/Stream/Transforms/test/layout_slices.mlir	blob	100644	2dc52792bd7053ba1f7868e1cc5ddf0e03387ee5
compiler/src/iree/compiler/Dialect/Stream/Transforms/test/materialize_builtins.mlir	blob	100644	e590a003bb45a4b82eab4ccaa87e741a01134737
compiler/src/iree/compiler/Dialect/Stream/Transforms/test/materialize_copy_on_write.mlir	blob	100644	a1509e327a6dee5f4eb150821deaa323bf549847
compiler/src/iree/compiler/Dialect/Stream/Transforms/test/materialize_encodings.mlir	blob	100644	984cfaf57ff28ec6753203aceef08ac609b4ee81
compiler/src/iree/compiler/Dialect/Stream/Transforms/test/materialize_transient_size_queries.mlir	blob	100644	878617213c85717c6d7bc497e1980b569bf66d6e
compiler/src/iree/compiler/Dialect/Stream/Transforms/test/pack_constants.mlir	blob	100644	bb9d9346f7e674c0c1068306795462a8583a1ef4
compiler/src/iree/compiler/Dialect/Stream/Transforms/test/pack_constants_parameters.mlir	blob	100644	8f429f7ef013ac446559cd7b192be8992c774854
compiler/src/iree/compiler/Dialect/Stream/Transforms/test/pack_dispatch_operands.mlir	blob	100644	7977ed787564a3293e316d901ecd1a834e5e2ffa
compiler/src/iree/compiler/Dialect/Stream/Transforms/test/place_transfer_executions.mlir	blob	100644	cf9f1393c3ffb86180c6fe433aac324cbbeebf51
compiler/src/iree/compiler/Dialect/Stream/Transforms/test/propagate_subviews.mlir	blob	100644	3e7e384467a29857b34a21f57767b7e0b1350eb2
compiler/src/iree/compiler/Dialect/Stream/Transforms/test/propagate_timepoints.mlir	blob	100644	f3ada437926c25a5f2ddefcb5f7d016945080051
compiler/src/iree/compiler/Dialect/Stream/Transforms/test/propagate_timepoints_scf.mlir	blob	100644	b9c9be554dd1cab6f17efa60f63f4fb22300dfb9
compiler/src/iree/compiler/Dialect/Stream/Transforms/test/refine_usage.mlir	blob	100644	b015a22bfa00d38499bc026bcd854b32096dd1d3
compiler/src/iree/compiler/Dialect/Stream/Transforms/test/reuse_allocations.mlir	blob	100644	00a9831063e276e94ea72ca1a3d2e8e55b6315b3
compiler/src/iree/compiler/Dialect/Stream/Transforms/test/schedule_allocation.mlir	blob	100644	ab20e414136c3f6ca969c2c81c50f5088f28bb19
compiler/src/iree/compiler/Dialect/Stream/Transforms/test/schedule_allocation_parameters.mlir	blob	100644	747a7fc2abd0340a00b158ba587391f7ffe4672a
compiler/src/iree/compiler/Dialect/Stream/Transforms/test/schedule_concurrency.mlir	blob	100644	15ddf8bb5547a113cc9dc2c2cc8a333db1a9c32f
compiler/src/iree/compiler/Dialect/Stream/Transforms/test/schedule_execution.mlir	blob	100644	79a917579a8739bb4f8d71e2f234169293cac2d1
compiler/src/iree/compiler/Dialect/Stream/Transforms/test/schedule_execution_invalid.mlir	blob	100644	2820b01dc805011586e1dbbe4b7b88d268c0f740
compiler/src/iree/compiler/Dialect/Stream/Transforms/test/schedule_execution_scf.mlir	blob	100644	6e9e1b2b795943d7221a1c33298cb4d32ec8abcb
compiler/src/iree/compiler/Dialect/Stream/Transforms/test/schedule_execution_timeline_aware.mlir	blob	100644	1933bde55cabcd52bcdabc890a60e6243b7d828c
compiler/src/iree/compiler/Dialect/Stream/Transforms/test/specialize_dispatches.mlir	blob	100644	4f5f9315b3c2e91391177d6bcdc3591c06550149
compiler/src/iree/compiler/Dialect/Stream/Transforms/test/specialize_encodings.mlir	blob	100644	36b0e0647d702839afd3a2287f819bd9dbf839a4
compiler/src/iree/compiler/Dialect/Stream/Transforms/test/split_parameter_encoder.mlir	blob	100644	8241b951f0205ef60ee0c7291f02a109a5527fdb
compiler/src/iree/compiler/Dialect/Stream/Transforms/test/sync_initializers.mlir	blob	100644	1e6744835ad4439ab3081ea8c60212043eebb2c8
compiler/src/iree/compiler/Dialect/Stream/Transforms/test/unify_encoding_for_globals.mlir	blob	100644	296bb1cb5a754de87b195332329123de43779bf3
compiler/src/iree/compiler/Dialect/Stream/Transforms/test/verify_affinities.mlir	blob	100644	ee298109fc85dcde58515a19ddc406a7f9beb00a
compiler/src/iree/compiler/Dialect/Stream/Transforms/test/verify_async_access_ranges.mlir	blob	100644	49ae711c1dfcb68e2f35fcef5f9bd0e556404f28
compiler/src/iree/compiler/Dialect/Stream/Transforms/test/verify_input.mlir	blob	100644	abcb6a3f1b1dafafa553f7090c684fb530f5a4bb
compiler/src/iree/compiler/Dialect/TensorExt/BUILD.bazel	blob	100644	5e68f0007984a7240c0e32e44e91acb1889d3c14
compiler/src/iree/compiler/Dialect/TensorExt/CMakeLists.txt	blob	100644	bde74037d1241c180c3f539edd65015dde8b4965
compiler/src/iree/compiler/Dialect/TensorExt/IR/BUILD.bazel	blob	100644	a278378e9ce0b260e274f079792a5a3db2cec4f8
compiler/src/iree/compiler/Dialect/TensorExt/IR/CMakeLists.txt	blob	100644	c841099d40b2975005fd12bab285e07db03945cd
compiler/src/iree/compiler/Dialect/TensorExt/IR/TensorExtAttrInterfaces.cpp	blob	100644	3a8948c1463d0b43507700e2072f00bfa3f860a5
compiler/src/iree/compiler/Dialect/TensorExt/IR/TensorExtAttrInterfaces.h	blob	100644	e3f6d13a6de535916595194b011c3c5e3e898fb5
compiler/src/iree/compiler/Dialect/TensorExt/IR/TensorExtAttrs.cpp	blob	100644	fe27c66cf864b8ead21c0059e7cfe82aa2c8b3bd
compiler/src/iree/compiler/Dialect/TensorExt/IR/TensorExtAttrs.h	blob	100644	fa04651f6700d814b3afb54162d5e5aaa371b658
compiler/src/iree/compiler/Dialect/TensorExt/IR/TensorExtAttrs.td	blob	100644	9b873fa9a2b5ba8bc46a44762129ca0576d88a4b
compiler/src/iree/compiler/Dialect/TensorExt/IR/TensorExtBase.td	blob	100644	a115ad7b9e1cf69ea7254dfe745641397bb6f033
compiler/src/iree/compiler/Dialect/TensorExt/IR/TensorExtDialect.cpp	blob	100644	11fabec8ccd5b2452474b82552b02fb05a0f6dda
compiler/src/iree/compiler/Dialect/TensorExt/IR/TensorExtDialect.h	blob	100644	e96458b2dba81d26b7ee3550d3189568742fc716
compiler/src/iree/compiler/Dialect/TensorExt/IR/TensorExtInterfaces.td	blob	100644	ec97a31866a95d2dfed636263911cdde7e1dd48e
compiler/src/iree/compiler/Dialect/TensorExt/IR/TensorExtOpFolders.cpp	blob	100644	7ba14468e32b3e97c602be1a747106242f117b9d
compiler/src/iree/compiler/Dialect/TensorExt/IR/TensorExtOpInterfaces.cpp	blob	100644	5eb589f25bfcbc1d6fc230fb2bfee82696321fe0
compiler/src/iree/compiler/Dialect/TensorExt/IR/TensorExtOpInterfaces.h	blob	100644	8ab35daded7edc5d74b4a490baf002411774d357
compiler/src/iree/compiler/Dialect/TensorExt/IR/TensorExtOps.cpp	blob	100644	87a70ffc119cf58541e4967d8305778d79b8d96c
compiler/src/iree/compiler/Dialect/TensorExt/IR/TensorExtOps.h	blob	100644	90520f9b12823c6144e09101f4c44a27c2353cef
compiler/src/iree/compiler/Dialect/TensorExt/IR/TensorExtOps.td	blob	100644	648ce36e54d8747308fad9f16f56661f14a06319
compiler/src/iree/compiler/Dialect/TensorExt/IR/TensorExtTypes.cpp	blob	100644	b70ff74860c31277e82b2e1d52ec726287c0a43c
compiler/src/iree/compiler/Dialect/TensorExt/IR/TensorExtTypes.h	blob	100644	266788c63b4835802d736069a8f58b66f7163ea6
compiler/src/iree/compiler/Dialect/TensorExt/IR/test/BUILD.bazel	blob	100644	41a26b2ff6ad02809d26d32a1f9db4ddc80c95e6
compiler/src/iree/compiler/Dialect/TensorExt/IR/test/CMakeLists.txt	blob	100644	80d131655cf3f012c1531bd54fd78a76610d3b88
compiler/src/iree/compiler/Dialect/TensorExt/IR/test/dispatch_tensor_folding.mlir	blob	100644	01ebacf76d1db15246e22d43dad81a3953721890
compiler/src/iree/compiler/Dialect/TensorExt/IR/test/dispatch_workload_ordinal_folding.mlir	blob	100644	49a2f84a4789000277a78fb5d3c5b1564e613ff5
compiler/src/iree/compiler/Dialect/TensorExt/IR/test/inline.mlir	blob	100644	8cb393fa348ca6a3496eaed9d2d5eba32fe28ee5
compiler/src/iree/compiler/Dialect/TensorExt/IR/test/invalid.mlir	blob	100644	9566e9872672a247ce2d28388e8f2bd5acf172a3
compiler/src/iree/compiler/Dialect/TensorExt/IR/test/roundtrip.mlir	blob	100644	cf86d79edebc149ece29f1f26d2e35bc269c7335
compiler/src/iree/compiler/Dialect/TensorExt/IR/test/tensor_ext_folding.mlir	blob	100644	9128e424703bb863936c567748eb06ddf052e5cd
compiler/src/iree/compiler/Dialect/TensorExt/Transforms/BUILD.bazel	blob	100644	b859325aa48dd1dba0880bd3d2281e03cc4406ea
compiler/src/iree/compiler/Dialect/TensorExt/Transforms/CMakeLists.txt	blob	100644	2db5c631a72f6d1e2384ded04582a3bdf6d29d4c
compiler/src/iree/compiler/Dialect/TensorExt/Transforms/Folders.cpp	blob	100644	373e2b1b4e6da7f4aac9ad2c4e235d2e3215fa68
compiler/src/iree/compiler/Dialect/TensorExt/Transforms/Passes.cpp	blob	100644	f8657a85ed44790ee59998e4d0117c229a110602
compiler/src/iree/compiler/Dialect/TensorExt/Transforms/Passes.h	blob	100644	cb9cc0c35d048698c074fb015937c136ce2fca11
compiler/src/iree/compiler/Dialect/TensorExt/Transforms/Passes.td	blob	100644	c219d32ac23e80c2d5f679a09c1c2231431de531
compiler/src/iree/compiler/Dialect/TensorExt/Transforms/TestSparseInterfaceMethods.cpp	blob	100644	5ccaf73c57302e2dcf3e95d6d837d9fb35870703
compiler/src/iree/compiler/Dialect/TensorExt/Transforms/Transforms.h	blob	100644	33d9e27823e6535e5d26fd1dc9f5682fb1ce113b
compiler/src/iree/compiler/Dialect/TensorExt/Transforms/test/BUILD.bazel	blob	100644	96300e0673ed5fb8955e95e03a75a735af8612e7
compiler/src/iree/compiler/Dialect/TensorExt/Transforms/test/CMakeLists.txt	blob	100644	02c5495e535dd388d356b1f76017d757323e3d28
compiler/src/iree/compiler/Dialect/TensorExt/Transforms/test/sparse_interface_methods.mlir	blob	100644	4c6474337cdf1096bb55330c314d41772ffc58cf
compiler/src/iree/compiler/Dialect/TensorExt/Transforms/test/sparse_interface_methods_distribution_info.mlir	blob	100644	0af292b0148ae25bcd54f323dcfdc49ae7d122d4
compiler/src/iree/compiler/Dialect/TensorExt/Transforms/test/sparse_interface_methods_estimated_loop_range_fail.mlir	blob	100644	de50790fb2fe431ddc9a27c73ea60d2c21a6094d
compiler/src/iree/compiler/Dialect/TensorExt/Transforms/test/sparse_interface_methods_lower_loop_range_fail.mlir	blob	100644	73e4d1407631e485257516dcbd58538471227920
compiler/src/iree/compiler/Dialect/TensorExt/Transforms/test/sparse_interface_methods_resolve_range.mlir	blob	100644	6dab8b2a458770c10afa0d13bff625b8726bc638
compiler/src/iree/compiler/Dialect/Util/Analysis/Attributes/BUILD.bazel	blob	100644	021f1687f15b22bed1d32cc82797ca394a8b29d1
compiler/src/iree/compiler/Dialect/Util/Analysis/Attributes/CMakeLists.txt	blob	100644	11639317885672f4348ca0742c5b02a4e9dc8748
compiler/src/iree/compiler/Dialect/Util/Analysis/Attributes/PotentialValues.cpp	blob	100644	98a3921a80b2c8ce37c954ab214a43e919ac469f
compiler/src/iree/compiler/Dialect/Util/Analysis/Attributes/PotentialValues.h	blob	100644	e5854c4ff37a1e91037c31a1aca3475016f16f31
compiler/src/iree/compiler/Dialect/Util/Analysis/Attributes/Range.cpp	blob	100644	074e028fbf3b943532c2206999f596a533a3e8d4
compiler/src/iree/compiler/Dialect/Util/Analysis/Attributes/Range.h	blob	100644	032e9d2bb40e7ca060a3c21f0fa2b2be32f3385a
compiler/src/iree/compiler/Dialect/Util/Analysis/BUILD.bazel	blob	100644	10901f8fe4439d54aa931a88cb2eacd845598f32
compiler/src/iree/compiler/Dialect/Util/Analysis/CMakeLists.txt	blob	100644	87f0b6b587ba8096aad4ff6c6842c06d7687fa42
compiler/src/iree/compiler/Dialect/Util/Analysis/Constant/BUILD.bazel	blob	100644	99aeebf0e246a0949bccc95fd15508b4b9e586b1
compiler/src/iree/compiler/Dialect/Util/Analysis/Constant/CMakeLists.txt	blob	100644	e19afba3f698e98aa8a9de3a228ab5efef434d91
compiler/src/iree/compiler/Dialect/Util/Analysis/Constant/ConstExpr.cpp	blob	100644	b03e8116379d5a2fc3a82bf4ca300c206077e118
compiler/src/iree/compiler/Dialect/Util/Analysis/Constant/ConstExpr.h	blob	100644	235743357bf91205db556f2683a326d2c31a10e8
compiler/src/iree/compiler/Dialect/Util/Analysis/Constant/OpOracle.cpp	blob	100644	4045bace9b0aa414055afc1d57b718a67130313a
compiler/src/iree/compiler/Dialect/Util/Analysis/Constant/OpOracle.h	blob	100644	e9103433092b39dfd78b41e30fdf600ade46dcda
compiler/src/iree/compiler/Dialect/Util/Analysis/DFX/BUILD.bazel	blob	100644	b6c7e637cb2b8f340bb3d0cf32b8c11bb1fc6cbb
compiler/src/iree/compiler/Dialect/Util/Analysis/DFX/CMakeLists.txt	blob	100644	589e2b9375bd5d4be9f1ac0babedf941ac958160
compiler/src/iree/compiler/Dialect/Util/Analysis/DFX/DepGraph.cpp	blob	100644	5361ad5fa02aac0d611d8b17b457a58c89ca4700
compiler/src/iree/compiler/Dialect/Util/Analysis/DFX/DepGraph.h	blob	100644	b7e424a8d30730a1a5d3f4641a3107aba9eaa7b1
compiler/src/iree/compiler/Dialect/Util/Analysis/DFX/Element.cpp	blob	100644	4724a5c26d82ade259c683ec2af824c69c77af64
compiler/src/iree/compiler/Dialect/Util/Analysis/DFX/Element.h	blob	100644	be2ab3673fd988c1979ff9f2838e5f15d763240d
compiler/src/iree/compiler/Dialect/Util/Analysis/DFX/Solver.cpp	blob	100644	80df8a1736efc145effda695d299c57eee297338
compiler/src/iree/compiler/Dialect/Util/Analysis/DFX/Solver.h	blob	100644	d4e415e50204713a24dcc0228a5c3fe244bee584
compiler/src/iree/compiler/Dialect/Util/Analysis/DFX/State.cpp	blob	100644	3966328941ec21e819abbf936a7ba8d04e17c7a4
compiler/src/iree/compiler/Dialect/Util/Analysis/DFX/State.h	blob	100644	6d553ecdeaa5344d9df59070db041f9e13e821a5
compiler/src/iree/compiler/Dialect/Util/Analysis/Explorer.cpp	blob	100644	8c327aa48d74c3aba8e2013bed2b727a257a4ac8
compiler/src/iree/compiler/Dialect/Util/Analysis/Explorer.h	blob	100644	39bdbb8a937681ad45138d3f384f43bc4ab4f0ab
compiler/src/iree/compiler/Dialect/Util/Analysis/GlobalTable.cpp	blob	100644	ee98e0db6799a4a1bce484ce4926d7429b3aebb5
compiler/src/iree/compiler/Dialect/Util/Analysis/GlobalTable.h	blob	100644	5da6610d246f379526a1570c043f905f8279c394
compiler/src/iree/compiler/Dialect/Util/Analysis/IntegerDivisibilityAnalysis.cpp	blob	100644	9151832adb2df7183d29ed8d5230145cb37b7f76
compiler/src/iree/compiler/Dialect/Util/Analysis/IntegerDivisibilityAnalysis.h	blob	100644	f2bca23b48ad2cd948b2c7d7339cdc314afeb113
compiler/src/iree/compiler/Dialect/Util/Analysis/Position.cpp	blob	100644	9b598b77699f1b3e46fbfe0528a0d66a3d2ff36e
compiler/src/iree/compiler/Dialect/Util/Analysis/Position.h	blob	100644	a69402769e5214457644f46742ede092b3dee666
compiler/src/iree/compiler/Dialect/Util/BUILD.bazel	blob	100644	236a474467251aef400aace1223bcd560190d2cc
compiler/src/iree/compiler/Dialect/Util/CMakeLists.txt	blob	100644	57a26c84cac0ed5e2ae4290b60e04ee2321f5d9c
compiler/src/iree/compiler/Dialect/Util/Conversion/BUILD.bazel	blob	100644	56f212b7bc72878668cd041e592f139a13753604
compiler/src/iree/compiler/Dialect/Util/Conversion/CMakeLists.txt	blob	100644	42cda397d5ab74dd4455c40b9a1aa48ed835a4cb
compiler/src/iree/compiler/Dialect/Util/Conversion/ConversionPatterns.cpp	blob	100644	7c0e49406b1399ff10c5eb92d489e5d49e49c42c
compiler/src/iree/compiler/Dialect/Util/Conversion/ConversionPatterns.h	blob	100644	1c013368ccab63c28ed934fd046f2fd3b71ee8df
compiler/src/iree/compiler/Dialect/Util/Conversion/FuncToUtil/BUILD.bazel	blob	100644	27344fac21693dd908a36a6ea905e5a6c963cc8b
compiler/src/iree/compiler/Dialect/Util/Conversion/FuncToUtil/CMakeLists.txt	blob	100644	648290c6ca1d8550e8e0b555327fae5ffe875aeb
compiler/src/iree/compiler/Dialect/Util/Conversion/FuncToUtil/Patterns.cpp	blob	100644	b2a2295b69d80ac9ec2a4889dd83ed82400602a2
compiler/src/iree/compiler/Dialect/Util/Conversion/FuncToUtil/Patterns.h	blob	100644	8b93dfb177ead3e1d847ca9d696b6d7d9775f16e
compiler/src/iree/compiler/Dialect/Util/Conversion/FuncToUtil/test/BUILD.bazel	blob	100644	3e92f3d8edc3d513e477c43ce2beec753584e375
compiler/src/iree/compiler/Dialect/Util/Conversion/FuncToUtil/test/CMakeLists.txt	blob	100644	b4c9fef1bc37147ff22cd32e7cc4db213115f90b
compiler/src/iree/compiler/Dialect/Util/Conversion/FuncToUtil/test/func_ops.mlir	blob	100644	bed517388e2a29cd03c7bc40596a970d03739ccb
compiler/src/iree/compiler/Dialect/Util/Conversion/MemRefToUtil/BUILD.bazel	blob	100644	dfc67cd8d822ef64a7306fc032702ec6509ee284
compiler/src/iree/compiler/Dialect/Util/Conversion/MemRefToUtil/CMakeLists.txt	blob	100644	8fd35e87b42537b6702fbb79b37f2945b7643668
compiler/src/iree/compiler/Dialect/Util/Conversion/MemRefToUtil/Patterns.cpp	blob	100644	e282accfcd27015d45ac21feb308e7b1d97bc716
compiler/src/iree/compiler/Dialect/Util/Conversion/MemRefToUtil/Patterns.h	blob	100644	cc35b0878d73baba290e7baa18fe75be9b8db796
compiler/src/iree/compiler/Dialect/Util/Conversion/MemRefToUtil/test/BUILD.bazel	blob	100644	67706eb1ea6a1d5887414a91190fe667cb66a0f2
compiler/src/iree/compiler/Dialect/Util/Conversion/MemRefToUtil/test/CMakeLists.txt	blob	100644	87b2ccea34e8c26aa1a7d2b0f1a3820c415a7ad8
compiler/src/iree/compiler/Dialect/Util/Conversion/MemRefToUtil/test/memref_ops.mlir	blob	100644	2c8447f24cd09a2908d2b5cb87835b2ffe0ec9a3
compiler/src/iree/compiler/Dialect/Util/Conversion/test/BUILD.bazel	blob	100644	a4b61738a425ab7d1759ed6f045bb29b0e3aa9ce
compiler/src/iree/compiler/Dialect/Util/Conversion/test/CMakeLists.txt	blob	100644	70a5b311fa44dae07da9e0cd6632d4f716463fe8
compiler/src/iree/compiler/Dialect/Util/Conversion/test/compiler_hints.mlir	blob	100644	e77ca93b5377f4f31dfbcce744a4288cceea5dee
compiler/src/iree/compiler/Dialect/Util/Conversion/test/structural_ops.mlir	blob	100644	b8151633122712750b7e536c9c38371a76c6a76d
compiler/src/iree/compiler/Dialect/Util/IR/BUILD.bazel	blob	100644	0a8bf199db8c5b73c9f8a1f71de71ab3a954393f
compiler/src/iree/compiler/Dialect/Util/IR/CMakeLists.txt	blob	100644	45c9ad5ccd8addd5ed5f56461cd52e49d96bf8f5
compiler/src/iree/compiler/Dialect/Util/IR/ClosureOpUtils.cpp	blob	100644	de119b161b51ff4427085af0f7ff585af95fc18c
compiler/src/iree/compiler/Dialect/Util/IR/ClosureOpUtils.h	blob	100644	08237affd1967f8d435924778f648ebe38a84c57
compiler/src/iree/compiler/Dialect/Util/IR/UtilAttrs.cpp	blob	100644	7d5b8bad467ba925852eff45d7c26902e8b758e8
compiler/src/iree/compiler/Dialect/Util/IR/UtilAttrs.td	blob	100644	8de4070b6bd983641bde9cc4ca31d2595a171acb
compiler/src/iree/compiler/Dialect/Util/IR/UtilBase.td	blob	100644	9b0e73af84f12bcf6ba55240b7ff61d6cc0d17f6
compiler/src/iree/compiler/Dialect/Util/IR/UtilDialect.cpp	blob	100644	2b3370efb6b7791baecfb01f32e9df30fa5f8eba
compiler/src/iree/compiler/Dialect/Util/IR/UtilDialect.h	blob	100644	7d7ef9b42b8857d73097fb3332ea824df727cb77
compiler/src/iree/compiler/Dialect/Util/IR/UtilInterfaces.td	blob	100644	f532ffad74426e8b4dd8b94645b079e922399f7f
compiler/src/iree/compiler/Dialect/Util/IR/UtilOpFolders.cpp	blob	100644	7b579039ab967edef1359a82d9cbd480ac333475
compiler/src/iree/compiler/Dialect/Util/IR/UtilOps.cpp	blob	100644	3e2c343cff2b39b11709bd11d87b92062f8edf4c
compiler/src/iree/compiler/Dialect/Util/IR/UtilOps.h	blob	100644	2c76612f6c79206b6ff4460dcedca80ae6178272
compiler/src/iree/compiler/Dialect/Util/IR/UtilOps.td	blob	100644	0b735d198cee6dd852a00986de7d92f84f14ec16
compiler/src/iree/compiler/Dialect/Util/IR/UtilTraits.h	blob	100644	717db7b790d5dff3b55e7032eed98205f3575173
compiler/src/iree/compiler/Dialect/Util/IR/UtilTypes.cpp	blob	100644	50ef66fe18218c4c4dcb19cc605e51303c1e6206
compiler/src/iree/compiler/Dialect/Util/IR/UtilTypes.h	blob	100644	ecc630c043db018742e1643d5ab98625d8561d4d
compiler/src/iree/compiler/Dialect/Util/IR/UtilTypes.td	blob	100644	924803c638c3fa4ee1887e529d5aceb78cac57dd
compiler/src/iree/compiler/Dialect/Util/IR/test/BUILD.bazel	blob	100644	b5f5f8768f6f0144a69409b4be9a8c901642d47f
compiler/src/iree/compiler/Dialect/Util/IR/test/CMakeLists.txt	blob	100644	6886c6b3c1d4f05b7b4664b454877b4eb8bce0a0
compiler/src/iree/compiler/Dialect/Util/IR/test/alignment_folding.mlir	blob	100644	b958080026caa3a673d0776eaf1d596a026e9a60
compiler/src/iree/compiler/Dialect/Util/IR/test/alignment_ops.mlir	blob	100644	d6f45cb0bed57030757ccf1189a1ce259bff8e21
compiler/src/iree/compiler/Dialect/Util/IR/test/assignment_folding.mlir	blob	100644	096ac7aa6f9655b082dbdd2a1759a2c17332143b
compiler/src/iree/compiler/Dialect/Util/IR/test/assignment_ops.mlir	blob	100644	9c420a715f955f68311b1042f3f4a4e11c23c103
compiler/src/iree/compiler/Dialect/Util/IR/test/assume_folding.mlir	blob	100644	3584653cb08c978471e5949b07ff6c08f47f2e4d
compiler/src/iree/compiler/Dialect/Util/IR/test/assume_ops.mlir	blob	100644	a75b89b3d1e8b42f5c8adacb0e0b465f78f7c53a
compiler/src/iree/compiler/Dialect/Util/IR/test/attributes.mlir	blob	100644	2ff36fa881c1ec4ba229ebc180b6b8132731a9af
compiler/src/iree/compiler/Dialect/Util/IR/test/buffer_folding.mlir	blob	100644	a9eb5e7762154beb6eb3ca40ce51f7b798291c73
compiler/src/iree/compiler/Dialect/Util/IR/test/buffer_ops.mlir	blob	100644	947e2e0b66ad8521956c60bbb7055b15b49ee5ef
compiler/src/iree/compiler/Dialect/Util/IR/test/comparison_folding.mlir	blob	100644	093ea7a872cab7a5aa6c9ca97ac40d4f4bda5468
compiler/src/iree/compiler/Dialect/Util/IR/test/comparison_ops.mlir	blob	100644	c3aa61039447e4f54e012d255d93ed9a10f30f8c
compiler/src/iree/compiler/Dialect/Util/IR/test/global_folding.mlir	blob	100644	6b9dab9fff7f7b268e078bc2974cd0243de43492
compiler/src/iree/compiler/Dialect/Util/IR/test/global_ops.mlir	blob	100644	d5ff734b73d493927f978c6f9fdc79dbdc002bac
compiler/src/iree/compiler/Dialect/Util/IR/test/hint_folding.mlir	blob	100644	8bef35df4d0addf80b7e94f452eccab5444632c3
compiler/src/iree/compiler/Dialect/Util/IR/test/hint_ops.mlir	blob	100644	1d92ca7bdbfe7db498be67330c55ee7fd24b9095
compiler/src/iree/compiler/Dialect/Util/IR/test/hoistable_conversion_ops.mlir	blob	100644	033788f503fd346209d6e6317139ceb861cdeee0
compiler/src/iree/compiler/Dialect/Util/IR/test/list_ops.mlir	blob	100644	bca098df0ad3592e4b3add6a28d503a9a2b7e285
compiler/src/iree/compiler/Dialect/Util/IR/test/numeric_ops.mlir	blob	100644	e366196c15d4c7c812bb6262516ebf2de6927af7
compiler/src/iree/compiler/Dialect/Util/IR/test/op_verification.mlir	blob	100644	1a2a7b590cac64825e172ce59dcd3f1a9fda4be0
compiler/src/iree/compiler/Dialect/Util/IR/test/range_folding.mlir	blob	100644	d191edaa3d40c06f0590ffa418eb8dc0391723b8
compiler/src/iree/compiler/Dialect/Util/IR/test/range_ops.mlir	blob	100644	c1b82094077df53020e6d047baff449b4b02cf6c
compiler/src/iree/compiler/Dialect/Util/IR/test/string_folding.mlir	blob	100644	3223f56c1865bda67de774bda5573fef8d1fb3cc
compiler/src/iree/compiler/Dialect/Util/IR/test/string_ops.mlir	blob	100644	bdc273b22223802a05ebfdbbff0b643e0dc506f1
compiler/src/iree/compiler/Dialect/Util/IR/test/structural_folding.mlir	blob	100644	7445eade67e06d8cd4f0d3893ac43c9f52e6b045
compiler/src/iree/compiler/Dialect/Util/IR/test/structural_inlining.mlir	blob	100644	10a44c3381e082b8ee495361208cbd593e0eff6c
compiler/src/iree/compiler/Dialect/Util/IR/test/structural_ops.mlir	blob	100644	16d2ef15321f016bedc67c3348ce0efe252c999c
compiler/src/iree/compiler/Dialect/Util/TransformOps/BUILD.bazel	blob	100644	054f7de06259be9b172260ce78d74ca414bd831b
compiler/src/iree/compiler/Dialect/Util/TransformOps/CMakeLists.txt	blob	100644	a442e858fccefc60bad882929fe8a2cd5c8b9a09
compiler/src/iree/compiler/Dialect/Util/TransformOps/UtilTransformOps.cpp	blob	100644	af34686027b6681c8ef966a0b5f8f5f29cdf293a
compiler/src/iree/compiler/Dialect/Util/TransformOps/UtilTransformOps.h	blob	100644	734b9654370fbc9c9f9a23809da8a9f976d1f789
compiler/src/iree/compiler/Dialect/Util/TransformOps/UtilTransformOps.td	blob	100644	4bfc654ca5141cb45ff39a93f909008f695bdf11
compiler/src/iree/compiler/Dialect/Util/TransformOps/test/BUILD.bazel	blob	100644	f3a011a2d21cf209c405938c7ce6deef232c0070
compiler/src/iree/compiler/Dialect/Util/TransformOps/test/CMakeLists.txt	blob	100644	ce543cbeab507c5f9ae6d369dc31e409cbb49396
compiler/src/iree/compiler/Dialect/Util/TransformOps/test/create_serialized_module.mlir	blob	100644	5819d18aa5c9f59f1ac9568a42f186835bcb0b3b
compiler/src/iree/compiler/Dialect/Util/TransformOps/test/eliminate_hoistable_conversions.mlir	blob	100644	7b0ce548b7c8914b0103e8fcdf53f9d629652e5a
compiler/src/iree/compiler/Dialect/Util/TransformOps/test/symbol_transforms.mlir	blob	100644	5d1f7c18880692fb7c4ed89ab637d47df0d50f76
compiler/src/iree/compiler/Dialect/Util/Transforms/AnnotateOpOrdinals.cpp	blob	100644	1e29f64530bc205f599ffd06bc01032a03ca6121
compiler/src/iree/compiler/Dialect/Util/Transforms/ApplyPatterns.cpp	blob	100644	4837780e2bf7fd36b8ef1f21dbeeca98f4c2dd43
compiler/src/iree/compiler/Dialect/Util/Transforms/AttributeCallGraph.cpp	blob	100644	09d204946201304ed99d33ce230f4a0668e83d13
compiler/src/iree/compiler/Dialect/Util/Transforms/BUILD.bazel	blob	100644	231b5af8f2e588a7aafe0b3a2889a37b7186e3b9
compiler/src/iree/compiler/Dialect/Util/Transforms/CMakeLists.txt	blob	100644	cc686032751ae314a8f525cb3525904e055c093a
compiler/src/iree/compiler/Dialect/Util/Transforms/CombineInitializers.cpp	blob	100644	115125e33759afbe8e04019ce25574235e017e40
compiler/src/iree/compiler/Dialect/Util/Transforms/DropCompilerHints.cpp	blob	100644	15b55071328ef831e4bf8a00f6bddf8fa7a3ad54
compiler/src/iree/compiler/Dialect/Util/Transforms/DumpModule.cpp	blob	100644	9c4f7aaf298d3231d99121c8054e4a891f99be6d
compiler/src/iree/compiler/Dialect/Util/Transforms/EliminateHoistableConversions.cpp	blob	100644	1ec9e71f6f6db6e3ded6481a7bb6895b9e8104d0
compiler/src/iree/compiler/Dialect/Util/Transforms/FixedPointIterator.cpp	blob	100644	641c280fd74a007908dadd976d123429dc0a333a
compiler/src/iree/compiler/Dialect/Util/Transforms/FoldGlobals.cpp	blob	100644	3c8b44a1c282ad9d980f6210c44b97fb24033c62
compiler/src/iree/compiler/Dialect/Util/Transforms/FuseGlobals.cpp	blob	100644	6721c172b6fcf3745bb15289288e8b2bfb6f59cc
compiler/src/iree/compiler/Dialect/Util/Transforms/HoistIntoGlobals.cpp	blob	100644	12e7afc5ba4337151b2bacaa051fa42982fe532d
compiler/src/iree/compiler/Dialect/Util/Transforms/IPO.cpp	blob	100644	691882708f9d5cdb51700686cfcd70e2057ec8c5
compiler/src/iree/compiler/Dialect/Util/Transforms/ImportResources.cpp	blob	100644	0d8bc58828043c183f33086232a1435b683dd123
compiler/src/iree/compiler/Dialect/Util/Transforms/LiftCFGToSCF.cpp	blob	100644	81ef477eea9569e6464ed4f52cd58336dcc9d415
compiler/src/iree/compiler/Dialect/Util/Transforms/LinkModules.cpp	blob	100644	83f13f242867b8b7ad0cf833e284bf723537d05c
compiler/src/iree/compiler/Dialect/Util/Transforms/OptimizeIntArithmetic.cpp	blob	100644	a6635f99f9a3d924db5fef2ca4aff7932147be86
compiler/src/iree/compiler/Dialect/Util/Transforms/Passes.cpp	blob	100644	cce40266fa29011281303b61c1111fd9cfe6a2e2
compiler/src/iree/compiler/Dialect/Util/Transforms/Passes.h	blob	100644	b7bb9028c9eeb4cab266d29bd360fa6525e2c350
compiler/src/iree/compiler/Dialect/Util/Transforms/Passes.td	blob	100644	8b64a7e11d10ae23a9725cd981c9cbe16caa71ad
compiler/src/iree/compiler/Dialect/Util/Transforms/Patterns.cpp	blob	100644	94557c920f9db4853942f96baa824a4e0245970e
compiler/src/iree/compiler/Dialect/Util/Transforms/Patterns.h	blob	100644	8d6905a7bd9e71ee6631aefcea4f1ebd1f960d0f
compiler/src/iree/compiler/Dialect/Util/Transforms/PropagateSubranges.cpp	blob	100644	c86f3501161660966d09e577a1118565dc5ac602
compiler/src/iree/compiler/Dialect/Util/Transforms/SimplifyGlobalAccesses.cpp	blob	100644	cddc2e7ee12b33de2c1eec44468a4566d7b1c27d
compiler/src/iree/compiler/Dialect/Util/Transforms/StripAndSplatConstants.cpp	blob	100644	a35c9d620764698be026a383a64988a429f3f770
compiler/src/iree/compiler/Dialect/Util/Transforms/StripDebugOps.cpp	blob	100644	533aa8839ef3672233b79ff50d08626436e68da7
compiler/src/iree/compiler/Dialect/Util/Transforms/TestConversion.cpp	blob	100644	b22593d8feaafcaff6a54700daa13265e53c9993
compiler/src/iree/compiler/Dialect/Util/Transforms/TestFloatRangeAnalysis.cpp	blob	100644	04a2b71403122175119a9becdd1bd30d928c8233
compiler/src/iree/compiler/Dialect/Util/Transforms/TestIntegerDivisibilityAnalysis.cpp	blob	100644	7c8714d62dc41f879a4b76a92d79aefccb730a5e
compiler/src/iree/compiler/Dialect/Util/Transforms/VerifyInitializationOrder.cpp	blob	100644	9c9605b744d1d40e6553ad50fe6a24801fb46f1d
compiler/src/iree/compiler/Dialect/Util/Transforms/VerifyStructuredControlFlow.cpp	blob	100644	003b75cdd7dd85616b10359c1a533256e332bd46
compiler/src/iree/compiler/Dialect/Util/Transforms/test/BUILD.bazel	blob	100644	7c52ce11c6b3ee2a9051707c52fe99264ea3d9be
compiler/src/iree/compiler/Dialect/Util/Transforms/test/CMakeLists.txt	blob	100644	658f9a9582f317fa5da8a13b2b35291977ef3ba8
compiler/src/iree/compiler/Dialect/Util/Transforms/test/annotate_op_ordinals.mlir	blob	100644	4236330a50d3a96456635efbae383b196d485aa0
compiler/src/iree/compiler/Dialect/Util/Transforms/test/attribute_call_graph.mlir	blob	100644	870452fd51fa702fcec61b4d4949c3fe390c4b74
compiler/src/iree/compiler/Dialect/Util/Transforms/test/combine_initializers.mlir	blob	100644	3cec51f0d626ce0c2a53b6a9ab5672ec8bb143ff
compiler/src/iree/compiler/Dialect/Util/Transforms/test/drop_compiler_hints.mlir	blob	100644	181ac8085736728e274925fb190e367cc1c23fb5
compiler/src/iree/compiler/Dialect/Util/Transforms/test/fold_globals.mlir	blob	100644	94bd1be23c2ac667d9b44548b4315f8ad2eca172
compiler/src/iree/compiler/Dialect/Util/Transforms/test/fuse_globals.mlir	blob	100644	d2629e07bd53a3cb7d5737dda8b325b5d17f5027
compiler/src/iree/compiler/Dialect/Util/Transforms/test/hoist_into_globals.mlir	blob	100644	b569d44b57b549d4b58f4fd4c7c5c88f6d732d28
compiler/src/iree/compiler/Dialect/Util/Transforms/test/hoist_into_globals_linalg.mlir	blob	100644	b849b57512ea46ca98bba1580bf26b44c3bee6ab
compiler/src/iree/compiler/Dialect/Util/Transforms/test/import_resources.mlir	blob	100644	06360c7defbdb0322f32d828cd8dd60de3107e17
compiler/src/iree/compiler/Dialect/Util/Transforms/test/integer_divisibility.mlir	blob	100644	f5b568e392b6fb7543a415f7af06cd8a3e54b2b6
compiler/src/iree/compiler/Dialect/Util/Transforms/test/ipo.mlir	blob	100644	e574f52edd16ebc46ff2a62988e9d653319e771c
compiler/src/iree/compiler/Dialect/Util/Transforms/test/lift_cfg_to_scf.mlir	blob	100644	88c5d8879831401de9e2694986d70c9bbce2ece0
compiler/src/iree/compiler/Dialect/Util/Transforms/test/link_module_a.mlir	blob	100644	4b489e0a21dcd30b6fdc6b5cb4df53469b878bcc
compiler/src/iree/compiler/Dialect/Util/Transforms/test/link_module_b.mlir	blob	100644	a0775a103c747ea833a6a81bdb3f59830f277bc4
compiler/src/iree/compiler/Dialect/Util/Transforms/test/link_modules.mlir	blob	100644	a11be5b105f694edd3fbbf7801189496c74f506a
compiler/src/iree/compiler/Dialect/Util/Transforms/test/link_modules_auto.mlir	blob	100644	30ced24189ad6687237adede4b69ba5a2a6ccb7d
compiler/src/iree/compiler/Dialect/Util/Transforms/test/link_modules_bundle.mlir	blob	100644	ab7c165a68e65369fb162f76af0f1506b1096039
compiler/src/iree/compiler/Dialect/Util/Transforms/test/link_modules_error.mlir	blob	100644	c4dc7b3943331caa4d693117ea605069273ed641
compiler/src/iree/compiler/Dialect/Util/Transforms/test/optimize_int_arithmetic.mlir	blob	100644	c7c8133c792892c2d2df45503fda0cc9ae120905
compiler/src/iree/compiler/Dialect/Util/Transforms/test/optimize_int_arithmetic_narrowing.mlir	blob	100644	56c4a00fe96aad1c5b7adb46d1773518fc52ed30
compiler/src/iree/compiler/Dialect/Util/Transforms/test/patterns.mlir	blob	100644	becfa2ad74ca458e3acdba76940bfdf0404d8f96
compiler/src/iree/compiler/Dialect/Util/Transforms/test/patterns_unreachable.mlir	blob	100644	6d0096d9d7b2f72b04f970d40c60c157ec3862af
compiler/src/iree/compiler/Dialect/Util/Transforms/test/propagate_subranges.mlir	blob	100644	7e2087750ee6859a2f5de4e7445e2da84d9b2436
compiler/src/iree/compiler/Dialect/Util/Transforms/test/simplify_global_accesses.mlir	blob	100644	49abd98486c0f95ba8d2a80f92f915481a243e28
compiler/src/iree/compiler/Dialect/Util/Transforms/test/strip_and_splat_constants.mlir	blob	100644	49477cd575b81fa0046940fc38d50fba9f0ca6b1
compiler/src/iree/compiler/Dialect/Util/Transforms/test/strip_debug_ops.mlir	blob	100644	52894e343b9303722c3a3387fd77483097d54a60
compiler/src/iree/compiler/Dialect/Util/Transforms/test/test_float_range_analysis.mlir	blob	100644	238567cba5d752c8064fd6479cd318e39f33a378
compiler/src/iree/compiler/Dialect/Util/Transforms/test/test_float_range_analysis_linalg.mlir	blob	100644	5ef8c7aab0c071accb511815186d6586729c89be
compiler/src/iree/compiler/Dialect/Util/Transforms/test/test_integer_divisibility_analysis.mlir	blob	100644	174ab0b8064b28cca3d92d2e14375090b65cb924
compiler/src/iree/compiler/Dialect/Util/Transforms/test/verify_initialization_order.mlir	blob	100644	92adb8e8058e4e66cd47bf90b3a7aa96ae046c3d
compiler/src/iree/compiler/Dialect/Util/Transforms/test/verify_structured_control_flow.mlir	blob	100644	f8a58026d94574f04214aaf1e447162b02facc0a
compiler/src/iree/compiler/Dialect/VM/Analysis/BUILD.bazel	blob	100644	fbf14d3a3edbe98e16c935ba2d34393d41929e76
compiler/src/iree/compiler/Dialect/VM/Analysis/CMakeLists.txt	blob	100644	bec12e5727a3058a193a37b41942d90199098212
compiler/src/iree/compiler/Dialect/VM/Analysis/LinearScan/BUILD.bazel	blob	100644	714161de39d2f433a96a21660c5928a53e50d980
compiler/src/iree/compiler/Dialect/VM/Analysis/LinearScan/CMakeLists.txt	blob	100644	dd136397248bdc7178b2a4c0dc72ab3319f29f95
compiler/src/iree/compiler/Dialect/VM/Analysis/LinearScan/LiveIntervals.cpp	blob	100644	341c7a1db4cb63bd8dc21a692221c1a292e451ac
compiler/src/iree/compiler/Dialect/VM/Analysis/LinearScan/LiveIntervals.h	blob	100644	5a4e9cedfccd6c69e33e6a9909e4857859f65a88
compiler/src/iree/compiler/Dialect/VM/Analysis/LinearScan/RegisterBank.cpp	blob	100644	24b9b2efbe6d112ae9d7cef9d16a5d66873e7d61
compiler/src/iree/compiler/Dialect/VM/Analysis/LinearScan/RegisterBank.h	blob	100644	06376223cc61a7664e6d951895173e24a1fa3510
compiler/src/iree/compiler/Dialect/VM/Analysis/LiveIntervalsTest.cpp	blob	100644	fbce70431a91bf47cb33bf5a53eceeff1d15122d
compiler/src/iree/compiler/Dialect/VM/Analysis/OrdinalAnalysis.cpp	blob	100644	605eca8bfad19b73061992dc01b153225b16285b
compiler/src/iree/compiler/Dialect/VM/Analysis/OrdinalAnalysis.h	blob	100644	67e2580d5e91ae9ba899a2057e7dbb582e62427e
compiler/src/iree/compiler/Dialect/VM/Analysis/RegisterAllocation.cpp	blob	100644	c5d4f208f656b87bd81f8f19e5061ee084ae1e35
compiler/src/iree/compiler/Dialect/VM/Analysis/RegisterAllocation.h	blob	100644	2ebabde3b24ec2e1d45b8d3f9e95a99e42654e73
compiler/src/iree/compiler/Dialect/VM/Analysis/RegisterAllocationTest.cpp	blob	100644	edfba68cdd81704fa19d664281bf08a8b590703a
compiler/src/iree/compiler/Dialect/VM/Analysis/TestPasses.h	blob	100644	206b2cf25ff624d405152f8d3570c5f58a90d37b
compiler/src/iree/compiler/Dialect/VM/Analysis/ValueLiveness.cpp	blob	100644	2ac7cb7b8bd42706e2f7d3b1c334c138874d4fa7
compiler/src/iree/compiler/Dialect/VM/Analysis/ValueLiveness.h	blob	100644	3a832b93c5a5bddee28759eaf27b5c689e842fb8
compiler/src/iree/compiler/Dialect/VM/Analysis/ValueLivenessTest.cpp	blob	100644	8971c1273642c9fee6004fc5ecfeecf8f30627fe
compiler/src/iree/compiler/Dialect/VM/Analysis/test/BUILD.bazel	blob	100644	5f09cbe7964428bc06f14ed88426502da94581a0
compiler/src/iree/compiler/Dialect/VM/Analysis/test/CMakeLists.txt	blob	100644	871c233f13cda33a4286ca4d3b78cea86bd4f181
compiler/src/iree/compiler/Dialect/VM/Analysis/test/live_intervals.mlir	blob	100644	3d4601b0886c28ada9c139164efd1adc2b23128b
compiler/src/iree/compiler/Dialect/VM/Analysis/test/register_allocation.mlir	blob	100644	f118faf3a5394caa36bf525dbabbfae8dd6a8488
compiler/src/iree/compiler/Dialect/VM/Analysis/test/register_allocation_ints.mlir	blob	100644	c773b471d71b059c3dc121551c58e87fc792b331
compiler/src/iree/compiler/Dialect/VM/Analysis/test/register_allocation_refs.mlir	blob	100644	872307ac472d31f86f0a28d5d4a4c1e6e9132dda
compiler/src/iree/compiler/Dialect/VM/Analysis/test/value_liveness.mlir	blob	100644	154bdfb9b59589be2af546d66cabe54bb6396af2
compiler/src/iree/compiler/Dialect/VM/BUILD.bazel	blob	100644	236a474467251aef400aace1223bcd560190d2cc
compiler/src/iree/compiler/Dialect/VM/CMakeLists.txt	blob	100644	d19f415eb39a24b43dc4ad8a1db50d97f11a86c8
compiler/src/iree/compiler/Dialect/VM/Conversion/ArithToVM/BUILD.bazel	blob	100644	07258e2de35e50bb6bed42456b27f2fdbed515c5
compiler/src/iree/compiler/Dialect/VM/Conversion/ArithToVM/CMakeLists.txt	blob	100644	6ee5c4f2906f32b916287ff3e03699438dd3bd0f
compiler/src/iree/compiler/Dialect/VM/Conversion/ArithToVM/Patterns.cpp	blob	100644	a4a9450ced0ba781b0157aaa69db0247108f15ac
compiler/src/iree/compiler/Dialect/VM/Conversion/ArithToVM/Patterns.h	blob	100644	fa5330a6ba6a4a5ceb1540dc06e85da05c4998de
compiler/src/iree/compiler/Dialect/VM/Conversion/ArithToVM/test/BUILD.bazel	blob	100644	3076f512dc6f4e0baf4b587a071a42f677c9c85a
compiler/src/iree/compiler/Dialect/VM/Conversion/ArithToVM/test/CMakeLists.txt	blob	100644	71f35675b74876e0cd4f46441add53a149553116
compiler/src/iree/compiler/Dialect/VM/Conversion/ArithToVM/test/arithmetic_ops.mlir	blob	100644	f924a63f80229b9c57d958153c3a6b89e7e04abc
compiler/src/iree/compiler/Dialect/VM/Conversion/ArithToVM/test/assignment_ops.mlir	blob	100644	66c3a7ccc87ddac1ec99ebacdf6a6e3443202bbe
compiler/src/iree/compiler/Dialect/VM/Conversion/ArithToVM/test/comparison_ops.mlir	blob	100644	e07d657996b752063c3600b51df85e50d63f0b92
compiler/src/iree/compiler/Dialect/VM/Conversion/ArithToVM/test/constant_ops.mlir	blob	100644	5907acef6c0dd41c09b14a50c280b9a748620d58
compiler/src/iree/compiler/Dialect/VM/Conversion/ArithToVM/test/conversion_ops.mlir	blob	100644	c0ff5077849962ec5e96776b8667da65c490d1fe
compiler/src/iree/compiler/Dialect/VM/Conversion/BUILD.bazel	blob	100644	ed372904c78c6111bc25cfe449c3d3f9ba9e8bfe
compiler/src/iree/compiler/Dialect/VM/Conversion/BuiltinRegistry.cpp	blob	100644	ef9f55370dd34cca8fc13e15a67543d7a7ea01db
compiler/src/iree/compiler/Dialect/VM/Conversion/BuiltinRegistry.h	blob	100644	3a03fba00d8c3cdf6da73237d0133a6a0e901569
compiler/src/iree/compiler/Dialect/VM/Conversion/CMakeLists.txt	blob	100644	f77b7d0b584ab93aaf71e1c1173d5759319f0c43
compiler/src/iree/compiler/Dialect/VM/Conversion/ConversionDialectInterface.h	blob	100644	e1ce1c69da16f07ce87b717f75517d4701a35ea3
compiler/src/iree/compiler/Dialect/VM/Conversion/ConversionTarget.cpp	blob	100644	36851d3086aaa6b5447be10af616117e8e455b8b
compiler/src/iree/compiler/Dialect/VM/Conversion/ConversionTarget.h	blob	100644	4799fda9a66894e8183d3a26c96e47ee5c5b657b
compiler/src/iree/compiler/Dialect/VM/Conversion/ImportUtils.cpp	blob	100644	95c219e4943065b038f02cf170c9d16adcfc28bb
compiler/src/iree/compiler/Dialect/VM/Conversion/ImportUtils.h	blob	100644	5093a686b7c151b3e5b16b0c76dfe8817d122bbb
compiler/src/iree/compiler/Dialect/VM/Conversion/MathToVM/BUILD.bazel	blob	100644	96db46d4883109d3c76ab41197ad9c245b7209a2
compiler/src/iree/compiler/Dialect/VM/Conversion/MathToVM/CMakeLists.txt	blob	100644	d13b5c4c23c6d6197bd6ed426a880798f788aa37
compiler/src/iree/compiler/Dialect/VM/Conversion/MathToVM/Patterns.cpp	blob	100644	78ff73d97ec805012dbd9e0fdb8d63677aba9c3c
compiler/src/iree/compiler/Dialect/VM/Conversion/MathToVM/Patterns.h	blob	100644	c47a81be63e29e95ec2dbff5115d93cbfbcf54c4
compiler/src/iree/compiler/Dialect/VM/Conversion/MathToVM/test/BUILD.bazel	blob	100644	07c99862721b6d96f30123c558567f0936ec2f59
compiler/src/iree/compiler/Dialect/VM/Conversion/MathToVM/test/CMakeLists.txt	blob	100644	9e2bc3f6250faee554538657ee73dcc6003fbd2e
compiler/src/iree/compiler/Dialect/VM/Conversion/MathToVM/test/arithmetic_ops.mlir	blob	100644	97ec9bc195702f8e5a41dd0d2a903ba2c34a4f4c
compiler/src/iree/compiler/Dialect/VM/Conversion/StandardToVM/BUILD.bazel	blob	100644	163e8487467486cc046c925af58d442d8f7aa153
compiler/src/iree/compiler/Dialect/VM/Conversion/StandardToVM/CMakeLists.txt	blob	100644	c5ac3be8d7004e32aff819c2b97c30c5c7fbf059
compiler/src/iree/compiler/Dialect/VM/Conversion/StandardToVM/Patterns.cpp	blob	100644	82654ef2cf5a345b568208b1088aafd9ec030435
compiler/src/iree/compiler/Dialect/VM/Conversion/StandardToVM/Patterns.h	blob	100644	b26e9ffae46a5f3a268a57ec5025d2b60faeb7a3
compiler/src/iree/compiler/Dialect/VM/Conversion/StandardToVM/test/BUILD.bazel	blob	100644	35075c7270dc76220f172ae39c00e751c0af7144
compiler/src/iree/compiler/Dialect/VM/Conversion/StandardToVM/test/CMakeLists.txt	blob	100644	5a70537e7741dba46a9eb863d083477ed53517bd
compiler/src/iree/compiler/Dialect/VM/Conversion/StandardToVM/test/control_flow_ops.mlir	blob	100644	c98e01a16540988a57a1ac8de96187d9706bc73c
compiler/src/iree/compiler/Dialect/VM/Conversion/StandardToVM/test/func_ops.mlir	blob	100644	327ee2601fddc219b72a325fc405e6aa687b2fa6
compiler/src/iree/compiler/Dialect/VM/Conversion/StandardToVM/test/nesting.mlir	blob	100644	1e22032959d945025f2a9e146462ae1496046296
compiler/src/iree/compiler/Dialect/VM/Conversion/StandardToVM/test/structural_ops.mlir	blob	100644	c4024908c41ae67c89acf54f4cc76c905d12e227
compiler/src/iree/compiler/Dialect/VM/Conversion/TargetOptions.cpp	blob	100644	0cee411ebf3e36819ad7e512e44d9cbfe1b46910
compiler/src/iree/compiler/Dialect/VM/Conversion/TargetOptions.h	blob	100644	20469c135008bdea040ce5596018436048592a85
compiler/src/iree/compiler/Dialect/VM/Conversion/TypeConverter.cpp	blob	100644	4df81e3307c6becd88968490d6070385c8480147
compiler/src/iree/compiler/Dialect/VM/Conversion/TypeConverter.h	blob	100644	e9cb80d58d221c10e47fde69b3d3c8dd7e028c02
compiler/src/iree/compiler/Dialect/VM/Conversion/UtilToVM/BUILD.bazel	blob	100644	6f74a7923d0ddc126b934e38eed9aae899ab739d
compiler/src/iree/compiler/Dialect/VM/Conversion/UtilToVM/CMakeLists.txt	blob	100644	cbb3a7b61e3b4b253384b9fe35a527e1e8615fe7
compiler/src/iree/compiler/Dialect/VM/Conversion/UtilToVM/ConvertAlignmentOps.cpp	blob	100644	95db10280ab239443d00bba2e5ff810a4f4a40fb
compiler/src/iree/compiler/Dialect/VM/Conversion/UtilToVM/ConvertAssignmentOps.cpp	blob	100644	8304323f24d0412477916eeb7d1ed1f915d7b40c
compiler/src/iree/compiler/Dialect/VM/Conversion/UtilToVM/ConvertBufferOps.cpp	blob	100644	cd680894e7e4f38feaa938d7814b8a3f8e82bdb0
compiler/src/iree/compiler/Dialect/VM/Conversion/UtilToVM/ConvertGlobalOps.cpp	blob	100644	deca54754c7c6c099ae01f7224c4b40fc01315cd
compiler/src/iree/compiler/Dialect/VM/Conversion/UtilToVM/ConvertListOps.cpp	blob	100644	1aec588a7b5389c51c0aadc6d40fb7f592880568
compiler/src/iree/compiler/Dialect/VM/Conversion/UtilToVM/ConvertStatusOps.cpp	blob	100644	af8c17a21150861fd7203f1779cdacac592f5074
compiler/src/iree/compiler/Dialect/VM/Conversion/UtilToVM/ConvertStringOps.cpp	blob	100644	2e881ab1175bd34546433a3475e2129ed4b3cac8
compiler/src/iree/compiler/Dialect/VM/Conversion/UtilToVM/ConvertStructuralOps.cpp	blob	100644	d9812e0fcaa479daf6bb5c37fdc5c7b63f66f3cb
compiler/src/iree/compiler/Dialect/VM/Conversion/UtilToVM/Patterns.cpp	blob	100644	e85f810e1d8a4dfcd9d4600de8a9da5f4deeeef4
compiler/src/iree/compiler/Dialect/VM/Conversion/UtilToVM/Patterns.h	blob	100644	dc0aeba62608b7badbd3558c10ab2a13fbff51ab
compiler/src/iree/compiler/Dialect/VM/Conversion/UtilToVM/test/BUILD.bazel	blob	100644	ba8e37f55e70816b962e8a864cc3cbcf804fd751
compiler/src/iree/compiler/Dialect/VM/Conversion/UtilToVM/test/CMakeLists.txt	blob	100644	e2e3945b27a82469fc54afaa595cd3f683d78f6c
compiler/src/iree/compiler/Dialect/VM/Conversion/UtilToVM/test/alignment_ops.mlir	blob	100644	430e854d2ab9bd0c08c86399d5eb2d0ee94cca84
compiler/src/iree/compiler/Dialect/VM/Conversion/UtilToVM/test/assignment_ops.mlir	blob	100644	9ad9dcfa999fd0bc7c6c485d9234a8b849de16a5
compiler/src/iree/compiler/Dialect/VM/Conversion/UtilToVM/test/buffer_ops.mlir	blob	100644	321104003171d1d0f68bb199f3ea1b227a030bc7
compiler/src/iree/compiler/Dialect/VM/Conversion/UtilToVM/test/comparison_ops.mlir	blob	100644	5dfca34a75017350d80c17eb875468ab08151452
compiler/src/iree/compiler/Dialect/VM/Conversion/UtilToVM/test/global_ops.mlir	blob	100644	f772f943c220543137524bdc3db08beb454310ba
compiler/src/iree/compiler/Dialect/VM/Conversion/UtilToVM/test/list_ops.mlir	blob	100644	237993043ec62e53b7eefd9c0bc7bcea797fadba
compiler/src/iree/compiler/Dialect/VM/Conversion/UtilToVM/test/status_ops.mlir	blob	100644	1bfbb627021a23dc283ba714ad2b3d178e9c87ff
compiler/src/iree/compiler/Dialect/VM/Conversion/UtilToVM/test/string_ops.mlir	blob	100644	d29ac4cc1c1b108af0e08a5c1bec054c510565b5
compiler/src/iree/compiler/Dialect/VM/Conversion/UtilToVM/test/structural_ops.mlir	blob	100644	304fb1683471160fa786beac7133eedce829a7bf
compiler/src/iree/compiler/Dialect/VM/Conversion/VMToEmitC/BUILD.bazel	blob	100644	c45a319bd6c1219be83004fdd982172efe03e87c
compiler/src/iree/compiler/Dialect/VM/Conversion/VMToEmitC/CMakeLists.txt	blob	100644	4079fca1d24fee3fc7fe3f4fe70634d0883c8901
compiler/src/iree/compiler/Dialect/VM/Conversion/VMToEmitC/ConvertVMToEmitC.cpp	blob	100644	13a18498fc2fc32a1add13446d85f65fb7aad9fc
compiler/src/iree/compiler/Dialect/VM/Conversion/VMToEmitC/ConvertVMToEmitC.h	blob	100644	fc061d2340017a5c81a5add8a3f718c7cf2752f1
compiler/src/iree/compiler/Dialect/VM/Conversion/VMToEmitC/DropExcludedExports.cpp	blob	100644	77f5b8ca5b7908d18410e68b023763d5826c6cc8
compiler/src/iree/compiler/Dialect/VM/Conversion/VMToEmitC/DropExcludedExports.h	blob	100644	8d6956bbb241cb6832efbcc4f800522b7c43d6ce
compiler/src/iree/compiler/Dialect/VM/Conversion/VMToEmitC/EmitCBuilders.cpp	blob	100644	91039a1d0d9b9b1fb250beb095ecabea022a6bc2
compiler/src/iree/compiler/Dialect/VM/Conversion/VMToEmitC/EmitCBuilders.h	blob	100644	f231f7bd312499a562a0b22b378289256fc309c4
compiler/src/iree/compiler/Dialect/VM/Conversion/VMToEmitC/EmitCTypeConverter.cpp	blob	100644	e19219957806db4594e014725e0fcf13537d8593
compiler/src/iree/compiler/Dialect/VM/Conversion/VMToEmitC/EmitCTypeConverter.h	blob	100644	1c5343f4726f096a7beb36630bffb60d8175fd47
compiler/src/iree/compiler/Dialect/VM/Conversion/VMToEmitC/VMAnalysis.h	blob	100644	6f59e183f0f50a658e257f09020deec875235e01
compiler/src/iree/compiler/Dialect/VM/Conversion/VMToEmitC/test/BUILD.bazel	blob	100644	1862bd5785520b0195d7f1c6d3161b22b6d2bab3
compiler/src/iree/compiler/Dialect/VM/Conversion/VMToEmitC/test/CMakeLists.txt	blob	100644	9e061d6a97714e040424b0b507ec2bdcf6e466b1
compiler/src/iree/compiler/Dialect/VM/Conversion/VMToEmitC/test/arithmetic_ops.mlir	blob	100644	4a8bcb0d7ddb7a344403c980ea99439689ba014e
compiler/src/iree/compiler/Dialect/VM/Conversion/VMToEmitC/test/arithmetic_ops_f32.mlir	blob	100644	b054911105bd8381469277947fcf586c130514cb
compiler/src/iree/compiler/Dialect/VM/Conversion/VMToEmitC/test/arithmetic_ops_i64.mlir	blob	100644	fb64d0d2459531e39b6c7f6cccdee9389e429d89
compiler/src/iree/compiler/Dialect/VM/Conversion/VMToEmitC/test/assignment_ops.mlir	blob	100644	c01a2d7b694f18e4e2d8ab4375068da264b1b39c
compiler/src/iree/compiler/Dialect/VM/Conversion/VMToEmitC/test/assignment_ops_f32.mlir	blob	100644	5ef3f42a35c4f39910eb318e19744b48435ccc37
compiler/src/iree/compiler/Dialect/VM/Conversion/VMToEmitC/test/assignment_ops_i64.mlir	blob	100644	eab2e81374abb806c37888e1a48f98297194d72d
compiler/src/iree/compiler/Dialect/VM/Conversion/VMToEmitC/test/buffer_ops.mlir	blob	100644	2f5b307eb955c525254ed63342191fc9317a9c26
compiler/src/iree/compiler/Dialect/VM/Conversion/VMToEmitC/test/buffer_ops_f32.mlir	blob	100644	e271d8fd14d735cae2dc39f1e5707095a0b56711
compiler/src/iree/compiler/Dialect/VM/Conversion/VMToEmitC/test/buffer_ops_f64.mlir	blob	100644	f5f53bb680d3541d438b69e9ec11b30af320e83b
compiler/src/iree/compiler/Dialect/VM/Conversion/VMToEmitC/test/buffer_ops_i64.mlir	blob	100644	5105f82a9555c814a3e5f740835d0fc37d84ce5f
compiler/src/iree/compiler/Dialect/VM/Conversion/VMToEmitC/test/comparison_ops.mlir	blob	100644	043f7793831c65ebdc922d73b7fbe183ca0c7a07
compiler/src/iree/compiler/Dialect/VM/Conversion/VMToEmitC/test/comparison_ops_f32.mlir	blob	100644	9c20433848e5579afaad3d356fd6ac16b20fe386
compiler/src/iree/compiler/Dialect/VM/Conversion/VMToEmitC/test/comparison_ops_i64.mlir	blob	100644	bb4e05a551228a5c5c182467eed6d67e7891354a
compiler/src/iree/compiler/Dialect/VM/Conversion/VMToEmitC/test/const_ops.mlir	blob	100644	09b4de448606d09279ae8888aaa7b8abdf3911fb
compiler/src/iree/compiler/Dialect/VM/Conversion/VMToEmitC/test/const_ops_f32.mlir	blob	100644	7622fd15f053697e7e2919c8278fd6044e0e3a2e
compiler/src/iree/compiler/Dialect/VM/Conversion/VMToEmitC/test/const_ops_i64.mlir	blob	100644	f0c689bd27ea89abfd2a93bdd79614329f436b53
compiler/src/iree/compiler/Dialect/VM/Conversion/VMToEmitC/test/control_flow_ops.mlir	blob	100644	941aa21ddcb3b225a1cbcb5a2692017f335274be
compiler/src/iree/compiler/Dialect/VM/Conversion/VMToEmitC/test/conversion_ops.mlir	blob	100644	ac135804a7ad700410d627bda74231db17eef828
compiler/src/iree/compiler/Dialect/VM/Conversion/VMToEmitC/test/conversion_ops_f32.mlir	blob	100644	9aa89384e27a5da4af756a3a529c5145e31f0b50
compiler/src/iree/compiler/Dialect/VM/Conversion/VMToEmitC/test/conversion_ops_i64.mlir	blob	100644	cf5cdc9229e809d15d864c5ddb1298b6426ca33d
compiler/src/iree/compiler/Dialect/VM/Conversion/VMToEmitC/test/func_op.mlir	blob	100644	8529504533d66df604e1eefde2e8e3199a952d1b
compiler/src/iree/compiler/Dialect/VM/Conversion/VMToEmitC/test/global_ops.mlir	blob	100644	e5258e628bbfadc8802fc077753363cf786027c8
compiler/src/iree/compiler/Dialect/VM/Conversion/VMToEmitC/test/global_ops_f32.mlir	blob	100644	c264f6cd107f54b808f64f0890bbc00a36b2337b
compiler/src/iree/compiler/Dialect/VM/Conversion/VMToEmitC/test/global_ops_i64.mlir	blob	100644	7fa9bace613025a3d0769e9deb8120458359f1ac
compiler/src/iree/compiler/Dialect/VM/Conversion/VMToEmitC/test/list_ops.mlir	blob	100644	09b137c5622c12a78aad5f0878a250649ecdc473
compiler/src/iree/compiler/Dialect/VM/Conversion/VMToEmitC/test/list_ops_i64.mlir	blob	100644	83993baaca91ac7064cebf4801f3321bbe70375d
compiler/src/iree/compiler/Dialect/VM/Conversion/VMToEmitC/test/shift_ops.mlir	blob	100644	0f4407ebe1183a077f9f79c93b4ce6ae9991195d
compiler/src/iree/compiler/Dialect/VM/Conversion/VMToEmitC/test/shift_ops_i64.mlir	blob	100644	8aedcbab3df5e7c697a0ee476a78026a8734c18a
compiler/src/iree/compiler/Dialect/VM/Conversion/VMToEmitC/test/type_conversion.mlir	blob	100644	c6842fef4f8e8816c10942fbbcf4e07d6f6400d7
compiler/src/iree/compiler/Dialect/VM/IR/BUILD.bazel	blob	100644	803e15bf969eb1d73a808d4994e6dbce2d66045e
compiler/src/iree/compiler/Dialect/VM/IR/CMakeLists.txt	blob	100644	3db47836cd434af1b055e1867c396fb539bd66b9
compiler/src/iree/compiler/Dialect/VM/IR/VMBase.td	blob	100644	b3f4ed81d05eccd95f5fd196814f652c94bdb9be
compiler/src/iree/compiler/Dialect/VM/IR/VMDialect.cpp	blob	100644	d891e1de0ef294719334e32782f3177b65e966ed
compiler/src/iree/compiler/Dialect/VM/IR/VMDialect.h	blob	100644	98c335a28ec1f2da27b5399da3262113602f36f4
compiler/src/iree/compiler/Dialect/VM/IR/VMFuncEncoder.h	blob	100644	e36e9ee70d15dfec5e7ae179db8345e49c07f5bb
compiler/src/iree/compiler/Dialect/VM/IR/VMOpFolders.cpp	blob	100644	078e6a67549208c1fa381196606075ee2b8a9f23
compiler/src/iree/compiler/Dialect/VM/IR/VMOpcodesCore.td	blob	100644	2299004c7a0059255e58df11542d55a229f11830
compiler/src/iree/compiler/Dialect/VM/IR/VMOpcodesF32.td	blob	100644	2ce466d331deda4ed0a44cc5d20b10d5b725b288
compiler/src/iree/compiler/Dialect/VM/IR/VMOpcodesF64.td	blob	100644	ab6a1e02903f71c35097ce958152759b6a6a7017
compiler/src/iree/compiler/Dialect/VM/IR/VMOps.cpp	blob	100644	4538ed7f8470632f2edbe21fc9d5cae60dbe7113
compiler/src/iree/compiler/Dialect/VM/IR/VMOps.h	blob	100644	f9c1f0de6be7e09ca22f0f6bec29145cbe7dc017
compiler/src/iree/compiler/Dialect/VM/IR/VMOps.td	blob	100644	09b1fab8c0e673d51e5f48c814850a909b529c81
compiler/src/iree/compiler/Dialect/VM/IR/VMTraits.h	blob	100644	350329442592670c8ef1c38cbf67b2907c517bbf
compiler/src/iree/compiler/Dialect/VM/IR/VMTypes.cpp	blob	100644	214143866a56a974cc88020defe1aceb4e3ec3cd
compiler/src/iree/compiler/Dialect/VM/IR/VMTypes.h	blob	100644	d71a10f1dd3df5816aed7ecf494573b50207f9f9
compiler/src/iree/compiler/Dialect/VM/IR/test/BUILD.bazel	blob	100644	0f638408a177785c71be7507db1d0d633701f72f
compiler/src/iree/compiler/Dialect/VM/IR/test/CMakeLists.txt	blob	100644	e998fd5fe94feb4009910e566d2c157b311f5831
compiler/src/iree/compiler/Dialect/VM/IR/test/arithmetic_folding.mlir	blob	100644	077ebe9a13997efb5d416829eecaf4439ab382ac
compiler/src/iree/compiler/Dialect/VM/IR/test/arithmetic_ops.mlir	blob	100644	a2c8a2ed87c1eb53fc8299e9234c6a08d79e6ddd
compiler/src/iree/compiler/Dialect/VM/IR/test/arithmetic_speculation.mlir	blob	100644	38f86cc25c4ccba0fded13ee52d3bc73ed0284dd
compiler/src/iree/compiler/Dialect/VM/IR/test/assignment_folding.mlir	blob	100644	b19f783acd7d4bd1e780b14e6b49866827148244
compiler/src/iree/compiler/Dialect/VM/IR/test/assignment_ops.mlir	blob	100644	894533632fb8801f6e95c6bb31a676ef87e640e2
compiler/src/iree/compiler/Dialect/VM/IR/test/comparison_folding.mlir	blob	100644	ce2f334f5d082f6bf0fde1c3497b67f948e8e7b3
compiler/src/iree/compiler/Dialect/VM/IR/test/comparison_ops.mlir	blob	100644	98f540258cb30da4ee9a0ab45400b7ed0a964600
compiler/src/iree/compiler/Dialect/VM/IR/test/const_folding.mlir	blob	100644	0b388fd260a9c4f5f475fdddad10da9d2a5f1a0c
compiler/src/iree/compiler/Dialect/VM/IR/test/const_ops.mlir	blob	100644	192165e136d26838523a047bef5acb15e454dc44
compiler/src/iree/compiler/Dialect/VM/IR/test/control_flow_folding.mlir	blob	100644	82d16d3fb800933941cfe132c7aa0fd58edc2d92
compiler/src/iree/compiler/Dialect/VM/IR/test/control_flow_ops.mlir	blob	100644	e185dcc8756e5c3f91312a46c38c37815e99b212
compiler/src/iree/compiler/Dialect/VM/IR/test/conversion_folding.mlir	blob	100644	495927ec6acfc07f14e044fc541de81639946268
compiler/src/iree/compiler/Dialect/VM/IR/test/conversion_ops.mlir	blob	100644	2993335ed0b950fb97e0311386a79564acd15e0d
compiler/src/iree/compiler/Dialect/VM/IR/test/debug_folding.mlir	blob	100644	40b421bcbc934d436d79e50177205b7c5d0e085f
compiler/src/iree/compiler/Dialect/VM/IR/test/debug_ops.mlir	blob	100644	7248f583d8f252fb94869f1877e451a39e2042db
compiler/src/iree/compiler/Dialect/VM/IR/test/global_folding.mlir	blob	100644	1fad5d2bb048a61d58190a946f35d6412de0d974
compiler/src/iree/compiler/Dialect/VM/IR/test/global_ops.mlir	blob	100644	c0b19e3cce9458b3534b2be522db2e6d1290ce58
compiler/src/iree/compiler/Dialect/VM/IR/test/list_op_verification.mlir	blob	100644	082678eda1c3a58ac2032e9c203724a61fe73a61
compiler/src/iree/compiler/Dialect/VM/IR/test/list_ops.mlir	blob	100644	018b0b0bfe224697d05ae4ee24e100a0e8e2cf12
compiler/src/iree/compiler/Dialect/VM/IR/test/list_speculation.mlir	blob	100644	edd3ea3c12a18756f678aa76a119187717150750
compiler/src/iree/compiler/Dialect/VM/IR/test/shift_ops.mlir	blob	100644	9ecb1377683c84f63ec6542a85aaa860d9f75c99
compiler/src/iree/compiler/Dialect/VM/IR/test/structural_folding.mlir	blob	100644	ab943dcab7675ed6648e94037e1d7573482bfa34
compiler/src/iree/compiler/Dialect/VM/IR/test/structural_ops.mlir	blob	100644	eedf24a227ffb0c616f5f248d3debc71e1769eb3
compiler/src/iree/compiler/Dialect/VM/Target/BUILD.bazel	blob	100644	f233deb57275b0ac53591830af174a26b1bf881f
compiler/src/iree/compiler/Dialect/VM/Target/Bytecode/ArchiveWriter.cpp	blob	100644	2d3058266ee87df906d6df7c027529d2bbb7474d
compiler/src/iree/compiler/Dialect/VM/Target/Bytecode/ArchiveWriter.h	blob	100644	d24569f45d8f815147ab1f42444fa927bf97f861
compiler/src/iree/compiler/Dialect/VM/Target/Bytecode/BUILD.bazel	blob	100644	30df7a9c5403c2cfc33d47bdf3cc6a08dd8c58d5
compiler/src/iree/compiler/Dialect/VM/Target/Bytecode/BytecodeEncoder.cpp	blob	100644	babbf7251ee9b8df86c97cd26343241320c3d17c
compiler/src/iree/compiler/Dialect/VM/Target/Bytecode/BytecodeEncoder.h	blob	100644	e29f1fbf36c548b273fd9deb9ac22a34c234a141
compiler/src/iree/compiler/Dialect/VM/Target/Bytecode/BytecodeModuleTarget.cpp	blob	100644	0fa7bbfe6eeada985ba7c88599dc4e42c3e2327f
compiler/src/iree/compiler/Dialect/VM/Target/Bytecode/BytecodeModuleTarget.h	blob	100644	e2137ad49143868b645fecac6769cdca74029976
compiler/src/iree/compiler/Dialect/VM/Target/Bytecode/CMakeLists.txt	blob	100644	cabe350656e97a1cb73a87f7609fa962489869fe
compiler/src/iree/compiler/Dialect/VM/Target/Bytecode/DebugDatabaseBuilder.cpp	blob	100644	172777efdde695438953e3853ea02640a9865e8f
compiler/src/iree/compiler/Dialect/VM/Target/Bytecode/DebugDatabaseBuilder.h	blob	100644	759bd068caef54a08a897f2cd9e0174216d45049
compiler/src/iree/compiler/Dialect/VM/Target/Bytecode/TranslationRegistration.cpp	blob	100644	d19bd1af02551fbd74773451ff9d26bfb89214f3
compiler/src/iree/compiler/Dialect/VM/Target/Bytecode/test/BUILD.bazel	blob	100644	99467bbbb317de4a9fb3394908c4dd070dd20975
compiler/src/iree/compiler/Dialect/VM/Target/Bytecode/test/CMakeLists.txt	blob	100644	32cf14a5f666b7580d60010c919af541e486091b
compiler/src/iree/compiler/Dialect/VM/Target/Bytecode/test/constant_encoding.mlir	blob	100644	a110a46dad4c138b6738cacf474ffb2764efe6eb
compiler/src/iree/compiler/Dialect/VM/Target/Bytecode/test/dependencies.mlir	blob	100644	6b3dd347890530674b3ad5f66aef527f64e09189
compiler/src/iree/compiler/Dialect/VM/Target/Bytecode/test/module_encoding_smoke.mlir	blob	100644	3ebcb22cd04c9a07b6a701d31b965d038e6a6154
compiler/src/iree/compiler/Dialect/VM/Target/Bytecode/test/reflection_attrs.mlir	blob	100644	01463b1b60eb8a0c4a6d6218ed0de3a4ca72872e
compiler/src/iree/compiler/Dialect/VM/Target/C/BUILD.bazel	blob	100644	071ff09ccc0013ce00f74b480999dcf1c231a3aa
compiler/src/iree/compiler/Dialect/VM/Target/C/CMakeLists.txt	blob	100644	695de19541ac335da12dbe2da7b0b8589e7b8f6a
compiler/src/iree/compiler/Dialect/VM/Target/C/CModuleTarget.cpp	blob	100644	87e2c29dbd7d9e1096b7d587feb3bb1eb32a1f0f
compiler/src/iree/compiler/Dialect/VM/Target/C/CModuleTarget.h	blob	100644	2d999914d85fb0482943eb01315dbb1619be797b
compiler/src/iree/compiler/Dialect/VM/Target/C/TranslationFlags.cpp	blob	100644	0b0cc4a7c12b2223ded2a14de25da4c072c72b88
compiler/src/iree/compiler/Dialect/VM/Target/C/TranslationFlags.h	blob	100644	480a02c18b69d4e66a5593d357c6edf8de79453e
compiler/src/iree/compiler/Dialect/VM/Target/C/TranslationRegistration.cpp	blob	100644	912b4a9ed8881530f2685df216749c316b8aa7f3
compiler/src/iree/compiler/Dialect/VM/Target/C/test/CMakeLists.txt	blob	100644	0b078a19c1c13ace80998ae9b8f68f135630c80a
compiler/src/iree/compiler/Dialect/VM/Target/C/test/add.mlir	blob	100644	0a68d38465be1686d4c54681bfc9381822e06fe0
compiler/src/iree/compiler/Dialect/VM/Target/C/test/calling_convention.mlir	blob	100644	f356cc203e1e1f8bdc41c4ec044266b7dda39e00
compiler/src/iree/compiler/Dialect/VM/Target/C/test/constant_ops.mlir	blob	100644	2e7f82878becc3456da0ab12e55e11fd7709f4a0
compiler/src/iree/compiler/Dialect/VM/Target/C/test/control_flow.mlir	blob	100644	6c7bea18179af796db387aba23edca43dab4ddcb
compiler/src/iree/compiler/Dialect/VM/Target/C/test/dependencies.mlir	blob	100644	a68fe6fe82728819b11680d805340a0a5776db9c
compiler/src/iree/compiler/Dialect/VM/Target/C/test/empty_module.mlir	blob	100644	30b0078c1b52bd62cd5e4c17edc8a57405c71da5
compiler/src/iree/compiler/Dialect/VM/Target/C/test/global_ops.mlir	blob	100644	aaa84e568e1fb8ecd6d57572408887990a49a5ff
compiler/src/iree/compiler/Dialect/VM/Target/CMakeLists.txt	blob	100644	e1f1f9cde76f93e0a1e049ab968b74da3b9aa89d
compiler/src/iree/compiler/Dialect/VM/Target/init_targets.h	blob	100644	6d41638732006cc698dbe97759f56dcd9a6703fd
compiler/src/iree/compiler/Dialect/VM/Tools/BUILD.bazel	blob	100644	d9f916de4b1983e05b7553351769feb791d7d60f
compiler/src/iree/compiler/Dialect/VM/Tools/CMakeLists.txt	blob	100644	404a5e17c8f6bd49180b53f29452031d687048ac
compiler/src/iree/compiler/Dialect/VM/Tools/VMOpEncoderGen.cpp	blob	100644	b89d33c5cdcd52cecc6309eb9f9b03e64768fb7a
compiler/src/iree/compiler/Dialect/VM/Tools/VMOpTableGen.cpp	blob	100644	1cb288eb1355e6a98c279ef2a789ec13d6d7d678
compiler/src/iree/compiler/Dialect/VM/Transforms/AnnotateFunctions.cpp	blob	100644	0493901f59d0b6fa0f0785c04c7288ce5db7aad3
compiler/src/iree/compiler/Dialect/VM/Transforms/BUILD.bazel	blob	100644	c290963ac6051491272096b3f0e9249d2635bb74
compiler/src/iree/compiler/Dialect/VM/Transforms/CMakeLists.txt	blob	100644	3dabab629b1aa1903370cd77bd3d3bfd5d025d32
compiler/src/iree/compiler/Dialect/VM/Transforms/Conversion.cpp	blob	100644	b259137c4c29d53d749cdc415840e5643b58ccf0
compiler/src/iree/compiler/Dialect/VM/Transforms/ConvertToYieldableCalls.cpp	blob	100644	4bd56ab635d5cd1f1e21ec42751b67f9f6da41cc
compiler/src/iree/compiler/Dialect/VM/Transforms/DeduplicateRodata.cpp	blob	100644	e06138a84d638ca6c06598989a15d62abb47520e
compiler/src/iree/compiler/Dialect/VM/Transforms/DropEmptyModuleInitializers.cpp	blob	100644	0ed40e5dcd39a7a9ebbf6f902e9716c5844b79e9
compiler/src/iree/compiler/Dialect/VM/Transforms/DropOptimizationBarriers.cpp	blob	100644	6536a0a6663c6a95f49c2ff74f43b0c509980d4c
compiler/src/iree/compiler/Dialect/VM/Transforms/DropUnusedCalls.cpp	blob	100644	51707e21563d5b684d3091de50f65793244074d4
compiler/src/iree/compiler/Dialect/VM/Transforms/GlobalInitialization.cpp	blob	100644	ff848b38bad17411047ae2e6eb0329d2aa3cfe5c
compiler/src/iree/compiler/Dialect/VM/Transforms/HoistInlinedRodata.cpp	blob	100644	5e0ad7a07d3fd1ab83834ce7f42bedf1afe69334
compiler/src/iree/compiler/Dialect/VM/Transforms/MaterializeRefDiscards.cpp	blob	100644	4a22d8a74e44d2a65b12fbe831820f468e30429d
compiler/src/iree/compiler/Dialect/VM/Transforms/OrdinalAllocation.cpp	blob	100644	c37258bf206351f878c9600a98c878857234de45
compiler/src/iree/compiler/Dialect/VM/Transforms/Passes.cpp	blob	100644	a507a9eecd65d7ba13632a57f299a4a55fcbd656
compiler/src/iree/compiler/Dialect/VM/Transforms/Passes.h	blob	100644	7d3f1ba644791281a2556765fbf5da2ff863a08d
compiler/src/iree/compiler/Dialect/VM/Transforms/Passes.td	blob	100644	2300a01fa645dde753e3c6d2db1c885cfe428a71
compiler/src/iree/compiler/Dialect/VM/Transforms/ReifyRodataTables.cpp	blob	100644	6f9cfb6d70970d66325f98a4aaf31b706a034332
compiler/src/iree/compiler/Dialect/VM/Transforms/ResolveRodataLoads.cpp	blob	100644	3ede87b5b528924293e7f8044574f243b1fc9ee7
compiler/src/iree/compiler/Dialect/VM/Transforms/SinkDefiningOps.cpp	blob	100644	6ba2bae979f5c16918c75e9ae3cad3d40ab08620
compiler/src/iree/compiler/Dialect/VM/Transforms/test/BUILD.bazel	blob	100644	3290f81e67112c3ebe7dc1c2c1ebaea443b3dcb3
compiler/src/iree/compiler/Dialect/VM/Transforms/test/CMakeLists.txt	blob	100644	7f40ca571a34613a8dcb6a6241a5a118d49a5ceb
compiler/src/iree/compiler/Dialect/VM/Transforms/test/annotate_functions.mlir	blob	100644	f95f95d41364325ce3e050865e4e265b2f2329b8
compiler/src/iree/compiler/Dialect/VM/Transforms/test/convert_to_yieldable_calls.mlir	blob	100644	ed9a770470223c2603174beb7a2ba2c29018ef9f
compiler/src/iree/compiler/Dialect/VM/Transforms/test/deduplicate_rodata.mlir	blob	100644	0412c2015cbdbffb10f632dbdd78b7bcc0a284d9
compiler/src/iree/compiler/Dialect/VM/Transforms/test/drop_empty_module_initializers.mlir	blob	100644	cb46de7c44456f2b19bc70a3c51380f00a0fd8c1
compiler/src/iree/compiler/Dialect/VM/Transforms/test/drop_unused_calls.mlir	blob	100644	bbd8b0b14211f390a39bab38f22be38cdd33a45e
compiler/src/iree/compiler/Dialect/VM/Transforms/test/global_initialization.mlir	blob	100644	35e8ea0412c91573d8fd915d66ff90b16940b9b9
compiler/src/iree/compiler/Dialect/VM/Transforms/test/hoist_inlined_rodata.mlir	blob	100644	d447ea31731cebc2cce5dc4eefcdddab5c37dc26
compiler/src/iree/compiler/Dialect/VM/Transforms/test/materialize_ref_discards.mlir	blob	100644	695fc4dccfbd1165c7a46c7bfee57a4ee1ca2970
compiler/src/iree/compiler/Dialect/VM/Transforms/test/ordinal_allocation.mlir	blob	100644	03663b4764773d24061803c58d02e511dd7ebff5
compiler/src/iree/compiler/Dialect/VM/Transforms/test/reify_rodata_tables.mlir	blob	100644	aceef81c6e0b13035d9745a011fbd9a59b5b26d9
compiler/src/iree/compiler/Dialect/VM/Transforms/test/resolve_rodata_loads.mlir	blob	100644	f1aba753e5ecd28b7ff28693c235d06f3a203e78
compiler/src/iree/compiler/Dialect/VM/Transforms/test/sink_defining_ops.mlir	blob	100644	7ec3990d879d2be33d6288bbb1b338b5835a6a3f
compiler/src/iree/compiler/Dialect/VM/Utils/BUILD.bazel	blob	100644	46b5c05a5503a02b247ac02864320c9d6f042d85
compiler/src/iree/compiler/Dialect/VM/Utils/CMakeLists.txt	blob	100644	b7ee3414feed5a8a1a33cf1d878d863c256d27f5
compiler/src/iree/compiler/Dialect/VM/Utils/CallingConvention.cpp	blob	100644	15f060ec174f1ac2f8b61df0ac9a84e0a5568ae0
compiler/src/iree/compiler/Dialect/VM/Utils/CallingConvention.h	blob	100644	a580d2308db52e75faad1009fff8bd7e303f65b0
compiler/src/iree/compiler/Dialect/VM/Utils/TypeTable.cpp	blob	100644	a42536a5afc761a1be9f17a5deb9fe2a19258ac1
compiler/src/iree/compiler/Dialect/VM/Utils/TypeTable.h	blob	100644	f797df033a6d160c1ac34554d611fb56210725c1
compiler/src/iree/compiler/Dialect/VMVX/BUILD.bazel	blob	100644	cdbde6e02b52da0ba0b33deeb760fd450c7cfed4
compiler/src/iree/compiler/Dialect/VMVX/CMakeLists.txt	blob	100644	d6630ca8f8655c05ee61804cc48148032fba6a29
compiler/src/iree/compiler/Dialect/VMVX/Conversion/BUILD.bazel	blob	100644	f27d209ddf951681d534f8871a64ce56c0c6d521
compiler/src/iree/compiler/Dialect/VMVX/Conversion/CMakeLists.txt	blob	100644	11b53525d1a7c66f67db92cd3e0648280be19f14
compiler/src/iree/compiler/Dialect/VMVX/Conversion/HALToVMVX/BUILD.bazel	blob	100644	61f5aa058978907110e6ef7a14ff7b91194b32bd
compiler/src/iree/compiler/Dialect/VMVX/Conversion/HALToVMVX/CMakeLists.txt	blob	100644	75a9c8c27af5af3d28aaa62599a55b6d05766826
compiler/src/iree/compiler/Dialect/VMVX/Conversion/HALToVMVX/ConvertHALToVMVX.cpp	blob	100644	4ab94161285393b36c64c34965fb57c0907fdf92
compiler/src/iree/compiler/Dialect/VMVX/Conversion/HALToVMVX/ConvertHALToVMVX.h	blob	100644	cb6e65bc1580a921e46aa60b19d3fad11e5fe547
compiler/src/iree/compiler/Dialect/VMVX/Conversion/HALToVMVX/test/BUILD.bazel	blob	100644	3ab8248cceff5e22802552b1fe8a36ecfc56fb6c
compiler/src/iree/compiler/Dialect/VMVX/Conversion/HALToVMVX/test/CMakeLists.txt	blob	100644	cbfb539967c75c2dd8040b42a912d8615e804230
compiler/src/iree/compiler/Dialect/VMVX/Conversion/HALToVMVX/test/interface_ops.mlir	blob	100644	91a8bb66c1c13ee036245d4780f3db77478769b6
compiler/src/iree/compiler/Dialect/VMVX/Conversion/StandardToVMVX/BUILD.bazel	blob	100644	878fc3d53368f59f3764ac79a77aa15d6f768ef0
compiler/src/iree/compiler/Dialect/VMVX/Conversion/StandardToVMVX/CMakeLists.txt	blob	100644	2270bf2bf2c1f1902891219bfdf5c63d45b7fda2
compiler/src/iree/compiler/Dialect/VMVX/Conversion/StandardToVMVX/ConvertStandardToVMVX.cpp	blob	100644	dc4c36069baf455e8fee80c1a06ffb2dda186e8d
compiler/src/iree/compiler/Dialect/VMVX/Conversion/StandardToVMVX/ConvertStandardToVMVX.h	blob	100644	1b56b872c05220063daf0d4e211e00e09f9c78ac
compiler/src/iree/compiler/Dialect/VMVX/Conversion/StandardToVMVX/test/BUILD.bazel	blob	100644	5a72a14022638b411f5327db70e19b7fb3cc5f82
compiler/src/iree/compiler/Dialect/VMVX/Conversion/StandardToVMVX/test/CMakeLists.txt	blob	100644	9421f2ea624b41d6c47ecffd602ee3c956725102
compiler/src/iree/compiler/Dialect/VMVX/Conversion/VMVXToVM/BUILD.bazel	blob	100644	507b5e7032b8c654bdd91072dbb3adcdee0104e2
compiler/src/iree/compiler/Dialect/VMVX/Conversion/VMVXToVM/CMakeLists.txt	blob	100644	25577c8da4d38bb62e545147bbe17d2073f2ee7c
compiler/src/iree/compiler/Dialect/VMVX/Conversion/VMVXToVM/ConvertVMVXToVM.cpp	blob	100644	8953a47607462612100e0402dd439a9ff1cae897
compiler/src/iree/compiler/Dialect/VMVX/Conversion/VMVXToVM/ConvertVMVXToVM.h	blob	100644	e6a42c9e24f2505cee8d020b28ea5487d1af8d1a
compiler/src/iree/compiler/Dialect/VMVX/Conversion/VMVXToVM/test/BUILD.bazel	blob	100644	5e2a2c5c577e6cf8ddb1c1892a3d4d751609024e
compiler/src/iree/compiler/Dialect/VMVX/Conversion/VMVXToVM/test/CMakeLists.txt	blob	100644	0aae7e7b0bf7d28aa81bdfd5f55e2c47ac8ff7ff
compiler/src/iree/compiler/Dialect/VMVX/Conversion/VMVXToVM/test/binary.mlir	blob	100644	d946eebd5786cdbf6e40fe9bbdcccc13d978d4d0
compiler/src/iree/compiler/Dialect/VMVX/Conversion/VMVXToVM/test/copy.mlir	blob	100644	77adcda5fbe19c01161c230cddcf278dcf9d4569
compiler/src/iree/compiler/Dialect/VMVX/Conversion/VMVXToVM/test/fill.mlir	blob	100644	58972f8b49fd28c6b39d1e0f83b939ed5e93055c
compiler/src/iree/compiler/Dialect/VMVX/Conversion/VMVXToVM/test/unary.mlir	blob	100644	2bedcb8cff9f4ad864c2370607dcd7784bc4daa7
compiler/src/iree/compiler/Dialect/VMVX/IR/BUILD.bazel	blob	100644	4e49ae3ad0b6d31c9f5ae3e69c28b8d534d59252
compiler/src/iree/compiler/Dialect/VMVX/IR/CMakeLists.txt	blob	100644	a08e5191d3c33926e53bd723e7d03d2263229229
compiler/src/iree/compiler/Dialect/VMVX/IR/VMVXBase.td	blob	100644	ab147e49641a914d97f31301c4c5fbda67e520d3
compiler/src/iree/compiler/Dialect/VMVX/IR/VMVXDialect.cpp	blob	100644	964a9b14f0273dfdd26b7bd8758a66e0d14d153b
compiler/src/iree/compiler/Dialect/VMVX/IR/VMVXDialect.h	blob	100644	507f3eb34338f0984c98240cde70a314685b430b
compiler/src/iree/compiler/Dialect/VMVX/IR/VMVXInterfaces.td	blob	100644	dc8285f272b5b6f15bc10e096e293869710237e1
compiler/src/iree/compiler/Dialect/VMVX/IR/VMVXOps.cpp	blob	100644	23d1e7dc216ea57bd58f77d9ccf272477cca49b7
compiler/src/iree/compiler/Dialect/VMVX/IR/VMVXOps.h	blob	100644	3a2f18f70003244b96a7e5dec8e4cbcde1513f44
compiler/src/iree/compiler/Dialect/VMVX/IR/VMVXOps.td	blob	100644	79dd4cf9aa69c3b48f72f6a89ad491a48b1ed3da
compiler/src/iree/compiler/Dialect/VMVX/IR/VMVXTypes.cpp	blob	100644	292d30eeb1e1b0f2d049d90e3da28a046c7754b8
compiler/src/iree/compiler/Dialect/VMVX/IR/VMVXTypes.h	blob	100644	3fef5799acc900f2981b492a7f514b8ed4a7fa91
compiler/src/iree/compiler/Dialect/VMVX/IR/test/BUILD.bazel	blob	100644	5a72a14022638b411f5327db70e19b7fb3cc5f82
compiler/src/iree/compiler/Dialect/VMVX/IR/test/CMakeLists.txt	blob	100644	38715f17c6549fc16222096b552ebc60d3235714
compiler/src/iree/compiler/Dialect/VMVX/README.md	blob	100644	6dc1279b06d119f8375dacef4de61b5bba738744
compiler/src/iree/compiler/Dialect/VMVX/Transforms/BUILD.bazel	blob	100644	f4e098fa0b6d3d7fb0f6195388eeed17e48fe2a7
compiler/src/iree/compiler/Dialect/VMVX/Transforms/CMakeLists.txt	blob	100644	567737c31089097e2c7064ed027c90b60ef6efb4
compiler/src/iree/compiler/Dialect/VMVX/Transforms/Conversion.cpp	blob	100644	df931a24c638fc48f1071a6a913d3a616e414de7
compiler/src/iree/compiler/Dialect/VMVX/Transforms/MaterializeConstants.cpp	blob	100644	a51de1e55cc7af5f0a888d9ed3143a6167b5dae4
compiler/src/iree/compiler/Dialect/VMVX/Transforms/Passes.cpp	blob	100644	42c2b071bff289095fd4fad66c409c9c5c93e78f
compiler/src/iree/compiler/Dialect/VMVX/Transforms/Passes.h	blob	100644	fa3fbd05b88e40e8f606c48a8069c9d6c23b4367
compiler/src/iree/compiler/Dialect/VMVX/Transforms/Passes.td	blob	100644	0dbdc78aa9c7d782d6776d86afdd02d21e798e81
compiler/src/iree/compiler/Dialect/VMVX/Transforms/ResolveBufferDescriptors.cpp	blob	100644	308685cc8154dacb0e57aa745f7c43b778deac3e
compiler/src/iree/compiler/Dialect/VMVX/Transforms/test/BUILD.bazel	blob	100644	2320156440e31ae62dc523b786ea97b80ba7ca95
compiler/src/iree/compiler/Dialect/VMVX/Transforms/test/CMakeLists.txt	blob	100644	b0d594be9d6caef8bfdbb44d19036bbca09e24fe
compiler/src/iree/compiler/Dialect/VMVX/Transforms/test/materialize_constants.mlir	blob	100644	9cd25c15e27d8bdf9e559386fc2de7ed4a92bb63
compiler/src/iree/compiler/Dialect/VMVX/Transforms/test/resolve_buffer_descriptors.mlir	blob	100644	54e051e33efd871919000127f26148b6a76791a3
compiler/src/iree/compiler/Dialect/VMVX/vmvx.imports.mlir	blob	100644	756673e819570b465e86c3e3dd7c202963b694bb
compiler/src/iree/compiler/DispatchCreation/AnnotateDataTilingHints.cpp	blob	100644	43d85af771ab8be7251e512bd3f1a1e2d2bd3fcd
compiler/src/iree/compiler/DispatchCreation/BUILD.bazel	blob	100644	9b131916625d061e6d0a3892debeeb97e93e2f3d
compiler/src/iree/compiler/DispatchCreation/BitcastUnsupportedElementTypes.cpp	blob	100644	6f55a38a486fce4013318a291463686462b17329
compiler/src/iree/compiler/DispatchCreation/BubbleUpExpandShapes.cpp	blob	100644	91828e2c77f046051a1e1587d7dceff1888ecd37
compiler/src/iree/compiler/DispatchCreation/CMakeLists.txt	blob	100644	4b124334e1efe6c3e9a4fbdd610ff5c596ed8af8
compiler/src/iree/compiler/DispatchCreation/CloneProducersIntoDispatchRegions.cpp	blob	100644	d0f706dd166e72b88bcba8bd8899b1c784c91078
compiler/src/iree/compiler/DispatchCreation/CollapseDimensions.cpp	blob	100644	7dcc2a1745ad1a1b6a49c9d5fc493a0dc1c195b6
compiler/src/iree/compiler/DispatchCreation/ConvertDispatchRegionsToWorkgroups.cpp	blob	100644	55c011f099ba0499a2f81e7f3d3246dcd7d639c1
compiler/src/iree/compiler/DispatchCreation/ConvertEncodingToFlow.cpp	blob	100644	e6f997fc550047c6e331496897225a54afb45384
compiler/src/iree/compiler/DispatchCreation/ConvertTensorToFlow.cpp	blob	100644	4de877b7de8e3327aaff2b7b26d5e9489862e29f
compiler/src/iree/compiler/DispatchCreation/ElementwiseOpFusion.cpp	blob	100644	77a85aa93963dabc14d0b27fa05fa7b2f31feee1
compiler/src/iree/compiler/DispatchCreation/FoldReshapesIntoTensorBarriers.cpp	blob	100644	f9e3ac643186bf3b0971577c9781bf7344cd835d
compiler/src/iree/compiler/DispatchCreation/FoldUnitExtentDims.cpp	blob	100644	2136f7c2a361288b40a68b0a8cf99633a7f40d58
compiler/src/iree/compiler/DispatchCreation/FormDispatchRegions.cpp	blob	100644	20d3a06e4dfd2ccb4bac39e4f12969f2f0432d17
compiler/src/iree/compiler/DispatchCreation/FormScalarDispatches.cpp	blob	100644	a92d74974ee98fcef150bc39adf000ce14abcd2d
compiler/src/iree/compiler/DispatchCreation/FormSplitReductionDispatches.cpp	blob	100644	cfbf108b67ee762382b2d37414be5ffb756750cc
compiler/src/iree/compiler/DispatchCreation/FuseEncodingOpsIntoDispatchRegions.cpp	blob	100644	1a7ee1cbaaf390a3523710788457f5593cf1d83b
compiler/src/iree/compiler/DispatchCreation/FuseHorizontalContractions.cpp	blob	100644	19b9dcdf7e0537c22c1da7a899a02786b84bd436
compiler/src/iree/compiler/DispatchCreation/FuseMultiUseElementwiseProducer.cpp	blob	100644	0b77919bb9e3960a524db1c175bdc2f2be7e798c
compiler/src/iree/compiler/DispatchCreation/FusionPreprocessing.cpp	blob	100644	d7c7635a331e2038cd47cb65080a764f858d7a2d
compiler/src/iree/compiler/DispatchCreation/FusionUtils.cpp	blob	100644	7f226201e98690e257a6584cdf8f33893bbdffd1
compiler/src/iree/compiler/DispatchCreation/FusionUtils.h	blob	100644	5a5f280818c296ddfb004c0288097f48cb537bb3
compiler/src/iree/compiler/DispatchCreation/HoistEncodingOps.cpp	blob	100644	81312b9479484792e8eeb6a737718d68476bc939
compiler/src/iree/compiler/DispatchCreation/HoistUniformScalarCompute.cpp	blob	100644	382627e861f7b773244f872347d873c6810dad02
compiler/src/iree/compiler/DispatchCreation/InsertTensorBarriers.cpp	blob	100644	ba7c8252863b70b4fc77e74e7de1441d5a19cb17
compiler/src/iree/compiler/DispatchCreation/MaterializeDefaultWorkgroupCountRegion.cpp	blob	100644	2dd0b67c4e089cc9aa4b5f8a4ba53c583f45570e
compiler/src/iree/compiler/DispatchCreation/Passes.cpp	blob	100644	22bac0fbdf23051c466782d4bb9021514d5e06eb
compiler/src/iree/compiler/DispatchCreation/Passes.h	blob	100644	80f60d8aec24bce868ca96b8d4d2d0a24af9aba1
compiler/src/iree/compiler/DispatchCreation/Passes.td	blob	100644	c2ae0941880f01b89bbf576d03bddc3f8e95d20f
compiler/src/iree/compiler/DispatchCreation/PropagateEncodings.cpp	blob	100644	927e199556a71d31c8e8583f3286a32831fcd518
compiler/src/iree/compiler/DispatchCreation/RemoveTensorBarriers.cpp	blob	100644	37f9311a4f3579cc2966253e93200709595bd1f4
compiler/src/iree/compiler/DispatchCreation/SetEncoding.cpp	blob	100644	7c086385585420ec138dab304f0bf97e25f8fd49
compiler/src/iree/compiler/DispatchCreation/SetSplitReductionSizes.cpp	blob	100644	2f88e51620808d82129fcb07e2982c607e83062b
compiler/src/iree/compiler/DispatchCreation/SinkReshapes.cpp	blob	100644	40a641bda719198b091b8173b0d3ebd18c32bf1d
compiler/src/iree/compiler/DispatchCreation/SplitReduction.cpp	blob	100644	143e7f00529b4ebae142fe38a7196b9f904cc443
compiler/src/iree/compiler/DispatchCreation/TensorPadToTensorInsertSlice.cpp	blob	100644	d711fe15bbb461270ea6993ab56bb38b1a95b56a
compiler/src/iree/compiler/DispatchCreation/TransposeGenericOps.cpp	blob	100644	1a43f2b3907ef03ca47eb5c66eca533d46fafdbf
compiler/src/iree/compiler/DispatchCreation/test/BUILD.bazel	blob	100644	beae569b0de05f957942b5c8d2c45f3b5c270baa
compiler/src/iree/compiler/DispatchCreation/test/CMakeLists.txt	blob	100644	daaad46e2c2ee2872462c21958d6aca0e785fabc
compiler/src/iree/compiler/DispatchCreation/test/annotate_data_tiling_hints.mlir	blob	100644	435bb22848edb93ed4adc5e428e87bffe6ee2e6e
compiler/src/iree/compiler/DispatchCreation/test/bitcast_unsupported_element_types.mlir	blob	100644	873c45c0acc46a4f4135d6baa4eaba60f604d6e6
compiler/src/iree/compiler/DispatchCreation/test/bubble_up_expand_shapes.mlir	blob	100644	a7b507d23ef2c9f13f58426b9d0f3993bca757ee
compiler/src/iree/compiler/DispatchCreation/test/bubble_up_extract_slice.mlir	blob	100644	b0b6a36d559b0d48857f139e5078735cac0057f4
compiler/src/iree/compiler/DispatchCreation/test/clone_producers_into_dispatch_regions.mlir	blob	100644	6026892cbf43c9b0d1703ab2c5d42d3e23c4c4d0
compiler/src/iree/compiler/DispatchCreation/test/collapse_dimensions.mlir	blob	100644	b88040e9f5f21478c9b09c09be356847977e97fc
compiler/src/iree/compiler/DispatchCreation/test/collapse_linalg_generic_on_tensors.mlir	blob	100644	419bd7370f9c3bfcddf841d4be5faed84ac61171
compiler/src/iree/compiler/DispatchCreation/test/convert_encoding_to_flow.mlir	blob	100644	61a5d4d9f386c9873772bcebb5081bc92e2bff39
compiler/src/iree/compiler/DispatchCreation/test/convert_region_to_workgroups.mlir	blob	100644	5f19e39020c399c6e2ff00b51a544956fc0d26a3
compiler/src/iree/compiler/DispatchCreation/test/dispatch_block_matmul_producers.mlir	blob	100644	b190a717824c5acdf5e5f31a24ce243aab3e33ae
compiler/src/iree/compiler/DispatchCreation/test/dispatch_linalg_ext_fusion.mlir	blob	100644	0f50ebeeeadf7a43ab13c63299dbe07f9f8cb03c
compiler/src/iree/compiler/DispatchCreation/test/dispatch_linalg_on_tensors.mlir	blob	100644	127e64525f459fcf6717bff0014f08a4b47df414
compiler/src/iree/compiler/DispatchCreation/test/dispatch_linalg_on_tensors_default.mlir	blob	100644	4ac0d752aeb4268eeba621af88f853ef789f7a89
compiler/src/iree/compiler/DispatchCreation/test/dispatch_linalg_on_tensors_fusion_with_transpose.mlir	blob	100644	557fbbdfa1e11883d6af2aa0415f12f63144aa1a
compiler/src/iree/compiler/DispatchCreation/test/dispatch_region_formation_preprocessing.mlir	blob	100644	a848e366d54797f54d0abb66917619de68d880ca
compiler/src/iree/compiler/DispatchCreation/test/elementwise_op_fusion.mlir	blob	100644	2a79853f3e0f2e152c0099ecdcc73557277c88bf
compiler/src/iree/compiler/DispatchCreation/test/fold_reshapes_into_tensor_barriers.mlir	blob	100644	860d610d05913de4d88d42ddafed92666bd4473b
compiler/src/iree/compiler/DispatchCreation/test/fold_unit_dims.mlir	blob	100644	5d5b8f1b1c6ce2017ede18ba6c1440df319d759e
compiler/src/iree/compiler/DispatchCreation/test/form_dispatch_regions.mlir	blob	100644	8e4eb51c82eb77b2c53a4396bc48a08cc09401bd
compiler/src/iree/compiler/DispatchCreation/test/form_dispatch_workgroups.mlir	blob	100644	932fa12887b1b32b1ee1637125cd1e3b2652f41b
compiler/src/iree/compiler/DispatchCreation/test/form_scalar_dispatches.mlir	blob	100644	ee2c79bcf61d867c1ba24062158424562e5e14ec
compiler/src/iree/compiler/DispatchCreation/test/form_split_reduction_dispatches.mlir	blob	100644	d9df6c7ed390ef3514715cfd8bb80836e3632e14
compiler/src/iree/compiler/DispatchCreation/test/fuse_encoding_ops_into_dispatch_regions.mlir	blob	100644	8e9f8ba4f06b7c3d3593e6d84fb9ad425cf221ac
compiler/src/iree/compiler/DispatchCreation/test/fuse_horizontal_contractions.mlir	blob	100644	7c3f006547609fde3d59b96b31d69ca525723318
compiler/src/iree/compiler/DispatchCreation/test/fuse_multiuse_elementwise_producer.mlir	blob	100644	a025325183115892bcc727df46b6203e0be0c57a
compiler/src/iree/compiler/DispatchCreation/test/fuse_multiuse_intra_dispatch.mlir	blob	100644	a34acacbfdcdf676f366397e921e9a93a4afc759
compiler/src/iree/compiler/DispatchCreation/test/fusion_preprocessing.mlir	blob	100644	14e7df57c1272e4d0c7d5fc5ea7bef8ea51c2ec3
compiler/src/iree/compiler/DispatchCreation/test/hoist_encoding_ops.mlir	blob	100644	e20592815f175a8bd53107e8488e250c45f39d2b
compiler/src/iree/compiler/DispatchCreation/test/hoist_uniform_scalar_compute.mlir	blob	100644	365a1fdd25e48d6de89d258d4276f733465f824d
compiler/src/iree/compiler/DispatchCreation/test/insert_tensor_barriers.mlir	blob	100644	3e2061af1cb0f39ad0e5753e28973117a3f6bf04
compiler/src/iree/compiler/DispatchCreation/test/materialize_default_workgroup_count_region.mlir	blob	100644	f555d13c983c37b2bf33521dc90c86987a812c15
compiler/src/iree/compiler/DispatchCreation/test/pad_fusion_with_consumer.mlir	blob	100644	b56e437858b3053a117b1e238dcb2745d77a8de3
compiler/src/iree/compiler/DispatchCreation/test/pad_fusion_with_producer.mlir	blob	100644	f4714f7eea83081516f1a29085315bc5fd1c4be5
compiler/src/iree/compiler/DispatchCreation/test/pipeline_tests.mlir	blob	100644	2dcede798ead5278f71adb537ae3307503c22388
compiler/src/iree/compiler/DispatchCreation/test/pipeline_tests_aggressive.mlir	blob	100644	56ac15375741548c57656587811eaba4a1a54bad
compiler/src/iree/compiler/DispatchCreation/test/pipeline_tests_split_reduction.mlir	blob	100644	64148a6186dfa2f5a42e9eded8ffce7e33ef0087
compiler/src/iree/compiler/DispatchCreation/test/propagate_bitcast.mlir	blob	100644	da0a541944b82a88abb71128c602022f9e078f22
compiler/src/iree/compiler/DispatchCreation/test/propagate_encodings.mlir	blob	100644	ff6b441bceb2bf3290fa95ab0ac2729256be9579
compiler/src/iree/compiler/DispatchCreation/test/remove_tensor_barriers.mlir	blob	100644	f9cb34cbdcdc0c198c4e47294dc21936c0c971d3
compiler/src/iree/compiler/DispatchCreation/test/set_encoding.mlir	blob	100644	ef50384a92578446dfd6353be77bf17d393124f0
compiler/src/iree/compiler/DispatchCreation/test/set_encoding_padding.mlir	blob	100644	55afbe4837a8d99acf1f4ee7ceb4f2bec720ae76
compiler/src/iree/compiler/DispatchCreation/test/set_encoding_pipeline.mlir	blob	100644	90932f4593aecfcaf4ca514ce91b285ea7311e37
compiler/src/iree/compiler/DispatchCreation/test/set_split_reduction_sizes_conv.mlir	blob	100644	13a09465acb9437f4bba362eac92d6d332247db9
compiler/src/iree/compiler/DispatchCreation/test/set_split_reduction_sizes_gemm.mlir	blob	100644	504a1c648bc3a26562f34feeafb209649de97536
compiler/src/iree/compiler/DispatchCreation/test/set_split_reduction_sizes_low_parallelism.mlir	blob	100644	751234bd9bfb6261702b5b30bdcf46a7322db13b
compiler/src/iree/compiler/DispatchCreation/test/set_split_reduction_sizes_outer_reduction.mlir	blob	100644	059f1d7accd9250ddb952b1de62861e5f19d1aec
compiler/src/iree/compiler/DispatchCreation/test/sink_reshapes.mlir	blob	100644	3299462e7ba63a0e15cc26fe94b8a5cb28b911f6
compiler/src/iree/compiler/DispatchCreation/test/split_reduction.mlir	blob	100644	611b4623f2ba8bd4adb1e57a488803d8e9be4b81
compiler/src/iree/compiler/DispatchCreation/test/tensor_pad_to_tensor_insert_slice.mlir	blob	100644	405c0ac57be496bf15fce8a3d49fc325e0e8d369
compiler/src/iree/compiler/DispatchCreation/test/transpose_generic_ops.mlir	blob	100644	2f6c1ebe2d0600af9dd829111a4585a22e3fc1a5
compiler/src/iree/compiler/ExternalInterfaces/BUILD.bazel	blob	100644	0a841a48b4e4964013331e2c3a2a01b33f137c4c
compiler/src/iree/compiler/ExternalInterfaces/CMakeLists.txt	blob	100644	510c38f3d0b9e9e87085a6949cb86ae78e63490d
compiler/src/iree/compiler/ExternalInterfaces/EncodingExternalModels.cpp	blob	100644	c0edddb7aff11f900ab13553ec30c5b99d6214ce
compiler/src/iree/compiler/ExternalInterfaces/EncodingExternalModels.h	blob	100644	cd561fdfe61bdaaafe4d7e0a9ff436800188c0b6
compiler/src/iree/compiler/ExternalInterfaces/HALExternalModels.cpp	blob	100644	a65d533603d2e8ed5978cba992b1166728eb6849
compiler/src/iree/compiler/ExternalInterfaces/HALExternalModels.h	blob	100644	9bc3c34e40bd7d3e8ed82bd3e2e3e13622340097
compiler/src/iree/compiler/ExternalInterfaces/Interfaces.cpp	blob	100644	daebf8cc3e27bab369e590deb1b092ddaaa5f38e
compiler/src/iree/compiler/ExternalInterfaces/Interfaces.h	blob	100644	fa070ba13deea81a5de4e400edf1c2a019580145
compiler/src/iree/compiler/ExternalInterfaces/LinalgExtExternalModels.cpp	blob	100644	2dd29713099dbf7cc11af4da81ae6eb780c93663
compiler/src/iree/compiler/ExternalInterfaces/LinalgExtExternalModels.h	blob	100644	bb3dd8e8bbd6ae767155d5c16a571958cdf8fa7b
compiler/src/iree/compiler/ExternalInterfaces/StreamExternalModels.cpp	blob	100644	561462c49b5382e8ded62e4bec59302765fffd90
compiler/src/iree/compiler/ExternalInterfaces/StreamExternalModels.h	blob	100644	ba298820e80749f74fb96089cd8dafafd595295e
compiler/src/iree/compiler/ExternalInterfaces/TensorExtExternalModels.cpp	blob	100644	0f523156521c187ffe831f21cbd23ec68880016f
compiler/src/iree/compiler/ExternalInterfaces/TensorExtExternalModels.h	blob	100644	1c0e11441c1ef318fcdfd0b6057089c0ad43e5f4
compiler/src/iree/compiler/ExternalInterfaces/UtilExternalModels.cpp	blob	100644	399c301f3c67fa5b6078431a6022633952c9da1a
compiler/src/iree/compiler/ExternalInterfaces/UtilExternalModels.h	blob	100644	29eb20a858f65cc783386d5289039045ddbd9ed6
compiler/src/iree/compiler/GlobalOptimization/BUILD.bazel	blob	100644	5b5ac1751193df614dce9037eea11b42fece6ca0
compiler/src/iree/compiler/GlobalOptimization/CMakeLists.txt	blob	100644	c3b994d3fa6384693ddfe32980776730a591579f
compiler/src/iree/compiler/GlobalOptimization/CleanupNumericNarrowing.cpp	blob	100644	d06d1bdeeaef6748abf537d18395c7f12e77937d
compiler/src/iree/compiler/GlobalOptimization/ConvertBatchMatmulToMatmul.cpp	blob	100644	648edf1aa5907eff468626b6d1cb6ac60cf94447
compiler/src/iree/compiler/GlobalOptimization/ConvertConv2DToImg2Col.cpp	blob	100644	2ce4985bdb5eba6516858f7411c25a2d5f63f464
compiler/src/iree/compiler/GlobalOptimization/ConvertStridedContractionToContraction.cpp	blob	100644	f97394857f2c678f72387c952fb5b07e4baf9c7b
compiler/src/iree/compiler/GlobalOptimization/DataLayoutPropagation.cpp	blob	100644	cbce93c9a3af16f9f252933a69adbf38f12bcee4
compiler/src/iree/compiler/GlobalOptimization/DecomposeConcat.cpp	blob	100644	a50b67a0c8c2bd0bd32df0062a30d5ff02f22581
compiler/src/iree/compiler/GlobalOptimization/DemoteContractionInputs.cpp	blob	100644	2a7d4007f40647634a2d7ebdfec964fe5f9aba2b
compiler/src/iree/compiler/GlobalOptimization/DetachElementwiseFromNamedOps.cpp	blob	100644	aa695f95cfd2618c50078b13bf11ec4c7a821e82
compiler/src/iree/compiler/GlobalOptimization/EraseUnusedLinalgOperands.cpp	blob	100644	8c777edd3f933a335d76c4cf677e09ad80e5bf80
compiler/src/iree/compiler/GlobalOptimization/ExpandTensorShapes.cpp	blob	100644	e2b900ade36e1536033ff45d8a360575d9dc0281
compiler/src/iree/compiler/GlobalOptimization/FuseDequantizationMatmul.cpp	blob	100644	1c3bb666b40bec7648313201ed9dc10fce5d0bc7
compiler/src/iree/compiler/GlobalOptimization/GeneralizeLinalgNamedOps.cpp	blob	100644	cdaa42009cb1f501b65e47c1558e17d6619e29b9
compiler/src/iree/compiler/GlobalOptimization/GlobalLoopInvariantCodeMotion.cpp	blob	100644	597c86397e73a5f0f65847d62f9b5f2c66126eeb
compiler/src/iree/compiler/GlobalOptimization/InferNumericNarrowing.cpp	blob	100644	8e24c593f8bd8e73d1dcdf6015917da2b43025e1
compiler/src/iree/compiler/GlobalOptimization/Interfaces/BUILD.bazel	blob	100644	144e914e3dd07379867985c51839c6254eda2274
compiler/src/iree/compiler/GlobalOptimization/Interfaces/CMakeLists.txt	blob	100644	367268cad67d1558a80f6ff28da46b3f9851cc11
compiler/src/iree/compiler/GlobalOptimization/Interfaces/HoistableTypeInterface.cpp	blob	100644	4253948cb083241c77c483c6f2d5d0b31c546b54
compiler/src/iree/compiler/GlobalOptimization/Interfaces/HoistableTypeInterface.h	blob	100644	149de73f971116139e220be0c972f278b64b5caf
compiler/src/iree/compiler/GlobalOptimization/Interfaces/Interfaces.cpp	blob	100644	ab3acdd283bcf121a2f87fbb02cf60464e688e18
compiler/src/iree/compiler/GlobalOptimization/Interfaces/Interfaces.h	blob	100644	f75ec2892c78732edb3a95222f7a26e3e6fefa6c
compiler/src/iree/compiler/GlobalOptimization/MaterializeHomogeneousEncodings.cpp	blob	100644	d7f507b868d535637e010824d3306e8343e16b23
compiler/src/iree/compiler/GlobalOptimization/OptimizeNumerics.cpp	blob	100644	f54f71fc41bfb57df2e20b557a749fe3d54577eb
compiler/src/iree/compiler/GlobalOptimization/Passes.cpp	blob	100644	049053d9830b28e69633521555980e424c7a3b1b
compiler/src/iree/compiler/GlobalOptimization/Passes.h	blob	100644	6ef72b5a45e41cbf25220e88ea112f07c72e6836
compiler/src/iree/compiler/GlobalOptimization/Passes.td	blob	100644	b05e76dc6f2b3aec62cbe78a8d546acba61e008c
compiler/src/iree/compiler/GlobalOptimization/PropagateLinalgTranspose.cpp	blob	100644	5b65e4248e9b941de22cf7fd8f86ee296d5646e3
compiler/src/iree/compiler/GlobalOptimization/QuantizedConvToConv.cpp	blob	100644	c03d8e07f695d87ddc34345de5ef65ea9372d07a
compiler/src/iree/compiler/GlobalOptimization/QuantizedMatmulToMatmul.cpp	blob	100644	b2c436b3e5e4f7e057c810f6fe9be6a1f09c9257
compiler/src/iree/compiler/GlobalOptimization/RaiseSpecialOps.cpp	blob	100644	3ca4d331fcf0757590b832a9b47c050ae25fc208
compiler/src/iree/compiler/GlobalOptimization/RemoveZeroExtentTensors.cpp	blob	100644	71bc4e779c9ae07631d34cf894d11f8aead98a0e
compiler/src/iree/compiler/GlobalOptimization/SimplifyPackUnpack.cpp	blob	100644	d82bc9404baed407d97c762607cc1fb8fdeb0408
compiler/src/iree/compiler/GlobalOptimization/Utils.cpp	blob	100644	4b025f71c87d5d05edc3f18089a48aa9f405d97b
compiler/src/iree/compiler/GlobalOptimization/Utils.h	blob	100644	b6aa69d0bb8470ad167016289e4fd1fda5ec2df3
compiler/src/iree/compiler/GlobalOptimization/WarnOnUninitializedValues.cpp	blob	100644	39c26f21b078b00c2820ec05016f96e8b41611c0
compiler/src/iree/compiler/GlobalOptimization/test/BUILD.bazel	blob	100644	a8481d7a92f8693e0f2738dfdfe4649b789a37a1
compiler/src/iree/compiler/GlobalOptimization/test/CMakeLists.txt	blob	100644	95ae4f98dbc26a29e3d3e59e1db05d9bc7f1a499
compiler/src/iree/compiler/GlobalOptimization/test/cleanup_numeric_narrowing.mlir	blob	100644	963202b36248a85058124efa3506cdd4ec82a21b
compiler/src/iree/compiler/GlobalOptimization/test/conv2d_to_img2col.mlir	blob	100644	33a7a144894c0cbeb60f3638e69c9c9b97db07af
compiler/src/iree/compiler/GlobalOptimization/test/convert_batch_matmul_to_matmul.mlir	blob	100644	1d36e5e6a40fdfbcca7c492e9a3c266ecc774396
compiler/src/iree/compiler/GlobalOptimization/test/data_layout_propagation.mlir	blob	100644	d05143897c03fb4ac0fb18431d646270052e9b99
compiler/src/iree/compiler/GlobalOptimization/test/demote_contraction_inputs.mlir	blob	100644	2bd99a2786ae53af6ee0711ce1be1ec49bfe2738
compiler/src/iree/compiler/GlobalOptimization/test/detach_elementwise_from_named_ops.mlir	blob	100644	7075e0e9c61ce76f388c22950d8f3ac5d221abf9
compiler/src/iree/compiler/GlobalOptimization/test/expand_tensor_shapes.mlir	blob	100644	de519db63fcd65eec7913bf70fa28d4700a1111b
compiler/src/iree/compiler/GlobalOptimization/test/fuse_dequantization_matmul.mlir	blob	100644	3ad78055fe8d5293cca468baad9f7b2995f5aa7c
compiler/src/iree/compiler/GlobalOptimization/test/generalize_named_ops.mlir	blob	100644	6ec0de9822020751a4ab15b38bee2ca0f21384dd
compiler/src/iree/compiler/GlobalOptimization/test/global_loop_invariant_code_motion.mlir	blob	100644	2d5e95b6913fadbeb9f841f3260ef7595ef7ebfe
compiler/src/iree/compiler/GlobalOptimization/test/hoist_into_globals.mlir	blob	100644	34e164d6c2be8fcfad49882977479b8020665c08
compiler/src/iree/compiler/GlobalOptimization/test/infer_numeric_narrowing.mlir	blob	100644	7fb22d442313ae00185e22d5b31a7e8f293e7297
compiler/src/iree/compiler/GlobalOptimization/test/linalg_quantized_conv_to_conv.mlir	blob	100644	aa3f2c8b6e224aae16580799e5d3211a3efe8be2
compiler/src/iree/compiler/GlobalOptimization/test/linalg_quantized_matmul_to_matmul.mlir	blob	100644	69ad40babcd9c8288883754d853481da6568a45b
compiler/src/iree/compiler/GlobalOptimization/test/optimize_numerics.mlir	blob	100644	51bc2c3f15852e20e26cd3c05878a3a161fd38d2
compiler/src/iree/compiler/GlobalOptimization/test/propagate_linalg_transpose.mlir	blob	100644	cb275e4c459701eed7cea5ed70e75171b597a38a
compiler/src/iree/compiler/GlobalOptimization/test/raise_special_ops.mlir	blob	100644	6b3e22abca76c0e7df0ab9af7b9ed0b6cb476450
compiler/src/iree/compiler/GlobalOptimization/test/remove_zero_extent_tensors.mlir	blob	100644	449587073f2ca1b8d2407cfacaa7f27d9394bb70
compiler/src/iree/compiler/GlobalOptimization/test/strided_contraction_to_contraction.mlir	blob	100644	780bfbf4d22f9569530d37b69ed971bca650f356
compiler/src/iree/compiler/GlobalOptimization/test/transformation_pipeline.mlir	blob	100644	6367f334fcbcfd9cf67e8bd9ba9bb1cb13eb9b9d
compiler/src/iree/compiler/GlobalOptimization/test/transpose_and_decompose_concat.mlir	blob	100644	daeeb172fce3d446b72cd31540e0a8e28ae16966
compiler/src/iree/compiler/GlobalOptimization/test/warn_on_uninitialized_values.mlir	blob	100644	8bdd20dd11972dc76b6c0196b041d3524e9b4b31
compiler/src/iree/compiler/InputConversion/BUILD.bazel	blob	100644	f27d209ddf951681d534f8871a64ce56c0c6d521
compiler/src/iree/compiler/InputConversion/CMakeLists.txt	blob	100644	422c1b648bd447db5be3c62ee4899450899808c9
compiler/src/iree/compiler/InputConversion/Common/AutoInputConversionPipeline.cpp	blob	100644	13a75494d08a6716e7ed887f05362e447815ff43
compiler/src/iree/compiler/InputConversion/Common/BUILD.bazel	blob	100644	19e829c8e669005446e8e251efb9b241400176af
compiler/src/iree/compiler/InputConversion/Common/CMakeLists.txt	blob	100644	ee8cd031bad4c783861d73c02ffe3a5742db7b08
compiler/src/iree/compiler/InputConversion/Common/ConvertPrimitiveType.cpp	blob	100644	fe40994d4b22f0f78e713aab09509e74b4ca3825
compiler/src/iree/compiler/InputConversion/Common/IREEImportPublic.cpp	blob	100644	723393e94236136e5d7cca90b39bc6ebfe49cf51
compiler/src/iree/compiler/InputConversion/Common/ImportMLProgram.cpp	blob	100644	06eb0bf203f67b607a881b689dd059d0135ce3e8
compiler/src/iree/compiler/InputConversion/Common/Passes.cpp	blob	100644	dbc77a4712ac8285e0c70713351e6b37e202fc0e
compiler/src/iree/compiler/InputConversion/Common/Passes.h	blob	100644	39f4621ece24b3c8b866e9681ab6ad37881e4cfe
compiler/src/iree/compiler/InputConversion/Common/Passes.td	blob	100644	bfe88f84c196f39d2730f395da136a08c7e75620
compiler/src/iree/compiler/InputConversion/Common/SanitizeModuleNames.cpp	blob	100644	b9ab257650c4c2ab10dacf858f0a6cce0cd967bc
compiler/src/iree/compiler/InputConversion/Common/test/BUILD.bazel	blob	100644	918a3d5a6671bdeac1730e7fdd6e95628f541456
compiler/src/iree/compiler/InputConversion/Common/test/CMakeLists.txt	blob	100644	82158e261d2f8416b887353f009a7386ea403b47
compiler/src/iree/compiler/InputConversion/Common/test/demote_f32_to_f16.mlir	blob	100644	2b7445de6c013171f27ac4e5316288de50966c54
compiler/src/iree/compiler/InputConversion/Common/test/demote_f64_to_f32.mlir	blob	100644	3b2b4f79e2bf7aa0e56cfca48af45729b13943a5
compiler/src/iree/compiler/InputConversion/Common/test/demote_i64_to_i32.mlir	blob	100644	88542e986c0a0db9f400f9fd398f322eb65891f9
compiler/src/iree/compiler/InputConversion/Common/test/import_ml_program.mlir	blob	100644	a523742361716841727db0a5b9cc3c28120fe33e
compiler/src/iree/compiler/InputConversion/Common/test/iree_import_public.mlir	blob	100644	afa11658a5e5a270d9802437eedb4d07ed18be07
compiler/src/iree/compiler/InputConversion/Common/test/promote_bf16_to_f32.mlir	blob	100644	bc50a6d0e85af4c69afd53658abbe68d5ca7d7cd
compiler/src/iree/compiler/InputConversion/Common/test/promote_f16_to_f32.mlir	blob	100644	cbc7ef210391f68e936826f6f1205a793ea2d2e2
compiler/src/iree/compiler/InputConversion/Common/test/sanitize_module_names.mlir	blob	100644	3d0db288908e8832754c1f155d4d2cb6286b8103
compiler/src/iree/compiler/Modules/BUILD.bazel	blob	100644	236a474467251aef400aace1223bcd560190d2cc
compiler/src/iree/compiler/Modules/CMakeLists.txt	blob	100644	106c073431a09ac3b4f972a5e4c769032eda787e
compiler/src/iree/compiler/Modules/Check/BUILD.bazel	blob	100644	061d2591b563070ee268905d53ec9eb485c8e94d
compiler/src/iree/compiler/Modules/Check/CMakeLists.txt	blob	100644	7d86510e7bc5300ac41f8459491c3d2e2af3adf3
compiler/src/iree/compiler/Modules/Check/Conversion/BUILD.bazel	blob	100644	a3255ea99a6e0c0bca08a81071ee59808f68b2bf
compiler/src/iree/compiler/Modules/Check/Conversion/CMakeLists.txt	blob	100644	3c20a5ba1bf10f9b96f9961b87b94a1f26338e65
compiler/src/iree/compiler/Modules/Check/Conversion/ConversionPatterns.cpp	blob	100644	342bb3d2cf9626b1b62fcdb1a39e7b7791342b66
compiler/src/iree/compiler/Modules/Check/Conversion/ConversionPatterns.h	blob	100644	53f25dc672ac940970e20cb1e389e5fc29b689f0
compiler/src/iree/compiler/Modules/Check/IR/BUILD.bazel	blob	100644	0a9d1dc304bd107da2a23676809bc5a5ce422215
compiler/src/iree/compiler/Modules/Check/IR/CMakeLists.txt	blob	100644	af42a1141863eb910a9b82f5a8cfcb19c93a681e
compiler/src/iree/compiler/Modules/Check/IR/CheckBase.td	blob	100644	1c60a516caab67a9f62f19560e443d7a8f85f69e
compiler/src/iree/compiler/Modules/Check/IR/CheckDialect.cpp	blob	100644	e37e8defae917623dfe5d12238a20d701a8cd6ed
compiler/src/iree/compiler/Modules/Check/IR/CheckDialect.h	blob	100644	e7a34a2511e8848d1e2cbdf386656b79cdaacd95
compiler/src/iree/compiler/Modules/Check/IR/CheckOps.cpp	blob	100644	07724b41e51184a48cbfad011db58132c0645150
compiler/src/iree/compiler/Modules/Check/IR/CheckOps.h	blob	100644	d334555d958ade27c8f0ec789ca445ec6bab8883
compiler/src/iree/compiler/Modules/Check/IR/CheckOps.td	blob	100644	4051a62e1e61afde1196d29d0db9547bea63599d
compiler/src/iree/compiler/Modules/Check/check.imports.mlir	blob	100644	68f605c28d51e4255b2425860c1005d2442bc905
compiler/src/iree/compiler/Modules/Check/test/BUILD.bazel	blob	100644	6f031429a476365eabd115898bbcc5c93bf149da
compiler/src/iree/compiler/Modules/Check/test/CMakeLists.txt	blob	100644	f086659378052f6b67d7fb14fbadbd1b7d4500c8
compiler/src/iree/compiler/Modules/Check/test/canonicalize.mlir	blob	100644	1afdfaad77bdb2546c5c930c0cca2d25bd61f909
compiler/src/iree/compiler/Modules/Check/test/ops.mlir	blob	100644	96cee3152f94cb703dc0e5fa9d1b80226a44a5b8
compiler/src/iree/compiler/Modules/HAL/BUILD.bazel	blob	100644	cadf49117343f0c4c1d504da93e872efddaf6fcf
compiler/src/iree/compiler/Modules/HAL/CMakeLists.txt	blob	100644	61b85d921c44988918eda9b6b58227270ac65396
compiler/src/iree/compiler/Modules/HAL/Inline/BUILD.bazel	blob	100644	a3be5dc62f1dc0ad1b3da7206e90a3c799ce87ef
compiler/src/iree/compiler/Modules/HAL/Inline/CMakeLists.txt	blob	100644	8737c0829c28bfa7210262c2222dc4de74a0e9e5
compiler/src/iree/compiler/Modules/HAL/Inline/Conversion/BUILD.bazel	blob	100644	cadf49117343f0c4c1d504da93e872efddaf6fcf
compiler/src/iree/compiler/Modules/HAL/Inline/Conversion/CMakeLists.txt	blob	100644	92cbbcf398deee8872c15524b80cd78d32f558af
compiler/src/iree/compiler/Modules/HAL/Inline/Conversion/HALInlineToVM/BUILD.bazel	blob	100644	7aacaf5497032571886446858520fb05fbb2ba0b
compiler/src/iree/compiler/Modules/HAL/Inline/Conversion/HALInlineToVM/CMakeLists.txt	blob	100644	0c22d5c999488b5710e54a84244ff91eb4b86d2b
compiler/src/iree/compiler/Modules/HAL/Inline/Conversion/HALInlineToVM/Patterns.cpp	blob	100644	30ec69b274d0348eafed5cd460e5350bf053cc9f
compiler/src/iree/compiler/Modules/HAL/Inline/Conversion/HALInlineToVM/Patterns.h	blob	100644	0caf2588f283de760ae675a3fa844b2d2c44e61d
compiler/src/iree/compiler/Modules/HAL/Inline/Conversion/HALInlineToVM/test/BUILD.bazel	blob	100644	accd28591098212532fc4d4c9e12d1df5e3906a9
compiler/src/iree/compiler/Modules/HAL/Inline/Conversion/HALInlineToVM/test/CMakeLists.txt	blob	100644	47b658190dbadc58e4e3ef9e50a7e39b20b95825
compiler/src/iree/compiler/Modules/HAL/Inline/Conversion/HALToHALInline/BUILD.bazel	blob	100644	e9dac8341db96289ab31dfa5dd5c19cb53db7328
compiler/src/iree/compiler/Modules/HAL/Inline/Conversion/HALToHALInline/CMakeLists.txt	blob	100644	ebeb3ea61434317460c8a426b2089f35c58c4a50
compiler/src/iree/compiler/Modules/HAL/Inline/Conversion/HALToHALInline/Patterns.cpp	blob	100644	58d6bbb7a192e5992c4d781ab3a8a8d09a748578
compiler/src/iree/compiler/Modules/HAL/Inline/Conversion/HALToHALInline/Patterns.h	blob	100644	f2559bb81a001bab64495f8187ca7c023b54688c
compiler/src/iree/compiler/Modules/HAL/Inline/Conversion/HALToHALInline/test/BUILD.bazel	blob	100644	0b0b3144856e5c2067e4c40a9e953c434789dcbf
compiler/src/iree/compiler/Modules/HAL/Inline/Conversion/HALToHALInline/test/CMakeLists.txt	blob	100644	e69de29bb2d1d6434b8b29ae775ad8c2e48c5391
compiler/src/iree/compiler/Modules/HAL/Inline/Conversion/HALToHALInline/test/buffer_ops.mlir	blob	100644	a8174044f1817be85e214f253fa2775687e347a5
compiler/src/iree/compiler/Modules/HAL/Inline/Conversion/HALToHALInline/test/buffer_view_ops.mlir	blob	100644	aaa8937b240b16cbe98bb69507f091b6c4b56abf
compiler/src/iree/compiler/Modules/HAL/Inline/Conversion/StreamToHALInline/BUILD.bazel	blob	100644	ea60d06eec7680e39fc3ecbf11a283732a74de58
compiler/src/iree/compiler/Modules/HAL/Inline/Conversion/StreamToHALInline/CMakeLists.txt	blob	100644	bf9007fc337c0662be41b87cd43dae3c7f373f58
compiler/src/iree/compiler/Modules/HAL/Inline/Conversion/StreamToHALInline/Patterns.cpp	blob	100644	1736c2a1dad0d15caf49f6b235ddd338532f1ac1
compiler/src/iree/compiler/Modules/HAL/Inline/Conversion/StreamToHALInline/Patterns.h	blob	100644	947ce0a0e383dab3f64ac35f8971a45b3805528a
compiler/src/iree/compiler/Modules/HAL/Inline/Conversion/StreamToHALInline/test/BUILD.bazel	blob	100644	744d2d40971e502c947604f0a6aac2979fcfdc27
compiler/src/iree/compiler/Modules/HAL/Inline/Conversion/StreamToHALInline/test/CMakeLists.txt	blob	100644	c3f6ba0f2650aad101831fcf871419d8c90e49d4
compiler/src/iree/compiler/Modules/HAL/Inline/Conversion/StreamToHALInline/test/cmd_ops.mlir	blob	100644	8c3d022361e8d3a70cefd6982d5f240feeed2f18
compiler/src/iree/compiler/Modules/HAL/Inline/Conversion/StreamToHALInline/test/debug_ops.mlir	blob	100644	4ede010399affa5fe72161a953bc73bbfdcf8d4b
compiler/src/iree/compiler/Modules/HAL/Inline/Conversion/StreamToHALInline/test/file_ops.mlir	blob	100644	58ab268171c6a12dc0afa1d5ac9009b48a2de4e4
compiler/src/iree/compiler/Modules/HAL/Inline/Conversion/StreamToHALInline/test/resource_ops.mlir	blob	100644	f23fe3baaa706253330dd4765463df5510551372
compiler/src/iree/compiler/Modules/HAL/Inline/Conversion/StreamToHALInline/test/timepoint_ops.mlir	blob	100644	67793ea344c09268bea6cc29b698a9c35bda7dad
compiler/src/iree/compiler/Modules/HAL/Inline/Conversion/StreamToHALInline/test/transfer_ops.mlir	blob	100644	8b6562a1ba20e627884716d79a922e874bf27e0b
compiler/src/iree/compiler/Modules/HAL/Inline/IR/BUILD.bazel	blob	100644	86e7d746459b1e0b036059dba7c4698842f72b6d
compiler/src/iree/compiler/Modules/HAL/Inline/IR/CMakeLists.txt	blob	100644	476a002fa9fd30172b9f3473f49c463e439c9146
compiler/src/iree/compiler/Modules/HAL/Inline/IR/HALInlineBase.td	blob	100644	95b841fecede827fed95f3e0fbd1c646613bb55e
compiler/src/iree/compiler/Modules/HAL/Inline/IR/HALInlineDialect.cpp	blob	100644	98deb011f14b27003bcbb533381bff63c42c3ef4
compiler/src/iree/compiler/Modules/HAL/Inline/IR/HALInlineDialect.h	blob	100644	a210be0a88713cab9f22fadffab4e788b1e941bd
compiler/src/iree/compiler/Modules/HAL/Inline/IR/HALInlineOps.cpp	blob	100644	283ddf69c133b5008bd33907b602bf1fe7550c8e
compiler/src/iree/compiler/Modules/HAL/Inline/IR/HALInlineOps.h	blob	100644	6f04599ba8ea58707f02e77c4de83cb7c37d9731
compiler/src/iree/compiler/Modules/HAL/Inline/IR/HALInlineOps.td	blob	100644	f57d43ff6715b6ce7aa206b06c3012df261bb101
compiler/src/iree/compiler/Modules/HAL/Inline/IR/test/BUILD.bazel	blob	100644	892b95fb19049496bfbbccae351540a76bf5f786
compiler/src/iree/compiler/Modules/HAL/Inline/IR/test/CMakeLists.txt	blob	100644	1bf43fe30deb9841a3d32eacf02efa96ba1dbc5f
compiler/src/iree/compiler/Modules/HAL/Inline/IR/test/buffer_folding.mlir	blob	100644	40a2f53a24fb49b922d3355a55d2a1df2c17e894
compiler/src/iree/compiler/Modules/HAL/Inline/Transforms/BUILD.bazel	blob	100644	c9156c6c5b3ed16cf9064242e5e61ff6ebc3c692
compiler/src/iree/compiler/Modules/HAL/Inline/Transforms/CMakeLists.txt	blob	100644	14485445547a25bccf9e9609b72e0662a9e70e58
compiler/src/iree/compiler/Modules/HAL/Inline/Transforms/Conversion.cpp	blob	100644	891333b0949c6d57a065dfd07b32bf19fe3eb062
compiler/src/iree/compiler/Modules/HAL/Inline/Transforms/InlineExecutables.cpp	blob	100644	0aae4bd80772945d6322cffc4cd2e53f42b5eea9
compiler/src/iree/compiler/Modules/HAL/Inline/Transforms/Passes.cpp	blob	100644	c6fce971d99301c158ad897833ffb8999ba7da3f
compiler/src/iree/compiler/Modules/HAL/Inline/Transforms/Passes.h	blob	100644	8816ae9b7b0ef6e209b2858a94103acd85ba9af8
compiler/src/iree/compiler/Modules/HAL/Inline/Transforms/Passes.td	blob	100644	06cc4c63e918d76d6a1e777e36db8ab91e4574b8
compiler/src/iree/compiler/Modules/HAL/Inline/Transforms/test/BUILD.bazel	blob	100644	637ea14df48da5dfdf6cae1ddbdb50dd5fecb3b3
compiler/src/iree/compiler/Modules/HAL/Inline/Transforms/test/CMakeLists.txt	blob	100644	6b20ad33231b7c007f1c026d7e9abfabeb520b2e
compiler/src/iree/compiler/Modules/HAL/Inline/Transforms/test/inline_executables.mlir	blob	100644	6d362d4d0bf602f9e6e6ba58d079adb0db448931
compiler/src/iree/compiler/Modules/HAL/Inline/hal_inline.imports.mlir	blob	100644	54ecf6cae849756969f18631664d7172f10e5caa
compiler/src/iree/compiler/Modules/HAL/Loader/BUILD.bazel	blob	100644	8d7a5d5ff1ed9338774928d20ce819938fb5010f
compiler/src/iree/compiler/Modules/HAL/Loader/CMakeLists.txt	blob	100644	f1ee07bcb22f7ef3df718d71032fe5a44f8c2304
compiler/src/iree/compiler/Modules/HAL/Loader/Conversion/BUILD.bazel	blob	100644	cadf49117343f0c4c1d504da93e872efddaf6fcf
compiler/src/iree/compiler/Modules/HAL/Loader/Conversion/CMakeLists.txt	blob	100644	98176238686423cbcd4379fdd694deada55ab503
compiler/src/iree/compiler/Modules/HAL/Loader/Conversion/HALLoaderToVM/BUILD.bazel	blob	100644	9a8dcd8b4cc39a14a59c69c58197b7e747c17ed6
compiler/src/iree/compiler/Modules/HAL/Loader/Conversion/HALLoaderToVM/CMakeLists.txt	blob	100644	ed7154fcee14a3b76e9428f1eb38ca2f8afc77b3
compiler/src/iree/compiler/Modules/HAL/Loader/Conversion/HALLoaderToVM/Patterns.cpp	blob	100644	075256f7ade084b43766e9aff317e5f57255ac66
compiler/src/iree/compiler/Modules/HAL/Loader/Conversion/HALLoaderToVM/Patterns.h	blob	100644	804a261fd283168ee6b1beea355421d30e4e4cb5
compiler/src/iree/compiler/Modules/HAL/Loader/Conversion/HALLoaderToVM/test/BUILD.bazel	blob	100644	5a047972de3b3a025597cb0f08959e806ad41780
compiler/src/iree/compiler/Modules/HAL/Loader/Conversion/HALLoaderToVM/test/CMakeLists.txt	blob	100644	edf0abfe6d4047cf2b1937644d15b9cee7b5ba8f
compiler/src/iree/compiler/Modules/HAL/Loader/Conversion/HALLoaderToVM/test/executable_ops.mlir	blob	100644	7d37379fe3eeca7af95fc7371ffbc3f90b17acce
compiler/src/iree/compiler/Modules/HAL/Loader/Conversion/StreamToHALLoader/BUILD.bazel	blob	100644	69fdf1a14cf3a0d120e8b7d58d27e1606b032a17
compiler/src/iree/compiler/Modules/HAL/Loader/Conversion/StreamToHALLoader/CMakeLists.txt	blob	100644	1ab2e63562bfe415aaa8ffa4749e28079802444e
compiler/src/iree/compiler/Modules/HAL/Loader/Conversion/StreamToHALLoader/Patterns.cpp	blob	100644	3d25d0556f05d2463bf562fd25c50058ebeb742e
compiler/src/iree/compiler/Modules/HAL/Loader/Conversion/StreamToHALLoader/Patterns.h	blob	100644	19de445e554de7f3121eabf5346b31d16d8954ac
compiler/src/iree/compiler/Modules/HAL/Loader/Conversion/StreamToHALLoader/test/BUILD.bazel	blob	100644	3a5ddbbb438ff928c265bcbe973d42a8c3bef20e
compiler/src/iree/compiler/Modules/HAL/Loader/Conversion/StreamToHALLoader/test/CMakeLists.txt	blob	100644	9af6fce190e9f2c58e21f30fc2bd87f92b0de960
compiler/src/iree/compiler/Modules/HAL/Loader/Conversion/StreamToHALLoader/test/cmd_ops.mlir	blob	100644	b4a8ab80567549520746e2e97daa2573247b5670
compiler/src/iree/compiler/Modules/HAL/Loader/IR/BUILD.bazel	blob	100644	2135610c178205ae07cd91bc82b0b8ae7b7a1640
compiler/src/iree/compiler/Modules/HAL/Loader/IR/CMakeLists.txt	blob	100644	0a1f454fc9e309dac9e2b23152bf4420e091d519
compiler/src/iree/compiler/Modules/HAL/Loader/IR/HALLoaderBase.td	blob	100644	e0b29575595a8b3cc079659436a6c27d224650c1
compiler/src/iree/compiler/Modules/HAL/Loader/IR/HALLoaderDialect.cpp	blob	100644	067930e70b779129a94577a1b27eaba3278425f5
compiler/src/iree/compiler/Modules/HAL/Loader/IR/HALLoaderDialect.h	blob	100644	34427b20758c285cf931c201f0d52c27c8754e4d
compiler/src/iree/compiler/Modules/HAL/Loader/IR/HALLoaderOps.cpp	blob	100644	ee89440533587b8ca322ffe7194ad8429633fd30
compiler/src/iree/compiler/Modules/HAL/Loader/IR/HALLoaderOps.h	blob	100644	b61de56f4cf7793f723800c322ee147a7371accd
compiler/src/iree/compiler/Modules/HAL/Loader/IR/HALLoaderOps.td	blob	100644	4f903c0beab8c74774a1ac519a5acb31bb9c7531
compiler/src/iree/compiler/Modules/HAL/Loader/IR/test/BUILD.bazel	blob	100644	8e3ed66d6a3346fa435696ae1b323124e30a6546
compiler/src/iree/compiler/Modules/HAL/Loader/IR/test/CMakeLists.txt	blob	100644	b063ba674bef6be38c2fb8b31a1d295f88775b36
compiler/src/iree/compiler/Modules/HAL/Loader/IR/test/dispatch_folding.mlir	blob	100644	85d753775c3dfd527f053e8e233922303bc4a057
compiler/src/iree/compiler/Modules/HAL/Loader/Transforms/BUILD.bazel	blob	100644	fffe4af7802d6603112259af5a8ab019f48574e4
compiler/src/iree/compiler/Modules/HAL/Loader/Transforms/CMakeLists.txt	blob	100644	2c693a0f8b9d31d5c09f8c047eab2f8d08abed39
compiler/src/iree/compiler/Modules/HAL/Loader/Transforms/Conversion.cpp	blob	100644	cd8e015955a901e612bafe8dde64f868f55b4091
compiler/src/iree/compiler/Modules/HAL/Loader/Transforms/MaterializeExecutables.cpp	blob	100644	097599697f963e7e95402805b7bba622b4c8cca2
compiler/src/iree/compiler/Modules/HAL/Loader/Transforms/Passes.cpp	blob	100644	9c9acbc83d15d5ed7d5e3236327af44cbbeb9d7d
compiler/src/iree/compiler/Modules/HAL/Loader/Transforms/Passes.h	blob	100644	391829e749b26b7d6929c8e56b8b0352b341d010
compiler/src/iree/compiler/Modules/HAL/Loader/Transforms/Passes.td	blob	100644	bdd83668b819f42c33b50aac784932caba5032c5
compiler/src/iree/compiler/Modules/HAL/Loader/Transforms/ResolveExportOrdinals.cpp	blob	100644	391a297264988169aa1cfff415d0a26b3cef909d
compiler/src/iree/compiler/Modules/HAL/Loader/Transforms/test/BUILD.bazel	blob	100644	9e19da435caae0ff8b30ee36176b2de91a0342f0
compiler/src/iree/compiler/Modules/HAL/Loader/Transforms/test/CMakeLists.txt	blob	100644	e9bc04723c39a9c32343b83a01e2064bcf94f4de
compiler/src/iree/compiler/Modules/HAL/Loader/Transforms/test/materialize_executables.mlir	blob	100644	cafb262a4b769338c0503b89ce029274b714f92b
compiler/src/iree/compiler/Modules/HAL/Loader/hal_loader.imports.mlir	blob	100644	1dc7022ac446f05498878e55e8987d60190a14f8
compiler/src/iree/compiler/Modules/IO/BUILD.bazel	blob	100644	522ca5dff85225b269d26657d6c98c27af7ab8fb
compiler/src/iree/compiler/Modules/IO/CMakeLists.txt	blob	100644	92497d8ae9a5ad3c34874e71f4822e2c1999be3d
compiler/src/iree/compiler/Modules/IO/Parameters/BUILD.bazel	blob	100644	e5e7cdc86d77c460d5c5c50395559c7304e1bc2a
compiler/src/iree/compiler/Modules/IO/Parameters/CMakeLists.txt	blob	100644	ddd20fe72406b516d38f51377dbfb790291d0c4a
compiler/src/iree/compiler/Modules/IO/Parameters/Conversion/BUILD.bazel	blob	100644	522ca5dff85225b269d26657d6c98c27af7ab8fb
compiler/src/iree/compiler/Modules/IO/Parameters/Conversion/CMakeLists.txt	blob	100644	f1f66bd100e4e04cd04f3fdd6049694abb22d057
compiler/src/iree/compiler/Modules/IO/Parameters/Conversion/ParamsToVM/BUILD.bazel	blob	100644	11de169ef9f53cf391c4e795a6e46a218c4f26bb
compiler/src/iree/compiler/Modules/IO/Parameters/Conversion/ParamsToVM/CMakeLists.txt	blob	100644	efa866cb5092d4f9e25b7e66b38d912fa77ab0a5
compiler/src/iree/compiler/Modules/IO/Parameters/Conversion/ParamsToVM/Patterns.cpp	blob	100644	36581f22f80a3e32084903ff4d1493e3088d22a4
compiler/src/iree/compiler/Modules/IO/Parameters/Conversion/ParamsToVM/Patterns.h	blob	100644	b3389929da2007ffe7ae582ab02f9b01b50ba608
compiler/src/iree/compiler/Modules/IO/Parameters/Conversion/ParamsToVM/test/BUILD.bazel	blob	100644	6530aa2037ee3650119da695bba2bdc0a89a1eb9
compiler/src/iree/compiler/Modules/IO/Parameters/Conversion/ParamsToVM/test/CMakeLists.txt	blob	100644	f4db472104f31ebf23ea65c1ce3681fa18e9cfb5
compiler/src/iree/compiler/Modules/IO/Parameters/Conversion/ParamsToVM/test/parameter_ops.mlir	blob	100644	c750df40ddc38b675bd9d4cddaa68f68bd82209e
compiler/src/iree/compiler/Modules/IO/Parameters/Conversion/StreamToParams/BUILD.bazel	blob	100644	8920d10666bbb118477f80b07303cf1dca96ab6c
compiler/src/iree/compiler/Modules/IO/Parameters/Conversion/StreamToParams/CMakeLists.txt	blob	100644	8047620cd909dccaa799997164f2c56ec388e34a
compiler/src/iree/compiler/Modules/IO/Parameters/Conversion/StreamToParams/Patterns.cpp	blob	100644	c8b4269f82eff78bbb586358f39bf95b2cc28dfb
compiler/src/iree/compiler/Modules/IO/Parameters/Conversion/StreamToParams/Patterns.h	blob	100644	03c5f7b28c6bfe40da1e10d3005304629326875c
compiler/src/iree/compiler/Modules/IO/Parameters/Conversion/StreamToParams/test/BUILD.bazel	blob	100644	6530aa2037ee3650119da695bba2bdc0a89a1eb9
compiler/src/iree/compiler/Modules/IO/Parameters/Conversion/StreamToParams/test/CMakeLists.txt	blob	100644	71e1a1203152aae593ae4a8301c0a864aa6f41a9
compiler/src/iree/compiler/Modules/IO/Parameters/Conversion/StreamToParams/test/parameter_ops.mlir	blob	100644	3dc47aef40545bf42af934c4e47c18f614213933
compiler/src/iree/compiler/Modules/IO/Parameters/IR/BUILD.bazel	blob	100644	6c6b395f2d552f817180217ed160494902c92970
compiler/src/iree/compiler/Modules/IO/Parameters/IR/CMakeLists.txt	blob	100644	d48986789b9bb266d0e67e8dea6460eae3c9ed91
compiler/src/iree/compiler/Modules/IO/Parameters/IR/IOParametersBase.td	blob	100644	1e5acd61f8ae25b5674360adedf3bcacc94b37ad
compiler/src/iree/compiler/Modules/IO/Parameters/IR/IOParametersDialect.cpp	blob	100644	701859cbf0afb6678d731f983a148e23de066d78
compiler/src/iree/compiler/Modules/IO/Parameters/IR/IOParametersDialect.h	blob	100644	40f2d4243f916e804bebfb86b8ee1e810d81c196
compiler/src/iree/compiler/Modules/IO/Parameters/IR/IOParametersOps.cpp	blob	100644	a3bca95b233dde48af703c0b9a77277caea5dd0e
compiler/src/iree/compiler/Modules/IO/Parameters/IR/IOParametersOps.h	blob	100644	118abfdc9791d0a39f604ad064ec999766bf2062
compiler/src/iree/compiler/Modules/IO/Parameters/IR/IOParametersOps.td	blob	100644	5acec2f3b9f4583e3f5579a83cf3770d2fa92c1d
compiler/src/iree/compiler/Modules/IO/Parameters/IR/test/BUILD.bazel	blob	100644	6530aa2037ee3650119da695bba2bdc0a89a1eb9
compiler/src/iree/compiler/Modules/IO/Parameters/IR/test/CMakeLists.txt	blob	100644	29c1e20a3a1a1253ab5ffd5ceafaf7d110bf44fe
compiler/src/iree/compiler/Modules/IO/Parameters/IR/test/parameter_ops.mlir	blob	100644	227e5fc76fd1efcace2dab653d26142016bc72df
compiler/src/iree/compiler/Modules/IO/Parameters/Transforms/ArchiveUtils.cpp	blob	100644	53417ae46986f11623bdd4479b0a1a926d01ef34
compiler/src/iree/compiler/Modules/IO/Parameters/Transforms/ArchiveUtils.h	blob	100644	a199759263f730c0e5846aee10ce5112190b88e8
compiler/src/iree/compiler/Modules/IO/Parameters/Transforms/BUILD.bazel	blob	100644	6717abb3f90f32474ac1da63f7c6f6b194a560dc
compiler/src/iree/compiler/Modules/IO/Parameters/Transforms/CMakeLists.txt	blob	100644	41704dd0ceeb5ca1ec75836a839f83f8fdbcbd98
compiler/src/iree/compiler/Modules/IO/Parameters/Transforms/ExportParameters.cpp	blob	100644	3e0c8e2b0269ac1efa75d9d3c604141854573ff0
compiler/src/iree/compiler/Modules/IO/Parameters/Transforms/GenerateSplatParameterArchive.cpp	blob	100644	11229dacb145fb8910d1984df363c3cd9f22691d
compiler/src/iree/compiler/Modules/IO/Parameters/Transforms/ImportParameters.cpp	blob	100644	bd08acab8f47de40c44afe019a5d8789acff4436
compiler/src/iree/compiler/Modules/IO/Parameters/Transforms/Passes.cpp	blob	100644	7518a8b024c5a32dbd07becd97139ab25363fc5e
compiler/src/iree/compiler/Modules/IO/Parameters/Transforms/Passes.h	blob	100644	9493d93eb62297056362b7cf491113c0e83b1e86
compiler/src/iree/compiler/Modules/IO/Parameters/Transforms/Passes.td	blob	100644	603d23f9202e7ef40208bba86a67b8fae57ef7cc
compiler/src/iree/compiler/Modules/IO/Parameters/Transforms/test/BUILD.bazel	blob	100644	241c1800eb40876168169cb40638a8c94fec765a
compiler/src/iree/compiler/Modules/IO/Parameters/Transforms/test/CMakeLists.txt	blob	100644	1d6407b722a89b6072f85df8cbaeb8e8116aa8f9
compiler/src/iree/compiler/Modules/IO/Parameters/Transforms/test/export_parameters.mlir	blob	100644	7f54149f0ea796a43b3f82b70f2a71e30dbb2084
compiler/src/iree/compiler/Modules/IO/Parameters/Transforms/test/generate_splat_parameter_archive.mlir	blob	100644	215d1cca6dbc8324e401b9944453487b42af4e50
compiler/src/iree/compiler/Modules/IO/Parameters/Transforms/test/import_parameters.mlir	blob	100644	45eb7b77924d7a1f5ba74e6e641b935f5275e43b
compiler/src/iree/compiler/Modules/IO/Parameters/io_parameters.imports.mlir	blob	100644	4bfda085d0b6927eabf7527282fc1ea98695244a
compiler/src/iree/compiler/Modules/README.md	blob	100644	6b182c7d031876116c237e0e7b0c47c5dd81efea
compiler/src/iree/compiler/Pipelines/BUILD.bazel	blob	100644	86ba0072582edfb656db9b2b1d0d3cc42e5cde70
compiler/src/iree/compiler/Pipelines/CMakeLists.txt	blob	100644	483be85382afc38019aa9fe5076e282b2ba59e89
compiler/src/iree/compiler/Pipelines/Options.cpp	blob	100644	3de600b3d1571fa071e7e0a5154fba609efe37b5
compiler/src/iree/compiler/Pipelines/Options.h	blob	100644	ae85e32830b8fac94ccf223e13733540a5caebef
compiler/src/iree/compiler/Pipelines/Pipelines.cpp	blob	100644	b3c61697fb98d6ce8c74523a320dc3830aabcafa
compiler/src/iree/compiler/Pipelines/Pipelines.h	blob	100644	c17f9bd893f07302f896d4d878200b3fee39d23d
compiler/src/iree/compiler/Pipelines/README.md	blob	100644	5096c4a7e292641890efc250d2cccc7c9c78d7c3
compiler/src/iree/compiler/PluginAPI/BUILD.bazel	blob	100644	063f2f4db7db6c04599c91058ce82b7433da7f5b
compiler/src/iree/compiler/PluginAPI/CMakeLists.txt	blob	100644	e4e74ec7438b867a9b03ad76a9216830213db5fa
compiler/src/iree/compiler/PluginAPI/Client.cpp	blob	100644	632976e0fb1ad649dd4c2cd9002d524fe0b065c8
compiler/src/iree/compiler/PluginAPI/Client.h	blob	100644	3c7ade966503a6ebb6337a6ccdc25e044a9ea172
compiler/src/iree/compiler/PluginAPI/Config/BUILD.bazel	blob	100644	d9bfae7a4f4c15f8a970b491a1ab6f37a56e8835
compiler/src/iree/compiler/PluginAPI/Config/CMakeLists.txt	blob	100644	774fe941281156dfa6174bc57850f259cb48a048
compiler/src/iree/compiler/PluginAPI/PluginManager.cpp	blob	100644	3ac9025a2029452a5b7e3bf30d8ba18778138ba6
compiler/src/iree/compiler/PluginAPI/PluginManager.h	blob	100644	ef194993d25d90299fc044aabaa2be7473347534
compiler/src/iree/compiler/PluginAPI/README.md	blob	100644	c2282dbef28a380985bfad0cb6dd65ca2fca3546
compiler/src/iree/compiler/Preprocessing/BUILD.bazel	blob	100644	4cb659f5b011c9a08c3046b512945e8676101d70
compiler/src/iree/compiler/Preprocessing/CMakeLists.txt	blob	100644	ff7bab9924dfe8c9567b2386381834d6fda54ca6
compiler/src/iree/compiler/Preprocessing/Common/ApplyPDLPatterns.cpp	blob	100644	2f3cf5e7a73838a416f015bb24731679d5927690
compiler/src/iree/compiler/Preprocessing/Common/AttrBasedPipeline.cpp	blob	100644	9b3a6aca5cf4d5639b24b6d2181a84fe433e3bac
compiler/src/iree/compiler/Preprocessing/Common/BUILD.bazel	blob	100644	285a078f7fac242c0baa04a18d77e77b42059ef5
compiler/src/iree/compiler/Preprocessing/Common/CMakeLists.txt	blob	100644	91ef4b0c28a8f31d103070a380605203e6bd9fcd
compiler/src/iree/compiler/Preprocessing/Common/Convert1X1FilterConv2DToMatmul.cpp	blob	100644	e72a9b37e6275a5bc5edc7cb446e8473daf67cde
compiler/src/iree/compiler/Preprocessing/Common/ConvertConvFilterToChannelsLast.cpp	blob	100644	7a246e0d80a5e61742e65263884affdbb80c29e8
compiler/src/iree/compiler/Preprocessing/Common/ConvertConvToChannelsLast.cpp	blob	100644	911a79c67e3e5bfe4883752a78126c9dee41c0d0
compiler/src/iree/compiler/Preprocessing/Common/ConvertStridedInsertSliceToGeneric.cpp	blob	100644	5d0bbee2dd1aa0aedfa841a931f5a0b2d8f03e90
compiler/src/iree/compiler/Preprocessing/Common/FoldAttentionWithTranspose.cpp	blob	100644	c3eeacfc7a9a3f488255f8a600b094a6fd45b10d
compiler/src/iree/compiler/Preprocessing/Common/GeneralizeLinalgMatMul.cpp	blob	100644	c58e2c062a9617f7bb3f449ae36e328cf1c5d11e
compiler/src/iree/compiler/Preprocessing/Common/Interpreter.cpp	blob	100644	cd2de6158f9eca020657a02addc58c12b8738de9
compiler/src/iree/compiler/Preprocessing/Common/MakeSingleDispatchForFunction.cpp	blob	100644	3c69cc222f157cc916d5b7a8a4d63c5a9fa6ce15
compiler/src/iree/compiler/Preprocessing/Common/PadLinalgOps.cpp	blob	100644	95ac26cbde7f1c88f12d4b0278aabdd9e39388b3
compiler/src/iree/compiler/Preprocessing/Common/PadToIntrinsics.cpp	blob	100644	182fad6538508366235fbb33605ee37adb6ed5fe
compiler/src/iree/compiler/Preprocessing/Common/Passes.cpp	blob	100644	6cc48a69cf016e19060ee0376572ac697db9b596
compiler/src/iree/compiler/Preprocessing/Common/Passes.h	blob	100644	b6b1f8453df2b5c7e5696c39fd769fc4acc72828
compiler/src/iree/compiler/Preprocessing/Common/Passes.td	blob	100644	4dab41fce2699da670bc8e2fd07c136df2f8f312
compiler/src/iree/compiler/Preprocessing/Common/PromoteLinalgOutputs.cpp	blob	100644	c9af88bf90ac25d493ca90291e56f1d5c75804c7
compiler/src/iree/compiler/Preprocessing/Common/SwapStridedInsertSliceWithContraction.cpp	blob	100644	2f72d931fd45a199ff43fd244d0625290faab77c
compiler/src/iree/compiler/Preprocessing/Common/TransposeMatmul.cpp	blob	100644	0b3cbac3f1854345f3aac1b14699b44e02671e60
compiler/src/iree/compiler/Preprocessing/Common/test/BUILD.bazel	blob	100644	64de18b0028bb813f08bb8f86a79af248a20add7
compiler/src/iree/compiler/Preprocessing/Common/test/CMakeLists.txt	blob	100644	d2316d41d53a78cb92eaeeba389454c722a8e9ea
compiler/src/iree/compiler/Preprocessing/Common/test/attr_based_pipeline.mlir	blob	100644	27bb61f0af72fe8cfbffd4818fce02769aeabbef
compiler/src/iree/compiler/Preprocessing/Common/test/conv1x1_to_matmul.mlir	blob	100644	70b206688b2dd4e0f307c1bf59b8d4e7755e87b7
compiler/src/iree/compiler/Preprocessing/Common/test/conv_filter_to_channels_last.mlir	blob	100644	9732b79ac8e87f7db4761bcfb35fd04bccaac0b3
compiler/src/iree/compiler/Preprocessing/Common/test/conv_to_channels_last.mlir	blob	100644	41ec92cb754e645ca9b71c1d72775ee215c0927f
compiler/src/iree/compiler/Preprocessing/Common/test/convert_strided_insert_slice_to_generic.mlir	blob	100644	9c0088f543f666560eb950806abf9f8252a4085d
compiler/src/iree/compiler/Preprocessing/Common/test/external_function_spec.mlir	blob	100644	5152acac1e15c5071ca3c3a8bd0cd2fcff1bc25a
compiler/src/iree/compiler/Preprocessing/Common/test/fold_attention_with_transpose.mlir	blob	100644	785e68b49fcd4d79003fb017ac0232a45b5b2e01
compiler/src/iree/compiler/Preprocessing/Common/test/generalize_linalg_matmul.mlir	blob	100644	bb1949c17ef192647a20d59b676732024091d5bc
compiler/src/iree/compiler/Preprocessing/Common/test/make_single_dispatch_for_function.mlir	blob	100644	1a55271fc3110e61cb6204185297ec808c81f674
compiler/src/iree/compiler/Preprocessing/Common/test/pad_linalg_ops.mlir	blob	100644	89857ba233f10210a4a2ecf71f627ccb9ab06fb5
compiler/src/iree/compiler/Preprocessing/Common/test/pad_to_intrinsics_mfma.mlir	blob	100644	6f21af7a01e8c02713983dfa4c381b376f9f80b9
compiler/src/iree/compiler/Preprocessing/Common/test/pad_to_intrinsics_wmma.mlir	blob	100644	bfec8dd800eb4b0ad2b90b048aceb93b76409685
compiler/src/iree/compiler/Preprocessing/Common/test/pdl_example.mlir	blob	100644	e6840cfb75524e804ab64ffedb80c9bc1919e234
compiler/src/iree/compiler/Preprocessing/Common/test/pdl_patterns.mlir	blob	100644	7f1c2a04480c6c256091af33012974d03fd012d0
compiler/src/iree/compiler/Preprocessing/Common/test/preprocessing_match_ops.mlir	blob	100644	b6925ab8c20e700959e72c8ccb0470c078b6b279
compiler/src/iree/compiler/Preprocessing/Common/test/promote_linalg_outputs.mlir	blob	100644	1b818bfffa4a2b9151629065d8882755f9986afe
compiler/src/iree/compiler/Preprocessing/Common/test/swap_strided_insert_slice_with_contraction.mlir	blob	100644	dbf1bebef96466ea7bee51283f11c099843fc965
compiler/src/iree/compiler/Preprocessing/Common/test/transform_symbol_importing.mlir	blob	100644	d77a4e3c17a64cc0c4a9e7603de11c160dc7fc61
compiler/src/iree/compiler/Preprocessing/Common/test/transpose_matmul.mlir	blob	100644	cc3c68bc990c95be5553e21df479f37ff6ee5ca4
compiler/src/iree/compiler/Preprocessing/Passes.cpp	blob	100644	2eff36273b4c080a0e9bf43e864808b73c0b0830
compiler/src/iree/compiler/Preprocessing/Passes.h	blob	100644	46ece965b0c7fcc9e0431b590bada0a2cd77d7a5
compiler/src/iree/compiler/Preprocessing/TransformExtensions/BUILD.bazel	blob	100644	7982c8feaf87b644cf5d9a2d07228751955149f1
compiler/src/iree/compiler/Preprocessing/TransformExtensions/CMakeLists.txt	blob	100644	633f4e874ab1559a9cdd4b8215d2590a4519725f
compiler/src/iree/compiler/Preprocessing/TransformExtensions/PreprocessingExtensions.cpp	blob	100644	591812c963d70f1e9964463b0caa70441a779b43
compiler/src/iree/compiler/Preprocessing/TransformExtensions/PreprocessingExtensions.h	blob	100644	877695d8473648694bfbe52a3b99f142488dbd38
compiler/src/iree/compiler/Preprocessing/TransformExtensions/PreprocessingExtensionsOps.td	blob	100644	602460e3924593310043b217c9fc8d7a9b8f9e1c
compiler/src/iree/compiler/README.md	blob	100644	15cc55e7076d9f4959622141b978e14cc1ced290
compiler/src/iree/compiler/Reducer/BUILD.bazel	blob	100644	2af2408d9b1c712377290fbf2f25c934128cbc31
compiler/src/iree/compiler/Reducer/CMakeLists.txt	blob	100644	b6de4422cc49884f93563343b470c517044ee679
compiler/src/iree/compiler/Reducer/Framework/BUILD.bazel	blob	100644	235f1a65e41e4cfb1c180f25bdd15d017261f8de
compiler/src/iree/compiler/Reducer/Framework/CMakeLists.txt	blob	100644	497921dd00dfbcd8b904680734a5c618a87e01f0
compiler/src/iree/compiler/Reducer/Framework/ChunkManager.cpp	blob	100644	855c02ea5df883b1c4fdd7523e6991fc7762d421
compiler/src/iree/compiler/Reducer/Framework/ChunkManager.h	blob	100644	77dd432eba893886d5c36fee00d0801042b0eddb
compiler/src/iree/compiler/Reducer/Framework/Delta.cpp	blob	100644	5bb765047abc06e0e4ed12cf8ff88f81d203e722
compiler/src/iree/compiler/Reducer/Framework/Delta.h	blob	100644	8f0264cd16081a8c8d6509f9474da0ece85b62bd
compiler/src/iree/compiler/Reducer/Framework/Oracle.cpp	blob	100644	5aeb99d5529745c636d1de5f3bb65f4d7ef72f27
compiler/src/iree/compiler/Reducer/Framework/Oracle.h	blob	100644	e045a8ba162e1c4a7b492ac7d7764435b6474cd0
compiler/src/iree/compiler/Reducer/Framework/WorkItem.cpp	blob	100644	1b3665808050ca3d4c4a47796caf8419132caa11
compiler/src/iree/compiler/Reducer/Framework/WorkItem.h	blob	100644	39476e66be5524b919aa72bfcb0a4e5b2f630e43
compiler/src/iree/compiler/Reducer/Strategies/BUILD.bazel	blob	100644	90f3fcce69a631e55f88116bfd4ee9e4886e6dec
compiler/src/iree/compiler/Reducer/Strategies/CMakeLists.txt	blob	100644	0c83094dd16c79b404a85d3aff1834e4b53d27ce
compiler/src/iree/compiler/Reducer/Strategies/DeltaStrategies.h	blob	100644	834f404d061dcdcde562dbcdf4cc48c36afb57d2
compiler/src/iree/compiler/Reducer/Strategies/ReduceFlowDispatchResultBySplat.cpp	blob	100644	db81d92702308b5675ea8246e241689ff5a06f0c
compiler/src/iree/compiler/Reducer/Strategies/ReduceLinalgOnTensorsDelta.cpp	blob	100644	d427fac3f1907452920794414d89f391a1e503b0
compiler/src/iree/compiler/Reducer/Strategies/ReduceOperandToResult.cpp	blob	100644	ef2a44652d6b6ab86e9a7a9950ac2480b04d99ff
compiler/src/iree/compiler/Reducer/Strategies/ReduceOptimizationBarriersDelta.cpp	blob	100644	87e44cf37c7f44d6b8e9ec67e1ba3c95fac8fe9e
compiler/src/iree/compiler/Reducer/iree_reduce_lib.cc	blob	100644	c6fbca9230f072d3667f766c2c91d2df16d01033
compiler/src/iree/compiler/Reducer/iree_reduce_lib.h	blob	100644	4800cd713d218bb04e1b709cd506a00379e54e3b
compiler/src/iree/compiler/Tools/BUILD.bazel	blob	100644	5a8acd213473384902999cbec71527699299e763
compiler/src/iree/compiler/Tools/CMakeLists.txt	blob	100644	de2f6848f95cea3682f22ca1b651525f00d31880
compiler/src/iree/compiler/Tools/MlirTransformHarness.h	blob	100644	447b81443bf8c7ddb6cff0bc62a856864f84dfae
compiler/src/iree/compiler/Tools/MlirTransformHarnessDemo.cpp	blob	100644	b5f8a42737f093c938e31ff12f227e19257c46e2
compiler/src/iree/compiler/Tools/MlirTransformHarnessDemo.mlir	blob	100644	f747f06c403d26d3583e0f04eb35cc845a04d6d4
compiler/src/iree/compiler/Tools/init_compiler_modules.h	blob	100644	403827081bdc3955374e23dc5fd87abeab5b6d9c
compiler/src/iree/compiler/Tools/init_dialects.h	blob	100644	2343096edfb15cb2c8ba943b0770d881b117a1c1
compiler/src/iree/compiler/Tools/init_iree_dialects.h	blob	100644	e9bc820882fcda6a37d22dc37330d01a9de6e438
compiler/src/iree/compiler/Tools/init_iree_passes.h	blob	100644	4e9c6dd4812f12feed1304c64bf335d876449d02
compiler/src/iree/compiler/Tools/init_llvmir_translations.h	blob	100644	e54d4c651fbf390f8ef7be04f47c555a636e48cd
compiler/src/iree/compiler/Tools/init_mlir_dialects.h	blob	100644	2c03bac031232950dbba520e8b4d0f792835a646
compiler/src/iree/compiler/Tools/init_mlir_passes.h	blob	100644	d24522212767c47be7ec09dbfa29636aad07ae2b
compiler/src/iree/compiler/Tools/init_passes.h	blob	100644	9fa1c27df56f42fede5068c5ddda1eeabae8cc26
compiler/src/iree/compiler/Tools/iree_compile_lib.cc	blob	100644	94242f290d34c25520681ffd4dde82d212ff401e
compiler/src/iree/compiler/Tools/iree_compile_lib.h	blob	100644	237b26b044c2253522c9e55cb66f621d8d381aaa
compiler/src/iree/compiler/Tools/version.cc	blob	100644	f587a6a9db11d822fd31be0a41811ef778a0abd9
compiler/src/iree/compiler/Tools/version.h	blob	100644	c14f86d96b095890e123951803f88b6687aa5584
compiler/src/iree/compiler/Transforms/BUILD.bazel	blob	100644	55a5df4fceaaeb769cd23a11992378acd731fb54
compiler/src/iree/compiler/Transforms/CMakeLists.txt	blob	100644	670092647f45a758f713bb3bd2dbdd73e37a3cb6
compiler/src/iree/compiler/Transforms/IREEAffineExpandIndexOps.cpp	blob	100644	b9ed748f19d3f4f9d48e796f3ef22567f437ef07
compiler/src/iree/compiler/Transforms/IREELowerAffine.cpp	blob	100644	b2a6912e158bdfbf70e6cf96acc2d220079a665b
compiler/src/iree/compiler/Transforms/Passes.cpp	blob	100644	293a1ff9774226027356a222019b5cd5c9e14417
compiler/src/iree/compiler/Transforms/Passes.h	blob	100644	f33fe10ef247530acf75553d749ceaf11b5356a4
compiler/src/iree/compiler/Transforms/Passes.td	blob	100644	14852abc14234e1e205b51c4d1c13249923b2e1f
compiler/src/iree/compiler/Transforms/README.md	blob	100644	0e789adb2785bb60281b46453449637478a18880
compiler/src/iree/compiler/Utils/BUILD.bazel	blob	100644	050bed8656ffc0973f9c6bf2321a30c6e71a052a
compiler/src/iree/compiler/Utils/CMakeLists.txt	blob	100644	7842841b068e14230081781d1b4bad236d20934c
compiler/src/iree/compiler/Utils/CommonTypeConstraints.td	blob	100644	7c96968fd0168dcce07584abce6277fde6d7ed20
compiler/src/iree/compiler/Utils/ConversionUtils.cpp	blob	100644	3966e160830d37bf2dcde9eab5432be4af802c8a
compiler/src/iree/compiler/Utils/ConversionUtils.h	blob	100644	0a91b312caec17c69f04cb1c7a00d470c82e4acc
compiler/src/iree/compiler/Utils/DocMetadata.td	blob	100644	0edf6367648ceed02e4bb2e29806979a7e9610b2
compiler/src/iree/compiler/Utils/EmbeddedDataDirectory.h	blob	100644	130db1d68bf133e4b56ec59c6d179ae8b4f01121
compiler/src/iree/compiler/Utils/EncodingUtils.cpp	blob	100644	d6a5c51d6291fafd14a741eb81b246911d856d48
compiler/src/iree/compiler/Utils/EncodingUtils.h	blob	100644	a6e52f07ab8cf5a2654e270ff87058d79cc8c02a
compiler/src/iree/compiler/Utils/EquivalenceUtils.cpp	blob	100644	7ecc33486d61ff00d1f9e198ae94bcffd370b00e
compiler/src/iree/compiler/Utils/EquivalenceUtils.h	blob	100644	74f2e1aba8770aaa871c76e2882c065e18e8f16e
compiler/src/iree/compiler/Utils/FlatbufferUtils.cpp	blob	100644	59977300b0ab759a8d6f4e1ffef7254a63564afc
compiler/src/iree/compiler/Utils/FlatbufferUtils.h	blob	100644	eddd13b92274e6a87efbf2d7bade1d48af64e285
compiler/src/iree/compiler/Utils/Indexing.cpp	blob	100644	b27ff4cfd55db8a92590a03576558418ed89e6dd
compiler/src/iree/compiler/Utils/Indexing.h	blob	100644	a2a99887ced646336487c2def1511e3d7bce6bc5
compiler/src/iree/compiler/Utils/IntegerSet.h	blob	100644	9fab4988474dbe85df9497c16192228918b098f7
compiler/src/iree/compiler/Utils/ModuleUtils.cpp	blob	100644	c57dc3ba54200d54357f78473e6b3f4acffbc704
compiler/src/iree/compiler/Utils/ModuleUtils.h	blob	100644	18b0765b2f6b11bb7a4b3e6e7eedc07f675d6025
compiler/src/iree/compiler/Utils/OpVisitor.h	blob	100644	247bc7ae72dbdefa274969968f04a928f2d06760
compiler/src/iree/compiler/Utils/OptionUtils.cpp	blob	100644	dd650568cfbb5ae0f36d4eca75ad0e73eb359b6b
compiler/src/iree/compiler/Utils/OptionUtils.h	blob	100644	d1a503def43038bd17d798c97f76adcaa9f9f43a
compiler/src/iree/compiler/Utils/PassUtils.cpp	blob	100644	eaa4eda5f93b06d437da7b2f915a0f799c1e4521
compiler/src/iree/compiler/Utils/PassUtils.h	blob	100644	663cd976596e26d617f2f29897919719941d08c9
compiler/src/iree/compiler/Utils/PatternUtils.h	blob	100644	527401f6301e43c7ca422ba96d1728267d3b577d
compiler/src/iree/compiler/Utils/Permutation.h	blob	100644	0cd3df1d8b51a768490162456eec3149f200d897
compiler/src/iree/compiler/Utils/RegionOpUtils.cpp	blob	100644	7d6627893103107e1f71ecb74bebb955dc862a33
compiler/src/iree/compiler/Utils/RegionOpUtils.h	blob	100644	efc05371495b755f390f22015f6fd7b01d4387a4
compiler/src/iree/compiler/Utils/RewriteUtils.h	blob	100644	a82a611fafc4f6d26f0c48b2023cdfa8a5c8d922
compiler/src/iree/compiler/Utils/ShapeUtils.cpp	blob	100644	c0686a59bd8e3998e110683b23894e9ff651f2dc
compiler/src/iree/compiler/Utils/ShapeUtils.h	blob	100644	088779cb70108430bad24ffa09203ac14cc1797d
compiler/src/iree/compiler/Utils/StringUtils.cpp	blob	100644	cad4bd1df50856b0d7a7be76928551730a2006ba
compiler/src/iree/compiler/Utils/StringUtils.h	blob	100644	3c32c676eff0416f306bacaf691246347799ef30
compiler/src/iree/compiler/Utils/ToolUtils.cpp	blob	100644	05dc56d958ba69120cd5c978f480463912c28bd5
compiler/src/iree/compiler/Utils/ToolUtils.h	blob	100644	e32a74bf059a0d48e444194207a67bf7909b55e8
compiler/src/iree/compiler/Utils/TracingUtils.cpp	blob	100644	d12a67be6be7cc7d5afad9fe48b6ab7380c47531
compiler/src/iree/compiler/Utils/TracingUtils.h	blob	100644	c481a390f476bff21af25b432e592a92c651079b
compiler/src/iree/compiler/Utils/unittests/BUILD.bazel	blob	100644	f12b838dac7e0c2247c0885ee592c1fdf0c36082
compiler/src/iree/compiler/Utils/unittests/CMakeLists.txt	blob	100644	e9b5f7b818111f0a1f71bef1dc2f3eee02e85c4c
compiler/src/iree/compiler/Utils/unittests/IndexingTest.cpp	blob	100644	ebd2f220891b910d3a02a78528e77cca0a4da105
compiler/src/iree/compiler/Utils/unittests/PassUtilsTest.cpp	blob	100644	6d251bbda16c42ca8c24575957bd909b4a1d22f7
compiler/src/iree/compiler/Utils/unittests/UtilsTest.cpp	blob	100644	c82ccc6306c7aa731d31576c5ee8832de4edf426
compiler/src/iree/testing/BUILD.bazel	blob	100644	0f54ae1a080f8450de91926a97a5aed3fe61201b
compiler/src/iree/testing/CMakeLists.txt	blob	100644	53cb2d977e2a84ac1b02f248e67a60249d228df2
compiler/src/iree/testing/gtest_main.cc	blob	100644	54ae6281f4974fefff8dd51d74555f05a664deae
compiler/version.json	blob	100644	370e521fbb26290d482aa022ff8b92713c44f5e8
configure_bazel.py	blob	100644	93ddeb9f84b8a00f8bb718f62836f1aeb48c90e6
docs/.markdownlint.yml	blob	100644	833695886fe81a5abc174fc9e4f2e514f7b28fa8
docs/api_docs/python/.gitignore	blob	100644	69fa449dd96e2405945b2e4cff2fd0ab8b102097
docs/api_docs/python/.readthedocs.yaml	blob	100644	5856d55fb079cb8e9d7396a478d27f85eb518b15
docs/api_docs/python/Makefile	blob	100644	d4bb2cbb9eddb1bb1b4f366623044af8e4830919
docs/api_docs/python/README.md	blob	100644	2d21631ca800b4bca42c96868e2ae2da19918b14
docs/api_docs/python/_static/custom.css	blob	100644	29df6296b6c785712e033a51927727cbe6206c1a
docs/api_docs/python/compiler/api.rst	blob	100644	4c981a979cb848e7da2b4af47f835759725bcbdc
docs/api_docs/python/compiler/build.rst	blob	100644	caa1c8244965106b8e98dd81b3081d85d56126c1
docs/api_docs/python/compiler/index.rst	blob	100644	7190de0b04557c51628b4c8e6729a4e927e7f4a2
docs/api_docs/python/compiler/iree_input_dialect.rst	blob	100644	96810db5c774fd7e4749c8a367c990e424d306d6
docs/api_docs/python/compiler/mlir.rst	blob	100644	a904aaeb10d5467faf0e1557d87a572d298b09b6
docs/api_docs/python/compiler/mlir_dialects.rst	blob	100644	68a8b10b36b745051d4a778a238d49e62a282f5e
docs/api_docs/python/compiler/tools.rst	blob	100644	8a80a9f5f2277d798d356e803589339cc5c6f86b
docs/api_docs/python/conf.py	blob	100644	6a15780af28f8ee6e20ff9469e174e1509d4338e
docs/api_docs/python/index.rst	blob	100644	cf23858d88300a0c8932172500abde2a2fa0273a
docs/api_docs/python/requirements.txt	blob	100644	6a62b95eac7c8b4175d0d7afacd7884228b1f65e
docs/api_docs/python/runtime.rst	blob	100644	5e2de7a7f67d13bf0b6d06f5e96a74344f4d44c3
docs/website/.gitignore	blob	100644	1ec78c19122e4a08af921c82bc6ba94112cb0a0e
docs/website/README.md	blob	100644	de1a7ed4498b9dead0fa71008a3e2e7c589d5e83
docs/website/custom_edit_url.py	blob	100644	1c32186e74dadc9ba0be3e33bc7d34387f330f8f
docs/website/docs/CNAME	blob	100644	a720b408711dbfdd832e151d59ecdee76a28092e
docs/website/docs/assets/images/.gitignore	blob	100644	cae9608b1475d187d0c59f8c63da56525b14aeec
docs/website/docs/assets/images/IREE_Logo_Icon_Color.svg	blob	100644	19fe94facbaf4b0170c5f9f9eea07712fc38281f
docs/website/docs/assets/images/README.md	blob	100644	14a7677293fa79f7ab4e30b9d12bcc6839fab2b6
docs/website/docs/assets/images/iree_architecture.excalidraw.gz	blob	100644	62270942ccd4750839935357c95f1b093334d75e
docs/website/docs/assets/images/iree_architecture.svg	blob	100644	60effddf6e76b083d24f70a0441d24d6fa0d5db1
docs/website/docs/assets/images/iree_architecture_dark.svg	blob	100644	8986ef182b03899039f6fc6bcb3617293f073184
docs/website/docs/assets/images/releases_source_to_stable.excalidraw	blob	100644	399d5cfaec32f0d6f1f5fe073f327d3efa91a81f
docs/website/docs/assets/images/releases_source_to_stable.svg	blob	100644	65efadcda108a2543fd81ca5a98aaa1dfb00271a
docs/website/docs/assets/images/releases_source_to_stable_dark.svg	blob	100644	e9c72f93f88b696eae693c4d752aeea84fcc3b6d
docs/website/docs/assets/stylesheets/extra.css	blob	100644	641c00e9da5b7000e2f654dc432056039ba18565
docs/website/docs/assets/stylesheets/iree.css	blob	100644	e11936793698cde4a8ed387efbe95a26054c89e1
docs/website/docs/building-from-source/android.md	blob	100644	6daa9a1e8158ea80560b8201903f372bb2cb4b18
docs/website/docs/building-from-source/getting-started.md	blob	100644	6479d20053f389abba3bf51a9e35f4bcbfec8f0c
docs/website/docs/building-from-source/index.md	blob	100644	7b4e02a664f0f83823b243b58450a3fb206b94f6
docs/website/docs/building-from-source/ios.md	blob	100644	d1cac00c29012756d1ae9771706104814bf62ccc
docs/website/docs/building-from-source/riscv.md	blob	100644	85d202f9fa86fdf251bf18f7fa55abeaf54acffc
docs/website/docs/community/blog/.authors.yml	blob	100644	23fe30223a6fefa897ecbbf9d761639f02bd47d6
docs/website/docs/community/blog/index.md	blob	100644	8a0a8d8b1b23790863250c7af93680af787d5c94
docs/website/docs/community/blog/posts/cuda-backend.md	blob	100644	7d8eaad1369a6af80eeee99127b42a5e63664a41
docs/website/docs/community/blog/posts/cuda-bring_up.png	blob	100644	8859f6ccbb6e8606fb6bdc88fc27c8dbc50ff74d
docs/website/docs/community/blog/posts/cuda-compiler-flow.png	blob	100644	7d866a34df7ff6e9fef554cfa5ec2db40cd91db0
docs/website/docs/community/blog/posts/cuda-memperf.png	blob	100644	b4f1b6e6a828721129e806ab19547c150966cc19
docs/website/docs/community/blog/posts/cuda-optimization-flow.png	blob	100644	f19d21f5dd7af5d3deaf7e5a4ec83d14a07a59d8
docs/website/docs/community/blog/posts/data-tiling-walkthrough.md	blob	100644	7e2e80d772e1a4ff39a4cdb62d5fc0377f51c74c
docs/website/docs/community/blog/posts/data-tiling-walkthrough_overview.png	blob	100644	aaece4659e1c60b1742216f8b8f22f8305e6e0fd
docs/website/docs/community/blog/posts/linalg-tutorial.md	blob	100644	2c33e5986bf0576ab33b05f8421a8d3f14c71763
docs/website/docs/community/blog/posts/microkernels.md	blob	100644	c876742e83d4af48da2782002ba6dce545fc21dd
docs/website/docs/community/blog/posts/mmt4d-4x4_mmt4d.png	blob	100644	00aa683e44406f4da13557c08a48cfd894903496
docs/website/docs/community/blog/posts/mmt4d-4x4_tiled.png	blob	100644	e542379394cbdc8fb93035633b4f9ee9232fe83a
docs/website/docs/community/blog/posts/mmt4d-L1-dcache-load-misses.png	blob	100644	273f85fbf7a681fa42bb24796f7ba6500af59a3d
docs/website/docs/community/blog/posts/mmt4d-graph_flow.svg	blob	100644	f564a07f790653058cd6f61e5df7c167d1417115
docs/website/docs/community/blog/posts/mmt4d-mmt4d_vs_matmul.png	blob	100644	edcbfc29d873e4fb35ec0490c03f0affa2bc9d0c
docs/website/docs/community/blog/posts/mmt4d.md	blob	100644	3aa0ee2081929549d3ee6348e458f23cd62d3a4d
docs/website/docs/community/blog/posts/rvv-pipeline-usage.md	blob	100644	d9851d1ceb168a63d067501a9ef695dea5ca1276
docs/website/docs/community/blog/posts/tflite-tosa-compilation-diagram.png	blob	100644	11b5986f074921c458d34a0b07a74b0a2cce0def
docs/website/docs/community/blog/posts/tflite-tosa.md	blob	100644	02f6e1880a0dc35f43be7dfaa3be6c03ffb17879
docs/website/docs/community/blog/posts/vdmfma_canvas.md	blob	100644	1609f16558291074c4af73d7143d940c11a56819
docs/website/docs/community/index.md	blob	100644	49013928dd012af0e7239cbea512ad072d3732aa
docs/website/docs/community/tags.md	blob	100644	72aebd53690d27c28dc3ef88a1b71d524858bde9
docs/website/docs/developers/building/bazel.md	blob	100644	6f7b1a689e51721a9e04fc80dd3e46e81fed8b05
docs/website/docs/developers/building/cmake-options.md	blob	100644	71e39920e6bbb2282746b0ddd06856c5d0d76176
docs/website/docs/developers/building/cmake-with-ccache.md	blob	100644	f1d60bf9edd7d012cb117a28eba1fea8ed7dcb93
docs/website/docs/developers/building/emscripten.md	blob	100644	63d0ca3ae416bc26c064ad9505a0378189027e56
docs/website/docs/developers/debugging/android-with-lldb.md	blob	100644	ffaffa3ed1c2a3ead5a2719d9d1e4a0388ce9c0d
docs/website/docs/developers/debugging/compile-time-regressions.md	blob	100644	43f3621770a2a84f83f4771b7289de85655b8164
docs/website/docs/developers/debugging/fuzzing.md	blob	100644	4d533aecc914ef015380deeb3deef0db31ef9ea1
docs/website/docs/developers/debugging/gpu.md	blob	100644	0509c0cf9baadd125741964c845f64457567433f
docs/website/docs/developers/debugging/integration-tests.md	blob	100644	e86fd0ed09824b04dd1f5332f2d22d2e73993100
docs/website/docs/developers/debugging/llvm.md	blob	100644	3626550315eac63b31a36724ad86a7a117713396
docs/website/docs/developers/debugging/model-development.md	blob	100644	fa2aa9e5aee5d7006243166f83af6a03ac2d4b9f
docs/website/docs/developers/debugging/releases.md	blob	100644	a2f30a89e7d03893f72da3435c8067c669f97bb8
docs/website/docs/developers/debugging/sanitizers.md	blob	100644	a93d36ceb75272f98d41efa302cf50a76ceb9fa7
docs/website/docs/developers/design-docs/async-scheduling/comparisons.md	blob	100644	d0ef277ef2f3564eaeb8fda211173b7267531e4e
docs/website/docs/developers/design-docs/async-scheduling/index.md	blob	100644	67438442a83aa66fcf37327fda8b2357379bd95e
docs/website/docs/developers/design-docs/async-scheduling/scenarios.md	blob	100644	18ffea7b7242c1ec796f7b61528f228647363be2
docs/website/docs/developers/design-docs/async-scheduling/visualizer/app.js	blob	100644	d05de312443ae90347755c7829c5e602177a62bb
docs/website/docs/developers/design-docs/async-scheduling/visualizer/index.html	blob	100644	e2cf53a3cb627d41e344c28e83a5e608e9d646b1
docs/website/docs/developers/design-docs/async-scheduling/visualizer/renderer.js	blob	100644	b1e136c4b29fb09dbdd53e50faaec8cd0369b742
docs/website/docs/developers/design-docs/async-scheduling/visualizer/scaling.js	blob	100644	f38a28970f30213fff5106a8cf47fe103a670e21
docs/website/docs/developers/design-docs/async-scheduling/visualizer/scenarios.js	blob	100644	4c18add9f9fb26e20631b28ab2993a97789e9b92
docs/website/docs/developers/design-docs/async-scheduling/visualizer/simulator.js	blob	100644	3bf7224e7d67f62a7d9f7e748467aab213fbca7c
docs/website/docs/developers/design-docs/async-scheduling/visualizer/style.css	blob	100644	84d22512bc4d32c1a44bac3e4d2220c8332f9269
docs/website/docs/developers/design-docs/async-scheduling/visualizer/validate.mjs	blob	100644	1504c347b90b5dbb83d3f4c2cc1faee21b687d1f
docs/website/docs/developers/design-docs/cuda-hal-driver.md	blob	100644	23f13b0d1d1218f4c135655d72fc61fe7012595b
docs/website/docs/developers/design-docs/design-roadmap.md	blob	100644	28ff7a3bbd8c47c9653ff22305d155f97959794d
docs/website/docs/developers/design-docs/function-abi.md	blob	100644	76192155d4935942e5d92ce1f0901de26e4e3089
docs/website/docs/developers/design-docs/hip-hal-driver.md	blob	100644	b829f8a1c4d00838cbd6a57d63954bd059c3266c
docs/website/docs/developers/design-docs/invocation-execution-model.md	blob	100644	c5d31ef7ba010a51201f9c28b3588f054de72e4e
docs/website/docs/developers/design-docs/metal-hal-driver.md	blob	100644	df82f5d3873b3473d01647cfdf36271c58c08bc7
docs/website/docs/developers/design-docs/vm.md	blob	100644	725d992339551685a11457d820c20778a7351580
docs/website/docs/developers/general/contributing-ci-enabled-jobs.png	blob	100644	f92be6f334f3919954b6893c1e7a5fb3ac8aa3e6
docs/website/docs/developers/general/contributing-ci-extra.png	blob	100644	f6c3573c6c9509f54e9d081422d2f53a00f28fde
docs/website/docs/developers/general/contributing.md	blob	100644	5090b61dc91862c305a7fd091ad13008c8652234
docs/website/docs/developers/general/developer-overview.md	blob	100644	26dfabfe5e6727e93c661e4444f44c9066c84298
docs/website/docs/developers/general/developer-tips.md	blob	100644	e8990b9dfd4275268b9bcf9c5e146ceb12ec4136
docs/website/docs/developers/general/github-actions.md	blob	100644	79f48722813d46f198795e1919959a686b56936b
docs/website/docs/developers/general/one-shot-patch.png	blob	100644	33793868397eab08ba3ebab5ec54bfbec98cc7e6
docs/website/docs/developers/general/pkgci-workflow-dispatch.png	blob	100644	09ab5eaf45234280015854df48c7850c5a3447c9
docs/website/docs/developers/general/release-latest.png	blob	100644	86331179a670c24f38c6e643dc14c9d13f0246b6
docs/website/docs/developers/general/release-management.md	blob	100644	0bf748202dc665d9cb832031ef935019ea6dbeb3
docs/website/docs/developers/general/release-tag.png	blob	100644	8f232d6fb964a330c5d2b99367892a05b868c431
docs/website/docs/developers/general/testing-guide.md	blob	100644	2beff16f02b638d0f52eeee27925ccc4c2b1d88a
docs/website/docs/developers/general/versioning-scheme.md	blob	100644	918db86d0c91381625ae12eaa08054aa4929d86b
docs/website/docs/developers/index.md	blob	100644	226be22ab4be802ec79e2025a819dfeadb0e4353
docs/website/docs/developers/integrating-llvm.md	blob	100644	082c5e62f5b27d827752160bcfb7b357fac67761
docs/website/docs/developers/lowering-config.md	blob	100644	a0f4124dd8b76fbff038d3738c0787bd61f493a7
docs/website/docs/developers/performance/benchmarking.md	blob	100644	015fce2da37cc4f3038ecb89c8072f95d7898915
docs/website/docs/developers/performance/device-profiling.md	blob	100644	d06fc1e64bc24a14ef77d4d30764f31e8c906cc0
docs/website/docs/developers/performance/device-replay.md	blob	100644	55b66e5c2fe2b9110fcc15e9e0b13ab6f8307c7f
docs/website/docs/developers/performance/profiling-cpu-events.md	blob	100644	79c23e0490e23a504accdf8cd6b5dc4b86e4b41a
docs/website/docs/developers/performance/profiling-gpu-vulkan.md	blob	100644	fad55e67d31b77cf61f63865efb5f1b314b996a6
docs/website/docs/developers/performance/profiling-with-tracy.md	blob	100644	c6e2eeecca0e5f7e5f2d4f2bac453a58bf4ebe6d
docs/website/docs/developers/performance/profiling.md	blob	100644	00423b83b816c1583d1814bed13e52f9dbf53c64
docs/website/docs/developers/update-sdxl-golden-outputs.md	blob	100644	4ab581a6471f7efe3757df98bb7aa2f85fd3ead8
docs/website/docs/developers/usage-best-practices.md	blob	100644	b15ec8d9e9a0a75944b332944de2440b1d537b96
docs/website/docs/developers/vulkan-environment-setup.md	blob	100644	068a607fb39040b831eef54e9f58c4d8d6de32cc
docs/website/docs/guides/deployment-configurations/bare-metal.md	blob	100644	af7d03f5d99d73eebba39fadcbc6d6671477ad9b
docs/website/docs/guides/deployment-configurations/cpu.md	blob	100644	a28818fdd047943954f1534a401af8549773fae5
docs/website/docs/guides/deployment-configurations/gpu-cuda.md	blob	100644	cc23b8844a559aa90ad6b8f196eb2dc6c3570ff3
docs/website/docs/guides/deployment-configurations/gpu-metal.md	blob	100644	0e7dab021813595177fa80e8a240e6dcc9c04562
docs/website/docs/guides/deployment-configurations/gpu-rocm.md	blob	100644	e3ae06f81e9cf32ed4250d7e991570625d236012
docs/website/docs/guides/deployment-configurations/gpu-vulkan.md	blob	100644	66c64e11e3ef0671a77d7a41a535369fe3057ddb
docs/website/docs/guides/deployment-configurations/index.md	blob	100644	4cd49bc14850537bda27559b655df62465cd0643
docs/website/docs/guides/deployment-configurations/snippets/_iree-compiler-from-release.md	blob	100644	d1eae7be8fc3c36e446f47cf3ee5d8c354128d4f
docs/website/docs/guides/deployment-configurations/snippets/_iree-import-onnx-mobilenet.md	blob	100644	72095c4eac6f35b9d779a344d001d5051d4f6289
docs/website/docs/guides/deployment-configurations/snippets/_iree-optimization-options.md	blob	100644	580806a2073de3a541a4e09eb56163aba29148d3
docs/website/docs/guides/deployment-configurations/snippets/_iree-run-module-device-dump-amd.md	blob	100644	914ac616593b7b9b1885b74fc2f3f463f0eace45
docs/website/docs/guides/deployment-configurations/snippets/_iree-run-module-device-list-amd.md	blob	100644	4aea005bfd8a1faaa088f86ad260911317ae0224
docs/website/docs/guides/deployment-configurations/snippets/_iree-run-module-device-list-nvidia.md	blob	100644	4f6303a626bac4e83efb8cc0acfb8bf436b57dc8
docs/website/docs/guides/deployment-configurations/snippets/_iree-run-module-driver-list.md	blob	100644	7cab4147d4f2ce8564103e2709ae856f57376a90
docs/website/docs/guides/deployment-configurations/snippets/_iree-runtime-from-release.md	blob	100644	eaf5e8a31687d95ca6124ee9876c780fa7fbbe5a
docs/website/docs/guides/index.md	blob	100644	fa59c75adf17b463f69d7ae8fd1e3fb521eddbf0
docs/website/docs/guides/ml-frameworks/index.md	blob	100644	8235643a396af7282f04ee17a7ad45bd5d471eca
docs/website/docs/guides/ml-frameworks/jax.md	blob	100644	eaee6c1b01783575e530beabf5f2600aa3f68042
docs/website/docs/guides/ml-frameworks/onnx.md	blob	100644	7b306c3fb740f2d1f7d8683e187e681d5cd1a897
docs/website/docs/guides/ml-frameworks/pytorch.md	blob	100644	4eb03fdfa33dc3f9c83b4d09253e89f98913a5f0
docs/website/docs/guides/ml-frameworks/tensorflow.md	blob	100644	d3daa07556dc3492576cc2cc77cd996f911b6b0c
docs/website/docs/guides/ml-frameworks/tflite.md	blob	100644	23a872e33ec478eb8d2f31baa5e82f43c3cf6ee8
docs/website/docs/guides/parameters.md	blob	100644	786152430b4a4874efeca356325562de66cddd9b
docs/website/docs/index.md	blob	100644	481bb8b0c2cb30157e52e753b6b2a2c5f5a5dcd0
docs/website/docs/reference/bindings/c-api.md	blob	100644	ba3a0e029f0264579cc511ed12839af8369a4c96
docs/website/docs/reference/bindings/index.md	blob	100644	0e0c310a0aa4935068fb7a4766d27911141db927
docs/website/docs/reference/bindings/python.md	blob	100644	ba7fe07b21d0d5da781de450b52771b9862ae6bc
docs/website/docs/reference/extensions.md	blob	100644	dd55c3d8a521454f95cefe2630fb191238fd6082
docs/website/docs/reference/glossary.md	blob	100644	69a855318f68a8bd50215b727663913bb9d875a9
docs/website/docs/reference/index.md	blob	100644	bf5e1a579aff439098308ddafdcaed60f9177d83
docs/website/docs/reference/mlir-dialects/.gitignore	blob	100644	0595efeb03b84032ff81a9e47e3bb33a5b07e3a2
docs/website/docs/reference/mlir-dialects/index.md	blob	100644	a06e901895b763c2913f6e7e8d643e3b24bcfbe2
docs/website/docs/reference/mlir-passes/.gitignore	blob	100644	0595efeb03b84032ff81a9e47e3bb33a5b07e3a2
docs/website/docs/reference/mlir-passes/index.md	blob	100644	8fb894cd6d68944dbd9c60d2816e1ef5a932eed0
docs/website/docs/reference/optimization-options.md	blob	100644	97068eb821556da0a59703e5ef62cc013244a3c2
docs/website/docs/reference/tuning.md	blob	100644	f595530741db505651c31c6f779752069800081c
docs/website/docs/robots.txt	blob	100644	f3b592c73beef4c8c3bbf6cdadf1aff0e67a15e9
docs/website/docs/snippets/_iree-dev-packages.md	blob	100644	29ddaeb3a0ee7485bf2b485c42fc9d3a28009320
docs/website/generate_extra_files.sh	blob	100755	df1a31f7e78166f12b93bee5807367d1bd015e76
docs/website/mkdocs.yml	blob	100644	6af803f6cfe963bdd331f9b0a0764562685586b6
docs/website/overrides/.icons/iree/ghost.svg	blob	120000	bfe8069ade9659aaff9292f0e84f7347cb441c4b
docs/website/overrides/404.html	blob	100644	fd3a1299643d797f1873c8c43126b987376e63e1
docs/website/postprocess_dialect_docs.py	blob	100644	1316645a46ffc955d9d9caab20340e91777f814e
docs/website/postprocess_passes_docs.py	blob	100644	0d7a44ff7956079383c7c214a2bd21663e1bd6cd
docs/website/requirements.txt	blob	100644	42c6096fee3f6c50ff4c1125a49807f02e9f46f1
experimental/README.md	blob	100644	1c383384fbc85ccf834248f119badf9d07036cc8
experimental/hal_executable_library_call_hooks/CMakeLists.txt	blob	100644	72d5653d236c9bed88c2886052920301b2ca2bca
experimental/hal_executable_library_call_hooks/README.md	blob	100644	7942b925b8d7bfa8a7ede57fd45b59f53e6def72
experimental/hal_executable_library_call_hooks/hook_cpu_events_linux.cc	blob	100644	df4ecfed10559f4c2890d90d2ba8250310364780
experimental/hal_executable_library_call_hooks/perf_event_linux.cc	blob	100644	b6d1ab39f04dac8baa2f36af405d5bad55c0c248
experimental/hal_executable_library_call_hooks/perf_event_linux.h	blob	100644	5fb33de2bda3ba732faa51c051bbecb1142c5a2e
experimental/hal_executable_library_call_hooks/stats.cc	blob	100644	e5866415b48660d4f8262865c1062d69845b5ba8
experimental/hal_executable_library_call_hooks/stats.h	blob	100644	8d1f4d008f26a95972a8ef4a65ebfb3188289fa4
integrations/pjrt/.clang-format	blob	100644	0c40907c572a10d2344333119b6edd0ca7f26260
integrations/pjrt/.gitignore	blob	100644	a37c7c38b6d05ac941efab126e11f4cc9a14068d
integrations/pjrt/.style.yapf	blob	100644	9ef1dc15ba6209e827e0ae0fd12ca4eb72a8fbb6
integrations/pjrt/CMakeLists.txt	blob	100644	fd7242aeeaf912ffc52f24f6b39a852425a16d08
integrations/pjrt/README.md	blob	100644	d7870743699ca37f91b7178c4cc8ff042997227a
integrations/pjrt/cmake/protobuf_cc_library.cmake	blob	100644	afdd54ed9898ce80f9fff49e240357df57d55181
integrations/pjrt/ctstools/openxla/cts/pytest_artifact_saver.py	blob	100644	3c43d8b845278f6ca268be34387243cb19e729ad
integrations/pjrt/ctstools/setup.py	blob	100644	f3ab04db430616cfa85022a9840a9736ca27a32e
integrations/pjrt/python_packages/_setup_support/iree_pjrt_setup.py	blob	100644	ab4ae75fced23920d359ab9c612d2a369408572f
integrations/pjrt/python_packages/iree_cpu_plugin/.gitignore	blob	100644	75232373ccc13ac9dfc4f1be88e3b4df83315803
integrations/pjrt/python_packages/iree_cpu_plugin/jax_plugins/iree_cpu/__init__.py	blob	100644	71ebf7643b132e9e882bc577fb1e0a32289423ad
integrations/pjrt/python_packages/iree_cpu_plugin/pyproject.toml	blob	100644	682d01b62e5d5840288ed916ab170478aea4e236
integrations/pjrt/python_packages/iree_cpu_plugin/setup.py	blob	100644	43398eafea439843a86e0d7fe9dccb4110cd51e4
integrations/pjrt/python_packages/iree_cuda_plugin/jax_plugins/iree_cuda/__init__.py	blob	100644	cd4bcabc9d133125f075b84aad3552349116b29e
integrations/pjrt/python_packages/iree_cuda_plugin/pyproject.toml	blob	100644	682d01b62e5d5840288ed916ab170478aea4e236
integrations/pjrt/python_packages/iree_cuda_plugin/setup.py	blob	100644	d3e030bcbdc62aff13d263e6ff5365856b6bb1c9
integrations/pjrt/python_packages/iree_rocm_plugin/jax_plugins/iree_rocm/__init__.py	blob	100644	9ab8058b366ffd5b8acf6741cc43f6c600464f18
integrations/pjrt/python_packages/iree_rocm_plugin/pyproject.toml	blob	100644	682d01b62e5d5840288ed916ab170478aea4e236
integrations/pjrt/python_packages/iree_rocm_plugin/setup.py	blob	100644	0cba11d4577aca4f435debbd6b641038c24e7c86
integrations/pjrt/python_packages/iree_vulkan_plugin/jax_plugins/iree_vulkan/__init__.py	blob	100644	a3fa678b87c4b9887f9622b4243a42381153ef09
integrations/pjrt/python_packages/iree_vulkan_plugin/pyproject.toml	blob	100644	682d01b62e5d5840288ed916ab170478aea4e236
integrations/pjrt/python_packages/iree_vulkan_plugin/setup.py	blob	100644	0fdd2796359fcd5ee698e211ab6f4bf9b2241a34
integrations/pjrt/requirements.txt	blob	100644	0b971396ebc8e891cd2fbf591542aa6c56c36c5a
integrations/pjrt/src/CMakeLists.txt	blob	100644	d0f49479b39278ebee1ed22f41ff64779bce1f8a
integrations/pjrt/src/iree_pjrt/common/CMakeLists.txt	blob	100644	e0eed42ff8193a420f73c6c6911e981d6f31b95e
integrations/pjrt/src/iree_pjrt/common/api_impl.cc	blob	100644	c15a4df1b35e256eba7d64aa0becff6272c14833
integrations/pjrt/src/iree_pjrt/common/api_impl.h	blob	100644	95d8f4d97e3f4ac1c7d36778d8855b83138a5fa9
integrations/pjrt/src/iree_pjrt/common/command_line_utils.cc	blob	100644	a18414bc6db0198d84436879edc64f27a89f13c0
integrations/pjrt/src/iree_pjrt/common/command_line_utils.h	blob	100644	b8df54d8988a754f89b21e7b5270b11103237239
integrations/pjrt/src/iree_pjrt/common/command_line_utils_test.cc	blob	100644	ffd785216297fed4a369d1b1655a54847dd73733
integrations/pjrt/src/iree_pjrt/common/compiler.h	blob	100644	e7dcdc5156215d79b519680b59cce79760614f6c
integrations/pjrt/src/iree_pjrt/common/debugging.cc	blob	100644	a11e6c0cbf38349ebf315471b0493dddb0766f23
integrations/pjrt/src/iree_pjrt/common/debugging.h	blob	100644	ec23a80f10873d1b9fcdd0592931a93a0210e1cd
integrations/pjrt/src/iree_pjrt/common/dylib_entry_point.cc.inc	blob	100644	bd156e022b69e76dfeda72ce05343b68bb0662d2
integrations/pjrt/src/iree_pjrt/common/dylib_platform.cc	blob	100644	257f86df348e7bab6817612a9b81bd52afe065c0
integrations/pjrt/src/iree_pjrt/common/dylib_platform.h	blob	100644	33a359c8f6b511d548a11b42a13b2b4d6f7d175c
integrations/pjrt/src/iree_pjrt/common/hlo_partitioner.cc	blob	100644	c00f6eb0c88b9c095faa41732a795065da405d09
integrations/pjrt/src/iree_pjrt/common/iree_compiler.cc	blob	100644	87bc3b8af0c2ffcaef4bfc2937b90ecad0c7fd15
integrations/pjrt/src/iree_pjrt/common/iree_helpers.h	blob	100644	3dad6b3526e87b8469cd00dfa3db7dda4825cc6d
integrations/pjrt/src/iree_pjrt/common/layout_utils.cc	blob	100644	0c183ec66d965bf7d689926aa19a37ccbb836fae
integrations/pjrt/src/iree_pjrt/common/layout_utils.h	blob	100644	b168f1fcea86f16742b5bb6c4e6d0555315d4f55
integrations/pjrt/src/iree_pjrt/common/platform.cc	blob	100644	e2cd34ffdddb34b178436e30bb18c8401cc9a051
integrations/pjrt/src/iree_pjrt/common/platform.h	blob	100644	47e50f8516a7fb6286cfc8b279abe8027ccde1ba
integrations/pjrt/src/iree_pjrt/common/stubs.inc	blob	100644	6f44f425e4bb9d4df174ee7a06ea142307e17ddc
integrations/pjrt/src/iree_pjrt/common/tensor_utils.cc	blob	100644	fddda86386c01f9cb3c079758907512bf417f055
integrations/pjrt/src/iree_pjrt/common/tensor_utils.h	blob	100644	c1142bc6d26f3fb3f59115f185fc5a8cd80d0ad4
integrations/pjrt/src/iree_pjrt/common/tensor_utils_test.cc	blob	100644	7c558e4da8b5b07b95d0a8c37276e15d4b5ac7f4
integrations/pjrt/src/iree_pjrt/cpu/CMakeLists.txt	blob	100644	9a115d42d42979836f3bc9b84ade82febce3cc58
integrations/pjrt/src/iree_pjrt/cpu/client.cc	blob	100644	79a2746d9c0e9735c74d037581e429ba9c92505c
integrations/pjrt/src/iree_pjrt/cpu/client.h	blob	100644	446aceb3b920f170bd95c80e49a42ebfbb025e9b
integrations/pjrt/src/iree_pjrt/cpu/dylib_entry_point.cc	blob	100644	93db3b9cd5c244af268377bbf5d0bf890cfce61c
integrations/pjrt/src/iree_pjrt/cuda/CMakeLists.txt	blob	100644	a3c040808a0f348f08e2deaeb7c489cb26ab2205
integrations/pjrt/src/iree_pjrt/cuda/client.cc	blob	100644	9a4d2d040aa2efe33fb86a3e241a615ae78582a4
integrations/pjrt/src/iree_pjrt/cuda/client.h	blob	100644	e2e8aa206e10816eaabc06f2f0a1f66c33f090e4
integrations/pjrt/src/iree_pjrt/cuda/dylib_entry_point.cc	blob	100644	92248f18cb8c880eb7f7ffae907202d06822c096
integrations/pjrt/src/iree_pjrt/partitioner_api/CMakeLists.txt	blob	100644	444589ef30c09c63cdea72b248394af1c73eeb47
integrations/pjrt/src/iree_pjrt/partitioner_api/embedding_api.h	blob	100644	24e3fa26f1588d4a7f58ea59963b0a48bbc91e77
integrations/pjrt/src/iree_pjrt/partitioner_api/loader.h	blob	100644	59ebad99266537301116d549ccc64e5d4e98bfd0
integrations/pjrt/src/iree_pjrt/partitioner_api/loader/handle_symbols.inc	blob	100644	5dffd1f16ed780e407ed2a9612b2339176e65d7f
integrations/pjrt/src/iree_pjrt/partitioner_api/loader/loader.cpp	blob	100644	8aa2e61941b587fe0fd029373c9d43184c71be83
integrations/pjrt/src/iree_pjrt/partitioner_api/loader/loader_test.c	blob	100644	c4307502e575965f72b977d7abe04f22f0f71eec
integrations/pjrt/src/iree_pjrt/rocm/CMakeLists.txt	blob	100644	8992ecc3099c7a4f96ef3c3087536517cae04938
integrations/pjrt/src/iree_pjrt/rocm/client.cc	blob	100644	72ff8bb15bfa1f041c76fddf002a3ca91fe5a3f6
integrations/pjrt/src/iree_pjrt/rocm/client.h	blob	100644	e2b78da2e880dce96089ee08503cde3441274dc1
integrations/pjrt/src/iree_pjrt/rocm/dylib_entry_point.cc	blob	100644	e157a73cd5771ffa583e646fe457e157f4a5f28b
integrations/pjrt/src/iree_pjrt/vulkan/CMakeLists.txt	blob	100644	5f9cd9fc79ebc7dde34eb1922417357421d23467
integrations/pjrt/src/iree_pjrt/vulkan/client.cc	blob	100644	95155dc0878218cbecada51212a5500757334c0e
integrations/pjrt/src/iree_pjrt/vulkan/client.h	blob	100644	75203552839c3160745b339d828b6f020d040bcc
integrations/pjrt/src/iree_pjrt/vulkan/dylib_entry_point.cc	blob	100644	46d1f402d4b1ad9bced4231bf626d41040daa897
integrations/pjrt/test/convert_test.py	blob	100644	e69de29bb2d1d6434b8b29ae775ad8c2e48c5391
integrations/pjrt/test/run_tf2xla_serialization_tests.py	blob	100644	2ff606e87c969f48c1d924abe01e0e84a4fc29c0
integrations/pjrt/test/test_add.py	blob	100644	233c1ef7edce1255b11a3a40659c4540973eb63a
integrations/pjrt/test/test_compile_options.py	blob	100644	877ab9911ed78ec348262577f381fa7ffbcc8a12
integrations/pjrt/test/test_degenerate.py	blob	100644	2fea97224bcafa9d093d9bb96a773bcff4771225
integrations/pjrt/test/test_jax.py	blob	100644	21a5df1d7d2da2c221a2087c6172b8c72a08df9f
integrations/pjrt/test/test_simple.py	blob	100644	eaed00b8a615d79602b97351e84ff1b68f24f0c0
integrations/pjrt/test/test_transpose.py	blob	100644	6787c6f45a8319495cf0ff1e46d963c42b77401a
integrations/pjrt/test/triage_jaxtest.py	blob	100644	b9df7b441d69dc7b07974d4e8bdf2cb9f30bd39f
integrations/pjrt/third_party/pjrt_c_api/CMakeLists.txt	blob	100644	94509be43f7caf775a967c1df2ee44d70b5e9356
integrations/pjrt/third_party/pjrt_c_api/LICENSE	blob	100644	f49a4e16e68b128803cc2dcea614603632b04eac
integrations/pjrt/third_party/pjrt_c_api/README.md	blob	100644	8980b8ed7b66b73a3a9fa9883ad8a81e1957d04d
integrations/pjrt/third_party/pjrt_c_api/xla/pjrt/c/pjrt_c_api.h	blob	100644	18e86b8b401b95828777b83847c51e3b19f96cc9
integrations/pjrt/third_party/pjrt_c_api/xla/pjrt/compile_options.proto	blob	100644	3b387232b7da94d220de1117c022e6050662b8a1
integrations/pjrt/third_party/pjrt_c_api/xla/xla_data.proto	blob	100644	d3178ba8ef87f26548b4406e7fcc8523dc751b22
integrations/tensorflow/.gitignore	blob	100644	1b44aaec8b07f320e972cf13525d191c08933d5d
integrations/tensorflow/README.md	blob	100644	c44ed3f5df025ab41092572909faae416870876f
integrations/tensorflow/lit.cfg.py	blob	100644	cecc15564e993d58bde931badfb76ebb2dcd2660
integrations/tensorflow/python_projects/.style.yapf	blob	100644	9ef1dc15ba6209e827e0ae0fd12ca4eb72a8fbb6
integrations/tensorflow/python_projects/iree_tf/iree/tf/support/__init__.py	blob	100644	48684511b75b47f09378d9eee9840636a3637147
integrations/tensorflow/python_projects/iree_tf/iree/tf/support/module_utils.py	blob	100644	12a65a8c5f630991e50ff72ca92d94ba6d520b6a
integrations/tensorflow/python_projects/iree_tf/iree/tf/support/module_utils_test.py	blob	100644	b5249ebdba745423b867361dccd95fc6d5793710
integrations/tensorflow/python_projects/iree_tf/iree/tf/support/tf_test_utils.py	blob	100644	f8295bf4e0b7512b827bc59033b390aa21345f5f
integrations/tensorflow/python_projects/iree_tf/iree/tf/support/tf_test_utils_test.py	blob	100644	298a09aca54679839fde1328b5f6e00fd008524f
integrations/tensorflow/python_projects/iree_tf/iree/tf/support/tf_utils.py	blob	100644	aa7251a1b02e78150dc2df908530c2ff2ac723d0
integrations/tensorflow/python_projects/iree_tf/iree/tf/support/tf_utils_test.py	blob	100644	ad8018978c3f104ad83edf2c9882242ef2732197
integrations/tensorflow/python_projects/iree_tf/iree/tf/support/trace_utils.py	blob	100644	17f61d9a6ec0dd0ad63b6594c1e0b15621fc6fd9
integrations/tensorflow/python_projects/iree_tf/iree/tf/support/trace_utils_test.py	blob	100644	fb10201df1b22dfc8e5e18465c2c2e254f19827b
integrations/tensorflow/python_projects/iree_tf/iree/tools/tf/.gitignore	blob	100644	c39b81070e284e63cd93cbcb8018255338152e37
integrations/tensorflow/python_projects/iree_tf/iree/tools/tf/__init__.py	blob	100644	11c0a0680fedfeb03707335843ea29c0a4c54378
integrations/tensorflow/python_projects/iree_tf/iree/tools/tf/scripts/iree_import_tf/__main__.py	blob	100644	5229f998038d42ca69f4598ae436783121c26910
integrations/tensorflow/python_projects/iree_tf/pyproject.toml	blob	100644	f6c16894020a5b720b1c626f23f358cdbb12193f
integrations/tensorflow/python_projects/iree_tf/setup.py	blob	100644	8f4defc4de91bbe30cbf578487d2f3d27f4056f8
integrations/tensorflow/python_projects/iree_tflite/iree/tools/tflite/.gitignore	blob	100644	a13df236410fc8c0c1c6082ad2a69ec1594a7c95
integrations/tensorflow/python_projects/iree_tflite/iree/tools/tflite/__init__.py	blob	100644	4916a877c1aae23871463390a56ad4ded713dbab
integrations/tensorflow/python_projects/iree_tflite/iree/tools/tflite/scripts/iree_import_tflite/__main__.py	blob	100644	a5e6f291e2f1d5fdd165dba55c8c0c92ec8c381a
integrations/tensorflow/python_projects/iree_tflite/pyproject.toml	blob	100644	f6c16894020a5b720b1c626f23f358cdbb12193f
integrations/tensorflow/python_projects/iree_tflite/setup.py	blob	100644	97f45cee1bda5d5bcc4b5cd13e6f7c571c9b875c
integrations/tensorflow/test/.gitignore	blob	100644	79a899428345a7d019f20c4728897ddf212477eb
integrations/tensorflow/test/iree_tf_tests/llvmcpu__simple_arithmetic.run	blob	100644	dd432977fc197f21e98c8c1f1bfdc50a41203322
integrations/tensorflow/test/iree_tfl_tests/README.md	blob	100644	999c1ffde516aedf515425836a9eb84a8de7c6bd
integrations/tensorflow/test/iree_tfl_tests/cartoon_gan.run	blob	100644	703c53709ab527d4aeb05ffb0374c1903099f641
integrations/tensorflow/test/iree_tfl_tests/east_text_detector.run	blob	100644	181f743b4f31dbc14afa7bf9ec1fb4b55d9ea60f
integrations/tensorflow/test/iree_tfl_tests/gpt2.run	blob	100644	7869cb10b21ec655d465e17e94a3cc8eb79dfd74
integrations/tensorflow/test/iree_tfl_tests/llvmcpu_mobilebert_tf2_quant.run	blob	100644	f43f74f2284b36d8fb8341a0080c8e2ee19e4741
integrations/tensorflow/test/iree_tfl_tests/llvmcpu_mobilenet_v1.run	blob	100644	7725820e1f559f86041cc0928ac171a88c159558
integrations/tensorflow/test/iree_tfl_tests/llvmcpu_mobilenet_v3-large_uint8.run	blob	100644	deacdc4c27735014180e0c56783544c5a0a046d2
integrations/tensorflow/test/iree_tfl_tests/llvmcpu_posenet_i8.run	blob	100644	f1daa0e95edd6d3a4fff9036ce27b9ac38a17fa4
integrations/tensorflow/test/iree_tfl_tests/llvmcpu_resnet_50_int8.run	blob	100644	7b608581e7273d8ba44b8d1f9c7d3517b27f819f
integrations/tensorflow/test/iree_tfl_tests/mnasnet.run	blob	100644	4bcd3c3537ba0782eb9b1d69a3d29abe53da798c
integrations/tensorflow/test/iree_tfl_tests/mobilenet_v3.run	blob	100644	b8bb19c75cddfa9b26454aeac113ccbed6fab36f
integrations/tensorflow/test/iree_tfl_tests/person_detect.run	blob	100644	3808b7187b22bcf543292088edfe406f72fdeed6
integrations/tensorflow/test/iree_tfl_tests/update_tflite_model_documentation.py	blob	100755	2be5ab5dc8aafb08f89c62daac6349c424a860a4
integrations/tensorflow/test/iree_tfl_tests/vmvx_mobilebert_tf2_quant.run	blob	100644	210fe0a9d20efa178f70dad85518667b2f2e5649
integrations/tensorflow/test/iree_tfl_tests/vmvx_mobilenet_v3-large_uint8.run	blob	100644	eb452ff4d39e4f04cbb50b59efdb481ce45d18b6
integrations/tensorflow/test/iree_tfl_tests/vmvx_person_detect.run	blob	100644	69abcf3a95e918a941ed1c87dc5126d1861b6009
integrations/tensorflow/test/iree_tfl_tests/vulkan_mobilebert_tf2_quant.run	blob	100644	0122c7352174b4a2cebe2e3b40adbbaa43d51973
integrations/tensorflow/test/iree_tfl_tests/vulkan_mobilenet_v1.run	blob	100644	912bc04555cdfd007b81e1da653be0cc5a54030f
integrations/tensorflow/test/iree_tfl_tests/vulkan_mobilenet_v3-large_uint8.run	blob	100644	2ff6ce2734c7b02671dbf9b1ba415b113379dbfa
integrations/tensorflow/test/iree_tfl_tests/vulkan_posenet_i8.run	blob	100644	d6d3e902a8bc6f65b3ace3bbdb7abb1f3523f9c3
integrations/tensorflow/test/iree_tfl_tests/vulkan_resnet_50_int8.run	blob	100644	30d69ceb6fbfcff6a1db783820cd74e3c73277bb
integrations/tensorflow/test/lit.cfg.py	blob	100644	9da1bb8dcd4be916a4dd199fc3d276080c3bbe3e
integrations/tensorflow/test/python/README.md	blob	100644	e0fc1db3e0418df9e0420bc21f8f8f09f9c358b8
integrations/tensorflow/test/python/generate_runner.py	blob	100644	6e6bedfaba29df5b14eb448baaf6786c89f43870
integrations/tensorflow/test/python/iree_tf_tests/batch_norm_test.py	blob	100644	cdb0bea71f64fcb28d045e344061ef36d7ad2dee
integrations/tensorflow/test/python/iree_tf_tests/batch_to_space_nd_test.py	blob	100644	c801e53d5f63c3f6dbd40c250d2a9b6acff31bbe
integrations/tensorflow/test/python/iree_tf_tests/broadcast_to_test.py	blob	100644	c4f43a3ae7ed00a923ed12448c3678784a9cf25d
integrations/tensorflow/test/python/iree_tf_tests/broadcasting_test.py	blob	100644	f168fcca13ed84dd67f1f5738dcdf2f038ecf86b
integrations/tensorflow/test/python/iree_tf_tests/concat_test.py	blob	100644	d45939904f1269f1790414ed15b336344d047192
integrations/tensorflow/test/python/iree_tf_tests/control_flow_test.py	blob	100644	5f1b33ff25ac357ce66957792ae42d5952005770
integrations/tensorflow/test/python/iree_tf_tests/conv_test.py	blob	100644	aa4c956215a56a88ceb2885d847344db8f6fc9c6
integrations/tensorflow/test/python/iree_tf_tests/conv_transpose_test.py	blob	100644	8501eb103f45f74afb9c7385b54f700d76b9db98
integrations/tensorflow/test/python/iree_tf_tests/depth_conv_test.py	blob	100644	c73bedf8f914fd88afc7c71a2823a5de31057b80
integrations/tensorflow/test/python/iree_tf_tests/dynamic_mlp_relu_test.py	blob	100644	5784f41bfcf4a0b611024bdf0170fc20b9c79cae
integrations/tensorflow/test/python/iree_tf_tests/dynamic_mlp_test.py	blob	100644	ce2be9576e2b1752198728b0bdc244810f32adef
integrations/tensorflow/test/python/iree_tf_tests/einsum_dynamic_test.py	blob	100644	1132135534b69d0304c68149d46fc21cbdcd0382
integrations/tensorflow/test/python/iree_tf_tests/einsum_static_test.py	blob	100644	4e82f29cf0607520999a2c704fb32d38675540fc
integrations/tensorflow/test/python/iree_tf_tests/einsum_vector_test.py	blob	100644	147faff436de415a777dd20080e6b02d865772a8
integrations/tensorflow/test/python/iree_tf_tests/fft_test.py	blob	100644	3cba32aa042817b27faa4d43d9bd5982d53bb53e
integrations/tensorflow/test/python/iree_tf_tests/fill_test.py	blob	100644	d9e14f5332ae7cd82b35de0730c173df73275dcf
integrations/tensorflow/test/python/iree_tf_tests/gather_test.py	blob	100644	a183d18656cebde4b3ec3b058be390b86b42ca56
integrations/tensorflow/test/python/iree_tf_tests/image_resize_test.py	blob	100644	fffd61d6cb44f247db584961305771cf1112e758
integrations/tensorflow/test/python/iree_tf_tests/linspace_test.py	blob	100644	1894aad37a77948f5b11ff5ff9a2da0a0a6720a9
integrations/tensorflow/test/python/iree_tf_tests/mandelbrot_test.py	blob	100644	7ffe0e18f776b05b32e6d28ca9332fbbd3592c4d
integrations/tensorflow/test/python/iree_tf_tests/matrix_ops_dynamic_test.py	blob	100644	466e30b0a04c0a0779054a8b586587541c5f1875
integrations/tensorflow/test/python/iree_tf_tests/matrix_ops_static_test.py	blob	100644	648c26cf406fe2476446ef5f45d7b2f317688774
integrations/tensorflow/test/python/iree_tf_tests/mobile_bert_squad_test.py	blob	100644	8c554db109d019cd95d2e7b6a994cee7a82b1355
integrations/tensorflow/test/python/iree_tf_tests/pytree_test.py	blob	100644	71329b4563b10a17550584516e83aef8d9f7ec20
integrations/tensorflow/test/python/iree_tf_tests/quantization_dyn_test.py	blob	100644	7e0baaab71b91bc685c5d9f0035d4989b11658a4
integrations/tensorflow/test/python/iree_tf_tests/quantization_test.py	blob	100644	826a13866a13b3ef6c7c4c43abc78f62c8b7adba
integrations/tensorflow/test/python/iree_tf_tests/range_test.py	blob	100644	822afd4297a02d3aa6d46fe11d42cfacd2ea520a
integrations/tensorflow/test/python/iree_tf_tests/resource_ops_test.py	blob	100644	e0b6d9a63cd60fa830ae62d43e7acdac4f52e18b
integrations/tensorflow/test/python/iree_tf_tests/ring_buffer_test.py	blob	100644	0fb1541199e9cdc7fa2b9e9a708da3e58edaa2e5
integrations/tensorflow/test/python/iree_tf_tests/scatter_update_test.py	blob	100644	9754f2579abcf0d4b9286a4fbf8f25cd5da0a767
integrations/tensorflow/test/python/iree_tf_tests/simple_arithmetic_test.py	blob	100644	ac8c1c50040095cfe41307fa8f4007f1381e8626
integrations/tensorflow/test/python/iree_tf_tests/simple_stateful_test.py	blob	100644	4bcf2828087eba90fb7b26232be5758d49266e5a
integrations/tensorflow/test/python/iree_tf_tests/sliding_window_test.py	blob	100644	b9daf74a6ba3a2d51a8ace33e5bd60f2b5b3c0b1
integrations/tensorflow/test/python/iree_tf_tests/space_to_batch_nd_test.py	blob	100644	e949ff9ee5a65e6f7ae52e2c843d220852c7712a
integrations/tensorflow/test/python/iree_tfl_tests/cartoon_gan_test.py	blob	100644	1cb3ee1b0c72ec5ecd8249706f321b8c95c17469
integrations/tensorflow/test/python/iree_tfl_tests/east_text_detector_test.py	blob	100644	d0a103b5465aacf1c2de6d589ffa11b35c02dae9
integrations/tensorflow/test/python/iree_tfl_tests/gpt2_test.py	blob	100644	cccf17f0959859c1057048e65ce0cc39273179c3
integrations/tensorflow/test/python/iree_tfl_tests/imagenet_test_data.py	blob	100644	1cb64ee3b50a0b1ad69f095b8f10c35dac15e866
integrations/tensorflow/test/python/iree_tfl_tests/mnasnet_test.py	blob	100644	42777a8e39e536c8670b29a0e84bdaee59c69c35
integrations/tensorflow/test/python/iree_tfl_tests/mobilebert_tf2_quant_test.py	blob	100644	e0a6934dfc7ff2f6a99829fb7ce4e4bfa936c627
integrations/tensorflow/test/python/iree_tfl_tests/mobilenet_v1_test.py	blob	100644	a5af91af289241a75477d1bb7e5cb1c46b1aa158
integrations/tensorflow/test/python/iree_tfl_tests/mobilenet_v3-large_uint8_test.py	blob	100644	0dfc76a48e2081892698ce9914720b6fb5f24723
integrations/tensorflow/test/python/iree_tfl_tests/mobilenet_v3_test.py	blob	100644	5d8769c8cf9e108e77a1a0840939a33bc02c42db
integrations/tensorflow/test/python/iree_tfl_tests/person_detect_test.py	blob	100644	70bcab42f33b7af345032abf5b09bde6820a7f77
integrations/tensorflow/test/python/iree_tfl_tests/posenet_i8_test.py	blob	100644	1e24337c1c0b07f0e95d605d2f179c4cbc403d40
integrations/tensorflow/test/python/iree_tfl_tests/resnet_50_int8_test.py	blob	100644	f99f6a8638a05b9745d5c5a26488e68e108566f0
integrations/tensorflow/test/python/iree_tfl_tests/squad_test_data.py	blob	100644	d624d51f78cb5e561ccc52f516621dafeb680289
integrations/tensorflow/test/python/iree_tfl_tests/test_util.py	blob	100644	bbbfd87233ec8b9c64d5040639c44de61572ae3d
integrations/tensorflow/test/python/lit.local.cfg	blob	100644	e6f55eef7af5ac5e551258346a09c1a41bb9fd43
integrations/tensorflow/test/requirements.txt	blob	100644	4ae0c9c652f38eac42d264fb6ecc5b324a7c1412
lib/BUILD.bazel	blob	100644	12b64aa7f61f8b5cfdb521f73e1efb0a289fa802
lib/exported_symbols_test.py	blob	100644	54f918922ef742b78f42fb4750723a52c573812b
lib/hide_iree_runtime_capi.ld	blob	100644	92453b01231738d0bcbb12222c995305910e3ca7
lib/hide_iree_runtime_capi.macos.txt	blob	100644	845c8dbaea8e7ea653fba3317e2d7a2dfbbbcb60
llvm-external-projects/README.md	blob	100644	143a4b7e72c6d2c56e8ba455f663bdea6292d68c
runtime/BUILD.bazel	blob	100644	9da145a3f204b877e8da2bc97e72eb997b6ed146
runtime/CMakeLists.txt	blob	100644	b785e6a37cbcf9906c46c1e4711e47db0c36378c
runtime/README.md	blob	100644	9c394990f85f422bdb569f691e142d66e92bd4cc
runtime/bindings/python/BUILD.bazel	blob	100644	a80fcd604f902fa26d3bb7047980a87f7bee891f
runtime/bindings/python/CMakeLists.txt	blob	100644	580cfe80643a4ab5009103bf53c2951e06ff4509
runtime/bindings/python/binding.h	blob	100644	0617f2a5589b07b6ad9f20c19e703a62f845fb0a
runtime/bindings/python/buffer_interop.h	blob	100644	4fa3d3668e717805973e8373f8be11d40a415bd4
runtime/bindings/python/hal.cc	blob	100644	d6d7a913322ef0b23f6e0656b4b93a5c009196ed
runtime/bindings/python/hal.h	blob	100644	dd58c2e00c825bdb1ecb225012e094536a2137ae
runtime/bindings/python/initialize_module.cc	blob	100644	4f92a243449e72310ea2650498f78c8c131567f2
runtime/bindings/python/invoke.cc	blob	100644	8163f92525ab07d91535d6dac3d1fd78a77858be
runtime/bindings/python/invoke.h	blob	100644	0c8cee8c66f66045bd8488f1d1abf72a2ac3809e
runtime/bindings/python/io.cc	blob	100644	d8c6d4928f2e75b0167a12b865dc043f608ece37
runtime/bindings/python/io.h	blob	100644	20a2e25a698198b9f27eef3df113030a6446b098
runtime/bindings/python/iree/_runtime/README.md	blob	100644	ba91667fb8ea37dc45571ad73f064362e89d602d
runtime/bindings/python/iree/_runtime/__init__.py	blob	100644	e69de29bb2d1d6434b8b29ae775ad8c2e48c5391
runtime/bindings/python/iree/_runtime/libs.py	blob	100644	135cf4277dd1cbfb4f0e7adfee443b2d56179555
runtime/bindings/python/iree/_runtime/libs.pyi	blob	100644	de1718514cc3049cefcbb1bf67e867acdebf2135
runtime/bindings/python/iree/_runtime/scripts/iree_as_module/__main__.py	blob	100644	e816d3ab7d3480817251540f694f6d0c73278fd9
runtime/bindings/python/iree/_runtime/scripts/iree_benchmark_executable/__main__.py	blob	100644	f472e440f095c4170e5db90026ca3718fce7f678
runtime/bindings/python/iree/_runtime/scripts/iree_benchmark_module/__main__.py	blob	100644	6e12f6708d6700af8e95683dee093007d6da0a71
runtime/bindings/python/iree/_runtime/scripts/iree_benchmark_replay/__main__.py	blob	100644	42410d72a359fef242a2be6d46cd05ea99ee9697
runtime/bindings/python/iree/_runtime/scripts/iree_c_embed_data/__main__.py	blob	100644	2e9f999741dfdedfe89b3b5a9c5682361f1ef63e
runtime/bindings/python/iree/_runtime/scripts/iree_convert_parameters/__main__.py	blob	100644	9e71002e6cd6cfacfac9216059768d82cfb32c70
runtime/bindings/python/iree/_runtime/scripts/iree_cpuinfo/__main__.py	blob	100644	73e634fbcc2d52e679a3b89dd2056a42aed3be14
runtime/bindings/python/iree/_runtime/scripts/iree_create_parameters/__main__.py	blob	100644	09006cc9d9b50756c9a9bb7d6c31f13953c3717f
runtime/bindings/python/iree/_runtime/scripts/iree_dump_module/__main__.py	blob	100644	8f9489d0bb3df5bbbfcd9d2b63f3112e5ee29144
runtime/bindings/python/iree/_runtime/scripts/iree_dump_parameters/__main__.py	blob	100644	7c2d95b131fdb3efa8484324b80e7461d6a9d857
runtime/bindings/python/iree/_runtime/scripts/iree_dump_replay/__main__.py	blob	100644	c6ef746781ef8dcf68edd46456d765b4f250f797
runtime/bindings/python/iree/_runtime/scripts/iree_flatcc_cli/__main__.py	blob	100644	a1f9005930be0391f0da7eec02db860a31489237
runtime/bindings/python/iree/_runtime/scripts/iree_profile/__main__.py	blob	100644	aaf48cfce88baa64813514a737d36767796370d1
runtime/bindings/python/iree/_runtime/scripts/iree_profile_render/__main__.py	blob	100644	7d3f79d2003c1c3f8d29b74e38cbdceea76894c2
runtime/bindings/python/iree/_runtime/scripts/iree_run_module/__main__.py	blob	100644	8b1fd6998591807bc0ecbe4e2f56eb2112b6d08f
runtime/bindings/python/iree/_runtime/scripts/iree_run_replay/__main__.py	blob	100644	a6eb0183f8260050a1e87e638017b24ac8e62946
runtime/bindings/python/iree/_runtime/scripts/iree_tracy_capture/__main__.py	blob	100644	35717315b994de0080a9894486d79cbc2f8377ff
runtime/bindings/python/iree/runtime/README.md	blob	100644	ad81b0fabc0b2fac554c30be10b6092b90f69471
runtime/bindings/python/iree/runtime/__init__.py	blob	100644	4524170ff5fecc7aaa7adeb5b13835a06dfb8e19
runtime/bindings/python/iree/runtime/_binding.py	blob	100644	99aa55aa2cefb92c50b916438fa55d2c72a7dcfa
runtime/bindings/python/iree/runtime/_binding.pyi	blob	100644	05abddd4aaa3fa6ea2d50b850201ee851b6cb75a
runtime/bindings/python/iree/runtime/_package_test.py	blob	100644	4f2a92dadda649d7cf5e1c85ed03c6c0686caa24
runtime/bindings/python/iree/runtime/array_interop.py	blob	100644	a7256ba0bba947b2255832399faa231be1672b24
runtime/bindings/python/iree/runtime/benchmark.py	blob	100644	3a2d9da808114d4bde005186a7815cf41f3837d2
runtime/bindings/python/iree/runtime/build_requirements.txt	blob	100644	81384ac316e4ffe5c06d4c009f7a26e61a364e37
runtime/bindings/python/iree/runtime/dtypes.py	blob	100644	2d37b149cbbd03929880a62f2cff62c209dbe90f
runtime/bindings/python/iree/runtime/export.def	blob	100644	24e1f7b9c9937ab35af67a465046fce2c89518ae
runtime/bindings/python/iree/runtime/flags.py	blob	100644	fb85c85145cbc81f8574b0cae0450510947c36fe
runtime/bindings/python/iree/runtime/function.py	blob	100644	342dd949893e2a0609ec1410c20e2fea11df84e1
runtime/bindings/python/iree/runtime/io.py	blob	100644	bc430eaf49610ea19e15273605ac00d4963f515c
runtime/bindings/python/iree/runtime/system_api.py	blob	100644	6bd0bad3a5ae5eedf226a559bc8cfbfbf3ba76d6
runtime/bindings/python/iree/runtime/system_setup.py	blob	100644	029af5f9ff6faf32313b4737262bb22b925255d1
runtime/bindings/python/iree/runtime/typing.py	blob	100644	738184a5ef45d51b8363817e429970a15b902500
runtime/bindings/python/iree/runtime/version.py	blob	100644	71ce247493641de7fdd7e9a433f0601f4daec6e3
runtime/bindings/python/iree/runtime/version.pyi	blob	100644	dad27289ae6bfbc8bd7f8f14663d414c5f83b4eb
runtime/bindings/python/local_dlpack.h	blob	100644	9b92e7a24f7a037c5510f6611672cd84d1fab2cb
runtime/bindings/python/loop.cc	blob	100644	c702d1d3c3a7c0daae66e670063ad4c7316a0405
runtime/bindings/python/loop.h	blob	100644	cd0073698d58421e87b8f6688b07fafad74e7f6d
runtime/bindings/python/numpy_interop.cc	blob	100644	eb239ce41790187d0e346e3c6d96ca07e6f01db6
runtime/bindings/python/numpy_interop.h	blob	100644	7e82b7657266d02159356da193603dcb47d7b86f
runtime/bindings/python/py_module.cc	blob	100644	38a8aac0153dfb426c775298225dfe0e3641f2e0
runtime/bindings/python/py_module.h	blob	100644	c222311de2dfa846127072e187aa1328c2a94cc6
runtime/bindings/python/pyrightconfig.json	blob	100644	838245752d123e9aef320038a9261a4b42b59495
runtime/bindings/python/status_utils.cc	blob	100644	6f7acdd494db79eaddd696ba0f3cbbc7630bea9b
runtime/bindings/python/status_utils.h	blob	100644	936ea72574f9fe84eeb1154f217362ed626ac95c
runtime/bindings/python/tests/array_interop_test.py	blob	100644	0d12c1dca89a3a62383deef8b40f088b7ec683a4
runtime/bindings/python/tests/benchmark_test.py	blob	100644	959edd90b7ea73472e8accd2069702d521475132
runtime/bindings/python/tests/devices_cli_test.py	blob	100644	26c614d110881c917f4272757f8d7f1aa17862e8
runtime/bindings/python/tests/dtypes_test.py	blob	100644	baa04008173a95be06de4fe1a3065bfbecbc4921
runtime/bindings/python/tests/flags_test.py	blob	100644	7cebebdf9bcedb7b13a6443c9d199bf9ab4074e0
runtime/bindings/python/tests/function_test.py	blob	100644	6010d51eedd556affc1ab426a913956ad41e985d
runtime/bindings/python/tests/hal_device_loop_test.py	blob	100644	4bb18028326ba6366d6b5a09070d4a18069c156e
runtime/bindings/python/tests/hal_test.py	blob	100644	b95fb8b02b9c6758e3a59b227c4c2e0e75dc160f
runtime/bindings/python/tests/io_runtime_test.py	blob	100644	3d07e307bfcc4634f90a701369f7d5b7dff1c3ca
runtime/bindings/python/tests/io_test.py	blob	100644	1efe308a65b876ad36413397941a3d70e24eb235
runtime/bindings/python/tests/py_module_test.py	blob	100644	edd33058a5f5f928f1feef67894bcce6094310bc
runtime/bindings/python/tests/system_api_test.py	blob	100644	0a7840437f899929d59aff08a29003239ae4bdcc
runtime/bindings/python/tests/system_setup_test.py	blob	100644	c55dc466598ffd5b700658013df40a32659d1061
runtime/bindings/python/tests/testdata/generate_parameter_gguf.py	blob	100755	0c518b94d536ade5fedc85faf1d3c47f67866272
runtime/bindings/python/tests/testdata/generate_parameter_safetensors.py	blob	100755	43a282add085d6c3f4f8a7fd3cfe1bdf3a9cd5d1
runtime/bindings/python/tests/testdata/generate_tensor_saved_with_iree_turbine.py	blob	100644	3a8167fc296cf936dfc8c444634bb03ded4376b1
runtime/bindings/python/tests/testdata/parameter_weight_bias_1.gguf	blob	100644	f27b7735979903f710091ce662076c03d15fa887
runtime/bindings/python/tests/testdata/parameter_weight_bias_1.safetensors	blob	100644	a498050392db143ce36dd06048a15d2af04f9b66
runtime/bindings/python/tests/testdata/tensor_saved_with_iree_turbine.irpa	blob	100644	c9a4cea922b824c7aec79b0d79e1ed7777223b83
runtime/bindings/python/tests/tokenizer_test.py	blob	100644	9f140089c6eea1509af6ad99ee62f8caa8b2aac0
runtime/bindings/python/tests/vm_test.py	blob	100644	bc659262d57abf32710569a2511fc2ec13ace6d0
runtime/bindings/python/tests/vm_types_test.py	blob	100644	f3bd0f8e025d00721c38d6c9eb16502b224aea56
runtime/bindings/python/tokenizer.cc	blob	100644	c44f85aa249a9080ffd0ac99890401c3a7751bee
runtime/bindings/python/tokenizer.h	blob	100644	1bc53cf44ff9ebc2dd220f5a3eee3a1582a92335
runtime/bindings/python/typings/iree/_runtime/libs.pyi	blob	100644	de1718514cc3049cefcbb1bf67e867acdebf2135
runtime/bindings/python/typings/iree/_runtime_libs/__init__.pyi	blob	100644	dbf2dc48c2ca7ce1f02ff55746c5ff67e89ff6ff
runtime/bindings/python/typings/iree/_runtime_libs/version.pyi	blob	100644	dad27289ae6bfbc8bd7f8f14663d414c5f83b4eb
runtime/bindings/python/typings/iree/_runtime_libs_tracy/__init__.pyi	blob	100644	dbf2dc48c2ca7ce1f02ff55746c5ff67e89ff6ff
runtime/bindings/python/typings/iree/runtime/version.pyi	blob	100644	dad27289ae6bfbc8bd7f8f14663d414c5f83b4eb
runtime/bindings/python/typings/render/cli.pyi	blob	100644	df152a5df514043ad0a4fdb6e3d4943af42a5c11
runtime/bindings/python/unix_version.lds	blob	100644	339437b8eaff83ef8347aff08019d39a83b60508
runtime/bindings/python/vm.cc	blob	100644	d7a6935b882a47511b0783ce669a9bc19fb28828
runtime/bindings/python/vm.h	blob	100644	da83c699a8eb8c2a0879406cc4395324e70f4c63
runtime/bindings/tflite/BUILD.bazel	blob	100644	a07fa1a2305523a2f2cb1b306c8dcb7a55332da7
runtime/bindings/tflite/CMakeLists.txt	blob	100644	e6ab58d8338c8c1e57f10d7ab1877bd0a2a4b195
runtime/bindings/tflite/README.md	blob	100644	774b26a83087087c72a3bfde136ddd0d2165ae12
runtime/bindings/tflite/include/README.md	blob	100644	8305534cc576a1fcdcbb9c678ce0f4b732111392
runtime/bindings/tflite/include/tensorflow/lite/c/c_api.h	blob	100644	152bcf986fe7ebdbca4da46aee58d3119ec0f69c
runtime/bindings/tflite/include/tensorflow/lite/c/c_api_experimental.h	blob	100644	a7c446e813466a62a840f44773b16aac0a97c605
runtime/bindings/tflite/include/tensorflow/lite/c/common.h	blob	100644	ae425d82c2a2f81f84e9a2f68db2ad41ea835863
runtime/bindings/tflite/interpreter.c	blob	100644	f7ff3b2d9b95bd23e1990c3f7778fc4474757651
runtime/bindings/tflite/interpreter.h	blob	100644	11d0b876b165caaaf832876a85d338fc1d92549c
runtime/bindings/tflite/java/README.md	blob	100644	7df4c067da535547c6f9c4820caa0876ba96339c
runtime/bindings/tflite/java/build.gradle	blob	100644	d88fa8aef38bfeef9d73385226aba3913b5aca02
runtime/bindings/tflite/java/org/tensorflow/lite/AndroidManifest.xml	blob	100644	d8ebeb41302869092c57a01c1d56f285d9393943
runtime/bindings/tflite/java/org/tensorflow/lite/CMakeLists.txt	blob	100644	e83d53017c5240a41f78f5fa02ae63de53385aef
runtime/bindings/tflite/java/org/tensorflow/lite/DataType.java	blob	100644	667daa9d18294e45615b8239bd3164d66a334bf2
runtime/bindings/tflite/java/org/tensorflow/lite/Interpreter.java	blob	100644	69d09b00c77ff66951eaaf3796360a2f8cd671d2
runtime/bindings/tflite/java/org/tensorflow/lite/Tensor.java	blob	100644	d0f03ae729bbbadb4791f3a31249e97392395c3d
runtime/bindings/tflite/java/org/tensorflow/lite/TensorFlowLite.java	blob	100644	86fe782e6e96554ac61530000d90dd17121960d0
runtime/bindings/tflite/java/org/tensorflow/lite/native/CMakeLists.txt	blob	100644	afecd0ecc526b647dcb0352c2d00f07ee59d1b2e
runtime/bindings/tflite/java/org/tensorflow/lite/native/interpreter_jni.cc	blob	100644	cd81a929a92165e24faca99b3e285a2fefe5544b
runtime/bindings/tflite/java/org/tensorflow/lite/native/tensor_jni.cc	blob	100644	3a885e5b91df662d7e93ad35cafe48bb2a18db55
runtime/bindings/tflite/java/org/tensorflow/lite/native/tensorflow_lite_jni.cc	blob	100644	27b75c4d771843dc10c1fae7074963763944f728
runtime/bindings/tflite/java/org/tensorflow/lite/tests/InterpreterTest.java	blob	100644	e320160192e3ec88a80f6b250bee825dee94640b
runtime/bindings/tflite/java/org/tensorflow/lite/tests/TestManifest.xml	blob	100644	b01f06d7c54abaa6408cf76dc9e4b9dd7115f52b
runtime/bindings/tflite/java/org/tensorflow/lite/tests/simple_add.mlir	blob	100644	776ba14a47dc58c8376509a71ba74c3158b93d94
runtime/bindings/tflite/java/settings.gradle	blob	100644	1bc5c06d6003d53a862e73ae3ed1ba954c4e728a
runtime/bindings/tflite/model.c	blob	100644	d9d5e955fac3aff16db67f0213b24cfb68aed2ef
runtime/bindings/tflite/model.h	blob	100644	d5f1ea2e095eecd9f88f864143e94e403731d95e
runtime/bindings/tflite/options.c	blob	100644	ac391a1b4fff1f25a83b9c1827c3fc889c680c9e
runtime/bindings/tflite/options.h	blob	100644	627f02efdfe11cc6a310e771645d8db9d07c58c5
runtime/bindings/tflite/shim.c	blob	100644	098472fb28fb72f4b8deb21652b6e69c6c1abcc4
runtime/bindings/tflite/shim.h	blob	100644	84a1cf5cfab46093da44142a04e4ca32d5e0ef7f
runtime/bindings/tflite/smoke_test.cc	blob	100644	61747536493a940aec9aa85a6922c34368654707
runtime/bindings/tflite/tensor.c	blob	100644	cd0b130de55812eafca824017efe0353fedeff6e
runtime/bindings/tflite/tensor.h	blob	100644	6b412428235dea84eb06688e57ca1ff76f724858
runtime/bindings/tflite/testdata/BUILD.bazel	blob	100644	cd90dc6671faee31d4ff0b4eb1628cfa0c0d077c
runtime/bindings/tflite/testdata/CMakeLists.txt	blob	100644	02b97266b94508cb3be1b4129c9599433678831c
runtime/bindings/tflite/testdata/add_dynamic.mlir	blob	100644	41e2fc72ff5ab0ef6aea6d4a01f1206b790fde31
runtime/bindings/tflite/testdata/add_multi.mlir	blob	100644	f0aa43b4e374d031403b299beb5c0f714f406a98
runtime/bindings/tflite/testdata/add_static.mlir	blob	100644	88eb498aadf2f528cd21ec5037ba3a89da775f48
runtime/iree.natvis	blob	100644	f792f73efe103c4a06e642ffa12cc6d562fc6b7e
runtime/lit.cfg.py	blob	100644	787cae0bfea3c137c0d5dc9651f129e30a432d2b
runtime/pyproject.toml	blob	100644	57e9d12dc0f98f67f5dc83e783d9529d70366387
runtime/setup.py	blob	100644	d6be6d89a0335b1f23a6035ac5db568de41c37c9
runtime/src/.clang-tidy	blob	100644	0eaac09844a0477b848024356cc9caf0186590e6
runtime/src/BUILD.bazel	blob	100644	0198accacb6fbd45f7cf884a67cff43fd27f2d79
runtime/src/CMakeLists.txt	blob	100644	12bb598cf302ece78c44310341f7faccb9b03dcb
runtime/src/iree/CMakeLists.txt	blob	100644	1e70c9dcf47f989c69b6ef8e33397897c9f86d7b
runtime/src/iree/async/BUILD.bazel	blob	100644	b36805f0f06d4efc148b2b7819e137ddccda4bd3
runtime/src/iree/async/CMakeLists.txt	blob	100644	309440ec2a6afa77481cf212e4c15603954ddc2e
runtime/src/iree/async/README.md	blob	100644	6da2f3b54903615ee1664fb6016f2e86214b7d0b
runtime/src/iree/async/address.c	blob	100644	dfbe600fd79c086f7c8e2073b4534eff7975f1f6
runtime/src/iree/async/address.h	blob	100644	ca9dbd074a783680456c47e9b73655f96ec5709d
runtime/src/iree/async/address_fuzz.cc	blob	100644	9a0449f1c964caddb93d6796ed6ce636bb4b509a
runtime/src/iree/async/address_generic.c	blob	100644	f6711dc4214ca8d539ad2ec10864f51f1e017426
runtime/src/iree/async/address_impl.h	blob	100644	b9bf787f10e2c35e95234b55e1ecd7bf0eb289ec
runtime/src/iree/async/address_posix.c	blob	100644	70b3d99ca07ba78f44a2953d886ed945c042fd27
runtime/src/iree/async/address_test.cc	blob	100644	1701706fe73bff3dfe83ca68cd471a97badc0573
runtime/src/iree/async/address_win32.c	blob	100644	4e95ab0e8a21ae9b96f9e33d7029e265c59609b1
runtime/src/iree/async/affinity.h	blob	100644	1c20e6898bc86060cbf990e2ca3d69c8cdba827c
runtime/src/iree/async/api.h	blob	100644	f607c1952c89a2af189e8d3b648e78150786cf49
runtime/src/iree/async/buffer_pool.c	blob	100644	804eb28fd70718e1b1e22438dc618d76d3e046dd
runtime/src/iree/async/buffer_pool.h	blob	100644	689919cdce02fac30e22cb44fee3b4acc1d27720
runtime/src/iree/async/cts/BUILD.bazel	blob	100644	05c1ba6210a499e4dfdc3c8cc0f7cc3f20b278f8
runtime/src/iree/async/cts/CMakeLists.txt	blob	100644	629e1e0a58cb177afaf2ba389b5ba666ab0bb60f
runtime/src/iree/async/cts/README.md	blob	100644	edd80add6d7b05053a66d92b0f596420e332b0de
runtime/src/iree/async/cts/buffer/BUILD.bazel	blob	100644	c9fa6d2ec2344645c193e5d3c7a527a9f8cac214
runtime/src/iree/async/cts/buffer/CMakeLists.txt	blob	100644	09a16645c9ee824119c0390e5c103d1429cfbb7d
runtime/src/iree/async/cts/buffer/pool_benchmark.cc	blob	100644	43d6a97b1194d963ca3cfeb686a850477cc9a948
runtime/src/iree/async/cts/buffer/pool_test.cc	blob	100644	1cda4f6a387ecb9b11b46f4129f7544adbfe2a4c
runtime/src/iree/async/cts/buffer/registration_test.cc	blob	100644	b7ffe873258222aca69802e318ab909b40654fc5
runtime/src/iree/async/cts/buffer/shared_pool_test.cc	blob	100644	a54044f7186eab432f8743de3c4f421376702a31
runtime/src/iree/async/cts/core/BUILD.bazel	blob	100644	c1f01f1f43b1838b8b73a82a9caf6abb6cb527ff
runtime/src/iree/async/cts/core/CMakeLists.txt	blob	100644	6d36e778493a77f7b136da1f7a40748499358f9a
runtime/src/iree/async/cts/core/dispatch_scalability_benchmark.cc	blob	100644	c2bddb3b0f5d8fc3e3a8f95c227a09f2300ea769
runtime/src/iree/async/cts/core/error_propagation_test.cc	blob	100644	b3fbf9540f512524f2b813bac06f3a8df3374148
runtime/src/iree/async/cts/core/lifecycle_test.cc	blob	100644	2c378b1bd67b7e1693d12d8d981b5cf6dfa5ddba
runtime/src/iree/async/cts/core/nop_test.cc	blob	100644	b38d2461852dfbee4b51e2c6e978f375a9d4f306
runtime/src/iree/async/cts/core/resource_exhaustion_test.cc	blob	100644	b201bdf40d1ed66519fb85944aeb670c096e2c67
runtime/src/iree/async/cts/core/sequence_benchmark.cc	blob	100644	81faf4512d7fe959a6d56788e929fd6fc8dfcfbe
runtime/src/iree/async/cts/core/sequence_test.cc	blob	100644	f736b427349ed10cf2bd88376d244e2831947448
runtime/src/iree/async/cts/core/timer_test.cc	blob	100644	3d719e3575bb6c2c8d3f7157c68087d5222baabe
runtime/src/iree/async/cts/core/tsan_bridge_test.cc	blob	100644	9de9da8e2b596ef1a3aa580222f6fc6f0dc4b3b8
runtime/src/iree/async/cts/event/BUILD.bazel	blob	100644	ee756270e57df3468c1ecafbe049337582cc9c0d
runtime/src/iree/async/cts/event/CMakeLists.txt	blob	100644	e19c2f15f5bb7d7f2aee03ef12bf1a404f434a6c
runtime/src/iree/async/cts/event/event_benchmark.cc	blob	100644	2dd8ccacd5cecbde14e034782365015836378c09
runtime/src/iree/async/cts/event/event_pool_benchmark.cc	blob	100644	61a668d53ca6d788be0f074856b3668c14412e6c
runtime/src/iree/async/cts/event/event_source_posix_test.cc	blob	100644	fcf4cc16bcc13800422d61c39eed2abe0d92542c
runtime/src/iree/async/cts/event/event_test.cc	blob	100644	d0b352c9d25b809e5e10d89986aa163cf839fb49
runtime/src/iree/async/cts/file/BUILD.bazel	blob	100644	cc7fdea7b5f4163fc2fc7a0e990ea324a46c91a8
runtime/src/iree/async/cts/file/CMakeLists.txt	blob	100644	138098c458dd3b3efbbb9610a2c0b9c018fab45b
runtime/src/iree/async/cts/file/file_test.cc	blob	100644	22d3b3e03243b2bb40fa2dd8d2594786c458bb23
runtime/src/iree/async/cts/file/native_file.cc	blob	100644	17d148a8a837edbf518021dab0c32a4eb04358b7
runtime/src/iree/async/cts/file/native_file.h	blob	100644	c4c1481860a9327196476010eb813282e3f91521
runtime/src/iree/async/cts/futex/BUILD.bazel	blob	100644	68537636c89cf7c917a8779cf9bcf0138831c88d
runtime/src/iree/async/cts/futex/CMakeLists.txt	blob	100644	3fd6b18a696779c9c7a50d0176b190c7bb4c0cd9
runtime/src/iree/async/cts/futex/futex_benchmark.cc	blob	100644	89f1fe013f6f9fc5dbfa328db1136006552645f1
runtime/src/iree/async/cts/futex/futex_test.cc	blob	100644	1fdc6815f74838e12578a02409426500c92a952c
runtime/src/iree/async/cts/socket/BUILD.bazel	blob	100644	ca49b1e087861e2327ad1edc1e1f5e4037aafcf3
runtime/src/iree/async/cts/socket/CMakeLists.txt	blob	100644	447f7517e2f6354e8b446c965c0e106b9c81a91c
runtime/src/iree/async/cts/socket/data_lifetime_test.cc	blob	100644	2d4e0fbf6d01d74bd5b16587209c052e21aab481
runtime/src/iree/async/cts/socket/lifecycle_test.cc	blob	100644	2ed77b7f0328ba835da2dbbe2adaa20d266bfa1c
runtime/src/iree/async/cts/socket/message_test.cc	blob	100644	4d1725f7e26e04fb36d8488bbbd00235a5b9dcc3
runtime/src/iree/async/cts/socket/multishot_test.cc	blob	100644	3e2a18c1d431ae5bd407617c2cfa14ad74821033
runtime/src/iree/async/cts/socket/posix_test.cc	blob	100644	4c1a30585cca623d8cf50c9a707fe4a773261551
runtime/src/iree/async/cts/socket/send_flags_test.cc	blob	100644	0fad6673825011bb68964bac1f0245c58792fc8b
runtime/src/iree/async/cts/socket/socket_benchmark.cc	blob	100644	b981b0debf7ee4160d2859340fef6f8bf0331eba
runtime/src/iree/async/cts/socket/tcp_control_test.cc	blob	100644	77e1e10ed3a96c01c01e2b1fdf36d8935bc3111c
runtime/src/iree/async/cts/socket/tcp_transfer_test.cc	blob	100644	0cba9abf031f1684e9a9bfa8a2a90307372d97a8
runtime/src/iree/async/cts/socket/udp_test.cc	blob	100644	0d51c44f6e727e20acf21aa6d568185f7bbc6931
runtime/src/iree/async/cts/socket/win32_test.cc	blob	100644	9376d4fe2ecc4372992902492162e4c8734290a9
runtime/src/iree/async/cts/socket/zerocopy_test.cc	blob	100644	3469520eca352b1fd5a9d8c55017f8dad36e9386
runtime/src/iree/async/cts/sync/BUILD.bazel	blob	100644	32149c0c28ac3173519a037fb7ec913c9f1446e0
runtime/src/iree/async/cts/sync/CMakeLists.txt	blob	100644	d153c054e6261e6d435ef7f851ed3611ac55f203
runtime/src/iree/async/cts/sync/cancellation_test.cc	blob	100644	ff1602d976147df608443f8f3b65025ce0d987b0
runtime/src/iree/async/cts/sync/fence_posix_test.cc	blob	100644	44310c0da4c050f6ccd8545af1d2ea4a25c6ce24
runtime/src/iree/async/cts/sync/notification_test.cc	blob	100644	dedd8949d0c349b54d5abaf5f94cc9e54f381c5f
runtime/src/iree/async/cts/sync/relay_benchmark.cc	blob	100644	99a39daabb67e17b58f630a139819779a1d85af0
runtime/src/iree/async/cts/sync/relay_posix_test.cc	blob	100644	fd5fc71bcb2e38066f2932e83f7672e48e3cdf0c
runtime/src/iree/async/cts/sync/relay_test.cc	blob	100644	bfd23f3c48a4498910a54fad2acc2d316e456799
runtime/src/iree/async/cts/sync/relay_windows_test.cc	blob	100644	c558eaeddcc9688398036dbeb83fb99190360dce
runtime/src/iree/async/cts/sync/semaphore_async_test.cc	blob	100644	3514d252e3235942dd6fe2f7a0b38a4ae7e7fb38
runtime/src/iree/async/cts/sync/semaphore_linked_test.cc	blob	100644	7b3840172d949cafa58e1d0bffa1aa61f2f0b6e5
runtime/src/iree/async/cts/sync/semaphore_sync_test.cc	blob	100644	e81247bb9d6a1ce804a6537a8ff1d5ef1c3cf09e
runtime/src/iree/async/cts/sync/shared_notification_test.cc	blob	100644	50b4756a70479b3bfafd9f51137ced7494f5dc73
runtime/src/iree/async/cts/sync/signal_test.cc	blob	100644	f4e9a92f4acabb3e627e9419c1089919d458f234
runtime/src/iree/async/cts/util/BUILD.bazel	blob	100644	91a17a1e2c1e880a2a287a82a51a3080e26b088c
runtime/src/iree/async/cts/util/CMakeLists.txt	blob	100644	f0ba29ddd984fa4629a86fdfec4a251e29b18d16
runtime/src/iree/async/cts/util/benchmark_base.h	blob	100644	460aee5f375efebff21697be8323cefbcacaf71f
runtime/src/iree/async/cts/util/benchmark_main.cc	blob	100644	29c1c5233d43d2ce10ac0ada19a7d0413eb2cb3d
runtime/src/iree/async/cts/util/registry.cc	blob	100644	62c7b1695ff175a3708c8ec1ff2edcb45db404af
runtime/src/iree/async/cts/util/registry.h	blob	100644	1c11d7fbd068d723e14b54869f69d4c61844e417
runtime/src/iree/async/cts/util/socket_test_base.h	blob	100644	f6ee4aa6bad1ea4396fe81c372da33036997f183
runtime/src/iree/async/cts/util/socket_test_util.h	blob	100644	fd9286ed6ed891d38aeaced3d09ea192718d9718
runtime/src/iree/async/cts/util/test_base.h	blob	100644	f85e0b383a566d500bc1d1950932d5628d770cf2
runtime/src/iree/async/cts/util/test_main.cc	blob	100644	bfd0aaee68e42d927e14b7d08691a3d98e1f3c2a
runtime/src/iree/async/event.c	blob	100644	46f9296d116b0af5ccf2764cbef9872395dc6a13
runtime/src/iree/async/event.h	blob	100644	89af105e9c5ce2b16b29f18697d8b67b96c58345
runtime/src/iree/async/event_pool.c	blob	100644	05eafd4dd724cfea02d67baaf9f3e62f9151ad2f
runtime/src/iree/async/event_pool.h	blob	100644	588f40ac6c29bbc39312069a3ab7011450784c42
runtime/src/iree/async/event_pool_test.cc	blob	100644	6e0105442ddaf638e5285af82cc100d111a0954e
runtime/src/iree/async/file.c	blob	100644	e30cc6e35538dc364a70f05f6fb4a2cac1e98de5
runtime/src/iree/async/file.h	blob	100644	1c11c0f67eef26a166f959fe58a91d91a0215a9c
runtime/src/iree/async/frontier.c	blob	100644	56c76cbdaa810b65f493e64c99c677f99529015a
runtime/src/iree/async/frontier.h	blob	100644	35f4814aab004e8d7d23918edd439529f3566da5
runtime/src/iree/async/frontier_benchmark.cc	blob	100644	e0c9608400cf911cc43aaeee37be3aa7a21d09b9
runtime/src/iree/async/frontier_test.cc	blob	100644	4767b35965ee61964acaadf5104f9cf44112b69b
runtime/src/iree/async/frontier_tracker.c	blob	100644	7bda4bc99699ecadefc31d12645fe3293c058af0
runtime/src/iree/async/frontier_tracker.h	blob	100644	1e922d1f7a72b8861abc8839b377e3c448212e93
runtime/src/iree/async/frontier_tracker_benchmark.cc	blob	100644	51888183822968cfed0791d1c96bc31a97d41332
runtime/src/iree/async/frontier_tracker_test.cc	blob	100644	faa67d82f7ca2963fcba2f7cfea04d1d2b1d3d7b
runtime/src/iree/async/notification.c	blob	100644	8694e0ef33dc412f6b57c09e3680bec735f1ed55
runtime/src/iree/async/notification.h	blob	100644	4e8e5f22379798e8c949e0b28f5de84ee836aaa4
runtime/src/iree/async/operation.c	blob	100644	3a6c6c78871073cec31540e0865903548a6cedf0
runtime/src/iree/async/operation.h	blob	100644	7807b3f9081adc11b3a0ab16c47b6a44d7aac84f
runtime/src/iree/async/operations/file.h	blob	100644	8ac6690e89a2b0d45aae03f1ad323d45208e5698
runtime/src/iree/async/operations/futex.h	blob	100644	5aeb1cabeae853491247cb25b4f6aca1988c1c1e
runtime/src/iree/async/operations/message.h	blob	100644	94ef4f3159fb31695b7b8c26a79849e61b24ae34
runtime/src/iree/async/operations/net.h	blob	100644	43b5c332d46e1b53d2618be5bd440addc73708d0
runtime/src/iree/async/operations/scheduling.h	blob	100644	52629a437c5490acb0978a564825e958510de7ac
runtime/src/iree/async/operations/semaphore.h	blob	100644	0ced2cd13d79e1980bba83637e65a1ee5b8323e8
runtime/src/iree/async/platform/BUILD.bazel	blob	100644	29675991bf408dd95a0814d7ce259575cab5b782
runtime/src/iree/async/platform/CMakeLists.txt	blob	100644	628884661ac9bc8080af68099a71c38725eba6a7
runtime/src/iree/async/platform/io_uring/BUILD.bazel	blob	100644	0865f828496654edeffb6108cf269c13c43017fb
runtime/src/iree/async/platform/io_uring/CMakeLists.txt	blob	100644	d91202190eac9f233e1e888abeb3853e4c8ca508
runtime/src/iree/async/platform/io_uring/api.h	blob	100644	bd2969057aabf8d0458084f929679ef7c2bf9475
runtime/src/iree/async/platform/io_uring/buffer_ring.c	blob	100644	8e8c6e2debe889b7379cfa8cc455893ebc77b7d0
runtime/src/iree/async/platform/io_uring/buffer_ring.h	blob	100644	787e6a07ea8fdb1c0a483bf1ac700426e58ec6e0
runtime/src/iree/async/platform/io_uring/cts/BUILD.bazel	blob	100644	dc19ed2b07e024b4aabab9be8f41018ec9e0e298
runtime/src/iree/async/platform/io_uring/cts/CMakeLists.txt	blob	100644	6b5f5d275b48e965ddd8cd1e06ff64331f8ad040
runtime/src/iree/async/platform/io_uring/cts/backends.cc	blob	100644	6ef50ba826c306c733beba217bb7b95bccde1353
runtime/src/iree/async/platform/io_uring/defs.h	blob	100644	0d03b7a482930cc52e365f11592eaa8a9d8cf840
runtime/src/iree/async/platform/io_uring/notification.c	blob	100644	aa0e9b063644b740b8755e8e1b42eeb1afcae472
runtime/src/iree/async/platform/io_uring/notification.h	blob	100644	bd60f1a9fd804b931d2d5323d61d8425531e6032
runtime/src/iree/async/platform/io_uring/proactor.c	blob	100644	7b887d0c78c0bdb5a5eb8525fb55c6fa2f2e1741
runtime/src/iree/async/platform/io_uring/proactor.h	blob	100644	b021d0ed60ac374d23f524bbdc7ea1acbd4a3a1d
runtime/src/iree/async/platform/io_uring/proactor_probe.c	blob	100644	0ade7206165494f2b4195d0fdeb68e25a0fad8ba
runtime/src/iree/async/platform/io_uring/proactor_registration.c	blob	100644	75f93a486204371522d2a370a88f4c8b5a27c592
runtime/src/iree/async/platform/io_uring/proactor_submit.c	blob	100644	136c8a58d4fdda939c8acd89bb8ada355234e8c9
runtime/src/iree/async/platform/io_uring/relay.c	blob	100644	9e7e4e3325f75c8a9a717019f61b208458af2aed
runtime/src/iree/async/platform/io_uring/relay.h	blob	100644	308b829e04163057a5689cd5acbe3ae4390cab65
runtime/src/iree/async/platform/io_uring/socket.c	blob	100644	42aea4b727eb80f7840e9f70d55f3868d8588bab
runtime/src/iree/async/platform/io_uring/socket.h	blob	100644	0ddcdb83897cfd71543aae786e545204e062440d
runtime/src/iree/async/platform/io_uring/sparse_table.c	blob	100644	a1640d000f754290650f6fa59ba2bd4bdaba00b0
runtime/src/iree/async/platform/io_uring/sparse_table.h	blob	100644	f2b4d3c0aa2b77a2f929b4c6017614ab09c95350
runtime/src/iree/async/platform/io_uring/sparse_table_test.cc	blob	100644	36d206cab0bbbf0e328a3e4e0066978e1153c251
runtime/src/iree/async/platform/io_uring/uring.c	blob	100644	e94d4e1ae2dfeb996538b8a39959b1df580115a7
runtime/src/iree/async/platform/io_uring/uring.h	blob	100644	363e364419630ee0eb60160f1c0bc49ddbac8263
runtime/src/iree/async/platform/io_uring/uring_test.cc	blob	100644	57c823e832058aef0a04d7a3666e0117178708ce
runtime/src/iree/async/platform/iocp/BUILD.bazel	blob	100644	8cd11649e8ab60623aefad914d51b813dce8f816
runtime/src/iree/async/platform/iocp/CMakeLists.txt	blob	100644	5c212456b2957e35656cafcccbabe6cad47fb5d3
runtime/src/iree/async/platform/iocp/api.h	blob	100644	7d5cc46f779695953f09f5866b6fcf39ba42a388
runtime/src/iree/async/platform/iocp/cts/BUILD.bazel	blob	100644	b32800726fbc491cfbe59e624a4801507350cde3
runtime/src/iree/async/platform/iocp/cts/CMakeLists.txt	blob	100644	860a92014f6e1ca074531e8afd5791906bbb94dc
runtime/src/iree/async/platform/iocp/cts/backends.cc	blob	100644	25c2dae0aecf011f3a8b3375320cd6fb36311d97
runtime/src/iree/async/platform/iocp/proactor.c	blob	100644	7f79850bf152d944a14011ab63112e80a35ca66d
runtime/src/iree/async/platform/iocp/proactor.h	blob	100644	01384571bcf1371fb0efdfc1bd18f19962c75b4c
runtime/src/iree/async/platform/iocp/proactor_submit.c	blob	100644	8262f5c0ed9c11b85382462641c8765cccf869df
runtime/src/iree/async/platform/iocp/socket.c	blob	100644	1dcb80d93c6a9a76506fe2cd7dee3279bfb53ab1
runtime/src/iree/async/platform/iocp/socket.h	blob	100644	d3d71384cf54458639215872322b8c3a150a6f35
runtime/src/iree/async/platform/iocp/timer_list.c	blob	100644	82263aa7b67cc1df598dd06987d8a806c76d62dc
runtime/src/iree/async/platform/iocp/timer_list.h	blob	100644	d22cbeba1d13c7f62453dacc60babf6a06150638
runtime/src/iree/async/platform/js/BUILD.bazel	blob	100644	47934bfc3232b490e87a88110f98afef086739b2
runtime/src/iree/async/platform/js/CMakeLists.txt	blob	100644	2b524d70de04e63cda1a1789118b25ac82450823
runtime/src/iree/async/platform/js/cts/BUILD.bazel	blob	100644	359dc074582d7d0d25acd8434b4e555583e5ec96
runtime/src/iree/async/platform/js/cts/CMakeLists.txt	blob	100644	5f9c63da653c61caec7e6f6ac51aadb24bb16cc8
runtime/src/iree/async/platform/js/cts/backends.cc	blob	100644	744b9e0774ee29321292b65d792f8e86feda13bb
runtime/src/iree/async/platform/js/imports.h	blob	100644	505b1e37dcfbcaa0cb6b1927089a14aee1ca4df6
runtime/src/iree/async/platform/js/proactor.c	blob	100644	ccbc8697d4b9d6c84818fd1323e1a8e3a3d3487a
runtime/src/iree/async/platform/js/proactor.h	blob	100644	0d02c6710ad632357fc95991d4850eb4d64da7e7
runtime/src/iree/async/platform/js/proactor_event_host.mjs	blob	100644	f250e2dec163f48a80c8682045ba682bc8d31ece
runtime/src/iree/async/platform/js/proactor_imports.mjs	blob	100644	60bde5e93cea8391231ac33431e9f62f8ce7cfd3
runtime/src/iree/async/platform/js/proactor_inline_main.mjs	blob	100644	35bd0a6023e7b41299c0d29a465994a421087ec5
runtime/src/iree/async/platform/js/proactor_ring.mjs	blob	100644	544ea6183610e01744af3da2b3e63c9ff3a61161
runtime/src/iree/async/platform/js/proactor_test.cc	blob	100644	16d34a035bbc450a3289bde4fc6cf56e0e440c2f
runtime/src/iree/async/platform/js/proactor_test_runner.mjs	blob	100644	9ba43705cebee03447b970458f333722ff09c188
runtime/src/iree/async/platform/js/proactor_test_runner.sh	blob	100755	6ece361e5e02b6a8c56bc0260c6cbeec26b006f3
runtime/src/iree/async/platform/js/proactor_worker_main.mjs	blob	100644	f4d55a29a6f5d53fe3fab0119aa69f59d5bdf66d
runtime/src/iree/async/platform/js/token_table.c	blob	100644	5540dd69e833d894f357b330221765817b3d8c86
runtime/src/iree/async/platform/js/token_table.h	blob	100644	5ba312f118732295fb53041733809df882a67a30
runtime/src/iree/async/platform/js/token_table_test.cc	blob	100644	d12887ffb46930175ce2a18a18f1256bcd705787
runtime/src/iree/async/platform/linux/BUILD.bazel	blob	100644	b8706941fd84670d8b46c4ae3ecb78152e550e91
runtime/src/iree/async/platform/linux/CMakeLists.txt	blob	100644	18a1f87da6eb0a8b3c43fbfc02e8874138c98732
runtime/src/iree/async/platform/linux/signal.c	blob	100644	aff6bac5c55243590b45b08a4e4f380d6d8f2cb4
runtime/src/iree/async/platform/linux/signal.h	blob	100644	e93bab8ac5a3122777877cd91e5473d5a2a8e9f1
runtime/src/iree/async/platform/posix/BUILD.bazel	blob	100644	a9f372e77498804fe3369b5d82af0db2406e4cf8
runtime/src/iree/async/platform/posix/CMakeLists.txt	blob	100644	4ce645b3d21d46cdfd771cd663c96866dc45e7e1
runtime/src/iree/async/platform/posix/api.h	blob	100644	2da47158bc8586b845ef4f2db0f04bf56de6cf8a
runtime/src/iree/async/platform/posix/compat.h	blob	100644	fe3160881c255a0587ef860417284e2cf9b23573
runtime/src/iree/async/platform/posix/cts/BUILD.bazel	blob	100644	65f6bb6c25fe2ad5c7a9d94a06e8e891be7f1ec1
runtime/src/iree/async/platform/posix/cts/CMakeLists.txt	blob	100644	80cb3b92966b57b0979aea43f78d79ab3e59548d
runtime/src/iree/async/platform/posix/cts/backends.cc	blob	100644	673bd1d37aaf2016b41adf7c4270af960a7b8b45
runtime/src/iree/async/platform/posix/event_set.h	blob	100644	359fa10cc7bcac372c6a48046c114ec90a423548
runtime/src/iree/async/platform/posix/event_set_epoll.c	blob	100644	0fecbab3e1f53da1395ec1f88efe6225853c906c
runtime/src/iree/async/platform/posix/event_set_kqueue.c	blob	100644	0c9ea5f4cd576aa082b5fb96052c7d27845f4b2d
runtime/src/iree/async/platform/posix/event_set_poll.c	blob	100644	8d25ba393d501eac34b229f5c70c3ac706c8130e
runtime/src/iree/async/platform/posix/fd_map.c	blob	100644	10e7dcaf92c6a2314fa85951ddf372cbdbacf313
runtime/src/iree/async/platform/posix/fd_map.h	blob	100644	41167b40f44c1894debbe10b72e2870c68226deb
runtime/src/iree/async/platform/posix/fence.c	blob	100644	240a7322a2a2e42b88f104834f76ebba1ba652ad
runtime/src/iree/async/platform/posix/fence.h	blob	100644	6345aae9a058dd0af83f71dde869b5e13467235f
runtime/src/iree/async/platform/posix/poll_set.c	blob	100644	e1186c15b5ff8f2224bfe4a7aba7b748d7769663
runtime/src/iree/async/platform/posix/poll_set.h	blob	100644	1807a4a6d56a762fd6949a2d846f0a96eb6fc275
runtime/src/iree/async/platform/posix/proactor.c	blob	100644	b3a8fc50924bbae95371dc649445cab000a28a0f
runtime/src/iree/async/platform/posix/proactor.h	blob	100644	50809092f4a8f3568442c058f88ce31d93c86df4
runtime/src/iree/async/platform/posix/relay.c	blob	100644	0454c6a3518f277c5141d96d9308226074b8aaca
runtime/src/iree/async/platform/posix/relay.h	blob	100644	5bd2fd985f38fb9ea39f595465d465c62cffef3b
runtime/src/iree/async/platform/posix/signal.c	blob	100644	46aa7f85d61a8de40ce4d4efae7e4fb0cfc5ec2a
runtime/src/iree/async/platform/posix/signal.h	blob	100644	c21fea209849198a3e94fcacdafd81b3aef7ed44
runtime/src/iree/async/platform/posix/socket.c	blob	100644	ef1022f1c0f186ce96694db0fcf5726fa37bcf3b
runtime/src/iree/async/platform/posix/socket.h	blob	100644	ce84e87a9ea1345d71c2b7fef4c6d8e8635de54a
runtime/src/iree/async/platform/posix/timer_list.c	blob	100644	935fa4866bcd07d9ee98bc61317a164da3f689e0
runtime/src/iree/async/platform/posix/timer_list.h	blob	100644	20018a1d659b88dc3e81d0df2bc30d39a5d1a485
runtime/src/iree/async/platform/posix/timer_list_test.cc	blob	100644	0b2938441fd93578adc77e581ed09b05bdddcb94
runtime/src/iree/async/platform/posix/wake.c	blob	100644	04ce7652b93a64485d8ff3580e08e7c6a769ea05
runtime/src/iree/async/platform/posix/wake.h	blob	100644	d25764a5ddb0b3ba61c3e9783eeae1032261a768
runtime/src/iree/async/platform/posix/worker.c	blob	100644	a3595347bf8cf15af85bc428a56d36a82beda1d3
runtime/src/iree/async/platform/posix/worker.h	blob	100644	3c546f43e2039a33b7d73bc65c9483b36c5e6b42
runtime/src/iree/async/primitive.c	blob	100644	b69601036712374aab561b27723e0b550a14e727
runtime/src/iree/async/primitive.h	blob	100644	d40a48debbf8ec064b027c327a84893073a87728
runtime/src/iree/async/primitive_test.cc	blob	100644	2ba61eb2b1fe1abe7af63f0367f861c44345be1e
runtime/src/iree/async/proactor.c	blob	100644	b48a1e88395d66ef95283f8eb8c1b56e4d277030
runtime/src/iree/async/proactor.h	blob	100644	86e87c1e8a748098ba0691c97f7c172c1f3e3298
runtime/src/iree/async/proactor_platform.c	blob	100644	70a49e9f6ebbeb3b2b28411be57f094ff72d1863
runtime/src/iree/async/proactor_platform.h	blob	100644	be67dcf7e3b06a676325c145fdc97bab8fe28d11
runtime/src/iree/async/region.c	blob	100644	abc5bff2a503d66488bc994495fa43db83d8f2f8
runtime/src/iree/async/region.h	blob	100644	834b4541cc68d016f392eb93f38c63d3765c4b90
runtime/src/iree/async/relay.h	blob	100644	5927bfc50e9e6284aaf1766c6d7654e9b6b31a77
runtime/src/iree/async/semaphore.c	blob	100644	801c58ae62222a04bdb2bab4445d27988b00a30b
runtime/src/iree/async/semaphore.h	blob	100644	4d2aa2a90c7462a0a112e6371d0bfb4a9f6ad43f
runtime/src/iree/async/semaphore_test.cc	blob	100644	597d4415708d8425ec7f24920b9df74df6c394b6
runtime/src/iree/async/slab.c	blob	100644	914ffe9ae0534ad9d9cf45bb69cca60054a71e8c
runtime/src/iree/async/slab.h	blob	100644	7abd85ff6338d7a4718aed59cc7d0bc360ebfd84
runtime/src/iree/async/socket.c	blob	100644	62ce739f2f3eab95161a96315c3dc864d7c43849
runtime/src/iree/async/socket.h	blob	100644	84b47a5506cfe9c7de3e924165385c6b566afa56
runtime/src/iree/async/span.h	blob	100644	065a4c53f2001b00bffc559a5602a5b4697d8229
runtime/src/iree/async/types.h	blob	100644	fc14740369bb006bb0cba8518158051d16896216
runtime/src/iree/async/util/BUILD.bazel	blob	100644	59d57da235c86451641b37b34372ea154336571c
runtime/src/iree/async/util/CMakeLists.txt	blob	100644	84f42db36553be5d2d859f6c056f4a7f674d7889
runtime/src/iree/async/util/completion_pool.c	blob	100644	853caa2ac4b6644a5fee50349844a84966c5e695
runtime/src/iree/async/util/completion_pool.h	blob	100644	9a86ca5a297cb20f43bf2dafdcdfe562c71bf899
runtime/src/iree/async/util/continuation.c	blob	100644	7d54e3a5702ace2df8d50205b3669a169ac865a0
runtime/src/iree/async/util/continuation.h	blob	100644	a7324e8c8cfcdf589ef3a849939b920d212be2e8
runtime/src/iree/async/util/continuation_test.cc	blob	100644	64b7efb83434e21da67b8dc0cf0855f4a2752623
runtime/src/iree/async/util/intrusive_list.h	blob	100644	255efd3054f4aa098fe1c0493a20703fe271926d
runtime/src/iree/async/util/message_pool.c	blob	100644	818010a553ab04eae05cd411c7636459d618fac8
runtime/src/iree/async/util/message_pool.h	blob	100644	2365f1afa1a592cffd345bc98a3f0dd6e5bd4744
runtime/src/iree/async/util/operation_pool.c	blob	100644	180badfdfe5775db3bc08b584676adac4f2f0083
runtime/src/iree/async/util/operation_pool.h	blob	100644	309c2cbc047e2317766c3684c0a4b2ebbf759a70
runtime/src/iree/async/util/operation_pool_test.cc	blob	100644	6f5e208a79204c95efde4772716458267b643e16
runtime/src/iree/async/util/proactor_pool.c	blob	100644	0e29c1135312dc1d94543220787baa1314fb3165
runtime/src/iree/async/util/proactor_pool.h	blob	100644	617c25d04df65bd11cc5ec58307260f38d6aaebb
runtime/src/iree/async/util/proactor_pool_test.cc	blob	100644	493f963faaec9cdc014bc1dbafcc61f3a5b098bd
runtime/src/iree/async/util/proactor_pool_types.h	blob	100644	f4286c813e35f0b98a6de34df7b1b428497b8e57
runtime/src/iree/async/util/proactor_thread.c	blob	100644	992904f2f1c30fa9734d81f793ec0a3e1f9f759d
runtime/src/iree/async/util/proactor_thread.h	blob	100644	0318494945180259ecbd4bd268d7a3ab6fc4e6d9
runtime/src/iree/async/util/proactor_thread_runner.c	blob	100644	536789ffbc48ab94223199e5201441eba3d64e8f
runtime/src/iree/async/util/proactor_thread_runner.h	blob	100644	427f02722c50bf14bb6e30df862d70f296ad16b6
runtime/src/iree/async/util/ready_pool.c	blob	100644	7593a48fe1037a8cc53d8567a364bd40f3dae8fe
runtime/src/iree/async/util/ready_pool.h	blob	100644	1ae5baa690e9001729106e1772ab5428235577ac
runtime/src/iree/async/util/sequence_emulation.c	blob	100644	60bd441e62e49b6d969a06750e43482ae7550b98
runtime/src/iree/async/util/sequence_emulation.h	blob	100644	f280ef6c1e8035e239ccad99604ac20b2f045680
runtime/src/iree/async/util/signal.c	blob	100644	89a0be209c4551d1d98f0427fc105e842182ecf5
runtime/src/iree/async/util/signal.h	blob	100644	ddedf4c9594d4cfc59d40ee08b970e6604f18d88
runtime/src/iree/async/util/test_base.h	blob	100644	8ee3ecc7545e89c8c9602288ea5307f1715bfa26
runtime/src/iree/base/BUILD.bazel	blob	100644	a6bde6e149d97cd5adb910463c392dbb56430e87
runtime/src/iree/base/CMakeLists.txt	blob	100644	65cc26fc7468528e29501b94db9f6ec6110f76a4
runtime/src/iree/base/alignment.h	blob	100644	49a8798604ae4b0d7db88e59cb7de2d6c72fa322
runtime/src/iree/base/allocator.c	blob	100644	1cecd0de8a32fa9885495ed4f957614b2c38f58d
runtime/src/iree/base/allocator.h	blob	100644	f0c29c1cc02a5fb4cbc4222e6f056dc69ab6d054
runtime/src/iree/base/allocator_benchmark.cc	blob	100644	1dd57814bdca472da768b3d31ab3935a55736d3a
runtime/src/iree/base/allocator_libc.c	blob	100644	8051e1d68f01d94c66b712ed510f456a9b4c16b6
runtime/src/iree/base/allocator_mimalloc.c	blob	100644	8c02bba2f98e715cf47165d7f0ea21577594065c
runtime/src/iree/base/allocator_test.cc	blob	100644	11719e796b9953a0610f2f8400b9f1acfcb58367
runtime/src/iree/base/api.h	blob	100644	397680620150ff11ee77f16e8cb27924f2836bed
runtime/src/iree/base/assert.h	blob	100644	e59fc07e1d27b80e8a69ff15197177635407fd10
runtime/src/iree/base/attributes.h	blob	100644	f4359503d091d19af23b8e34deca86ce1827115c
runtime/src/iree/base/bitfield.c	blob	100644	c3959407296bb2c5d9cf5de99db8261c9faaf757
runtime/src/iree/base/bitfield.h	blob	100644	6f7660f1e4653dc12d9c247b89d006ffd730e990
runtime/src/iree/base/bitfield_test.cc	blob	100644	2989ce2bb8dbfb6f52c5243b1329020487321562
runtime/src/iree/base/bitmap.c	blob	100644	4a7f5055146a12fb7e779a677ddc8b3da17bb138
runtime/src/iree/base/bitmap.h	blob	100644	e396e5b59e9808c2485f21873ab610279483c1d9
runtime/src/iree/base/bitmap_benchmark.cc	blob	100644	50d7b8d865e9bc695f55b31069afaac642b35bfd
runtime/src/iree/base/bitmap_test.cc	blob	100644	c125efdd16b8197a94f8e51fbe30fc514e04bd4f
runtime/src/iree/base/config.h	blob	100644	ab2006cb11596c7b0528d6d6370f7d305eb37817
runtime/src/iree/base/internal/BUILD.bazel	blob	100644	58828a33d9ef26278b2d33a76b18dcd38a7d5e00
runtime/src/iree/base/internal/CMakeLists.txt	blob	100644	17db3a4e3b52660ee674348d5c88c8092eee4501
runtime/src/iree/base/internal/arena.c	blob	100644	42dc8f562341cbf2bad11293ec176f4dede5f61a
runtime/src/iree/base/internal/arena.h	blob	100644	19c715b144157c964293d087d107bc5f04e76034
runtime/src/iree/base/internal/arena_test.cc	blob	100644	a21d505608a24a5e1a77e6bc662963631486a3f9
runtime/src/iree/base/internal/atomic_freelist.h	blob	100644	bcb7b3fbd0dd3acc400d6f19db22e29fdaf8b380
runtime/src/iree/base/internal/atomic_freelist_benchmark.cc	blob	100644	14b14777b72872edf05676bc27cb1a7f2157186a
runtime/src/iree/base/internal/atomic_freelist_test.cc	blob	100644	b8de4d85c3fa21563a89238216c77a291c01cfde
runtime/src/iree/base/internal/atomic_slist.c	blob	100644	35c09ffe47fb62db749fb52c5b700a8a9bdc4759
runtime/src/iree/base/internal/atomic_slist.h	blob	100644	b7c86894e765bfdc013763a2ad55163b13bac1d6
runtime/src/iree/base/internal/atomic_slist_benchmark.cc	blob	100644	dde86eef439463d3abddb459aae3c9f9d3493384
runtime/src/iree/base/internal/atomic_slist_test.cc	blob	100644	1648a8fabf56d744577e9dfb93bc751c5554704c
runtime/src/iree/base/internal/atomics.h	blob	100644	f428731506a5c2f32bfedf1de60d5a5f99918732
runtime/src/iree/base/internal/atomics_clang.h	blob	100644	afa7a3352017a67d94d1d44959dac3188b993175
runtime/src/iree/base/internal/atomics_disabled.h	blob	100644	0c4a97223607f5d7a9d001e950d2f633c0f6b697
runtime/src/iree/base/internal/atomics_gcc.h	blob	100644	4e13c854a84bd81c356f86d15bc23d65b9918fc5
runtime/src/iree/base/internal/atomics_msvc.h	blob	100644	303ab0c321bf2ecf4835082813b3da5004ac1d95
runtime/src/iree/base/internal/atomics_test.cc	blob	100644	d78890c674a78d592d9e42330dc7c45ba4dc1672
runtime/src/iree/base/internal/base64.c	blob	100644	f956b84b4c92a28a4ac727d256c8d02d9d0b6fa4
runtime/src/iree/base/internal/base64.h	blob	100644	c22d830a89025a10625cc452135b4cb318d282ab
runtime/src/iree/base/internal/base64_benchmark.cc	blob	100644	c9560b7e62f0a3aa49b6805481dd1d652073c911
runtime/src/iree/base/internal/base64_fuzz.cc	blob	100644	be33481de634e58658a374d7b249b3596f7870a1
runtime/src/iree/base/internal/base64_test.cc	blob	100644	1e493b0a0509ef640758aac7d1fbf6b4a2ec604f
runtime/src/iree/base/internal/cpu.c	blob	100644	3ba85de9af3534f1a56ae058d1f47c4866c8f74a
runtime/src/iree/base/internal/cpu.h	blob	100644	27452d0076d65ede603452ad8b9ff9202aecd2ce
runtime/src/iree/base/internal/csprng.c	blob	100644	da012fa867325765f41c7cceea9b5b05cbd7448d
runtime/src/iree/base/internal/csprng.h	blob	100644	99443061f8a8cdb6cff77de32a30d1767a7540a7
runtime/src/iree/base/internal/csprng.js	blob	100644	11cb90fa1818f064b7cf5044c879d7fc2b301800
runtime/src/iree/base/internal/csprng_test.cc	blob	100644	3e8309a019f16ce36cd391ada21d70f0d30bddf2
runtime/src/iree/base/internal/debugging.h	blob	100644	be8212a9be907c882ffd72430266980768628cfc
runtime/src/iree/base/internal/dynamic_library.h	blob	100644	cf10fc5256aaeba6ff5868689b18e55ad930710a
runtime/src/iree/base/internal/dynamic_library_posix.c	blob	100644	402ea128f35e46999395d32a72d272739d4d72ab
runtime/src/iree/base/internal/dynamic_library_win32.c	blob	100644	6808d070506347251011da3b592f8d7cbcd9c6a1
runtime/src/iree/base/internal/flatcc/BUILD.bazel	blob	100644	58349d7c3d8976419d37b86b58dc9704ef974d02
runtime/src/iree/base/internal/flatcc/CMakeLists.txt	blob	100644	e75bc89120546b8b220939d7b8eba17fd4e2a4f2
runtime/src/iree/base/internal/flatcc/building.h	blob	100644	14fa96573127e838c54bcb4efd2f08b540fa8b75
runtime/src/iree/base/internal/flatcc/debugging.h	blob	100644	fdbc7e50e9098131b396eb87a242c2b204874257
runtime/src/iree/base/internal/flatcc/dummy.fbs	blob	100644	626af1eb75c8efbe2d8b0965306184a137b9d019
runtime/src/iree/base/internal/flatcc/parsing.h	blob	100644	6d39735291ead6b956bc72f3ba0466695f2b269e
runtime/src/iree/base/internal/fpu_state.c	blob	100644	049c968ad207c95ac6ba45eaf1525c53bfcd435c
runtime/src/iree/base/internal/fpu_state.h	blob	100644	eabb555ba1979de5d31827c3187d7691a5ecfde4
runtime/src/iree/base/internal/fpu_state_benchmark.cc	blob	100644	954d888fbcc8f458da4de476af89daa565afafe7
runtime/src/iree/base/internal/fpu_state_test.cc	blob	100644	74bc0eb306faa05ce456374f0fb83470227b401f
runtime/src/iree/base/internal/inline_array.h	blob	100644	ccbaf14df3cb4954f29441c90ee2ba2953a2c419
runtime/src/iree/base/internal/json.c	blob	100644	72669bb1b31f0ff50b3962623766798ab80fb5e1
runtime/src/iree/base/internal/json.h	blob	100644	7b00081f9e372cf7a18599dcf89effcde8b848aa
runtime/src/iree/base/internal/json_test.cc	blob	100644	10b91f21ee9f6d01a3a9e9267b59d92257ac2321
runtime/src/iree/base/internal/math.h	blob	100644	7afffedd0d28b8698de41ae246e8289418358e4f
runtime/src/iree/base/internal/math_test.cc	blob	100644	34118dd27e6a38275c1ad92f43da579fdcb44c15
runtime/src/iree/base/internal/memory.c	blob	100644	a7d4f5e408e52abb6aabbf2f059b8ef2efba3402
runtime/src/iree/base/internal/memory.h	blob	100644	d09aa6567ad078a4ea621aa729b06e6912a3b63c
runtime/src/iree/base/internal/memory_test.cc	blob	100644	e491f6804943fed0564d7eb0dfb04e4b90531fb0
runtime/src/iree/base/internal/mpsc_queue.c	blob	100644	4eed985611dd72bb37d20e091875baef805d8d40
runtime/src/iree/base/internal/mpsc_queue.h	blob	100644	ef2d5187e359631dd9ba8aa0f14ceff6212a636a
runtime/src/iree/base/internal/mpsc_queue_test.cc	blob	100644	51c1ceb4b73f784aa13149df2a7170245a2575d8
runtime/src/iree/base/internal/path.c	blob	100644	02627f7845092368cf6dca45d921544f514c0c43
runtime/src/iree/base/internal/path.h	blob	100644	61066a1d25e9e02b0363d95359a56584ae66fd2d
runtime/src/iree/base/internal/path_test.cc	blob	100644	a0c1d47d1a966f22593274029dd4c44ce3a06006
runtime/src/iree/base/internal/prng.h	blob	100644	4a2bd1c885a79e3f464eac9fa3dc16abb14acc23
runtime/src/iree/base/internal/prng_test.cc	blob	100644	95adb12f007ed8211b3a3c9e110db6af1dc3be8b
runtime/src/iree/base/internal/shm.h	blob	100644	2d7f2a81131f74d9bd7c57e19b91bd546b100e52
runtime/src/iree/base/internal/shm_posix.c	blob	100644	16529182199db2b1765d2839ffe3e0f24889f726
runtime/src/iree/base/internal/shm_test.cc	blob	100644	c35419f09cd8e4fd6466aa44fe61797e54152ba8
runtime/src/iree/base/internal/shm_win32.c	blob	100644	258f88b3ab9423f247252d5cddc9d2681e08ab42
runtime/src/iree/base/internal/span.h	blob	100644	82fd91cf5551a449a3836d3375f580ff7ff5ff22
runtime/src/iree/base/internal/spsc_queue.c	blob	100644	e75f8cdbd210623586cee8fad6772dd0e4973fbe
runtime/src/iree/base/internal/spsc_queue.h	blob	100644	3222f6f407c57616a9381e37a6345a15ff4747b7
runtime/src/iree/base/internal/spsc_queue_benchmark.cc	blob	100644	9126e8769faa82e9c258efc2c49232965ac3e359
runtime/src/iree/base/internal/spsc_queue_test.cc	blob	100644	13ab53346a84269c00994f7eafacb6a872ee522c
runtime/src/iree/base/internal/sysfs.c	blob	100644	3ea8d9b64f14841f1deb86b24b24fd23c74eeacb
runtime/src/iree/base/internal/sysfs.h	blob	100644	2f2d6482e9220ca462f29989fefa8b18b329727d
runtime/src/iree/base/internal/sysfs_test.cc	blob	100644	e1147f6868f108e61ec985d922032be21345c459
runtime/src/iree/base/internal/time.c	blob	100644	9a5f5d2c4699af8b4d1aa79d74507c2b94d3f992
runtime/src/iree/base/internal/time.h	blob	100644	3a3e4b2368dd05c1f886f79a2fb0e171bb29bf37
runtime/src/iree/base/internal/unicode.c	blob	100644	f3d12e723f652f4750eec1a4015f77219f653407
runtime/src/iree/base/internal/unicode.h	blob	100644	810dd8f093de56350b0051d01a30738b083f7385
runtime/src/iree/base/internal/unicode_fuzz.cc	blob	100644	29328732aa35a2e83488e2f7b4f5260f8fdef042
runtime/src/iree/base/internal/unicode_tables.c	blob	100644	b4ed502726dfdfd759bb4ae59719b4a9d5f2d41a
runtime/src/iree/base/internal/unicode_test.cc	blob	100644	935565ea48fc8c2f42a16989d7e0135eb6491259
runtime/src/iree/base/printf.c	blob	100644	b22e6bb247cc140b85db970a06b7349fb9bd54fe
runtime/src/iree/base/printf.h	blob	100644	84f10a2216ef2e094892e2e997d6a34ec91f079c
runtime/src/iree/base/printf_fuzz.cc	blob	100644	475f38ad6bfd45988af30441359c96575e34cacf
runtime/src/iree/base/printf_test.cc	blob	100644	f84417c6fa811d4446c30ebd67609696ef27b894
runtime/src/iree/base/status.c	blob	100644	7547df445e148ba51c2e323752f08fc8ed4ad519
runtime/src/iree/base/status.h	blob	100644	fe6b30b13a1070b2f9cb1ac9cb65ca931b421b38
runtime/src/iree/base/status_cc.h	blob	100644	45cb306545959c1ec1bd020026cda133c16e1be5
runtime/src/iree/base/status_payload.h	blob	100644	9d2f3cff5c6e543110d1684a6205ba9067682db2
runtime/src/iree/base/status_stack_trace.c	blob	100644	a7bf016ab70366ed814db648b3df055c863301c0
runtime/src/iree/base/status_test.cc	blob	100644	a8c9349f3e7058110f04b9fec56db4f841d3a5ec
runtime/src/iree/base/string_builder.c	blob	100644	46e5245c1bf79a9791038f696ac8010b8af10daa
runtime/src/iree/base/string_builder.h	blob	100644	ec8034e9c9d655cfcc6e2b49ce9228b1050b3cfc
runtime/src/iree/base/string_builder_test.cc	blob	100644	8e30ba66b357b1eebe4ae4b3179ba7fc7d0cb4fd
runtime/src/iree/base/string_view.c	blob	100644	b9f5950809ebab045a12013a2cac257d0e890670
runtime/src/iree/base/string_view.h	blob	100644	d01928d7403fd7ce8047d3a7e5ce084c82393d86
runtime/src/iree/base/string_view_fuzz.cc	blob	100644	43841b633d278fe95b2fe4f322e1342662331daa
runtime/src/iree/base/string_view_test.cc	blob	100644	c4f40b7f4bafb2fd95df724092241b2037dbfa09
runtime/src/iree/base/target_platform.h	blob	100644	834a6dd95a5999730259e2819d58afb0763d974c
runtime/src/iree/base/testing/BUILD.bazel	blob	100644	fdd033b38e63fa7ee2e1c73851c00ecfc1edc445
runtime/src/iree/base/testing/CMakeLists.txt	blob	100644	4b1480fbdb03b9033518c76561bd0ba574b41676
runtime/src/iree/base/testing/dynamic_library_test.cc	blob	100644	0a598869850cbfca3acee9e639b23463c133420e
runtime/src/iree/base/testing/dynamic_library_test_library.cc	blob	100644	d356eebbb6df997c1a2f9637864c4c165b7e6e76
runtime/src/iree/base/threading/BUILD.bazel	blob	100644	96f23d448f7b5524034d544bbe00bfc55b8af900
runtime/src/iree/base/threading/CMakeLists.txt	blob	100644	c74d2338677366317395bbc62be42f6c7556752f
runtime/src/iree/base/threading/affinity.c	blob	100644	b05d8fd9e07a65d5256a7f67ea8a050243dbc3cb
runtime/src/iree/base/threading/affinity.h	blob	100644	f70cc894e8b4f750ed4526722f56d9fd9756594b
runtime/src/iree/base/threading/api.h	blob	100644	14086e374d0788f2ca40cdae0799afa7f8c2ea04
runtime/src/iree/base/threading/call_once.h	blob	100644	c349e9a011a179471344a32617536d4887ecd296
runtime/src/iree/base/threading/call_once_test.cc	blob	100644	8df9a847db051274ad9a6b395a7fc307cfa67cfe
runtime/src/iree/base/threading/futex.h	blob	100644	79dba94881d8e05b13e5e1a4098978a3c6942993
runtime/src/iree/base/threading/futex_test.cc	blob	100644	9336a168810f3ba486d3405edf62cbbb94ce3a9d
runtime/src/iree/base/threading/mutex.c	blob	100644	df7fad572b64cebda280611b9fde44037167c385
runtime/src/iree/base/threading/mutex.h	blob	100644	41a8bbfd1059a8b8f15674966f633fdc8ed81bf0
runtime/src/iree/base/threading/mutex_benchmark.cc	blob	100644	e8e81395c78da7653a9f0a91586790909d110d30
runtime/src/iree/base/threading/mutex_test.cc	blob	100644	7410b305d23f391639a78fccd3562ab77d41ba27
runtime/src/iree/base/threading/notification.c	blob	100644	ae7636dabb41e91071a51752f4aede6b62bf55aa
runtime/src/iree/base/threading/notification.h	blob	100644	dccabb53ca256e46a791ee738d6825eb15f5b145
runtime/src/iree/base/threading/notification_benchmark.cc	blob	100644	2a56de0f37accb765fe734fc4458aaa4d502a114
runtime/src/iree/base/threading/notification_test.cc	blob	100644	fde6ecfefcae55c976eb414b6a9a34230b88474a
runtime/src/iree/base/threading/numa.h	blob	100644	420322dc1263a5a51865b32b22dfa95b20a3166a
runtime/src/iree/base/threading/numa_fallback.c	blob	100644	0a9358bb5ab697b2704a92835bfd5f45bb7a7721
runtime/src/iree/base/threading/numa_impl.h	blob	100644	a1c8e5226fb99ac60878a3bf9403f982ad9900ba
runtime/src/iree/base/threading/numa_linux.c	blob	100644	40c766c396d07a06808a2b94b46cfc588b660426
runtime/src/iree/base/threading/numa_test.cc	blob	100644	b044ae6381403c325a77004fdbf6bcb8d846b86b
runtime/src/iree/base/threading/numa_win32.c	blob	100644	75bae8dbd385540baac0555ba6c87bcb660b80ef
runtime/src/iree/base/threading/processor.h	blob	100644	5b5c320fde75be624cc4d7ac703ad0245d4baeb2
runtime/src/iree/base/threading/thread.c	blob	100644	82964c121dc140a75c594f9c2de35cb789c59289
runtime/src/iree/base/threading/thread.h	blob	100644	ffcc50d89a493996f51258afca1489ea071af28b
runtime/src/iree/base/threading/thread_benchmark.cc	blob	100644	afb1eb073573f84060e666f3da56b7d78335b8d1
runtime/src/iree/base/threading/thread_darwin.c	blob	100644	8c24787e1f7c063b4f8d58e896978371be53759c
runtime/src/iree/base/threading/thread_impl.h	blob	100644	128a64397735f4aa3bd2ed7f76156336122f5e51
runtime/src/iree/base/threading/thread_pthreads.c	blob	100644	4d6bcbc45e846bd35f1c1a35a7561807b37aedd7
runtime/src/iree/base/threading/thread_test.cc	blob	100644	a570060f685bf1279ee6d0102b5c294e6e025f94
runtime/src/iree/base/threading/thread_win32.c	blob	100644	f593056be648a95832b7b0409bafb83d60b41e84
runtime/src/iree/base/threading/wait_address.c	blob	100644	e50ee839b3b51799804344d8cb7ed882bc3e5020
runtime/src/iree/base/threading/wait_address.h	blob	100644	377d324b8f6d3ce94b8d87cbfc7ea3e6c4f773ea
runtime/src/iree/base/threading/wait_address_test.cc	blob	100644	63956d24afe9f5416fbcd2a2ac0c3a630c80f75f
runtime/src/iree/base/time.c	blob	100644	195c1400b4108810fd4dbaadf3d73a7900ce40d8
runtime/src/iree/base/time.h	blob	100644	f5af4fcc93d2dedf454d959b47f4fb9b96f9e8b9
runtime/src/iree/base/tooling/BUILD.bazel	blob	100644	3777fc3a6378ae905218c84574cd66329b292042
runtime/src/iree/base/tooling/CMakeLists.txt	blob	100644	04d47a0afe82153f708a01c69a4159692d56ee2e
runtime/src/iree/base/tooling/flags.c	blob	100644	bbfd671d2ca77252e1319f089493d86c1d4e9d68
runtime/src/iree/base/tooling/flags.h	blob	100644	2d3e41f1126335995a20a7c2fb87a7c0d92398cb
runtime/src/iree/base/tooling/flags_demo.c	blob	100644	9fad571fd5d70682a67c0032ff251ddd6497ad19
runtime/src/iree/base/tooling/flags_test.txt	blob	100644	82113b29eb935de3ccb23b72a595b3d470de2bf4
runtime/src/iree/base/tracing.h	blob	100644	8ca516bfa7dc8935cebe836050fc55e09d138c78
runtime/src/iree/base/tracing/BUILD.bazel	blob	100644	7d3ee191d0946e26d3f94e4a97919777c4824310
runtime/src/iree/base/tracing/CMakeLists.txt	blob	100644	d4131f7af24375e89673872a10fa5b7de7bcfcbe
runtime/src/iree/base/tracing/console.c	blob	100644	7cea5c7125924e9408a84d4b388ce132f64a0439
runtime/src/iree/base/tracing/console.h	blob	100644	895247d8c2479051248f1944f4f2dab521583a8d
runtime/src/iree/base/tracing/tracy.cc	blob	100644	8535661fa164abac68c8a5a4db93e4ed0f1e0442
runtime/src/iree/base/tracing/tracy.h	blob	100644	2635cc9e7e408368622bcb420fa2c0226ea60973
runtime/src/iree/base/wait_source.c	blob	100644	1703aa27c2e52bcd97c84fc671d1ce8642104c2e
runtime/src/iree/base/wait_source.h	blob	100644	c4bb21a883607d54aa0e3bf63e08237c3296b3e2
runtime/src/iree/builtins/BUILD.bazel	blob	100644	f27d209ddf951681d534f8871a64ce56c0c6d521
runtime/src/iree/builtins/CMakeLists.txt	blob	100644	7cab1411b863838f8faef0c9363e5b01fc14eafe
runtime/src/iree/builtins/device/BUILD.bazel	blob	100644	ff3c933e5e3223d9de1ca426fa2f9a962de750c2
runtime/src/iree/builtins/device/CMakeLists.txt	blob	100644	3e79c8ff8aa8cbd6025b3706a920aec81240f25b
runtime/src/iree/builtins/device/README.md	blob	100644	ff81870c14c267fd093cf9aa8c8c8201974dfdf7
runtime/src/iree/builtins/device/arch/arm_64/sme_abi.c	blob	100644	3acc8ab47d9d48f79e5a7d9e9c9dd583d9fd166a
runtime/src/iree/builtins/device/device.h	blob	100644	43781018e74a276005b431fdc36226e8d922c494
runtime/src/iree/builtins/device/device_generic.c	blob	100644	73ee4212a12ab3a2a26a9606e6eeffa1826ec5b3
runtime/src/iree/builtins/device/tools/BUILD.bazel	blob	100644	a76d5a01dbb71b550652467daaad7f15239a9c38
runtime/src/iree/builtins/device/tools/CMakeLists.txt	blob	100644	bfb68bd43f09113b21c1857d6e3ee357e9278a86
runtime/src/iree/builtins/device/tools/libdevice_benchmark.c	blob	100644	43de1ff3592d59674731f76ba52583c605e6b7c6
runtime/src/iree/builtins/device/tools/libdevice_test.cc	blob	100644	9f4984dc842a5c815ede0e276b5d0e815d2186df
runtime/src/iree/builtins/musl/BUILD.bazel	blob	100644	f27d209ddf951681d534f8871a64ce56c0c6d521
runtime/src/iree/builtins/musl/CMakeLists.txt	blob	100644	74c2467012ff57e20a8352e6d7e13403c9c8f06f
runtime/src/iree/builtins/musl/Makefile_wasm32.iree	blob	100644	869ed875d7a14b79d7df844edd7f391b605a3e22
runtime/src/iree/builtins/musl/Makefile_wasm64.iree	blob	100644	486d9ded19140c44adbe24c16dd7b6308a73a645
runtime/src/iree/builtins/musl/bin/BUILD.bazel	blob	100644	90da83a345142ccaec001987a157d71f7b75cc0b
runtime/src/iree/builtins/musl/bin/CMakeLists.txt	blob	100644	b92c8aa037b612260015339682adb331ea561a29
runtime/src/iree/builtins/musl/bin/build.sh	blob	100755	23782aa65901af4648b4ecc344de671fa3a3821e
runtime/src/iree/builtins/musl/bin/libmusl_wasm32_generic.bc	blob	100644	8c81f49b073b32cffcd4d32372bb78c2360cdd33
runtime/src/iree/builtins/musl/bin/libmusl_wasm64_generic.bc	blob	100644	0767285c835bcbfc49f3b034796e87099d293481
runtime/src/iree/builtins/ukernel/BUILD.bazel	blob	100644	2a9efb474f64adf590160538fd4e58bb2655ed7f
runtime/src/iree/builtins/ukernel/CMakeLists.txt	blob	100644	ba8429a828973c52c9c7ada6eda29c3594627150
runtime/src/iree/builtins/ukernel/README.md	blob	100644	a2ff53f2fbcec17997a9e2630ec6502e5245243a
runtime/src/iree/builtins/ukernel/api.h	blob	100644	b557d007e1ce0d603cd8c091eb9200ae70452086
runtime/src/iree/builtins/ukernel/arch/BUILD.bazel	blob	100644	a222685a269d1b4dc57ad5addcb73bdd3cce2e49
runtime/src/iree/builtins/ukernel/arch/CMakeLists.txt	blob	100644	273fd25e6774a3c080f8c729c27b36c335bd5ccb
runtime/src/iree/builtins/ukernel/arch/arm_64/BUILD.bazel	blob	100644	2492d0d4d8a3958742d1925c6e818189380a90b8
runtime/src/iree/builtins/ukernel/arch/arm_64/CMakeLists.txt	blob	100644	72d2f1c5b778a3606649d22beb4f322fb0a4c87e
runtime/src/iree/builtins/ukernel/arch/arm_64/common_arm_64.h	blob	100644	3802de2a911065764261a5cafc7777b9c0ef7a53
runtime/src/iree/builtins/ukernel/arch/arm_64/config_arm_64.h.in	blob	100644	5f9a75d2101a46fc3afa3285f2c983166221184d
runtime/src/iree/builtins/ukernel/arch/arm_64/conv_nchwc_arm_64_entry_point.c	blob	100644	dc9ef7d14fd478450ae9cb32824bdf6af3f1451b
runtime/src/iree/builtins/ukernel/arch/arm_64/mmt4d_arm_64_base.c	blob	100644	19d5ecf6d830a468332aded4ba5ebca580abca34
runtime/src/iree/builtins/ukernel/arch/arm_64/mmt4d_arm_64_bf16.c	blob	100644	91d87b3ca039718c5d049e55cc3d0db4b14dc463
runtime/src/iree/builtins/ukernel/arch/arm_64/mmt4d_arm_64_dotprod.c	blob	100644	165ec356b16cb3962742c269fe1fa4c729c0e3f2
runtime/src/iree/builtins/ukernel/arch/arm_64/mmt4d_arm_64_entry_point.c	blob	100644	60a38bfe242f79ded887303a627dcf35805cbdc7
runtime/src/iree/builtins/ukernel/arch/arm_64/mmt4d_arm_64_fp16fml.c	blob	100644	7fa6c5e35ad40f0f739c2da03565ffd69de1299e
runtime/src/iree/builtins/ukernel/arch/arm_64/mmt4d_arm_64_fullfp16.c	blob	100644	cface65bd6b2a74bf3e5fb8901c10dc29cbb8154
runtime/src/iree/builtins/ukernel/arch/arm_64/mmt4d_arm_64_i8mm.c	blob	100644	8582e07315e2912eb9f6218aa5b79056315fef5a
runtime/src/iree/builtins/ukernel/arch/arm_64/mmt4d_arm_64_internal.h	blob	100644	46de3b169e1da219095745d2dbaeb28f67427d64
runtime/src/iree/builtins/ukernel/arch/arm_64/mmt4d_arm_64_tiles.inl	blob	100644	ad45057ca6262193aae5affea7741d12f182dac6
runtime/src/iree/builtins/ukernel/arch/arm_64/pack_arm_64_base.c	blob	100644	38e129d9899c34900094e378be569fd49f012a6c
runtime/src/iree/builtins/ukernel/arch/arm_64/pack_arm_64_entry_point.c	blob	100644	b68cddc7983e45ea333cf55cce4f947b98fd5f82
runtime/src/iree/builtins/ukernel/arch/arm_64/pack_arm_64_internal.h	blob	100644	87d94706d533af8c7f3503dde51f10d89b63ff73
runtime/src/iree/builtins/ukernel/arch/arm_64/query_tile_sizes_arm_64_entry_point.c	blob	100644	d6a5a294f65fc19de99d1d9800982ddf820d6aaa
runtime/src/iree/builtins/ukernel/arch/arm_64/unpack_arm_64_base.c	blob	100644	797e516d92f9eaa6f2a48b407130e1d534e40fdb
runtime/src/iree/builtins/ukernel/arch/arm_64/unpack_arm_64_entry_point.c	blob	100644	a4f4c20397fe1b31e32f8e5df050d7d2947590f8
runtime/src/iree/builtins/ukernel/arch/arm_64/unpack_arm_64_internal.h	blob	100644	d6e613d5c7e2e66cf0827ec4867871ddc9951664
runtime/src/iree/builtins/ukernel/arch/riscv_64/BUILD.bazel	blob	100644	79fee62ce57b01799e70a33c97c23a0881a6642d
runtime/src/iree/builtins/ukernel/arch/riscv_64/CMakeLists.txt	blob	100644	5d5f66f8c3482b0dd65a7159dc90479cd0fec331
runtime/src/iree/builtins/ukernel/arch/riscv_64/common_riscv_64.h	blob	100644	e864e59bcf33932b3ac70540e0a5b3b72ebd0894
runtime/src/iree/builtins/ukernel/arch/riscv_64/config_riscv_64.h.in	blob	100644	a1dbaab5d876ff15e78a7f6b11c97d6958fd23bd
runtime/src/iree/builtins/ukernel/arch/riscv_64/conv_nchwc_riscv_64_entry_point.c	blob	100644	6860e6e1425e9086c3a61fab8f5884b75b906bfe
runtime/src/iree/builtins/ukernel/arch/riscv_64/mmt4d_riscv_64_entry_point.c	blob	100644	4f9026d2d5c257b3e0aeaf26dc48f343902dae59
runtime/src/iree/builtins/ukernel/arch/riscv_64/mmt4d_riscv_64_internal.h	blob	100644	9d32f00881a0e9b8b2299f28e1c79e59509ebf28
runtime/src/iree/builtins/ukernel/arch/riscv_64/mmt4d_riscv_64_tiles.inl	blob	100644	96db8854f7299322f19d70c4f47854b2330fd4c7
runtime/src/iree/builtins/ukernel/arch/riscv_64/mmt4d_riscv_64_v.c	blob	100644	2517080da24a4803fb824beca75eb4ea49a57d11
runtime/src/iree/builtins/ukernel/arch/riscv_64/mmt4d_riscv_64_v_i8.c	blob	100644	73a8d586ac495ae05ae49a3a01067e6f58d28340
runtime/src/iree/builtins/ukernel/arch/riscv_64/mmt4d_riscv_64_xsmtvdot.c	blob	100644	f780fe77283f912d0781a35fe78b3023ca3ff9a3
runtime/src/iree/builtins/ukernel/arch/riscv_64/mmt4d_riscv_64_zvfbfwma.c	blob	100644	7a7a3e93c8592734ffd2aa7a8e1dac3ac51d02cd
runtime/src/iree/builtins/ukernel/arch/riscv_64/mmt4d_riscv_64_zvfh.c	blob	100644	df0556d675457a46668c61ea119639c830196c04
runtime/src/iree/builtins/ukernel/arch/riscv_64/mmt4d_riscv_64_zvfhmin.c	blob	100644	2c2ad90e68f86a993a36cc501e5c0940c60e090a
runtime/src/iree/builtins/ukernel/arch/riscv_64/pack_riscv_64_entry_point.c	blob	100644	c970fc8fdf0f4e4a4641314b25fa1cde6ed183c9
runtime/src/iree/builtins/ukernel/arch/riscv_64/pack_riscv_64_internal.h	blob	100644	df06f96f6f94aa0e08b43869f4439dbb38323936
runtime/src/iree/builtins/ukernel/arch/riscv_64/query_tile_sizes_riscv_64_entry_point.c	blob	100644	f8e8133ebfed6f4bfa937f9c242966de7f95ba7d
runtime/src/iree/builtins/ukernel/arch/riscv_64/unpack_riscv_64_entry_point.c	blob	100644	153d7a44c98d4c6227d932ac1df4eb82226c6967
runtime/src/iree/builtins/ukernel/arch/riscv_64/unpack_riscv_64_internal.h	blob	100644	eea03a8a9c8d8191e4a20f8d8de0c4111b16f51d
runtime/src/iree/builtins/ukernel/arch/x86_64/BUILD.bazel	blob	100644	28f8a6fa2f313b521aa88486f2ab5584981d4330
runtime/src/iree/builtins/ukernel/arch/x86_64/CMakeLists.txt	blob	100644	ec840214a21895456e2ea4870c4317a896447f1b
runtime/src/iree/builtins/ukernel/arch/x86_64/common_x86_64.h	blob	100644	f5a45e822b59b1373d6ef6bdf1d3e727cf6dbf12
runtime/src/iree/builtins/ukernel/arch/x86_64/config_x86_64.h.in	blob	100644	776fe95ee6a8eee7aff53a170b6b0a058b464bee
runtime/src/iree/builtins/ukernel/arch/x86_64/conv_nchwc_x86_64_avx512_base.c	blob	100644	7b5f61ee5c13e0805a35cff3a5249e083f0b30ba
runtime/src/iree/builtins/ukernel/arch/x86_64/conv_nchwc_x86_64_entry_point.c	blob	100644	925a8352c553e1d2af1e502ab6f94cb762293e4f
runtime/src/iree/builtins/ukernel/arch/x86_64/conv_nchwc_x86_64_internal.h	blob	100644	c1a29e576983ea94e6d3f62c9fe3186fca5d3163
runtime/src/iree/builtins/ukernel/arch/x86_64/conv_nchwc_x86_64_tiles.inl	blob	100644	e0a47b24b2f854df22623e8d5743725a0dc4a1b0
runtime/src/iree/builtins/ukernel/arch/x86_64/mmt4d_x86_64_avx2_fma.c	blob	100644	ebbaf9d9fc10d10d6bfca0eaab6f16910ad0c3cd
runtime/src/iree/builtins/ukernel/arch/x86_64/mmt4d_x86_64_avx512_base.c	blob	100644	a89bcb41202da3d3950f043d42ebca4e4e03a78b
runtime/src/iree/builtins/ukernel/arch/x86_64/mmt4d_x86_64_avx512_bf16.c	blob	100644	55f30291ca2edbbcf0efc03864138a7d7925277f
runtime/src/iree/builtins/ukernel/arch/x86_64/mmt4d_x86_64_avx512_vnni.c	blob	100644	67a35c823a32f79f798df85e23db44219041d70b
runtime/src/iree/builtins/ukernel/arch/x86_64/mmt4d_x86_64_entry_point.c	blob	100644	5b3c9e0d925e1c37bb4388a9ded0b3e1c8dd450d
runtime/src/iree/builtins/ukernel/arch/x86_64/mmt4d_x86_64_internal.h	blob	100644	d5dc1a5ee1ffcd2813074a2d8a908a56a94c9c36
runtime/src/iree/builtins/ukernel/arch/x86_64/mmt4d_x86_64_tiles.inl	blob	100644	182d5ef106a6fdcd73e5e67b2a859d184364aea5
runtime/src/iree/builtins/ukernel/arch/x86_64/pack_x86_64_avx2_fma.c	blob	100644	2e2070f79cd72edc9442ba287efbf605151a9a19
runtime/src/iree/builtins/ukernel/arch/x86_64/pack_x86_64_avx512_base.c	blob	100644	2e7987c2295254d69d3fabacd31b91aa50c26f13
runtime/src/iree/builtins/ukernel/arch/x86_64/pack_x86_64_entry_point.c	blob	100644	1a72a0afc5fbdaaf42fce750947fd1f15d8cd2f3
runtime/src/iree/builtins/ukernel/arch/x86_64/pack_x86_64_internal.h	blob	100644	c5f5b8c848d6e8ab2ebaef8b6ffda0ef390fc98e
runtime/src/iree/builtins/ukernel/arch/x86_64/query_tile_sizes_x86_64_entry_point.c	blob	100644	8ce5c195f8f3dc6da6f460e286268a9f42a7c58e
runtime/src/iree/builtins/ukernel/arch/x86_64/unpack_x86_64_avx2_fma.c	blob	100644	437f6b4b56739cc582d6e6a3e55cbb7e08ffc60f
runtime/src/iree/builtins/ukernel/arch/x86_64/unpack_x86_64_avx512_base.c	blob	100644	a1c2355dca4a58afaf7d6f473c9e069d182107fa
runtime/src/iree/builtins/ukernel/arch/x86_64/unpack_x86_64_entry_point.c	blob	100644	713b4b5ce5abf7a490eff2da1532426a443ac2db
runtime/src/iree/builtins/ukernel/arch/x86_64/unpack_x86_64_internal.h	blob	100644	6545bb261a60bb8e40b9a693d41c9e9cfa45895d
runtime/src/iree/builtins/ukernel/common.h	blob	100644	715904948c0056f2645ce1cda76f6d77fed69e66
runtime/src/iree/builtins/ukernel/conv_nchwc.c	blob	100644	68d101d798d06459b503f7db8b4efe6d17ca4a97
runtime/src/iree/builtins/ukernel/conv_nchwc.h	blob	100644	b4d8ff2afabc9faa90d2f7994adfc47693986f18
runtime/src/iree/builtins/ukernel/conv_nchwc_internal.h	blob	100644	f12d3d428f414220ed829ec6148f9b931c1e3471
runtime/src/iree/builtins/ukernel/conv_nchwc_tile_generic.c	blob	100644	b6bf75863370d75ff21e36c47074842af161143a
runtime/src/iree/builtins/ukernel/exported_bits.h	blob	100644	571ceefac1c7388778b25db5afb22653b19cbaf2
runtime/src/iree/builtins/ukernel/fallback.c	blob	100644	779e7da169f2bc03b7c1b366014435f1a35edf7e
runtime/src/iree/builtins/ukernel/mmt4d.c	blob	100644	5d468e5fce4a0cf2d10c4737dedd4fba06773d5f
runtime/src/iree/builtins/ukernel/mmt4d.h	blob	100644	afbf43d3807e8c608c8d1c538fae95005a876d2d
runtime/src/iree/builtins/ukernel/mmt4d_internal.h	blob	100644	f76d1c0de672ed1971422750200fa96b9a436224
runtime/src/iree/builtins/ukernel/mmt4d_tile_generic.c	blob	100644	8edab6a8cdba77996753fd57b157974b524d449c
runtime/src/iree/builtins/ukernel/pack.c	blob	100644	82ff0ee263360d3d8295c0b9131de6c2c5e2d1ee
runtime/src/iree/builtins/ukernel/pack.h	blob	100644	ac98c0ec15ed1a8b07c1600a295495922a765ac8
runtime/src/iree/builtins/ukernel/pack_internal.h	blob	100644	9b0cca82b3aa4ab85138f62d088990308b04db0f
runtime/src/iree/builtins/ukernel/pack_tile.c	blob	100644	fe879391b66079cb8bfb505328112688f7c804a7
runtime/src/iree/builtins/ukernel/query_tile_sizes.c	blob	100644	628f832a7ba701f654bafb58962a443670a14c9d
runtime/src/iree/builtins/ukernel/query_tile_sizes.h	blob	100644	903c816cc4b7a83e6ca3d1f31d8affc1eefa37d8
runtime/src/iree/builtins/ukernel/query_tile_sizes_internal.h	blob	100644	fdb9a846e6d8a4cc139271d6d95dab669164a661
runtime/src/iree/builtins/ukernel/tools/BUILD.bazel	blob	100644	d54328853538a37b8814406ff880970892ecfa83
runtime/src/iree/builtins/ukernel/tools/CMakeLists.txt	blob	100644	e9700a5eb987f027df414967538b12611a3a0305
runtime/src/iree/builtins/ukernel/tools/benchmark.c	blob	100644	17efd2ad32ddb43b6fafa70b3e3b60115f89f51d
runtime/src/iree/builtins/ukernel/tools/benchmark.h	blob	100644	b6d15bda816565106645c3b1efdeebc740b568c0
runtime/src/iree/builtins/ukernel/tools/conv_nchwc_benchmark.c	blob	100644	a36ab9e96af89741e24eed1d7a3f9545afcc1607
runtime/src/iree/builtins/ukernel/tools/conv_nchwc_test.c	blob	100644	c812b6a28ac4145225f47b15fe29a7c643e19ed6
runtime/src/iree/builtins/ukernel/tools/e2e_matmul_benchmark.c	blob	100644	e418a0c0773de2409d082cde1473c606ba570baf
runtime/src/iree/builtins/ukernel/tools/memcpy_benchmark.c	blob	100644	a7a0556ee7c9c87f11a384d9fd79ceb1f370a910
runtime/src/iree/builtins/ukernel/tools/memcpy_benchmark.h	blob	100644	890154b098979db8eb71e185461ee5a1741f4064
runtime/src/iree/builtins/ukernel/tools/mmt4d_benchmark.c	blob	100644	d56ac3e28cdf824552393f43bfd09ec2e800be61
runtime/src/iree/builtins/ukernel/tools/mmt4d_test.c	blob	100644	fd5f6b56eecbd8216cb9167db557f71f1a875c50
runtime/src/iree/builtins/ukernel/tools/pack_benchmark.c	blob	100644	6ae506030443232573fb12d4041306ad208633bf
runtime/src/iree/builtins/ukernel/tools/pack_test.c	blob	100644	e2badac5a720f2a6d52581e609e2b1dbd5365623
runtime/src/iree/builtins/ukernel/tools/test.c	blob	100644	56be951dd27cb21273905218b9c1ebf8422e39f7
runtime/src/iree/builtins/ukernel/tools/test.h	blob	100644	592ec372e2536ff80e9c0b0d2e2bc819794d5738
runtime/src/iree/builtins/ukernel/tools/unpack_benchmark.c	blob	100644	132220b077c07b8dc1a88a3893b55877b33a5169
runtime/src/iree/builtins/ukernel/tools/unpack_test.c	blob	100644	c4f1239ab08ffd3904db767c63cdffe1e1530881
runtime/src/iree/builtins/ukernel/tools/util.c	blob	100644	a0f97e07f50ab9728da0954c062b9d6366dfb423
runtime/src/iree/builtins/ukernel/tools/util.h	blob	100644	69eac503725a982f42a8f39b593efbabc9f5698c
runtime/src/iree/builtins/ukernel/tools/util_test.c	blob	100644	4b70041d35311bb528680e3e2166319a8b8085ab
runtime/src/iree/builtins/ukernel/unpack.c	blob	100644	f50ad11621bc516d16ba9efefb8dd116c3bcdc04
runtime/src/iree/builtins/ukernel/unpack.h	blob	100644	5468570bec15c0a9a70aa19d5e48dc37c7015b5a
runtime/src/iree/builtins/ukernel/unpack_internal.h	blob	100644	245f4b99a61a6cd609ebe088155d103081b6a46a
runtime/src/iree/builtins/ukernel/unpack_tile.c	blob	100644	eb7266ba59151564466bde8fd99ac72755558817
runtime/src/iree/hal/BUILD.bazel	blob	100644	021b83ac730b5afb051806e8fa147aedd47dc1da
runtime/src/iree/hal/CMakeLists.txt	blob	100644	a6b2e957fab97b2e90d6d6c09f14833489604444
runtime/src/iree/hal/README.md	blob	100644	f50befae325d2a8af909a27ee4a58443c0a8f8cb
runtime/src/iree/hal/allocator.c	blob	100644	a73a89215db5f764fa93f1faf3536b7f85076381
runtime/src/iree/hal/allocator.h	blob	100644	24a79217333393e46b9fc58cf707a1586f15fd51
runtime/src/iree/hal/allocator_heap.c	blob	100644	7fb404c587732734bc4718250b150d370d6c3a9d
runtime/src/iree/hal/api.h	blob	100644	335d8af2895f5b95ecbc5fea7b17d68f04c899dc
runtime/src/iree/hal/buffer.c	blob	100644	ab0337bf3d909bbec1ba2c64a269fa851d011c58
runtime/src/iree/hal/buffer.h	blob	100644	96a6ed189e2fbcb753d8c1cca2a02aa2a78abefb
runtime/src/iree/hal/buffer_heap.c	blob	100644	e722678d2e2e7016f2340020a844a5749ae126d1
runtime/src/iree/hal/buffer_heap_impl.h	blob	100644	6882b55995555e440f375d3f4744bb7cd4076be3
runtime/src/iree/hal/buffer_transfer.c	blob	100644	522ee5cb736a348628101cf8010fefe15df68455
runtime/src/iree/hal/buffer_transfer.h	blob	100644	fbdeba6c181c6fa8ca2c60481da5f498167346b4
runtime/src/iree/hal/buffer_view.c	blob	100644	e0268fc3abdcb3b0bd60b9d866424d08cf7ddcc3
runtime/src/iree/hal/buffer_view.h	blob	100644	ea7b4319ac00add9943a37920e3cc5f188bd5aa5
runtime/src/iree/hal/buffer_view_util.c	blob	100644	6ee8a0727e8f6225c7c9e86fb527d43135f7bcad
runtime/src/iree/hal/buffer_view_util.h	blob	100644	529e08a22ca7a09e06ebd9df309d860f0ff4559c
runtime/src/iree/hal/buffer_view_util_test.cc	blob	100644	b62a3babd3ea36bbf1d71c0bfbac8bd98cc787ee
runtime/src/iree/hal/channel.c	blob	100644	27206061efd322cf56fa1291eebdac74710755b3
runtime/src/iree/hal/channel.h	blob	100644	8a7f15ed8388b3abe5f3dac98036a38b4dcf83c8
runtime/src/iree/hal/channel_provider.c	blob	100644	2bcf11a4025534783dbfe25351cb7a5447765c92
runtime/src/iree/hal/channel_provider.h	blob	100644	ef9f6de7a59ec55709d0342a2931ce5b35e710ed
runtime/src/iree/hal/command_buffer.c	blob	100644	986d0d512c192c145f71bb48ae318f198c89de22
runtime/src/iree/hal/command_buffer.h	blob	100644	a73b7f2708511226efe5575662d94d1f7c755408
runtime/src/iree/hal/command_buffer_validation.c	blob	100644	ed96fb3fc0fe55f69daaccf87f8f5f8c9f7c1d52
runtime/src/iree/hal/command_buffer_validation.h	blob	100644	a91c01cd851ac99af0b28596d8231967e9121462
runtime/src/iree/hal/cts/BUILD.bazel	blob	100644	0526825af4f32ca38a4c8666c67cb4f387bc867e
runtime/src/iree/hal/cts/CMakeLists.txt	blob	100644	ac68cd862c63367a7414eaff4e87bdeffd10dbcd
runtime/src/iree/hal/cts/buffer/BUILD.bazel	blob	100644	d621e580ebbf86d82d7ac5aab06ea2d5296036cd
runtime/src/iree/hal/cts/buffer/CMakeLists.txt	blob	100644	8c8b29b67b7f1e1a14eb1f74e33d0f7570d4434f
runtime/src/iree/hal/cts/buffer/allocator_test.cc	blob	100644	12808fbda562cdca57e7db25770e805bd764fa8d
runtime/src/iree/hal/cts/buffer/mapping_test.cc	blob	100644	f5b0b5faeb0cfda1c48644790e547ef4c2d61fd1
runtime/src/iree/hal/cts/command_buffer/BUILD.bazel	blob	100644	937106fe6c34df2ad9389e7e784d1b0c0e0683f0
runtime/src/iree/hal/cts/command_buffer/CMakeLists.txt	blob	100644	da306e0bbbf9d177b1fb014af23dd118486bbf5a
runtime/src/iree/hal/cts/command_buffer/basic_test.cc	blob	100644	b4a098da0c99e0d9b25385e92df584f5aadfa1c0
runtime/src/iree/hal/cts/command_buffer/copy_buffer_test.cc	blob	100644	96f3208ba154564443e7c413fdd479783190e8a2
runtime/src/iree/hal/cts/command_buffer/dispatch_constants_bindings_test.cc	blob	100644	386df99b8513a1ea58b4baef10f0d56c7cfbd408
runtime/src/iree/hal/cts/command_buffer/dispatch_constants_test.cc	blob	100644	c46310a360de0c54dde0f0c2d37f135d4328a569
runtime/src/iree/hal/cts/command_buffer/dispatch_indirect_parameters_test.cc	blob	100644	7cd5e38086254209437d28df291f65fd7a5396ee
runtime/src/iree/hal/cts/command_buffer/dispatch_multi_entrypoint_test.cc	blob	100644	c6e29fca1706ef7f6fbbc1e49e91b8023a58c771
runtime/src/iree/hal/cts/command_buffer/dispatch_multi_workgroup_test.cc	blob	100644	957785b8eb91d34cbac104b92eb6dd6257c89f4d
runtime/src/iree/hal/cts/command_buffer/dispatch_pipeline_test.cc	blob	100644	6a6a69b5b7f05afc646221bb9c7260efb0b43121
runtime/src/iree/hal/cts/command_buffer/dispatch_reuse_test.cc	blob	100644	7b6158d32236f72b0480f33284429cbf8acadb45
runtime/src/iree/hal/cts/command_buffer/dispatch_test.cc	blob	100644	f425d0ee67dc97af0f9d782235c3c85d6eb495e7
runtime/src/iree/hal/cts/command_buffer/fill_buffer_test.cc	blob	100644	a071607d57c674b3f28f526bd8ca24b7aa48579b
runtime/src/iree/hal/cts/command_buffer/stress_test.cc	blob	100644	e0d277055b00bfe5956f2bd46d958e0767cb3dc4
runtime/src/iree/hal/cts/command_buffer/transient_buffer_test.cc	blob	100644	d467bbcc5977279cbbded6a1ba355539ad08df8e
runtime/src/iree/hal/cts/command_buffer/update_buffer_test.cc	blob	100644	8775476f5131cf03d5560562eb3cb7d5d8246dc3
runtime/src/iree/hal/cts/core/BUILD.bazel	blob	100644	cf40f6b42696446f625f7c8b89f98134c52d61b7
runtime/src/iree/hal/cts/core/CMakeLists.txt	blob	100644	264ea17ff7acf6a348536fd47c3894cd0f0456da
runtime/src/iree/hal/cts/core/driver_test.cc	blob	100644	79bde905d86537e14cc30df981f03da3cbfc8fbb
runtime/src/iree/hal/cts/core/event_test.cc	blob	100644	c655de34add17885aca02ce59bddce570688bffb
runtime/src/iree/hal/cts/core/executable_cache_test.cc	blob	100644	d43bbf8495b1fdc9a0a935dddb34c29f267901ac
runtime/src/iree/hal/cts/core/executable_test.cc	blob	100644	320e8b67a316a5707d686b287cde6c0abfcfd61c
runtime/src/iree/hal/cts/core/semaphore_test.cc	blob	100644	1c397ef9712a825b84cb82149fe1faa46b0dadc7
runtime/src/iree/hal/cts/core/semaphore_thread_test.cc	blob	100644	d09dca4feb05f9766aad7dab8a0f2e08beef075b
runtime/src/iree/hal/cts/file/BUILD.bazel	blob	100644	58455fec3c5cf52b710c57b029d339b290bbf67c
runtime/src/iree/hal/cts/file/CMakeLists.txt	blob	100644	0ebf7c27b5536a92abcd56e408f4ee6cee4607c1
runtime/src/iree/hal/cts/file/file_test.cc	blob	100644	0172fa955fe1ab268e3ce42a167de0caa14574fd
runtime/src/iree/hal/cts/queue/BUILD.bazel	blob	100644	8e4d1647167be5f7bf9c294f493a7eddd37e043d
runtime/src/iree/hal/cts/queue/CMakeLists.txt	blob	100644	1374bb13ed2d7b127ca280a990c21000d0c11901
runtime/src/iree/hal/cts/queue/queue_alloca_test.cc	blob	100644	9684dc3c28d105ad59ea88dc6711162d53eb263b
runtime/src/iree/hal/cts/queue/queue_dispatch_test.cc	blob	100644	86fd82ba87f0dbac5070d2ef27202da7b027d1df
runtime/src/iree/hal/cts/queue/queue_host_call_test.cc	blob	100644	024b418fc46715c0b16ec0ea308f069981457788
runtime/src/iree/hal/cts/queue/queue_transfer_test.cc	blob	100644	f538e5e0c896160861ec50a9680a057e0be919bc
runtime/src/iree/hal/cts/queue/semaphore_submission_test.cc	blob	100644	495255709a6bf04c4573d1fa2b4cfdb643349bb8
runtime/src/iree/hal/cts/testdata/BUILD.bazel	blob	100644	3a69b9d8bb8c793e16a72615e36a0a22e1daf9ba
runtime/src/iree/hal/cts/testdata/CMakeLists.txt	blob	100644	ed08808e9c3e10db5844fe351b18b0cb991e8bac
runtime/src/iree/hal/cts/testdata/command_buffer_dispatch_constants_bindings_test.mlir	blob	100644	84b9c5bc7216c022e34babadc2b67dce5ce6464d
runtime/src/iree/hal/cts/testdata/command_buffer_dispatch_constants_test.mlir	blob	100644	4a05b6c2509877cc382f5b742119ec640b794202
runtime/src/iree/hal/cts/testdata/command_buffer_dispatch_indirect_parameters_test.mlir	blob	100644	09ac2e88c83a6aa34cc84fd3acb2ae4c089869ac
runtime/src/iree/hal/cts/testdata/command_buffer_dispatch_multi_entrypoint_test.mlir	blob	100644	f33312b9f59325e141ddbe2360e0fe480ba0f4be
runtime/src/iree/hal/cts/testdata/command_buffer_dispatch_multi_workgroup_test.mlir	blob	100644	9f797efc9a9310414f1b3190ce9dcb44351fa472
runtime/src/iree/hal/cts/testdata/command_buffer_dispatch_test.mlir	blob	100644	3685b1cf14aeebff6b08a50339ec873b6929849b
runtime/src/iree/hal/cts/testdata/executable_cache_test.mlir	blob	100644	6e476b5d329b6bae86f043e64efe6a2e7b5fe3aa
runtime/src/iree/hal/cts/testdata/executable_test.mlir	blob	100644	a61616e28bf979212edd1b6b0c38775da23667ad
runtime/src/iree/hal/cts/util/BUILD.bazel	blob	100644	87292bfae9342f6158f3302cb02f7b962eb8f794
runtime/src/iree/hal/cts/util/CMakeLists.txt	blob	100644	557c44afd33af7c88dde26a6a75c63022b6c55a5
runtime/src/iree/hal/cts/util/profile_test_util.cc	blob	100644	5722f4b3ad9524913a870a13b5abc8113f940671
runtime/src/iree/hal/cts/util/profile_test_util.h	blob	100644	3626efdd43e773dc9f098a9bd637b813340b8e92
runtime/src/iree/hal/cts/util/registry.cc	blob	100644	4ac88f001e090386cc275f809e5280a48236e884
runtime/src/iree/hal/cts/util/registry.h	blob	100644	54be350799052694f1f290ae7ae93e76d2606ab5
runtime/src/iree/hal/cts/util/test_base.cc	blob	100644	fc22456880b6bade26524367ef4f54932791f3ed
runtime/src/iree/hal/cts/util/test_base.h	blob	100644	70512fd4348b90466d1cc48006f30dded9f16dcd
runtime/src/iree/hal/cts/util/test_main.cc	blob	100644	673316fe88c44f8316a319277567333cf1089e50
runtime/src/iree/hal/cts/util/testdata_format.cc.tpl	blob	100644	1290cc46eb0cbac0f89caae4b40d6cd0b52a642c
runtime/src/iree/hal/detail.h	blob	100644	b4387e248e282c8b5189b98ffff24b68dceac318
runtime/src/iree/hal/device.c	blob	100644	9a9967de7846c76efd0ddfaffa71c4da032ab6dc
runtime/src/iree/hal/device.h	blob	100644	43174e1606a85d9bec6e70d0852759e4cee8862c
runtime/src/iree/hal/device_group.c	blob	100644	ddf1241c5cbcccf4e6cabccf17eb12f857ef3810
runtime/src/iree/hal/device_group.h	blob	100644	ccee105672034e8598f4ff3c78059273d0601133
runtime/src/iree/hal/device_group_test.cc	blob	100644	5bdd86f125db87cdcdf12c7d009ad1d901257408
runtime/src/iree/hal/device_test.cc	blob	100644	1c9ab38d5c76b77f286802567182456bcd764006
runtime/src/iree/hal/driver.c	blob	100644	563f6eaf3512a113021ad8106ea6f59ef35ebee2
runtime/src/iree/hal/driver.h	blob	100644	9c9ab56b3ff20dc8dc3b95b0a9adde49cbb8ea68
runtime/src/iree/hal/driver_registry.c	blob	100644	ab2f5c391ec1da690973cd75f982dcc9ba777764
runtime/src/iree/hal/driver_registry.h	blob	100644	42cf133d424f7c6d741409d14a0842d81092a98a
runtime/src/iree/hal/drivers/BUILD.bazel	blob	100644	bd49dad3a272dbb6be83bd3f9f4db9d36206d607
runtime/src/iree/hal/drivers/CMakeLists.txt	blob	100644	0163e5ae09d366e7186b87dbe4dcdbd488c71330
runtime/src/iree/hal/drivers/amdgpu/BUILD.bazel	blob	100644	be77679b3d3d5f1dc869dde36866a87246d0b525
runtime/src/iree/hal/drivers/amdgpu/CMakeLists.txt	blob	100644	e2bf10ddab392ae89ed00461f8006abf2520fde4
runtime/src/iree/hal/drivers/amdgpu/README.md	blob	100644	dc402ad31e2dd5e3b546ab6f1dab5c7a5c669142
runtime/src/iree/hal/drivers/amdgpu/abi/BUILD.bazel	blob	100644	1586fda13e0aaa2c7d78d8adf689b856b9fff9e9
runtime/src/iree/hal/drivers/amdgpu/abi/CMakeLists.txt	blob	100644	5cd25c443c31653d0edc8e31a6fb4c92e73d0f44
runtime/src/iree/hal/drivers/amdgpu/abi/command_buffer.h	blob	100644	b52e97cc9e895b4680564e7a42521c57ee6d2a2e
runtime/src/iree/hal/drivers/amdgpu/abi/common.h	blob	100644	bca7f1f80c486b3975bd4499a46da1da0ab2641f
runtime/src/iree/hal/drivers/amdgpu/abi/kernel_args.h	blob	100644	fe64f33f4f33b37ee3de520712c33f62f39f07a3
runtime/src/iree/hal/drivers/amdgpu/abi/kernel_descriptor.h	blob	100644	25a7b9fa73d12985e40676ab2499cdfc2e9895bf
runtime/src/iree/hal/drivers/amdgpu/abi/profile.h	blob	100644	c8bcec58cce854b5f1ed0a6cc56fd739e8e9a596
runtime/src/iree/hal/drivers/amdgpu/abi/queue.h	blob	100644	30d778f42909cfe49035665c5456429458b4a676
runtime/src/iree/hal/drivers/amdgpu/abi/signal.h	blob	100644	e5ccd2242ac77da6811f5cd3d187967bd84196fa
runtime/src/iree/hal/drivers/amdgpu/abi/timestamp.h	blob	100644	2db10fd9b88397532f68259016ce2aebda2ea6b1
runtime/src/iree/hal/drivers/amdgpu/access_policy.c	blob	100644	48b80aa0fa6af93546b89e9c2da8da2007901795
runtime/src/iree/hal/drivers/amdgpu/access_policy.h	blob	100644	6608d812e0fc96db4392ad00392ec28a952bd1ad
runtime/src/iree/hal/drivers/amdgpu/access_policy_test.cc	blob	100644	c675a36b375b579677a9a84547ab503e4e98ff72
runtime/src/iree/hal/drivers/amdgpu/allocator.c	blob	100644	dd4f3b4160309e87be654a39392e9b55796e3a99
runtime/src/iree/hal/drivers/amdgpu/allocator.h	blob	100644	a797bf0448927d86d163cf8896dd552d094dcce8
runtime/src/iree/hal/drivers/amdgpu/allocator_test.cc	blob	100644	e8c04283c75632c7ea45d893045a3b6e8a59cf58
runtime/src/iree/hal/drivers/amdgpu/api.h	blob	100644	a367f151bf8b81c71498cfbbc70d87677c568843
runtime/src/iree/hal/drivers/amdgpu/aql_block_processor.c	blob	100644	e10af05648b7afb79bcee1f1ae10cf272b452f3b
runtime/src/iree/hal/drivers/amdgpu/aql_block_processor.h	blob	100644	4965e0570729bcdd74cfd441aff7ee74fc29e7b1
runtime/src/iree/hal/drivers/amdgpu/aql_block_processor_profile.c	blob	100644	d4a644a3eb6796259b2d1d0135a87752d17ae048
runtime/src/iree/hal/drivers/amdgpu/aql_block_processor_profile.h	blob	100644	0ba18d67521de8bdb4243232be1afc1feb0611b3
runtime/src/iree/hal/drivers/amdgpu/aql_block_processor_test.cc	blob	100644	808c778e1cac9adb2bc65537261384ef398b9778
runtime/src/iree/hal/drivers/amdgpu/aql_block_processor_timestamp.c	blob	100644	f405b13f266dd495d307081e2de5f8818d78fd97
runtime/src/iree/hal/drivers/amdgpu/aql_block_processor_timestamp.h	blob	100644	4138c01ac2e6e2e394ad5ae825478fb35a119359
runtime/src/iree/hal/drivers/amdgpu/aql_block_processor_timestamp_test.cc	blob	100644	bb447e5470f4261f67797d4866ae9faaba769a45
runtime/src/iree/hal/drivers/amdgpu/aql_command_buffer.c	blob	100644	300279fc9506922614c09b8be5f15b961e793a5c
runtime/src/iree/hal/drivers/amdgpu/aql_command_buffer.h	blob	100644	3fe4553faab6f09321de224f03427b69438bda82
runtime/src/iree/hal/drivers/amdgpu/aql_command_buffer_profile.c	blob	100644	10ad7dee977cd561937e3aaacde659c66c6031a0
runtime/src/iree/hal/drivers/amdgpu/aql_command_buffer_profile.h	blob	100644	4210fbec57da6daa64bb699ba4b6df6285fadc59
runtime/src/iree/hal/drivers/amdgpu/aql_command_buffer_test.cc	blob	100644	d423d74a412a5f82e1e90ca3593dfc2f278ed77f
runtime/src/iree/hal/drivers/amdgpu/aql_prepublished_kernarg_storage.h	blob	100644	8cb3bfe18dcdd01c37061548bb5bfd2b564d5fc4
runtime/src/iree/hal/drivers/amdgpu/aql_program_builder.c	blob	100644	22391674dcdc53fe2d4be62510b4a6422e772bf5
runtime/src/iree/hal/drivers/amdgpu/aql_program_builder.h	blob	100644	e6858454f592575116745d7a00a455717eaa5e74
runtime/src/iree/hal/drivers/amdgpu/aql_program_builder_test.cc	blob	100644	0a7d8afbbedaa985fef10e9b3dfe237d1fd5835d
runtime/src/iree/hal/drivers/amdgpu/aql_program_validation.c	blob	100644	1e1a857390912ba3ad64265c76d51a173be56a97
runtime/src/iree/hal/drivers/amdgpu/aql_program_validation.h	blob	100644	4964a82eb16e32de261b3b22c61c5cc59b892ee0
runtime/src/iree/hal/drivers/amdgpu/buffer.c	blob	100644	6af2a78620927b3db05cd9a960eec22964575d98
runtime/src/iree/hal/drivers/amdgpu/buffer.h	blob	100644	bb6aa33fc0f5556ab9f632c5c1da3f982042cc9c
runtime/src/iree/hal/drivers/amdgpu/cts/BUILD.bazel	blob	100644	bf5411578adcffda29aa8a97f1fff0ef6238a147
runtime/src/iree/hal/drivers/amdgpu/cts/CMakeLists.txt	blob	100644	9f0c70980b41262da7983319e9a67e4e39262167
runtime/src/iree/hal/drivers/amdgpu/cts/backends.cc	blob	100644	b2690b39c6cc5bb57a290b2478ffc9645b634e4c
runtime/src/iree/hal/drivers/amdgpu/device/BUILD.bazel	blob	100644	7a5ef96a9ce9190cfa8041140ad57c631d7ef255
runtime/src/iree/hal/drivers/amdgpu/device/CMakeLists.txt	blob	100644	0c07ddbfe0a3dd4ad90b217cc66f5fc689343eb3
runtime/src/iree/hal/drivers/amdgpu/device/binaries/BUILD.bazel	blob	100644	eb52cf173fd7823d200c627adb2d8b47c5a9111b
runtime/src/iree/hal/drivers/amdgpu/device/binaries/CMakeLists.txt	blob	100644	00edc68389bafc33b04e32e95b41235b58207785
runtime/src/iree/hal/drivers/amdgpu/device/binaries/README.md	blob	100644	270d204e0ced33e780321b09ec792b753c3d78aa
runtime/src/iree/hal/drivers/amdgpu/device/binaries/prebuilt/BUILD.bazel	blob	100644	9f576fb399d7d7dfaa3d33274bfe4563744bcd20
runtime/src/iree/hal/drivers/amdgpu/device/binaries/prebuilt/CMakeLists.txt	blob	100644	31613d123604b56d7d63e0bfe3182bc99a7c68c1
runtime/src/iree/hal/drivers/amdgpu/device/binaries/prebuilt/amdgcn-amd-amdhsa--gfx10-1-generic.so	blob	100644	6acc53ba7e6cb3a670c4eebe313620560fdf5fed
runtime/src/iree/hal/drivers/amdgpu/device/binaries/prebuilt/amdgcn-amd-amdhsa--gfx10-3-generic.so	blob	100644	3d40e627c90e74428a2e67a4e43621d0d9969896
runtime/src/iree/hal/drivers/amdgpu/device/binaries/prebuilt/amdgcn-amd-amdhsa--gfx11-generic.so	blob	100644	45bde6b76f857f4a40d4b7eb0b505006a84153e6
runtime/src/iree/hal/drivers/amdgpu/device/binaries/prebuilt/amdgcn-amd-amdhsa--gfx12-generic.so	blob	100644	f1ecefa0661007159f532c89ff4d4997864cf7fc
runtime/src/iree/hal/drivers/amdgpu/device/binaries/prebuilt/amdgcn-amd-amdhsa--gfx9-4-generic.so	blob	100644	750194aa0d999821a4002e80853bb9e15e8fa95b
runtime/src/iree/hal/drivers/amdgpu/device/binaries/prebuilt/amdgcn-amd-amdhsa--gfx9-generic.so	blob	100644	15e6fc4b830ee742cba3cb6c53efd6b3e2408c8d
runtime/src/iree/hal/drivers/amdgpu/device/binaries/prebuilt/amdgcn-amd-amdhsa--gfx90a.so	blob	100644	92544dbfea12f303dac7a9a00ee66ee9f4a89168
runtime/src/iree/hal/drivers/amdgpu/device/binaries/source/BUILD.bazel	blob	100644	ec52480235ec1c1103555b8e395f3c9f5d00a361
runtime/src/iree/hal/drivers/amdgpu/device/binaries/source/CMakeLists.txt	blob	100644	e7954f48646ea1ba41fa9ddb26ea62b91b59def3
runtime/src/iree/hal/drivers/amdgpu/device/binaries/source/targets.bzl	blob	100644	c53638c757c460cc64f07bd32f8861a7c1680753
runtime/src/iree/hal/drivers/amdgpu/device/binaries/target_map.bzl	blob	100644	ff71641ac1e7566631b39e8d398f2d12ab41af95
runtime/src/iree/hal/drivers/amdgpu/device/binaries/target_map.cmake	blob	100644	da91101427b6455cc71856400ecc775dd6dad798
runtime/src/iree/hal/drivers/amdgpu/device/binaries/targets.bzl	blob	100644	85d1b76741d8c76b14d48356f552dc935e35f6c2
runtime/src/iree/hal/drivers/amdgpu/device/blit.c	blob	100644	905e5bc7b27589399a22ac27288174e8a296e706
runtime/src/iree/hal/drivers/amdgpu/device/blit.h	blob	100644	6195d9d5e499f77cea5ca242d04dec28e6b4a56a
runtime/src/iree/hal/drivers/amdgpu/device/blit_test.cc	blob	100644	1e1e391b728e4a3da27d770fec53abf53ccf3a2a
runtime/src/iree/hal/drivers/amdgpu/device/device_bitcode_sources.bzl	blob	100644	61b7cc98685989e135e9c68ffe202f03d93a8a7b
runtime/src/iree/hal/drivers/amdgpu/device/dispatch.c	blob	100644	f910eff223db8642475dc8a1e4a51253dd71e049
runtime/src/iree/hal/drivers/amdgpu/device/dispatch.h	blob	100644	647113fa77e8dae86a64dc7fe3d09256f2ee2069
runtime/src/iree/hal/drivers/amdgpu/device/dispatch_test.cc	blob	100644	273fe49a92c76c230bf455ec10ae1aabf10556d8
runtime/src/iree/hal/drivers/amdgpu/device/kernel_tables.h	blob	100644	670d9511a56863c32ebaca49f4213119086289e2
runtime/src/iree/hal/drivers/amdgpu/device/kernels.h	blob	100644	8f1509c31d6e541f455fd3c04777ef8f4ca9ebca
runtime/src/iree/hal/drivers/amdgpu/device/support/common.h	blob	100644	e7b328ea7aa5769cf6d6c034664bcbeb604db72e
runtime/src/iree/hal/drivers/amdgpu/device/support/kernel.h	blob	100644	98ee0960f1702efb524c463b5eaa0a47ffc85468
runtime/src/iree/hal/drivers/amdgpu/device/support/queue.h	blob	100644	bcc51656c355a898bbfaff24304ee88f63280713
runtime/src/iree/hal/drivers/amdgpu/device/support/signal.h	blob	100644	28fb943d8140878b8ac1a1477eff99c4692dbcbd
runtime/src/iree/hal/drivers/amdgpu/device/timestamp.c	blob	100644	4873ea7873af684ca846723b328b0c610b309b56
runtime/src/iree/hal/drivers/amdgpu/device/timestamp.h	blob	100644	7fb894b7a7014ff8884f10bedf64873b1155f39a
runtime/src/iree/hal/drivers/amdgpu/device/timestamp_test.cc	blob	100644	0370c4d1614d85f1b9fd8317036b4c011ef3e39c
runtime/src/iree/hal/drivers/amdgpu/driver.c	blob	100644	837ab3e4e7e43727845acce4dfe11b723aa92f82
runtime/src/iree/hal/drivers/amdgpu/driver.h	blob	100644	19af1fc255983c4ec612144ac075d5f6bbac1d16
runtime/src/iree/hal/drivers/amdgpu/driver_options_test.cc	blob	100644	39f8b8786088c42ec19a0c2bac093a87a3f27009
runtime/src/iree/hal/drivers/amdgpu/executable.c	blob	100644	0b4eb97c8f8006bc66660c0f260a24df79236d62
runtime/src/iree/hal/drivers/amdgpu/executable.h	blob	100644	73619346c67e3041bae17e92415cd0482963f542
runtime/src/iree/hal/drivers/amdgpu/executable_cache.c	blob	100644	48e65fe297dc4110eba83a6f9fb35203ad83fad0
runtime/src/iree/hal/drivers/amdgpu/executable_cache.h	blob	100644	e33ad30c6a523ef94a31928803ee52fcd671282d
runtime/src/iree/hal/drivers/amdgpu/executable_test.cc	blob	100644	ca5952680a34730c1dc2a6ffa5045cb948fb719a
runtime/src/iree/hal/drivers/amdgpu/host_queue.c	blob	100644	91b02d89dd511a01b85e5cafe44667f41a6d8dbf
runtime/src/iree/hal/drivers/amdgpu/host_queue.h	blob	100644	d8a01c670f60d7125b379329b64af38265b37054
runtime/src/iree/hal/drivers/amdgpu/host_queue_blit.c	blob	100644	80af90b03f3668b0ae3a13cf487e7b7bf402521f
runtime/src/iree/hal/drivers/amdgpu/host_queue_blit.h	blob	100644	8f942dba01a34f9beaa90feff86037f73973b398
runtime/src/iree/hal/drivers/amdgpu/host_queue_command_buffer.c	blob	100644	59b8b9799b18c91696606502a0ffbcfd9890a3fc
runtime/src/iree/hal/drivers/amdgpu/host_queue_command_buffer.h	blob	100644	927400f7707cad73334fd3b1d293c6e489bf11ce
runtime/src/iree/hal/drivers/amdgpu/host_queue_command_buffer_block.c	blob	100644	c217386d7885edd58bc28535164c73b301276aba
runtime/src/iree/hal/drivers/amdgpu/host_queue_command_buffer_block.h	blob	100644	5f005f10dc10e11165a35930bc27af069f791151
runtime/src/iree/hal/drivers/amdgpu/host_queue_command_buffer_packet.c	blob	100644	5c3d69c881672f4f1fa8cbd7ffbf0f842a32cf27
runtime/src/iree/hal/drivers/amdgpu/host_queue_command_buffer_packet.h	blob	100644	54031b28ecc7edbd399a4f5b99bd54d3d9e02731
runtime/src/iree/hal/drivers/amdgpu/host_queue_command_buffer_profile.c	blob	100644	314f6d02819965209b1bf93187579f973545822a
runtime/src/iree/hal/drivers/amdgpu/host_queue_command_buffer_profile.h	blob	100644	6c878dce531d005d3900b3c0ba51816a07c09454
runtime/src/iree/hal/drivers/amdgpu/host_queue_command_buffer_replay.c	blob	100644	5611ae4b5003e9c1a064772ca68ecce83b78d111
runtime/src/iree/hal/drivers/amdgpu/host_queue_command_buffer_replay.h	blob	100644	70762721bae992d57cc3754f8dae3fdff7747875
runtime/src/iree/hal/drivers/amdgpu/host_queue_command_buffer_scratch.h	blob	100644	f3c950fc7a47e29564d1d087053c1206e9719011
runtime/src/iree/hal/drivers/amdgpu/host_queue_command_buffer_test.cc	blob	100644	f970811ee1983d724c8f67b3f00afe9e80b0c056
runtime/src/iree/hal/drivers/amdgpu/host_queue_dispatch.c	blob	100644	382d4f652810968377a7ba871d904e2d1468bcf6
runtime/src/iree/hal/drivers/amdgpu/host_queue_dispatch.h	blob	100644	c718a09c4b2517caf9732f46537a5ed9a75c0bd3
runtime/src/iree/hal/drivers/amdgpu/host_queue_file.c	blob	100644	31c6b756988400874255bd16ed942a5d5cdb8083
runtime/src/iree/hal/drivers/amdgpu/host_queue_file.h	blob	100644	d0d25e1ba8c5e0c5effbea0809c8141d92163eb1
runtime/src/iree/hal/drivers/amdgpu/host_queue_host_call.c	blob	100644	8d55edcf4548551079e1a0c5dde625fb4cf26cdd
runtime/src/iree/hal/drivers/amdgpu/host_queue_host_call.h	blob	100644	20655b4815375f2495b876a9f6442b33362a981f
runtime/src/iree/hal/drivers/amdgpu/host_queue_memory.c	blob	100644	e616c971dc579e57b4d8c1268fc6e70f66926bf6
runtime/src/iree/hal/drivers/amdgpu/host_queue_memory.h	blob	100644	2f28d0762a184ea64e7a6c0b22dfe79d7d10cfa3
runtime/src/iree/hal/drivers/amdgpu/host_queue_pending.c	blob	100644	c86b56a90446bd4c59af924c2dc8f85a993201b8
runtime/src/iree/hal/drivers/amdgpu/host_queue_pending.h	blob	100644	ea254a8ed97fca5f87df82259f7affb142ae8761
runtime/src/iree/hal/drivers/amdgpu/host_queue_pending_operation.h	blob	100644	4289c0703b4cdab2d51607c0825f9c35b2a75d72
runtime/src/iree/hal/drivers/amdgpu/host_queue_pending_payload.c	blob	100644	f7cd8f704ed2efcbaa821821272d03828e495463
runtime/src/iree/hal/drivers/amdgpu/host_queue_pending_test.cc	blob	100644	e037e5feb564cca15e84bedc9061f64faf76aa38
runtime/src/iree/hal/drivers/amdgpu/host_queue_policy.c	blob	100644	91102f2f041a2ea6c7cbfe41aacdbd7e4f792f74
runtime/src/iree/hal/drivers/amdgpu/host_queue_policy.h	blob	100644	3d036bf61000083f7ddd124591b14b600ad953f6
runtime/src/iree/hal/drivers/amdgpu/host_queue_profile.c	blob	100644	b2545d73fd4bbd0a854c1da8a4aa7d9832e39f4e
runtime/src/iree/hal/drivers/amdgpu/host_queue_profile.h	blob	100644	be19d9963922f462d944e7be02546aaa6188bd60
runtime/src/iree/hal/drivers/amdgpu/host_queue_profile_events.c	blob	100644	fd5b2c1f42aa0d1359b7847de44d90de0d147c41
runtime/src/iree/hal/drivers/amdgpu/host_queue_profile_events.h	blob	100644	9f7268a3ee1ac5770e0c209cc3558e6cf442108c
runtime/src/iree/hal/drivers/amdgpu/host_queue_staging.c	blob	100644	ae42f5e97121cb255a85b989054d93d7130d704b
runtime/src/iree/hal/drivers/amdgpu/host_queue_staging.h	blob	100644	9b876ef4ae10e004e85d17a36b20a0d2b4a90f31
runtime/src/iree/hal/drivers/amdgpu/host_queue_staging_test.cc	blob	100644	09fb64c35360d04efed5a774a77778f3161d3d52
runtime/src/iree/hal/drivers/amdgpu/host_queue_submission.c	blob	100644	d93427468a3e7a2382bd31a1592277440fced2e4
runtime/src/iree/hal/drivers/amdgpu/host_queue_submission.h	blob	100644	e2bbc53bdf2bceb84698c4189a9f15ce89a82612
runtime/src/iree/hal/drivers/amdgpu/host_queue_submission_test.cc	blob	100644	3abcec8fd01db96c10523dd444d1ad8c02dc5c79
runtime/src/iree/hal/drivers/amdgpu/host_queue_timestamp.c	blob	100644	934b5ce3bb67630fe3df86a72051032456c39a91
runtime/src/iree/hal/drivers/amdgpu/host_queue_timestamp.h	blob	100644	c7b1d49696e364a01396e4edb27678c40b0eac29
runtime/src/iree/hal/drivers/amdgpu/host_queue_waits.c	blob	100644	5d0017a10716214a85de734202934d9c213ad0dc
runtime/src/iree/hal/drivers/amdgpu/host_queue_waits.h	blob	100644	746bd5b9e11b2c41af44a0ff3554a0002f14000e
runtime/src/iree/hal/drivers/amdgpu/logical_device.c	blob	100644	9c61aefb9d1363ebf08899894c7c235ed5bd6570
runtime/src/iree/hal/drivers/amdgpu/logical_device.h	blob	100644	2efaa716ababc177492d4ecf66137d91df8e2679
runtime/src/iree/hal/drivers/amdgpu/physical_device.c	blob	100644	ae0f789d398b3e745b1252d59e485a8b0d5f7a67
runtime/src/iree/hal/drivers/amdgpu/physical_device.h	blob	100644	fdb0dc15ee8605bcb1aec81691510d9c7c514d7f
runtime/src/iree/hal/drivers/amdgpu/physical_device_capabilities.c	blob	100644	af682ee2923a252c2ce3fc780c634ade76f4ed33
runtime/src/iree/hal/drivers/amdgpu/physical_device_capabilities.h	blob	100644	8387893e9086e3725db7c08c941f6039507a5ce9
runtime/src/iree/hal/drivers/amdgpu/physical_device_capabilities_test.cc	blob	100644	07aa62a80273b3448658ef4977ecc5cdcfd0cce6
runtime/src/iree/hal/drivers/amdgpu/pm4_command_buffer.c	blob	100644	b511053763b2e4c577057b921fa38be1a61cd20a
runtime/src/iree/hal/drivers/amdgpu/pm4_command_buffer.h	blob	100644	a2f37670abe8202a42ec089c3c60f42951ea62bd
runtime/src/iree/hal/drivers/amdgpu/pm4_command_buffer_benchmark.cc	blob	100644	cc95f400cd5fd651c3e6b56e9ba3fb8d265bb59c
runtime/src/iree/hal/drivers/amdgpu/pm4_command_buffer_benchmark_testdata.mlir	blob	100644	1f0a429cbc97b981198d80c57488d0b3238f5335
runtime/src/iree/hal/drivers/amdgpu/profile_aqlprofile.c	blob	100644	f5393033563a70081420e70a67bc708ee4fdd6cb
runtime/src/iree/hal/drivers/amdgpu/profile_aqlprofile.h	blob	100644	b84b94819cc90f46fe5d59ff3baf86c26c2d4954
runtime/src/iree/hal/drivers/amdgpu/profile_counters.c	blob	100644	af0e20e9f8b68a7e4efa4169e2ba06e60a21f028
runtime/src/iree/hal/drivers/amdgpu/profile_counters.h	blob	100644	6c341f38cf05252230005d14719ec0a03c47bccc
runtime/src/iree/hal/drivers/amdgpu/profile_device_metrics.c	blob	100644	500805157bc95a53c144795270eb683f1a85f02f
runtime/src/iree/hal/drivers/amdgpu/profile_device_metrics.h	blob	100644	2d4031ded27bc893499860da18301b5719c73297
runtime/src/iree/hal/drivers/amdgpu/profile_device_metrics_linux.c	blob	100644	db4e16f69b8f80728a4100aac06cef1c1a273199
runtime/src/iree/hal/drivers/amdgpu/profile_device_metrics_source.h	blob	100644	a78e4deaa4ec841641bbcee9610111b3a2555c97
runtime/src/iree/hal/drivers/amdgpu/profile_events.c	blob	100644	beb7dc8acd7f9766779b44a8b907424ffe1ee1c1
runtime/src/iree/hal/drivers/amdgpu/profile_events.h	blob	100644	59d5998ec809723ed8cd54a652b72786258b5ca6
runtime/src/iree/hal/drivers/amdgpu/profile_events_test.cc	blob	100644	7c9ea403ea09afebd6e3d2219c9e2aed1f9821ee
runtime/src/iree/hal/drivers/amdgpu/profile_metadata.c	blob	100644	8248bf2721c4181ce11f4c157ede561e38320638
runtime/src/iree/hal/drivers/amdgpu/profile_metadata.h	blob	100644	aa19b52ac4c47b8d2a82d00b184b53230ccce08f
runtime/src/iree/hal/drivers/amdgpu/profile_metadata_test.cc	blob	100644	74c954ae6271ea960367617487c6ed8888ee81f8
runtime/src/iree/hal/drivers/amdgpu/profile_traces.c	blob	100644	cb81aedafdf84b70e3f5a296604be2e0f7b37dcb
runtime/src/iree/hal/drivers/amdgpu/profile_traces.h	blob	100644	f5de925c194a54729cf0e1c17164780e7aaaed33
runtime/src/iree/hal/drivers/amdgpu/queue_affinity.c	blob	100644	39615908917049116ff3f88d2808dbe746919652
runtime/src/iree/hal/drivers/amdgpu/queue_affinity.h	blob	100644	e483d3cfa879e639dced21f6c2de8eb85087a67b
runtime/src/iree/hal/drivers/amdgpu/queue_affinity_test.cc	blob	100644	3cc8f34c3c9a9cb2898e5b61d0f2ce44d0a2dbe5
runtime/src/iree/hal/drivers/amdgpu/registration/BUILD.bazel	blob	100644	5bf459029f492822f4d0bf0cf1c817b85fc463d2
runtime/src/iree/hal/drivers/amdgpu/registration/CMakeLists.txt	blob	100644	be8a310f7c3dcf9a2a634e67d9b9c4ac143d3f56
runtime/src/iree/hal/drivers/amdgpu/registration/driver_module.c	blob	100644	9c5e92b5347752f77ab234558ea3155d717c5a37
runtime/src/iree/hal/drivers/amdgpu/registration/driver_module.h	blob	100644	fce8ded2ce44c4b59029c9c9610e43a627bfd6b6
runtime/src/iree/hal/drivers/amdgpu/semaphore.c	blob	100644	f5ebf606ce5c6110fc52ea27e4de34fe3ce4867a
runtime/src/iree/hal/drivers/amdgpu/semaphore.h	blob	100644	d5609f44180703e7389c96efb48286e62d2bf714
runtime/src/iree/hal/drivers/amdgpu/semaphore_test.cc	blob	100644	491db91201eb086e9be32be48009c98d3feb74e0
runtime/src/iree/hal/drivers/amdgpu/slab_provider.c	blob	100644	67bc2fe3fc990085e1b45676a01b518f53f6365f
runtime/src/iree/hal/drivers/amdgpu/slab_provider.h	blob	100644	dff2029c1d28acf94d79752a65fa748a0102cb43
runtime/src/iree/hal/drivers/amdgpu/slab_provider_test.cc	blob	100644	a65d4459460b5650c1b56c6808122d1f00bd09d6
runtime/src/iree/hal/drivers/amdgpu/system.c	blob	100644	a201cec1401b7827115db0557694e4bee96c43ad
runtime/src/iree/hal/drivers/amdgpu/system.h	blob	100644	a2ec00f90f1f1c24db4e0bba2d303c4fa76dfe94
runtime/src/iree/hal/drivers/amdgpu/system_test.cc	blob	100644	8afb9cffb0ba93b2171512efc8f0592db1157515
runtime/src/iree/hal/drivers/amdgpu/transient_buffer.c	blob	100644	d6a575d7ed76c51e582fab557664ff886010dd69
runtime/src/iree/hal/drivers/amdgpu/transient_buffer.h	blob	100644	c262fa22da3a722cee994b16ce32de954dd3ba87
runtime/src/iree/hal/drivers/amdgpu/util/BUILD.bazel	blob	100644	c7d3156950cedd9ab8b83810f5f26bde59bdb709
runtime/src/iree/hal/drivers/amdgpu/util/CMakeLists.txt	blob	100644	bb3608a2608784ba2155d281715280c765cfe0fa
runtime/src/iree/hal/drivers/amdgpu/util/affinity.h	blob	100644	983c0508e9e809498b50ea62069ae61781cb1204
runtime/src/iree/hal/drivers/amdgpu/util/aql_emitter.h	blob	100644	d4e6e393bc7ad6fa320458c5486a3a3b03eef8cd
runtime/src/iree/hal/drivers/amdgpu/util/aql_emitter_test.cc	blob	100644	a289d92f2c1ebfe17dac287a2376f4cf7518d871
runtime/src/iree/hal/drivers/amdgpu/util/aql_ring.h	blob	100644	2b60a6cf2fdb7de5c1385847eca56a84f3bf6f1f
runtime/src/iree/hal/drivers/amdgpu/util/benchmark_flags.cc	blob	100644	c5e116995111e6cef9ffd60ec3a9e81c04fc9cc0
runtime/src/iree/hal/drivers/amdgpu/util/benchmark_flags.h	blob	100644	a6f02ff0a5b65d47c2e5922acb62bd8fa6a4f9fe
runtime/src/iree/hal/drivers/amdgpu/util/benchmark_profile.cc	blob	100644	efb962c06ca65201b0fec8c6cd234c5562a95f0c
runtime/src/iree/hal/drivers/amdgpu/util/benchmark_profile.h	blob	100644	331ed0d4c8765cdf6e795c53735aaa36e4600c5d
runtime/src/iree/hal/drivers/amdgpu/util/blit_benchmark.cc	blob	100644	930936c10e597f3d2c69dca3b7bbbb60d6070d34
runtime/src/iree/hal/drivers/amdgpu/util/block_pool.c	blob	100644	82932c93a39efd3990460be87f373d66bd09b288
runtime/src/iree/hal/drivers/amdgpu/util/block_pool.h	blob	100644	dcaace09135db54d892f961ed2189720f1ba4cc5
runtime/src/iree/hal/drivers/amdgpu/util/block_pool_test.cc	blob	100644	74aa481ba1e408f3bc066071fa13ed5a45c924ce
runtime/src/iree/hal/drivers/amdgpu/util/code_object_target.c	blob	100644	fdb08fea58d8c134553c0803d5e9f61aa1af19ad
runtime/src/iree/hal/drivers/amdgpu/util/code_object_target.h	blob	100644	8bc8c505448864290f906f097ae8ed479ed5dbb2
runtime/src/iree/hal/drivers/amdgpu/util/code_object_target_test.cc	blob	100644	7088b4ab639dcff664275263eafc1b982e41389a
runtime/src/iree/hal/drivers/amdgpu/util/device_clock.c	blob	100644	68464f18bc136e9e59b7d768bbe6be60c4fe482c
runtime/src/iree/hal/drivers/amdgpu/util/device_clock.h	blob	100644	b98a765a3c4aaa8358823117c4b515642ec62a48
runtime/src/iree/hal/drivers/amdgpu/util/device_clock_test.cc	blob	100644	f96b3aa818303cf67b373c252b7139a14d5ebc05
runtime/src/iree/hal/drivers/amdgpu/util/device_library.c	blob	100644	5c8bb2f79c6bdaa1f13abef0c5eb3158c02b47b1
runtime/src/iree/hal/drivers/amdgpu/util/device_library.h	blob	100644	c5594d64262618f72518d3c02dc9e2c89dfa9110
runtime/src/iree/hal/drivers/amdgpu/util/device_library_target.c	blob	100644	02ea84eabaff4cf10f2e6ee667bebc3e42981d60
runtime/src/iree/hal/drivers/amdgpu/util/device_library_target.h	blob	100644	216d0e295dc9f628e7dbc63342ac2b5a3588d52d
runtime/src/iree/hal/drivers/amdgpu/util/device_library_target_test.cc	blob	100644	27fe08f71493430d5805da66c9f22e9c000b55e6
runtime/src/iree/hal/drivers/amdgpu/util/device_library_test.cc	blob	100644	68d594631a3adb61b57ec2bcc03e6729cac51bbd
runtime/src/iree/hal/drivers/amdgpu/util/epoch_signal_table.h	blob	100644	d1a0a8f2b22c17a05aad60e875cb8cef939b5750
runtime/src/iree/hal/drivers/amdgpu/util/epoch_signal_table_test.cc	blob	100644	94031a3ce3e2e4c9d80e1790762133e8ae55af9f
runtime/src/iree/hal/drivers/amdgpu/util/error_callback.h	blob	100644	c710edae2f1421ea2dcee34587b86962c5e986d4
runtime/src/iree/hal/drivers/amdgpu/util/hsaco_metadata.c	blob	100644	16fbb3c08a67b1f6f2c2ee0c6e5ca87dbea0844a
runtime/src/iree/hal/drivers/amdgpu/util/hsaco_metadata.h	blob	100644	14aee85ba80f953226b0da02b6c69b91c02e4384
runtime/src/iree/hal/drivers/amdgpu/util/hsaco_metadata_fuzz.cc	blob	100644	8c955db9a3cf7cda44d0b72540c9470c1ee547d5
runtime/src/iree/hal/drivers/amdgpu/util/hsaco_metadata_test.cc	blob	100644	c24a9f35af6d57bdafb8a1cc8415a2c2834396c0
runtime/src/iree/hal/drivers/amdgpu/util/info.c	blob	100644	fae2b3eed8aee5084d9cd1156a6a6b0f3bf231b0
runtime/src/iree/hal/drivers/amdgpu/util/info.h	blob	100644	d1fb5ae1df3f9104de2c1ec38e4f68c6dfa421cf
runtime/src/iree/hal/drivers/amdgpu/util/kernarg_ring.c	blob	100644	f8cfca8989446348266b0c05f5c9da98065a697e
runtime/src/iree/hal/drivers/amdgpu/util/kernarg_ring.h	blob	100644	c536530debc5472786a95056db704176422f16a5
runtime/src/iree/hal/drivers/amdgpu/util/kernarg_ring_test.cc	blob	100644	12789d32f0871776543e08115cfd76784c097aa5
runtime/src/iree/hal/drivers/amdgpu/util/kfd.c	blob	100644	9b1af7a4beb69368e5fb724b7cda06034ad085b1
runtime/src/iree/hal/drivers/amdgpu/util/kfd.h	blob	100644	416e637510b9f19c9a7b97ea5981e17e81372adc
runtime/src/iree/hal/drivers/amdgpu/util/kfd_test.cc	blob	100644	7f87f1f6e0207157ea597bcff1a929b43ebc4966
runtime/src/iree/hal/drivers/amdgpu/util/libaqlprofile.c	blob	100644	1ee198f57040d2dedaf47f479610549e78bc8e24
runtime/src/iree/hal/drivers/amdgpu/util/libaqlprofile.h	blob	100644	2fd1f7e7197834a0838a80772fac99ad2fa61bae
runtime/src/iree/hal/drivers/amdgpu/util/libaqlprofile_test.cc	blob	100644	1cf180369acbc8ca531e1cc9c826bcc756a2a6e5
runtime/src/iree/hal/drivers/amdgpu/util/libhsa.c	blob	100644	2205441a9d63d308e1170e0e22ecc309b572124e
runtime/src/iree/hal/drivers/amdgpu/util/libhsa.h	blob	100644	c79e377aa8fd9fdd999d16caf2057c41411e04a9
runtime/src/iree/hal/drivers/amdgpu/util/libhsa_tables.h	blob	100644	53cebdc313d06e2f775098eccf6fb9d0cd82e09a
runtime/src/iree/hal/drivers/amdgpu/util/libhsa_test.cc	blob	100644	5f2cfac4340a3381a7af073dbccecbea1366dafd
runtime/src/iree/hal/drivers/amdgpu/util/notification_ring.c	blob	100644	2c21970200bb70125bc257688c7c376b27d46db3
runtime/src/iree/hal/drivers/amdgpu/util/notification_ring.h	blob	100644	d02119a569b5b8aa284849aa91401466d258fd8f
runtime/src/iree/hal/drivers/amdgpu/util/notification_ring_test.cc	blob	100644	65798610d7b82fcc1427a493a697b72db0930016
runtime/src/iree/hal/drivers/amdgpu/util/pm4_barrier.h	blob	100644	572831eee587eddde929ac81c66db327f8fabb2b
runtime/src/iree/hal/drivers/amdgpu/util/pm4_barrier_test.cc	blob	100644	e6a514150118d8a14e2387414cdc5176cd20c8a5
runtime/src/iree/hal/drivers/amdgpu/util/pm4_capabilities.h	blob	100644	99b43c9d82cc2389afbe2cf8e41ed209575e6d9d
runtime/src/iree/hal/drivers/amdgpu/util/pm4_dispatch.c	blob	100644	8d335c1432bb8222b53a1259acf42a6ded825800
runtime/src/iree/hal/drivers/amdgpu/util/pm4_dispatch.h	blob	100644	6e4855b68d28beee8617ebe0fa54deb4c94311b6
runtime/src/iree/hal/drivers/amdgpu/util/pm4_dispatch_live_test.cc	blob	100644	10007f0ff7547952c48136aa7a5079b8ded0d955
runtime/src/iree/hal/drivers/amdgpu/util/pm4_dispatch_test.cc	blob	100644	a8f318bc8106e15037be9c75541279042aa2a1d8
runtime/src/iree/hal/drivers/amdgpu/util/pm4_dispatch_test_kernels.c	blob	100644	64cd881f747212137e67dfa9704b7b9c0d460121
runtime/src/iree/hal/drivers/amdgpu/util/pm4_emitter.h	blob	100644	e30a7b8b8ffe7dc6133b64703e939577ffa4e5ec
runtime/src/iree/hal/drivers/amdgpu/util/pm4_emitter_test.cc	blob	100644	cce7a0624d1e95d0f26c8324af37f4ac5a91f472
runtime/src/iree/hal/drivers/amdgpu/util/pm4_program.c	blob	100644	12160a254830a6596375d0dee346a53dddc2b85c
runtime/src/iree/hal/drivers/amdgpu/util/pm4_program.h	blob	100644	be25abda3a23eb505ba6ca3bc038d02ac8835308
runtime/src/iree/hal/drivers/amdgpu/util/pm4_program_test.cc	blob	100644	2576bc85c029e687759eb3cd9025209ef492a21e
runtime/src/iree/hal/drivers/amdgpu/util/queue_benchmark.cc	blob	100644	aefa0f7bf62f1108d56e0d85d05505e61733e81f
runtime/src/iree/hal/drivers/amdgpu/util/queue_benchmark_testdata.mlir	blob	100644	afbb8d20573086a8b97dd1d3e348273d540371e0
runtime/src/iree/hal/drivers/amdgpu/util/queue_upload_ring.c	blob	100644	1925ff7a9bcdb5c83c53cb7179a212790e7f5959
runtime/src/iree/hal/drivers/amdgpu/util/queue_upload_ring.h	blob	100644	767d28a2c78f3a3583facf364cdf540ef196a230
runtime/src/iree/hal/drivers/amdgpu/util/queue_upload_ring_test.cc	blob	100644	e11a9d5a66fa67e3d2e55fa4b3fc491f0e78b27f
runtime/src/iree/hal/drivers/amdgpu/util/signal_pool.c	blob	100644	869e9af8ab961f0f470f78375e06c30f89422753
runtime/src/iree/hal/drivers/amdgpu/util/signal_pool.h	blob	100644	a6bcec7d470eaf80bbd0e5b2cc68bbec4f73577e
runtime/src/iree/hal/drivers/amdgpu/util/signal_pool_benchmark.cc	blob	100644	c1c3dde1556299b820db03d143baaa64da97b5c9
runtime/src/iree/hal/drivers/amdgpu/util/signal_pool_test.cc	blob	100644	7dc0840a4606e9ce5cead90b8a40b63f4f754c34
runtime/src/iree/hal/drivers/amdgpu/util/target_id.c	blob	100644	93dcb0dcccf8727005b2cb24a3dc0161445e4c6e
runtime/src/iree/hal/drivers/amdgpu/util/target_id.h	blob	100644	8d2982998c64cbf132fc58278cc3a6bd55cdec70
runtime/src/iree/hal/drivers/amdgpu/util/target_id_map.inl	blob	100644	834f24bd608740d684d900474b0edfb620943e50
runtime/src/iree/hal/drivers/amdgpu/util/target_id_test.cc	blob	100644	852e5be2a1cd91eabaa1350ea6cb92848051c2a7
runtime/src/iree/hal/drivers/amdgpu/util/topology.c	blob	100644	4d370297f04291a7286f966d7844d75eabdf9a3b
runtime/src/iree/hal/drivers/amdgpu/util/topology.h	blob	100644	870ebef39fcc333fac31225b8c2667193a1fa841
runtime/src/iree/hal/drivers/amdgpu/util/topology_test.cc	blob	100644	857de54ae3e17c59f570eadf0a1117b693341582
runtime/src/iree/hal/drivers/amdgpu/util/vmem.c	blob	100644	256df7294c3779af4f4d4d435e8bf32f47155f17
runtime/src/iree/hal/drivers/amdgpu/util/vmem.h	blob	100644	66782fb8ec342147a312333fc49aaff1a4cdfedf
runtime/src/iree/hal/drivers/amdgpu/util/vmem_test.cc	blob	100644	6cf2a4abdb7202e4a2cda0898d90c567fb2e5ff9
runtime/src/iree/hal/drivers/amdgpu/virtual_queue.h	blob	100644	3b391837a1ba37bc4a647e95906c623ddf2831f1
runtime/src/iree/hal/drivers/cuda/BUILD.bazel	blob	100644	d34add6800b9dda4d2e6b7ffb436fa22ae118e2e
runtime/src/iree/hal/drivers/cuda/CMakeLists.txt	blob	100644	a94c72f1b96de7faf097fcc131197d97bf4122e1
runtime/src/iree/hal/drivers/cuda/README.md	blob	100644	a18f3feaaaa2fff578ca24d924fced909c5eef9e
runtime/src/iree/hal/drivers/cuda/api.h	blob	100644	d402422631039738642755606dbaa087aaf45ee2
runtime/src/iree/hal/drivers/cuda/cts/BUILD.bazel	blob	100644	7955f11ae4b7362f8eb7be840f095b57cbe91906
runtime/src/iree/hal/drivers/cuda/cts/CMakeLists.txt	blob	100644	4802e3bb2df03a88ecf48e091e38f335daa5f67c
runtime/src/iree/hal/drivers/cuda/cts/backends.cc	blob	100644	9e98c03be3b8201a3e1e4b7d4fa04bf28b0438de
runtime/src/iree/hal/drivers/cuda/cuda_allocator.c	blob	100644	6a5e287f95b72d2de815e965e5da6ee204377e98
runtime/src/iree/hal/drivers/cuda/cuda_allocator.h	blob	100644	845ef3e3411c0febd541dbae8fa85ab637689805
runtime/src/iree/hal/drivers/cuda/cuda_buffer.c	blob	100644	ab33c5f74e9fb5a3f1aa92bd27ff2872ae92b2c0
runtime/src/iree/hal/drivers/cuda/cuda_buffer.h	blob	100644	16a8ae8becaeeb73bea36f0b31c93a08b2174f84
runtime/src/iree/hal/drivers/cuda/cuda_device.c	blob	100644	ab3b291c157656d54fb5f3fd877ef239d824e578
runtime/src/iree/hal/drivers/cuda/cuda_device.h	blob	100644	2f7359084f59cd9d23fd520298f4dfdb7775bf1f
runtime/src/iree/hal/drivers/cuda/cuda_driver.c	blob	100644	f804f477b1c739c4c7446210231b7e11cdbfda69
runtime/src/iree/hal/drivers/cuda/cuda_dynamic_symbol_table.h	blob	100644	e11c76c5d6aa07f1499a8e1809c96bf703e4a3a2
runtime/src/iree/hal/drivers/cuda/cuda_dynamic_symbols.c	blob	100644	fbc5abb1d5af56a0969b505f7c40063cab69dcb9
runtime/src/iree/hal/drivers/cuda/cuda_dynamic_symbols.h	blob	100644	e5d48b780992fe4cc94d812230f1c66905df4bec
runtime/src/iree/hal/drivers/cuda/cuda_headers.h	blob	100644	31e33976d0173428a5d7130c6296c6feaa266c8c
runtime/src/iree/hal/drivers/cuda/cuda_status_util.c	blob	100644	11a6386e7407c000da3eb7925653e35a496c6c79
runtime/src/iree/hal/drivers/cuda/cuda_status_util.h	blob	100644	3bd52054e78a1bc60f6c8bb9078f4e9f6cd5dbf2
runtime/src/iree/hal/drivers/cuda/dynamic_symbols_test.cc	blob	100644	5d8891a197ddbda2388616767099199f2ea02c63
runtime/src/iree/hal/drivers/cuda/event_pool.c	blob	100644	155eed9953e639de86ec05dbe0727fc1959f8d2e
runtime/src/iree/hal/drivers/cuda/event_pool.h	blob	100644	7149a9fd15ab1ac9a373eee668432e76f4e7849e
runtime/src/iree/hal/drivers/cuda/event_semaphore.c	blob	100644	7e7faaf5b94d78f1a8349e7ab78fbf0ef72c3832
runtime/src/iree/hal/drivers/cuda/event_semaphore.h	blob	100644	e05dbbdc22d0db38440e24d72faf57318153268b
runtime/src/iree/hal/drivers/cuda/graph_command_buffer.c	blob	100644	ea162607c7ba6951b868ae4b0e13c312d1da2e9a
runtime/src/iree/hal/drivers/cuda/graph_command_buffer.h	blob	100644	cf101d3a74207318a72a4bcfbcc3a0110bdb5522
runtime/src/iree/hal/drivers/cuda/memory_pools.c	blob	100644	fd97bb4a8b71ce5800d83b17c1efb3e4c5bc1c50
runtime/src/iree/hal/drivers/cuda/memory_pools.h	blob	100644	e3ce271433e45457f091f71f3e76e63d442e35ec
runtime/src/iree/hal/drivers/cuda/native_executable.c	blob	100644	29fcc7f29154c1c75cc6798ef7ba646ac4bd318c
runtime/src/iree/hal/drivers/cuda/native_executable.h	blob	100644	ac0a94bd1826faca3c2aa665852c9203f02991e0
runtime/src/iree/hal/drivers/cuda/nccl_channel.c	blob	100644	5e1e7ed97d6dca53b1e502f65c1de345c8b33592
runtime/src/iree/hal/drivers/cuda/nccl_channel.h	blob	100644	2215355c5d506d6f7fe86917b65422afafc6d760
runtime/src/iree/hal/drivers/cuda/nccl_dynamic_symbol_table.h	blob	100644	2017caa91c20910cf78d5fc9ecef27876e481d33
runtime/src/iree/hal/drivers/cuda/nccl_dynamic_symbols.c	blob	100644	00bf42c35b52637a1ce11ff4bda3e06f72f63d4a
runtime/src/iree/hal/drivers/cuda/nccl_dynamic_symbols.h	blob	100644	303fc990d001a1ca82fe9da4af735366976857e3
runtime/src/iree/hal/drivers/cuda/nccl_headers.h	blob	100644	dea60195fc19980ac3a60401524e9263ea271be1
runtime/src/iree/hal/drivers/cuda/nccl_status_util.c	blob	100644	aed8a6b703762f01c8b95fd644f8368a5a6dff9a
runtime/src/iree/hal/drivers/cuda/nccl_status_util.h	blob	100644	f63b261a9e15507d0d67af75f217b8eeabf9cdae
runtime/src/iree/hal/drivers/cuda/nop_executable_cache.c	blob	100644	6fa84b3473d83974f3fcd76070cf17db5ac58935
runtime/src/iree/hal/drivers/cuda/nop_executable_cache.h	blob	100644	bd212493a722c05047d3e7a521f716c51928612e
runtime/src/iree/hal/drivers/cuda/registration/BUILD.bazel	blob	100644	1684525c929fb209161ca498db52ae2093ab2528
runtime/src/iree/hal/drivers/cuda/registration/CMakeLists.txt	blob	100644	1a5707b72827566edc0963ed7b9ca18a98644908
runtime/src/iree/hal/drivers/cuda/registration/driver_module.c	blob	100644	bf61ef7f2e50e657ffb863489a8ce095ed21089c
runtime/src/iree/hal/drivers/cuda/registration/driver_module.h	blob	100644	496fb224c53f966b3f1c346bd5a4fb658daaade2
runtime/src/iree/hal/drivers/cuda/stream_command_buffer.c	blob	100644	3d7bc32430851099630e258eec35b7c33d74561d
runtime/src/iree/hal/drivers/cuda/stream_command_buffer.h	blob	100644	f71d7490f9fb95a39680c556703915c3b9a0944a
runtime/src/iree/hal/drivers/cuda/timepoint_pool.c	blob	100644	468b22a17316c797b667e899986dc14dfb6a57bf
runtime/src/iree/hal/drivers/cuda/timepoint_pool.h	blob	100644	d346589bc59d9552bd5e0b6f60b0b8833e1f1b00
runtime/src/iree/hal/drivers/hip/BUILD.bazel	blob	100644	d7187e296bd3d108096deff60eec2e03f08fe381
runtime/src/iree/hal/drivers/hip/CMakeLists.txt	blob	100644	51ddd39dec0a1303141abe4f34077700dddc31d0
runtime/src/iree/hal/drivers/hip/api.h	blob	100644	a2e986fccc50f21a9ece648b2503a1185dfd1c5a
runtime/src/iree/hal/drivers/hip/cleanup_thread.c	blob	100644	4becfc146086b94ac49698e7987eefe886359457
runtime/src/iree/hal/drivers/hip/cleanup_thread.h	blob	100644	321d12953ac114bfd1a9235b3601b1f09594dfc6
runtime/src/iree/hal/drivers/hip/context_util.h	blob	100644	e7bd3ed0d438eec07547bf8336d7b6c493d385aa
runtime/src/iree/hal/drivers/hip/cts/BUILD.bazel	blob	100644	3b7bf65d5334e7bd22bf21a9adb654c81fd3e371
runtime/src/iree/hal/drivers/hip/cts/CMakeLists.txt	blob	100644	175df0845e4bb3171a1cf213d3460ee5f634ddb6
runtime/src/iree/hal/drivers/hip/cts/backends.cc	blob	100644	7b720eb3cebb20b73dcdadd889780b4b7432aae6
runtime/src/iree/hal/drivers/hip/cts/multi_queue_device_creation.h	blob	100644	67c7a9657e992e690f82a24a5d083d3db6ead06c
runtime/src/iree/hal/drivers/hip/dispatch_thread.c	blob	100644	f1f812bff5bc287e1897cbd11da9feb849adacd3
runtime/src/iree/hal/drivers/hip/dispatch_thread.h	blob	100644	1f715b0948717219ad324779a11562988b140a86
runtime/src/iree/hal/drivers/hip/dynamic_symbol_tables.h	blob	100644	b7a78fe730707789a128e08f60426cbc9acb4bac
runtime/src/iree/hal/drivers/hip/dynamic_symbols.c	blob	100644	9830a2dc62f5013b77db0168244b37dc5d6738df
runtime/src/iree/hal/drivers/hip/dynamic_symbols.h	blob	100644	a3471229d53b0b1684cf98d7e41f8ca65696cf2c
runtime/src/iree/hal/drivers/hip/dynamic_symbols_test.cc	blob	100644	b10692c96bb79967da230df01769061063f4894b
runtime/src/iree/hal/drivers/hip/event_pool.c	blob	100644	fea036839a2f3754f344e2e3ce2260d54016b433
runtime/src/iree/hal/drivers/hip/event_pool.h	blob	100644	c58dea91199b8be42ad579e658d998386b715e58
runtime/src/iree/hal/drivers/hip/event_semaphore.c	blob	100644	6479d7159ec20abfe8d810348586ea669be3099e
runtime/src/iree/hal/drivers/hip/event_semaphore.h	blob	100644	e056ac45339b8d85db4a06d56ef485c6889be199
runtime/src/iree/hal/drivers/hip/graph_command_buffer.c	blob	100644	316984c7936e93ef830bbca13f95637e6c54e103
runtime/src/iree/hal/drivers/hip/graph_command_buffer.h	blob	100644	c02eebe24b4731cc2b932e4f8e627d5f6ae6b998
runtime/src/iree/hal/drivers/hip/graph_command_buffer_test.cc	blob	100644	72f053bf5a9ea2a3d940450000939c0d0da0f8f1
runtime/src/iree/hal/drivers/hip/hip_allocator.c	blob	100644	d8afcbbd43d76c6933154874aaf5e15296e6e778
runtime/src/iree/hal/drivers/hip/hip_allocator.h	blob	100644	3df659514ac37e7876cb546fc8596833d581b322
runtime/src/iree/hal/drivers/hip/hip_allocator_test.cc	blob	100644	39747803f3643e3e618c5fb918e52326d2640d73
runtime/src/iree/hal/drivers/hip/hip_buffer.c	blob	100644	f3d1c75d861f82ba9390d8b44906b41457dc2836
runtime/src/iree/hal/drivers/hip/hip_buffer.h	blob	100644	71002a703707ea36d0ffe06251575a2412ef5a83
runtime/src/iree/hal/drivers/hip/hip_device.c	blob	100644	0f668557420c096e6f6784238a58321b737fdc0e
runtime/src/iree/hal/drivers/hip/hip_device.h	blob	100644	9f6035796c7cb3e94a3ae851b41ac484b4ef4edc
runtime/src/iree/hal/drivers/hip/hip_driver.c	blob	100644	42740cd388c4a004cbda93380ebcae517338a50d
runtime/src/iree/hal/drivers/hip/hip_headers.h	blob	100644	5680557636dc8d9f2fd1c7a033cd7e1f5045d9ca
runtime/src/iree/hal/drivers/hip/hip_multi_queue_command_buffer.c	blob	100644	74922e3bfe7007ab0692a9da68c7cc35629fc08f
runtime/src/iree/hal/drivers/hip/hip_multi_queue_command_buffer.h	blob	100644	1dfe18f4da078acec6c3326f8f97e88725c71367
runtime/src/iree/hal/drivers/hip/memory_pools.c	blob	100644	cafa7dfed1010ddd1231b87b7a146472bc29d43c
runtime/src/iree/hal/drivers/hip/memory_pools.h	blob	100644	c3eef0e401e2bf330188bd640e5050e75b58f984
runtime/src/iree/hal/drivers/hip/native_executable.c	blob	100644	1f46ed9fadc435f651d201f0b521318e709f2434
runtime/src/iree/hal/drivers/hip/native_executable.h	blob	100644	eaf32e2a8f966e63c0c511805d81ad0a0174def9
runtime/src/iree/hal/drivers/hip/nop_executable_cache.c	blob	100644	c841e42143c1bbdd9ec83ffc014a6de4ae67127c
runtime/src/iree/hal/drivers/hip/nop_executable_cache.h	blob	100644	11ffcc14eaf80715e4ad506593438b84d6dc8451
runtime/src/iree/hal/drivers/hip/per_device_information.h	blob	100644	2f2f52671c38ae6d338b83793621989c8769121c
runtime/src/iree/hal/drivers/hip/rccl_channel.c	blob	100644	1c5c6d23812ff9cc867c85c2711786cbb5ffad82
runtime/src/iree/hal/drivers/hip/rccl_channel.h	blob	100644	3447c7cc584ef1cd6cf64b037096420ff176e507
runtime/src/iree/hal/drivers/hip/rccl_dynamic_symbol_table.h	blob	100644	847ab6138e391d6d847a1a460c830306e383c60f
runtime/src/iree/hal/drivers/hip/rccl_dynamic_symbols.c	blob	100644	e83bc3da708d22bfdaf67db86564077c19529edf
runtime/src/iree/hal/drivers/hip/rccl_dynamic_symbols.h	blob	100644	b3a249cc3736df75586b7cba58b139cd6424a598
runtime/src/iree/hal/drivers/hip/rccl_headers.h	blob	100644	e3cf5f19a52a0dd953bb8d6704c6f7fb63549126
runtime/src/iree/hal/drivers/hip/rccl_status_util.c	blob	100644	852b7912b9593cb22ddceda62efffab17f558998
runtime/src/iree/hal/drivers/hip/rccl_status_util.h	blob	100644	0e4d33e6663f3e8f16b407829cf16d46ef70ec0f
runtime/src/iree/hal/drivers/hip/registration/BUILD.bazel	blob	100644	f0146a1011026654460f477c3447222d10430563
runtime/src/iree/hal/drivers/hip/registration/CMakeLists.txt	blob	100644	00c5b0bd1bcfa32f7f942c160dd40fd9451e8aef
runtime/src/iree/hal/drivers/hip/registration/driver_module.c	blob	100644	655693b08041656b42ee30fed3d55111de2fd6f3
runtime/src/iree/hal/drivers/hip/registration/driver_module.h	blob	100644	7c23bb22aed718cebab3d41fd66a354f60ed5ce0
runtime/src/iree/hal/drivers/hip/status_util.c	blob	100644	37b3860439ebf97502cf21e1f92b47db335346e1
runtime/src/iree/hal/drivers/hip/status_util.h	blob	100644	f9ed8ef7af0f7d3b3d28a93671b5b1a344929747
runtime/src/iree/hal/drivers/hip/stream_command_buffer.c	blob	100644	0cf74bbef639c4e50a147cada22b99e02089f34f
runtime/src/iree/hal/drivers/hip/stream_command_buffer.h	blob	100644	f6e35459f8ac4ac26d94b190b4de734ad0d8a073
runtime/src/iree/hal/drivers/hip/util/BUILD.bazel	blob	100644	4bc2a8fac271b7bc6b014fddceddf11d88864852
runtime/src/iree/hal/drivers/hip/util/CMakeLists.txt	blob	100644	9215ebc17488605c02fcb9d8dde9b11f27e8211e
runtime/src/iree/hal/drivers/hip/util/queue.c	blob	100644	26e9f41513c37736e10195471690fb9919021d6c
runtime/src/iree/hal/drivers/hip/util/queue.h	blob	100644	f8c2b81efd051cadb887274ed108d0b4b62bf575
runtime/src/iree/hal/drivers/hip/util/queue_test.cc	blob	100644	aa282c6efa942ba2380febe38e5e42dee9f4371f
runtime/src/iree/hal/drivers/hip/util/tree.c	blob	100644	93d07ac1425f9fe8370f8101d7df2c0096189c5c
runtime/src/iree/hal/drivers/hip/util/tree.h	blob	100644	b261248f067292c466553f375600f5a7de1eea89
runtime/src/iree/hal/drivers/hip/util/tree_test.cc	blob	100644	8c7ccaf8c812b15087b69eb42e0747a7afe3f3dd
runtime/src/iree/hal/drivers/init.c	blob	100644	c5f65e4a1b4cbe14b8aaad6eedae31c40b2f9a74
runtime/src/iree/hal/drivers/init.h	blob	100644	849816c867f990d5a89cac2e63b54cf27db0c6a7
runtime/src/iree/hal/drivers/init_external.c.in	blob	100644	3abe2f2034fb53d35b348fa2197ad25766595004
runtime/src/iree/hal/drivers/local_sync/BUILD.bazel	blob	100644	31afd6199a4dc8194dbc130ee89c4cee7f58cf73
runtime/src/iree/hal/drivers/local_sync/CMakeLists.txt	blob	100644	ebd881a9ea5c27bcdc7f0fd5ce51c4f64b3ec5a5
runtime/src/iree/hal/drivers/local_sync/cts/BUILD.bazel	blob	100644	ee065e83861f48cceac8053346af331cd797a704
runtime/src/iree/hal/drivers/local_sync/cts/CMakeLists.txt	blob	100644	241ee1e36102fef9cec3a0cfcd5145a0eb305b7c
runtime/src/iree/hal/drivers/local_sync/cts/backends.cc	blob	100644	1af3b5454f277b490449b9d0cc84f41abb3c4239
runtime/src/iree/hal/drivers/local_sync/registration/BUILD.bazel	blob	100644	fec4f8167b49ddb7daaa9b25652c8dabd88aa300
runtime/src/iree/hal/drivers/local_sync/registration/CMakeLists.txt	blob	100644	f3ad24096358b77839072889f9fca8359eca4106
runtime/src/iree/hal/drivers/local_sync/registration/driver_module.c	blob	100644	a047a76996c09bf452ce63141a5360f804053dc4
runtime/src/iree/hal/drivers/local_sync/registration/driver_module.h	blob	100644	53e6bfc47ffe4abcf0ec4278226462614db1799b
runtime/src/iree/hal/drivers/local_sync/sync_device.c	blob	100644	f717303aaabc6e659ad08c6b32bfaafba0017309
runtime/src/iree/hal/drivers/local_sync/sync_device.h	blob	100644	31eab7bf5e13d1af87aadac671fd9e5155ab467f
runtime/src/iree/hal/drivers/local_sync/sync_driver.c	blob	100644	16a23dad6d0cdd686bb547020a2f5215076d8cdd
runtime/src/iree/hal/drivers/local_sync/sync_driver.h	blob	100644	8c48249c49ee1ea022cd68d90eaa7c86dfdd9f95
runtime/src/iree/hal/drivers/local_sync/sync_event.c	blob	100644	19df3b7d2c3dc3b92c032e26fe96ecbabe364d43
runtime/src/iree/hal/drivers/local_sync/sync_event.h	blob	100644	9d56bf18fc030ed14ef85b9d4fb4490e2b6a19b5
runtime/src/iree/hal/drivers/local_sync/sync_semaphore.c	blob	100644	f431d923e4e14afef19fd1ee7908e61dfc212716
runtime/src/iree/hal/drivers/local_sync/sync_semaphore.h	blob	100644	f6f82507ac9b6cee9a9f8beacaca7ad4df23b258
runtime/src/iree/hal/drivers/local_task/BUILD.bazel	blob	100644	48bc50101f449d25476c186dbd0978f2bc6d468a
runtime/src/iree/hal/drivers/local_task/CMakeLists.txt	blob	100644	4d0f0aaf7904a144e29849264f25e91a14d31d18
runtime/src/iree/hal/drivers/local_task/block_builder.c	blob	100644	d88fa913fb3edb5e2bad64fcceea832326aa167c
runtime/src/iree/hal/drivers/local_task/block_builder.h	blob	100644	eccfd034add64ab47c7b07e3bddddd50261fc2af
runtime/src/iree/hal/drivers/local_task/block_builder_test.cc	blob	100644	7fc13216b9de878626545cd92626518f62260dbc
runtime/src/iree/hal/drivers/local_task/block_command_buffer.c	blob	100644	21bc9a88d35da61937296f0f0654d2b25ea61e5d
runtime/src/iree/hal/drivers/local_task/block_command_buffer.h	blob	100644	62151565970a1a8d65451639581bd58123a85173
runtime/src/iree/hal/drivers/local_task/block_command_ops.c	blob	100644	10ce880a9bfd981aa7e7a045b3a457eef8d0971b
runtime/src/iree/hal/drivers/local_task/block_command_ops.h	blob	100644	b947ea92987e793449332c84a9d17f04ffb2771f
runtime/src/iree/hal/drivers/local_task/block_isa.h	blob	100644	b304a35f8f483f36e416a743de5a9021e0f0e5ca
runtime/src/iree/hal/drivers/local_task/block_isa_test.cc	blob	100644	7819b2f45365588f149a9a5695ec24a9b91160b8
runtime/src/iree/hal/drivers/local_task/block_processor.c	blob	100644	11b41161039f6e387752fcb329a472d36ff776de
runtime/src/iree/hal/drivers/local_task/block_processor.h	blob	100644	7edbda2e8150a012c63a3deb13f80fb0c6553887
runtime/src/iree/hal/drivers/local_task/block_processor_test.cc	blob	100644	177debbe3b468530450641ff8ad87c7abef3c96e
runtime/src/iree/hal/drivers/local_task/cts/BUILD.bazel	blob	100644	8905f1704887238f21ff5bdaa3abe01acb2176cb
runtime/src/iree/hal/drivers/local_task/cts/CMakeLists.txt	blob	100644	ff5318f41fef7112ae078c2d92c5f8a25a0c5751
runtime/src/iree/hal/drivers/local_task/cts/backends.cc	blob	100644	5bf07562a576d8b2c5783af6c6d704109626ff56
runtime/src/iree/hal/drivers/local_task/registration/BUILD.bazel	blob	100644	612c261a04e014fe6f82618167e6b72608863b7f
runtime/src/iree/hal/drivers/local_task/registration/CMakeLists.txt	blob	100644	89a17d4d141219651f410e96b1c4742674333f22
runtime/src/iree/hal/drivers/local_task/registration/driver_module.c	blob	100644	1f4fb7384c8787a007ead4da356fb2a1fb90118e
runtime/src/iree/hal/drivers/local_task/registration/driver_module.h	blob	100644	17ffd7dd2b593e94b47e4ff5df4553b29cdac598
runtime/src/iree/hal/drivers/local_task/task_device.c	blob	100644	13e91e364f33a7630e2c8ed71194e16e64577d70
runtime/src/iree/hal/drivers/local_task/task_device.h	blob	100644	f915ddb870a31d781676669a3e6586f295c239f0
runtime/src/iree/hal/drivers/local_task/task_driver.c	blob	100644	16476bbe56fd00ea294069af000cc5cf2b3f7e57
runtime/src/iree/hal/drivers/local_task/task_driver.h	blob	100644	a04fc0a2d989b264bf27f64444a0585301a5e71b
runtime/src/iree/hal/drivers/local_task/task_event.c	blob	100644	3fd22b4bb67c81c325ddab84f650110a80d59443
runtime/src/iree/hal/drivers/local_task/task_event.h	blob	100644	3db901d70d10768290cd252ee6b1bb859d6511dc
runtime/src/iree/hal/drivers/local_task/task_queue.c	blob	100644	6c9a541231aeca60dfa98a238308851d853ecc5b
runtime/src/iree/hal/drivers/local_task/task_queue.h	blob	100644	d1c3da89a305cae41d4484de6de46198626f9ca6
runtime/src/iree/hal/drivers/local_task/task_semaphore.c	blob	100644	6fed66cc1a66951a8e8b3c51efd405921bf3fb8e
runtime/src/iree/hal/drivers/local_task/task_semaphore.h	blob	100644	dbcf2f47a5553d7c8df1ba7bad72fb2cd3e0f544
runtime/src/iree/hal/drivers/metal/CMakeLists.txt	blob	100644	5cc0c04b91e4d7ee75882506246486882c0dbe36
runtime/src/iree/hal/drivers/metal/README.md	blob	100644	09c316b0f7c6c2f21d5a19f2bd663543a535503e
runtime/src/iree/hal/drivers/metal/api.h	blob	100644	f8056c49aa7c8017a6788585cb58bf79bee8d42e
runtime/src/iree/hal/drivers/metal/builtin/CMakeLists.txt	blob	100644	5c0c0e10e1272cfe1640ac0b6b9d93d78a13a4ee
runtime/src/iree/hal/drivers/metal/builtin/copy_buffer_generic.metal	blob	100644	f0e41d52b40ec497713579346dffbebbdf9e2865
runtime/src/iree/hal/drivers/metal/builtin/fill_buffer_generic.metal	blob	100644	09dafec2a4a9164390a5f90cf9e3810982254c1d
runtime/src/iree/hal/drivers/metal/builtin_executables.h	blob	100644	dae5d667a7d8ada8466aafbd59b3ecaae492ea08
runtime/src/iree/hal/drivers/metal/builtin_executables.m	blob	100644	8ed1cc4601e2641dc2e801417038dff3e4b741cb
runtime/src/iree/hal/drivers/metal/cts/CMakeLists.txt	blob	100644	e219b9fa9bd3757256af9705e48a58e052b15aed
runtime/src/iree/hal/drivers/metal/cts/backends.cc	blob	100644	bd76849fe5108feedd135c341aec802171240c31
runtime/src/iree/hal/drivers/metal/direct_allocator.h	blob	100644	4c87d8e44a65e85f1e5b7611f9e28f610ac0b120
runtime/src/iree/hal/drivers/metal/direct_allocator.m	blob	100644	2303e770037c8158f88af2dff08ec300d181caa2
runtime/src/iree/hal/drivers/metal/direct_command_buffer.h	blob	100644	49e82a514498a456750e8c6fd0d570aefcdfd490
runtime/src/iree/hal/drivers/metal/direct_command_buffer.m	blob	100644	e009c5a53f0618bf79adfaa00da9f3e9526963b8
runtime/src/iree/hal/drivers/metal/executable.h	blob	100644	0c9d720fe42fcbe450e1d47cfb5923d2c19b35e3
runtime/src/iree/hal/drivers/metal/executable.m	blob	100644	f4a990a6bccf52a0d14a3f4e1f7d15511f9254d2
runtime/src/iree/hal/drivers/metal/metal_buffer.h	blob	100644	0607dc72e00b6932af624a672ee79719f17e3081
runtime/src/iree/hal/drivers/metal/metal_buffer.m	blob	100644	b92ee9ec1d48436e5a16d8f1aa2b2f0237f9945f
runtime/src/iree/hal/drivers/metal/metal_device.h	blob	100644	bb16728a77aefb0040ddfcc6f7492661a8a43886
runtime/src/iree/hal/drivers/metal/metal_device.m	blob	100644	9671655217992ab6b20a8c497314189a8b5d9ee1
runtime/src/iree/hal/drivers/metal/metal_device_test.cc	blob	100644	0c28f52e73c571aa5e645052d8f3fdc83866b132
runtime/src/iree/hal/drivers/metal/metal_driver.m	blob	100644	bd052801322a2f610ac5140005f4ed499ed5046e
runtime/src/iree/hal/drivers/metal/nop_executable_cache.h	blob	100644	507b4c348662456ddda7f378e05361d1c01858f7
runtime/src/iree/hal/drivers/metal/nop_executable_cache.m	blob	100644	1361066028dde959deed6ba9d7523e39d37c79cd
runtime/src/iree/hal/drivers/metal/registration/CMakeLists.txt	blob	100644	77f427e02e04ec11d646406d81223efd8e74675a
runtime/src/iree/hal/drivers/metal/registration/driver_module.c	blob	100644	7b622317b4295c84b1949c8a78b058a1a13852a2
runtime/src/iree/hal/drivers/metal/registration/driver_module.h	blob	100644	72acfde1c27e0b22e927dedc29b8e19b6de54ef2
runtime/src/iree/hal/drivers/metal/shared_event.h	blob	100644	74ce3ef5bf32ae8fdec518cccbc46443609681dd
runtime/src/iree/hal/drivers/metal/shared_event.m	blob	100644	58ddcadcc9f32ab24710f1740ff292929a59f19e
runtime/src/iree/hal/drivers/metal/staging_buffer.h	blob	100644	06e038cff7ed6bd53d4f24b5072f888c23794ca7
runtime/src/iree/hal/drivers/metal/staging_buffer.m	blob	100644	e83e622e868b070d93cf4dc428d9cd0ba1ae4e86
runtime/src/iree/hal/drivers/null/BUILD.bazel	blob	100644	bcd621139aa737aaf10a674f2023b931ee04330a
runtime/src/iree/hal/drivers/null/CMakeLists.txt	blob	100644	eab4add5077f34efa3ada2a00acfb63c1575ab17
runtime/src/iree/hal/drivers/null/README.md	blob	100644	8ba5ae595dbdfc463b9634610cb5656d1d527b5f
runtime/src/iree/hal/drivers/null/allocator.c	blob	100644	392295198e079779691da3a0e1b0e4f344729e51
runtime/src/iree/hal/drivers/null/allocator.h	blob	100644	299c9c96c44f55fd4c765c61c6a1505ede4d72a7
runtime/src/iree/hal/drivers/null/api.h	blob	100644	6d33bfe8f7466cb929ea39b89898631c1f3778cc
runtime/src/iree/hal/drivers/null/buffer.c	blob	100644	fc52c02a2461171f8402e473dd7b01d1aa59f183
runtime/src/iree/hal/drivers/null/buffer.h	blob	100644	4befac5090068e3dca67cd7d92815f47e446f05c
runtime/src/iree/hal/drivers/null/channel.c	blob	100644	0d2915b066fac09165fe96e329751145c73aa3d1
runtime/src/iree/hal/drivers/null/channel.h	blob	100644	efa7c10c5e62bd07a2978b2032590e595ee50fd1
runtime/src/iree/hal/drivers/null/command_buffer.c	blob	100644	5820f7773b5a490e4787ee6d241524b9da357047
runtime/src/iree/hal/drivers/null/command_buffer.h	blob	100644	d8ab61d89175e7aebf714ea260eb3c9a7f0cd27c
runtime/src/iree/hal/drivers/null/device.c	blob	100644	b1facee35537c4862a6b39fc1212043d670c7b1f
runtime/src/iree/hal/drivers/null/device.h	blob	100644	18978668bbf7a5719f90f8c51ca4d1649aa87900
runtime/src/iree/hal/drivers/null/driver.c	blob	100644	ed5ec97016ae70ad6370bf0dfa37066a66845c44
runtime/src/iree/hal/drivers/null/driver.h	blob	100644	1938778056d80e44525f1278dc0cd0fe457deb70
runtime/src/iree/hal/drivers/null/event.c	blob	100644	fabbe45b1311e1d606e720c49330a58ae65caa43
runtime/src/iree/hal/drivers/null/event.h	blob	100644	ca7f364e458e76944cc4d52b09c553e612638c9f
runtime/src/iree/hal/drivers/null/executable.c	blob	100644	92e8cf36837cc6e30b74b6fe626aa48760450b52
runtime/src/iree/hal/drivers/null/executable.h	blob	100644	0ae87aefb9476318500c611db619324c2a7c74db
runtime/src/iree/hal/drivers/null/executable_cache.c	blob	100644	2429100cca362db70dfaa9c4ff9850a01037602f
runtime/src/iree/hal/drivers/null/executable_cache.h	blob	100644	b4af9e76cc289fa9d9868663d4113bd6433e03e7
runtime/src/iree/hal/drivers/null/registration/BUILD.bazel	blob	100644	038eaf57e34b6fe71b0071b4bbfd3e6911444b7f
runtime/src/iree/hal/drivers/null/registration/CMakeLists.txt	blob	100644	4291d98018a0cc5c7fb6d9e8d3d6c90e3dc0a718
runtime/src/iree/hal/drivers/null/registration/driver_module.c	blob	100644	7ffa9007f4153b138c45a4136acb25f02b13d370
runtime/src/iree/hal/drivers/null/registration/driver_module.h	blob	100644	4ad0bd44f53a659aa074a9b906afb643c4441bf9
runtime/src/iree/hal/drivers/null/semaphore.c	blob	100644	c4e25a20a858fa3e0d7a4a1b23422c1164ab575f
runtime/src/iree/hal/drivers/null/semaphore.h	blob	100644	8b1d003dba5d63c02863daec5f8291c93973a2fd
runtime/src/iree/hal/drivers/vulkan/BUILD.bazel	blob	100644	5865b22a386bf75408dfc815ed9f343718e1872f
runtime/src/iree/hal/drivers/vulkan/CMakeLists.txt	blob	100644	7aef0bb7ba2fcb49fa2817f0148311cc53e02959
runtime/src/iree/hal/drivers/vulkan/allocator.c	blob	100644	04940043186bafeae9eb034c2e0a08e9b8ad9547
runtime/src/iree/hal/drivers/vulkan/allocator.h	blob	100644	7ce582378f77e6201649c2fa14c61a05c6aad529
runtime/src/iree/hal/drivers/vulkan/api.c	blob	100644	362a0744d5d85b12cbc5b0074e6e8b1d74f7e847
runtime/src/iree/hal/drivers/vulkan/api.h	blob	100644	fd384d25df4866b4482887b8881f236b12a66722
runtime/src/iree/hal/drivers/vulkan/api_test.cc	blob	100644	9997e0ec9d0a890b8683f9dbe68eab50527478bc
runtime/src/iree/hal/drivers/vulkan/buffer.c	blob	100644	15ac709542d6c4a64cc0bd1d32d9e4a6456e5524
runtime/src/iree/hal/drivers/vulkan/buffer.h	blob	100644	806174132660ce329133bba0f9a2362cad9e7e50
runtime/src/iree/hal/drivers/vulkan/builtins.c	blob	100644	5319ba38cd8556b162010cd80f7891b9f8756a6a
runtime/src/iree/hal/drivers/vulkan/builtins.h	blob	100644	9276e0f9131e8f908617897399611e979cb1e98c
runtime/src/iree/hal/drivers/vulkan/command_buffer.c	blob	100644	896b29c2fdbb202f0b6cdbb6423f7ac32574ad00
runtime/src/iree/hal/drivers/vulkan/command_buffer.h	blob	100644	f5c5c2f05e5592f6ada76c11f96ed95adba708c0
runtime/src/iree/hal/drivers/vulkan/command_buffer_test.cc	blob	100644	b3d88295aed6dbf793efa171901df1d869426097
runtime/src/iree/hal/drivers/vulkan/cts/BUILD.bazel	blob	100644	bc2787d9a64e0378cdfcbb8cbc86f0e9c21dc230
runtime/src/iree/hal/drivers/vulkan/cts/CMakeLists.txt	blob	100644	5a9daaca0364b2be034d40ed61052cec32aeb3b8
runtime/src/iree/hal/drivers/vulkan/cts/allocator_guardrail_test.cc	blob	100644	fec9c3408db4c43b3d6afd15eb858e0f09b5c6a6
runtime/src/iree/hal/drivers/vulkan/cts/allocator_virtual_memory_test.cc	blob	100644	162a2632f52b7f9661d30850854ec908c165b551
runtime/src/iree/hal/drivers/vulkan/cts/backends.cc	blob	100644	9fcb25fd5bd224af333dc9c0bc5f5511775abe30
runtime/src/iree/hal/drivers/vulkan/cts/bda_backends.cc	blob	100644	b38e70ea3ef614e4ce8440cf4ada4cae50caee0c
runtime/src/iree/hal/drivers/vulkan/cts/bda_dispatch_validation_test.cc	blob	100644	3d3dd3bbfa58915aad89748b846334c34649834b
runtime/src/iree/hal/drivers/vulkan/cts/bda_raw_spirv_test.cc	blob	100644	76db547aec901220d365976b2d90b746be2d8a35
runtime/src/iree/hal/drivers/vulkan/cts/file_test.cc	blob	100644	d7d8992fb8a14ac7270572368cc8aeb05723e6f9
runtime/src/iree/hal/drivers/vulkan/cts/profiling_test.cc	blob	100644	e6526219cf485c15ae02c9d673326ffed6668427
runtime/src/iree/hal/drivers/vulkan/cts/queue_descriptor_cache_test.cc	blob	100644	edc135a289214e8a9ae51008f33a07d393ec862b
runtime/src/iree/hal/drivers/vulkan/debug_utils.c	blob	100644	1f0fd76c07f54dcaa1c72d769a90b6b378f5fee3
runtime/src/iree/hal/drivers/vulkan/debug_utils.h	blob	100644	53307b1ad806f8761a7cf9b5d12dc24e39fd1c92
runtime/src/iree/hal/drivers/vulkan/debug_utils_test.cc	blob	100644	5e90f14dd00272b359415932edc86e6666fd8cf9
runtime/src/iree/hal/drivers/vulkan/device_options.c	blob	100644	3ad6d6d428ed2d0544b5dcc76800e422ab52992e
runtime/src/iree/hal/drivers/vulkan/device_options.h	blob	100644	88e13f93ab581a17296957b8ae298867ee227081
runtime/src/iree/hal/drivers/vulkan/device_options_test.cc	blob	100644	523b9de18913b873f5a470d8d3a4bab31ed57d98
runtime/src/iree/hal/drivers/vulkan/device_plan.c	blob	100644	30b39de51b043ff6cf107d4ff9da7105f3a8ca9e
runtime/src/iree/hal/drivers/vulkan/device_plan.h	blob	100644	49b57b80febf8ebb2d5911c817d26fadf9f3cfe6
runtime/src/iree/hal/drivers/vulkan/device_plan_test.cc	blob	100644	d915318613d832f34f44bb809928a9f5a6e96480
runtime/src/iree/hal/drivers/vulkan/driver.c	blob	100644	48aa90f65835cde873b33a7f3dd8b335254f54f8
runtime/src/iree/hal/drivers/vulkan/driver.h	blob	100644	1067fa97bc1bbcfa0141a6298cb1f5b24c402625
runtime/src/iree/hal/drivers/vulkan/executable.c	blob	100644	9cdbbae5ce1d0b1d981f77bf8219202670f25f8e
runtime/src/iree/hal/drivers/vulkan/executable.h	blob	100644	2ca868535b6aceb5845db03e688097f85e70b4d7
runtime/src/iree/hal/drivers/vulkan/executable_cache.c	blob	100644	e227bd9dd8b8fe749935657b9d87adf9c7e41655
runtime/src/iree/hal/drivers/vulkan/executable_cache.h	blob	100644	9d55948c5c12ddb62e4a9b60fc6d31bb8b85c9e0
runtime/src/iree/hal/drivers/vulkan/executable_test.cc	blob	100644	527f8fa5b2a16b2095e4ba8c82fe63f95d6216b9
runtime/src/iree/hal/drivers/vulkan/logical_device.c	blob	100644	2432d5563c6be7eda0693ef3561c87dd4e82a332
runtime/src/iree/hal/drivers/vulkan/logical_device.h	blob	100644	228e410f362256fe094d01fc52d7e7cba4b6a135
runtime/src/iree/hal/drivers/vulkan/physical_device.c	blob	100644	8f60ba0b7edf884bfa896265c26e3e26c9530433
runtime/src/iree/hal/drivers/vulkan/physical_device.h	blob	100644	38a11e678a062b6b57f4407bb8634845297367c7
runtime/src/iree/hal/drivers/vulkan/physical_device_selection.c	blob	100644	c31f69ced06278f45534701f610194676fb88640
runtime/src/iree/hal/drivers/vulkan/physical_device_selection.h	blob	100644	0084e66b6d216ec506a2f9bac702f05f7fdbb017
runtime/src/iree/hal/drivers/vulkan/physical_device_selection_test.cc	blob	100644	0412e9de82649af45087dd55450190bab882892e
runtime/src/iree/hal/drivers/vulkan/queue.c	blob	100644	e79a0e0420205b56b6e0fd99e707e6e6b03f3830
runtime/src/iree/hal/drivers/vulkan/queue.h	blob	100644	3fd771cfc8ef68f7ce542de0aef683d7262464f1
runtime/src/iree/hal/drivers/vulkan/registration/BUILD.bazel	blob	100644	ad874cbdba5ac5ec1346f129fbfa9838c95de257
runtime/src/iree/hal/drivers/vulkan/registration/CMakeLists.txt	blob	100644	14b635c5754713f85f3753650d985330a86089a3
runtime/src/iree/hal/drivers/vulkan/registration/driver_module.c	blob	100644	4c807ce1a0f85d4a46122b2f1febfd5cebf3310c
runtime/src/iree/hal/drivers/vulkan/registration/driver_module.h	blob	100644	3501f0802696a1999d34925c01c6e703d180dce3
runtime/src/iree/hal/drivers/vulkan/semaphore.c	blob	100644	7d8b527cdec217b514edacd4e0eb00a504582bf9
runtime/src/iree/hal/drivers/vulkan/semaphore.h	blob	100644	ccdf1829ecc8f490ec278d334bb2a64a23f95c0b
runtime/src/iree/hal/drivers/vulkan/slab_provider.c	blob	100644	5640f4db68b3164e892bbf5df6536a19bfa024a1
runtime/src/iree/hal/drivers/vulkan/slab_provider.h	blob	100644	7be3786086fdc2497d9f07b1b7aeaf4537d42ee4
runtime/src/iree/hal/drivers/vulkan/sparse_buffer.c	blob	100644	f31b97469b6edfea85ab71f9fe024206c55e9711
runtime/src/iree/hal/drivers/vulkan/sparse_buffer.h	blob	100644	a3504f3271a29aebec5890ad2c397116d7ebcb80
runtime/src/iree/hal/drivers/vulkan/spirv.c	blob	100644	11ca1809d6f0909399d434d36bc74ace30321a4e
runtime/src/iree/hal/drivers/vulkan/spirv.h	blob	100644	8e1e4d92ae0ad972a2fdf51c5f44de90bbede19f
runtime/src/iree/hal/drivers/vulkan/spirv_test.cc	blob	100644	f85552e8cc945d19ea25211d45b10481da302b87
runtime/src/iree/hal/drivers/vulkan/syms.h	blob	100644	dfed6a6caafe62a4df6bec2755a48c7f07bf6ba0
runtime/src/iree/hal/drivers/vulkan/util/BUILD.bazel	blob	100644	e1fe2dd1e24bd720fd5f91847bb28b56cfb81f4d
runtime/src/iree/hal/drivers/vulkan/util/CMakeLists.txt	blob	100644	42be34a0933565f20f9c4f40c7e321b462b16831
runtime/src/iree/hal/drivers/vulkan/util/libvulkan.c	blob	100644	1776079b29b020015dc3c33340a78673633fc5d6
runtime/src/iree/hal/drivers/vulkan/util/libvulkan.h	blob	100644	612d35a95e1686d1ab6b0540c694e4d2db63f858
runtime/src/iree/hal/drivers/vulkan/util/libvulkan_tables.h	blob	100644	f3873ec7cb0665b70eceea817b458c57c23030c3
runtime/src/iree/hal/drivers/webgpu/BUILD.bazel	blob	100644	41da5a4eda346e2d15d65b79616e6e4d0645943f
runtime/src/iree/hal/drivers/webgpu/CMakeLists.txt	blob	100644	f1c9c52065f66f0c9439cc4e5588d8013f18081a
runtime/src/iree/hal/drivers/webgpu/api.h	blob	100644	36d6a1d78378b7197ad991236ad04c0d78048baf
runtime/src/iree/hal/drivers/webgpu/cts/BUILD.bazel	blob	100644	f5e6f129cadc42bbbdedb1ae9790cb7394acd298
runtime/src/iree/hal/drivers/webgpu/cts/CMakeLists.txt	blob	100644	f645bc1b6bbfeef38d4d3d825f2f66748e8838e6
runtime/src/iree/hal/drivers/webgpu/cts/backends.cc	blob	100644	9e8f9d2496ca4fc128ae2aaf22f13410e8437fc9
runtime/src/iree/hal/drivers/webgpu/cts/webgpu_cts_main.mjs	blob	100644	848c2bde36f8eddc206622901bfd2b8c4fa73e33
runtime/src/iree/hal/drivers/webgpu/handle_table.c	blob	100644	98cc2bf363f16f8ec6957f9d7332cca978e5d7e6
runtime/src/iree/hal/drivers/webgpu/handle_table.h	blob	100644	bda44222b2e090ccc4fc5ca12b792ab94c1e94cc
runtime/src/iree/hal/drivers/webgpu/handle_table_test.cc	blob	100644	4bd1f1191e1628fca93c76373074fbc9bb3c1043
runtime/src/iree/hal/drivers/webgpu/registration/BUILD.bazel	blob	100644	8bf21be9a693d5e482eae00cfdedbddd5f5f10a5
runtime/src/iree/hal/drivers/webgpu/registration/CMakeLists.txt	blob	100644	159b125c2684986f1d81b218b8d80a1e6d740462
runtime/src/iree/hal/drivers/webgpu/registration/driver_module.c	blob	100644	4f58e16caf68cc4c52e004d044b55be637fbd0d8
runtime/src/iree/hal/drivers/webgpu/registration/driver_module.h	blob	100644	25b7c1a705f85c4e295f8a70c0b95f9054684135
runtime/src/iree/hal/drivers/webgpu/webgpu.h	blob	100644	a44ff6ca71ddeeabf325b0e6d2d7669a2ecf4388
runtime/src/iree/hal/drivers/webgpu/webgpu_allocator.c	blob	100644	7232fccfced2ba50091ad1ba92c84aea7c25e76b
runtime/src/iree/hal/drivers/webgpu/webgpu_allocator.h	blob	100644	5fa01c9f5935592f94c15906832009d8a2439344
runtime/src/iree/hal/drivers/webgpu/webgpu_buffer.c	blob	100644	d844f7b6c3fe618a69d0ded35cc993673fc5c424
runtime/src/iree/hal/drivers/webgpu/webgpu_buffer.h	blob	100644	b716b8729f383b4fec9e4fcf4338a56f9370f6ac
runtime/src/iree/hal/drivers/webgpu/webgpu_builder.c	blob	100644	6a81191a3f0918326c99889dbfbbc935d085187f
runtime/src/iree/hal/drivers/webgpu/webgpu_builder.h	blob	100644	2234a7ff67243309f1866a5248c63b8e2064487b
runtime/src/iree/hal/drivers/webgpu/webgpu_builtins.c	blob	100644	c96774aaedbb8ff776b76278fc8fc809670f3c54
runtime/src/iree/hal/drivers/webgpu/webgpu_builtins.h	blob	100644	974b23b6b3422f711b709dece75d80fa8740b380
runtime/src/iree/hal/drivers/webgpu/webgpu_command_buffer.c	blob	100644	efff22dc6938915de8435d38b075c00757e361d4
runtime/src/iree/hal/drivers/webgpu/webgpu_command_buffer.h	blob	100644	a057d8934bdd4b0807d2386509d5aee893db1314
runtime/src/iree/hal/drivers/webgpu/webgpu_device.c	blob	100644	4a2e811b7480da95b421487680e67c582b709f2d
runtime/src/iree/hal/drivers/webgpu/webgpu_device.h	blob	100644	b9208e2c2719320a4c0927f091bb452bcc98c990
runtime/src/iree/hal/drivers/webgpu/webgpu_driver.c	blob	100644	3b5f18be256548a99bcf88e5908f7bf04fe6b9c6
runtime/src/iree/hal/drivers/webgpu/webgpu_driver.h	blob	100644	84f47d4415a6b60b41d4c3d4b0313a5f7a274b99
runtime/src/iree/hal/drivers/webgpu/webgpu_executable.c	blob	100644	c5c95d9070e5f848144c167afea8657733d77d7b
runtime/src/iree/hal/drivers/webgpu/webgpu_executable.h	blob	100644	13c67eab8ea552fdc0f8742c35e0c9f3ccdc7f26
runtime/src/iree/hal/drivers/webgpu/webgpu_executable_cache.c	blob	100644	14dc22c7d5ae2c93f562d156b8e969cce6665267
runtime/src/iree/hal/drivers/webgpu/webgpu_executable_cache.h	blob	100644	7dc5112711ac64c89a8d178919465a33d5827b68
runtime/src/iree/hal/drivers/webgpu/webgpu_fd_file.c	blob	100644	1225790242af7926687e221db368f4bb5a9c1900
runtime/src/iree/hal/drivers/webgpu/webgpu_fd_file.h	blob	100644	597d755413ead8386e8a09dc47c8858f4fe67b7f
runtime/src/iree/hal/drivers/webgpu/webgpu_imports.h	blob	100644	4bd31a7f404afaf7c7caa9f6774fb3f4817d2a58
runtime/src/iree/hal/drivers/webgpu/webgpu_imports.mjs	blob	100644	5ab20c77292b86cd53ccb0b07d1aaae91aebd6c6
runtime/src/iree/hal/drivers/webgpu/webgpu_isa.h	blob	100644	db1aeb810e2ac5d770c28715884240f300cde59d
runtime/src/iree/hal/drivers/webgpu/webgpu_queue.c	blob	100644	92f1d4c26872eb6b38f86d508ff1ddeda2436ea0
runtime/src/iree/hal/drivers/webgpu/webgpu_queue.h	blob	100644	07c7e8946e26a291b355b397fd5cb39f25a39cec
runtime/src/iree/hal/drivers/webgpu/webgpu_semaphore.c	blob	100644	d032a5de4763daaf0e20bf7066b12bc64b18eee5
runtime/src/iree/hal/drivers/webgpu/webgpu_semaphore.h	blob	100644	8423d6362f547af5361854c94758bd54a524f5be
runtime/src/iree/hal/event.c	blob	100644	ad275298ccb262a0ba8e57a5b93ee867b18a88fc
runtime/src/iree/hal/event.h	blob	100644	42f3993dad925f64e44a8b64c041b82eb057ae08
runtime/src/iree/hal/executable.c	blob	100644	d29576c7800f3333fa45c47a9fb68c5bd282548c
runtime/src/iree/hal/executable.h	blob	100644	dd7c171108507478b0bc9f25859bb670903b37ba
runtime/src/iree/hal/executable_cache.c	blob	100644	5b4d0560c08a70494212fdbd14010b91d79327f9
runtime/src/iree/hal/executable_cache.h	blob	100644	54e34bd696e867306b898a045fcfada212e718e7
runtime/src/iree/hal/fence.c	blob	100644	ae1e0df70c88444e601972fab35169bbf3be92a1
runtime/src/iree/hal/fence.h	blob	100644	d275364454e2fa011daef30089f8b5f117091bcb
runtime/src/iree/hal/file.c	blob	100644	835a5b75b00062fba3f7d9da9c2b706b487fe2fd
runtime/src/iree/hal/file.h	blob	100644	bbd5fcd9ddd959120bc2beb8f675dfa4384bac5d
runtime/src/iree/hal/local/BUILD.bazel	blob	100644	3f5e1be4ed821f74c455d1f7c9149dce6d36d9a3
runtime/src/iree/hal/local/CMakeLists.txt	blob	100644	bf4ad5ccf03fa9c5e00354dc3b85ef3227d60142
runtime/src/iree/hal/local/elf/BUILD.bazel	blob	100644	d9b5884f45763a2a9ab9b113815a96f42eee9c13
runtime/src/iree/hal/local/elf/CMakeLists.txt	blob	100644	22c6cb7fa39049499e9d06a0b7d7d3561311a262
runtime/src/iree/hal/local/elf/arch.h	blob	100644	7cec1ca8e9f24e220b600105fc811c6d64b62689
runtime/src/iree/hal/local/elf/arch/arm_32.c	blob	100644	3cd3ba3532f177c2a4e62722dbb9d5171a207172
runtime/src/iree/hal/local/elf/arch/arm_64.c	blob	100644	1b0bf296dfd03efd986f6ae4a7856b87c82b9f43
runtime/src/iree/hal/local/elf/arch/riscv.c	blob	100644	e8ad89a92ca688cd0272544288c8794b397dfd46
runtime/src/iree/hal/local/elf/arch/x86_32.c	blob	100644	58c721186e85682271f59561133053345ab8e0cd
runtime/src/iree/hal/local/elf/arch/x86_64.c	blob	100644	1a9a94c151c578f27f63c907dd02567a9b611074
runtime/src/iree/hal/local/elf/arch/x86_64_msvc.asm	blob	100644	219b9b15f2cdf23439f7fe2f0c62845dd9fffec9
runtime/src/iree/hal/local/elf/elf_module.c	blob	100644	f87ed81cc0770352d2c10890a4120239d8af6cae
runtime/src/iree/hal/local/elf/elf_module.h	blob	100644	326673d3bb1a85341aac32f0682bb6bf4302f4d1
runtime/src/iree/hal/local/elf/elf_module_test_main.c	blob	100644	9401b7a171310f13880df929090f1e786ddb0948
runtime/src/iree/hal/local/elf/elf_types.h	blob	100644	e02de49f168207ec4cf45f4339fa9c69a8f182db
runtime/src/iree/hal/local/elf/fatelf.c	blob	100644	dd5352e49c0373d2d9f864c456333bf94cdaa2d2
runtime/src/iree/hal/local/elf/fatelf.h	blob	100644	7d7a6472af180a661d2446120c22549b6373d667
runtime/src/iree/hal/local/elf/platform.h	blob	100644	2460f620c5cb2609c401c916c6e29d9a0cdd9c97
runtime/src/iree/hal/local/elf/platform/apple.c	blob	100644	63f4f7ef57ddb5564464cf2ee0ea2ade1e371cce
runtime/src/iree/hal/local/elf/platform/generic.c	blob	100644	4e44c4fb64e99dcc44fe9b9322601c072fb17522
runtime/src/iree/hal/local/elf/platform/linux.c	blob	100644	7960f3de78e7932049920376292778cdff01d1d2
runtime/src/iree/hal/local/elf/platform/windows.c	blob	100644	a3745ba76fc9c1b736f0b5546eb835aa89353730
runtime/src/iree/hal/local/elf/testdata/BUILD.bazel	blob	100644	7791a8ecb964f61339eae5b4865339b3a368a103
runtime/src/iree/hal/local/elf/testdata/CMakeLists.txt	blob	100644	76f06482d783fe5b26c5d5b72d194ef5aeef6f4b
runtime/src/iree/hal/local/elf/testdata/elementwise_mul.mlir	blob	100644	63da86ee96cca760a5365e265325a7c0ff3885fe
runtime/src/iree/hal/local/elf/testdata/elementwise_mul_arm_32.so	blob	100644	1945a6df71253a97d9b606ec09f64a43997f83df
runtime/src/iree/hal/local/elf/testdata/elementwise_mul_arm_64.so	blob	100644	0cb147d2d9ca33082236444f9a878334dcabb177
runtime/src/iree/hal/local/elf/testdata/elementwise_mul_benchmark.txt	blob	100644	88cd29e93cac7309027ea7712adc4de3b1f4bf5e
runtime/src/iree/hal/local/elf/testdata/elementwise_mul_riscv_32.so	blob	100644	3e21eb708a393507c377dd4569563f7b7800f6f6
runtime/src/iree/hal/local/elf/testdata/elementwise_mul_riscv_64.so	blob	100644	a35efac1c338b5dc24c345dfc1e1b367a56fda73
runtime/src/iree/hal/local/elf/testdata/elementwise_mul_x86_32.so	blob	100644	fba8744a1f02cb5f84757f08b72b7b916a83fa75
runtime/src/iree/hal/local/elf/testdata/elementwise_mul_x86_64.so	blob	100644	7f7f27a0f4c0cc7c3654c90f2e6192557757f3fa
runtime/src/iree/hal/local/elf/testdata/generate.sh	blob	100755	e9ba6214e3268dd82478500761ce9af57825f83b
runtime/src/iree/hal/local/executable_environment.c	blob	100644	3d6125a3694b5bc4a01fafc49f79aaa54518c0b2
runtime/src/iree/hal/local/executable_environment.h	blob	100644	029a0ee2c9080f168e5b3404bb29d11bfa4a75b5
runtime/src/iree/hal/local/executable_format.c	blob	100644	3b37caf066907718eba4af433b89c3a01605e455
runtime/src/iree/hal/local/executable_format.h	blob	100644	26eff92125ae0b1f84f0c89cd765d3b268cc20f7
runtime/src/iree/hal/local/executable_library.h	blob	100644	164b75f959fdb5dc4a8edbab2521a656c222b338
runtime/src/iree/hal/local/executable_library_benchmark.c	blob	100644	ebeacdc4e54f385b6d1e34f1fc012392f74e3644
runtime/src/iree/hal/local/executable_library_benchmark.md	blob	100644	ab6f32a6665ffeb7263873c735805eca527e4933
runtime/src/iree/hal/local/executable_library_demo.c	blob	100644	3271eeaed6589a9644e771c3d83165ce8dfc1d0f
runtime/src/iree/hal/local/executable_library_demo.h	blob	100644	01637d5a46239989717955929a975b977c78533d
runtime/src/iree/hal/local/executable_library_test.c	blob	100644	b6ffc363f57686d361cfb763799474cfd0fb910a
runtime/src/iree/hal/local/executable_library_util.c	blob	100644	789014584e11327f79870c4e8f6c909855913574
runtime/src/iree/hal/local/executable_library_util.h	blob	100644	ca0db15bd5556a175cfdc70f58fdceb1afebf4e4
runtime/src/iree/hal/local/executable_loader.c	blob	100644	80cb4ec66aeb8c8839d7eab5bd649a58ff0ecdf8
runtime/src/iree/hal/local/executable_loader.h	blob	100644	f4b98ff7bf3edea02efe67a14115de94f77b0b61
runtime/src/iree/hal/local/executable_plugin.h	blob	100644	3bc6d31ef6380b4f8d7adc6d8a38149d8d286bd1
runtime/src/iree/hal/local/executable_plugin_manager.c	blob	100644	53cb8be4d87c313ba284ceed420648ba649ba04e
runtime/src/iree/hal/local/executable_plugin_manager.h	blob	100644	b33222e1bbb20d5799fcee3d0a0f56cb5308860c
runtime/src/iree/hal/local/inline_command_buffer.c	blob	100644	e67a1a2647205b63c03052397a92af2621862cff
runtime/src/iree/hal/local/inline_command_buffer.h	blob	100644	c6a3372aecf31c0081361851928c442199d076d9
runtime/src/iree/hal/local/inline_dispatch.c	blob	100644	f2daaba95741502d6075878ea04b3c87d3234136
runtime/src/iree/hal/local/inline_dispatch.h	blob	100644	f227f48abac13349927757897a20d6a4adc06a81
runtime/src/iree/hal/local/loaders/BUILD.bazel	blob	100644	36e4a2f85f0e78d896440f2b6ee55bb6ed7ccca1
runtime/src/iree/hal/local/loaders/CMakeLists.txt	blob	100644	b6b1a63511b9f4494d37f81bffbe85015fc49d2f
runtime/src/iree/hal/local/loaders/embedded_elf_loader.c	blob	100644	e4050f142b5dfc85235be77dca69c17426e2c11b
runtime/src/iree/hal/local/loaders/embedded_elf_loader.h	blob	100644	c811d83e1dc96633a6e7c41ea8c68dab19d6ba68
runtime/src/iree/hal/local/loaders/registration/BUILD.bazel	blob	100644	e9cc50a8f5f71c061a3ed3db2f5d93ad1f11bae9
runtime/src/iree/hal/local/loaders/registration/CMakeLists.txt	blob	100644	7b3cb94681a3dd75a88c0c653cce4946d3f68e01
runtime/src/iree/hal/local/loaders/registration/init.c	blob	100644	e125e337933cf68c38de2abac334e6c3f9bf1fbd
runtime/src/iree/hal/local/loaders/registration/init.h	blob	100644	7b0af98b55279699c31d1be1dbce90297048012d
runtime/src/iree/hal/local/loaders/static_library_loader.c	blob	100644	41c0af039539e434ecc65431958e6c75d9f8ce86
runtime/src/iree/hal/local/loaders/static_library_loader.h	blob	100644	63ed4c4bcdf7ed30a0ef60c7ac7a848de3a602a9
runtime/src/iree/hal/local/loaders/system_library_loader.c	blob	100644	bb4e68e8722372b15d2592c73d62952627d344be
runtime/src/iree/hal/local/loaders/system_library_loader.h	blob	100644	7a1c06edde1cc5424fb44b531162500be24767f3
runtime/src/iree/hal/local/loaders/vmvx_module_loader.c	blob	100644	7f8a59131f38df84d6d55a29e181a4280a052ae4
runtime/src/iree/hal/local/loaders/vmvx_module_loader.h	blob	100644	12f697c17071b1247f5977d2f46239ef1fc3ec55
runtime/src/iree/hal/local/local_executable.c	blob	100644	514dc8816cb7323ec7047a979c905b9d2ed55273
runtime/src/iree/hal/local/local_executable.h	blob	100644	b3671c115858e0b8eaecb5d6b493e07a69401b0d
runtime/src/iree/hal/local/local_executable_cache.c	blob	100644	fc5da3a2f0682aba3eaa5a223bc0678f3c49702d
runtime/src/iree/hal/local/local_executable_cache.h	blob	100644	7721aebfaac8c04b11476a0bd68f5abb1d967337
runtime/src/iree/hal/local/plugins/BUILD.bazel	blob	100644	26987c1f958d6e95a95525c0eb1b9f6394bd8208
runtime/src/iree/hal/local/plugins/CMakeLists.txt	blob	100644	2277cb19df62177714cfb0483482af00ddfb5ae4
runtime/src/iree/hal/local/plugins/embedded_elf_plugin.c	blob	100644	7d8e7572235f74a495c6a026ff56393b6302c51f
runtime/src/iree/hal/local/plugins/embedded_elf_plugin.h	blob	100644	46d62e67a0abd9b0e3a8e0f4d8791694e74384be
runtime/src/iree/hal/local/plugins/registration/BUILD.bazel	blob	100644	5d39b50b7776da762e8594988a4d9c2f07e858a6
runtime/src/iree/hal/local/plugins/registration/CMakeLists.txt	blob	100644	05f288ef79726ab56b6bf4ad535003416d609d61
runtime/src/iree/hal/local/plugins/registration/init.c	blob	100644	a9a9c0ac1d5bfd91991279621feadd5f86a0d3e3
runtime/src/iree/hal/local/plugins/registration/init.h	blob	100644	3370b0ed6fc3c0ed841f56cb817a2d30c90aa8d3
runtime/src/iree/hal/local/plugins/static_plugin.c	blob	100644	4a5056f5e153ad4f1f7a039f8a2d8ccc401160ce
runtime/src/iree/hal/local/plugins/static_plugin.h	blob	100644	340c6cd3e96e75ddfa5fe3ae422ae28de341ba75
runtime/src/iree/hal/local/plugins/system_library_plugin.c	blob	100644	aada3ad803a207834d651b471526ce17bcbf63d3
runtime/src/iree/hal/local/plugins/system_library_plugin.h	blob	100644	c3fc5db094f418eacaa6484a21fd3e609d968327
runtime/src/iree/hal/local/profile.c	blob	100644	9695811bdf2705a118b5c9ad93428511c88582d7
runtime/src/iree/hal/local/profile.h	blob	100644	d7ab8f82d9343db26210c1ed126380a1b96ebeb1
runtime/src/iree/hal/local/profile_test.cc	blob	100644	4de1d19a4bd3f2eb88e18baa217462b74d745499
runtime/src/iree/hal/local/transient_buffer.c	blob	100644	de2eee1111260c33d44db3b1da70cce64d6b894c
runtime/src/iree/hal/local/transient_buffer.h	blob	100644	58ec1824c4827af9880fb1a40892d2284a2182f7
runtime/src/iree/hal/memory/BUILD.bazel	blob	100644	3da8dcd64dbec232e203fcbba64cb51982485060
runtime/src/iree/hal/memory/CMakeLists.txt	blob	100644	5a9a5c7f38ed188c12694e467fcad17c84582971
runtime/src/iree/hal/memory/arena.c	blob	100644	9a75af8e6ccc81a580c0997422ba9599574994ae
runtime/src/iree/hal/memory/arena.h	blob	100644	bf94386e575e2dddc1ef4a9c9d824d1ca6fb3356
runtime/src/iree/hal/memory/arena_benchmark.cc	blob	100644	c3419357b258b87c03c1f4b0eeed047a9a31f62d
runtime/src/iree/hal/memory/arena_test.cc	blob	100644	c1a1c02b8e2c90484a010687b40f29c46e47045b
runtime/src/iree/hal/memory/cpu_slab_provider.c	blob	100644	79866fb034c88a4003fc933dde6af3ffd576ad1f
runtime/src/iree/hal/memory/cpu_slab_provider.h	blob	100644	4baa77439abe470f40f29d7a508da978451f448f
runtime/src/iree/hal/memory/fixed_block_allocator.c	blob	100644	f0717018ee4fa248206a0a56daa7948274f009f9
runtime/src/iree/hal/memory/fixed_block_allocator.h	blob	100644	db38c8ed302daadb9ce44b102071278965a83577
runtime/src/iree/hal/memory/fixed_block_allocator_benchmark.cc	blob	100644	3718c837465eddfad1efa573932c90cc8625c8fa
runtime/src/iree/hal/memory/fixed_block_allocator_test.cc	blob	100644	405218f756d4b177094248d02cc8fc0b549c21e0
runtime/src/iree/hal/memory/fixed_block_pool.c	blob	100644	ea7d9355425a5e1b836eb2a3c13d22ebce3003e8
runtime/src/iree/hal/memory/fixed_block_pool.h	blob	100644	71b0519369ed366a4455f3354b01062c72fcbb3e
runtime/src/iree/hal/memory/fixed_block_pool_test.cc	blob	100644	e98e10cfafea3b9c2b601930971f76bafd2ff425
runtime/src/iree/hal/memory/passthrough_pool.c	blob	100644	0758cfbf7b35392f72c13921269bcab52a269263
runtime/src/iree/hal/memory/passthrough_pool.h	blob	100644	425ca55e44ab6b0ea100a731994ceec3138b30b1
runtime/src/iree/hal/memory/passthrough_pool_test.cc	blob	100644	ecf357222dffee676617b488251a825740fc07c2
runtime/src/iree/hal/memory/slab_cache.c	blob	100644	0894ca9ab81ad32b3ab1d322e1c64f65463ea176
runtime/src/iree/hal/memory/slab_cache.h	blob	100644	db6059669b5c528d64209bcde12951a41f21a1ce
runtime/src/iree/hal/memory/slab_provider.c	blob	100644	fef1948bccef8d4232b0e79ea7173a1374602e79
runtime/src/iree/hal/memory/slab_provider.h	blob	100644	f133e3a55c94606c2bf1dd0b588459a8551e7adf
runtime/src/iree/hal/memory/tlsf.c	blob	100644	2c4f38eccc94793e64ffe42e4afd754e1373f994
runtime/src/iree/hal/memory/tlsf.h	blob	100644	bed6bd79a3d4a79d58b273669c6acd06d6bf68d3
runtime/src/iree/hal/memory/tlsf_benchmark.cc	blob	100644	814e859e0a14933088c3af129e101e474f6d6cfe
runtime/src/iree/hal/memory/tlsf_pool.c	blob	100644	fbebfbf679214bf7c87e853e887384e5661e33fc
runtime/src/iree/hal/memory/tlsf_pool.h	blob	100644	4b68136c11223c8891d8c925af7e1ad8ab096d59
runtime/src/iree/hal/memory/tlsf_pool_test.cc	blob	100644	7053e981b71345ce3b3e2f7f62090deaea4a397c
runtime/src/iree/hal/memory/tlsf_test.cc	blob	100644	b991c86fbcce39eb1a60b9fd1a0bf25e0517fcc3
runtime/src/iree/hal/memory/tracing.c	blob	100644	d475470810a2815d7dc27e1bc8a63388ecbd3867
runtime/src/iree/hal/memory/tracing.h	blob	100644	bea06190c846801c4c6a193006b8d24e399ebf7c
runtime/src/iree/hal/pool.c	blob	100644	2e0c5e6e3d4f09f022e2ba06e2e92d556f7c7849
runtime/src/iree/hal/pool.h	blob	100644	930ae620a255c8e173fd11544f35d2dad93947e4
runtime/src/iree/hal/pool_set.c	blob	100644	84a88092131f6051390aef009c9cc5eddb958f8b
runtime/src/iree/hal/pool_set.h	blob	100644	6392c244272d6e0a4a267d65eebfdad36b30368c
runtime/src/iree/hal/pool_test.cc	blob	100644	861cec8262b54eca4a106778e25f1bcde56b2ef2
runtime/src/iree/hal/profile_metrics.c	blob	100644	e7973315cc1ab8bf048d47e7901fcd0ba8795b91
runtime/src/iree/hal/profile_metrics.h	blob	100644	1d35696d48ee2c07eb143b6aa0d8ee82dcfab374
runtime/src/iree/hal/profile_metrics.inc	blob	100644	d1f4dc875450ef598066db129b4e89b38a287523
runtime/src/iree/hal/profile_metrics_test.cc	blob	100644	cc0937fa0ae326f2263a27299f3ea4c293a03806
runtime/src/iree/hal/profile_options.c	blob	100644	85b779e672bcd02c9e77c4cd0b747853597c7a61
runtime/src/iree/hal/profile_options.h	blob	100644	9cf55a58e94e491d072c4e3484914f99b1277a2c
runtime/src/iree/hal/profile_schema.h	blob	100644	66e9ff6884c9761dd3a189a158fe84628ce642f0
runtime/src/iree/hal/profile_sink.c	blob	100644	11a1505ad70f9ee310dd43182e49dd4f1d883b87
runtime/src/iree/hal/profile_sink.h	blob	100644	57b777936d786b0ad72ca33160ae2465def9f23a
runtime/src/iree/hal/queue.h	blob	100644	a26ea2d20a875425eebd0737178bc1601b7b9814
runtime/src/iree/hal/replay/BUILD.bazel	blob	100644	a924587080f79ce183ee59c57aa1021909f37038
runtime/src/iree/hal/replay/CMakeLists.txt	blob	100644	720aea551a31867d1abaa25e058d6edc721745f0
runtime/src/iree/hal/replay/digest.c	blob	100644	72a1afb19575cd07989633a9f1d1c32d87febc38
runtime/src/iree/hal/replay/digest.h	blob	100644	37a8df0965fea13ea3f4c35769d861d586346d5f
runtime/src/iree/hal/replay/dump.c	blob	100644	48764770ea402323ab6c014b31ce484377191445
runtime/src/iree/hal/replay/dump.h	blob	100644	17e69c34de0c1d30286f11d24f1cda8aca6bc0b4
runtime/src/iree/hal/replay/dump_test.cc	blob	100644	3c36db9342934e83f3143e0ea1ca2dd287bcca24
runtime/src/iree/hal/replay/execute.c	blob	100644	a5f99b6562b7975e16fe1d54ab988e55553dd162
runtime/src/iree/hal/replay/execute.h	blob	100644	6370e85da7391352056ad83cee472d73ef61a3cb
runtime/src/iree/hal/replay/execute_test.cc	blob	100644	c7ca7945b267032966ee07ea071afecd0a900baa
runtime/src/iree/hal/replay/file.h	blob	100644	cd0fd6fd0247954ba56534b315a4bc6ef2faa8e9
runtime/src/iree/hal/replay/file_reader.c	blob	100644	cbf9be2736a523941579487010e7ff0c39902870
runtime/src/iree/hal/replay/file_reader.h	blob	100644	1ea53a2056ccd30494fa91680957425ac6f095bd
runtime/src/iree/hal/replay/file_test.cc	blob	100644	1a0fc917d548f442a50fc3ec9031a1a68e770990
runtime/src/iree/hal/replay/file_writer.c	blob	100644	2b9cccea508aaeec13801fcae987ef36a05e94f9
runtime/src/iree/hal/replay/file_writer.h	blob	100644	b7af2717f188c178680fba2cc06edf8e95372699
runtime/src/iree/hal/replay/format.c	blob	100644	506f892665031a371456d76d037ac67ad39f3f3f
runtime/src/iree/hal/replay/format.h	blob	100644	c4228e3cb675a121b9386dceb63c33082d0b5b48
runtime/src/iree/hal/replay/recorder.c	blob	100644	95384880fb12602ec7180aa3814da7caae00856b
runtime/src/iree/hal/replay/recorder.h	blob	100644	3d65f22a9feeb3a01f0bf22f61e85aa043c83711
runtime/src/iree/hal/replay/recorder_allocator.c	blob	100644	957799bcf2c0066a6a8b2f6072a920b85a000fb2
runtime/src/iree/hal/replay/recorder_allocator.h	blob	100644	f95803d407989eaa1cd9604c1f84132e83a0de1a
runtime/src/iree/hal/replay/recorder_buffer.c	blob	100644	41e32c953dbb789c6adf82d0e03bbb7b2adf5fdd
runtime/src/iree/hal/replay/recorder_buffer.h	blob	100644	70601d1725451a21a924e54ee45367968f39dd6a
runtime/src/iree/hal/replay/recorder_command_buffer.c	blob	100644	85e7617dcd134b722cee3aaf7c87ad9aa5ca10eb
runtime/src/iree/hal/replay/recorder_command_buffer.h	blob	100644	a20bbc0406713847ec3d93ebda10416db685a584
runtime/src/iree/hal/replay/recorder_event.c	blob	100644	6ab878caecfc3c93dad0bb2fa28662f72ac753da
runtime/src/iree/hal/replay/recorder_event.h	blob	100644	0914c8574be365cf2e7614df94a7e19973475599
runtime/src/iree/hal/replay/recorder_executable.c	blob	100644	fb7e7cf27135381eb7257a9c057e575e1d8dd6c5
runtime/src/iree/hal/replay/recorder_executable.h	blob	100644	3ab87c4864cce1100aa142e709d291fcfe5264d5
runtime/src/iree/hal/replay/recorder_file.c	blob	100644	039eeea1bd32e73d25a53ce2b977dbeef8c6d5aa
runtime/src/iree/hal/replay/recorder_file.h	blob	100644	a8115e10b48794952d2ea611bf6c9459a67e17d4
runtime/src/iree/hal/replay/recorder_record.h	blob	100644	4020e4e78115f28eb6eecebeafef0a8eadb5e852
runtime/src/iree/hal/replay/recorder_test.cc	blob	100644	a125557cecc83db6b9bf088ec66c4b22aa07bc62
runtime/src/iree/hal/resource.h	blob	100644	0f7abbe0ca8bcd659870f3ee91a66b19ec76e6b5
runtime/src/iree/hal/semaphore.c	blob	100644	738f0ad079371b5d490059b2bc14188aef8f0947
runtime/src/iree/hal/semaphore.h	blob	100644	9b65685929a3b2790b172840935585c49a55b3b3
runtime/src/iree/hal/string_util.c	blob	100644	9905884be5f9d6c634758fb9af6c0257734752d8
runtime/src/iree/hal/string_util.h	blob	100644	2c14e2f2d9fbff0947e483cf656fa6455041a731
runtime/src/iree/hal/string_util_test.cc	blob	100644	a9162d72e29192e2faa6988cf54831a66de6b92a
runtime/src/iree/hal/test/BUILD.bazel	blob	100644	7772ed76aa8d8fff477ee209496309c330e51aa3
runtime/src/iree/hal/test/CMakeLists.txt	blob	100644	e67e9d3096fccda734bf74ee6f28d5f656b8c2a3
runtime/src/iree/hal/test/buffer_ref_binding_normalization_test.cc	blob	100644	41d25046a23d64969a2ec24a24907d12063cc793
runtime/src/iree/hal/testing/BUILD.bazel	blob	100644	779ebeb9487d316045e96c0607db6998183931c3
runtime/src/iree/hal/testing/CMakeLists.txt	blob	100644	26c420451b4a76449a3ebc14bbd8c60681d1e7f9
runtime/src/iree/hal/testing/mock_device.c	blob	100644	c2f024793b6a4fb89a6b5740153b9840b07fe40f
runtime/src/iree/hal/testing/mock_device.h	blob	100644	3d35758eeaa97731fb7958db58be3eda7548c5da
runtime/src/iree/hal/topology.c	blob	100644	b76a79728f660e2088eec5de892504d28e9b3e34
runtime/src/iree/hal/topology.h	blob	100644	6d7c3378fc5f9521a25312e0310ce9a38cddacac
runtime/src/iree/hal/topology_builder.c	blob	100644	bb02787e0b4fad0f12b936b753a14a24c5c0c5c8
runtime/src/iree/hal/topology_builder.h	blob	100644	ed6caa78b3c495bb0d22933e9ca067e229386a53
runtime/src/iree/hal/topology_builder_test.cc	blob	100644	fc4973b53979ca28f9dabca4f5a73f4dd4d34223
runtime/src/iree/hal/topology_test.cc	blob	100644	3e9979311c102caccf388f454bd583b68f1c314b
runtime/src/iree/hal/utils/BUILD.bazel	blob	100644	ee0f7151fac5a80575538874ae06a413e9c1dc39
runtime/src/iree/hal/utils/CMakeLists.txt	blob	100644	42c1de8f06fb383a19b498fa65b4d43c5c497950
runtime/src/iree/hal/utils/allocators.c	blob	100644	93652f08795a2725025b5b22b3936178e2953d4e
runtime/src/iree/hal/utils/allocators.h	blob	100644	faa5efd98e6a44b2caa8d897f0f894b335440324
runtime/src/iree/hal/utils/caching_allocator.c	blob	100644	67e106f2c7f01d4e85b971d71831c1ab8018b85a
runtime/src/iree/hal/utils/caching_allocator.h	blob	100644	76784174f91589d1bb931cda6e3c3b5076c5b5bf
runtime/src/iree/hal/utils/collective_batch.c	blob	100644	2f543a97857018e7bf29fad4e03e07010c39fcc3
runtime/src/iree/hal/utils/collective_batch.h	blob	100644	9ec721ae9f62f57c599e12419b725eca784be929
runtime/src/iree/hal/utils/debug_allocator.c	blob	100644	ea7dd3d54bc89d04f3b1d0a622bb004050b72095
runtime/src/iree/hal/utils/debug_allocator.h	blob	100644	fdfcb7168896f8101a03693c513372acbb260152
runtime/src/iree/hal/utils/deferred_command_buffer.c	blob	100644	034a4c767343af7ee40e5658d45a5ac00224068c
runtime/src/iree/hal/utils/deferred_command_buffer.h	blob	100644	51714e262cd39956c774b9a385a953e36f24dd79
runtime/src/iree/hal/utils/deferred_work_queue.c	blob	100644	90939a5c7098841f8e75735f3bc023b726f25203
runtime/src/iree/hal/utils/deferred_work_queue.h	blob	100644	c3b27b9acfe7f316619a0947b9550105af574489
runtime/src/iree/hal/utils/elf_format.c	blob	100644	ee0b450b15d5ca35627fc651b6e8ac9a02cc5e1d
runtime/src/iree/hal/utils/elf_format.h	blob	100644	3cbde7e5168bb47ebebaddbed3a79bde37bee00f
runtime/src/iree/hal/utils/elf_format_test.cc	blob	100644	4b60beb0860bfb6e2f8ea4817d6a06c1ceb4431f
runtime/src/iree/hal/utils/executable_debug_info.c	blob	100644	45368cf6ddd018a6cb084acabbc94f174f46f441
runtime/src/iree/hal/utils/executable_debug_info.h	blob	100644	e8cfad27a84b05fa171fcfd6763264d28557cbfa
runtime/src/iree/hal/utils/executable_header.c	blob	100644	06bde21d45283db1b307ae0f51ac513361598a87
runtime/src/iree/hal/utils/executable_header.h	blob	100644	fa6fc03f66394bdb7aedde54486fe4262da18873
runtime/src/iree/hal/utils/fd_file.c	blob	100644	8f0dd06733939ab69bcafcff1a8ea2468748b64f
runtime/src/iree/hal/utils/fd_file.h	blob	100644	18a41bff2b136ce1b53d8ab34d7b34d8f7748621
runtime/src/iree/hal/utils/file_cache.c	blob	100644	ff4638061142b5050770640b659ea8cad30dd97b
runtime/src/iree/hal/utils/file_cache.h	blob	100644	0e1b2fba7d27be0fcabfd8f1f1e78e75be29c64c
runtime/src/iree/hal/utils/file_registry.c	blob	100644	ab9a0aca5d309fcdb68bd79bc336954149b9f183
runtime/src/iree/hal/utils/file_registry.h	blob	100644	461a3e1f52b80e72265ac4510e3960decb474644
runtime/src/iree/hal/utils/file_transfer.c	blob	100644	28750ee50231a1f0f1c1d7bd3120a9e00bee1ecd
runtime/src/iree/hal/utils/file_transfer.h	blob	100644	35db3260fed2ba9593ebe6bc6526d84ff84e285f
runtime/src/iree/hal/utils/libmpi.c	blob	100644	3e7ef2b76becb7139f3097a08453bbe4b158ad73
runtime/src/iree/hal/utils/libmpi.h	blob	100644	f3f28a3961bbde69df04617d2d53168447169c89
runtime/src/iree/hal/utils/libmpi_dynamic_symbols.h	blob	100644	f7ba12475456b0f8d248c9634cc2b67d6fe64342
runtime/src/iree/hal/utils/libmpi_test.cc	blob	100644	6bb4398eb6ba6969faa49f929861a4b11072fcd1
runtime/src/iree/hal/utils/memory_file.c	blob	100644	c9363f92941dd8c446be72f5e6b6cb9b523f7860
runtime/src/iree/hal/utils/memory_file.h	blob	100644	d9d5712ec74f76ca827036d6925e1f02d410d6b6
runtime/src/iree/hal/utils/mpi_channel_provider.c	blob	100644	e2bf7711de2451fd56290e60c4af37db57bf6bdb
runtime/src/iree/hal/utils/mpi_channel_provider.h	blob	100644	8875629d9e9a7376b0cc9d21d566f32aa998b50d
runtime/src/iree/hal/utils/platform_topology.c	blob	100644	01e9c5d15f7d918d9a7edc5ad8d689ae96a7c7a0
runtime/src/iree/hal/utils/platform_topology.h	blob	100644	a18a7e46dce8b87c5dcf84051414cd7fc0df009c
runtime/src/iree/hal/utils/platform_topology_darwin.c	blob	100644	d58389d046a75690f0eee5385dfed0b396f469c4
runtime/src/iree/hal/utils/platform_topology_fallback.c	blob	100644	2dd74163d14ca415e436525b07608002c99402b3
runtime/src/iree/hal/utils/platform_topology_sysfs.c	blob	100644	3a42c3c5dbd9c7356996f5c0a2198209f6b19355
runtime/src/iree/hal/utils/platform_topology_win32.c	blob	100644	b19ee73c6a888b01c13fb17d47624222eec9ab74
runtime/src/iree/hal/utils/profile_event_ring.c	blob	100644	95607017f69a3b78bbe4e990b51674df55562967
runtime/src/iree/hal/utils/profile_event_ring.h	blob	100644	8dad3763b27ef5b876afd04ff15e647ac2a9a95a
runtime/src/iree/hal/utils/profile_file.c	blob	100644	9695f2b0d1c995b2564f14b6b2d968ff14d63a7e
runtime/src/iree/hal/utils/profile_file.h	blob	100644	710dc38d4c3684ad8a9a63b409c71ad896c6e142
runtime/src/iree/hal/utils/profile_file_test.cc	blob	100644	3414935c60cd0b0c77f43df68fdf84c590cf498e
runtime/src/iree/hal/utils/queue_emulation.c	blob	100644	220765cbca23bb5089522f6d66da54c1d05cdb18
runtime/src/iree/hal/utils/queue_emulation.h	blob	100644	fa9a78c4f8115f62b08bccab0b879a8626e2b6ac
runtime/src/iree/hal/utils/queue_host_call_emulation.c	blob	100644	d9b29b7f6fffd53d5c422fa8744ee675a01c68ad
runtime/src/iree/hal/utils/queue_host_call_emulation.h	blob	100644	45201d81d6dff85f0ef4784f3f96f9bc47d64a98
runtime/src/iree/hal/utils/resource_set.c	blob	100644	bba0d21d3bef670c6d8eb0cff4ae62a9b86f833f
runtime/src/iree/hal/utils/resource_set.h	blob	100644	f02fcbd53afec634ff1ee94b60b2f5636ea5d33a
runtime/src/iree/hal/utils/resource_set_benchmark.c	blob	100644	5b22f9778d3eb3902d418f15d17615dff1e64309
runtime/src/iree/hal/utils/resource_set_test.cc	blob	100644	96f8307cf6c4a6ade27d6f285a8bc3435b4a063b
runtime/src/iree/hal/utils/statistics_sink.c	blob	100644	003c9e40673ba4cb7302fde8d5692f723d1d9b0e
runtime/src/iree/hal/utils/statistics_sink.h	blob	100644	2ec7191418d3f9b6124037bea6b9eebd9564d254
runtime/src/iree/hal/utils/statistics_sink_test.cc	blob	100644	1442a3f0e81328ee5485c86b78d82b4087201a09
runtime/src/iree/hal/utils/stream_tracing.c	blob	100644	a2b317e63ab75f68025d22f65ed81183bc1ea4f9
runtime/src/iree/hal/utils/stream_tracing.h	blob	100644	de7df5509e6f6fbeeeec31e987a898fc6636162c
runtime/src/iree/io/BUILD.bazel	blob	100644	78641d373d26a766a5eba2f398826860f645538f
runtime/src/iree/io/CMakeLists.txt	blob	100644	de3a7a938e635399766dd4816755503f3b466bb9
runtime/src/iree/io/file_contents.c	blob	100644	0c3acceb786e45bd49c7ed4dccc86063295b22a0
runtime/src/iree/io/file_contents.h	blob	100644	2a97e366bd70db8a29e4cd80177068a3c09dd90f
runtime/src/iree/io/file_contents_test.cc	blob	100644	8658d88cd737b0960505801e67544518a27ed302
runtime/src/iree/io/file_handle.c	blob	100644	7130eb30b955fda868dffab0467afb0807b8e3c7
runtime/src/iree/io/file_handle.h	blob	100644	15a76ad47ae44db4e93c2ea06fab26472d78fc4f
runtime/src/iree/io/formats/BUILD.bazel	blob	100644	a1bd0baef5a055ad22a15e4610fd39cd53c978b6
runtime/src/iree/io/formats/CMakeLists.txt	blob	100644	72cc00692ec02592fbd60382f795503cf0daef7e
runtime/src/iree/io/formats/gguf/BUILD.bazel	blob	100644	e0bb5a19eb6cb02331040373305c4be207a7a344
runtime/src/iree/io/formats/gguf/CMakeLists.txt	blob	100644	1b2b1decd54b7bea60fd8ddecbf972dcc09da27f
runtime/src/iree/io/formats/gguf/gguf_parser.c	blob	100644	a48a2066c490a5f93008473b79ff17a2878c44f0
runtime/src/iree/io/formats/gguf/gguf_parser.h	blob	100644	e570e0c57dbee2a89adaef4bba48a14c088f8ebb
runtime/src/iree/io/formats/gguf/gguf_parser_test.cc	blob	100644	2477806999d4ab8f545690e473171a6e4de0e685
runtime/src/iree/io/formats/gguf/testdata/BUILD.bazel	blob	100644	c0b335fce620ddf6c15820985fe2b8064523115f
runtime/src/iree/io/formats/gguf/testdata/CMakeLists.txt	blob	100644	b24b417cc64786d9fa07be9f70c59ad03df29385
runtime/src/iree/io/formats/gguf/testdata/empty.gguf	blob	100644	7723f7df1e57cd111dca6d3df403d03f42147002
runtime/src/iree/io/formats/gguf/testdata/generate_gguf_files.py	blob	100644	bb6ac8652363b3cb314d02e3df496ace708a31a2
runtime/src/iree/io/formats/gguf/testdata/multiple.gguf	blob	100644	53232d322cde38221006c590c5b79366679a8bc7
runtime/src/iree/io/formats/gguf/testdata/single.gguf	blob	100644	006bef8f2a063cdbf55018f3536fed5c58e3aa34
runtime/src/iree/io/formats/gguf/testdata/single_v2.gguf	blob	100644	ffe07dbb93de395bf4a05609a83e6d9fed80a0da
runtime/src/iree/io/formats/irpa/BUILD.bazel	blob	100644	93e9ffbc1cf4c04d1b590256b8142c299b3ee6be
runtime/src/iree/io/formats/irpa/CMakeLists.txt	blob	100644	05516c393b8daf9dc751711e1cb6e17ace34e835
runtime/src/iree/io/formats/irpa/irpa_builder.c	blob	100644	b8ca7001c5984bae0a6f7020773a93b9482b7ab3
runtime/src/iree/io/formats/irpa/irpa_builder.h	blob	100644	767c6d5c69e1e9a286a364563736ba13fc77dac4
runtime/src/iree/io/formats/irpa/irpa_parser.c	blob	100644	fe69a4600435b0e08ba7c563e6bd07753ba15953
runtime/src/iree/io/formats/irpa/irpa_parser.h	blob	100644	e5283fdc725c041ecd2646f87444ed02234909ed
runtime/src/iree/io/formats/irpa/irpa_parser_test.cc	blob	100644	c6f3bc7909a1f7141710780612f43cfe9fd19298
runtime/src/iree/io/formats/irpa/testdata/BUILD.bazel	blob	100644	b558f37ea5535f208428e14a604b0e763c43a66e
runtime/src/iree/io/formats/irpa/testdata/CMakeLists.txt	blob	100644	0e3662dd5465480d2f18e57fa16eaef411652860
runtime/src/iree/io/formats/irpa/testdata/empty.irpa	blob	100644	2c8a084248b6a85f738101049d0afd0fcfbe7bc6
runtime/src/iree/io/formats/irpa/testdata/generate_irpa_files.sh	blob	100644	9c28ab9fbc5b092d164e4d3d4ce5ce60e1cd0bfc
runtime/src/iree/io/formats/irpa/testdata/mixed.irpa	blob	100644	09da720bc7017cc30665c2ece92009067362fa77
runtime/src/iree/io/formats/irpa/testdata/multiple.irpa	blob	100644	b0853e26a6a29bbcae51e35db5c9a04a88bbc212
runtime/src/iree/io/formats/irpa/testdata/single.irpa	blob	100644	4c9407e2db738337a51712ee0acc5ad25622d9a6
runtime/src/iree/io/formats/parser_registry.c	blob	100644	0c6bac6b0e08c7fd26983689944436e5c13e3799
runtime/src/iree/io/formats/parser_registry.h	blob	100644	404f8ec6a4eddcaef16717d63521896ad144687d
runtime/src/iree/io/formats/safetensors/BUILD.bazel	blob	100644	ce3a42de9f4c4a06126c4641f195c644bf211639
runtime/src/iree/io/formats/safetensors/CMakeLists.txt	blob	100644	1b3a5331709e8bc700e5d39c0b03d6c1e5c1fbbb
runtime/src/iree/io/formats/safetensors/safetensors_parser.c	blob	100644	0d4bedd9e2e4786c2295d61708ebb233b629562f
runtime/src/iree/io/formats/safetensors/safetensors_parser.h	blob	100644	2ec2bcc82e65b2510c0775454c7ce5b6ff69bcdd
runtime/src/iree/io/formats/safetensors/safetensors_parser_test.cc	blob	100644	821865c4be20beb94a6e5cf9c28b0152f90fc3c7
runtime/src/iree/io/formats/safetensors/testdata/BUILD.bazel	blob	100644	1b30fdf06461c5c2c72f03a9e6875251d82bc41e
runtime/src/iree/io/formats/safetensors/testdata/CMakeLists.txt	blob	100644	4c3e0cfcc2fa9dd5ca0886ff7e19278663f27221
runtime/src/iree/io/formats/safetensors/testdata/empty.safetensors	blob	100644	3969499160f409f54609f9f515225731b0a1c262
runtime/src/iree/io/formats/safetensors/testdata/generate_safetensors_files.py	blob	100644	7d19a2165624af94131483afd5534478f59aa99f
runtime/src/iree/io/formats/safetensors/testdata/multiple.safetensors	blob	100644	0d51b6be5489b1e62c970fa9a46d49be18da7761
runtime/src/iree/io/formats/safetensors/testdata/single.safetensors	blob	100644	f28c492634add0f39b33a9dfa55e00f1f81d548c
runtime/src/iree/io/memory_stream.c	blob	100644	6c4c6601c978538dd586f44ea7c155e6bcbfe698
runtime/src/iree/io/memory_stream.h	blob	100644	b81efe09fe84347b2987209dcb8ee65dcc55eae0
runtime/src/iree/io/memory_stream_test.cc	blob	100644	9978611b2db130410131cdaf4dd35f3523b27022
runtime/src/iree/io/parameter_index.c	blob	100644	fe37864a780f142b8181dcd46f0d7c6a835c0252
runtime/src/iree/io/parameter_index.h	blob	100644	8f25bf1120fd2f57b8477a9ac1c512387ada897e
runtime/src/iree/io/parameter_index_provider.c	blob	100644	df73d67e151e49683ab2dc2ceb36d13e56782ca1
runtime/src/iree/io/parameter_index_provider.h	blob	100644	2864a55f75e916583db52083cf7559f9e3e30976
runtime/src/iree/io/parameter_provider.c	blob	100644	9582821fa5cc8cd5eb6f5a80dc12240b3a6626a4
runtime/src/iree/io/parameter_provider.h	blob	100644	7d964a4880fa2f425b1e19ac7e256bf23ebfe321
runtime/src/iree/io/scope_map.c	blob	100644	bf93c6b5bde53e038a13fd0a2669403e3c6729ee
runtime/src/iree/io/scope_map.h	blob	100644	5c4697660a46b787448b2e852b6d6d8614e0e190
runtime/src/iree/io/stdio_stream.c	blob	100644	da62d6a46d4a7bc6b5af16c301ff1c6ae992e33b
runtime/src/iree/io/stdio_stream.h	blob	100644	aef08eff2072eeaaf45de873a6d400edbdd9bcd7
runtime/src/iree/io/stdio_util.h	blob	100644	42719157927bdc63d3d9b5d4b0e20ff998b81c7d
runtime/src/iree/io/stream.c	blob	100644	5e021d46f76c7b12653854db664c031fe7a5da28
runtime/src/iree/io/stream.h	blob	100644	3265b930ab128536c5b41383a7294001a6fb7ce2
runtime/src/iree/io/vec_stream.c	blob	100644	5b67aee9eb05f261193445eb217180f1dbb08e7b
runtime/src/iree/io/vec_stream.h	blob	100644	e79c30bc7704656de82ff89b118d200609763c8c
runtime/src/iree/io/vec_stream_test.cc	blob	100644	1626db0493aa0f3aa1c799a91d803507fb479012
runtime/src/iree/modules/BUILD.bazel	blob	100644	236a474467251aef400aace1223bcd560190d2cc
runtime/src/iree/modules/CMakeLists.txt	blob	100644	f4e8ad06b9936e990419adc3c3f7999dc0579702
runtime/src/iree/modules/check/BUILD.bazel	blob	100644	cb4723abb64169f814125ebba04bff2c84c76a4e
runtime/src/iree/modules/check/CMakeLists.txt	blob	100644	7f0b66f3a5664955c81ac64c6923d14c2ef663fb
runtime/src/iree/modules/check/check_test.cc	blob	100644	53c73961d1a5a094e09d6b1420b9daef34fa25e9
runtime/src/iree/modules/check/module.cc	blob	100644	995e1b61b65d49af3568468a21a3053fa6f463a1
runtime/src/iree/modules/check/module.h	blob	100644	1cb5c9e1eda6784cb1245aed5d838ab0f55f87b1
runtime/src/iree/modules/check/test/BUILD.bazel	blob	100644	a1ba5cc8458155b09000b38d64687e9331430bca
runtime/src/iree/modules/check/test/CMakeLists.txt	blob	100644	006410e644532b1c9b92a556192d062f867cf219
runtime/src/iree/modules/check/test/failure.mlir	blob	100644	1da91ce07b0ea206ce2ac80a8e5e7d2ab641f4ff
runtime/src/iree/modules/check/test/success.mlir	blob	100644	0358df94649b413abe0351e494f0f8294984c09b
runtime/src/iree/modules/check/test/unavailable.mlir	blob	100644	3e134323cdfa7f7166c6d023dcc27f63769898f2
runtime/src/iree/modules/hal/BUILD.bazel	blob	100644	459e6acda77398fdb7cfa2691d65d8447cb7e0cb
runtime/src/iree/modules/hal/CMakeLists.txt	blob	100644	6725ad615727a34f43eb133bcd7be1a758a5b13c
runtime/src/iree/modules/hal/debugging.c	blob	100644	834f8579c39ac742d49c35dfc8dfef75002ae216
runtime/src/iree/modules/hal/debugging.h	blob	100644	2c0c26454f4faae318962c867d38072ade8667a4
runtime/src/iree/modules/hal/exports.inl	blob	100644	75c47bd5f1df0ab8e2f005077768a4ad15a8c227
runtime/src/iree/modules/hal/inline/BUILD.bazel	blob	100644	ee0e934f7a5661e27ad47e0a70525b30e204a876
runtime/src/iree/modules/hal/inline/CMakeLists.txt	blob	100644	24dbc06a0fe07036bac83f07018e586231a0a72c
runtime/src/iree/modules/hal/inline/exports.inl	blob	100644	c45a5f80cd5167e28c471ae658366ac43be80734
runtime/src/iree/modules/hal/inline/module.c	blob	100644	eb3aaf0eea2e6ccf4fecb43dce026038ae3dd1c0
runtime/src/iree/modules/hal/inline/module.h	blob	100644	be6954b65ff7c6644ec6078bc492ed079506a525
runtime/src/iree/modules/hal/loader/BUILD.bazel	blob	100644	f242a34ad474f281b2c15920988921a17ef81e68
runtime/src/iree/modules/hal/loader/CMakeLists.txt	blob	100644	f2c67d27b5223e82d29fffea3ec0728c2efb26e0
runtime/src/iree/modules/hal/loader/exports.inl	blob	100644	2601f0de02e6395c36df93600bac56c108581cd1
runtime/src/iree/modules/hal/loader/module.c	blob	100644	7b53bdc9f24c3babda7bc3ead9949318586e9155
runtime/src/iree/modules/hal/loader/module.h	blob	100644	1078acd875f2144d3ee61f444b6e2341ec336067
runtime/src/iree/modules/hal/module.c	blob	100644	6c51b138a38668fc61f95545898c8176068a4be0
runtime/src/iree/modules/hal/module.h	blob	100644	c8cb5c7c83328c3042e0a4b114422667223a1007
runtime/src/iree/modules/hal/types.c	blob	100644	ebc854586bf86ccf0dfefb7ad0adb79dae162b0f
runtime/src/iree/modules/hal/types.h	blob	100644	404f1341c9270d60eced542fde32a991ae7ca553
runtime/src/iree/modules/hal/utils/BUILD.bazel	blob	100644	a656f808d179d298d7a1a1260c78afd22f2f826e
runtime/src/iree/modules/hal/utils/CMakeLists.txt	blob	100644	1dcadca7ac26945bc2f16bb50ffa9694e65ccdc9
runtime/src/iree/modules/hal/utils/buffer_diagnostics.c	blob	100644	cb66e39734777d8898b32ab36bcc5e3ffd22911d
runtime/src/iree/modules/hal/utils/buffer_diagnostics.h	blob	100644	b025f2604d3304315d5bc5ad95516a88b08908d7
runtime/src/iree/modules/io/BUILD.bazel	blob	100644	522ca5dff85225b269d26657d6c98c27af7ab8fb
runtime/src/iree/modules/io/CMakeLists.txt	blob	100644	1724cbd038ff1d1f494fa176d4fe7e7a95734282
runtime/src/iree/modules/io/parameters/BUILD.bazel	blob	100644	00cbd45098b1b6bc8f6930db165e37ee51c6f526
runtime/src/iree/modules/io/parameters/CMakeLists.txt	blob	100644	52c0c10ee455a7d312896c1e619530eb6d751c25
runtime/src/iree/modules/io/parameters/exports.inl	blob	100644	6275faf37b385de99481be20230b142a737dcaba
runtime/src/iree/modules/io/parameters/module.c	blob	100644	c5dfffdd0614f10b84779489f0b421eb747923d0
runtime/src/iree/modules/io/parameters/module.h	blob	100644	e066d458dd3856474af3b4addd8263eb452924e4
runtime/src/iree/modules/vmvx/BUILD.bazel	blob	100644	a8cfb266d8e99235112e73a66aeb8b1764dbd15b
runtime/src/iree/modules/vmvx/CMakeLists.txt	blob	100644	4d14d69fd00f8f997dc7297ff2bed085d62af83c
runtime/src/iree/modules/vmvx/elementwise.c	blob	100644	c2c8abf890c7b551499f9f3446b198f5b440c1a4
runtime/src/iree/modules/vmvx/elementwise.h	blob	100644	eae03f2c7bec47f5f5d6998e9386a9348395b384
runtime/src/iree/modules/vmvx/exports.inl	blob	100644	369613c7a066bdb32f96fd176f46f385bfdb68a6
runtime/src/iree/modules/vmvx/module.c	blob	100644	423276e378096da04b828dc6e09e17cddc21330d
runtime/src/iree/modules/vmvx/module.h	blob	100644	38ced3996408d85a2137143a0d401652c29fde26
runtime/src/iree/runtime/BUILD.bazel	blob	100644	ce91e0f291172d95319d1ecc2037df0f43c16098
runtime/src/iree/runtime/CMakeLists.txt	blob	100644	c99badb9473f4c8545adde9a44837785702cab2e
runtime/src/iree/runtime/README.md	blob	100644	45dd87669ce0dafbcf30f495daffa53947415373
runtime/src/iree/runtime/api.h	blob	100644	850ac524ed3ec523b8130689522e1f81170a0bc1
runtime/src/iree/runtime/call.c	blob	100644	123021696a74e8a3a788206f2a7ec8647f63987a
runtime/src/iree/runtime/call.h	blob	100644	69d0540e72e2457a5ca2044418ce1ea1574f9a59
runtime/src/iree/runtime/demo/BUILD.bazel	blob	100644	a4978a0948986b2a20a0849faa41daaa06d159e1
runtime/src/iree/runtime/demo/CMakeLists.txt	blob	100644	420af7fb4bc19339b1cfda98cd54339f1f8b85da
runtime/src/iree/runtime/demo/README.md	blob	100644	65ef51fb97b0ceb0693305d377e0a49d51f11731
runtime/src/iree/runtime/demo/hello_world_explained.c	blob	100644	32e388fb57468dd188943e5ac4b24b849d6b61fb
runtime/src/iree/runtime/demo/hello_world_terse.c	blob	100644	d5044b6121adf2af51e1b2575536613d8f956bd1
runtime/src/iree/runtime/demo/simple_mul.mlir	blob	100644	3d8f97e47e575700b0af066dd08ee24d11db7779
runtime/src/iree/runtime/instance.c	blob	100644	269b1b81ed5366c0ee6feefa44d149eeebd507f2
runtime/src/iree/runtime/instance.h	blob	100644	782dee43abf0350e9049573df71cf5b49489e674
runtime/src/iree/runtime/session.c	blob	100644	7bd1151666e2f9e3991902a2cab9bf5d3ecba485
runtime/src/iree/runtime/session.h	blob	100644	f867da1867dba34be1d8244a02bab071d541ce91
runtime/src/iree/schemas/BUILD.bazel	blob	100644	e98a425424ee76a91e7d8b001db4ffc9ffac8e35
runtime/src/iree/schemas/CMakeLists.txt	blob	100644	f30430df0789c2357ec6b3ac1a87b26651518bb3
runtime/src/iree/schemas/amdgpu_executable_def.fbs	blob	100644	d2fea40238f3c9671b857671397f7969f17fe8cd
runtime/src/iree/schemas/bytecode_module_def.fbs	blob	100644	08bf3c4a09089f5d4edc2acfc49c02b63ea1d3a3
runtime/src/iree/schemas/cpu_data.h	blob	100644	070f9b92f4a44beddc286885a8e29b681e111329
runtime/src/iree/schemas/cpu_feature_bits.inl	blob	100644	b0aa262e635a5b2773e1dac901afe3216fa65e00
runtime/src/iree/schemas/cuda_executable_def.fbs	blob	100644	038d125777e5bdb617001a06af3aacd24033362e
runtime/src/iree/schemas/executable_debug_info.fbs	blob	100644	7388a6fc93e7f12482db09d75c0b2022ca446451
runtime/src/iree/schemas/hip_executable_def.fbs	blob	100644	79a86424364fc0664f8334eedc59b962093112e9
runtime/src/iree/schemas/instruments/BUILD.bazel	blob	100644	c666fc1a0966303e075b600713739ec442251e99
runtime/src/iree/schemas/instruments/CMakeLists.txt	blob	100644	0a35fda448ea54a0515596815311f5f9c7bb4665
runtime/src/iree/schemas/instruments/dispatch.h	blob	100644	01bfe9802859e3e432d149c22eba6c443ae4b69c
runtime/src/iree/schemas/instruments/dispatch_def.fbs	blob	100644	3399c6d7c59b764937bf7745562cbd7d697475c9
runtime/src/iree/schemas/metal_executable_def.fbs	blob	100644	550b7e8373ffa90b4a0051700668f08bbdb3f775
runtime/src/iree/schemas/parameter_archive.h	blob	100644	5a67dddbfeec66000ddd4decf27fc504997e2fc3
runtime/src/iree/schemas/vulkan_executable_def.fbs	blob	100644	e3177d61564602fed01decde0c15838ec65eedc9
runtime/src/iree/schemas/webgpu_executable_def.fbs	blob	100644	a9ed1832c2daab85aba6f38b68e7fc694c527b44
runtime/src/iree/task/BUILD.bazel	blob	100644	d1faff7f4a635a8afa50ddcde9d1d2cffb8e4887
runtime/src/iree/task/CMakeLists.txt	blob	100644	1181e43f5e59c97a2452b0b7ad129a58159efcaa
runtime/src/iree/task/README.md	blob	100644	5e3ca4a31267d868aecf7fbaf1df4981862cd1fd
runtime/src/iree/task/affinity_set.h	blob	100644	8d80486d205b3899ea3359075b1503c88d690d11
runtime/src/iree/task/api.c	blob	100644	2bdd1473c7aa8cf38aa752ad6444af979ea1b635
runtime/src/iree/task/api.h	blob	100644	2240cb053a1fe47dc77b0fb72ce7b400dbadcfa9
runtime/src/iree/task/executor.c	blob	100644	437b2d7ea973e2a1a2f2c210a9b47ec6a1a6df31
runtime/src/iree/task/executor.h	blob	100644	bbbf05ebef794b2855ab549ca4f65bbea955e9a6
runtime/src/iree/task/executor_benchmark.cc	blob	100644	54901c80e0a9378c52ed2fb6bd8d6592b936dfea
runtime/src/iree/task/executor_impl.h	blob	100644	ecb2dc78b48892686a94d42d003375157e8a1874
runtime/src/iree/task/executor_test.cc	blob	100644	7ee92b36fef0ae2be4265749d944bdca794b5c64
runtime/src/iree/task/list.c	blob	100644	8b14f2aea4fe768f57ffc9deb66660a244841e7b
runtime/src/iree/task/list.h	blob	100644	e9c29f004dab7bdcb4c70a7e39bd19eaf7254e2f
runtime/src/iree/task/process.c	blob	100644	7876c949e93d8b3feedb394611cb604eb7a2204e
runtime/src/iree/task/process.h	blob	100644	47cfa194b875367b7894260e8c8750172f5488c2
runtime/src/iree/task/process_test.cc	blob	100644	848e7c1efe6cca5bfa9d7cd11fd7f4c2db1e44db
runtime/src/iree/task/scope.c	blob	100644	f4dc3008be001fda13ce7cb72dd2ba3361ae8beb
runtime/src/iree/task/scope.h	blob	100644	134cc9fbb98347583a357d9358076683b6eeed7d
runtime/src/iree/task/testdata/sysfs/.gitignore	blob	100644	a5f09274af7bc69957a999e96086949db817395d
runtime/src/iree/task/testdata/sysfs/BUILD.bazel	blob	100644	dce0d96357020ad1e63bc82bde13f9bea60e673e
runtime/src/iree/task/testdata/sysfs/CMakeLists.txt	blob	100644	76f4aaff6f9795ccefa3b93ad429d82ceaf6b506
runtime/src/iree/task/testdata/sysfs/README.md	blob	100644	3152a4de9fdbaac9dae8645e03bc2ca7d98cea01
runtime/src/iree/task/testdata/sysfs/arm64_pixel6_tensor.sysfs.txt	blob	100644	fa2bd0181a8ea783f06a53238728e4e333574e60
runtime/src/iree/task/testdata/sysfs/capture_sysfs.sh	blob	100755	36bafde909de21b2db4abdef1e57d125ab0c3b58
runtime/src/iree/task/testdata/sysfs/expanded_snapshots.bzl	blob	100644	27e6bc6d63894e9404feb20a45f81c6ddbde393d
runtime/src/iree/task/testdata/sysfs/synthetic_big_little.sysfs.txt	blob	100644	719ab1184cc39b7c8b89f72385c92cfdcecb9986
runtime/src/iree/task/testdata/sysfs/synthetic_dual_socket.sysfs.txt	blob	100644	20f1078936b4198c18c4e9247586a0cf7d93aa69
runtime/src/iree/task/testdata/sysfs/synthetic_dual_socket_no_siblings.sysfs.txt	blob	100644	ed1d8b30c91fd3f3bf6bb5cfb3415f718cc3291c
runtime/src/iree/task/testdata/sysfs/synthetic_fragmented_cpulist.sysfs.txt	blob	100644	45ffa54de4294e5ad0bebc529814bde7e7a631c5
runtime/src/iree/task/testdata/sysfs/synthetic_invalid_package.sysfs.txt	blob	100644	cb53e84502107ec1d2941300f955c732d9f75536
runtime/src/iree/task/testdata/sysfs/synthetic_memory_only_node.sysfs.txt	blob	100644	f08d033beb8bc2995fb2b03f71649bf5f6875f4a
runtime/src/iree/task/testdata/sysfs/synthetic_meteor_lake.sysfs.txt	blob	100644	0d3339a2092c6efc3479e7d3c4b701a1886f71b5
runtime/src/iree/task/testdata/sysfs/synthetic_raptor_lake.sysfs.txt	blob	100644	f4ea755a72b9923a83caf874a817dce021fa6d2b
runtime/src/iree/task/testdata/sysfs/synthetic_snc.sysfs.txt	blob	100644	68e922ac95a6d04bdb18edc13d84b956653f012f
runtime/src/iree/task/testdata/sysfs/synthetic_sparse_node_ids.sysfs.txt	blob	100644	061da804ea8a23fa54bb257f7a4597e6ac4ab7e6
runtime/src/iree/task/testdata/sysfs/synthetic_too_many_nodes.sysfs.txt	blob	100644	e4da3139f6a66b6ee46722384bf79384d37b2665
runtime/src/iree/task/testdata/sysfs/x86_64_ryzen9_7950x.sysfs.txt	blob	100644	e7e4d06ae797f0028597c37057e4edf4f608b811
runtime/src/iree/task/topology.c	blob	100644	9a6dcc445712aad815b9c4bdc59aa5c3ce3db097
runtime/src/iree/task/topology.h	blob	100644	8783a6392ab3fce9cf8a9e35c7421f35199b249c
runtime/src/iree/task/topology_cpuinfo.c	blob	100644	70524d1e615c91ce99cd5eeee4215ed989f15d08
runtime/src/iree/task/topology_darwin.c	blob	100644	6c8079bc4d2cee7b01d423be60ab49146c284035
runtime/src/iree/task/topology_fallback.c	blob	100644	907abb3630d65a6e7ed8b872fda502384f06e397
runtime/src/iree/task/topology_sysfs.c	blob	100644	64d1c6d98667cf5b17ac8fe65e7413dfe8767c6c
runtime/src/iree/task/topology_test.cc	blob	100644	04fb14d0fa288ec354c5ce8ef6854e14ac795bbf
runtime/src/iree/task/topology_wasm.c	blob	100644	d38dffd25376e4fdd2a5d21d2559180d0494e042
runtime/src/iree/task/topology_wasm.js	blob	100644	cd6b3bce794d70a880dea6b9367e67fac1191cf7
runtime/src/iree/task/topology_win32.c	blob	100644	9b3bc036784816a9855ae4190c6df969478ff8c1
runtime/src/iree/task/tuning.h	blob	100644	94fb5b090d8cee227a7fa4ce95bb7a764c43db89
runtime/src/iree/task/worker.c	blob	100644	a34107254ba30ce28534f114654920ea5d8a2bb0
runtime/src/iree/task/worker.h	blob	100644	6cc7774f7ac9ce121e293f1b4135d6661d5d1b5f
runtime/src/iree/testing/BUILD.bazel	blob	100644	b3ff7e2267a4ed399fd9eb7d27089e9436058b0f
runtime/src/iree/testing/CMakeLists.txt	blob	100644	ac662508c592217048d70b8e09aebf312928cd56
runtime/src/iree/testing/benchmark.h	blob	100644	137c0f8287deea31efeea06521ccde67d4dee9ee
runtime/src/iree/testing/benchmark_full.cc	blob	100644	7cdd2ebac5ac719e2646f8131ad53a8f471eaac1
runtime/src/iree/testing/benchmark_main.c	blob	100644	5c5cfa6520f710d831a938ec8f32f604b3f5eac9
runtime/src/iree/testing/benchmark_nop.c	blob	100644	759435778c9c8c036ba2c93fc2f623535d72b8de
runtime/src/iree/testing/coordinated_test.c	blob	100644	832339d46608d8baf487ea8d417b1a6bb21a31ad
runtime/src/iree/testing/coordinated_test.h	blob	100644	31637bede6ef0e3894ac217a615787eac0af9630
runtime/src/iree/testing/coordinated_test_main.cc	blob	100644	90bab705b5366efb0e183d4991bfa0f67a196d76
runtime/src/iree/testing/coordinated_test_test.cc	blob	100644	4b020a30b680433bd13cc43b993f81e9ae2af312
runtime/src/iree/testing/gbenchmark_harness.h	blob	100644	7f27ea3c435fa05386efd00d595abca3f66453bd
runtime/src/iree/testing/gbenchmark_harness_demo.cc	blob	100644	a7793744ba372c4d84b1de0b82ec6d66e256f7ab
runtime/src/iree/testing/gtest.h	blob	100644	fbd6dc42e562dc45db697f7e74ac8827c36dc016
runtime/src/iree/testing/gtest_harness.h	blob	100644	205ffa1508b4aae67702db7f62fb1ea989e88123
runtime/src/iree/testing/gtest_harness_demo.cc	blob	100644	438b911689eaab08231c89ad69688bdb9762332b
runtime/src/iree/testing/gtest_main.cc	blob	100644	4adb468da5545cf8fadc4f5005c853cc570c7a3a
runtime/src/iree/testing/status_matchers.h	blob	100644	a0f621c0ca387227509d9ecd7b5096f864f871fc
runtime/src/iree/testing/temp_file.cc	blob	100644	29d6da4bac077d680930885d682aa159a87cea16
runtime/src/iree/testing/temp_file.h	blob	100644	0fddcaf5f3d674b2efdc90e414c739feae28aa79
runtime/src/iree/tokenizer/BUILD.bazel	blob	100644	694ebbb9c35b93356acdbb62b84aa130a16c0894
runtime/src/iree/tokenizer/CMakeLists.txt	blob	100644	770af9ea256b3a88283c8ee37bf3902564321f51
runtime/src/iree/tokenizer/README.md	blob	100644	ce987fd1f3603a650f1a95b40b9626de92019324
runtime/src/iree/tokenizer/byte_level_tables.h	blob	100644	9214ebf245418016910144feecb5e5e2bd115fbe
runtime/src/iree/tokenizer/decoder.c	blob	100644	e34280883318f04da3669f6837407b57447a14d5
runtime/src/iree/tokenizer/decoder.h	blob	100644	19c9daa4b43641636ff941094aa6715aedd43fa9
runtime/src/iree/tokenizer/decoder/BUILD.bazel	blob	100644	e609b07cefc3e60f8e2a4d3acadd84d8a39d8da5
runtime/src/iree/tokenizer/decoder/CMakeLists.txt	blob	100644	ce252326bd2bd6f148d91dc86dc7dfc1bc71cd58
runtime/src/iree/tokenizer/decoder/byte_fallback.c	blob	100644	66ea94d14ad7846f76a25c679e4afb8f04ae8daf
runtime/src/iree/tokenizer/decoder/byte_fallback.h	blob	100644	5f69bd906c88d1f5569fa8d130219c9bb6c4c7b7
runtime/src/iree/tokenizer/decoder/byte_fallback_fuzz.cc	blob	100644	e9f0f51ff0059f2171e65df4f382d4f9556bf9a0
runtime/src/iree/tokenizer/decoder/byte_fallback_test.cc	blob	100644	b1ee87b355ba853c62e5551f8a77b8a759b8a82e
runtime/src/iree/tokenizer/decoder/byte_level.c	blob	100644	a0d846078759947849516975841ae359a13e8a85
runtime/src/iree/tokenizer/decoder/byte_level.h	blob	100644	a397f3c41f9f8179c659a60602ea6f9cacc51553
runtime/src/iree/tokenizer/decoder/byte_level_fuzz.cc	blob	100644	4ebb5072b3a5d18656f4521594d109f4d254f2ff
runtime/src/iree/tokenizer/decoder/byte_level_test.cc	blob	100644	19ba50618ae9ac366e2f5186e20e27e2ff2b996e
runtime/src/iree/tokenizer/decoder/ctc.c	blob	100644	c2ccba2910749a59d280b6e6aa522300b6776c72
runtime/src/iree/tokenizer/decoder/ctc.h	blob	100644	0515bc60449364267cf3832eb9956da647f75856
runtime/src/iree/tokenizer/decoder/ctc_fuzz.cc	blob	100644	6cee0ed1e2f70f634670a39ce54f9f74d0d800c6
runtime/src/iree/tokenizer/decoder/ctc_test.cc	blob	100644	7b17168526cea49332366873d6f4a62a58a56013
runtime/src/iree/tokenizer/decoder/decoder_test_util.cc	blob	100644	dd58162087843d89ca3ad08d17385ab99967b11b
runtime/src/iree/tokenizer/decoder/decoder_test_util.h	blob	100644	2f88f65832e4439ba09c4c1fd8df72adef48463d
runtime/src/iree/tokenizer/decoder/metaspace.c	blob	100644	d5c7dec240bd9ab2c848884d6b4a40698485789e
runtime/src/iree/tokenizer/decoder/metaspace.h	blob	100644	a219b05bd27c9124ed1e0b9cce8cf5a99e55bcbd
runtime/src/iree/tokenizer/decoder/metaspace_fuzz.cc	blob	100644	bd66212f4d46f8c5983a9ad7604f48efaad4cf2d
runtime/src/iree/tokenizer/decoder/metaspace_test.cc	blob	100644	35f98afb981161c49725c4e629150d2d32064df9
runtime/src/iree/tokenizer/decoder/passthrough.c	blob	100644	25bdfec18a61e98d89f4d48b31734ce9f2756e42
runtime/src/iree/tokenizer/decoder/passthrough.h	blob	100644	6f21c14e29800790d46aef56d6ca61fd00974867
runtime/src/iree/tokenizer/decoder/passthrough_test.cc	blob	100644	9280fd2d6a114f599f750b4877396254ac69f687
runtime/src/iree/tokenizer/decoder/replace.c	blob	100644	b526e7c7214842fca8642bbe5fb9c4d9c18ce94b
runtime/src/iree/tokenizer/decoder/replace.h	blob	100644	d326488f983ebeb4d989a2cb1539815fc6ab6f74
runtime/src/iree/tokenizer/decoder/replace_fuzz.cc	blob	100644	f50b4ed9b7967b77f72e885dba5bfc26328de4fb
runtime/src/iree/tokenizer/decoder/replace_test.cc	blob	100644	505db3168d438bc32271587067bccca72e47f89c
runtime/src/iree/tokenizer/decoder/sequence.c	blob	100644	868448452fd3a58e6b28d9484e44c45f9db4b7b3
runtime/src/iree/tokenizer/decoder/sequence.h	blob	100644	cf3556d500f99ec24944b234678df92d2fa59608
runtime/src/iree/tokenizer/decoder/sequence_test.cc	blob	100644	2f00e5133f2a1a21ea42ab6e92b3f5ab2936c460
runtime/src/iree/tokenizer/decoder/strip.c	blob	100644	a4e31a9739b826ee8f14953e2a93051fc2e272cc
runtime/src/iree/tokenizer/decoder/strip.h	blob	100644	7b1500b8dfa4ff1cf981c1a2f4772565ee8108ff
runtime/src/iree/tokenizer/decoder/strip_fuzz.cc	blob	100644	1c72a0df0ecaa1efba137b25d62883c4e71075e7
runtime/src/iree/tokenizer/decoder/strip_test.cc	blob	100644	1141291dd98320c0e48a393bbf0aa8ea37e3d6b8
runtime/src/iree/tokenizer/decoder/wordpiece.c	blob	100644	2cd649e7a75f1a8645fd28dfe6e2878fa5df409e
runtime/src/iree/tokenizer/decoder/wordpiece.h	blob	100644	c1d48d78205cc4c150e060f2366905ba6437af00
runtime/src/iree/tokenizer/decoder/wordpiece_fuzz.cc	blob	100644	dacac4f6bd110b21e1393b92fd61307b432b29b0
runtime/src/iree/tokenizer/decoder/wordpiece_test.cc	blob	100644	c6bd53beaf626d113285416551f7368ca1c9c88c
runtime/src/iree/tokenizer/format/BUILD.bazel	blob	100644	29675991bf408dd95a0814d7ce259575cab5b782
runtime/src/iree/tokenizer/format/CMakeLists.txt	blob	100644	16bcbbeb0b574a177e2edfc84377a1e0f950d2b3
runtime/src/iree/tokenizer/format/huggingface/BUILD.bazel	blob	100644	dff23a54a326ddbbe95a41bc1e5966226e0b86f4
runtime/src/iree/tokenizer/format/huggingface/CMakeLists.txt	blob	100644	56e23f8224289f25a131b412a1df9a6d59cc3ec0
runtime/src/iree/tokenizer/format/huggingface/added_tokens_json.c	blob	100644	6b29793bc4140bdd939da32ba280bec1ce42ce76
runtime/src/iree/tokenizer/format/huggingface/added_tokens_json.h	blob	100644	b28ba7bfb38f831f20c686f749a5b1f1732b6c30
runtime/src/iree/tokenizer/format/huggingface/added_tokens_json_test.cc	blob	100644	23720f19081de371441cbac100f77b9ca3357db2
runtime/src/iree/tokenizer/format/huggingface/decoder_json.c	blob	100644	f1bbfaf6594804dae8d8bedcb73c0cedff03c990
runtime/src/iree/tokenizer/format/huggingface/decoder_json.h	blob	100644	d397e566e07e79909177ab085b82baa27441785f
runtime/src/iree/tokenizer/format/huggingface/decoder_json_fuzz.cc	blob	100644	ef49fca4d81aa8fe0c88c6cb44ad65ae63e633a8
runtime/src/iree/tokenizer/format/huggingface/decoder_json_fuzz.dict	blob	100644	8a73be0312c8810513ba860b38001b04e498c851
runtime/src/iree/tokenizer/format/huggingface/decoder_json_test.cc	blob	100644	ee517238c20ef059840e4622797776bba2e2541a
runtime/src/iree/tokenizer/format/huggingface/model_json.c	blob	100644	f199975db933438850489a363661b50aa42379de
runtime/src/iree/tokenizer/format/huggingface/model_json.h	blob	100644	4b43f8857cf32ba9fa074c4d06cffcadc978d35c
runtime/src/iree/tokenizer/format/huggingface/model_json_fuzz.cc	blob	100644	e8f8b887efcf4a9f2469260e507cccf8c6f83001
runtime/src/iree/tokenizer/format/huggingface/model_json_test.cc	blob	100644	67fe74b4ca5787d4fae830467da473de3db8b105
runtime/src/iree/tokenizer/format/huggingface/normalizer_json.c	blob	100644	6334bc1fd14d23041b9c9288db9eb8d6a3817967
runtime/src/iree/tokenizer/format/huggingface/normalizer_json.h	blob	100644	220ddeb1c39c2ce66fdc060cfeab10f71951466d
runtime/src/iree/tokenizer/format/huggingface/normalizer_json_fuzz.cc	blob	100644	abfbc5e679f402a4098f63c68ab38759c536ac0f
runtime/src/iree/tokenizer/format/huggingface/normalizer_json_fuzz.dict	blob	100644	fbd3c33acd489090bce458a26d7d80b96b1c5f2d
runtime/src/iree/tokenizer/format/huggingface/normalizer_json_test.cc	blob	100644	86112ec7c6f089490f4bf4515dd6377252abffc0
runtime/src/iree/tokenizer/format/huggingface/postprocessor_json.c	blob	100644	db7bee682a74e6a84d0e4145a49b90b35e47a5aa
runtime/src/iree/tokenizer/format/huggingface/postprocessor_json.h	blob	100644	96a9b9614b7af29166fcc3f22e3338ede81bc2fa
runtime/src/iree/tokenizer/format/huggingface/postprocessor_json_test.cc	blob	100644	34fc11a4731224c88dbb820f48c98842aa93dfea
runtime/src/iree/tokenizer/format/huggingface/segmenter_json.c	blob	100644	a385273a80ca3cc2f57a5fee166acd493130c320
runtime/src/iree/tokenizer/format/huggingface/segmenter_json.h	blob	100644	b843f100ee4c7e7052a046f53c64e5bbd63c72b7
runtime/src/iree/tokenizer/format/huggingface/segmenter_json_fuzz.cc	blob	100644	384efec4c4cc3d3267553553132b6e28e3933cbe
runtime/src/iree/tokenizer/format/huggingface/segmenter_json_fuzz.dict	blob	100644	691781a84f49476f0bfedf1a55c5957fa8e3a58b
runtime/src/iree/tokenizer/format/huggingface/segmenter_json_test.cc	blob	100644	8ccfd61bee0a7dedc24010b5593d8bcded88bb7d
runtime/src/iree/tokenizer/format/huggingface/tokenizer_json.c	blob	100644	47d2a04c4dce7b70a418bda50d9be3b261358490
runtime/src/iree/tokenizer/format/huggingface/tokenizer_json.h	blob	100644	d5fa38a86c108971e2a677f4545cc262e00e18d3
runtime/src/iree/tokenizer/format/huggingface/tokenizer_json_fuzz.cc	blob	100644	ca440365c0c15a097d18c5bac2e55aef636d4bf0
runtime/src/iree/tokenizer/format/huggingface/tokenizer_json_test.cc	blob	100644	cc2d22084393998e644ba230072082138acc2cbe
runtime/src/iree/tokenizer/format/huggingface/types.h	blob	100644	417bdedd87003f7e8c4c2785fe06368176f20651
runtime/src/iree/tokenizer/format/tiktoken/BUILD.bazel	blob	100644	3b698aa52c20a127d5ac51d6c42f45bc38cee545
runtime/src/iree/tokenizer/format/tiktoken/CMakeLists.txt	blob	100644	e7fef708906a8a38754479b9b66242116806ba72
runtime/src/iree/tokenizer/format/tiktoken/tiktoken.c	blob	100644	49b9dbd9f551186e214580352b5d3c63a7f90494
runtime/src/iree/tokenizer/format/tiktoken/tiktoken.h	blob	100644	83fa88f92dd6e7c45f3aefb38493926a4be4b632
runtime/src/iree/tokenizer/format/tiktoken/tiktoken_fuzz.cc	blob	100644	83f1f4716e81c2f1decd0a5bb4c9a733d5dacf76
runtime/src/iree/tokenizer/format/tiktoken/tiktoken_test.cc	blob	100644	2b736a9bc1a6b6bc186a10e6f29d012382dc221c
runtime/src/iree/tokenizer/model.c	blob	100644	c3a40b9f8cbd919754d4d5a111a4b729b35a57fc
runtime/src/iree/tokenizer/model.h	blob	100644	8fb4710192a77f2aa0d9c546b9097b8463d77020
runtime/src/iree/tokenizer/model/BUILD.bazel	blob	100644	b72b889e7c4fee646c3526cadbc7d19f67e0c433
runtime/src/iree/tokenizer/model/CMakeLists.txt	blob	100644	65f5d9a6e66c074eac5b9577235a85b5b1c2dd24
runtime/src/iree/tokenizer/model/bpe.c	blob	100644	309f1e261f7282347fe40b9a5f6ff36301f85fc1
runtime/src/iree/tokenizer/model/bpe.h	blob	100644	2ecd6d0673e0b76152aa4c4782777869021f1613
runtime/src/iree/tokenizer/model/bpe_backtrack.c	blob	100644	7f2cab797c51e425608d567585701569ceb4f5cb
runtime/src/iree/tokenizer/model/bpe_backtrack_test.cc	blob	100644	f89794708202de543eeb647f12655edcac218c2f
runtime/src/iree/tokenizer/model/bpe_cache.c	blob	100644	11983dd8ac03b7da41f4ff99e325aaee47d25247
runtime/src/iree/tokenizer/model/bpe_encode.c	blob	100644	bf140ae97c6fb89965c73d6f6c0f800cb8e62ba2
runtime/src/iree/tokenizer/model/bpe_fuzz.cc	blob	100644	3174b5208a398b8fb8032b64abfcb69c1a381ba6
runtime/src/iree/tokenizer/model/bpe_heap.c	blob	100644	548a60f42e4af10336945fa8c8d08b2802ab5a21
runtime/src/iree/tokenizer/model/bpe_heap.h	blob	100644	067a8051ac49f04b55b21905e129037feb08a28c
runtime/src/iree/tokenizer/model/bpe_heap_benchmark.cc	blob	100644	99097065287a93f8b6a1a08d43a1eac20e53960b
runtime/src/iree/tokenizer/model/bpe_heap_test.cc	blob	100644	9f8cdc2e0696679295c192549ddaf0ee09d70d76
runtime/src/iree/tokenizer/model/bpe_internal.h	blob	100644	69546df3f0bd2966c4868e13b58c46b6ece19e59
runtime/src/iree/tokenizer/model/bpe_tables.c	blob	100644	c44021d3e16b0b8a57f1f2f6a738d9551281cb9d
runtime/src/iree/tokenizer/model/bpe_test.cc	blob	100644	f2b82260d5cfc55ee4fb58b11a957b061f30dc9c
runtime/src/iree/tokenizer/model/bpe_window.c	blob	100644	6f789cf6db3a1bc2cf396e16469fccbb4914eed4
runtime/src/iree/tokenizer/model/model_test_util.cc	blob	100644	2c158ba7fbd48c085c95c229aadeba5ea8b8d207
runtime/src/iree/tokenizer/model/model_test_util.h	blob	100644	707606ddc55660c45c5e54e7d5a14870bdad119b
runtime/src/iree/tokenizer/model/unigram.c	blob	100644	6e6e228b7d46d9855c94f7297e5d1dc92d887f36
runtime/src/iree/tokenizer/model/unigram.h	blob	100644	ec09776e30897f66a2673409903248bee0b84745
runtime/src/iree/tokenizer/model/unigram_fuzz.cc	blob	100644	d336d930be534c7b06bbd96f4d7b78f844bfc2bc
runtime/src/iree/tokenizer/model/unigram_test.cc	blob	100644	329cd968721418dcc2d81338c0bec009ac8559ef
runtime/src/iree/tokenizer/model/wordpiece.c	blob	100644	3dc25ee21e1b34095e100136941c0b504a329348
runtime/src/iree/tokenizer/model/wordpiece.h	blob	100644	3134dea94ed0daf3673f4f076bf97d3d5bf3224e
runtime/src/iree/tokenizer/model/wordpiece_fuzz.cc	blob	100644	1684487c880f89aebf72b6b8b540f551ed60c1a9
runtime/src/iree/tokenizer/model/wordpiece_test.cc	blob	100644	c0761b10653a7737ecc2804d70c47152ede67b2d
runtime/src/iree/tokenizer/normalizer.c	blob	100644	8966a3f5da991e589a4b67dc5b827c57871be721
runtime/src/iree/tokenizer/normalizer.h	blob	100644	535685a8e756c1c8cc68a0af4819d0910ab38435
runtime/src/iree/tokenizer/normalizer/BUILD.bazel	blob	100644	2f5980ac225c84e13921f228007c6be8884ceed0
runtime/src/iree/tokenizer/normalizer/CMakeLists.txt	blob	100644	0953fc5da06fd327e1f63122ba11a7b8938b3bf1
runtime/src/iree/tokenizer/normalizer/bert.c	blob	100644	3e0dc38a3e120fecb8743abd54cf38768b39fcb9
runtime/src/iree/tokenizer/normalizer/bert.h	blob	100644	945d314ccc2922bea1438593ea69b82e8f77061c
runtime/src/iree/tokenizer/normalizer/bert_fuzz.cc	blob	100644	f4bd124d0dd3f9390c22ff9fdbf04c6604c9a68d
runtime/src/iree/tokenizer/normalizer/bert_test.cc	blob	100644	a0c9aa54e2e362fca6d0350f600963818e4b519f
runtime/src/iree/tokenizer/normalizer/deferred.c	blob	100644	3a2da7b51ce7b1fa5aa9a6a143a842385970db40
runtime/src/iree/tokenizer/normalizer/deferred.h	blob	100644	37496deddba573641d4c6b40629d0a1e71961241
runtime/src/iree/tokenizer/normalizer/lowercase.c	blob	100644	68df84bc4e85366c342949388a8d1c9c93b1d4d6
runtime/src/iree/tokenizer/normalizer/lowercase.h	blob	100644	03b254644f2c1fc9e0ba94f847f88d45b9169508
runtime/src/iree/tokenizer/normalizer/lowercase_fuzz.cc	blob	100644	0d9f8a0686b02984652419218886e3a4dfe43e59
runtime/src/iree/tokenizer/normalizer/lowercase_test.cc	blob	100644	7ee06e001ca4212c5195ec66a58f3e580248b4bf
runtime/src/iree/tokenizer/normalizer/nfc.c	blob	100644	d81b8f0ea7c507c55fa76d7a77fc858991caedf8
runtime/src/iree/tokenizer/normalizer/nfc.h	blob	100644	16b6ea1162b84ff179f25108c0d4b94deced1966
runtime/src/iree/tokenizer/normalizer/nfc_fuzz.cc	blob	100644	e5bf54ba307ee2ca0cec5936d2ae5fa91e9b9701
runtime/src/iree/tokenizer/normalizer/nfc_test.cc	blob	100644	77a6de6a3ff7721b2111ea16bf90f43f75861fc6
runtime/src/iree/tokenizer/normalizer/nfd.c	blob	100644	0abe07f38c48d43e29f4f4b7db2d1a0a1a011e27
runtime/src/iree/tokenizer/normalizer/nfd.h	blob	100644	92a225f12242f127380a068b6a6398bc5d235d8c
runtime/src/iree/tokenizer/normalizer/nfd_fuzz.cc	blob	100644	0e676f0e1d562a474e63f2cee2509702bd3b2c5a
runtime/src/iree/tokenizer/normalizer/nfd_test.cc	blob	100644	47717e97dcc26bb979c2f8e0763909a84be87a20
runtime/src/iree/tokenizer/normalizer/nfkd.c	blob	100644	5feb7ae955e89914c08f3ce908608d0ed9b4ecd3
runtime/src/iree/tokenizer/normalizer/nfkd.h	blob	100644	0dc4a1fd6a8bfb75480544c64a1d2973cfcecb71
runtime/src/iree/tokenizer/normalizer/nfkd_fuzz.cc	blob	100644	161819c77be936dbf39b6dd22e2b9f39b064ff7b
runtime/src/iree/tokenizer/normalizer/nfkd_test.cc	blob	100644	5bd0728dea7dd0c32e73279b95061588f5a80a22
runtime/src/iree/tokenizer/normalizer/normalizer_test_util.cc	blob	100644	9ce0ab9dcf3e2d5a7686623c0ad2bd764814c974
runtime/src/iree/tokenizer/normalizer/normalizer_test_util.h	blob	100644	7781c0a5afdf69fe56056a2b0ebe45ba83eceef7
runtime/src/iree/tokenizer/normalizer/passthrough.c	blob	100644	3fa8ea0d6afd8f5648e3f210af30d907fff5c3be
runtime/src/iree/tokenizer/normalizer/passthrough.h	blob	100644	cfea6c24ba21f1b74c6bfc69f10b1d49af9e87f7
runtime/src/iree/tokenizer/normalizer/passthrough_test.cc	blob	100644	eab8e9af611abb5091d44e53d38bfdc2765162ac
runtime/src/iree/tokenizer/normalizer/precompiled.c	blob	100644	594907d12d1aa8843993a524a604f26955190a01
runtime/src/iree/tokenizer/normalizer/precompiled.h	blob	100644	20c26dee96fcce425b36efe5293ec2352eaac50a
runtime/src/iree/tokenizer/normalizer/precompiled_format_fuzz.cc	blob	100644	e689abf5686a9151913605dec9f9572f2ba006c9
runtime/src/iree/tokenizer/normalizer/precompiled_normalize_fuzz.cc	blob	100644	947eabc10fd4898a187af858ad41c2919d278094
runtime/src/iree/tokenizer/normalizer/precompiled_test.cc	blob	100644	95810848f079437cd1bb537ea6ce3c8b1ac110e6
runtime/src/iree/tokenizer/normalizer/prepend.c	blob	100644	448a33f5d3921916706736b658e4c742cc0fb7ec
runtime/src/iree/tokenizer/normalizer/prepend.h	blob	100644	c23400ba2c8e0ae7e78352dcca0bca2af08b368e
runtime/src/iree/tokenizer/normalizer/prepend_fuzz.cc	blob	100644	a5bec7846e0170f38328ae3347aae6bc02e16009
runtime/src/iree/tokenizer/normalizer/prepend_test.cc	blob	100644	48bc9dc912e7eafeda24457d56459c41232c468b
runtime/src/iree/tokenizer/normalizer/regex_replace.c	blob	100644	93eb27e7d6f428fa08fa63d8250680395cc027ba
runtime/src/iree/tokenizer/normalizer/regex_replace.h	blob	100644	41e3e8dc0ab390219356d67119176321a6c030a9
runtime/src/iree/tokenizer/normalizer/regex_replace_fuzz.cc	blob	100644	e9bb87751f407e04debb32e78cf349959ba8096e
runtime/src/iree/tokenizer/normalizer/regex_replace_test.cc	blob	100644	6809639419ddf2068f0f8feceb43dad5ff4a3376
runtime/src/iree/tokenizer/normalizer/replace.c	blob	100644	b0dd08152faf1625ff16043716ff4ca43dc1a01a
runtime/src/iree/tokenizer/normalizer/replace.h	blob	100644	e932ae349dc1966733ad878c879cfa613f9f0377
runtime/src/iree/tokenizer/normalizer/replace_fuzz.cc	blob	100644	f46b7506512db2d13cd4e713b0194004f2eff9c2
runtime/src/iree/tokenizer/normalizer/replace_test.cc	blob	100644	d5b60e9dc5a7f81d741249bf9ced73df71ae53b0
runtime/src/iree/tokenizer/normalizer/sequence.c	blob	100644	06c18f8bc91242a876d94af2fbed4a5ea0a7dba5
runtime/src/iree/tokenizer/normalizer/sequence.h	blob	100644	177e5d331dfa69f5f2b399e62847f82a411671d1
runtime/src/iree/tokenizer/normalizer/sequence_test.cc	blob	100644	fa23e15f3eb3e1d7c210bfc62b7ddb800498a5d7
runtime/src/iree/tokenizer/normalizer/strip.c	blob	100644	6ff07f6ec1791a84498b510cb97198555efe9dcc
runtime/src/iree/tokenizer/normalizer/strip.h	blob	100644	07b0a59a621b9bd77fc93c554481cba9fafc1add
runtime/src/iree/tokenizer/normalizer/strip_accents.c	blob	100644	d523495cf4aa5d798a3a8ec2b221fb454b3e6f1d
runtime/src/iree/tokenizer/normalizer/strip_accents.h	blob	100644	a8f611b89240135d8abee1502b49101b9ad3aab2
runtime/src/iree/tokenizer/normalizer/strip_accents_fuzz.cc	blob	100644	28740a518a32e45bb8d99fe017de826c78a19426
runtime/src/iree/tokenizer/normalizer/strip_accents_test.cc	blob	100644	ca9a3f95dcb9129920569b54d217abcc31bde5de
runtime/src/iree/tokenizer/normalizer/strip_fuzz.cc	blob	100644	8e54a88aa1e312d1f6c067d3690bc44106bc6e99
runtime/src/iree/tokenizer/normalizer/strip_test.cc	blob	100644	8d6233e27ec5b98adf14cc9576f120db2c3abb53
runtime/src/iree/tokenizer/postprocessor.c	blob	100644	b7d162bb77e5c1b16f8ffd9e32f2e3536c7218c3
runtime/src/iree/tokenizer/postprocessor.h	blob	100644	9a947da716f63d2d298107788cac8c02b9601436
runtime/src/iree/tokenizer/postprocessor_fuzz.cc	blob	100644	104fe66de1646645df44c2dde2b62a419c9228f3
runtime/src/iree/tokenizer/postprocessor_test.cc	blob	100644	ea2b6688ef8412ddd4b8464f5411998024cf0df9
runtime/src/iree/tokenizer/regex/BUILD.bazel	blob	100644	b88b9d88ef23e090aa495563f8a2b955d8663ec7
runtime/src/iree/tokenizer/regex/CMakeLists.txt	blob	100644	862a58ce14d2b078149b6901423623d810030414
runtime/src/iree/tokenizer/regex/compile.c	blob	100644	328fe219af1257b051cad94e2990c52e31e8b8d3
runtime/src/iree/tokenizer/regex/compile.h	blob	100644	24eab0eda4991660113bb21ce0d7bcde60fe7f23
runtime/src/iree/tokenizer/regex/compile_benchmark.cc	blob	100644	e093e0316e3803e65c2e638dfa6fbd7ef3daaf44
runtime/src/iree/tokenizer/regex/compile_test.cc	blob	100644	831a566eb2bea57d5e782755722a684961e224fd
runtime/src/iree/tokenizer/regex/exec.c	blob	100644	6a53b6d236ce4e97fc5cb1652ce0421ab627de27
runtime/src/iree/tokenizer/regex/exec.h	blob	100644	693b6bddb6f42c69fa5a0970405314b2d1c686b1
runtime/src/iree/tokenizer/regex/exec_benchmark.cc	blob	100644	22b8d5ce20fc2df2c30634b1c80e1401d05a4eed
runtime/src/iree/tokenizer/regex/exec_test.cc	blob	100644	a515e9682b0cc549baa212bce2b125a0eb333f75
runtime/src/iree/tokenizer/regex/internal/ast.h	blob	100644	3b22b345540c4288c33b6f575c306fa7d67c923e
runtime/src/iree/tokenizer/regex/internal/dfa.c	blob	100644	a21e98551727e81d300753a94a6a19ac9280919e
runtime/src/iree/tokenizer/regex/internal/dfa.h	blob	100644	68210e8a080e65e4b9f2b4a2bb0d47a392fc45c3
runtime/src/iree/tokenizer/regex/internal/lexer.c	blob	100644	2d02abcbb5c6fb114f8c657e2d213c3b4fae5579
runtime/src/iree/tokenizer/regex/internal/lexer.h	blob	100644	b3927d171d28bf3fe2249dd4f1580c4d7c063409
runtime/src/iree/tokenizer/regex/internal/nfa.c	blob	100644	17229c7169693342ce73b9f02d5a0f53ca3c609d
runtime/src/iree/tokenizer/regex/internal/nfa.h	blob	100644	145a669bc1f4757174e5877841e9961b370ceefb
runtime/src/iree/tokenizer/regex/internal/parser.c	blob	100644	8469540e8d829b5c01c7dddf6b135ac29001e516
runtime/src/iree/tokenizer/regex/internal/parser.h	blob	100644	d7538ceca949ab2d75f90033542601963acec0df
runtime/src/iree/tokenizer/regex/regex_fuzz.cc	blob	100644	01c7dff7524270ded74ab2d338d4a8ad5fd9d8e8
runtime/src/iree/tokenizer/regex/regex_test.cc	blob	100644	8dda7fb4fa314fa7c00d73f64e8841e4e2556c79
runtime/src/iree/tokenizer/segmenter.c	blob	100644	55521e135fee185d0b01c770cbd750e0c864c1ca
runtime/src/iree/tokenizer/segmenter.h	blob	100644	67672ab05a04747eb933781ebd3660db6085ad4f
runtime/src/iree/tokenizer/segmenter/BUILD.bazel	blob	100644	fca9d1ce7d62a27d6adfe7a35dc60739c6740491
runtime/src/iree/tokenizer/segmenter/CMakeLists.txt	blob	100644	748bc9f8f65919305d8bdc918c8018d5b4c22bfb
runtime/src/iree/tokenizer/segmenter/bert.c	blob	100644	320d68200c532d3389b5574c03f190d7c350828a
runtime/src/iree/tokenizer/segmenter/bert.h	blob	100644	a385bf918e4b465c477f7239feebf065b3e63249
runtime/src/iree/tokenizer/segmenter/bert_fuzz.cc	blob	100644	28e66fbc634d47d6e0276868ff409cf19f0a376d
runtime/src/iree/tokenizer/segmenter/bert_test.cc	blob	100644	c613df66bc345c1bf3370297ee0e83b91c557690
runtime/src/iree/tokenizer/segmenter/digits.c	blob	100644	21fb3e236ac003edd7c85cecc6a8b49e6a778205
runtime/src/iree/tokenizer/segmenter/digits.h	blob	100644	f8e0dcc3c9e7414f8c7b8516665ea27f6c48ed4d
runtime/src/iree/tokenizer/segmenter/digits_fuzz.cc	blob	100644	ac04073ac581b1ed6e9f243ff4ba386936a4c9af
runtime/src/iree/tokenizer/segmenter/digits_test.cc	blob	100644	f1336d5d6fd6e24471056cd6156981b1e55d22df
runtime/src/iree/tokenizer/segmenter/metaspace.c	blob	100644	c543eecaaaa81404cfc9ef5ff0d6b216391ebf9b
runtime/src/iree/tokenizer/segmenter/metaspace.h	blob	100644	d52a337213f8566264ff888b6ad1875d21972644
runtime/src/iree/tokenizer/segmenter/metaspace_fuzz.cc	blob	100644	251315043eb51fb34bc015ca1efed518cc43ca33
runtime/src/iree/tokenizer/segmenter/metaspace_test.cc	blob	100644	a19fbb1735041039f70e43d00d161fd2a6116617
runtime/src/iree/tokenizer/segmenter/passthrough.c	blob	100644	57badd053fc0fc8bad7e8fe447738ab86ce00bd0
runtime/src/iree/tokenizer/segmenter/passthrough.h	blob	100644	4d510f40b962aaa5d5310956edc663361d158808
runtime/src/iree/tokenizer/segmenter/passthrough_test.cc	blob	100644	26c32504165fbfdacdbd7d7e855f51820e0937c9
runtime/src/iree/tokenizer/segmenter/punctuation.c	blob	100644	5c6ebe1be2886a636de7b130ac837e2262c426de
runtime/src/iree/tokenizer/segmenter/punctuation.h	blob	100644	6db240a9b4b633743a30da32f3bfa10f40bbeb0a
runtime/src/iree/tokenizer/segmenter/punctuation_fuzz.cc	blob	100644	8a67a8fa00a7d4b513bbd0c80826c9cd194b0e4a
runtime/src/iree/tokenizer/segmenter/punctuation_test.cc	blob	100644	5014b36c21012980c44b01d39ee60a3aabf8736f
runtime/src/iree/tokenizer/segmenter/segmenter_test_util.cc	blob	100644	e95b5544be9c6886f102c88e36d6daa4681657f5
runtime/src/iree/tokenizer/segmenter/segmenter_test_util.h	blob	100644	d0fb0695fc1eb7ed8e803ed83c9735bcbe3e8fdd
runtime/src/iree/tokenizer/segmenter/sequence.c	blob	100644	3c9d13d28ebee14d59d36ba8772cd4885404c1cb
runtime/src/iree/tokenizer/segmenter/sequence.h	blob	100644	f675db9230db3bd621e241ef657a3c3b9bcf64ad
runtime/src/iree/tokenizer/segmenter/sequence_test.cc	blob	100644	7bfbe7875e2aed79f06885d5a44edcd64882a6a6
runtime/src/iree/tokenizer/segmenter/split.c	blob	100644	77d3ddad8546c12b40b409e6bb50e44422541167
runtime/src/iree/tokenizer/segmenter/split.h	blob	100644	37e7d9b795687eae28bde601ac8b173f533caf7d
runtime/src/iree/tokenizer/segmenter/split_fuzz.cc	blob	100644	6ea23daaacffd527c3cc414dc24425c4c791a8b6
runtime/src/iree/tokenizer/segmenter/split_test.cc	blob	100644	86139d387133b13c2a61ef8b36e74ee087060d48
runtime/src/iree/tokenizer/segmenter/whitespace.c	blob	100644	cae3d7f604b4adbbce51d2c97bb7b0fba12e4d82
runtime/src/iree/tokenizer/segmenter/whitespace.h	blob	100644	2f9a63fbc3cd481a00a39685883eb1c56ef76a7a
runtime/src/iree/tokenizer/segmenter/whitespace_fuzz.cc	blob	100644	efc989a1c15f95a207d69bebc4c40848bec5aef9
runtime/src/iree/tokenizer/segmenter/whitespace_test.cc	blob	100644	622f448f18c7f35e9f616e2178c5a62575a1c24e
runtime/src/iree/tokenizer/special_tokens.c	blob	100644	3078dd91128b9bc05d9217d1f37d5c5e5c68f39f
runtime/src/iree/tokenizer/special_tokens.h	blob	100644	3ce2ac2967aafae600542f49109c0d1fdfbdfc5f
runtime/src/iree/tokenizer/special_tokens_fuzz.cc	blob	100644	e6361f8e3e1909a8635b75d170fc37e8fd265aee
runtime/src/iree/tokenizer/special_tokens_test.cc	blob	100644	8530bf36148da57ed441d5994ca66652a799ac82
runtime/src/iree/tokenizer/testdata/BUILD.bazel	blob	100644	8c9554a0008393d2738ab845408ae5d7a17f5557
runtime/src/iree/tokenizer/testdata/CMakeLists.txt	blob	100644	47cd788a2b303d46252c4489403f8c6a1fa533fc
runtime/src/iree/tokenizer/testdata/bpe_bytelevel_minimal.json	blob	100644	8cc1b1da0211de76128afb6486d42ac920cee6b7
runtime/src/iree/tokenizer/testdata/bpe_bytelevel_unicode.json	blob	100644	f1644059f04fda85f0de7e0617375aba26570f09
runtime/src/iree/tokenizer/testdata/wordpiece_bert_pair_minimal.json	blob	100644	c3308bade558f7cf3f7a66ba172976eb0eb23e42
runtime/src/iree/tokenizer/testing/BUILD.bazel	blob	100644	43ffa5eb889498b8ccdfafe2fd11a341a72615eb
runtime/src/iree/tokenizer/testing/CMakeLists.txt	blob	100644	889485a87298b1867efdea985d148269f1619b23
runtime/src/iree/tokenizer/testing/fuzzing_util.c	blob	100644	611ed3e7d52efa2e9f4cf3b6be5ffd309cc1a611
runtime/src/iree/tokenizer/testing/fuzzing_util.h	blob	100644	311a2c9dbd6271a51022007e56d9f52144cc6f89
runtime/src/iree/tokenizer/testing/scoped_resource.h	blob	100644	1330c336a71f2b117c4a79ef923eb68934137813
runtime/src/iree/tokenizer/tokenizer.c	blob	100644	ccdacdf81cfb0efa8fb6dc29a949e99328e596e3
runtime/src/iree/tokenizer/tokenizer.h	blob	100644	ec74dd32a46d92dd13b7c5c5f1dd175643f45a46
runtime/src/iree/tokenizer/tokenizer_batch_decode_fuzz.cc	blob	100644	40f48923f6feebf186a6509f90800f65cefcd749
runtime/src/iree/tokenizer/tokenizer_batch_encode_fuzz.cc	blob	100644	9ad4f796abee9190b873ee24fb233ee898cc02e5
runtime/src/iree/tokenizer/tokenizer_benchmark.cc	blob	100644	16734ba24ce008095bc746290faa28d2309ccba0
runtime/src/iree/tokenizer/tokenizer_consistency_test.cc	blob	100644	17976b43608ed3ff5628e155510b09ff5d03f42f
runtime/src/iree/tokenizer/tokenizer_decode_fuzz.cc	blob	100644	e5b305e1ec26951271bc94b077cf27b1a98303a1
runtime/src/iree/tokenizer/tokenizer_decode_test.cc	blob	100644	02bf5c84e0d6215859f2ecf0d63544305e1ad98b
runtime/src/iree/tokenizer/tokenizer_encode_fuzz.cc	blob	100644	97f1ca9c62528fa4dfc1d3d338e3b856e7a0f684
runtime/src/iree/tokenizer/tokenizer_encode_test.cc	blob	100644	76ee6135195b1758e94cc18f0a7bee23e7d725aa
runtime/src/iree/tokenizer/tokenizer_huggingface_test.cc	blob	100644	bc5b3c773da40c8be6311711f6ec7b9835391e73
runtime/src/iree/tokenizer/tokenizer_ringbuffer_fuzz.cc	blob	100644	cbf75b2c45c47a1a57a65d2d1591a541231ce51b
runtime/src/iree/tokenizer/tokenizer_roundtrip_fuzz.cc	blob	100644	173e83b2808109edb852bea4225960d9e1a9d8b9
runtime/src/iree/tokenizer/tokenizer_test.cc	blob	100644	f3afc863c5f102d381d1b19936845d736bff2f0d
runtime/src/iree/tokenizer/tokenizer_test_util.h	blob	100644	41dd8a343c7db1ba7ca8f040a56c440647c025f6
runtime/src/iree/tokenizer/tools/BUILD.bazel	blob	100644	db0791bb8d00a18d7dbd9b7345932602d32b0324
runtime/src/iree/tokenizer/tools/CMakeLists.txt	blob	100644	2c0659a9534edcb961068c77dbe9688c4a1430be
runtime/src/iree/tokenizer/tools/comprehensive_benchmark.cc	blob	100644	3902a18696e9d132bfe917f492a6d971b85c3caf
runtime/src/iree/tokenizer/tools/generate_testdata_expected_ids.py	blob	100644	90c395122857a2afd066906ffa007d78669ee913
runtime/src/iree/tokenizer/tools/generate_tiktoken_golden_ids.py	blob	100644	830ffb511a1818f79aecf053aeed281e973248e9
runtime/src/iree/tokenizer/tools/huggingface_smoketest.py	blob	100644	54444e44906a3c4f741b5b54b14d6f73eafb1a0d
runtime/src/iree/tokenizer/tools/run_benchmarks.sh	blob	100755	41af88442b1b3a91cb094ce01f33ff0b82785579
runtime/src/iree/tokenizer/tools/run_fuzzers.sh	blob	100755	d693abe5ba250611c55e364977c8704a09ca5f1d
runtime/src/iree/tokenizer/tools/run_smoketest.sh	blob	100755	15c4d8f8368d16942e25aa6b6baf71a730e58954
runtime/src/iree/tokenizer/tools/run_tiktoken_smoketest.sh	blob	100755	20b15c4ed364079d3fcd631a67ca8072c8b92f7e
runtime/src/iree/tokenizer/tools/testdata/tokenizer_corpus.json	blob	100644	f5b38595bf15911367d27cf2bcc0f105d088ccc3
runtime/src/iree/tokenizer/tools/tiktoken_smoketest.py	blob	100644	90a4447c6ec0d54d2a7234c2e78692ecf724f909
runtime/src/iree/tokenizer/types.h	blob	100644	ac1794cee8c785da6cf7f47412f1dff42ed4b285
runtime/src/iree/tokenizer/vocab/BUILD.bazel	blob	100644	cdcfc792246960694bfa98184a466cb7276ec6e9
runtime/src/iree/tokenizer/vocab/CMakeLists.txt	blob	100644	937fb1bbe6a56bff4637dfb8037d63b5ac1b06fe
runtime/src/iree/tokenizer/vocab/token.h	blob	100644	8c5702a58868c71036b19a2128cfeb1d37864baf
runtime/src/iree/tokenizer/vocab/vocab.c	blob	100644	2150281343812bb7b780ba2f6a95bf0b528e74fe
runtime/src/iree/tokenizer/vocab/vocab.h	blob	100644	7f4aa8d2087dbb1feab7c06e53f1acc5433c2c47
runtime/src/iree/tokenizer/vocab/vocab_builder.c	blob	100644	ae477c9e298bbaf36cbbfab4b4bd770172b2552c
runtime/src/iree/tokenizer/vocab/vocab_builder.h	blob	100644	11fb0d4d440035e04babf6e7d88f92a7ed923c62
runtime/src/iree/tokenizer/vocab/vocab_builder_test.cc	blob	100644	d68aa423d9c9f25f73254ea466887181ebb6cb8b
runtime/src/iree/tokenizer/vocab/vocab_fuzz.cc	blob	100644	fa3c7cee0dabac5a6d5ef40d8af8dc36ede5f4e5
runtime/src/iree/tokenizer/vocab/vocab_hash.c	blob	100644	a7cc8f5453b617bf0242923b0eb42ab0438d5850
runtime/src/iree/tokenizer/vocab/vocab_hash.h	blob	100644	4f2ebc38c825d56b9d0c83527346b1ddaf316fa5
runtime/src/iree/tokenizer/vocab/vocab_hash_benchmark.cc	blob	100644	2f56e695a13143f4dee3b34318e24af5327ce801
runtime/src/iree/tokenizer/vocab/vocab_hash_test.cc	blob	100644	aafcee04d77edcac49f3ffca3d3e1daf2ebf2992
runtime/src/iree/tokenizer/vocab/vocab_internal.h	blob	100644	dd8b45e15e3a16a4b943e5a33e4688f41481a29a
runtime/src/iree/tokenizer/vocab/vocab_merge_hash.c	blob	100644	983af180b8239f30288c00c952857823ce0388ae
runtime/src/iree/tokenizer/vocab/vocab_merge_hash.h	blob	100644	ececc81a2a371dd1bc2f19dc2006b38e7dbe7b50
runtime/src/iree/tokenizer/vocab/vocab_merge_hash_test.cc	blob	100644	cbbdd2a6e47067ee36ad7562108f301106b8b95b
runtime/src/iree/tokenizer/vocab/vocab_test.cc	blob	100644	0ec7967fb31b7055525db42b8ecb7dc9f9d0b82d
runtime/src/iree/tokenizer/vocab/vocab_trie.c	blob	100644	e88ae43bd5efd674ebc38979468f7d01d14ae59f
runtime/src/iree/tokenizer/vocab/vocab_trie.h	blob	100644	fc40cedaf8865829095cc9a03f5ffe6dd127e3cc
runtime/src/iree/tokenizer/vocab/vocab_trie_benchmark.cc	blob	100644	ca2fa87f9d5d8b618459cc0e3e1b904f775762b6
runtime/src/iree/tokenizer/vocab/vocab_trie_test.cc	blob	100644	7eb8666bcdfc13fc8703aaad35e7a478452dbbcf
runtime/src/iree/tooling/BUILD.bazel	blob	100644	a2b4fcec7576d677a27687b01ffc462790b2ba19
runtime/src/iree/tooling/CMakeLists.txt	blob	100644	e0420a0e743f26ca1762a496e5b8a5b7406e8f00
runtime/src/iree/tooling/buffer_view_matchers.c	blob	100644	822ab9e6d0f450ac19135492cb5c30d2dc01951d
runtime/src/iree/tooling/buffer_view_matchers.h	blob	100644	822e52b9b6e217fe622b711456f3acd7c1a590e1
runtime/src/iree/tooling/buffer_view_matchers_test.cc	blob	100644	b83ed2ec3482dba915f7d9edef240c1ecf4d16f0
runtime/src/iree/tooling/comparison.cc	blob	100644	ac0af13b62722187e10baf5e31bc69ed62b27e72
runtime/src/iree/tooling/comparison.h	blob	100644	be9c8d550b77de96788da178a7e799bc51614f36
runtime/src/iree/tooling/comparison_test.cc	blob	100644	b79364aae9075c4fc3100fc51d3f1f8ddcb5fb32
runtime/src/iree/tooling/context_util.c	blob	100644	e7b5b1991f0e608019f466fe6680a2b6e2109dce
runtime/src/iree/tooling/context_util.h	blob	100644	b080c000c56aeae400b284c7fe0c0f38493a3658
runtime/src/iree/tooling/device_util.c	blob	100644	78c411ec389630d6d07b15eb76bca1f49b122c43
runtime/src/iree/tooling/device_util.h	blob	100644	390ecf2e7ddbabf1e76d0bf68d62aa5371be7376
runtime/src/iree/tooling/function_io.c	blob	100644	7351286ce42807c1510ccd065d25eadbc562ded3
runtime/src/iree/tooling/function_io.h	blob	100644	37d51b3b3862dc5b9bfcacc6778bdb1dea156d10
runtime/src/iree/tooling/function_io_test.cc	blob	100644	db2a1b043d581eab2c86b9c2056cfe7843e79786
runtime/src/iree/tooling/function_util.c	blob	100644	af3f730a065249f463670af06ee7c0f38d05fcf4
runtime/src/iree/tooling/function_util.h	blob	100644	63369d526eea023b840eb797d78b661fcb899e21
runtime/src/iree/tooling/instrument_util.c	blob	100644	ccd6e20260342d94713fae60a65f019590d681d5
runtime/src/iree/tooling/instrument_util.h	blob	100644	d592bef36c04d6c32a46cd66e776cbbb6015c296
runtime/src/iree/tooling/modules/BUILD.bazel	blob	100644	68ae5bed5ebb0f1546027760cbed6c07fa5f72c0
runtime/src/iree/tooling/modules/CMakeLists.txt	blob	100644	2a40edf6af222d5cb9cf9ca81305808a65529968
runtime/src/iree/tooling/modules/resolve_external.c.in	blob	100644	97a701605a0e855c5129d91a459a9365e645c545
runtime/src/iree/tooling/modules/resolver.c	blob	100644	fdd3d38c4abf02c10ab4f77ecb6ad0dd505a8d0b
runtime/src/iree/tooling/modules/resolver.h	blob	100644	8e8472cd7956b92489ae5afb48ff988215962257
runtime/src/iree/tooling/numpy_io.c	blob	100644	43b2be2c1b56779a6421eb2f576219fcfa4b2781
runtime/src/iree/tooling/numpy_io.h	blob	100644	a9ea0be4c0f75c172ce6dad6bd3b3398db2351d3
runtime/src/iree/tooling/numpy_io_test.cc	blob	100644	f93a25aa7efe85a8fdb7605424a45dd846a838a7
runtime/src/iree/tooling/parameter_util.c	blob	100644	5e92f96593597fe0f5ae6d44483d2ba0f3aa3f52
runtime/src/iree/tooling/parameter_util.h	blob	100644	f1633416d0e420b29bf8948ffe108507fcedb931
runtime/src/iree/tooling/process_results.c	blob	100644	2acf9fc5f2008d8a7f900b85badfdce19b81c7ad
runtime/src/iree/tooling/process_results.h	blob	100644	12599ea98902f876c30690c2dfc8899e1ece96af
runtime/src/iree/tooling/profile/BUILD.bazel	blob	100644	aeb571f87ab2d66a1bec0ee716639775daa11310
runtime/src/iree/tooling/profile/CMakeLists.txt	blob	100644	fc72cb88c4845ed100714ecff8c36e345dc9e1ea
runtime/src/iree/tooling/profile/att/BUILD.bazel	blob	100644	56cdc25d3fbf5930469ccb97d19f2a9349e55511
runtime/src/iree/tooling/profile/att/CMakeLists.txt	blob	100644	247e7199633205a87abff8c11e0540cf043a5854
runtime/src/iree/tooling/profile/att/att.c	blob	100644	adbbbcc7c1d93b061b49fb902f5ffe0f8617a195
runtime/src/iree/tooling/profile/att/att.h	blob	100644	ca1a0db54769506da3d0673ce8ae2f917d318b5b
runtime/src/iree/tooling/profile/att/bundle.c	blob	100644	b4c47a17737dec3c504c1f40725a35db3ae15ebd
runtime/src/iree/tooling/profile/att/bundle.h	blob	100644	9fc73a302154a0a230071b9b1dbeca76eea82b58
runtime/src/iree/tooling/profile/att/bundle_test.cc	blob	100644	03326dc5ec2bcf2bacf676a8516b8e2827c97e21
runtime/src/iree/tooling/profile/att/comgr.c	blob	100644	abbcc32e2c9034fd085bf4b99051a09c77003b7c
runtime/src/iree/tooling/profile/att/comgr.h	blob	100644	5967104783c1a0341c9a6846e8e089a39329afba
runtime/src/iree/tooling/profile/att/decode.c	blob	100644	764d520c9a93831bfe9429242d4ec13dd73b61a4
runtime/src/iree/tooling/profile/att/decode.h	blob	100644	25f3f576749beff9971e2f597d07aa5f81e2493d
runtime/src/iree/tooling/profile/att/disassembly.c	blob	100644	3da189d22bca896207272798f36de8ed9737008b
runtime/src/iree/tooling/profile/att/disassembly.h	blob	100644	a21232d112580ab4d3668cee122df0b3c444d7df
runtime/src/iree/tooling/profile/att/rocm.c	blob	100644	13c20a5b841bdd007db8ea1bd90abe1512edd460
runtime/src/iree/tooling/profile/att/rocm.h	blob	100644	07a104a158eed089a6244b3a92e48a6585287c5d
runtime/src/iree/tooling/profile/att/rocm_test.cc	blob	100644	fbc77022f935de0b96c12de68e1ba92f65a92bb7
runtime/src/iree/tooling/profile/att/rocprofiler.c	blob	100644	88b3576b10dc8f104c43cbd4c801ab63738628e2
runtime/src/iree/tooling/profile/att/rocprofiler.h	blob	100644	06a7646e163ca9bb19b27420d364dd666876e2d4
runtime/src/iree/tooling/profile/att/util.c	blob	100644	1fc3424122a8956f4e496a61048055d944a2c93f
runtime/src/iree/tooling/profile/att/util.h	blob	100644	7085dd763a83156122456b51cdc02db82949c49b
runtime/src/iree/tooling/profile/cat.c	blob	100644	35dc99b3f77f643cb896e4da7c9a1a8f6f565f16
runtime/src/iree/tooling/profile/cat.h	blob	100644	df523ca731eaf884f98932ac970ae6b47fe80c3a
runtime/src/iree/tooling/profile/cli_test.py	blob	100644	ffb05c946ea738533481398e64a1259551e1b195
runtime/src/iree/tooling/profile/commands.c	blob	100644	1a0950879a464dbd3f211752bca6972dc90e80a1
runtime/src/iree/tooling/profile/commands.h	blob	100644	2a1def456a95e702732a95f6068e368308e440b8
runtime/src/iree/tooling/profile/commands_test.cc	blob	100644	affb82113b8f94d931bdf7553f0c8a0b6968d75a
runtime/src/iree/tooling/profile/common.c	blob	100644	c052a0855daaab1509cdf28082c2645ab57a9beb
runtime/src/iree/tooling/profile/common.h	blob	100644	ff5e87f6900ac137cbcee96b5645c4a2a752bee7
runtime/src/iree/tooling/profile/common_test.cc	blob	100644	823a5583d60463f1013c3707f550d4e7a46b44bf
runtime/src/iree/tooling/profile/counter.c	blob	100644	fc6c2349deae696a9d2c08fa9d307416878cf59f
runtime/src/iree/tooling/profile/counter.h	blob	100644	4c2911aacaa5185ad1d63e6abf8af020a832d716
runtime/src/iree/tooling/profile/counter_test.cc	blob	100644	7cc5d9476da73dc19e7fe2a72a4d6d182e3de1f3
runtime/src/iree/tooling/profile/dispatch.c	blob	100644	fb9baaf8c06b26fbe59d3197a89b6694303a0c21
runtime/src/iree/tooling/profile/dispatch.h	blob	100644	bc1624aa689b101643fcb96cd160674b091a340d
runtime/src/iree/tooling/profile/explain.c	blob	100644	38246d1f7d8dce4fc73febc0d3ad996b8ea6169c
runtime/src/iree/tooling/profile/explain.h	blob	100644	ab2185e1c7083609642e9813b49eb664e9440d8b
runtime/src/iree/tooling/profile/export.c	blob	100644	393393ca3c11a90a0307595cb425bf66c976ad56
runtime/src/iree/tooling/profile/export.h	blob	100644	247181d730fed94ab476b0e8511bf794ce3ba6d8
runtime/src/iree/tooling/profile/help.c	blob	100644	992f6bbd06cb1de4fd3bd0ceed6830dbb531d69e
runtime/src/iree/tooling/profile/help.h	blob	100644	6bc22b2af953cec9b6f6ecf400be1583d5943e68
runtime/src/iree/tooling/profile/internal.h	blob	100644	77fd4b73fd0a541745067f355e08901d2cd5d352
runtime/src/iree/tooling/profile/memory.c	blob	100644	66a3206e9a5b1ed4bec71d47f681fd9cb4d7862e
runtime/src/iree/tooling/profile/memory.h	blob	100644	2ed66096ddea3f5cc8538e833d4113fc552a76b0
runtime/src/iree/tooling/profile/memory_test.cc	blob	100644	5348931e01025ec0534d16e26c18dd4e86dd8a23
runtime/src/iree/tooling/profile/model.c	blob	100644	1ed683c29e16b1407afc78caa97556c2daa0aab8
runtime/src/iree/tooling/profile/model.h	blob	100644	23c4f9cac10f3cc76b4a7d638e0a5926499f9c73
runtime/src/iree/tooling/profile/model_test.cc	blob	100644	796b62b4ec35244b529ad22ec9a6a52e6370921d
runtime/src/iree/tooling/profile/projection.c	blob	100644	e56dc415b5d20b926a9610e5e34021e37decca72
runtime/src/iree/tooling/profile/projection.h	blob	100644	15481be725b8b171ff9873928fb5eaa3dab1c52b
runtime/src/iree/tooling/profile/queue_query.c	blob	100644	c2d98b708c1cedb673d0db9957e05c681f3221c5
runtime/src/iree/tooling/profile/queue_query.h	blob	100644	fd3e8c883b943cb2d3479f9195042dc760e33927
runtime/src/iree/tooling/profile/queue_query_test.cc	blob	100644	26a05e049df8a47b2897e65e0c72b0d711e344f6
runtime/src/iree/tooling/profile/reader.c	blob	100644	af1e996908e2b0b63fb23cd41b24d2dd964eed9a
runtime/src/iree/tooling/profile/reader.h	blob	100644	bb4eca44131f08323906366f018211ad8ce7e3b8
runtime/src/iree/tooling/profile/reader_test.cc	blob	100644	a9a4dbb860db736b53ff9df56a05e88acf820cf8
runtime/src/iree/tooling/profile/render/__init__.py	blob	100644	c7af845c23f6a91fd80a4b32201df9a88c4a3670
runtime/src/iree/tooling/profile/render/backends.py	blob	100644	ade7bdf02a7b9dd5809f088c492a64874fb90cba
runtime/src/iree/tooling/profile/render/cli.py	blob	100644	7d8e4ab49ff6cc1255b85583f2559b3e5623fab5
runtime/src/iree/tooling/profile/render/common.py	blob	100644	6237bc7c1e255367c30ee950c3eb098c14235c82
runtime/src/iree/tooling/profile/render/perfetto.py	blob	100644	97ad2b09a54236aea49dec8015cf2379eeb3ddcf
runtime/src/iree/tooling/profile/render_test.py	blob	100644	8eeda0834dbc396afa715fdd9e8d7cfac0aeb7a1
runtime/src/iree/tooling/profile/statistics.c	blob	100644	b3ed97f09d549219abfac2fe386adb3b764de7f2
runtime/src/iree/tooling/profile/statistics.h	blob	100644	d2e310586fd9924d5efb3b8b4a3be27cb084f6cf
runtime/src/iree/tooling/profile/summary.c	blob	100644	4bac0406dd35d211c090382876890030de399844
runtime/src/iree/tooling/profile/summary.h	blob	100644	b67573aee01808992b006460f0078e057278021a
runtime/src/iree/tooling/profile/summary_test.cc	blob	100644	74a41c1be850666aaeea972c769998afe0ee95d7
runtime/src/iree/tooling/profile/test_fixture_generator.c	blob	100644	32ffab1b749c04e8029e63b0abfdb790d09eb906
runtime/src/iree/tooling/run_module.c	blob	100644	20ddbc2384a2741009b4e97006fd309b9db26263
runtime/src/iree/tooling/run_module.h	blob	100644	c29f399537de3253e14a039c017533d8a03d9e22
runtime/src/iree/tooling/testdata/BUILD.bazel	blob	100644	cadf49117343f0c4c1d504da93e872efddaf6fcf
runtime/src/iree/tooling/testdata/CMakeLists.txt	blob	100644	5494e87e0f99aaa408e75b664dfbd93e1f5d8df1
runtime/src/iree/tooling/testdata/npy/BUILD.bazel	blob	100644	fdd5ddabb6abfea2eb1f84a4414cdb8845dba030
runtime/src/iree/tooling/testdata/npy/CMakeLists.txt	blob	100644	917a7c47e407cb59b2edfac66042224a4350fbbb
runtime/src/iree/tooling/testdata/npy/array_shapes.npy	blob	100644	dff40126e31d2ff1c82071a7aa4ec869f67f9f7b
runtime/src/iree/tooling/testdata/npy/array_types.npy	blob	100644	e3b58a72b3090a9c537203a19f6012ace79cf735
runtime/src/iree/tooling/testdata/npy/empty.npy	blob	100644	e69de29bb2d1d6434b8b29ae775ad8c2e48c5391
runtime/src/iree/tooling/testdata/npy/generate_npy_files.py	blob	100644	5ac1b34a5918886cccc4c04393d946dc81186395
runtime/src/iree/tooling/testdata/npy/multiple.npy	blob	100644	58ea94bc358702b2e3b23bd1dba71edd0f0222bf
runtime/src/iree/tooling/testdata/npy/single.npy	blob	100644	6464fa937297e55ccd88179fb34e1d9d6b3a3236
runtime/src/iree/vm/BUILD.bazel	blob	100644	577d9fda04aa23e40195fe7938b51648fc3b0c2a
runtime/src/iree/vm/CMakeLists.txt	blob	100644	28d9c84ac4a989e4dca370aa838071b3ea3450b5
runtime/src/iree/vm/api.h	blob	100644	45a0d393a6d67f452b07a3378c82b5d7cc0df3b6
runtime/src/iree/vm/buffer.c	blob	100644	d4e8b6e2d671e6a087e69982ae7f7bf0f9789afa
runtime/src/iree/vm/buffer.h	blob	100644	88084fa1b84b512c4ca453d2f1c8a23ae5ed4f3c
runtime/src/iree/vm/buffer_test.cc	blob	100644	94b71456cb0aa4f120b223ee6d304a4e65382779
runtime/src/iree/vm/bytecode/BUILD.bazel	blob	100644	ff710800581cf3c45903e6993294d636d62792ed
runtime/src/iree/vm/bytecode/CMakeLists.txt	blob	100644	2bd25b203d19d338d80cc20a15769f042425d626
runtime/src/iree/vm/bytecode/archive.c	blob	100644	1269dec90e8e54c8ea24d58cce4f2dada2570193
runtime/src/iree/vm/bytecode/archive.h	blob	100644	ac76d87d452c42f5c00479b19bcbd71f60a3b7cd
runtime/src/iree/vm/bytecode/assembler/BUILD.bazel	blob	100644	afdc7cee2eed4cef2c77357373bd3bc7363a15d4
runtime/src/iree/vm/bytecode/assembler/CMakeLists.txt	blob	100644	00ea46e8434039ea08084f36949a5e3569403c0e
runtime/src/iree/vm/bytecode/assembler/archive.c	blob	100644	5781f569a98fe72b9276d65fb2a7d3c9e6ad0a5f
runtime/src/iree/vm/bytecode/assembler/archive.h	blob	100644	2281fd6484f60b4d2861d93ae29518cff5033f1f
runtime/src/iree/vm/bytecode/assembler/assembler.c	blob	100644	8fb285c1139e80ef0ec519c976b3e3e51ce9d60e
runtime/src/iree/vm/bytecode/assembler/assembler.h	blob	100644	ca8613c8d8e68caec4eabb761b6bc61bc7b59451
runtime/src/iree/vm/bytecode/assembler/assembler_test.cc	blob	100644	486c5a21c50328770bb36b7a23ffa646cf212cf0
runtime/src/iree/vm/bytecode/assembler/bytecode.c	blob	100644	ace564cd1fcbba5c9d5d1068de5fa4b589bac930
runtime/src/iree/vm/bytecode/assembler/bytecode.h	blob	100644	b88b750db8b1e3b4a725cf53a4a10ab8a93d50ad
runtime/src/iree/vm/bytecode/assembler/bytecode_test.cc	blob	100644	375f33ee31d21401de4732a74b67b7319f0eea47
runtime/src/iree/vm/bytecode/assembler/module.c	blob	100644	a6ac2bb015d72c79974a3199f444f554f855e118
runtime/src/iree/vm/bytecode/assembler/module.h	blob	100644	97317380a3a72237c99599b58dccf7b74fd5cb5b
runtime/src/iree/vm/bytecode/assembler/module_test.cc	blob	100644	8d4c22e0878acebd5d62857872bbbd40e622f9dd
runtime/src/iree/vm/bytecode/assembler/parser.c	blob	100644	b1176e5e4ebcb80ea12f36d40399906558bf6d53
runtime/src/iree/vm/bytecode/assembler/parser.h	blob	100644	af192137fe02bbe26ce672937612baedd60c20f8
runtime/src/iree/vm/bytecode/assembler/parser_test.cc	blob	100644	3c23bcae58d89dc9d2cfb21c322b28bba4bd3ddc
runtime/src/iree/vm/bytecode/assembler/source.c	blob	100644	6d002252002c158d4a417056208218ef818a562f
runtime/src/iree/vm/bytecode/assembler/source.h	blob	100644	3638c108dc5b44fd0442966d26009175345245d4
runtime/src/iree/vm/bytecode/assembler/source_test.cc	blob	100644	8efadc45459d9c837e3eb3bb7adb450c58d9e17a
runtime/src/iree/vm/bytecode/disassembler.c	blob	100644	29ce3d7cf312a54cac8af9c079b386c6378b9818
runtime/src/iree/vm/bytecode/disassembler.h	blob	100644	f571fc0a6f415d832e1cbbd4d1a6479622e883ad
runtime/src/iree/vm/bytecode/dispatch.c	blob	100644	4d0a53c260e8e7caf8a5b34b533bf50919d63f17
runtime/src/iree/vm/bytecode/dispatch_util.h	blob	100644	7936b660d2dda6c11e5a6c4168f4dc1d12d5aca7
runtime/src/iree/vm/bytecode/isa/BUILD.bazel	blob	100644	86e833f735ab901a554f0c39693100fd86fbc38e
runtime/src/iree/vm/bytecode/isa/CMakeLists.txt	blob	100644	b77e2d3b2aa991da132ebfaa258f31c2bc86b29c
runtime/src/iree/vm/bytecode/isa/isa.h	blob	100644	e0a9cb2ee1bde8537f9568a825860e443401fbec
runtime/src/iree/vm/bytecode/isa/isa.json	blob	100644	cb56d10830c5a759433ad6a85646093b130d75c8
runtime/src/iree/vm/bytecode/isa/isa_test.cc	blob	100644	c2430f9ba3d012bad91a73bb29c473d11ee129a8
runtime/src/iree/vm/bytecode/module.c	blob	100644	d86658f68d7c4ac50bfb40ad420ebdcf7879d914
runtime/src/iree/vm/bytecode/module.h	blob	100644	76d3662e6423ae0ce100301afb90e2e48ee12356
runtime/src/iree/vm/bytecode/module_benchmark.cc	blob	100644	283d84550760efeaef258bff79f27f139a1fd92f
runtime/src/iree/vm/bytecode/module_benchmark.vmasm	blob	100644	3f03bc7f8513346921eca26ebce7644730d8c02d
runtime/src/iree/vm/bytecode/module_impl.h	blob	100644	153e428aa07db70971ef36c103a1947bf7ae483c
runtime/src/iree/vm/bytecode/module_size_benchmark.cc	blob	100644	de1eae71432c377a3fa1c6bae010324dce6354b6
runtime/src/iree/vm/bytecode/module_size_benchmark.vmasm	blob	100644	fcbd601b7a662640af5a055a58b06093397534b2
runtime/src/iree/vm/bytecode/module_test.cc	blob	100644	bbdff65e80f28ac4da15faa072b1266dcd804144
runtime/src/iree/vm/bytecode/module_test.vmasm	blob	100644	f5e1cc2828ec6c29992865fbe3a1c1f00c438258
runtime/src/iree/vm/bytecode/utils/BUILD.bazel	blob	100644	6a4430fdbe5933aac156e83dc15ec7c6975bee38
runtime/src/iree/vm/bytecode/utils/CMakeLists.txt	blob	100644	134e4b263352a0f99b603130f518206fefface5a
runtime/src/iree/vm/bytecode/utils/block_list.c	blob	100644	7b0ccdb40d431f80e30a5737f8e1311ce1f1cbd0
runtime/src/iree/vm/bytecode/utils/block_list.h	blob	100644	5087ab7e8512fbbaf58921bb6b0e937de71b20ae
runtime/src/iree/vm/bytecode/utils/block_list_test.cc	blob	100644	24f6d608c91c0d3859f08a21de45d583b63c8f16
runtime/src/iree/vm/bytecode/utils/features.c	blob	100644	8353be5acb0659f8986e3338592e82cc6cea93ef
runtime/src/iree/vm/bytecode/utils/features.h	blob	100644	a3ff71f0b132c09a92bc0ba3668dc83c8fea4f93
runtime/src/iree/vm/bytecode/utils/isa_decoder.h	blob	100644	f7f4ba543989f6efd3c976a95cd009c0071082e3
runtime/src/iree/vm/bytecode/utils/isa_decoder.inl	blob	100644	4d8a3cc25b036078cef6dfbfc79bea88d6f11ba0
runtime/src/iree/vm/bytecode/verifier.c	blob	100644	496ad88901cea7cdab6b123cc9d09fe77d7f5b91
runtime/src/iree/vm/bytecode/verifier.h	blob	100644	ae7f1af08aaf95be432279a2ca0aafc65893ded7
runtime/src/iree/vm/context.c	blob	100644	520e733be202e0f5955e0d15cafbcc0a623ca48d
runtime/src/iree/vm/context.h	blob	100644	2a1d04f560a1c8fcdff413826579849bf70656cd
runtime/src/iree/vm/dynamic/BUILD.bazel	blob	100644	ef30621cd0715a1deafea18bb37fd8d71d7b1d9b
runtime/src/iree/vm/dynamic/CMakeLists.txt	blob	100644	276f9b0bb81051a44c528ce90a905a6e62a1f387
runtime/src/iree/vm/dynamic/api.h	blob	100644	a469098730edd35355ac198bcda693a970abcca5
runtime/src/iree/vm/dynamic/module.c	blob	100644	ca54155ee7f492f7b24e45b9a21a6841d2cd9b14
runtime/src/iree/vm/dynamic/module.h	blob	100644	443cfe17ffc365dc445bc83a54d960aba6f0c491
runtime/src/iree/vm/instance.c	blob	100644	27b1232523afece1543e7d1e1a30d64f8eebcd18
runtime/src/iree/vm/instance.h	blob	100644	0e4e95a970a87c8479f50443a528007ca611913e
runtime/src/iree/vm/invocation.c	blob	100644	4850f1070c62b9570642b006558b45837429f763
runtime/src/iree/vm/invocation.h	blob	100644	ab5b4cfd6d3e145f00e410fc413f3a42b8ae1478
runtime/src/iree/vm/list.c	blob	100644	10bd9bf256f446e0277372f9d4bd988d7224e6a4
runtime/src/iree/vm/list.h	blob	100644	746d160c7966a1c6b9e61e314473993cbb0a2f6e
runtime/src/iree/vm/list_test.cc	blob	100644	0645f5032e848af3eed1983a8e0230825f3e88c8
runtime/src/iree/vm/loop.c	blob	100644	f31e3e81c6d9890af43ecddc36f0480c290ac897
runtime/src/iree/vm/loop.h	blob	100644	be4488f947cc03ff0aa7eef1b4c6047d204d9063
runtime/src/iree/vm/loop_inline.c	blob	100644	4e4938fc0a5daae402e411a0ced3e14f6341f487
runtime/src/iree/vm/loop_inline.h	blob	100644	0870f3daf26968f82c412e66e94316e983b4be00
runtime/src/iree/vm/loop_inline_test.cc	blob	100644	404ac75517bd7e592e87f18e5d952594f985a818
runtime/src/iree/vm/loop_test.h	blob	100644	95759e129bb5b42ee0605bfdc411d4654537c44d
runtime/src/iree/vm/module.c	blob	100644	30e751c8d3ce1b741af93d799142ff0c97fd88f0
runtime/src/iree/vm/module.h	blob	100644	b0d58e88b802b43d22c3a6a7b35edc69a4a3bd01
runtime/src/iree/vm/module_impl_emitc.c	blob	100644	c03694cbe8bed010928f602c19b02f2b5e0ff411
runtime/src/iree/vm/module_test.cc	blob	100644	e51cabfaeb41934c7e495472dc5389a208440a1d
runtime/src/iree/vm/native_module.c	blob	100644	b4f09871def0ddba4e024277e62c736d1cf98c33
runtime/src/iree/vm/native_module.h	blob	100644	4fc43a21e662ddae0149188a963b76a5f29e0b2b
runtime/src/iree/vm/native_module_benchmark.cc	blob	100644	2460153d7dc06361385e486eadb8743698fc7103
runtime/src/iree/vm/native_module_cc.h	blob	100644	849861fcb4b2cc3085d41bfe4e2ceee977d705f3
runtime/src/iree/vm/native_module_packing.h	blob	100644	cc0807e4fdfe1c7b86e95d47c12f1a4338895f66
runtime/src/iree/vm/native_module_test.cc	blob	100644	0519a9a462f5fa6c70fe859b8c82839bc61e1414
runtime/src/iree/vm/native_module_test.h	blob	100644	16192d20bcadcd7cfc59433b9ac3fe244db4cdd6
runtime/src/iree/vm/ops.h	blob	100644	12bc7536114b3a86d623aac0a0edfaf9495cb646
runtime/src/iree/vm/ops_emitc.h	blob	100644	5c5965d831e42f51c81ed6ef241a86d6104c9ac4
runtime/src/iree/vm/ref.c	blob	100644	2ef1608b8881419ef60dbf90b0b7aabb78b593b7
runtime/src/iree/vm/ref.h	blob	100644	dcba1fe35d3d054bb90da5f05c80298706e3e624
runtime/src/iree/vm/ref_cc.h	blob	100644	03db634aa47f25bc16bf84619f10fbddf872a64d
runtime/src/iree/vm/ref_test.cc	blob	100644	00d81abd89b667a7c597b3cdfc2562f65ba46e34
runtime/src/iree/vm/shims.c	blob	100644	99d764fbc053615afb718b0ae296bfe25be88481
runtime/src/iree/vm/shims.h	blob	100644	abaae20ae58fee24a1f8c4834db0ff9614c571b5
runtime/src/iree/vm/shims_emitc.h	blob	100644	f630ea42556b3c342748cf6f792f041f34aa5248
runtime/src/iree/vm/stack.c	blob	100644	3851d0d192c4fb7262417ccd89c1456f45e5dab8
runtime/src/iree/vm/stack.h	blob	100644	9573f9a457e2a957a7e279c8bc5af577c9b52e0d
runtime/src/iree/vm/stack_test.cc	blob	100644	176a544cac6a54854bde71c9e3dad915977fe74c
runtime/src/iree/vm/test/BUILD.bazel	blob	100644	e8ba351ac33af0d5fbac073717de3ed85b78774e
runtime/src/iree/vm/test/CMakeLists.txt	blob	100644	56174a0e7f2b523a3dbd23f6703b346f8d399eba
runtime/src/iree/vm/test/arithmetic_ops.vmasm	blob	100644	d6cffe8082c1444a8d394fe8d23ecd6f9dbb1d37
runtime/src/iree/vm/test/arithmetic_ops_f32.vmasm	blob	100644	49003326b79d900043c2c5e4db774cd584c3400c
runtime/src/iree/vm/test/arithmetic_ops_f64.vmasm	blob	100644	a1e5d70d96541d589fe1144be90940c2968578ee
runtime/src/iree/vm/test/arithmetic_ops_i64.vmasm	blob	100644	94c832e40e94040d9de4d9d1309839e4cd3827bc
runtime/src/iree/vm/test/assignment_ops.vmasm	blob	100644	1e125a4346ccaf0b78e64e083a652e61e20ee27c
runtime/src/iree/vm/test/assignment_ops_f32.vmasm	blob	100644	931d297ba9c0d2962b1e20297bd62e11a537bdbf
runtime/src/iree/vm/test/assignment_ops_f64.vmasm	blob	100644	8add67a5c3d2f5cd77a8e4a61941a3516b7f4020
runtime/src/iree/vm/test/assignment_ops_i64.vmasm	blob	100644	10603d3d4ae6a079948b1414ae96ee0c543fa224
runtime/src/iree/vm/test/async_ops.vmasm	blob	100644	377b231bfd0ec76bcae44f63d35d527d64717086
runtime/src/iree/vm/test/buffer_ops.vmasm	blob	100644	fe69b3bfb702ef329910cddda7f1739df00a8c3a
runtime/src/iree/vm/test/bytecode/BUILD.bazel	blob	100644	3cc8a7ca6be3a2f9286c41413109778cdd8d1bc0
runtime/src/iree/vm/test/bytecode/CMakeLists.txt	blob	100644	aca77977a6491d3dd464c77b47ad7f35830dcb98
runtime/src/iree/vm/test/bytecode/bytecode_module_test.cc	blob	100644	383d452a156d4f1584a28195e0e82bdf21cc015c
runtime/src/iree/vm/test/call_ops.vmasm	blob	100644	824c9b88a63a4422980149d1ee7018e8613ba313
runtime/src/iree/vm/test/comparison_ops.vmasm	blob	100644	cfd2dedaddac480c2fb3a60a7269bbcd6dc0c929
runtime/src/iree/vm/test/comparison_ops_f32.vmasm	blob	100644	0f599ca197c9fce3a25506a3687c9edbb9dd2153
runtime/src/iree/vm/test/comparison_ops_f64.vmasm	blob	100644	5b7525b8f2ce1eb61e7f86ead13de22c27c08342
runtime/src/iree/vm/test/comparison_ops_i64.vmasm	blob	100644	69506351a50b7867d01d937cf236d871c5e20e91
runtime/src/iree/vm/test/control_flow_ops.vmasm	blob	100644	8678505554abdcb746d19b08581222d11e67ff67
runtime/src/iree/vm/test/conversion_ops.vmasm	blob	100644	57966d841a6c939082233fcf2977104bb8405925
runtime/src/iree/vm/test/conversion_ops_f32.vmasm	blob	100644	3edaa592d87dc8044ffe6634748e3a9d692074d4
runtime/src/iree/vm/test/conversion_ops_f64.vmasm	blob	100644	c435dc370076fc3b90c1640b790b0f3d60009144
runtime/src/iree/vm/test/conversion_ops_i64.vmasm	blob	100644	023a54d301b84f9c64d7704c8f9d041e3e3b03ce
runtime/src/iree/vm/test/global_ops.vmasm	blob	100644	e156b236c4606129496fe9aa9c96b5b0e94192b4
runtime/src/iree/vm/test/global_ops_f32.vmasm	blob	100644	ca5da42e7260bfdc475c0b72c5d8afabeda84a28
runtime/src/iree/vm/test/global_ops_f64.vmasm	blob	100644	52b02f8e38c0bff4274156dba39ba0dca003f902
runtime/src/iree/vm/test/global_ops_i64.vmasm	blob	100644	a437e6e5e47884e9e71bf769523f1a8fde72c0ed
runtime/src/iree/vm/test/list_ops.vmasm	blob	100644	c7ca7c86897280e7b8ae1a12b6293c7976d82428
runtime/src/iree/vm/test/list_ops_i64.vmasm	blob	100644	30598e86949345d07572ca62d21ebc6506a4e91e
runtime/src/iree/vm/test/list_variant_ops.vmasm	blob	100644	4c4856da8dc869de5253a9647da4b8d5b7b4906a
runtime/src/iree/vm/test/ref_ops.vmasm	blob	100644	9463b6cb90bd21c918db4f3fbd5732b8903cb90a
runtime/src/iree/vm/test/shift_ops.vmasm	blob	100644	461d0030eb607bea07c3c828624c2336504f2c6c
runtime/src/iree/vm/test/shift_ops_i64.vmasm	blob	100644	d7283394c6ddad2983bd955295b320812dae8657
runtime/src/iree/vm/testing/BUILD.bazel	blob	100644	f2623cac8524f7aa8f4184a70f0d13a2dc73d190
runtime/src/iree/vm/testing/CMakeLists.txt	blob	100644	e967460df364073526b41e11672592fbd9831f59
runtime/src/iree/vm/testing/test_runner.cc	blob	100644	4696039fb4c3f0aee29439beaa9c32bf9ab98bc2
runtime/src/iree/vm/testing/test_runner.h	blob	100644	0ee371f19fb82a70224ffe6eedebd82712e09880
runtime/src/iree/vm/testing/yieldable_test_module.h	blob	100644	7d841f2239d3d82e822e7c0c9b63a9cc9f86bc8c
runtime/src/iree/vm/type_def.h	blob	100644	0bfedb8025b87db7252662958aaeb108accd11b0
runtime/src/iree/vm/value.h	blob	100644	ba2b33beb9c79348e26d409d0ce27b0339389fe6
runtime/src/iree/vm/variant.h	blob	100644	8acf2c191212a51dbbff48d55d52e892f1bcedad
runtime/version.json	blob	100644	370e521fbb26290d482aa022ff8b92713c44f5e8
samples/BUILD.bazel	blob	100644	7b7387138ab7b3c051d30df2f118231433aa5897
samples/CMakeLists.txt	blob	100644	fe5cfa2cf3fdef9b1d2712cb5a827b6a9447c147
samples/README.md	blob	100644	66e0f8a7c23a2e2edabfcdb98a1e1ed44a8e20e1
samples/baremetal_riscv64/CMakeLists.txt	blob	100644	9fef40631dcfe29532a2aa2e9ea985ed8a2daf72
samples/baremetal_riscv64/README.md	blob	100644	a2433febfcd3f4816341462b4cce5a6a32a9b6bc
samples/baremetal_riscv64/run_qemu.sh	blob	100755	2245c2d80489f7d08a42e459a400056e1d5dcda7
samples/baremetal_riscv64/runner.c	blob	100644	b69c1bec757f4091571ba079797301897fa65581
samples/baremetal_riscv64/simple_mul.mlir	blob	100644	3d8f97e47e575700b0af066dd08ee24d11db7779
samples/baremetal_riscv64/start.S	blob	100644	374114fdfeeea27897b70313582f7a952e711dba
samples/colab/README.md	blob	100644	01f59260f14cd537dfe7f97025b91f4673f6f6c4
samples/colab/low_level_invoke_function.ipynb	blob	100644	844cb5443aa2edf2581285705a948e9b952a87dd
samples/colab/pytorch_aot_advanced.ipynb	blob	100644	9f69ba594e27f9ad85862231e7f4dd651115dc90
samples/colab/pytorch_aot_simple.ipynb	blob	100644	d7557e4f3aa979246e05d757ce7f7796ffd700dd
samples/colab/pytorch_huggingface_whisper.ipynb	blob	100644	171e6b62b0df9c9e0345a7e1895cff5c63a72304
samples/colab/pytorch_jit.ipynb	blob	100644	0752b8aadbf4d32b62a8b6d61bd0ccf0118a99b8
samples/colab/tensorflow_edge_detection.ipynb	blob	100644	1139c34d193ad3e61f547ff917fd5e2c47ebf571
samples/colab/tensorflow_hub_import.ipynb	blob	100644	8871ea97d880d2f2a696e1e5b0df6461eb0b123f
samples/colab/tensorflow_mnist_training.ipynb	blob	100644	1875adf147cac3d6c6bd0cee19dfef6ee10374bb
samples/colab/tensorflow_resnet.ipynb	blob	100644	25d99d095fa271faf577a76637951dece47bc314
samples/colab/test_notebooks.py	blob	100755	8b7bf6d85818ac764d0ada43732f6d1fbb8138c6
samples/colab/tflite_text_classification.ipynb	blob	100644	e10215f0ff561cf600a2dcdae008e13bcdc8db9d
samples/compiler_plugins/example/BUILD.bazel	blob	100644	fed86005dd46027aadf19c3f675b5531d19c7ab9
samples/compiler_plugins/example/CMakeLists.txt	blob	100644	b8739cc1f2ee70b912c30846c84c3068431933c8
samples/compiler_plugins/example/README.md	blob	100644	8479884b75d670bf0957b559070f34db108c61db
samples/compiler_plugins/example/src/PluginRegistration.cpp	blob	100644	90dbb79e677bfbe98a62db08a096523bfa92d95c
samples/compiler_plugins/iree_compiler_plugin.cmake	blob	100644	3f4990ab392e1bd7c1bf89864cd292015693a8fa
samples/compiler_plugins/simple_io_sample/BUILD.bazel	blob	100644	eac8eb4b56d6af472deabea7cc2683118e6b5d94
samples/compiler_plugins/simple_io_sample/CMakeLists.txt	blob	100644	37ab0f11725fb9e8d9bf4e10a94f8bee69b13738
samples/compiler_plugins/simple_io_sample/README.md	blob	100644	d1239029bd374acc7e0f7f5d106de3856c4cec5f
samples/compiler_plugins/simple_io_sample/src/PluginRegistration.cpp	blob	100644	309fb965819c97ffe9d6f84d45c453d338ec3680
samples/compiler_plugins/simple_io_sample/src/simple_io_sample/IR/SimpleIODialect.cpp	blob	100644	313a015dcba8e79a2fdb9a076e584f5220e42946
samples/compiler_plugins/simple_io_sample/src/simple_io_sample/IR/SimpleIODialect.h	blob	100644	06fc3bb89ec57798508a62a95fbbd70296938fbd
samples/compiler_plugins/simple_io_sample/src/simple_io_sample/IR/SimpleIOOps.cpp	blob	100644	1acebd436e46c12ab97e7a24ad0fa636cf4d6e2f
samples/compiler_plugins/simple_io_sample/src/simple_io_sample/IR/SimpleIOOps.h	blob	100644	f9602db58d92a31a31ceed7bf5259538c1851c9b
samples/compiler_plugins/simple_io_sample/src/simple_io_sample/IR/SimpleIOOps.td	blob	100644	b5324f0462925ef5aa706c0da09d17e145cbc7dc
samples/compiler_plugins/simple_io_sample/src/simple_io_sample/Transforms/LegalizeSimpleIO.cpp	blob	100644	3677cb680722903c6685352446e470ce8871453d
samples/compiler_plugins/simple_io_sample/src/simple_io_sample/Transforms/Passes.h	blob	100644	58c01d82d7dfafba54f43efe8c17facea5a1ebcc
samples/compiler_plugins/simple_io_sample/src/simple_io_sample/Transforms/Passes.td	blob	100644	38f7f207ce1ba47961007151b2227f08fce41333
samples/compiler_plugins/simple_io_sample/test/BUILD.bazel	blob	100644	01c206d05b7289735cc3d4eaf327e25510c43f3a
samples/compiler_plugins/simple_io_sample/test/CMakeLists.txt	blob	100644	ad4d8fc03923187efbc58f4c5ec124d41ad907ea
samples/compiler_plugins/simple_io_sample/test/print.mlir	blob	100644	7c441ccc2141ea88d2f1a59ac827b65547ecc215
samples/compiler_plugins/simple_io_sample/test/run_mock.py	blob	100644	27e207f5252262303b8a4b8cab324260b123a001
samples/custom_dispatch/CMakeLists.txt	blob	100644	1e70c9dcf47f989c69b6ef8e33397897c9f86d7b
samples/custom_dispatch/README.md	blob	100644	d446328b56e1ec3e02bdc33e7c23ecc52a92ffe5
samples/custom_dispatch/cpu/CMakeLists.txt	blob	100644	1e70c9dcf47f989c69b6ef8e33397897c9f86d7b
samples/custom_dispatch/cpu/embedded/CMakeLists.txt	blob	100644	2f428dcd08845ad98639317de08b3d2e29e1cbf3
samples/custom_dispatch/cpu/embedded/README.md	blob	100644	ede94a64c66ea8c0c7c554e0f9dd6715ad263e1d
samples/custom_dispatch/cpu/embedded/example_hal.mlir	blob	100644	4d1138475b8c4f242132b25f8afce4b32a406c4e
samples/custom_dispatch/cpu/embedded/example_stream.mlir	blob	100644	87c258c8a2824e0af56246404bf4c17e20b15616
samples/custom_dispatch/cpu/embedded/example_transform.mlir	blob	100644	970c6b3844f1e2328f0143f58feea7fc133feb82
samples/custom_dispatch/cpu/embedded/example_transform_spec.mlir	blob	100644	a208275f1ebd48488a264b57f83146ef17c04c5a
samples/custom_dispatch/cpu/embedded/functions.c	blob	100644	6a3ad099b7ddee0f2c1b9968fa87ceaff311f344
samples/custom_dispatch/cpu/mlp_plugin/CMakeLists.txt	blob	100644	28c78eca31b9dd8cd9b902759d0fb375c6fa5e5a
samples/custom_dispatch/cpu/mlp_plugin/mlp.mlir	blob	100644	e2943ff9a2507b690d24ed4488a536f4d43bbc0d
samples/custom_dispatch/cpu/mlp_plugin/mlp_linalg.mlir	blob	100644	f5fd1b4a4c0b5fc13338545ddde926a25220d90b
samples/custom_dispatch/cpu/mlp_plugin/mlp_linalg_spec.pdl.mlir	blob	100644	433a8e5b955b656ff7ca2998c7e38b25f8d318be
samples/custom_dispatch/cpu/mlp_plugin/mlp_linalg_two_matmul.mlir	blob	100644	7e557f376a22498ab3d2d06a2f6cc3acccc70427
samples/custom_dispatch/cpu/mlp_plugin/mlp_plugin.c	blob	100644	4fe4c4eb2d73c7a180cfe5ab07813cd3b939cd89
samples/custom_dispatch/cpu/mlp_plugin/mlp_spec.mlir	blob	100644	ecec563b9cc2e00f4c00e00e8d72df550da0dfdf
samples/custom_dispatch/cpu/mlp_plugin/mlp_spec_matmul.mlir	blob	100644	a954d89beb16cbeedc94a12cc7a0012a48020f1e
samples/custom_dispatch/cpu/mlp_plugin/mlp_torch.mlir	blob	100644	3930f398a58d1fbcaf707f2228428bf600d4bd6f
samples/custom_dispatch/cpu/mlp_plugin/mlp_torch_spec.pdl.mlir	blob	100644	75106d0088ae2ee9515c050567bf07bcb6859e74
samples/custom_dispatch/cpu/mlp_plugin/mlp_tosa.mlir	blob	100644	a7877537c3d5d1ff6328c2232feb3ae60c2d4e0b
samples/custom_dispatch/cpu/mlp_plugin/mlp_tosa_spec.pdl.mlir	blob	100644	fdb20ea6e50a4455270a44ef070e45dfda7b403b
samples/custom_dispatch/cpu/plugin/CMakeLists.txt	blob	100644	b5b7910d86beba924be8c3d20386fe840a8e94cb
samples/custom_dispatch/cpu/plugin/README.md	blob	100644	def6912686f286496100450aaadd31f340ac6c3a
samples/custom_dispatch/cpu/plugin/standalone_example.mlir	blob	100644	1508d43c9e90f18473eaad4fb84d89ed4b969f5e
samples/custom_dispatch/cpu/plugin/standalone_plugin.c	blob	100644	2fc026c49dc289556bfd78a1254f8408fdb5c3c1
samples/custom_dispatch/cpu/plugin/standalone_ukernel.mlir	blob	100644	6dd44a65d32b0bf1985ea315f6fe1cbcf266af24
samples/custom_dispatch/cpu/plugin/system_example.mlir	blob	100644	4efa803dfce768d208e0a81a5378f726a11e1acd
samples/custom_dispatch/cpu/plugin/system_plugin.c	blob	100644	ff15aaceaac2edd280cd9f12298ea29a47db9afd
samples/custom_dispatch/cpu/plugin/system_ukernel.mlir	blob	100644	b8ae594fc383e9c1993b4ecee0f97a416b4b14a0
samples/custom_dispatch/cuda/CMakeLists.txt	blob	100644	1e70c9dcf47f989c69b6ef8e33397897c9f86d7b
samples/custom_dispatch/cuda/kernels/CMakeLists.txt	blob	100644	f2e09298a4ff129fb9117e1f7fdbf385d358c4a7
samples/custom_dispatch/cuda/kernels/README.md	blob	100644	3b784617a5b4658f786f61105e971574092246b7
samples/custom_dispatch/cuda/kernels/example.mlir	blob	100644	f332e7302c7e6a2ceb9a86b2a06cd8e547646726
samples/custom_dispatch/cuda/kernels/kernels.cu	blob	100644	8bca00e704f48e2a242598952de3086404fdf908
samples/custom_dispatch/cuda/kernels/ukernel.cu	blob	100644	8621b0d6dcb4bc86be6dd243803433e960e7efef
samples/custom_dispatch/cuda/kernels/ukernel_example.mlir	blob	100644	7d80bf12bed79785584a138a6fcefbc4b3b3fde8
samples/custom_dispatch/hip/CMakeLists.txt	blob	100644	ae2678c84ef5ae1ddbec437030649be734aa603c
samples/custom_dispatch/hip/kernels/CMakeLists.txt	blob	100644	e23968b67e08da5d4a2f3df57bfa80c0d22a4344
samples/custom_dispatch/hip/kernels/example.mlir	blob	100644	aa83fd5490f25e0ac35ec813ade30c78e0d51ead
samples/custom_dispatch/hip/kernels/kernels.cu	blob	100644	cc4762be2725493ab0eed4ae1cb6b473344b058a
samples/custom_dispatch/vulkan/CMakeLists.txt	blob	100644	1e70c9dcf47f989c69b6ef8e33397897c9f86d7b
samples/custom_dispatch/vulkan/shaders/CMakeLists.txt	blob	100644	13b0436bbdca48127da9a0d4dc490d73acc804fb
samples/custom_dispatch/vulkan/shaders/README.md	blob	100644	d93e4a0b34fcaa3129d6453870a4fe006eee07ea
samples/custom_dispatch/vulkan/shaders/example.mlir	blob	100644	26de8ee388812e64d4c7bdcaf226a1bda755f33e
samples/custom_dispatch/vulkan/shaders/example_inline.mlir	blob	100644	a8026fe19f87fd569a15df522f874766b7806082
samples/custom_dispatch/vulkan/shaders/example_transform.mlir	blob	100644	658ee5614b3e4da43aa375d1efc3618b11f6ded4
samples/custom_dispatch/vulkan/shaders/example_transform_spec.mlir	blob	100644	42fcb09b40aba22a28e193a7be67c27c54b0c884
samples/custom_dispatch/vulkan/shaders/one_workgroup_argmax_subgroup_f32.glsl	blob	100644	b5a563afe0877434f55e821c111a392ab5f61c12
samples/custom_dispatch/vulkan/shaders/simple_mul.glsl	blob	100644	f2418a6d19143b68929fb09e0ea51999bd733140
samples/custom_dispatch/vulkan/shaders/simple_mul_inplace.glsl	blob	100644	b24d9a2b7293504b3f2c0392e3d9d24942a83c6b
samples/custom_module/CMakeLists.txt	blob	100644	1e70c9dcf47f989c69b6ef8e33397897c9f86d7b
samples/custom_module/README.md	blob	100644	be2423f4887ee95b02e92fa06ddc3dfc76a78485
samples/custom_module/async/CMakeLists.txt	blob	100644	0cf7821073369c4b0bd4e5520a0f0949219cd059
samples/custom_module/async/README.md	blob	100644	03796f809be3a915107904612093402c6ed0dcba
samples/custom_module/async/main.c	blob	100644	e204f1307af955355557249476fc370375c8c9f1
samples/custom_module/async/module.cc	blob	100644	a6bb3f4a599b6ea071e61f2697f8935c810c4d84
samples/custom_module/async/module.h	blob	100644	f255c1b4e98734865b94ec359cb4ac2dd86f100b
samples/custom_module/async/test/CMakeLists.txt	blob	100644	60b8ad61fac39c823d25b26404ff12dfc9be1e3e
samples/custom_module/async/test/example.mlir	blob	100644	d17c2379b47b529b786914ee32cafbd389962393
samples/custom_module/basic/CMakeLists.txt	blob	100644	0516913c79d69ee69b11a25f974ff3946e80496f
samples/custom_module/basic/Makefile	blob	100644	9a0a63045f889832888a2382e2fe1f41d5f6ae7c
samples/custom_module/basic/README.md	blob	100644	37efedfabe1d47794e7abe97dfe0cc780296167b
samples/custom_module/basic/main.c	blob	100644	d0fb7bab08082da44190fb40d17db6dde585f76a
samples/custom_module/basic/module.cc	blob	100644	876e1372c491e10b9e74ed77abdd3d4f51752bf9
samples/custom_module/basic/module.h	blob	100644	1031871861d1cb5181b90bb3846b25234188cd40
samples/custom_module/basic/test/CMakeLists.txt	blob	100644	ad7361a8e0af6147a41463bceb08206ef026072b
samples/custom_module/basic/test/example.mlir	blob	100644	c3a4a264d230dd5b403d8a2ec22ba2496762b74f
samples/custom_module/dynamic/CMakeLists.txt	blob	100644	759f6282a108e7ed78aa2bebb016f7f226c0e356
samples/custom_module/dynamic/README.md	blob	100644	4d65492914702989fa5e30c859228d3c08485bf3
samples/custom_module/dynamic/module.cc	blob	100644	385908de58846c7fb844be242d399ddd50e9f3bc
samples/custom_module/dynamic/test/CMakeLists.txt	blob	100644	b8dbdb74f7d53c85934d1d3ae90b3005a8e476c6
samples/custom_module/dynamic/test/example.mlir	blob	100644	4607be4f5009be94a15c0a360ff2aa78d018d194
samples/custom_module/static/CMakeLists.txt	blob	100644	9639f3919721ed5a1d7042805ce87667d26a660b
samples/custom_module/static/README.md	blob	100644	b94394489743ee48ae505fc19bc204e9c2220727
samples/custom_module/static/module.cc	blob	100644	bfb594cfee67929605cae5bd4b8ba0ce2afd5f86
samples/custom_module/static/test/CMakeLists.txt	blob	100644	3b87ea91ea74f8992dd7df14839721486641d84a
samples/custom_module/static/test/example.mlir	blob	100644	9376fb7a18c53b7ed449488a8ff3b91c52f64dcb
samples/custom_module/sync/CMakeLists.txt	blob	100644	9c52a8a8e7f32825f22cef9d6089a767ef399e9e
samples/custom_module/sync/README.md	blob	100644	d5d54e1bf908c2930bd8fdc673ff7c424ce6ef45
samples/custom_module/sync/main.c	blob	100644	b5f2acf474915268532000d2bfe4bac7497adaa9
samples/custom_module/sync/module.cc	blob	100644	46adbed5051772b5afbde1b6561005c804ffc215
samples/custom_module/sync/module.h	blob	100644	7e293af3279ab01ddf2ee01b10795ae6b163f2b7
samples/custom_module/sync/test/CMakeLists.txt	blob	100644	66489be5ac3001d1c39226280326505822299553
samples/custom_module/sync/test/example.mlir	blob	100644	90764efa84260ddab09967122fa1d8c9f80f343c
samples/dynamic_shapes/CMakeLists.txt	blob	100644	deaaafd3272d742de657f834fca365b227bcd1d1
samples/dynamic_shapes/Makefile	blob	100644	d323541a367b2078758ddaab819c49dafbd80c9e
samples/dynamic_shapes/README.md	blob	100644	c62eb1475764d2a904384787d828c467f15711bb
samples/dynamic_shapes/main.c	blob	100644	9243f9a53c1791514d75799a415e3acc112d0e59
samples/dynamic_shapes/pytorch_dynamic_shapes.ipynb	blob	100644	70b7836a77c6bf54f569727c0f48c203f8e60ac0
samples/dynamic_shapes/tensorflow_dynamic_shapes.ipynb	blob	100644	fa7448d75f0b64e4a2bebee119f32155c4393f32
samples/dynamic_shapes/test.sh	blob	100755	79ab2a155973b7714d09b0135e4bbf2085c0f65f
samples/emitc_modules/BUILD.bazel	blob	100644	9d92fd9d3ef40c425d78ccfa9854c3944457788d
samples/emitc_modules/CMakeLists.txt	blob	100644	9d5b4b1bf204405695f4492746664ae207aa9224
samples/emitc_modules/add.mlir	blob	100644	ee7638df4b5d1c7535dadcbc0433b7cf294fdfa7
samples/emitc_modules/add_module_test.cc	blob	100644	8a198eca1682f3cdb4cbb3f063ae34e0f3f1f737
samples/emitc_modules/import_module_a.mlir	blob	100644	99f6e65bb330363cd57fe532de5babe7916ad7d3
samples/emitc_modules/import_module_b.mlir	blob	100644	54c0b0d617dc3c606f2bc0f6437b28d663e10a0b
samples/emitc_modules/import_module_test.cc	blob	100644	d7c32575b303f1d5c074695ac6348554584d394f
samples/external_transients/CMakeLists.txt	blob	100644	bd7d9af5e97f457f54559c73a9b7343841bccaa2
samples/external_transients/device_vmvx_sync.c	blob	100644	6291cb9adb604ea921791db8fe99abda8b9f5480
samples/external_transients/in_place_computation.mlir	blob	100644	a89b22ecf8ba8a681b65f9d8ac6c75e3fb7be717
samples/external_transients/main.c	blob	100644	483f7a8fbc3b9311ace9259c2b4e96e1a4d2f5fc
samples/hal/BUILD.bazel	blob	100644	29675991bf408dd95a0814d7ce259575cab5b782
samples/hal/CMakeLists.txt	blob	100644	efa2e10251f74ef5d0da422e4cecc9fb8586091c
samples/hal/hello/BUILD.bazel	blob	100644	512035dd2596ff24f3888f75c1dbd12e4d404ee1
samples/hal/hello/CMakeLists.txt	blob	100644	24a35691b4f3d8ec625f3408e38a8318d50ed32f
samples/hal/hello/hello.c	blob	100644	6499b805ff3fa46e6f19a737d03391fc431d5a03
samples/lit.cfg.py	blob	100644	2e3a4e0d7758940d81d5aee15bb039e0ebc0b40d
samples/models/README.md	blob	100644	f3aaf207b7807e8e361ea2fa727f76454a5d35b6
samples/models/mnist.mlir	blob	100644	9ca41105a82a9c23ea8d455313f73d0f24d0809c
samples/models/simple_abs.mlir	blob	100644	9a6e516806cd178e04d8c0b4d9d09825beb30134
samples/multiple_modules/BUILD.bazel	blob	100644	ae3230942e794d155258eaa38b665e96c3e546b1
samples/multiple_modules/CMakeLists.txt	blob	100644	68ec83a4925bc1e450f1fa86908f9d36f4d9d9a5
samples/multiple_modules/README.md	blob	100644	f47639192d7f19fb6e7e3e436f32a8ddb18dbc3c
samples/multiple_modules/module_a.mlir	blob	100644	48c8c2644b633d7e866016b9a372429df53d3a5c
samples/multiple_modules/module_b.mlir	blob	100644	a23365c90fa2a69a68c44449b7f3e392f6222b93
samples/multiple_modules/pipeline_async.mlir	blob	100644	14daaed0e0ed836dddae62baf81056a439eb7a28
samples/multiple_modules/pipeline_sync.mlir	blob	100644	870facf1b11c9f9feb533be1d105181bb1b467f9
samples/py_custom_module/CMakeLists.txt	blob	100644	85c82bc9c5664a18a1697ad049043d8d66d7ce09
samples/py_custom_module/README.md	blob	100644	a80f6b67eee9631fc4fe077857d0f8957c41e030
samples/py_custom_module/decode_secret_message.py	blob	100644	e28d3e3f3848ed952c762776c72455a55ee2814b
samples/py_custom_module/main.mlir	blob	100644	ca8648b8118bce9e42a2c5849bbd7e13067b75d1
samples/reducer/README.md	blob	100644	48276a13ab5a0ca0a4abe4e5ce09d63d36fc052c
samples/reducer/test/interesting.py	blob	100755	57c37335bc728665312bd7e45e8e499114ddf0d8
samples/reducer/test/output.mlir	blob	100644	0acd8c77808734e25383d0ee94a8bb0c7b58e091
samples/reducer/test/reduce.mlir	blob	100644	38f93433c1944cd40f6c874359881882826a83ee
samples/simple_embedding/BUILD.bazel	blob	100644	c0b4e950d52701efe250884ba6f603c0f03960cd
samples/simple_embedding/CMakeLists.txt	blob	100644	4413532a6a9f9179bcacee52e13c72919b76fc54
samples/simple_embedding/README.md	blob	100644	b0fc68f33f8b0342b66bfcf863b09b100648024d
samples/simple_embedding/device_cuda.c	blob	100644	ea37c68c1518f1a8aeb29f131ee63133f96c219a
samples/simple_embedding/device_embedded.c	blob	100644	25af2a676b37de3bbe0aa79ca019fafa86ba9eff
samples/simple_embedding/device_embedded_sync.c	blob	100644	3301faff41638efd7646abea2a64c255ad4f0dc5
samples/simple_embedding/device_vmvx_sync.c	blob	100644	9d28a06097642198fccd492d95fbe6bceee24f60
samples/simple_embedding/device_vulkan.c	blob	100644	9434545f3d96ad3aed5049a1164955706cd849e6
samples/simple_embedding/simple_embedding.c	blob	100644	d5c43c91d0613e0230509bcca3c36970c3076f44
samples/simple_embedding/simple_embedding_test.mlir	blob	100644	30c7f9514c4bea4a99a1dc00aa63f730b04553a9
samples/sink_callback/CMakeLists.txt	blob	100644	1a5957b2fefcbe90263c95c3fca5343d1a836104
samples/sink_callback/README.md	blob	100644	065cd19c243c3e01b8f77867a1d65b260d2ca847
samples/sink_callback/driver_for_async.mlir	blob	100644	99ed5a6b8da8f6b9b1cc99852c60c25b98dc04d2
samples/sink_callback/model.mlir	blob	100644	ea91c24614f692dbf2c0eb98fe0a74e5790bbaf4
samples/sink_callback/model_a.mlir	blob	100644	ee627ebbc945c7dac808e9bf087cac18b882a2e7
samples/sink_callback/model_b.mlir	blob	100644	77d3e428882b547e6304a9e40e78f0c2804d797d
samples/sink_callback/sink_callback_log.py	blob	100644	6633d3bb6eaca527ff4e5b02e348d28ea049c303
samples/sink_callback/sink_callback_log_async.py	blob	100644	7e726feb91adae5f3e31603933c68f4072203971
samples/static_library/CMakeLists.txt	blob	100644	acd7fabe0af695d515cc94bef0cef852a1d61617
samples/static_library/README.md	blob	100644	4a38dfd1f9ec6fa8e0371615f5b13aeba9371ed4
samples/static_library/create_bytecode_module.c	blob	100644	16edab6326e47f9fcfe0f780f5367a95c5fdde28
samples/static_library/create_c_module.c	blob	100644	2dfc0fd90012a58708f1a32698a4bbc78d322fbe
samples/static_library/simple_mul.mlir	blob	100644	0b8a2f0d9e069ff4139b6f60006eace9167b9bdb
samples/static_library/static_library_demo.c	blob	100644	dc161c78a6e5bea602a06a55039f89951c981d05
samples/static_library/static_library_demo_c_test.txt	blob	100644	22e2a08c7ffe00f250ed0772452c4f22a39fdd04
samples/static_library/static_library_demo_test.txt	blob	100644	ffddaf827ef7cefb9cbfbcaf61975eba1ec36ed0
samples/transform_dialect/CMakeLists.txt	blob	100644	2b807a15ef9666bc644bba0aa61342da865e5080
samples/transform_dialect/example_module.mlir	blob	100644	a79ec1eabb6edf40ff25356609762c1df6e3f8fe
samples/transform_dialect/transform_library.mlir	blob	100644	6e6f52ccb47c088a5c38f54a9f21a0bd4478b535
samples/variables_and_state/CMakeLists.txt	blob	100644	e6244af471eae0ac709f4029b9ff05e3780ceb3d
samples/variables_and_state/README.md	blob	100644	69efb2c7f840ad73715058ef7a674d494ee45fc8
samples/variables_and_state/main.c	blob	100644	bd2150a9eb031380553ebed75dc4b4bdbb00a09d
samples/variables_and_state/test.sh	blob	100755	49184cc068eec451016c1c08b8c14eba377eff65
samples/variables_and_state/variables_and_state.ipynb	blob	100644	aa2648b29f922ffc17f88faf46d98434cba047c5
samples/vision_inference/README.md	blob	100644	33fbc1da40c0db0bee46d15168c4434d827870e3
samples/vision_inference/convert_image.py	blob	100644	ee1ef440e80e828858ac62e37cdbb1d7321406b8
samples/vision_inference/mnist_test.png	blob	100644	151bc8cfa03430e46383ff7d1cb61862ab5ec760
samples/webgpu/BUILD.bazel	blob	100644	29675991bf408dd95a0814d7ce259575cab5b782
samples/webgpu/CMakeLists.txt	blob	100644	2ad9e9c593b36b5b126c77b99d6b6c494dc2554f
samples/webgpu/hello_world/BUILD.bazel	blob	100644	54b9869da94f8e91b65882325693aeeff73c8dd7
samples/webgpu/hello_world/CMakeLists.txt	blob	100644	529f4f0d0c7ea5982f6b21b9036ce320ee0ab6f2
samples/webgpu/hello_world/README.md	blob	100644	185eaf1de68e5eb44425df3a1f123beb3c7ac13f
samples/webgpu/hello_world/hello_world.mlir	blob	100644	d81674d5ef1368e58b92cabd2797a9908651298e
samples/webgpu/hello_world/validate_wgsl.mjs	blob	100644	aa42aa09bb9ba54b9610393045212746c876d6d5
tests/BUILD.bazel	blob	100644	b6afc06fb2aa8a934f2683387f19191a9962ffbc
tests/CMakeLists.txt	blob	100644	4f1641d2b03ffd95a10d3e01912370905b3a450c
tests/compiler_driver/BUILD.bazel	blob	100644	a463f5d67306a963f460bc0bcc34c594736bf22f
tests/compiler_driver/CMakeLists.txt	blob	100644	df0a623f27730ca76b3c3bd81914ac4bc2f17260
tests/compiler_driver/executable_benchmarks.mlir	blob	100644	7c0d0e05121b48c6cca8dba9f4edd4d1915ca571
tests/compiler_driver/hal_executable.mlir	blob	100644	016c8880f7602e62c71bc061abf147f63507ad33
tests/compiler_driver/inline_dynamic_hal_executable.mlir	blob	100644	536ac43dc245dddb7c0d79a5abb448e9217f43f9
tests/compiler_driver/inline_hal_mutable_global.mlir	blob	100644	40bd4f0bc4719090952621723157f6d700e84044
tests/compiler_driver/inline_static_hal_executable.mlir	blob	100644	515bb13b846d34457b039082002ee52f21327451
tests/compiler_driver/precompile.mlir	blob	100644	894742d3ec857e9f867f589c182ee703c7d65e63
tests/compiler_driver/preprocessing_flags.mlir	blob	100644	eb0afb5d4d39562fa57952fbe0eca49a4f374159
tests/compiler_driver/smoketest.mlir	blob	100644	451700931481a61f3a16b8e30b18f98072124276
tests/compiler_driver/streams.mlir	blob	100644	1181afff67f9546f87db78fd77a48e4c3d754c43
tests/e2e/BUILD.bazel	blob	100644	c5bcf5222443914c384021b54834a77343121925
tests/e2e/CMakeLists.txt	blob	100644	639cd517ea54fcebb603dbfb60408e43d07843fd
tests/e2e/attention/CMakeLists.txt	blob	100644	356158f4171f0618e6bbed879abfc7a46554b913
tests/e2e/attention/generate_e2e_attention_tests.py	blob	100644	69d3cc8b267a89b6600416242bc1e055905b6b1b
tests/e2e/attention/generate_e2e_paged_attention_tests.py	blob	100644	0fac0dcdb07bf7efd35729af847eb7885497c39f
tests/e2e/collectives/CMakeLists.txt	blob	100644	863da9f18ca4eb593f667f9ac3e56f7e986ef93a
tests/e2e/collectives/collectives_test.py	blob	100644	6134a156508eb0f1b3e859beb5de622559cc6952
tests/e2e/collectives/run_rank.py	blob	100644	cd604f73acd7fc44c640511856d80b7e79b76514
tests/e2e/collectives/run_requirements.txt	blob	100644	58622560d5121d91d904f2d6023b36ccc2e4d305
tests/e2e/collectives/test_utils.py	blob	100644	a2aa0a193785ec998ca776ec15c0d7885d2c220a
tests/e2e/convolution/BUILD.bazel	blob	100644	e02950b00689417ef160cbf16c306a5c65e3b3b3
tests/e2e/convolution/CMakeLists.txt	blob	100644	977af1c020d3b8ec414b78a774568196da7c54d5
tests/e2e/convolution/generate_e2e_conv2d_tests.py	blob	100644	98f0d6e7e2252ab267e1f416a87d63af51888e29
tests/e2e/encoding/BUILD.bazel	blob	100644	d7a60aa6a5d9d711904e95f314d93d1c444426b9
tests/e2e/encoding/CMakeLists.txt	blob	100644	4b737ba4ada5017953a1efa86676ea7e058070f3
tests/e2e/encoding/encoding.mlir	blob	100644	62da08c3eb07c0d86887a2104c2daed67c41502b
tests/e2e/linalg/BUILD.bazel	blob	100644	8929ea16ebfe0d9d02044bdc80e51e9b124c645f
tests/e2e/linalg/CMakeLists.txt	blob	100644	1a7b04900b3800b031730e96a9c37033c1322c18
tests/e2e/linalg/argmax.mlir	blob	100644	2579d05d59e243b1181f01be9f6ce147088d4aef
tests/e2e/linalg/conv2d.mlir	blob	100644	29c26476834ca9cbdff22b32ab17dc2e1b835724
tests/e2e/linalg/fp4_f32_conversion.mlir	blob	100644	087984fa433c89d2f43992c58a9a751a834caa8a
tests/e2e/linalg/fp_to_subbyte.mlir	blob	100644	4a3ceb382a0e44d3ec83e428e9c46d30afe875fa
tests/e2e/linalg/gather_like_ops.mlir	blob	100644	1c6eee56485cff5eefe3f55337b8e5a7cde80e61
tests/e2e/linalg/index.mlir	blob	100644	6ec9ee4d462ec7bbd6aa293ed7b7cf6a1551c2cb
tests/e2e/linalg/large_linalg_matmul.mlir	blob	100644	ac383472495bc692a6d61a996ffca6e44cf3c971
tests/e2e/linalg/narrow_n_matmuls.mlir	blob	100644	86a01ad43a1bbe8d7b62da8e5d103ceaf8fe33c2
tests/e2e/linalg/pack.mlir	blob	100644	7ede2b15a88c939bdc168bc5436f20524e026a31
tests/e2e/linalg/pack_dynamic_inner_tiles.mlir	blob	100644	7660258d143d4b7cf23058e1ceb091f7fa47c7eb
tests/e2e/linalg/pack_i8.mlir	blob	100644	07312c0ca7117cf9c91db5e578c7ca1431b32e07
tests/e2e/linalg/small_float_arith.mlir	blob	100644	d81cb15081a31b3d67bda7d625f483ddfd747001
tests/e2e/linalg/softmax.mlir	blob	100644	aacd3a2acfb941394adcc64dfb07bf0a5931f830
tests/e2e/linalg/subbyte_to_fp.mlir	blob	100644	9312b664cd8f8149ef7f25f27eb980246cd5bac6
tests/e2e/linalg/unpack.mlir	blob	100644	8a8af619c693dbfbbe0270aa570ff94163294ea1
tests/e2e/linalg_ext_ops/BUILD.bazel	blob	100644	57238d51891fe97f24676c8a04af98d43956e368
tests/e2e/linalg_ext_ops/CMakeLists.txt	blob	100644	aba7ceb2f4bb5867f8e11e01e934c7bb4c9d15a0
tests/e2e/linalg_ext_ops/arg_compare.mlir	blob	100644	295d3a412220869ab77d7cf0ea2e174eaef6e628
tests/e2e/linalg_ext_ops/attention.mlir	blob	100644	ce6a693071457fd96c1af8d743955ede6c3e1d67
tests/e2e/linalg_ext_ops/attention_i1_mask.mlir	blob	100644	2dcc795310582e512f966686dbfa8e9e92b7ae06
tests/e2e/linalg_ext_ops/dynamic_attention.mlir	blob	100644	d373ce53d14da1b690004d6b93374d8ef1311a38
tests/e2e/linalg_ext_ops/gather.mlir	blob	100644	f2660383f0a9182fd1818c87f86ebff356c326d3
tests/e2e/linalg_ext_ops/map_load.mlir	blob	100644	cc5ee19d724db428c3fa3859c661522f169e24d3
tests/e2e/linalg_ext_ops/map_store.mlir	blob	100644	56a9d91a103048fa81e0cfc3676a0c30be3c326b
tests/e2e/linalg_ext_ops/scan.mlir	blob	100644	2cc608fa5da590f619d7012b54f29b24d9c9847d
tests/e2e/linalg_ext_ops/scan_configured.mlir	blob	100644	caac2929a6ee0f2e7a5a5556082815dd9de9fd66
tests/e2e/linalg_ext_ops/scatter.mlir	blob	100644	099dbed6dfdc07ebb06c44d75a3051544e52ef3d
tests/e2e/linalg_ext_ops/sort.mlir	blob	100644	39b5bb70f2f484746e981e9e50421d8262c32d78
tests/e2e/linalg_ext_ops/top-k.mlir	blob	100644	2457c41bab8d0f2d3f3622caab42e0b2a4189f5c
tests/e2e/linalg_ext_ops/topk_v2.mlir	blob	100644	451856138512b6d40736e6e10bd2e4bb36411fdf
tests/e2e/linalg_ext_ops/winograd_input.mlir	blob	100644	a9d3b55c840b19b3ff984e95a41bb641ee71e682
tests/e2e/linalg_ext_ops/winograd_output.mlir	blob	100644	1be6b36ac8b73acb1599daebbfd25de1d0aa7330
tests/e2e/math/BUILD.bazel	blob	100644	22c705a3a462f2ca6e10ec0b42286ee4435f597d
tests/e2e/math/CMakeLists.txt	blob	100644	148bd22d174608ec3e7dd55279358d7109096b64
tests/e2e/math/generate.py	blob	100644	6de6de4a9360dd7f9aceb7931d637f80213c2f22
tests/e2e/math/math_ops_llvm-cpu.json	blob	100644	fb5160039a2c319b6ca34a6d5833062715b8d888
tests/e2e/math/math_ops_rocm.json	blob	100644	9935c20d7f8596fc4e46827b4a6a9cd26224f751
tests/e2e/matmul/BUILD.bazel	blob	100644	ef83b219b40382d709d761827f126a6e9785edb7
tests/e2e/matmul/CMakeLists.txt	blob	100644	b5210824b2eebd7219eff787fecc4e056851305e
tests/e2e/matmul/common.py	blob	100644	0d86267909a26e870b612e36d524480d025e9e08
tests/e2e/matmul/compilation_info.py	blob	100644	5252b435dc50c78721261e39c340b9177d3f97da
tests/e2e/matmul/generate_code.py	blob	100644	94f861795e977ccdae98f600605077dae8097135
tests/e2e/matmul/generate_code_mx.py	blob	100644	b8c963faf235448ec118873567ed11190622c6df
tests/e2e/matmul/generate_e2e_batch_matmul_tests.py	blob	100644	80d9eb0fa80ee4abc480a1dcd2ba83c664a67a22
tests/e2e/matmul/generate_e2e_matmul_tests.py	blob	100755	ecd5b2f23e05194d7a8611ea97bd0085c0455a41
tests/e2e/parameters/BUILD.bazel	blob	100644	fe20806c512f64305cf661b1927adbdf2a879a11
tests/e2e/parameters/CMakeLists.txt	blob	100644	e24056bae27c549e93553c7e3b298489883fcc87
tests/e2e/parameters/encode_parameters.mlir	blob	100644	9613be11f520cebe5271b47aa546fea7b1d4541c
tests/e2e/parameters/export_parameters.mlir	blob	100644	ef8321ee6ffd8dc06b50a5a8c9f0fc3c98d47d92
tests/e2e/parameters/generate_splat_archive.mlir	blob	100644	fb888c7aef65721de26b3136c775a36480279e07
tests/e2e/regression/BUILD.bazel	blob	100644	86659f7da888b9600bdeed300ac054f5666aaa51
tests/e2e/regression/CMakeLists.txt	blob	100644	5d2dd17913c02ce6c09af0f95499a55156edadcb
tests/e2e/regression/associative_reordering.mlir	blob	100644	a27840a3cf8dd3bd267d011e5519cc956446fefe
tests/e2e/regression/broadcast_batch_matmul_to_matmul.mlir	blob	100644	316d6f3d4cb74e98bba84284a9df3165680e0635
tests/e2e/regression/dynamic_batch_matmul_gfx1100.mlir	blob	100644	b7be7377e3d1dbb629c94b28578ef606338adc68
tests/e2e/regression/dynamic_gather_attention.mlir	blob	100644	11dc49f758a7aaa653272b64443a89f510f1ab52
tests/e2e/regression/dynamic_matmuls_on_same_accumulator_issue_12060.mlir	blob	100644	547b310d8dffe54b593057fb00839278bdc8ae4e
tests/e2e/regression/fill_i64.mlir	blob	100644	357c54bb3676d2b4c40aa81678df1dbb7e27112e
tests/e2e/regression/force_single_dispatch.mlir	blob	100644	3f3a78e41e294f5898722273ab8d08023cfb93c6
tests/e2e/regression/globals.mlir	blob	100644	d4a165eeea0292a3a21db17d85d73a1e00332181
tests/e2e/regression/i1_inlined_constant.mlir	blob	100644	739d728284d9e0d634f7cf001b6fc1cdcad5d0e5
tests/e2e/regression/large_reduction.mlir	blob	100644	d9fc63e0fd9c766101ecc390566026a03a51dcf1
tests/e2e/regression/layernorm.mlir	blob	100644	c24846e8593c077542947d808f1fd17b15f81aac
tests/e2e/regression/libm_linking.mlir	blob	100644	d6a8834e254b4da521aa595a05e34372075bcf25
tests/e2e/regression/linalg_ops.mlir	blob	100644	efef9a7a7e95e91bf2a77c2fe9c36b5857931eab
tests/e2e/regression/linalg_ops_dynamic.mlir	blob	100644	bc3ea3fbf90353630e27fb5f9ad6c5cc360cbff2
tests/e2e/regression/linalg_quantized_matmul_vs_linalg_matmul.mlir	blob	100644	1b27c1f4baac9831e80c4a6724d9455636a12ad3
tests/e2e/regression/pack_pad_transpose_1x9_into_2x1x8x4_issue_12546.mlir	blob	100644	b4f575b4707b5fbee724eb5967a50d774e623341
tests/e2e/regression/reduction_broadcast_elementwise.mlir	blob	100644	38c108c9eebe03c0b1ef947da285ffd07ec6ad95
tests/e2e/regression/scalar.mlir	blob	100644	0ffabcd82f77efd89065bbb2141bc0ab4f6c2949
tests/e2e/regression/scalar_computation.mlir	blob	100644	492a9d2e45d1340441441a6ea67c5a97d53a61b9
tests/e2e/regression/softmax.mlir	blob	100644	252906a80d1874e646ba2b4857dc6ad4d3bcbc44
tests/e2e/regression/softmax_large.mlir	blob	100644	85bad4a2da26e8fc21c0b2153e7ac9e3a4efa8d6
tests/e2e/regression/split_reduction_using_tiling.mlir	blob	100644	cce19d607ebbe7a4d1ee1e6e7b75242e00e535b2
tests/e2e/regression/stablehlo/BUILD.bazel	blob	100644	1a99b7fac129f47d8898e78adc83a518c57d2750
tests/e2e/regression/stablehlo/CMakeLists.txt	blob	100644	f5d13bb48d304142eb8c3728e3669ee260f33446
tests/e2e/regression/stablehlo/dynamic_abs.mlir	blob	100644	95d0720cb3740479eeea2bab82db5ba898c2e23b
tests/e2e/regression/stablehlo/dynamic_add.mlir	blob	100644	a0fad0d005c7e42e86b74916c1b4d678d6666fa9
tests/e2e/regression/stablehlo/dynamic_dot.mlir	blob	100644	6b7bd202c7c5e26b5634f0af959a4856e08c4be7
tests/e2e/regression/stablehlo/dynamic_reduce_min.mlir	blob	100644	f484cec0f55c6fabc7e5a2ccacfe01d944bd8633
tests/e2e/regression/stablehlo/dynamic_torch_index_select_high_rank.mlir	blob	100644	ccfed09fa44a9fc549d09b601f0d9b962269f769
tests/e2e/regression/stablehlo/dynamic_torch_index_select_negative.mlir	blob	100644	9e4e6d5815a8e4990afe22ceb550100e1c30202f
tests/e2e/regression/stablehlo/dynamic_torch_index_select_scalar.mlir	blob	100644	b77cc51dbbd40738e4658e890f5e62e7d36bd0e1
tests/e2e/regression/stablehlo/dynamic_torch_index_select_vector.mlir	blob	100644	57cfa289fafca2c3218fad228bc9ce031de82e14
tests/e2e/regression/stablehlo/globals_ml_program.mlir	blob	100644	b8db7c29bbf4f1f813c9afc71ef08b1ae75604de
tests/e2e/regression/stablehlo/lowering_config.mlir	blob	100644	8961059f5ff1d8d27376c3d1de871d60c287fd88
tests/e2e/regression/stream_reference_counting_aliased_loop_results.mlir	blob	100644	05d6c4d822582d7d2e4728ae6af40cc06861ee2f
tests/e2e/regression/strided_slice.mlir	blob	100644	2ec917cc55263fc9b5ff3cdeec794f47dfecda0e
tests/e2e/regression/trace_dispatch_tensors.mlir	blob	100644	89d50166e6ffb6bbc9467f479a2a57276067a437
tests/e2e/regression/transients_test.mlir	blob	100644	6bf39de7347f809c723eb18d102d2a5471bf2fa5
tests/e2e/regression/transpose.mlir	blob	100644	8cac723cac92d80a64a474571aeb3596cac69e1e
tests/e2e/regression/unused_args.mlir	blob	100644	74105c0783bc447238d32731d57a09163dbd071f
tests/e2e/regression/vector_distribute_64bit_amdgpu.mlir	blob	100644	6f0547b19999bfeade54358b478582411707cad7
tests/e2e/regression/xla_reverse_after_slice.mlir	blob	100644	595a2718529db38e8ff5d77df52092c9ea1f7f47
tests/e2e/rocm_specific/CMakeLists.txt	blob	100644	e7c2ed27c336d5258ee61ecfc8811303a8265eb0
tests/e2e/rocm_specific/im2col_dma_conv.mlir	blob	100644	59033fde7858d3d159408ddf6382d95c4dcf2fef
tests/e2e/rocm_specific/lds_matmul.mlir	blob	100644	087970471686fa6aa241f73feaa5bd1e701964ad
tests/e2e/rocm_specific/wmma_matmul_f16.mlir	blob	100644	d5324388867639e931358e70e09730c74450459f
tests/e2e/stablehlo_models/BUILD.bazel	blob	100644	78b4a6457c891751ec5bc5b5bca757b30a38063d
tests/e2e/stablehlo_models/CMakeLists.txt	blob	100644	2b8a6e709de33f810c5e2e39261af89f0a9cd1a8
tests/e2e/stablehlo_models/collatz.mlir	blob	100644	211890a2585fe2f5d3f1eb9a9e0258638a373bba
tests/e2e/stablehlo_models/edge_detection.mlir	blob	100644	6c361a503ffe117c9acd687f1b14a7cadeaef417
tests/e2e/stablehlo_models/efficientnet_int8_expected_output.txt	blob	100644	6be62a6750bb5ae535ebcf14b1934aa5934dd868
tests/e2e/stablehlo_models/fragment_000.mlir	blob	100644	ace18bd2317697f6df3eb7f79474d099a4740cab
tests/e2e/stablehlo_models/fullyconnected.mlir	blob	100644	30115717c7fb7b2af570d43e8d4c09e3c9718e40
tests/e2e/stablehlo_models/mnist_fake_weights.mlir	blob	100644	c298b011df522b2c4c4a47ef2c537c39145a4015
tests/e2e/stablehlo_models/mnist_train_test/CMakeLists.txt	blob	100644	f362a3e1e2d653c2e59e3d433ac0a7c8cc834610
tests/e2e/stablehlo_models/mnist_train_test/README.md	blob	100644	d7217fe8ff29a33d80cba3e5267c95a5b51ee012
tests/e2e/stablehlo_models/mnist_train_test/datasets.py	blob	100644	2caa7c53c9f6c3d8ab298bd449249ec2780e9aa4
tests/e2e/stablehlo_models/mnist_train_test/generate_test_data.py	blob	100644	52dda817a6a292a359cdf44d643e57b4afad8c9a
tests/e2e/stablehlo_models/mnist_train_test/generate_test_data_requirements.txt	blob	100644	2b1e9eba82fb2fdeb39b1754b9173eb3b6fda5a5
tests/e2e/stablehlo_models/mnist_train_test/mnist_train_test.py	blob	100644	c49ae16bd21bc921154035537665070477d6b8ba
tests/e2e/stablehlo_models/mobilenet_v1_fp32_expected_output.txt	blob	100644	09449bc002025dc0be7d7e825c2af162cc676138
tests/e2e/stablehlo_models/unidirectional_lstm.mlir	blob	100644	38772fddbb064688e7c2217ca52738366c662559
tests/e2e/stablehlo_ops/BUILD.bazel	blob	100644	2e3dd56a0f2dd668de8ee1d503e2e59b0dac11eb
tests/e2e/stablehlo_ops/CMakeLists.txt	blob	100644	f7ee4883f1b1336b885bc23db3bf15cbeb955ebb
tests/e2e/stablehlo_ops/abs.mlir	blob	100644	27107879678b0006fb70d2103bc008bca784e93a
tests/e2e/stablehlo_ops/add.mlir	blob	100644	2f2933e68ce228cc64e64a2835c80cd914ec65b5
tests/e2e/stablehlo_ops/batch_norm_inference.mlir	blob	100644	27af7d26d0610c325dc66f127fb3cb228ae45422
tests/e2e/stablehlo_ops/bitcast_convert.mlir	blob	100644	89c5c2a17f88a8a640f0cb1dc0c2d62f76c89bb1
tests/e2e/stablehlo_ops/broadcast.mlir	blob	100644	ad4e72d927b50506d46c8e2c1816f57917c00613
tests/e2e/stablehlo_ops/broadcast_add.mlir	blob	100644	3649a21da35ace19b433d7d85217f43799697708
tests/e2e/stablehlo_ops/broadcast_in_dim.mlir	blob	100644	e78bd105d967ac4c78f4e3c3f4b1312f1303ad4e
tests/e2e/stablehlo_ops/clamp.mlir	blob	100644	f865b5b505eb75b71284c33b181423f169e6b259
tests/e2e/stablehlo_ops/compare.mlir	blob	100644	712984e693c9137d9a29ad0683ab1815b1c9ba25
tests/e2e/stablehlo_ops/complex.mlir	blob	100644	ae3cb96548c6061c0533daf6f45467b1091b378a
tests/e2e/stablehlo_ops/concatenate.mlir	blob	100644	d2b70e80cc91a49955f46690950d2060eeffc6e8
tests/e2e/stablehlo_ops/constant.mlir	blob	100644	9d2c81e21a36a964f25a46d8ed247fec605755f9
tests/e2e/stablehlo_ops/convert.mlir	blob	100644	d116606794cc7d20e41e327a31a76d0e5f8adbde
tests/e2e/stablehlo_ops/convolution.mlir	blob	100644	57e223a61fb05119cd0628ae1beb4bfde6551e6e
tests/e2e/stablehlo_ops/cosine.mlir	blob	100644	e239ca28448dd617d350b8f475137895f8fe8b4e
tests/e2e/stablehlo_ops/divide.mlir	blob	100644	0041e687750f0d6cde5da5d80c85a6c8b98e2ea5
tests/e2e/stablehlo_ops/dot.mlir	blob	100644	6806a7f1b89e3b1a8e29f994d7695774615f4391
tests/e2e/stablehlo_ops/dot_bf16.mlir	blob	100644	6e2ab9321d6eac8e45123ab366344cd257c6ea29
tests/e2e/stablehlo_ops/dot_general.mlir	blob	100644	5bfb8b8680adb0611a607ad318b332d240ab4550
tests/e2e/stablehlo_ops/dynamic_slice.mlir	blob	100644	a423b2395bbecda06aaf2defebf08e49dbb4e1f3
tests/e2e/stablehlo_ops/dynamic_update_slice.mlir	blob	100644	f28dd56f815904f046938b50d7c98ce8ad401cb6
tests/e2e/stablehlo_ops/exponential.mlir	blob	100644	b6b2d5b47ea58b3b1d5bab10f5ef685618e1ecc2
tests/e2e/stablehlo_ops/exponential_fp16.mlir	blob	100644	81f87f2fa814366e080cdebde4cae57f308080f0
tests/e2e/stablehlo_ops/exponential_minus_one.mlir	blob	100644	2a770f2c872aff2b62b3d038fe5bc715c0d383a1
tests/e2e/stablehlo_ops/fft.mlir	blob	100644	44ec106dfe40694d8d0729e4579847118a24c5bd
tests/e2e/stablehlo_ops/fft_complex.mlir	blob	100644	fb83393ba7dd96c31015875561cccbd60653c363
tests/e2e/stablehlo_ops/finite.mlir	blob	100644	c4abe41c5f14facedb7debcabe721d5d91d411b8
tests/e2e/stablehlo_ops/floor.mlir	blob	100644	658aba0beaa0873bad056bd1d4ec3ee7f0676dc6
tests/e2e/stablehlo_ops/gather.mlir	blob	100644	6b9553651ad7ecaffd7897b18a61d319b8e3ab58
tests/e2e/stablehlo_ops/householder.mlir	blob	100644	91c713e60196d2b741aed03d3ae21bd0fbeb6268
tests/e2e/stablehlo_ops/iota.mlir	blob	100644	6109e1b8741a4aaf5bd9af68c6e27b39c01d4429
tests/e2e/stablehlo_ops/log.mlir	blob	100644	14969a47bc56fef3773d1c3d57306971036bac11
tests/e2e/stablehlo_ops/log_plus_one.mlir	blob	100644	34a62090b9d975323e87e41b1af7a2e21f9c28b1
tests/e2e/stablehlo_ops/maximum.mlir	blob	100644	c4f2254abe9ccc743951884511adb32bb180178e
tests/e2e/stablehlo_ops/minimum.mlir	blob	100644	83d2c7d55bde1e6e444063866dfa2f770b38c646
tests/e2e/stablehlo_ops/multiply.mlir	blob	100644	603ceaebd870f1d08b02f75d459eadc2cbcffc6e
tests/e2e/stablehlo_ops/negate.mlir	blob	100644	e9072a8b9c5aa69b225a5401863da0338d580c7b
tests/e2e/stablehlo_ops/pad.mlir	blob	100644	18ccf7873b099ac0ed2062e7cd627d71ed865599
tests/e2e/stablehlo_ops/philox.mlir	blob	100644	24e5d4c6f9ba1e7efab8fe12597bafa7f08efd2c
tests/e2e/stablehlo_ops/pow.mlir	blob	100644	79192813f483ebaf40d09cb7068a248679c86ee7
tests/e2e/stablehlo_ops/reduce.mlir	blob	100644	e3690493b4bd08798acab04705f27b3d0b331644
tests/e2e/stablehlo_ops/reduce_window.mlir	blob	100644	8bfd4a532ac858d668f44fb38e25efbf573f505c
tests/e2e/stablehlo_ops/remainder.mlir	blob	100644	8ab0ea67b5975cab3014d1d65b11953e391c9325
tests/e2e/stablehlo_ops/reshape.mlir	blob	100644	4be31224c3630dbe4efe5679867af0f1f5d889ba
tests/e2e/stablehlo_ops/reverse.mlir	blob	100644	336065c4fa11648139ccafc368dc9b5d1cc7f861
tests/e2e/stablehlo_ops/rng_normal.mlir	blob	100644	bb63f75c22228c2ab86ae6326475573edd954cfa
tests/e2e/stablehlo_ops/rng_uniform.mlir	blob	100644	e0c3a81004584779bfe16e6f336127a8f604db02
tests/e2e/stablehlo_ops/round.mlir	blob	100644	2eec664fbbe02fa4d34175c26cb3fda09bbee6d7
tests/e2e/stablehlo_ops/rsqrt.mlir	blob	100644	049ee85310496e4aedaec0a9a5834e5147d9b20b
tests/e2e/stablehlo_ops/scatter.mlir	blob	100644	62a9a24d825cd671adf769fe2416821b594e765e
tests/e2e/stablehlo_ops/scatter_dynamic.mlir	blob	100644	f114d326a2ce9c9de30c450716a77aa135d79e3d
tests/e2e/stablehlo_ops/select.mlir	blob	100644	f0e435ee9ecd21c9c0d1f08d0841b2c97d09b194
tests/e2e/stablehlo_ops/shape_assertion.mlir	blob	100644	0d5de866912ad933194b2a7e80844e1e8d2a4aff
tests/e2e/stablehlo_ops/sine.mlir	blob	100644	2cedaa4e1fa828477ac264de5871036a2978f188
tests/e2e/stablehlo_ops/slice.mlir	blob	100644	f52c5a64d5e9e09ac038dd7b73a25499df0c3edb
tests/e2e/stablehlo_ops/sort.mlir	blob	100644	5387fdceeea4158fbf66b9eec5215311e59aa853
tests/e2e/stablehlo_ops/sqrt.mlir	blob	100644	837731657a38a0e234f81b2d6f0b64c6e3c0e310
tests/e2e/stablehlo_ops/subtract.mlir	blob	100644	b4cb24950db8187ce84796e97993c1526ea57129
tests/e2e/stablehlo_ops/tanh.mlir	blob	100644	cb77e8484128d91ab47b9aedea2062960ddbbb6e
tests/e2e/stablehlo_ops/three_fry.mlir	blob	100644	789476f2d3ec9fd1ab587848fa0b44043fe50c32
tests/e2e/stablehlo_ops/torch_index_select.mlir	blob	100644	499a7d21c3c4a89e6b8dddbedd1d50f5b54ddd6b
tests/e2e/stablehlo_ops/transpose.mlir	blob	100644	8b9b2389cae103a9310a92a76ec0435549632fc0
tests/e2e/stablehlo_ops/while.mlir	blob	100644	691aaf0fb0b39b45c9f3493a2081851a6838a89e
tests/e2e/subbyte_types/BUILD.bazel	blob	100644	7103771605346a4ef268b23996c48f7286a5dd43
tests/e2e/subbyte_types/CMakeLists.txt	blob	100644	d38b6fd2fad12640e825da0cb37ca7393c854d1a
tests/e2e/subbyte_types/subbyte_types.mlir	blob	100644	62597006bd605c026ad3d0c37474b4fff77698be
tests/e2e/tensor_ops/BUILD.bazel	blob	100644	62a42d5e8677e05f32413a8f61b4c21e6ca3a353
tests/e2e/tensor_ops/CMakeLists.txt	blob	100644	5c8f951b4f48c79e4f2eb465542fd1ea11bf5961
tests/e2e/tensor_ops/collapse_shape.mlir	blob	100644	2944ce7669f7d4d6fbeae1ab73359a5c6dce6b39
tests/e2e/tensor_ops/concat.mlir	blob	100644	93680eda74bce9b1dc7298a98156ce5b4f16da33
tests/e2e/tensor_ops/expand_shape.mlir	blob	100644	10f405effd6e96886bee1ce5299d6741d63561c6
tests/e2e/tensor_ops/extract_slice.mlir	blob	100644	334bcb38cd9ffd967937356385b05ce5d0020c4a
tests/e2e/tensor_ops/tensor_cast.mlir	blob	100644	44c2e58705c40666a7d509ea4c57bf324a21555e
tests/e2e/tensor_ops/tensor_insert_slice.mlir	blob	100644	34db48ef3ae4d65c4b6515419c5ddf3f178bfce0
tests/e2e/tosa_ops/BUILD.bazel	blob	100644	fd7c52baac42c9efc13727c6eae88014ac844055
tests/e2e/tosa_ops/CMakeLists.txt	blob	100644	ffd60d65d8f2e0cb8edd3ccd83c880edc8643b33
tests/e2e/tosa_ops/abs.mlir	blob	100644	a0231b03408f93d653c7080ce91c8e80ea53961b
tests/e2e/tosa_ops/add.mlir	blob	100644	d8a178ffba1d494f0391fb78d6470315b4090ec7
tests/e2e/tosa_ops/arithmetic_right_shift.mlir	blob	100644	a115c36c9b4e7d32c3334490f81dcd1897293d19
tests/e2e/tosa_ops/bitwise_and.mlir	blob	100644	d34298303b4865033cbbc453493baf22a92082bf
tests/e2e/tosa_ops/bitwise_or.mlir	blob	100644	1ced3a29022115b4800d9d8f7de971f5f333a990
tests/e2e/tosa_ops/bitwise_xor.mlir	blob	100644	87edf1ccac0045e5bac5604a5cdfff88854a0dd5
tests/e2e/tosa_ops/ceil.mlir	blob	100644	baf689b09cc9ca7bdf82dfbe5611d37462fa2f2f
tests/e2e/tosa_ops/clamp.mlir	blob	100644	adc9530088956a837e719e51b55615f6579bd9ad
tests/e2e/tosa_ops/clz.mlir	blob	100644	7324b8da4257c148d1cf9141071bc04dfee2e135
tests/e2e/tosa_ops/const.mlir	blob	100644	f56dc815a2b7aea100847ca7ab8472e1b11b4fc4
tests/e2e/tosa_ops/equal.mlir	blob	100644	f7677a53bb4af9179c235ba3a1424277fe801f91
tests/e2e/tosa_ops/exp.mlir	blob	100644	f331161448749c056bee9e1aea91843f9838c369
tests/e2e/tosa_ops/floor.mlir	blob	100644	c748818d8067df923b0bede9e65c794ffe67eec1
tests/e2e/tosa_ops/gather.mlir	blob	100644	ec8c3680733e0a7a1b13cd59f7ba10c2aa708d4c
tests/e2e/tosa_ops/greater.mlir	blob	100644	778d972c54628f62e44c44f52e7a3b123648e9fe
tests/e2e/tosa_ops/greater_equal.mlir	blob	100644	7975da6885a12ff2d1d66571ca610510c3018a85
tests/e2e/tosa_ops/if.mlir	blob	100644	85072f267c432d1357b019142d2b5f059e95c8d8
tests/e2e/tosa_ops/log.mlir	blob	100644	b67f99e9c932df72ca40bd55ea74e89125b8bc04
tests/e2e/tosa_ops/logical_left_shift.mlir	blob	100644	a39b4351541d4d494b725b883324546ae7654356
tests/e2e/tosa_ops/logical_right_shift.mlir	blob	100644	dd1e4e9b1f241e8db4e6e22749615d80979dbf6a
tests/e2e/tosa_ops/logical_right_shift_16.mlir	blob	100644	1ddb3141776b2341e2e034811593b60a9a0c7a06
tests/e2e/tosa_ops/matmul.mlir	blob	100644	1cb39802843afdeb0f0b4e8ae8adb78ce42badfd
tests/e2e/tosa_ops/max_pool.mlir	blob	100644	98660f35cc85581acf9cf23ee2199a98159abc55
tests/e2e/tosa_ops/maximum.mlir	blob	100644	4359d454d78cb4b41d3ee48ab7d7970cc2da3706
tests/e2e/tosa_ops/minimum.mlir	blob	100644	fb5fe16039ce5ff60e9ce385e5db93fe2cdaac9a
tests/e2e/tosa_ops/mul.mlir	blob	100644	d16adf12a6d3e3edd9f0ffc40cf532016a14ff7d
tests/e2e/tosa_ops/mul_shift.mlir	blob	100644	b57cddf5923ea321ca332d29ac5daaf81bf505c2
tests/e2e/tosa_ops/negate.mlir	blob	100644	eff5c8b78b7098b995911ad3b1c74f392b4b058d
tests/e2e/tosa_ops/pad.mlir	blob	100644	cdd88dde35f68cc86ceae96f31dbcee1ae61bcd5
tests/e2e/tosa_ops/reciprocal.mlir	blob	100644	4b2839b8d828b05ec05fb85fe99ccd768b3bbf14
tests/e2e/tosa_ops/reduce.mlir	blob	100644	792ef86e1fb237a71f152e8d6e6e3ebeea640193
tests/e2e/tosa_ops/reshape.mlir	blob	100644	04e1a75c03854e38301094e329a3d271864a21df
tests/e2e/tosa_ops/rsqrt.mlir	blob	100644	6d0f1df69d5ffe1410334b11081278e007871bed
tests/e2e/tosa_ops/select.mlir	blob	100644	3e15829ccfbf2a2c2ac5848fd9229da729e2724b
tests/e2e/tosa_ops/sigmoid.mlir	blob	100644	ad2759365591abc35804fee533e20a395297b602
tests/e2e/tosa_ops/sub.mlir	blob	100644	b73863c66b403624bc332c46820dc3156edf056d
tests/e2e/tosa_ops/table.mlir	blob	100644	d2136f2a93a5814347bc42ed8365c300fdfb3808
tests/e2e/tosa_ops/tanh.mlir	blob	100644	269b84fc6408fa072e963458ac2d4ea5c35d1bc9
tests/e2e/tosa_ops/transpose.mlir	blob	100644	df60bdc5dc17e35d775a154b09e2c6d3922efe5f
tests/e2e/tosa_ops/while.mlir	blob	100644	e98c489658bc2d40fb9e902840b6092ab4263db2
tests/e2e/vulkan_specific/BUILD.bazel	blob	100644	5bf2493459d8cf8cd41a0c865141871bbc07cf34
tests/e2e/vulkan_specific/CMakeLists.txt	blob	100644	d58160a96be6e30dd7944527122896f1ea57d383
tests/e2e/vulkan_specific/add_f16.mlir	blob	100644	533b992f8dff6fafbde859793faa2ff335bb545a
tests/e2e/vulkan_specific/add_i64.mlir	blob	100644	402ec65ea0bd36dca694d844aeb958b8ce14d7e9
tests/e2e/vulkan_specific/conv.mlir	blob	100644	0c93befc31b488ee5b44ab5dffaa4817fa2f8de8
tests/e2e/vulkan_specific/dot_f16.mlir	blob	100644	09b05a89276bc6f0e6b2495c294bcdf5f1206772
tests/e2e/vulkan_specific/gemm.mlir	blob	100644	812e6dd0568a12f7e7754ac9e444ff8c00a891d5
tests/e2e/vulkan_specific/mul_i64.mlir	blob	100644	6eb2eb610d0aeb38fb78a96fdae76220c66dfa7e
tests/external/iree-test-suites/onnx_models/onnx_models_cpu_llvm_task.json	blob	100644	634af2750a0480391568e5090f338c6263f9e8b9
tests/external/iree-test-suites/onnx_models/onnx_models_gpu_hip_rdna3.json	blob	100644	ce93a0b37bf20564ba3c1e9374f8537c9ee5f33a
tests/external/iree-test-suites/onnx_models/onnx_models_gpu_hip_rdna4.json	blob	100644	982b771e41f64cc3701ef90bc54dd3ae6f47bbed
tests/external/iree-test-suites/onnx_models/onnx_models_gpu_vulkan.json	blob	100644	452b40d3c9a8a078caeb05b4e5055182609b56fd
tests/external/iree-test-suites/onnx_ops/onnx_ops_cpu_llvm_sync_O0.json	blob	100644	09edc6a4701f3f68c0dac7e8793d6751b22f2afd
tests/external/iree-test-suites/onnx_ops/onnx_ops_cpu_llvm_sync_O2.json	blob	100644	9f9dae1f1c4b5364a09a8e18dc5f1e4b1745d193
tests/external/iree-test-suites/onnx_ops/onnx_ops_gpu_cuda_O0.json	blob	100644	da4c1916e81d0c1270ca7bb18a89fa970d826886
tests/external/iree-test-suites/onnx_ops/onnx_ops_gpu_hip_rdna3_O0.json	blob	100644	c2a18bc7568a66e5ec3010d50c7be0e337c11945
tests/external/iree-test-suites/onnx_ops/onnx_ops_gpu_hip_rdna3_O3.json	blob	100644	e03c849580766688c12516cabe6d9d0dfb47c401
tests/external/iree-test-suites/onnx_ops/onnx_ops_gpu_hip_rdna4_O3.json	blob	100644	8744f2aa28ef0aff20bf48c3f0d72785a7067125
tests/external/iree-test-suites/onnx_ops/onnx_ops_gpu_vulkan_rdna3_O0.json	blob	100644	5ccfb663144ced86ec97602261cde8803768d445
tests/external/iree-test-suites/sharktank_models/benchmarks/llama/8b_f16_decode_data_tiling_rocm.json	blob	100644	286b3ed81b78aedda762070e976c1b33557ad4f5
tests/external/iree-test-suites/sharktank_models/benchmarks/llama/8b_f16_decode_rocm.json	blob	100644	cc3506ea4c70615c74fb283b4149e56b9e175d58
tests/external/iree-test-suites/sharktank_models/benchmarks/llama/8b_f16_prefill_data_tiling_rocm.json	blob	100644	fd59f02bc97de3f8ed8bb302f3703b2dd391e9be
tests/external/iree-test-suites/sharktank_models/benchmarks/llama/8b_f16_prefill_rocm.json	blob	100644	01c741bea916fd507c2927f81b0aa2d507b7315f
tests/external/iree-test-suites/sharktank_models/benchmarks/sdxl/clip_cpu.json	blob	100644	aadc8c22700fb6334104eb826779fd60468ba986
tests/external/iree-test-suites/sharktank_models/benchmarks/sdxl/clip_rocm.json	blob	100644	d9c94118bcd11d467f42bb1a709ad68850260e58
tests/external/iree-test-suites/sharktank_models/benchmarks/sdxl/e2e_rocm.json	blob	100644	5e944af4f046b19235b076df75fe668a3564950f
tests/external/iree-test-suites/sharktank_models/benchmarks/sdxl/punet_int8_fp16_rocm.json	blob	100644	f6d0211bccc11ad3b3686d2604ce4d367e3c4e19
tests/external/iree-test-suites/sharktank_models/benchmarks/sdxl/punet_int8_fp8_rocm.json	blob	100644	d339ef7b82ba620298636e4d66bc23aa350d2a0a
tests/external/iree-test-suites/sharktank_models/benchmarks/sdxl/unet_fp16_rocm.json	blob	100644	cbb576762bcef8020e1c293ee7cf20084c515a20
tests/external/iree-test-suites/sharktank_models/benchmarks/sdxl/vae_rocm.json	blob	100644	36f09066f22d189a41e1aa0bdd6883462580a149
tests/external/iree-test-suites/sharktank_models/quality_tests/llama/8b_f16_decode_data_tiling_rocm.json	blob	100644	5afb4d0f661d35c86d6c7d0d6abd65467d4ea29f
tests/external/iree-test-suites/sharktank_models/quality_tests/llama/8b_f16_decode_rocm.json	blob	100644	777340c6b57633749d599dc60472775db5420e27
tests/external/iree-test-suites/sharktank_models/quality_tests/llama/8b_f16_prefill_data_tiling_rocm.json	blob	100644	40d47b1ef3f235224f67a60b60d5c62e078e94b1
tests/external/iree-test-suites/sharktank_models/quality_tests/llama/8b_f16_prefill_rocm.json	blob	100644	b47e7b9c4f5a5334252d03eff1e990f4ca0bbbc6
tests/external/iree-test-suites/sharktank_models/quality_tests/sd3/clip_cpu.json	blob	100644	e44f2210b70cd539e433d4e278e5fd48d1b3d5a3
tests/external/iree-test-suites/sharktank_models/quality_tests/sd3/clip_rocm.json	blob	100644	44c64d14183c47b86ce55e58dffb5519d5a828e7
tests/external/iree-test-suites/sharktank_models/quality_tests/sd3/mmdit_cpu.json	blob	100644	33d4733d4415c37853e229087542d1e02b3a96a8
tests/external/iree-test-suites/sharktank_models/quality_tests/sd3/mmdit_rocm.json	blob	100644	c3207e996d869804ddf22f5010e823610964c9fb
tests/external/iree-test-suites/sharktank_models/quality_tests/sd3/vae_cpu.json	blob	100644	9f231dd0c014ccd510a3634ab750a4014af35436
tests/external/iree-test-suites/sharktank_models/quality_tests/sd3/vae_rocm.json	blob	100644	8f65b5ac6515ab9d83f033c358ed4126152908c4
tests/external/iree-test-suites/sharktank_models/quality_tests/sdxl/clip_cpu.json	blob	100644	8e88b2831d466587d20659c903fb1891d037e1e3
tests/external/iree-test-suites/sharktank_models/quality_tests/sdxl/clip_rocm.json	blob	100644	0cc34884b8d68beefeaa9f4fde383e1b7fbdb9f5
tests/external/iree-test-suites/sharktank_models/quality_tests/sdxl/punet_int8_fp16_rocm.json	blob	100644	0b2372c4884c1462ef56228b61426eb20a0d4dde
tests/external/iree-test-suites/sharktank_models/quality_tests/sdxl/punet_int8_fp8_rocm.json	blob	100644	f3d2edc9b8ff6753cfd5c67c61dbdc55bf579ae8
tests/external/iree-test-suites/sharktank_models/quality_tests/sdxl/scheduler_cpu.json	blob	100644	3ac6709a56d9f8197e597e9ccefa9bb22091839c
tests/external/iree-test-suites/sharktank_models/quality_tests/sdxl/scheduler_rocm.json	blob	100644	7800bc4de8fc84a98e34a883dfd7e04b4baf2809
tests/external/iree-test-suites/sharktank_models/quality_tests/sdxl/unet_fp16_960_1024_cpu.json	blob	100644	50c1dcbd208437351eb4b9053c8c077bc20429ec
tests/external/iree-test-suites/sharktank_models/quality_tests/sdxl/unet_fp16_960_1024_rocm.json	blob	100644	a9f68660992dc7804bab409ff7133b38de4410a3
tests/external/iree-test-suites/sharktank_models/quality_tests/sdxl/unet_fp16_cpu.json	blob	100644	decdfc01d2137d809011a54911d7ee7275abcde5
tests/external/iree-test-suites/sharktank_models/quality_tests/sdxl/unet_fp16_rocm.json	blob	100644	2501b32c4bbe203d928139b299971a25cac29506
tests/external/iree-test-suites/sharktank_models/quality_tests/sdxl/vae_cpu.json	blob	100644	0c2bad291755d2e34609bbc24c2077c887992773
tests/external/iree-test-suites/sharktank_models/quality_tests/sdxl/vae_rocm.json	blob	100644	cd4350f82cc8b9a3869f868867262c67eb80e07f
tests/external/iree-test-suites/test_suite_files/attention_and_matmul_spec_punet_mi300.mlir	blob	100644	6ba3441200bb376142bc142a737c5edb985fb152
tests/external/iree-test-suites/test_suite_files/attention_and_matmul_spec_unet_fp16_mi308.mlir	blob	100644	cf26203f7dc4c533860826bb46b550834fd04ebc
tests/external/iree-test-suites/test_suite_files/sdxl_pipeline_bench_f16.mlir	blob	100644	cbf58e458ff4ae148bae75c02ad482ab3bbbc271
tests/external/iree-test-suites/torch_models/README.md	blob	100644	f7469d9e386bd21cabe24b167740b98bf261b1e3
tests/external/iree-test-suites/torch_models/llama_8b_fp16/compstat_gfx942.json	blob	100644	9a46623ed7c2f68bf4f118560d33418dba8f3223
tests/external/iree-test-suites/torch_models/llama_8b_fp16/decode_benchmark_seq128_mi325.json	blob	100644	1c1384ade8fbcfcf1d0f4a8fa0b616fc829f1e42
tests/external/iree-test-suites/torch_models/llama_8b_fp16/decode_benchmark_seq2048_mi325.json	blob	100644	a25ba27efaf4539f05e1178734594f68ef032b6c
tests/external/iree-test-suites/torch_models/llama_8b_fp16/modules/llama_gfx942.json	blob	100644	947c99c201dc50f0c2db00eae049b6ef43562bf7
tests/external/iree-test-suites/torch_models/llama_8b_fp16/modules/scheduler_gfx942.json	blob	100644	9640938d54f4a5ad2604dd1ff7f8611f48164847
tests/external/iree-test-suites/torch_models/llama_8b_fp16/prefill_benchmark_seq128_mi325.json	blob	100644	8aac12ae3d33103c0f15662e3d03413069f725fb
tests/external/iree-test-suites/torch_models/llama_8b_fp16/prefill_benchmark_seq2048_mi325.json	blob	100644	32d143391bcff713c5fe55699b34e6bdf7421bb8
tests/external/iree-test-suites/torch_models/llama_8b_fp16/quality_gfx942.json	blob	100644	fe5c07ccc31a17a85104b318f8571323ddc82815
tests/external/iree-test-suites/torch_models/llama_8b_fp8/compstat_gfx942.json	blob	100644	81f7b7ae0ff6dd048318ebc6cda00fd974f7b746
tests/external/iree-test-suites/torch_models/llama_8b_fp8/compstat_gfx942_data_tiling.json	blob	100644	17be30feb97fce13fce260fe7fe3e3de8682fc15
tests/external/iree-test-suites/torch_models/llama_8b_fp8/decode_benchmark_seq128_mi325.json	blob	100644	68e9ec235de79e9f59eec00cc8c6fb9e9bee3bf6
tests/external/iree-test-suites/torch_models/llama_8b_fp8/decode_benchmark_seq128_mi325_data_tiling.json	blob	100644	2bffd5f6f8002ef7f58a18348aebd52a267ae821
tests/external/iree-test-suites/torch_models/llama_8b_fp8/decode_benchmark_seq2048_mi325.json	blob	100644	a2444eb141d1a96560de7fef2003565088c9b9ba
tests/external/iree-test-suites/torch_models/llama_8b_fp8/decode_benchmark_seq2048_mi325_data_tiling.json	blob	100644	603dc8aff8608c8a6a689c414c41741cd994ba3c
tests/external/iree-test-suites/torch_models/llama_8b_fp8/modules/llama_gfx942.json	blob	100644	12b44af27dd6a95321db9956876ac9c2847ab2da
tests/external/iree-test-suites/torch_models/llama_8b_fp8/modules/llama_gfx942_data_tiling.json	blob	100644	d649e433ac3ca5ade7f64a93f0b4a68b7022c91e
tests/external/iree-test-suites/torch_models/llama_8b_fp8/prefill_benchmark_seq128_mi325.json	blob	100644	4171d9c9c35b30839b384f9182f94a5d37b04e14
tests/external/iree-test-suites/torch_models/llama_8b_fp8/prefill_benchmark_seq128_mi325_data_tiling.json	blob	100644	9c89fdc0a00e6ece7affec5fabce384f1113df99
tests/external/iree-test-suites/torch_models/llama_8b_fp8/prefill_benchmark_seq2048_mi325.json	blob	100644	380ef2d528826941b1fe6caada680544a03b26b4
tests/external/iree-test-suites/torch_models/llama_8b_fp8/prefill_benchmark_seq2048_mi325_data_tiling.json	blob	100644	509eb66d22d55d0604ac11c38d8bc329bb864d9d
tests/external/iree-test-suites/torch_models/sdxl/clip_benchmark_cpu.json	blob	100644	4418bff01319670110d218d915ab6995260b3666
tests/external/iree-test-suites/torch_models/sdxl/clip_benchmark_mi325.json	blob	100644	84a5bb71b4dbfe9fbd3a50dafd83ebdd74b8140a
tests/external/iree-test-suites/torch_models/sdxl/clip_compstat_cpu.json	blob	100644	1254b5df5f5937145f31210e1f3e35ac3f2d08e8
tests/external/iree-test-suites/torch_models/sdxl/clip_compstat_gfx942.json	blob	100644	5da1b02c1c772b2847212bc01f6ce8b6b14dbb91
tests/external/iree-test-suites/torch_models/sdxl/clip_quality_cpu.json	blob	100644	8d0b86bb61d770166448e3d90ce2a0aef567b156
tests/external/iree-test-suites/torch_models/sdxl/clip_quality_gfx942.json	blob	100644	f4ff9f26427a63ad40928aca709fa57d04ed1dc0
tests/external/iree-test-suites/torch_models/sdxl/modules/clip_cpu.json	blob	100644	40f058c6945c8275111f2d02bd2e23085ca566fa
tests/external/iree-test-suites/torch_models/sdxl/modules/clip_gfx942.json	blob	100644	6207264678b84fef9624bbf157c61b8ccdad1e25
tests/external/iree-test-suites/torch_models/sdxl/modules/punet_gfx942.json	blob	100644	e953a81e32627c288a0383f9ed1db27f323477d9
tests/external/iree-test-suites/torch_models/sdxl/modules/punet_gfx942_v2.json	blob	100644	983dc5f659ec55caa72b361c2272d100088a3614
tests/external/iree-test-suites/torch_models/sdxl/modules/vae_cpu.json	blob	100644	065d8055c42823bf68a4c48b9de2d45fce734cb5
tests/external/iree-test-suites/torch_models/sdxl/modules/vae_gfx942.json	blob	100644	2972c09694bc11fd878faff67d0a7bf6ae62d5d4
tests/external/iree-test-suites/torch_models/sdxl/punet_benchmark_mi325.json	blob	100644	3ec6dad0b96e3918e1e68b0f2054a9684fea240e
tests/external/iree-test-suites/torch_models/sdxl/punet_benchmark_mi325_v2.json	blob	100644	2016813759593d453c51a776d126c2e969146dca
tests/external/iree-test-suites/torch_models/sdxl/punet_compstat_gfx942.json	blob	100644	514de41469e691085672fb2a4c359dcb5aad98d0
tests/external/iree-test-suites/torch_models/sdxl/punet_compstat_gfx942_v2.json	blob	100644	9bdcdf55fb441bce0bf507ae1b5e4061c4e609a3
tests/external/iree-test-suites/torch_models/sdxl/punet_quality_gfx942.json	blob	100644	b34c39b854a9b83ecf4b6ef7740dfed6dbb85be0
tests/external/iree-test-suites/torch_models/sdxl/vae_benchmark_mi325.json	blob	100644	b43c33e846074e880b5fffc223ef0a274eb5ab58
tests/external/iree-test-suites/torch_models/sdxl/vae_compstat_gfx942.json	blob	100644	a6469820c080f20eed91989051b767a6d3a3369a
tests/external/iree-test-suites/torch_models/sdxl/vae_quality_cpu.json	blob	100644	39daff25df3b97cca52be293f998f358d4950ebb
tests/external/iree-test-suites/torch_models/sdxl/vae_quality_gfx942.json	blob	100644	6d8e7e785f341ba84cbe84f2cffba9a2d61ba98f
tests/external/iree-test-suites/torch_ops/torch_ops_cpu_llvm_sync.json	blob	100644	1949b66c79b8d98771b0298bb0acafbc93b2fba4
tests/external/iree-test-suites/torch_ops/torch_ops_gpu_hip_gfx1100_O3.json	blob	100644	e585848abd6a7a282df04bae8bf67e8f2520531e
tests/external/iree-test-suites/torch_ops/torch_ops_gpu_hip_gfx1201_O3.json	blob	100644	17539291a7bda14b449676c1db7d5ae13217335a
tests/external/iree-test-suites/torch_ops/torch_ops_gpu_hip_gfx942_O3.json	blob	100644	0bb9bd34700d823a8542f635d125bd6e270d0707
tests/external/iree-test-suites/torch_ops/torch_ops_gpu_vulkan_rdna3_O3.json	blob	100644	088f3b7f1463ed22ab5ed7c15f6548d136cffb6d
tests/lit.cfg.py	blob	100644	e0c9133c33585b5b7705f5b5bb29154861c499cb
tests/riscv32/smoke.sh	blob	100755	5f0f2b4af768b2d8bc3afc91eaf005d71a519ecc
tests/transform_dialect/BUILD.bazel	blob	100644	236a474467251aef400aace1223bcd560190d2cc
tests/transform_dialect/CMakeLists.txt	blob	100644	0bae2d54fd28579e36ac8aeda17a564d254c1a1f
tests/transform_dialect/cpu/BUILD.bazel	blob	100644	72cbfe5f0555acf3c6dbf495f8e23956bb86edfe
tests/transform_dialect/cpu/CMakeLists.txt	blob	100644	bd98810c02f6d32f80093e30bfe70818ad5d2d89
tests/transform_dialect/cpu/matmul_library_call.mlir	blob	100644	481c56dd1f9f7eee19337716048d71132f483498
tests/transform_dialect/cpu/transform_library.mlir	blob	100644	763919ff6d52ce381b9455f99fa353971ef2541d
third_party/.clang-format	blob	100644	c43dc87465b17f3b808e370f794c29e75426cc85
third_party/benchmark	commit	160000	192ef10025eb2c4cdd392bc502f0c852196baa48
third_party/dlmalloc/LICENSE	blob	100644	60a42d35de2e5a544db5da7cad612230247a2fa9
third_party/dlmalloc/malloc.c	blob	100644	35003d1925947d2689bc9d7480839bfce246d615
third_party/flatcc	commit	160000	9362cd00f0007d8cbee7bff86e90fb4b6b227ff3
third_party/googletest	commit	160000	52204f78f94d7512df1f0f3bea1d47437a2c3a58
third_party/hip-build-deps	commit	160000	f7d58d4b1b82896458dd52aebc7328f88eaa5b16
third_party/hsa-runtime-headers	commit	160000	cc2b5f429de4d1cb2be96ed10e6f45246e408d0e
third_party/llvm-project	commit	160000	6cce5bca3b901ec32e250fb43e88eb0fe511af93
third_party/musl	commit	160000	3f701faace7addc75d16dea8a6cd769fa5b3f260
third_party/nccl/LICENSE.txt	blob	100644	bcd1867a02a6a8c1e592b92e2e50f34e531f2d87
third_party/nccl/README.md	blob	100644	4a318b9e36613974d0d5e16bc9fd6291129fd80c
third_party/nccl/nccl.h	blob	100644	4af8e1df4d4109b72147c47bd22170d586eb281a
third_party/nvidia_sdk_download/LICENSE	blob	100644	8e4b6ed2e25c2c609d90c77a8074a1f3f6a00e8d
third_party/nvidia_sdk_download/fetch_cuda_toolkit.py	blob	100755	aa8ee7599ce69328f2542e38353fbe2aaeab64e7
third_party/nvidia_sdk_download/parse_redist.py	blob	100644	020afd5e75b79cb123f17f2d26060654c42683c4
third_party/rccl/LICENSE.txt	blob	100644	a511ac00cc5cd6fb4d428dd8e1a20ab48d7a1e8a
third_party/rccl/README.md	blob	100644	4c3c57a5e52fea5d089a304a2d81f485d1f6bf9d
third_party/rccl/rccl.h	blob	100644	ad7ee42f87b33413f76f05d70e3fb549ce0730e6
third_party/renderdoc/LICENSE.md	blob	100644	9ce22bde023612511bc963f7fd5e19a73612c8c3
third_party/renderdoc/README	blob	100644	7b194d9dcf0f2bbfd4eff290db84b73cdae59241
third_party/renderdoc/renderdoc_app.h	blob	100644	7ee24b69eeda5eaf6d909ef223cb1cacb2242084
third_party/spirv_cross	commit	160000	7affe74d77f93a622bb5002789d5332d32e512ee
third_party/stablehlo	commit	160000	50a9d75a404653fe5bbf284b5af8b3ffeda42ee0
third_party/torch-mlir	commit	160000	77139e314d560acbf482a5509237c5137d33f969
third_party/tracy	commit	160000	5479a42ef9346b64e6d1b860ae58aa8abdb0c7f6
third_party/vulkan_headers	commit	160000	df60f0316899460eeaaefa06d2dd7e4e300c1604
third_party/webgpu-headers	commit	160000	fa1c6ab4927ef1fa5731907b42b62ea93119866c
tools/.clang-tidy	blob	100644	97faac2491098092e7157a27bf2e7bed9ffca31b
tools/BUILD.bazel	blob	100644	7fe724ea6e42d98799c90a5917e229006f2c2625
tools/CMakeLists.txt	blob	100644	662ba56eaad71b721ef7b28c68092cabceb36218
tools/build_config_template.txt.in	blob	100644	5bc7d3653ae643217a5e2c3e669371eb995a2024
tools/iree-as-module-main.c	blob	100644	e2aabd86459368b102562d546e3b43291880bb72
tools/iree-benchmark-executable-main.c	blob	100644	59ef0167f7131f4a1bfc2beca6246e193230c7e0
tools/iree-benchmark-module-main.cc	blob	100644	fbd32930fc7e2fd70ffef22399cf7da9d63809a8
tools/iree-benchmark-replay-main.cc	blob	100644	3ce91277b2c51b18229662f68232594a9b223f44
tools/iree-check-module-main.cc	blob	100644	88f194ba0282c781aed11ed647d43a6e0422b600
tools/iree-compile-main.cc	blob	100644	fc1c0c87d81821b7a29808a43c856a3739ea02e2
tools/iree-convert-parameters-main.c	blob	100644	63e5963365ba43df5b5ab8148e8d297d3f319c41
tools/iree-cpuinfo.c	blob	100644	dcc1ff5f953ba1b9d221b72853e71beb7994f2d3
tools/iree-create-parameters-main.c	blob	100644	8cc36677f2c2fdfeaeafe3ed70902f9990510363
tools/iree-dump-instruments-main.c	blob	100644	762038ec78f1ea0026dec9a55565953c9c1b5318
tools/iree-dump-module-main.c	blob	100644	e487b3ac2a4414d11c3386be4f53e0138f588067
tools/iree-dump-parameters-main.c	blob	100644	6b960a6eddb56d5f557a382c8734f4174203d9e2
tools/iree-dump-replay-main.c	blob	100644	6c4c18952108c4929ca0c9e078e717a17d69f231
tools/iree-encode-parameters-main.c	blob	100644	11fadc98625c5a34a0ce7ebbd1cc2c2a44e14283
tools/iree-fatelf.c	blob	100644	3a5e24b0fdf61a0738d63157b24dfd534fd3c543
tools/iree-link-main.cc	blob	100644	9aa878616177bf2d313e1e82fc4a6fec980ce322
tools/iree-lld-main.cc	blob	100644	4b6a4f616ebe66cf82f47b71a9b08c3ed52b7693
tools/iree-mlir-lsp-server.cc	blob	100644	c273afe8367c3c1f0cfb6f8c883a671c7c082e3e
tools/iree-opt-main.cc	blob	100644	90922725a69cde9dd86b55aa342cfbc806193f63
tools/iree-profile-main.c	blob	100644	aca1c470a48f6ed1f67a0d392bd164e6fb44f4f4
tools/iree-profile-render	blob	100755	0d30c7d3950797e7c21d27957f4cfd9d2f14b261
tools/iree-reduce.cc	blob	100644	91878198f4c1a0dc5f08e2496534572a39eb7feb
tools/iree-run-mlir-main.cc	blob	100644	d01dba515453ea5db935b1aec68fb216c332c823
tools/iree-run-module-main.c	blob	100644	131df552e3238a2d84a0f0a7b794ef22c2781a49
tools/iree-run-replay-main.c	blob	100644	941a46e7ff6526232e7aef5f35b3d9bd28b77e15
tools/iree-tblgen.cpp	blob	100644	2f12773080df60e8d6d100a7b960271a5bbc76ba
tools/iree-tokenize-main.c	blob	100644	1fad339e53187465218a11d0cbcf8f781e5f6662
tools/lit.cfg.py	blob	100644	f20b0481ff9adbb3086c3a3bf05920bd97eb26ea
tools/scripts/iree-tools-argcomplete.bash	blob	100644	a3937c255e4d3f6d2ce9f3cdea97a7fd2e375859
tools/test/BUILD.bazel	blob	100644	ed42d7b5ac0ae3835c02940659bd10e8441aa2fa
tools/test/CMakeLists.txt	blob	100644	effeaf4835026594f1358e0bc4520c01b2038f5c
tools/test/benchmark_flags.txt	blob	100644	c32ff8d77240fe375ad67378b5ece625850b7677
tools/test/compile_flags.mlir	blob	100644	57836a78268e95a3839d6bfac9aa44168de3e5cd
tools/test/compile_pipelines.mlir	blob	100644	854605605f48291ea6ecfb3f1d043a5a9dd0bb96
tools/test/compile_to_continuation.mlir	blob	100644	5476462df2dfc53108a38ca94933ea3afccd6ca6
tools/test/compile_to_phase.mlir	blob	100644	db22ffa50686b28638c3ae89ef6ed7125bd651d9
tools/test/compile_to_resources.mlir	blob	100644	4c31776f97c543c81bf21c3103fc5a4834eb0236
tools/test/echo_npy.py	blob	100644	0e59f990a28a28ef27377030dd7ca5e5d62d4bad
tools/test/executable_benchmarks.mlir	blob	100644	4b71a7cb3fc812b806712d188634b6173837bae9
tools/test/executable_configurations.mlir	blob	100644	b01ecce738a56b4b642a90034e9757f220e028ae
tools/test/executable_sources.mlir	blob	100644	3e9ca6294b65de5152242097c5bfe94af39f2a1d
tools/test/iree-benchmark-executable.mlir	blob	100644	ece508a35cefd76574174faf8f11f866baf2ec7f
tools/test/iree-benchmark-module-outputs.mlir	blob	100644	c26d578b15ecdfd4da08a6407eafb618af54dd60
tools/test/iree-benchmark-module.mlir	blob	100644	638fb75003e7c6e56479a3773ea5980659a6850a
tools/test/iree-compile-help.txt	blob	100644	c6f7a4eee0edbe38224a2c7806152708b0527d77
tools/test/iree-convert-parameters.txt	blob	100644	338610c37b700bf07a625d12f8318290b8ed2d73
tools/test/iree-dump-module-control-flow.mlir	blob	100644	11595cdab5f11dca4baad96a4e4b30b71f23d893
tools/test/iree-dump-module.mlir	blob	100644	e13bcaf88313b0673f504b9a1b955aa2edd7a677
tools/test/iree-dump-parameters.txt	blob	100644	77b4294ea66308b6984078b89aa5d2ba1b6b0bba
tools/test/iree-link-anonymous.mlir	blob	100644	589b4acd1f151d933833d8171977677a946b47a6
tools/test/iree-link-bundle.mlir	blob	100644	9ab9a7642237a3433db2a19a9cce201117f18a6b
tools/test/iree-link-executable-source-module-d.mlir	blob	100644	a43bf80c98965bdf3417334703ac16e9469b23fe
tools/test/iree-link-executable-source.mlir	blob	100644	d7e76acf8abff7e0af72de2e3c4e59693f147507
tools/test/iree-link-globals-a.mlir	blob	100644	ba0ac303deb0f67da4ede4620321fdd32f4b4e68
tools/test/iree-link-globals-b.mlir	blob	100644	ffb8792240dd66d9cd51fefd6d9c155370c542cc
tools/test/iree-link-globals-c.mlir	blob	100644	35e1c2e29102af78a2d6f18b1ea8bca2dfd37df4
tools/test/iree-link-module-a.mlir	blob	100644	1050314125ab7b90e3f6fab3884ddf06fcaca37b
tools/test/iree-link-module-b.mlir	blob	100644	669dec5aed23af064ab3b76420e438d54f17877b
tools/test/iree-link-module-c.mlir	blob	100644	23609ad1f861d7d1b36da1bdff90978941da29ad
tools/test/iree-link.mlir	blob	100644	2679574e06d4db181044cd191b4c1cbf40f2e89f
tools/test/iree-replay-tools.txt	blob	100644	50584b12614a9fb00022c68c76feb6e2540bcc1c
tools/test/iree-run-mlir.mlir	blob	100644	99cc5c1e8350033f4f45b5f51e8d8e04679d1f50
tools/test/iree-run-module-expected.mlir	blob	100644	9626a274a48daa82edd80021ae608e49ca133f12
tools/test/iree-run-module-in-place.mlir	blob	100644	bac6b383ccbcd79c3c80fcc4a158c3dc1b826c90
tools/test/iree-run-module-inline-dynamic.mlir	blob	100644	08b1fa986fd19d371812b267846b8281f7911976
tools/test/iree-run-module-inputs.mlir	blob	100644	e6b9371b05abce020cd510710be6e70a2d32fe53
tools/test/iree-run-module-multi.mlir	blob	100644	8f1d5f6aad64873aaf2fb6be6fb5754d6d00c930
tools/test/iree-run-module-outputs.mlir	blob	100644	4190adccf43b54e956327381cb26a7283062b992
tools/test/iree-run-module.mlir	blob	100644	0504c2f3d744fe297ca4573b4c196a3d0816728f
tools/test/iree-tblgen-json.td	blob	100644	1ff95c3e91974fcd1cfc76f2fb000604574ac01b
tools/test/iree-tokenize-json.txt	blob	100644	8252c09187745b0a860f52bcf422ff4975cdb55d
tools/test/iree-tokenize-tiktoken.txt	blob	100644	499eac439fa266fb0e30b38b0542917a34139cdf
tools/test/iree-tokenize.json	blob	100644	831112bd97dd3e00f4e999b9c03deef61a5bcd3d
tools/test/iree-tokenize.tiktoken	blob	100644	cba10a1967b7456712affcbe1f1508354a532b05
tools/test/multiple_args.mlir	blob	100644	71b8e2f5b3ed8fe6b6263a256370adf7f09315bd
tools/test/multiple_exported_functions.mlir	blob	100644	1b40237814c94209b0b9748cbe664c30eb74af3b
tools/test/null_values.mlir	blob	100644	4955b95ef7074214d84f0db1b99d253303364a70
tools/test/parameters.py	blob	100644	95e9c30e6f8d42943c1bded2ed53a63670d8e1ee
tools/test/parameters_a.safetensors	blob	100644	1d92fe8138663c9227fb3dd85af8be5f97e03190
tools/test/parameters_b.safetensors	blob	100644	348d3c48cbc627a3252b2020a7229e8a1bdcfc53
tools/test/parameters_dynamic.mlir	blob	100644	b36e623d5a3e614526f1eb069d3c46a246bc7244
tools/test/parameters_dynamic.safetensors	blob	100644	04390047bac2f0390dcd8e1abd6148c509f66efe
tools/test/parameters_scoped.mlir	blob	100644	52445fc13263b2aed98b20244719821446389caf
tools/test/parameters_unscoped.mlir	blob	100644	cfdfb7d898edfec088329becf2fab36f140fcde0
tools/test/python_with_numpy.py	blob	100644	bdec063b2c90bec4a9f49b5c830e4ca31108bfe1
tools/test/repeated_return.mlir	blob	100644	34875c788f6bd02f595321aee625248bc486d9b8
tools/test/scalars.mlir	blob	100644	885349cd47af4d24f6bfed9aab77ceb9d779b2e1
tools/testing/BUILD.bazel	blob	100644	2a6834ce38b313b20ec95bd958ba1cb03c5ba737
tools/testing/CMakeLists.txt	blob	100644	ae2678c84ef5ae1ddbec437030649be734aa603c
tools/testing/e2e/BUILD.bazel	blob	100644	587d72ff3bdc90f1c8d6cd789de974d559a280dd
tools/testing/e2e/CMakeLists.txt	blob	100644	1cc557c251f069f01a78caa6495996ad948dc791
tools/testing/e2e/iree-e2e-attention-test.cc	blob	100644	aedff21f9ab5947fece6f43f6e81862b6a8c712d
tools/testing/e2e/iree-e2e-conv2d-test.cc	blob	100644	264dea4bc2c6bf7e0fe635b5c167efb33330ea69
tools/testing/e2e/iree-e2e-matmul-test.cc	blob	100644	08141c448538e0e3d7190ddc326a77ca89a79abb
tools/testing/e2e/test_utils.c	blob	100644	a4c08020deb9082c0819889901a6c2f95b576a86
tools/testing/e2e/test_utils.h	blob	100644	4f0a23c405bf7b11f9d50bfb0512e40ab7285c9e
