path	kind	mode	git_object
mlir/.clang-format	blob	100644	76cc928e64588688a724c895c71d407ad7914f47
mlir/.clang-tidy	blob	100644	0d4a4b1214837ff959a3782861569cc7370818dc
mlir/CMakeLists.txt	blob	100644	68df5aed001e2e78f0c763ba8b07c93837962588
mlir/LICENSE.TXT	blob	100644	53bb2e7fbc76434fe747bceffdfb5c19e1cca362
mlir/Maintainers.md	blob	100644	181541a0f3a935d2f52c08ce2c791b33912acde2
mlir/README.md	blob	100644	2d4d8de86ef324c8fcbccb37ba3e114c65f29984
mlir/benchmark/python/__init__.py	blob	100644	e69de29bb2d1d6434b8b29ae775ad8c2e48c5391
mlir/benchmark/python/benchmark_sparse.py	blob	100644	72b3ef1a3f4243437ea2640b3358a10667e0a8a8
mlir/benchmark/python/common.py	blob	100644	0b924172c8dad7430385ddc3d87522f962133ad1
mlir/cmake/modules/AddMLIR.cmake	blob	100644	d3f534a02f9de57d3d005b03c2919c40f9c6d0a8
mlir/cmake/modules/AddMLIRPython.cmake	blob	100644	1e483116569a06e09a0eb99e35cb1b8ba1f59780
mlir/cmake/modules/CMakeLists.txt	blob	100644	e5b079dbecedfc06e702ead5448a2794ff58feb8
mlir/cmake/modules/FindLevelZeroRuntime.cmake	blob	100644	2a8fb3a16d16f098997cab9a334cb99f5098f848
mlir/cmake/modules/FindSyclRuntime.cmake	blob	100644	5986895cb162801502a6343f517d09244c33d594
mlir/cmake/modules/Findocloc.cmake	blob	100644	5b433ff1fe5e403a79815678f19bd38fa946fdca
mlir/cmake/modules/IRDLToCpp.cmake	blob	100644	3fa1601c694d2e79f3323b1db6e93a19fd0244c7
mlir/cmake/modules/MLIRCheckHardwareFeatures.cmake	blob	100644	567fbdb9d93eee47874549199a5d5ffc444d2cbe
mlir/cmake/modules/MLIRConfig.cmake.in	blob	100644	fd04a64ce625b71f661679340b9a8fbe083f7d10
mlir/cmake/modules/MLIRConfigVersion.cmake.in	blob	100644	e9ac4ed2da7865ea2c80a3e4fb628f599e3e2999
mlir/cmake/modules/MLIRDetectPythonEnv.cmake	blob	100644	5ff28d88110d4ce1a6d00934dbb9ef3f793a5f44
mlir/docs/ActionTracing.md	blob	100644	984516d5c5e7e25e5b15b3f1c63123ea9411bbd3
mlir/docs/Bindings/Python.md	blob	100644	d04e266368cd1219eec59915fa4406b18c613540
mlir/docs/Bufferization.md	blob	100644	be4162ef4f5586f2925c90e2000f5d42081a8e14
mlir/docs/BytecodeFormat.md	blob	100644	f50ddeb25cc332d3df9d074ba82d812c70226139
mlir/docs/CAPI.md	blob	100644	3f7f01740bf955b64b8b11cb0b29247a4d31e161
mlir/docs/CMakeLists.txt	blob	100644	447d4eb36ac70bb6f9e3eb9e6ec1a0356f4f4449
mlir/docs/Canonicalization.md	blob	100644	492674c4e3bb0a7f15860eb7aac0551f30b8095b
mlir/docs/DataLayout.md	blob	100644	21430c44ca95fb7aac64a49ccaf8a8f7c32df93c
mlir/docs/DeclarativeRewrites.md	blob	100644	b9c0a45bf4677fd5993dfece4ae54e379b4620f4
mlir/docs/DefiningDialects/Assembly.md	blob	100644	1c00d5ea9ee9b70b108f60b2ba7b492b78ef19be
mlir/docs/DefiningDialects/AttributesAndTypes.md	blob	100644	a339a763bd607dc182292f3d30ccaa76bbe5b1ee
mlir/docs/DefiningDialects/Constraints.md	blob	100644	40863e7aecf4a317da8ffd4f4a8d687007cfa41e
mlir/docs/DefiningDialects/Operations.md	blob	100644	5615af678d339278a37849df6f97e1b5ba8b49c5
mlir/docs/DefiningDialects/_index.md	blob	100644	d4ffd066a61cd82224639c6e66b15c8a9741693f
mlir/docs/Diagnostics.md	blob	100644	279682f9ff309b2641f6adfb8744f8c7ce299bf2
mlir/docs/DialectConversion.md	blob	100644	7323f473802bf143c0ef8efeaf394323800f830f
mlir/docs/Dialects/Affine.md	blob	100644	90aa43a85d8773358040c21431e6515bf0769351
mlir/docs/Dialects/ArmSME.md	blob	100644	d38a3e581f48d1301fa96761cace0c20683d5b16
mlir/docs/Dialects/Builtin.md	blob	100644	0a9b7ae8919b55e5d2f1df2d302fd0e54a94cf3e
mlir/docs/Dialects/Func.md	blob	100644	4d94d1a2b0cd765df6c340770c7cdf3d64c007c4
mlir/docs/Dialects/GPU.md	blob	100644	ea939c74f77ab6dcc97d9bf6adab1d84016395ca
mlir/docs/Dialects/IRDL.md	blob	100644	c09457ac38634e102d89c35de74c2297202e4c55
mlir/docs/Dialects/LLVM.md	blob	100644	f8419d726fc33c60d158cb3ed9ea5dd1ef66e962
mlir/docs/Dialects/Linalg/OpDSL.md	blob	100644	5b766a31295cc2b049783fff480ceff3c04b7c54
mlir/docs/Dialects/Linalg/_index.md	blob	100644	976f0fd3c7e9118d6fd9f586b317184d953bf7e4
mlir/docs/Dialects/MemRef.md	blob	100644	1d926fc38523960f9c67eb75a32c1283194c22cb
mlir/docs/Dialects/NVVMDialect.md	blob	100644	b2f5e888b97725b874ca93b75a9c1e767c8d0dd1
mlir/docs/Dialects/OpenACCDialect.md	blob	100755	9e85d66ba340fd5b39f290154cff8064c3b725d4
mlir/docs/Dialects/OpenMPDialect/ODS.md	blob	100644	51c61c86ebc6e7dfdc85ce1992281877fa1e1b82
mlir/docs/Dialects/OpenMPDialect/_index.md	blob	100644	534a7567212b1bd39452d0d3260c7f3da7acd299
mlir/docs/Dialects/SPIR-V.md	blob	100644	dd68e6ec8b7b8bdd5e704459bc1468003a1e6def
mlir/docs/Dialects/ShapeDialect.md	blob	100644	0e7350df9fa92aea8d4e8c85937709cb35b32dc4
mlir/docs/Dialects/Shard.md	blob	100644	573e888e6541f7b844c0a82022d5fbf437a89790
mlir/docs/Dialects/TOSA.md	blob	100644	695d4d4210c78c314b4d33c4d52194543054fca5
mlir/docs/Dialects/Transform.md	blob	100644	2133b81ed87ba40cd5547f6233f99f54f7eea5cc
mlir/docs/Dialects/Vector.md	blob	100644	17c9fd7d818b43b516c74456aacf7f73a4cc437b
mlir/docs/Dialects/_index.md	blob	100644	99ffcb96a84d2296a4a75b5dcc49c16e47d8c917
mlir/docs/Dialects/emitc.md	blob	100644	6d09e93b895a984788160222a8f76594deb15ec2
mlir/docs/Interfaces.md	blob	100644	4ea779cc60a3fc84971e4129c1cdd844edd57fe4
mlir/docs/LangRef.md	blob	100644	fea34c093418d34dbe15913e658a4294dc112855
mlir/docs/OwnershipBasedBufferDeallocation.md	blob	100644	f5fa01c4c49ccaa55cab79d3c428fc55f6628f52
mlir/docs/PDLL.md	blob	100644	c6e352fd647dafc91f94ccceaa2dd16c42f22760
mlir/docs/PassManagement.md	blob	100644	8d20b496cd3a612cc372d12f576311e54893d8ba
mlir/docs/Passes.md	blob	100644	9e70da8a3ec9782f500db0d761d1457dedd1f5d1
mlir/docs/PatternRewriter.md	blob	100644	39605c7acb7fe00996f258eb9cc17b040958274e
mlir/docs/Quantization.md	blob	100644	475ddf55d718e7a976a51172daadfecc735cbc0d
mlir/docs/README.txt	blob	100644	52e11d6c6f472865b77674245bf748db19ae5575
mlir/docs/Rationale/MLIRForGraphAlgorithms.md	blob	100644	6d4962ead4b7f4aa327fe6da1509116ff4bd837f
mlir/docs/Rationale/Rationale.md	blob	100644	489456d4e328506652ba8608e8169eaca95f837b
mlir/docs/Rationale/RationaleGenericDAGRewriter.md	blob	100644	d586b1f7719c0c88a8276b24289b232e195b5bbb
mlir/docs/Rationale/RationaleLinalgDialect.md	blob	100644	fbe221732eeca0c650b869cfdc0e544d0be22e44
mlir/docs/Rationale/RationaleSimplifiedPolyhedralForm.md	blob	100644	f904b6e2120b23f8105a6f0989b49d84e62b3cb6
mlir/docs/Rationale/SideEffectsAndSpeculation.md	blob	100644	b17c04359b9405a8c6a0a26b733e8013e8fdb255
mlir/docs/Rationale/UsageOfConst.md	blob	100644	7a54a4e6de7f5bdf5ceefd0f9e4b92adb0092d55
mlir/docs/Rationale/_index.md	blob	100644	4fd0362ff55f5e3101f2893f22f8a332c7a04fe6
mlir/docs/ReleaseNotes.md	blob	100644	16b93c89096709844c77fcead244115dfbc2da27
mlir/docs/Remarks.md	blob	100644	c70e20cd44ec415b42da28587f79e6f80fe0b376
mlir/docs/SPIRVToLLVMDialectConversion.md	blob	100644	a1299ca529a50190a1d092c34309aecb63642c0a
mlir/docs/ShapeInference.md	blob	100644	d3f4155337f627c7bd4c60d87ae6f48e09dde0f4
mlir/docs/SymbolsAndSymbolTables.md	blob	100644	c30cc38845c0aef9d6ba3bdfb8963167d4fc7e52
mlir/docs/TargetLLVMIR.md	blob	100644	d41c4a829cbfa42602e33b285851e6463aea4acf
mlir/docs/Tokens.md	blob	100644	20df548ca9c7e6b6693261f2a154769c0b037ace
mlir/docs/Tools/MLIRLSP.md	blob	100644	8270f922fffe8653ad008a93591899a41f2caca6
mlir/docs/Tools/mlir-reduce.md	blob	100644	9b5c26257f5c7d887d4430aa3fbf1cf575cc5ed9
mlir/docs/Tools/mlir-rewrite.md	blob	100644	178f92f72cbb6e2b7d541d4c03323a2d5ccb9f94
mlir/docs/Traits/Broadcastable.md	blob	100644	3a968946c07948f10e1fa9875991ae26e031e8c6
mlir/docs/Traits/_index.md	blob	100644	7d01f8517477ae1cd507d51c36f1e59ddde99b7d
mlir/docs/Tutorials/CreatingADialect.md	blob	100644	e30b80bc5207cfffee0dcea33c21fbff86e57d8a
mlir/docs/Tutorials/DataFlowAnalysis.md	blob	100644	8a5b9c92810252e7546a3b4f43520d36771eb635
mlir/docs/Tutorials/ExternalTutorials.md	blob	100644	c14c20a11763ccda8375084842f400b2647157f7
mlir/docs/Tutorials/MlirOpt.md	blob	100644	c74f1716b6efb093684918d450b52f50b6c3aaae
mlir/docs/Tutorials/QuickstartRewrites.md	blob	100644	0aa1711414b9aa0f24cea780ee8262042cb555e1
mlir/docs/Tutorials/Toy/Ch-1.md	blob	100644	09cee88db419d869b4a7ae30b5c4536f83159005
mlir/docs/Tutorials/Toy/Ch-2.md	blob	100644	cdc30a6156264aac5c01c1ad2d71f20362ead082
mlir/docs/Tutorials/Toy/Ch-3.md	blob	100644	4cde64d781fc72bc8e6cc962be6bac54640297e4
mlir/docs/Tutorials/Toy/Ch-4.md	blob	100644	083a661a968b2d521e152d3d4b1487ed0429b8f2
mlir/docs/Tutorials/Toy/Ch-5.md	blob	100644	17cd6bb412a9ae2cb68142b0d085a5f147aabb90
mlir/docs/Tutorials/Toy/Ch-6.md	blob	100644	4db18b9d1d9811249a46af4855d19870a8f239c1
mlir/docs/Tutorials/Toy/Ch-7.md	blob	100644	0f50c49a5f64d1dd344b1399f81a1aaa4fbe2685
mlir/docs/Tutorials/Toy/_index.md	blob	100644	c93eae3fa52f71f8857946ad03ff514ea3d1bcd6
mlir/docs/Tutorials/UnderstandingTheIRStructure.md	blob	100644	f7c62f23068e9fd6b2b5aada6a36ff87bff2353e
mlir/docs/Tutorials/_index.md	blob	100644	5834e86478769f75afc08bd6981618fe0b32ff0c
mlir/docs/Tutorials/transform/Ch0.md	blob	100644	0d7a70364742daa19813d5a992f4a5d0f9294cc7
mlir/docs/Tutorials/transform/Ch1.md	blob	100644	14bccfbdb0c2bd4d8901ce30f86767440917c2b7
mlir/docs/Tutorials/transform/Ch2.md	blob	100644	08c4e0f9d859cec60c2ecdc402dfc9b30f1e7e93
mlir/docs/Tutorials/transform/Ch3.md	blob	100644	eeab77043a4ee16ace6efe84c65409bf544f852f
mlir/docs/Tutorials/transform/Ch4.md	blob	100644	438493e25123fd00eadfb61a916a305c14caf738
mlir/docs/Tutorials/transform/ChH.md	blob	100644	d2036dc8e97d6f1cfda9ab5d0f0145c8d1b1fbe3
mlir/docs/Tutorials/transform/_index.md	blob	100644	8a5af56254500d5a4a2b56190ff5c7ba24d83149
mlir/docs/doxygen-mainpage.dox	blob	100644	a70654d8ed8b7c032e8b4950067935a0bedc3500
mlir/docs/doxygen.cfg.in	blob	100644	382ea8faaedcea8a1843e21c2e7be61b4a215826
mlir/docs/includes/img/DefUseChains.svg	blob	100644	2d5b75246772abc82bd7c4518b6ade324ff7de8b
mlir/docs/includes/img/Use-list.svg	blob	100644	4840619f067412e0c0c2fa6612270763bffbfb67
mlir/docs/includes/img/bufferization_dealloc_op.svg	blob	100644	3b72ae72c4eb9e3d62a83280602cd4c60117f09d
mlir/docs/includes/img/bufferization_passes.svg	blob	100644	835726569227738f4dbc31a9b76f06e715ccfa06
mlir/docs/includes/img/bufferization_tensor_insert_dst.svg	blob	100644	228b19e92299b8e044a706624c539da4bd264e41
mlir/docs/includes/img/index-map.svg	blob	100644	6004c2da362d1ec39b28cce73db3e937edc89a18
mlir/docs/includes/img/mlir-lsp-server-server_diagram.svg	blob	100644	457705858684d38dfbf7d09dd2b9fb98840b4aeb
mlir/docs/includes/img/view-operation.svg	blob	100644	f4d622ee263ce6db50358d42a34ab0177ea133e7
mlir/examples/CMakeLists.txt	blob	100644	2a1cac34d8c290cbca1a19188f0b460c382aacb9
mlir/examples/minimal-opt/CMakeLists.txt	blob	100644	dea9bd494c8a5b86bff62e081f17e84d71ec5a91
mlir/examples/minimal-opt/README.md	blob	100644	1bc54b8367cc5e8e353fe17bb537e9445ae6209a
mlir/examples/minimal-opt/mlir-cat.cpp	blob	100644	2bc89b807aa4b6be1b4ec7d0d19ad3051e6b048a
mlir/examples/minimal-opt/mlir-minimal-opt-canonicalize.cpp	blob	100644	9aead76dea7920bb231c55b2b6e6ef786049e519
mlir/examples/minimal-opt/mlir-minimal-opt.cpp	blob	100644	8da2dd3c58b0236c8990e4faa5135719dc78cb2b
mlir/examples/standalone/.gitignore	blob	100644	567609b1234a9b8806c5a05da6c866e480aa148d
mlir/examples/standalone/CMakeLists.txt	blob	100644	17d712f6a1064a0aab3f054fb64e708aa9237e1f
mlir/examples/standalone/README.md	blob	100644	6615f66bd1a089e312ed7fa864e335fdfc54fd8e
mlir/examples/standalone/include/CMakeLists.txt	blob	100644	da1107126859d55ddcf36e8f693f48e6164be80a
mlir/examples/standalone/include/Standalone-c/Dialects.h	blob	100644	5aa9e004cb9fe569d2d774f364e5faeef9f60bff
mlir/examples/standalone/include/Standalone/CMakeLists.txt	blob	100644	975a4ffaa2aa0f430d4b79419d5bcd0ef14d1475
mlir/examples/standalone/include/Standalone/StandaloneDialect.h	blob	100644	71bbefbc72c2f42d3e9b69d4cb5caa1f07f74b65
mlir/examples/standalone/include/Standalone/StandaloneDialect.td	blob	100644	598a8dfe35f3bcc909d272233e4edc463d6550c8
mlir/examples/standalone/include/Standalone/StandaloneOps.h	blob	100644	a9006e0de38130d0a339781d14e7d93033c075d0
mlir/examples/standalone/include/Standalone/StandaloneOps.td	blob	100644	9882a25558460e0604a76dcc4558700975f570db
mlir/examples/standalone/include/Standalone/StandalonePasses.h	blob	100644	75546d688fc1a0ce23b964eb8a69d16406a2b277
mlir/examples/standalone/include/Standalone/StandalonePasses.td	blob	100644	d5aad34f2f4574124b170b0889fe30dc97182012
mlir/examples/standalone/include/Standalone/StandaloneTypes.h	blob	100644	681bb5e1a0b5ca570ef9badb4a16630c76038d49
mlir/examples/standalone/include/Standalone/StandaloneTypes.td	blob	100644	05b4c45da476c9c9cb25620e6572bf9d28ae3791
mlir/examples/standalone/lib/CAPI/CMakeLists.txt	blob	100644	3124f55ba0fa69b0a880740ba39df5a8a818f140
mlir/examples/standalone/lib/CAPI/Dialects.cpp	blob	100644	4de55ba48549081a3631e27ce97a640dc7367eed
mlir/examples/standalone/lib/CMakeLists.txt	blob	100644	d91434bf5e62bd76a137a3155b95e5da12050b2c
mlir/examples/standalone/lib/Standalone/CMakeLists.txt	blob	100644	0f1705a25c8c8655c8ad12bd4e832f5918e5e2e4
mlir/examples/standalone/lib/Standalone/StandaloneDialect.cpp	blob	100644	1ea69f9059321ebddc1b1880677da060cb3ee3ca
mlir/examples/standalone/lib/Standalone/StandaloneOps.cpp	blob	100644	55b66b51232f2493697255ff403c6d19f981e289
mlir/examples/standalone/lib/Standalone/StandalonePasses.cpp	blob	100644	8c79a0753793331a77e75edd671eff9fe686616c
mlir/examples/standalone/lib/Standalone/StandaloneTypes.cpp	blob	100644	4ce4e00150f641c1eba8982e49dc0b4ffce6d6a4
mlir/examples/standalone/pyproject.toml	blob	100644	8fe29d6f897c4805f72b36d47a5180fd4da898de
mlir/examples/standalone/python/CMakeLists.txt	blob	100644	6a0d0db6dbf6c81e572eca777cc906814b26b32d
mlir/examples/standalone/python/StandaloneExtensionNanobind.cpp	blob	100644	78c96e8059a8afa37b276e5d6d392b759be8ac12
mlir/examples/standalone/python/mlir_standalone/_mlir_libs/_standaloneDialectsNanobind/py.typed	blob	100644	e69de29bb2d1d6434b8b29ae775ad8c2e48c5391
mlir/examples/standalone/python/mlir_standalone/dialects/StandaloneOps.td	blob	100644	7246582a1b52cd91d76cde939ef35ebac12ce4d8
mlir/examples/standalone/python/mlir_standalone/dialects/standalone_nanobind.py	blob	100644	6218720951c82a6ec453064ccecbcf8988ba74cb
mlir/examples/standalone/standalone-opt/CMakeLists.txt	blob	100644	4b38de7d12fbee1aea4d6b4517baa55b77d2b1b2
mlir/examples/standalone/standalone-opt/standalone-opt.cpp	blob	100644	c46fc01ee1ae0576039d8a4b01d49123f9ba02e6
mlir/examples/standalone/standalone-plugin/CMakeLists.txt	blob	100644	16ac0ccf744592a58052ee98e9d9fc19c649c64b
mlir/examples/standalone/standalone-plugin/standalone-plugin.cpp	blob	100644	d2dcdc96b3cce3377e633134a32a4430252897f1
mlir/examples/standalone/standalone-translate/CMakeLists.txt	blob	100644	ff70c7c46e985154f3c70a850c268e97c99a70d2
mlir/examples/standalone/standalone-translate/standalone-translate.cpp	blob	100644	46b9c77d3324f02be9b17fcfc62cfc0794138499
mlir/examples/standalone/test/CAPI/CMakeLists.txt	blob	100644	9d5cda5eca5fc43873c84700afbff94f1b969e70
mlir/examples/standalone/test/CAPI/lit.local.cfg	blob	100644	bb0c17cdbada78ed695925b1200a2fc38db3514c
mlir/examples/standalone/test/CAPI/standalone-capi-test.c	blob	100644	62add133fd4c53fd9d9d727070e079aa91858141
mlir/examples/standalone/test/CMakeLists.txt	blob	100644	8864563df8a33f9239a29826e019818c5f31ae4d
mlir/examples/standalone/test/Standalone/dummy.mlir	blob	100644	60b169e51a7b499dac2c6c2324e21b9dc7b31d95
mlir/examples/standalone/test/Standalone/standalone-opt.mlir	blob	100644	101f9015f393d59cfbb56aea7a34afecaf3c89d7
mlir/examples/standalone/test/Standalone/standalone-pass-plugin.mlir	blob	100644	3020097dc164043cdacd623b18efd8ac7f113b4a
mlir/examples/standalone/test/Standalone/standalone-plugin.mlir	blob	100644	900b524c1feb7136a2aaecd472e3bfe3054f85bf
mlir/examples/standalone/test/Standalone/standalone-translate.mlir	blob	100644	16d49785ee16c9c4793ed072e2fd94500f490f64
mlir/examples/standalone/test/lit.cfg.py	blob	100644	016563fc569ef4ba48df6af61d711e17e2fb9a38
mlir/examples/standalone/test/lit.site.cfg.py.in	blob	100644	eae93d0b122e395d59ff88bc7207c9b80c7ba4ff
mlir/examples/standalone/test/python/lit.local.cfg	blob	100644	3394f180e51214ea5300f80a36372c959e431509
mlir/examples/standalone/test/python/smoketest.py	blob	100644	4a6be201ad2191386dc960f52dbc6379d5c58988
mlir/examples/toy/CMakeLists.txt	blob	100644	403236a5520289eb82039e557b7cafc6e1b072df
mlir/examples/toy/Ch1/CMakeLists.txt	blob	100644	fd71e1fbd11949f744273d0b1496c7a63d51e9a0
mlir/examples/toy/Ch1/include/toy/AST.h	blob	100644	d2ba101dea5a4125ace0cc38d3e2a801123cab47
mlir/examples/toy/Ch1/include/toy/Lexer.h	blob	100644	d420a7ebbf3b68a742a068a926013438ab6aac99
mlir/examples/toy/Ch1/include/toy/Parser.h	blob	100644	1f20616ac6b4e14344a18574cebeefbfb48669c0
mlir/examples/toy/Ch1/parser/AST.cpp	blob	100644	841642488db681efc1e62004e7dca9f79da52a37
mlir/examples/toy/Ch1/toyc.cpp	blob	100644	b9f3a2d3ae11f9bf63a71952daca759b64bd3cd8
mlir/examples/toy/Ch2/CMakeLists.txt	blob	100644	3fbff2fa2a6792972acccd18d670d8e7b62edc32
mlir/examples/toy/Ch2/include/CMakeLists.txt	blob	100644	37c89d0bae965cfc8665515de7e60ad7867a7d8b
mlir/examples/toy/Ch2/include/toy/AST.h	blob	100644	d2ba101dea5a4125ace0cc38d3e2a801123cab47
mlir/examples/toy/Ch2/include/toy/CMakeLists.txt	blob	100644	301baafb4412ddc8ad8312333c7e00b30cbe625d
mlir/examples/toy/Ch2/include/toy/Dialect.h	blob	100644	292f50ff698a52385231b90a7468d81bdfec34ac
mlir/examples/toy/Ch2/include/toy/Lexer.h	blob	100644	22822cc1059578089d7f56c311c56e5f3463962e
mlir/examples/toy/Ch2/include/toy/MLIRGen.h	blob	100644	fe9dbe55c28b8cbcf03634c834bf5a137cf63f47
mlir/examples/toy/Ch2/include/toy/Ops.td	blob	100644	59106aa1622c979bd16e0d540db4963b953aa069
mlir/examples/toy/Ch2/include/toy/Parser.h	blob	100644	1f20616ac6b4e14344a18574cebeefbfb48669c0
mlir/examples/toy/Ch2/mlir/Dialect.cpp	blob	100644	f86e1e7fc74301ed3e063941129767a426345e02
mlir/examples/toy/Ch2/mlir/MLIRGen.cpp	blob	100644	a9592bcd7814a2c7f11a9779465d50ea0f9103e5
mlir/examples/toy/Ch2/parser/AST.cpp	blob	100644	841642488db681efc1e62004e7dca9f79da52a37
mlir/examples/toy/Ch2/toyc.cpp	blob	100644	a60738da9d4aebcd3e20174cd30a43d11cd45506
mlir/examples/toy/Ch3/CMakeLists.txt	blob	100644	565f3c41c5b80ef6b5f3da4305e6293a4f1b2b32
mlir/examples/toy/Ch3/include/CMakeLists.txt	blob	100644	37c89d0bae965cfc8665515de7e60ad7867a7d8b
mlir/examples/toy/Ch3/include/toy/AST.h	blob	100644	d2ba101dea5a4125ace0cc38d3e2a801123cab47
mlir/examples/toy/Ch3/include/toy/CMakeLists.txt	blob	100644	a233f5d6da08fba759fe7ab23b65cb3f38280048
mlir/examples/toy/Ch3/include/toy/Dialect.h	blob	100644	292f50ff698a52385231b90a7468d81bdfec34ac
mlir/examples/toy/Ch3/include/toy/Lexer.h	blob	100644	22822cc1059578089d7f56c311c56e5f3463962e
mlir/examples/toy/Ch3/include/toy/MLIRGen.h	blob	100644	fe9dbe55c28b8cbcf03634c834bf5a137cf63f47
mlir/examples/toy/Ch3/include/toy/Ops.td	blob	100644	e0e973a96ed886165d0607468415de2b3d04116a
mlir/examples/toy/Ch3/include/toy/Parser.h	blob	100644	1f20616ac6b4e14344a18574cebeefbfb48669c0
mlir/examples/toy/Ch3/mlir/Dialect.cpp	blob	100644	f8aaf20fbd125eca4f680b3da99f51f4963e7759
mlir/examples/toy/Ch3/mlir/MLIRGen.cpp	blob	100644	8c21951948496203e80dfc837c15b43f1e226fc0
mlir/examples/toy/Ch3/mlir/ToyCombine.cpp	blob	100644	f8397c2e0649052de0c6f2fa5fca7cc06bedbd99
mlir/examples/toy/Ch3/mlir/ToyCombine.td	blob	100644	8bd2b442d69f2b473bd356737460d37f767366b1
mlir/examples/toy/Ch3/parser/AST.cpp	blob	100644	841642488db681efc1e62004e7dca9f79da52a37
mlir/examples/toy/Ch3/toyc.cpp	blob	100644	3094935567d94cc14342c84acd8e1a140291cd54
mlir/examples/toy/Ch4/CMakeLists.txt	blob	100644	9d33b7db66b6edcbbd50c11d76f48749df7e4560
mlir/examples/toy/Ch4/include/CMakeLists.txt	blob	100644	37c89d0bae965cfc8665515de7e60ad7867a7d8b
mlir/examples/toy/Ch4/include/toy/AST.h	blob	100644	d2ba101dea5a4125ace0cc38d3e2a801123cab47
mlir/examples/toy/Ch4/include/toy/CMakeLists.txt	blob	100644	acf7e311ffd9221cb6c498f79d8fc1a681e4f7c1
mlir/examples/toy/Ch4/include/toy/Dialect.h	blob	100644	5db325e8fe69c932e7b047bd3f31fa755516b1be
mlir/examples/toy/Ch4/include/toy/Lexer.h	blob	100644	22822cc1059578089d7f56c311c56e5f3463962e
mlir/examples/toy/Ch4/include/toy/MLIRGen.h	blob	100644	fe9dbe55c28b8cbcf03634c834bf5a137cf63f47
mlir/examples/toy/Ch4/include/toy/Ops.td	blob	100644	e43cca419d847e2b6243340be05ceaf9340293a5
mlir/examples/toy/Ch4/include/toy/Parser.h	blob	100644	1f20616ac6b4e14344a18574cebeefbfb48669c0
mlir/examples/toy/Ch4/include/toy/Passes.h	blob	100644	0eafa08f82399179f88fecfc520144c46edf74f0
mlir/examples/toy/Ch4/include/toy/ShapeInferenceInterface.h	blob	100644	cfe5a872e7d6e372e746f182b6afb4ab73454d16
mlir/examples/toy/Ch4/include/toy/ShapeInferenceInterface.td	blob	100644	22790159ed5c6257fae32e304df36fcf679840e9
mlir/examples/toy/Ch4/mlir/Dialect.cpp	blob	100644	f3854d04fe8576f42ccc64342808c83b322658ff
mlir/examples/toy/Ch4/mlir/MLIRGen.cpp	blob	100644	6b7ab40299be59adb22200d3ea27abe9ae53102b
mlir/examples/toy/Ch4/mlir/ShapeInferencePass.cpp	blob	100644	a552e1f08a84a07bbf2e6583fa6e0344784cae61
mlir/examples/toy/Ch4/mlir/ToyCombine.cpp	blob	100644	f8397c2e0649052de0c6f2fa5fca7cc06bedbd99
mlir/examples/toy/Ch4/mlir/ToyCombine.td	blob	100644	11d783150ebe1b401aba87818fcfe45a1bdb3566
mlir/examples/toy/Ch4/parser/AST.cpp	blob	100644	841642488db681efc1e62004e7dca9f79da52a37
mlir/examples/toy/Ch4/toyc.cpp	blob	100644	36816f0327deeb8f7b75773e0b4a556ca7dca57c
mlir/examples/toy/Ch5/CMakeLists.txt	blob	100644	454ca56c2dd47fb199f54a0f285163b263e28b03
mlir/examples/toy/Ch5/include/CMakeLists.txt	blob	100644	37c89d0bae965cfc8665515de7e60ad7867a7d8b
mlir/examples/toy/Ch5/include/toy/AST.h	blob	100644	d2ba101dea5a4125ace0cc38d3e2a801123cab47
mlir/examples/toy/Ch5/include/toy/CMakeLists.txt	blob	100644	7d51dd9c17c73fee889b9315798dd64326844291
mlir/examples/toy/Ch5/include/toy/Dialect.h	blob	100644	5db325e8fe69c932e7b047bd3f31fa755516b1be
mlir/examples/toy/Ch5/include/toy/Lexer.h	blob	100644	22822cc1059578089d7f56c311c56e5f3463962e
mlir/examples/toy/Ch5/include/toy/MLIRGen.h	blob	100644	fe9dbe55c28b8cbcf03634c834bf5a137cf63f47
mlir/examples/toy/Ch5/include/toy/Ops.td	blob	100644	3aecebd98bd461ea7234b33ba62e6564f4454c0a
mlir/examples/toy/Ch5/include/toy/Parser.h	blob	100644	1f20616ac6b4e14344a18574cebeefbfb48669c0
mlir/examples/toy/Ch5/include/toy/Passes.h	blob	100644	02a83cf483036655ca8e829924d4b657268d9b51
mlir/examples/toy/Ch5/include/toy/ShapeInferenceInterface.h	blob	100644	cfe5a872e7d6e372e746f182b6afb4ab73454d16
mlir/examples/toy/Ch5/include/toy/ShapeInferenceInterface.td	blob	100644	22790159ed5c6257fae32e304df36fcf679840e9
mlir/examples/toy/Ch5/mlir/Dialect.cpp	blob	100644	a36cd5c4d673c7eb3a485e4ca5e4a1bbcc37032a
mlir/examples/toy/Ch5/mlir/LowerToAffineLoops.cpp	blob	100644	2969d3a795779f434d9b535728eafe360a1e81dd
mlir/examples/toy/Ch5/mlir/MLIRGen.cpp	blob	100644	6b7ab40299be59adb22200d3ea27abe9ae53102b
mlir/examples/toy/Ch5/mlir/ShapeInferencePass.cpp	blob	100644	a552e1f08a84a07bbf2e6583fa6e0344784cae61
mlir/examples/toy/Ch5/mlir/ToyCombine.cpp	blob	100644	f8397c2e0649052de0c6f2fa5fca7cc06bedbd99
mlir/examples/toy/Ch5/mlir/ToyCombine.td	blob	100644	11d783150ebe1b401aba87818fcfe45a1bdb3566
mlir/examples/toy/Ch5/parser/AST.cpp	blob	100644	841642488db681efc1e62004e7dca9f79da52a37
mlir/examples/toy/Ch5/toyc.cpp	blob	100644	d62a1c0042f625277c70f864cde0d16aad17dbe0
mlir/examples/toy/Ch6/CMakeLists.txt	blob	100644	73df6028329d5ca995341bcec29d495b5021444e
mlir/examples/toy/Ch6/include/CMakeLists.txt	blob	100644	37c89d0bae965cfc8665515de7e60ad7867a7d8b
mlir/examples/toy/Ch6/include/toy/AST.h	blob	100644	d2ba101dea5a4125ace0cc38d3e2a801123cab47
mlir/examples/toy/Ch6/include/toy/CMakeLists.txt	blob	100644	03e8a2a47007886ee79354aba9121e6472173881
mlir/examples/toy/Ch6/include/toy/Dialect.h	blob	100644	5db325e8fe69c932e7b047bd3f31fa755516b1be
mlir/examples/toy/Ch6/include/toy/Lexer.h	blob	100644	22822cc1059578089d7f56c311c56e5f3463962e
mlir/examples/toy/Ch6/include/toy/MLIRGen.h	blob	100644	fe9dbe55c28b8cbcf03634c834bf5a137cf63f47
mlir/examples/toy/Ch6/include/toy/Ops.td	blob	100644	b7818aafb7253652503bf0841adec89c6c198f88
mlir/examples/toy/Ch6/include/toy/Parser.h	blob	100644	1f20616ac6b4e14344a18574cebeefbfb48669c0
mlir/examples/toy/Ch6/include/toy/Passes.h	blob	100644	62471dde46d85c4ad61eef163b59099a6fbc7e26
mlir/examples/toy/Ch6/include/toy/ShapeInferenceInterface.h	blob	100644	cfe5a872e7d6e372e746f182b6afb4ab73454d16
mlir/examples/toy/Ch6/include/toy/ShapeInferenceInterface.td	blob	100644	22790159ed5c6257fae32e304df36fcf679840e9
mlir/examples/toy/Ch6/mlir/Dialect.cpp	blob	100644	a36cd5c4d673c7eb3a485e4ca5e4a1bbcc37032a
mlir/examples/toy/Ch6/mlir/LowerToAffineLoops.cpp	blob	100644	2969d3a795779f434d9b535728eafe360a1e81dd
mlir/examples/toy/Ch6/mlir/LowerToLLVM.cpp	blob	100644	a5192900c92064243bd3c44e40b8f1bc0ce74616
mlir/examples/toy/Ch6/mlir/MLIRGen.cpp	blob	100644	6b7ab40299be59adb22200d3ea27abe9ae53102b
mlir/examples/toy/Ch6/mlir/ShapeInferencePass.cpp	blob	100644	a552e1f08a84a07bbf2e6583fa6e0344784cae61
mlir/examples/toy/Ch6/mlir/ToyCombine.cpp	blob	100644	f8397c2e0649052de0c6f2fa5fca7cc06bedbd99
mlir/examples/toy/Ch6/mlir/ToyCombine.td	blob	100644	11d783150ebe1b401aba87818fcfe45a1bdb3566
mlir/examples/toy/Ch6/parser/AST.cpp	blob	100644	841642488db681efc1e62004e7dca9f79da52a37
mlir/examples/toy/Ch6/toyc.cpp	blob	100644	cfc10a7259180f3a7d8fdfb7f068b6a66cf01e9d
mlir/examples/toy/Ch7/CMakeLists.txt	blob	100644	a489ae5b2d3687d4a283ed8b9e357db2de12453a
mlir/examples/toy/Ch7/include/CMakeLists.txt	blob	100644	37c89d0bae965cfc8665515de7e60ad7867a7d8b
mlir/examples/toy/Ch7/include/toy/AST.h	blob	100644	42d64ed853add8fdb01de785edbd5521d70e20a7
mlir/examples/toy/Ch7/include/toy/CMakeLists.txt	blob	100644	7712e42ad809385ae610aac5075b31023daeadc5
mlir/examples/toy/Ch7/include/toy/Dialect.h	blob	100644	64094c3515915d3e58aef883bbe40ae81f8401d5
mlir/examples/toy/Ch7/include/toy/Lexer.h	blob	100644	f022c2f48ac8e8d81df84f2eaed22a44fe1cc0b8
mlir/examples/toy/Ch7/include/toy/MLIRGen.h	blob	100644	fe9dbe55c28b8cbcf03634c834bf5a137cf63f47
mlir/examples/toy/Ch7/include/toy/Ops.td	blob	100644	3f6c77dd797260b39a33c5c0222a1e0bfaf8997b
mlir/examples/toy/Ch7/include/toy/Parser.h	blob	100644	7ba7b8f8d8e7940c05425ee2c609ec17f7f7b1d0
mlir/examples/toy/Ch7/include/toy/Passes.h	blob	100644	62471dde46d85c4ad61eef163b59099a6fbc7e26
mlir/examples/toy/Ch7/include/toy/ShapeInferenceInterface.h	blob	100644	cfe5a872e7d6e372e746f182b6afb4ab73454d16
mlir/examples/toy/Ch7/include/toy/ShapeInferenceInterface.td	blob	100644	22790159ed5c6257fae32e304df36fcf679840e9
mlir/examples/toy/Ch7/mlir/Dialect.cpp	blob	100644	83dee3f7eb6aba003c954bc4599678f530c4fda0
mlir/examples/toy/Ch7/mlir/LowerToAffineLoops.cpp	blob	100644	cbe4236050f57fafd61e1512b00444cb426be52e
mlir/examples/toy/Ch7/mlir/LowerToLLVM.cpp	blob	100644	cf4732ec96a1da61fcdf54946aae83abbf1b43ea
mlir/examples/toy/Ch7/mlir/MLIRGen.cpp	blob	100644	73133247335dcbba0527192320b63744ddf731a6
mlir/examples/toy/Ch7/mlir/ShapeInferencePass.cpp	blob	100644	a552e1f08a84a07bbf2e6583fa6e0344784cae61
mlir/examples/toy/Ch7/mlir/ToyCombine.cpp	blob	100644	1d8cf744739e1d0c833c34108c0b5c01abde5ae6
mlir/examples/toy/Ch7/mlir/ToyCombine.td	blob	100644	11d783150ebe1b401aba87818fcfe45a1bdb3566
mlir/examples/toy/Ch7/parser/AST.cpp	blob	100644	aa2c7846329c37b1a5f62e2361161572d7d92934
mlir/examples/toy/Ch7/toyc.cpp	blob	100644	ffd94bc8f71778d2afb139b5f1fe0f6f9d7c12da
mlir/examples/toy/README.md	blob	100644	3946a5d406da3e4d84c978aa37f95ab1a2918513
mlir/examples/transform-opt/CMakeLists.txt	blob	100644	07d58f612f3f98b22aed82d7974c4de9d8cbedda
mlir/examples/transform-opt/README.md	blob	100644	e9c8cc0173c7b2c6045625a01b791b35d2982092
mlir/examples/transform-opt/mlir-transform-opt.cpp	blob	100644	4b12e7610d0a8f584a78573358cd26197eec70dd
mlir/examples/transform/CMakeLists.txt	blob	100644	2b4208e4c0f723306455cf2810c6f2f6519eab9f
mlir/examples/transform/Ch2/CMakeLists.txt	blob	100644	56aefefff754c85974d632a8ad935cc9bc3be84b
mlir/examples/transform/Ch2/include/CMakeLists.txt	blob	100644	bb8935153e768c07d3711934f0d15a5c589aa67d
mlir/examples/transform/Ch2/include/MyExtension.h	blob	100644	5ab70a505aee454113c6e81daf5f626a262cd340
mlir/examples/transform/Ch2/include/MyExtension.td	blob	100644	1abd95237055670b1257dbf3cdfed30a3fc47924
mlir/examples/transform/Ch2/lib/CMakeLists.txt	blob	100644	9c2327284292ef5774d545b9c9dc3064c89d5d4c
mlir/examples/transform/Ch2/lib/MyExtension.cpp	blob	100644	796679edc08d13f7912a33f4349c545e4b309d60
mlir/examples/transform/Ch2/transform-opt/transform-opt.cpp	blob	100644	874ad78c7e837781ff0d55595040164cad10e83d
mlir/examples/transform/Ch3/CMakeLists.txt	blob	100644	1bfe18b9c037361e2d2bce3945936cec0a908eb0
mlir/examples/transform/Ch3/include/CMakeLists.txt	blob	100644	59bd3be30538bd4c7cf063ae50636ea09dd17972
mlir/examples/transform/Ch3/include/MyExtension.h	blob	100644	086850403e1c5ba362dbf625b603fc42f6235e71
mlir/examples/transform/Ch3/include/MyExtension.td	blob	100644	49874a70c81785b41d4d80388e7f558062ae51dd
mlir/examples/transform/Ch3/include/MyExtensionTypes.td	blob	100644	8c4b8a9c782b9132bd2ade56e2c8cabb06b22dbb
mlir/examples/transform/Ch3/lib/CMakeLists.txt	blob	100644	2c04a8bab85a2a929445918a01aab16d9f19cae7
mlir/examples/transform/Ch3/lib/MyExtension.cpp	blob	100644	f9234b3a31767f72ddaa29852d08d56bf1e13cbe
mlir/examples/transform/Ch3/transform-opt/transform-opt.cpp	blob	100644	c9150c64a7163d07ac4eb15b475b5eda1dff3752
mlir/examples/transform/Ch4/CMakeLists.txt	blob	100644	c070a04a35a80c1f28811e3d21ffacfe96c60d36
mlir/examples/transform/Ch4/include/CMakeLists.txt	blob	100644	1f960e590529b39d512a608e71f160418ecdf926
mlir/examples/transform/Ch4/include/MyExtension.h	blob	100644	620ec8f398a5a73e9c6778fa6aba43f287327f73
mlir/examples/transform/Ch4/include/MyExtension.td	blob	100644	660680334178d9b15cc28aa95b2393ec54658f36
mlir/examples/transform/Ch4/lib/CMakeLists.txt	blob	100644	33338a679af3cec334ef18573f100af84a571a05
mlir/examples/transform/Ch4/lib/MyExtension.cpp	blob	100644	2159483675fed53f781045c430d5bedd89e7ba00
mlir/examples/transform/Ch4/transform-opt/transform-opt.cpp	blob	100644	03c84bdbccb8bac18a93292700a454a0cf896ed4
mlir/examples/transform/README.md	blob	100644	5109b6400392ddb9ff5fb093f0fa32621c192cb7
mlir/include/mlir-c/AffineExpr.h	blob	100644	161db6266cd305dee4ad9eb0393e7f30c301583a
mlir/include/mlir-c/AffineMap.h	blob	100644	c24c1ced3cbb65d74aec47eea7ccc2593b317320
mlir/include/mlir-c/Bindings/Python/Interop.h	blob	100644	a33190c380d37dee079fd0007045133613929367
mlir/include/mlir-c/BuiltinAttributes.h	blob	100644	5619970a1117a36a544847ca002904f51d624551
mlir/include/mlir-c/BuiltinTypes.h	blob	100644	0a56f126a6c131cbbd4a15c285c0570cc8950302
mlir/include/mlir-c/Conversion.h	blob	100644	88c5143ad4f05c689cbfc4c783a003fd1bac24eb
mlir/include/mlir-c/Debug.h	blob	100644	7dad73500858dd4100c36ebead1ec27d1f122928
mlir/include/mlir-c/Diagnostics.h	blob	100644	884c67942ef65988a089377e45b2180d3f22abed
mlir/include/mlir-c/Dialect/AMDGPU.h	blob	100644	8b98eebf3b201250fea46333b416f7361185f2cf
mlir/include/mlir-c/Dialect/Affine.h	blob	100644	a5359c7ffc157ec2850082c9881c9fb35f783ff1
mlir/include/mlir-c/Dialect/Arith.h	blob	100644	af2e7c2e69287ced4b90e717d8094a63390d1959
mlir/include/mlir-c/Dialect/ArmNeon.h	blob	100644	fdc859d9ff631b0b8625b3cea29f23769a4e678a
mlir/include/mlir-c/Dialect/ArmSME.h	blob	100644	e3c628f3a6df9319230cf0e4eb1d6e41dd2b4b6e
mlir/include/mlir-c/Dialect/ArmSVE.h	blob	100644	e9d63572c6ffff491d9f050ceeb23f08053ca910
mlir/include/mlir-c/Dialect/Async.h	blob	100644	e4e32f86a218bf8b52bf78d9cf38ed571fa9fb6f
mlir/include/mlir-c/Dialect/Bufferization.h	blob	100644	1bdbd146030288772b846729b9d0e9c2d2cb20e0
mlir/include/mlir-c/Dialect/Complex.h	blob	100644	777b77d4b72fe9707bf74fac8e38580a33624485
mlir/include/mlir-c/Dialect/ControlFlow.h	blob	100644	6d5ff8c3d82b721711e033f6296d90843ffe3c7e
mlir/include/mlir-c/Dialect/DLTI.h	blob	100644	d0f79d9c4bc6a746a0de74fc37b4417e3a9656c0
mlir/include/mlir-c/Dialect/EmitC.h	blob	100644	67b01a031efd905c6f1e6a479d8e6963ca24cf56
mlir/include/mlir-c/Dialect/Func.h	blob	100644	30204273bc774259f94d9efef022aa957df64ea4
mlir/include/mlir-c/Dialect/GPU.h	blob	100644	f87ac9924d355f8a6c11920b33ec36604738d9d1
mlir/include/mlir-c/Dialect/IRDL.h	blob	100644	16d1bc54822625c7c7a3dcf7b265bbffb785eddd
mlir/include/mlir-c/Dialect/Index.h	blob	100644	3f05694acf7a7163eb92cad3eb908f97357b56e0
mlir/include/mlir-c/Dialect/LLVM.h	blob	100644	5c8e24bef379838cd59a2c279f7dd3ac6c4c087b
mlir/include/mlir-c/Dialect/Linalg.h	blob	100644	b75b9e9490f0007c7ada27bf9145f15bf2f6d955
mlir/include/mlir-c/Dialect/MLProgram.h	blob	100644	df3a1f28e6ac649baab583544281dac0d3fb7c0b
mlir/include/mlir-c/Dialect/MPI.h	blob	100644	c90c3db7bdcc6f4596958e84582d64ead70744a4
mlir/include/mlir-c/Dialect/Math.h	blob	100644	5dd975f1a86a4cba6d099283ff1ed29c80854329
mlir/include/mlir-c/Dialect/MemRef.h	blob	100644	327fe25143f8e8e8788ec23a689a88be6c142fe5
mlir/include/mlir-c/Dialect/NVGPU.h	blob	100644	115c73d394209a4305cdf153d4facf8ad54166d4
mlir/include/mlir-c/Dialect/NVVM.h	blob	100644	cf5d9301d4b284a7915343c6ab17bc151c183c44
mlir/include/mlir-c/Dialect/OpenACC.h	blob	100644	d552b8561b8d2861a0270dacdda48391c9cbc11b
mlir/include/mlir-c/Dialect/OpenMP.h	blob	100644	719ed702aad29acda57ed15215e08400a09cab3a
mlir/include/mlir-c/Dialect/PDL.h	blob	100644	e247c770438c605c4c98621afb619bb8b2b730dd
mlir/include/mlir-c/Dialect/PDLInterp.h	blob	100644	7212196f0168b077bbc558977dc4ae6b07e78973
mlir/include/mlir-c/Dialect/Ptr.h	blob	100644	ef3cf35fb1456520440ac62d05b69004d1ac548e
mlir/include/mlir-c/Dialect/Quant.h	blob	100644	ced5a75321631eab2b2a1d1c3e74909ee19ab698
mlir/include/mlir-c/Dialect/ROCDL.h	blob	100644	e5dbb55b581878c256c8aaa0c325db86c11a5761
mlir/include/mlir-c/Dialect/SCF.h	blob	100644	4d536b004f5eef36c0c04b72156f9c5b0617ce38
mlir/include/mlir-c/Dialect/SMT.h	blob	100644	a289172b9d0f2e7ee25572945e506b7ef866351d
mlir/include/mlir-c/Dialect/SPIRV.h	blob	100644	8b3af0f39b8b8c81c41170b7b1034bdaa5ab72b8
mlir/include/mlir-c/Dialect/Shape.h	blob	100644	5681fdf8cbe4ce638b7d2d24901fb086a465bf04
mlir/include/mlir-c/Dialect/Shard.h	blob	100644	ba85a80f2144f77d5b879b575a91ea4128cf6b84
mlir/include/mlir-c/Dialect/SparseTensor.h	blob	100644	60ae49f37d65385b4dd7eff796f7370def2b4484
mlir/include/mlir-c/Dialect/Tensor.h	blob	100644	6fb52fa00177cd974ba3bb042121b70f88988589
mlir/include/mlir-c/Dialect/Tosa.h	blob	100644	8550f47ee0bbfccbd63121df9b54186be86fd6cb
mlir/include/mlir-c/Dialect/Transform.h	blob	100644	fc8ede36ad046198e99e4d1d4d431e423bae59a6
mlir/include/mlir-c/Dialect/Transform/Interpreter.h	blob	100644	fa320324234e8ddc627db4d6c88603bc937c9271
mlir/include/mlir-c/Dialect/UB.h	blob	100644	e9d64348a172762e271483ca78a25463d0c9869a
mlir/include/mlir-c/Dialect/VCIX.h	blob	100644	d0201633cc82fc98d175c876d76b9d43917d2c91
mlir/include/mlir-c/Dialect/Vector.h	blob	100644	0afb93b0d175e7513563738a8f16e73e2f427756
mlir/include/mlir-c/Dialect/WasmSSA.h	blob	100644	76ddb90469478bb83927b8d44a42fc33a11f17b3
mlir/include/mlir-c/Dialect/X86.h	blob	100644	6973fba33ebd65029843f811d43f7ef95f5cb11c
mlir/include/mlir-c/Dialect/XeGPU.h	blob	100644	7faf7297a141f4eabc631d66be274278e948cd64
mlir/include/mlir-c/Dialect/XeVM.h	blob	100644	d8560d1c279cc538b5bddebdf094830f0785756a
mlir/include/mlir-c/Dominance.h	blob	100644	0923e227c0b346bd036fe10b252cde7b881db1d8
mlir/include/mlir-c/ExecutionEngine.h	blob	100644	2a81798bdbf379d80d21e892b47ee9716f761fe2
mlir/include/mlir-c/ExtensibleDialect.h	blob	100644	f787ff8dd20c1463cf07708ee89444379cc6cd8b
mlir/include/mlir-c/IR.h	blob	100644	7e9be934742964ae9ee1fdba727d1da013796e5d
mlir/include/mlir-c/IntegerSet.h	blob	100644	058be414d2ee2384e2b4929e0482c4055629da90
mlir/include/mlir-c/Interfaces.h	blob	100644	e35aae955da929fde87a9b11cd5d2dd7580a3870
mlir/include/mlir-c/Pass.h	blob	100644	1f63c6d0dcab806b367c3fdc86f0b8466c498f16
mlir/include/mlir-c/RegisterEverything.h	blob	100644	ea2ea86449727e88b3cb77c10e7ed3ea9a0872cb
mlir/include/mlir-c/Rewrite.h	blob	100644	0e5562477d4f430231b8363d657a850cd26feea6
mlir/include/mlir-c/Support.h	blob	100644	50cb65e0ac7f532d516198e08b6708de21aeafc8
mlir/include/mlir-c/Target/ExportSMTLIB.h	blob	100644	f6a52940e0ab670239b9da2e9ff6eef7d41d2c93
mlir/include/mlir-c/Target/LLVMIR.h	blob	100644	ec5ae88d485dccc33eee8c606a67cfa17438f752
mlir/include/mlir-c/Transforms.h	blob	100644	715de3ee4296d98b634ca3ca50965195e83372eb
mlir/include/mlir/ABI/ABIRewriteContext.h	blob	100644	93cbad44a224d9c40972ef204e6966c69d53eb8a
mlir/include/mlir/ABI/ABITypeMapper.h	blob	100644	2499e910ca79772ba8f3ed00a06df60afc9ce749
mlir/include/mlir/ABI/Targets/Test/TestTarget.h	blob	100644	8bf949bf3b67f04d0a82b49f69d8648e74e37e2b
mlir/include/mlir/Analysis/AliasAnalysis.h	blob	100644	0fdcf01d9b6a38713c1a293cf0ada7fb157d83ef
mlir/include/mlir/Analysis/AliasAnalysis/LocalAliasAnalysis.h	blob	100644	a9b4d5b2b66e52990dcab7f5b16faf2cf592db92
mlir/include/mlir/Analysis/CFGLoopInfo.h	blob	100644	7060a9df7de2ddc977adc3020fdf9e42e22e1ef5
mlir/include/mlir/Analysis/CallGraph.h	blob	100644	9808aea1239cfb91a60fa2a3e199f46a3b52772f
mlir/include/mlir/Analysis/DataFlow/ConstantPropagationAnalysis.h	blob	100644	d2d4ff9960ea36761a5c6ea590259bed987c1520
mlir/include/mlir/Analysis/DataFlow/DeadCodeAnalysis.h	blob	100644	3b2914cdd4c981ba60e85f285c604da3044607b1
mlir/include/mlir/Analysis/DataFlow/DenseAnalysis.h	blob	100644	82f86d06886b614dbe27ad71af0d10a7dfc23a2d
mlir/include/mlir/Analysis/DataFlow/IntegerDivisibilityAnalysis.h	blob	100644	3a877647490a3158bf0ad3516dc146ec234e113b
mlir/include/mlir/Analysis/DataFlow/IntegerRangeAnalysis.h	blob	100644	8d75c4016355b82d5dfc231b4f4706ec4d39d7f1
mlir/include/mlir/Analysis/DataFlow/LivenessAnalysis.h	blob	100644	90947d06e7999f6ea8f914df5ea4fc47d117e8d1
mlir/include/mlir/Analysis/DataFlow/SparseAnalysis.h	blob	100644	df50d8d193aebeaa59a77e2eb26aaa80415a1035
mlir/include/mlir/Analysis/DataFlow/StridedMetadataRangeAnalysis.h	blob	100644	72ac2477435dbc8d97cd28ee2baccf3d7e03322f
mlir/include/mlir/Analysis/DataFlow/Utils.h	blob	100644	e97f2f70f609ce4bd10a83b244c1dd8ba65aa6cb
mlir/include/mlir/Analysis/DataFlowFramework.h	blob	100644	69485fe4c53f814d15bbfe6bbc142a20d08d535b
mlir/include/mlir/Analysis/DataLayoutAnalysis.h	blob	100644	cba7ee1b0169268d262959cb7fd6b2e587192ef7
mlir/include/mlir/Analysis/FlatLinearValueConstraints.h	blob	100644	23c7418fd13a27a639956169d88a5132414398c9
mlir/include/mlir/Analysis/Liveness.h	blob	100644	ca4d8dfab3c919a837b09675c4b6f453ae3b2e86
mlir/include/mlir/Analysis/Presburger/Barvinok.h	blob	100644	b09617f0fe88e5a588bf0d1ce5006b3f4daf2378
mlir/include/mlir/Analysis/Presburger/Fraction.h	blob	100644	585a6d48506d245e610d7942ff869ee54f31fe16
mlir/include/mlir/Analysis/Presburger/GeneratingFunction.h	blob	100644	419d9e02cbeb19e0f66a37716dad61cd7f3d222e
mlir/include/mlir/Analysis/Presburger/IntegerRelation.h	blob	100644	4b13085eceddfc4e8d4e60cae76269bbe3d60eb9
mlir/include/mlir/Analysis/Presburger/LinearTransform.h	blob	100644	eeac9f1dc39385517b6a79b9b26366c1a320d4e3
mlir/include/mlir/Analysis/Presburger/Matrix.h	blob	100644	96afef1bd3105f2d636a3690d81ae68706bda504
mlir/include/mlir/Analysis/Presburger/PWMAFunction.h	blob	100644	fcc39bf0e0537d810fedca24f0025dda3a903739
mlir/include/mlir/Analysis/Presburger/PresburgerRelation.h	blob	100644	f7e06a6b22a95d8686926fd53729ea8ea0920aad
mlir/include/mlir/Analysis/Presburger/PresburgerSpace.h	blob	100644	c7808e72014706c0897c38a4681e3d77a53079e5
mlir/include/mlir/Analysis/Presburger/QuasiPolynomial.h	blob	100644	5a0962df89d37a407497f9a998ffebd2c86130bb
mlir/include/mlir/Analysis/Presburger/Simplex.h	blob	100644	d89bbe37a6b3e0cb760eb4b7bec1779d796438ac
mlir/include/mlir/Analysis/Presburger/Utils.h	blob	100644	0e6d18279d67ed5a6cd0cd5fd4d1f77110281b19
mlir/include/mlir/Analysis/SliceAnalysis.h	blob	100644	18349d071bb2e4ca01ddb67065261d3104eafb91
mlir/include/mlir/Analysis/SliceWalk.h	blob	100644	eb9ced2ff63b68d2c9a4d0e0a4672816044d8e1f
mlir/include/mlir/Analysis/SymbolTableAnalysis.h	blob	100644	145627e43aee1232c0972d0d8d8a15ab52552575
mlir/include/mlir/Analysis/TopologicalSortUtils.h	blob	100644	ee98cd8cb380e4d539e89a8cca54f24adf7e0465
mlir/include/mlir/AsmParser/AsmParser.h	blob	100644	33daf7ca26f49ed2bbf15aa6f375d5fe1ca531be
mlir/include/mlir/AsmParser/AsmParserState.h	blob	100644	e47cb32ee4027fa62f228425f419ee8431437dac
mlir/include/mlir/AsmParser/CodeComplete.h	blob	100644	e59fe66826b7c9ce0da58c0dad63512b549a8cd5
mlir/include/mlir/Bindings/Python/Diagnostics.h	blob	100644	b18f5673f0e3b8870e7c904a41e87053f7f16126
mlir/include/mlir/Bindings/Python/Globals.h	blob	100644	87f63579392854833763e0c63282f2b8136919ba
mlir/include/mlir/Bindings/Python/IRAttributes.h	blob	100644	fbebea40f1ac8e3c6a5f7e70bbd7e6c3d6ade938
mlir/include/mlir/Bindings/Python/IRCore.h	blob	100644	b28e6ec606d521d6690ac6d278b1a88897eb27cb
mlir/include/mlir/Bindings/Python/IRInterfaces.h	blob	100644	ab8c70c4a4c82d89ee6ad70725648348edc3f332
mlir/include/mlir/Bindings/Python/IRTypes.h	blob	100644	2cd18099d55c4069beb63081f0cea330dd65efb9
mlir/include/mlir/Bindings/Python/Nanobind.h	blob	100644	f7cf8fd38981dcd39d3d77ba87e01d834fd9bf4f
mlir/include/mlir/Bindings/Python/NanobindAdaptors.h	blob	100644	68329e580975c34c22c964b02e661ba30d15080b
mlir/include/mlir/Bindings/Python/NanobindUtils.h	blob	100644	4f3dd7446b588668876801aa089a5d63af214915
mlir/include/mlir/Bindings/Python/PythonBindings.td	blob	100644	b652b1381b6d65869f52442fbfad02a8e3fc33be
mlir/include/mlir/Bytecode/BytecodeDialectInterface.td	blob	100644	f06715e2339604592fff744345dc09f2e1e0915b
mlir/include/mlir/Bytecode/BytecodeImplementation.h	blob	100644	93045439d2ba45d0bada0d09bc0e395fbbd77921
mlir/include/mlir/Bytecode/BytecodeOpInterface.h	blob	100644	98f1fee7f9d3a982415bf5606572fcc449fe0cd5
mlir/include/mlir/Bytecode/BytecodeOpInterface.td	blob	100644	54fb03e34ec5111c1a1a82815a0a2cbfe8f8e736
mlir/include/mlir/Bytecode/BytecodeReader.h	blob	100644	19f74a0750cc90df499edb6c9d6cbdaba4894996
mlir/include/mlir/Bytecode/BytecodeReaderConfig.h	blob	100644	c473b5779130f61aa87f519db6ad5c36cceff772
mlir/include/mlir/Bytecode/BytecodeWriter.h	blob	100644	8b883e32831a2a8c7874d20be0851b515dcb90a6
mlir/include/mlir/Bytecode/CMakeLists.txt	blob	100644	1e29c467c69eef60fa80854e400c43981791f2bf
mlir/include/mlir/Bytecode/Encoding.h	blob	100644	ac3826929ce7c1c6749c820c573db657642633a6
mlir/include/mlir/CAPI/AffineExpr.h	blob	100644	a31a0535c075842410bd110bf85deb61cd0a2c6d
mlir/include/mlir/CAPI/AffineMap.h	blob	100644	cea48ffae8b6d80686b8f10fd498a99333466c4d
mlir/include/mlir/CAPI/Diagnostics.h	blob	100644	a632b9b99499b28244df14563abf9ae284472bdb
mlir/include/mlir/CAPI/Dialect/Transform.h	blob	100644	792236cd8601fe6178c8f5d8da54f5ca6a1c64d1
mlir/include/mlir/CAPI/Dominance.h	blob	100644	b710087f32426e3ce39caf014261876be3969c0a
mlir/include/mlir/CAPI/ExecutionEngine.h	blob	100644	034c59f5847780343003991ed32c0ee63eb37a02
mlir/include/mlir/CAPI/IR.h	blob	100644	1836cb0acb67e7eeabd01ac85b03206461bad61d
mlir/include/mlir/CAPI/IRMapping.h	blob	100644	dc0a76490d8a690f78f7b040cbcf1f32367f2e6f
mlir/include/mlir/CAPI/IntegerSet.h	blob	100644	bb7f899042d8fd0b08f3742d8ab47eec9e39d21e
mlir/include/mlir/CAPI/Interfaces.h	blob	100644	1d18f6f7d64a8c1ad4e52161fc78e765b4a1956e
mlir/include/mlir/CAPI/Pass.h	blob	100644	f895da0c8257f50a5c9200be77ca5d5a1f7737a0
mlir/include/mlir/CAPI/Registration.h	blob	100644	355c4bcfeabcc9ee3ef1a6bcdda2f6449f3d6dee
mlir/include/mlir/CAPI/Rewrite.h	blob	100644	a172f59b3e3ce08d695441e6bd9d7d42cd924434
mlir/include/mlir/CAPI/Support.h	blob	100644	0951175c428d2bc25e530dd0db05cf4da5c34fd6
mlir/include/mlir/CAPI/Utils.h	blob	100644	d78cdbf31dbda93508ac5fb17812f35084b68bc3
mlir/include/mlir/CAPI/Wrap.h	blob	100644	48363fdccbc95925cefefaa7e78d5d01a3662bb4
mlir/include/mlir/CMakeLists.txt	blob	100644	f88a35ba1efc7cac5c7d1ff45c8d570680c2ac88
mlir/include/mlir/Config/mlir-config.h.cmake	blob	100644	3013ec4ba5637f738c9950df49365cd1a9d3ac72
mlir/include/mlir/Conversion/AMDGPUToROCDL/AMDGPUToROCDL.h	blob	100644	393658652dbac426eedbd0442b92638938af365f
mlir/include/mlir/Conversion/AffineToStandard/AffineToStandard.h	blob	100644	2811d5e4a0f84921989baefaeb6c15afbb523a7e
mlir/include/mlir/Conversion/ArithAndMathToAPFloat/ArithToAPFloat.h	blob	100644	6702aca045ba477df81507d75e917cc9caae6404
mlir/include/mlir/Conversion/ArithAndMathToAPFloat/MathToAPFloat.h	blob	100644	6cb44c89ecebb772dd248e76dcbf9003344b0585
mlir/include/mlir/Conversion/ArithCommon/AttrToLLVMConverter.h	blob	100644	23a4ef863b53203dc25d3a918e45ccd3680060bc
mlir/include/mlir/Conversion/ArithToAMDGPU/ArithToAMDGPU.h	blob	100644	fd144edf77452a161125cd07aaea3272cd12fb17
mlir/include/mlir/Conversion/ArithToArmSME/ArithToArmSME.h	blob	100644	012e7fb5b0af2f8835526a4da7429ac79e3abe9a
mlir/include/mlir/Conversion/ArithToEmitC/ArithToEmitC.h	blob	100644	0dfd1412141801d80bdf6431ccc612c8396a3467
mlir/include/mlir/Conversion/ArithToEmitC/ArithToEmitCPass.h	blob	100644	6b98fed7185eada8f5e027d6b9941b10b054853d
mlir/include/mlir/Conversion/ArithToLLVM/ArithToLLVM.h	blob	100644	173fea7c352d93df11a846d5a5726abd1c7df6a4
mlir/include/mlir/Conversion/ArithToSPIRV/ArithToSPIRV.h	blob	100644	1a6ba1cf0db08d306b555039c2198a7626a9d476
mlir/include/mlir/Conversion/ArmNeon2dToIntr/ArmNeon2dToIntr.h	blob	100644	860880bcd4a4c301ee11ea578e04c650ba11603a
mlir/include/mlir/Conversion/ArmSMEToLLVM/ArmSMEToLLVM.h	blob	100644	403f811a2569a05aa878475e2c068ba82849d706
mlir/include/mlir/Conversion/ArmSMEToSCF/ArmSMEToSCF.h	blob	100644	0b9b066690b66c2c3f03ed628c109bbfad3d73cc
mlir/include/mlir/Conversion/AsyncToLLVM/AsyncToLLVM.h	blob	100644	60441f9faaa60e6fd0e91cb76fa5ac2e1590bd28
mlir/include/mlir/Conversion/BufferizationToMemRef/BufferizationToMemRef.h	blob	100644	4beb0a5c3ec59812aa34c5f3ad45929f09ffd5e9
mlir/include/mlir/Conversion/CMakeLists.txt	blob	100644	209f35d3774ec9b326e681ec034bc4e202c6f088
mlir/include/mlir/Conversion/ComplexCommon/DivisionConverter.h	blob	100644	2ff60937241eefcd510ccab36168a987c76cd8a8
mlir/include/mlir/Conversion/ComplexToLLVM/ComplexToLLVM.h	blob	100644	1db75563fe304b6cfa45d39621b8fdeb096358a3
mlir/include/mlir/Conversion/ComplexToLibm/ComplexToLibm.h	blob	100644	475d0f3ce610b386705e97ef6fe623b74e6a3730
mlir/include/mlir/Conversion/ComplexToROCDLLibraryCalls/ComplexToROCDLLibraryCalls.h	blob	100644	daac2a99ed80f57c219f0a7da4bae3ab0f43a5d0
mlir/include/mlir/Conversion/ComplexToSPIRV/ComplexToSPIRV.h	blob	100644	777481f00b3592f579fc941e2ca7dca9bc89d0b4
mlir/include/mlir/Conversion/ComplexToSPIRV/ComplexToSPIRVPass.h	blob	100644	7644bb4953942a6b0f2c8150a66978744f050ab9
mlir/include/mlir/Conversion/ComplexToStandard/ComplexToStandard.h	blob	100644	509a68314f987431b18a23b1799c98fbc2e04c0e
mlir/include/mlir/Conversion/ControlFlowToLLVM/ControlFlowToLLVM.h	blob	100644	2dfb6b03bcfcd1dd78846d65514ee1bb18333a0a
mlir/include/mlir/Conversion/ControlFlowToSCF/ControlFlowToSCF.h	blob	100644	9d140af927b51be8597036573f2891e9cf4c4eb7
mlir/include/mlir/Conversion/ControlFlowToSPIRV/ControlFlowToSPIRV.h	blob	100644	6de46960ff8029dd24a7b169285b124f20e1d0a6
mlir/include/mlir/Conversion/ControlFlowToSPIRV/ControlFlowToSPIRVPass.h	blob	100644	eb8c79291e3673d2f47db29e5f01340595f3772b
mlir/include/mlir/Conversion/ConvertToEmitC/CMakeLists.txt	blob	100644	d748d3bde2b76a7b5914fc9a7ae7733c729fe9c6
mlir/include/mlir/Conversion/ConvertToEmitC/ConvertToEmitCPass.h	blob	100644	ffced8366fd199c8923253d93cf532349a3d01cd
mlir/include/mlir/Conversion/ConvertToEmitC/ConvertToEmitCPatternInterface.td	blob	100644	9f494097e42514376709f95c773797f438de71b7
mlir/include/mlir/Conversion/ConvertToEmitC/ToEmitCInterface.h	blob	100644	1532f89984ea7d697abd793c831fb80fe7577c76
mlir/include/mlir/Conversion/ConvertToLLVM/CMakeLists.txt	blob	100644	be9eac921f2a5c0194aae86216b6154fa3d6d630
mlir/include/mlir/Conversion/ConvertToLLVM/ToLLVMInterface.h	blob	100644	9b72a65dd02036b68f45a4d8e1bf6e5e75b98833
mlir/include/mlir/Conversion/ConvertToLLVM/ToLLVMInterface.td	blob	100644	d597821058be2a6c71855751c75b70023a650d6f
mlir/include/mlir/Conversion/ConvertToLLVM/ToLLVMPass.h	blob	100644	7de03500f8aaa0ece92e0659eaacb7c76f007598
mlir/include/mlir/Conversion/EmitCCommon/TypeConverter.h	blob	100644	9db077d66284672808732da24afd97fc8b134047
mlir/include/mlir/Conversion/FuncToEmitC/FuncToEmitC.h	blob	100644	5e9e09bb14d74dbbba6e5e757b4de51f67a2daf9
mlir/include/mlir/Conversion/FuncToEmitC/FuncToEmitCPass.h	blob	100644	65936703ee13e6d825c451922dd280b8dc05bf5d
mlir/include/mlir/Conversion/FuncToLLVM/ConvertFuncToLLVM.h	blob	100644	e530b0a43b8e025c10e243eb34c10fa7d909624c
mlir/include/mlir/Conversion/FuncToLLVM/ConvertFuncToLLVMPass.h	blob	100644	07a3d9668e6283dd6ae9adf43ed1ad1486162334
mlir/include/mlir/Conversion/FuncToSPIRV/FuncToSPIRV.h	blob	100644	68728755a2fbdbd402270a4b82c99d1255f28933
mlir/include/mlir/Conversion/FuncToSPIRV/FuncToSPIRVPass.h	blob	100644	d903e8e20bc1e5529a98408305e73e1b777bc38a
mlir/include/mlir/Conversion/GPUCommon/AttrToSPIRVConverter.h	blob	100644	e1dcedba094c03d567eb00c9e5f98a90d0d24236
mlir/include/mlir/Conversion/GPUCommon/GPUCommonPass.h	blob	100644	25b094ebdecb211210e0bfe870a16acda3645339
mlir/include/mlir/Conversion/GPUCommon/GPUToLLVM.h	blob	100644	ad8c39fe676618c9525201dafe804cd8fa9f7fb3
mlir/include/mlir/Conversion/GPUToLLVMSPV/GPUToLLVMSPVPass.h	blob	100644	3bf30ae99f2bf1c0fdf1c5fba92fb9303ceb4f2e
mlir/include/mlir/Conversion/GPUToNVVM/GPUToNVVM.h	blob	100644	6311630a23c8f692d738b0d2cff6eec6ce495a5b
mlir/include/mlir/Conversion/GPUToNVVM/GPUToNVVMPass.h	blob	100644	9d85f04b40c72d4a5521b454d8127e8541d54002
mlir/include/mlir/Conversion/GPUToROCDL/GPUToROCDLPass.h	blob	100644	220da0ad3c08fec9fbe54c6d908c5bfa52029921
mlir/include/mlir/Conversion/GPUToROCDL/Runtimes.h	blob	100644	da47d4cf97e7ec1a62365174f4a3544f8fe5a2c8
mlir/include/mlir/Conversion/GPUToSPIRV/GPUToSPIRV.h	blob	100644	75d3050bc95d9cd31b12e412841d64b79cef785f
mlir/include/mlir/Conversion/GPUToSPIRV/GPUToSPIRVPass.h	blob	100644	b1a6de01111106846380d5b6359247a24c7f4f8f
mlir/include/mlir/Conversion/IndexToLLVM/IndexToLLVM.h	blob	100644	16d3d74b135588bd8bd908ddfc1c283c4512cd74
mlir/include/mlir/Conversion/IndexToSPIRV/IndexToSPIRV.h	blob	100644	e5e7d3318a871736f4e1fd3b77843b0636071f9b
mlir/include/mlir/Conversion/LLVMCommon/ConversionTarget.h	blob	100644	facd9f4e7e4e6051486f21df7a175f81666cdf6e
mlir/include/mlir/Conversion/LLVMCommon/LowerFunctionDiscardablesToLLVM.h	blob	100644	c936cbded29690a392eaabd2703b15e750edb21c
mlir/include/mlir/Conversion/LLVMCommon/LoweringOptions.h	blob	100644	c94892fd4f8164ce20d6e69e6c6e1c42aa35d0fe
mlir/include/mlir/Conversion/LLVMCommon/MemRefBuilder.h	blob	100644	8e86808cc424af83d3684b75c0b89862665a7ae5
mlir/include/mlir/Conversion/LLVMCommon/Pattern.h	blob	100644	d9464d4dce066b98ff823b09736a125edb29a646
mlir/include/mlir/Conversion/LLVMCommon/PrintCallHelper.h	blob	100644	d7de40555bb6a9336a3668af182110eb8bd670a8
mlir/include/mlir/Conversion/LLVMCommon/StructBuilder.h	blob	100644	b6ff1d13abf1dae11c4de70df9be596238fccd88
mlir/include/mlir/Conversion/LLVMCommon/TypeConverter.h	blob	100644	2096bcb9896a5136796ad6ac79ce318cbaabca1e
mlir/include/mlir/Conversion/LLVMCommon/VectorPattern.h	blob	100644	fdc787d84383eea3769d83e5666d945aabec10d9
mlir/include/mlir/Conversion/LinalgToStandard/LinalgToStandard.h	blob	100644	51b14953a95a7e28e1207b297c73419e38fbdf28
mlir/include/mlir/Conversion/MPIToLLVM/MPIToLLVM.h	blob	100644	3bae3a5f2224851525c16fb3047434041577e093
mlir/include/mlir/Conversion/MathToEmitC/MathToEmitC.h	blob	100644	f6b91c8d9f4132fd475f914efe09084642f03f2d
mlir/include/mlir/Conversion/MathToEmitC/MathToEmitCPass.h	blob	100644	c3861db7764c358f43a3aa54ec07bb1fa25537ff
mlir/include/mlir/Conversion/MathToFuncs/MathToFuncs.h	blob	100644	d2fa66dd655c4b6e1dc50ee9b9cfc2723ac4b6b2
mlir/include/mlir/Conversion/MathToLLVM/MathToLLVM.h	blob	100644	0c1203e1e3c0e35d0e857655f99fa5d973ee1362
mlir/include/mlir/Conversion/MathToLibm/MathToLibm.h	blob	100644	75f077d9ab2865a099ee9bdd9fb315090d0f01b4
mlir/include/mlir/Conversion/MathToNVVM/MathToNVVM.h	blob	100644	856206810777bd0edc443b8d82ff6abf955794dc
mlir/include/mlir/Conversion/MathToROCDL/MathToROCDL.h	blob	100644	60f1888569362be2712876177dbc1b8c270eb2d0
mlir/include/mlir/Conversion/MathToSPIRV/MathToSPIRV.h	blob	100644	452b3f5df931e11cf4951ee575fa1f1f47a5602f
mlir/include/mlir/Conversion/MathToSPIRV/MathToSPIRVPass.h	blob	100644	bd6431ad8462379ec4d03ed18cc98f8ddfc20b8b
mlir/include/mlir/Conversion/MathToXeVM/MathToXeVM.h	blob	100644	1bc6b095f9ad06f7f63ef8535d15193cac6d2ddd
mlir/include/mlir/Conversion/MemRefToEmitC/MemRefToEmitC.h	blob	100644	061cf842e28ae5e4d2dd9a555ae10d163cdf1db8
mlir/include/mlir/Conversion/MemRefToEmitC/MemRefToEmitCPass.h	blob	100644	4a63014c19ad0e0bb0eaf69517c1accb9e30e36f
mlir/include/mlir/Conversion/MemRefToLLVM/MemRefToLLVM.h	blob	100644	e93d5bdce7bf21a0f471230f99992830e68d56be
mlir/include/mlir/Conversion/MemRefToSPIRV/MemRefToSPIRV.h	blob	100644	4aa2bac98a7bb93b8c6c4e92141908e6b32b47d1
mlir/include/mlir/Conversion/MemRefToSPIRV/MemRefToSPIRVPass.h	blob	100644	3df54fd8a47bd7c86168a2459180b2a24027b9fe
mlir/include/mlir/Conversion/NVGPUToNVVM/NVGPUToNVVM.h	blob	100644	bcdf58aec4bb9da47c67f0a5b517a997df583b9a
mlir/include/mlir/Conversion/NVVMToLLVM/NVVMToLLVM.h	blob	100644	ee93d73358ef7f940fdcd51bb0f19d36188bf967
mlir/include/mlir/Conversion/OpenACCToLLVM/ACCDataRuntime.h	blob	100644	7ce82b53398660e53e2a944b151f4162c71955ef
mlir/include/mlir/Conversion/OpenACCToLLVM/ACCToLLVM.h	blob	100644	10a9c5bf9d7cea0cef618831d2ad79c16cf5f934
mlir/include/mlir/Conversion/OpenACCToLLVM/ACCToLLVMUtils.h	blob	100644	4a640f7c98752bfe90f19c48456427e70a3643b0
mlir/include/mlir/Conversion/OpenACCToSCF/ConvertOpenACCToSCF.h	blob	100644	75ded320e2f9e2e137493e8b6bff97b02c879c65
mlir/include/mlir/Conversion/OpenMPToLLVM/ConvertOpenMPToLLVM.h	blob	100644	4822d6836ded11b10ff670ed6c285c0a99874fee
mlir/include/mlir/Conversion/PDLToPDLInterp/PDLToPDLInterp.h	blob	100644	c6a647245f82b9ddf3ad44f01252d676792dccc4
mlir/include/mlir/Conversion/Passes.h	blob	100644	8758f5c96c3dbaa154c553a191c3d9c58286cb7a
mlir/include/mlir/Conversion/Passes.td	blob	100644	6f3e288d454fed836816c2ef2bff388c4a719508
mlir/include/mlir/Conversion/PtrToLLVM/PtrToLLVM.h	blob	100644	0ff92bc85668c230cfa540d2459d18978117033d
mlir/include/mlir/Conversion/RaiseWasm/RaiseWasmMLIR.h	blob	100644	048eeb3149cf76782679f76083e9d790967c98e3
mlir/include/mlir/Conversion/ReconcileUnrealizedCasts/ReconcileUnrealizedCasts.h	blob	100644	01a6be8ea957c46be7ee634fd1b3ddb298ce87d8
mlir/include/mlir/Conversion/SCFToAffine/SCFToAffine.h	blob	100644	4f87ef8e6c6e4c39e6dde8f244eeb85dae8bafba
mlir/include/mlir/Conversion/SCFToControlFlow/SCFToControlFlow.h	blob	100644	2def01d208f728470946249ec48c23f8ca346fcf
mlir/include/mlir/Conversion/SCFToEmitC/SCFToEmitC.h	blob	100644	493da54e5294f07a691492347fae3e2a491250ca
mlir/include/mlir/Conversion/SCFToGPU/SCFToGPU.h	blob	100644	69e3f70f756cfa28d8cb4d2a8d2667c684a103b3
mlir/include/mlir/Conversion/SCFToGPU/SCFToGPUPass.h	blob	100644	3eac7c552c182cb6379852744b3f1fb7aa692f2f
mlir/include/mlir/Conversion/SCFToOpenMP/SCFToOpenMP.h	blob	100644	dfff8e66b066afb37fd5dc0d8760a64bfebfd376
mlir/include/mlir/Conversion/SCFToSPIRV/SCFToSPIRV.h	blob	100644	5b960cde1050cb0611df490afe624ab25abd8ad5
mlir/include/mlir/Conversion/SCFToSPIRV/SCFToSPIRVPass.h	blob	100644	8829997420c145824613b268e67780c6d8f8ff7c
mlir/include/mlir/Conversion/SPIRVCommon/AttrToLLVMConverter.h	blob	100644	a99dd0fe6f133eee0d53c1041f4ab2079da770ef
mlir/include/mlir/Conversion/SPIRVToLLVM/SPIRVToLLVM.h	blob	100644	e78b954d5e0d52964aaa783bfd3de21c44ed38bd
mlir/include/mlir/Conversion/SPIRVToLLVM/SPIRVToLLVMPass.h	blob	100644	d085b924ecde003df0f1fc62e84d5abde69ea298
mlir/include/mlir/Conversion/ShapeToStandard/ShapeToStandard.h	blob	100644	faef6bda83124f7d7ddb2ea00fe6d1430250dfce
mlir/include/mlir/Conversion/ShardToMPI/ShardToMPI.h	blob	100644	b1aa08c4322490b1eed040b3ed4aad0f6a11b336
mlir/include/mlir/Conversion/TensorToLinalg/TensorToLinalg.h	blob	100644	dd5191f078968da94cac170b7f6ef6ae61898290
mlir/include/mlir/Conversion/TensorToLinalg/TensorToLinalgPass.h	blob	100644	ed48df81d7cfd73fdf38fa2552fdd58d8f68da37
mlir/include/mlir/Conversion/TensorToSPIRV/TensorToSPIRV.h	blob	100644	49cb862f780514163d930dd18bb00368454c1eeb
mlir/include/mlir/Conversion/TensorToSPIRV/TensorToSPIRVPass.h	blob	100644	71532656347f3d603c5ab5e994e70e16bd538950
mlir/include/mlir/Conversion/TosaToArith/TosaToArith.h	blob	100644	a699b9e42906fd0d0879b5c61fb75bcda1307cab
mlir/include/mlir/Conversion/TosaToLinalg/TosaToLinalg.h	blob	100644	c1d28528a2f90d0504b026c9e0ba2a2091b361a0
mlir/include/mlir/Conversion/TosaToMLProgram/TosaToMLProgram.h	blob	100644	f11c543cc78824d6c458ecfa35fc4dbcc08efecc
mlir/include/mlir/Conversion/TosaToSCF/TosaToSCF.h	blob	100644	45616bd9e561630f5aad0c2e0bfa9908e0bd7829
mlir/include/mlir/Conversion/TosaToSPIRVTosa/TosaToSPIRVTosa.h	blob	100644	9a42cf75f187b23f87c6ab99c4e9ab361e936b3b
mlir/include/mlir/Conversion/TosaToTensor/TosaToTensor.h	blob	100644	50dcd9144986805729db2ab0d9cc5da7708294a5
mlir/include/mlir/Conversion/UBToLLVM/UBToLLVM.h	blob	100644	ff9cd4759b9e89c37d0c676c435f6364ef202dee
mlir/include/mlir/Conversion/UBToSPIRV/UBToSPIRV.h	blob	100644	5e6cf7fac6a2206f19a0380dd2a9a20c581c4566
mlir/include/mlir/Conversion/VectorToAMX/VectorToAMX.h	blob	100644	6b178e02684c0da3bc5a6c25693dc18526658c05
mlir/include/mlir/Conversion/VectorToArmSME/VectorToArmSME.h	blob	100644	edfd789c475243d6b21472078aa5decefbc3c4ee
mlir/include/mlir/Conversion/VectorToGPU/VectorToGPU.h	blob	100644	10467e61ad0836ed9e6f2b5e34f04a92d12b4caf
mlir/include/mlir/Conversion/VectorToLLVM/ConvertVectorToLLVM.h	blob	100644	021a644ddd8a6f03288d9bf8f17303022c74f948
mlir/include/mlir/Conversion/VectorToLLVM/ConvertVectorToLLVMPass.h	blob	100644	410b881db79590c0547d57b96d709c4bb8654305
mlir/include/mlir/Conversion/VectorToSCF/VectorToSCF.h	blob	100644	e0ef67c39a1013bff0f7be2b3fdf66d3a16d7870
mlir/include/mlir/Conversion/VectorToSPIRV/VectorToSPIRV.h	blob	100644	b64be4f733ec0789ff59e5a6c71ddc3f0afb17fa
mlir/include/mlir/Conversion/VectorToSPIRV/VectorToSPIRVPass.h	blob	100644	c7c69c1f9236947b37afb9acfdd65e91a1f9c052
mlir/include/mlir/Conversion/VectorToXeGPU/VectorToXeGPU.h	blob	100644	ff99d7ce96daf2b95c99b53ce37c0447e0880f3d
mlir/include/mlir/Conversion/XeGPUToXeVM/XeGPUToXeVM.h	blob	100644	ddaaae82e03be7ac71265c5d5c31e485f8b01c03
mlir/include/mlir/Conversion/XeVMToLLVM/XeVMToLLVM.h	blob	100644	f591407b602df97f612acda41a30a6f306b89666
mlir/include/mlir/Debug/BreakpointManager.h	blob	100644	cc4be60cb69a319382e10c115dbf43ae831712b8
mlir/include/mlir/Debug/BreakpointManagers/FileLineColLocBreakpointManager.h	blob	100644	e62b9c0bc0de58c061fff40338c8356712045c65
mlir/include/mlir/Debug/BreakpointManagers/TagBreakpointManager.h	blob	100644	af138da84e02820bc674c1999095ed92edd0062c
mlir/include/mlir/Debug/CLOptionsSetup.h	blob	100644	e7e9727e726bf60bf90f2869b4bb86dd3212abf6
mlir/include/mlir/Debug/Counter.h	blob	100644	e158cc648b4ee36c11c98373100448676e5eba39
mlir/include/mlir/Debug/DebuggerExecutionContextHook.h	blob	100644	ad2abcd852058e095f15ff3e0d2079a85ff076e7
mlir/include/mlir/Debug/ExecutionContext.h	blob	100644	93c26e0ce5f82ff5c75fc8a5c44953b556b356a5
mlir/include/mlir/Debug/Observers/ActionLogging.h	blob	100644	2e45ccf0adfbe6c4b1ddd6d668bb215b84439788
mlir/include/mlir/Debug/Observers/ActionProfiler.h	blob	100644	50ee4f0baf2b096ac945b7be6611b93b0eb38092
mlir/include/mlir/Dialect/AMDGPU/CMakeLists.txt	blob	100644	9f57627c321fb0c74b3e4a404e3c36bd435f64a7
mlir/include/mlir/Dialect/AMDGPU/IR/AMDGPU.td	blob	100644	c5afff7354ca362317f1490f90cf1b2c3fbcd840
mlir/include/mlir/Dialect/AMDGPU/IR/AMDGPUAttrs.td	blob	100644	444ab34a079bc70800ef31dfe898121e35c3a785
mlir/include/mlir/Dialect/AMDGPU/IR/AMDGPUBase.td	blob	100644	8dc4b3a81c3345ec1886a175a010524de5e1a135
mlir/include/mlir/Dialect/AMDGPU/IR/AMDGPUDialect.h	blob	100644	761cbfdd221668a6749ef8b748cc93032a7b822a
mlir/include/mlir/Dialect/AMDGPU/IR/AMDGPUDialectDecl.h	blob	100644	f676ecfad0b74788eef2826096ca6e69474739a5
mlir/include/mlir/Dialect/AMDGPU/IR/AMDGPUEnums.h	blob	100644	e2388570ea4b3686ae8644bffe0e7d1671c0f9db
mlir/include/mlir/Dialect/AMDGPU/IR/AMDGPUEnums.td	blob	100644	96bff45267af1440a0e24d6221070dbd0884f523
mlir/include/mlir/Dialect/AMDGPU/IR/AMDGPUOps.td	blob	100644	398e754356ece86a723b81d37da94a70941b15fd
mlir/include/mlir/Dialect/AMDGPU/IR/AMDGPUTypes.td	blob	100644	169e6a16b19be006af5b2a1076f0b9dc942db1ee
mlir/include/mlir/Dialect/AMDGPU/IR/CMakeLists.txt	blob	100644	a2eab0359ec0546a6fb38bfa240931decea590d5
mlir/include/mlir/Dialect/AMDGPU/Transforms/CMakeLists.txt	blob	100644	81cb7e04a3c4d9612dcebfb7c33f980e7289695d
mlir/include/mlir/Dialect/AMDGPU/Transforms/MemoryAccessOpInterfacesImpl.h	blob	100644	96cf6b1d01259bc3327ecfe8b2ab69effe6598f8
mlir/include/mlir/Dialect/AMDGPU/Transforms/Passes.h	blob	100644	48e7658568f86f4ee530a192170e1014f973c0d6
mlir/include/mlir/Dialect/AMDGPU/Transforms/Passes.td	blob	100644	7dd7ac750a9eb2d51cb6e8316a94b719fb68dd76
mlir/include/mlir/Dialect/AMDGPU/Utils/Chipset.h	blob	100644	256065537aeb9b8cfa5200ed031beace6594a791
mlir/include/mlir/Dialect/AMDGPU/Utils/MemorySpaceUtils.h	blob	100644	ace4eac80a4a0156321077d50880908dc78560f9
mlir/include/mlir/Dialect/Affine/Analysis/AffineAnalysis.h	blob	100644	898dfdd288d6bf527e0575019dfd3dc6e2bb1932
mlir/include/mlir/Dialect/Affine/Analysis/AffineStructures.h	blob	100644	963d3e53242208a12592fcc5d2c94727c143f5d3
mlir/include/mlir/Dialect/Affine/Analysis/LoopAnalysis.h	blob	100644	3fcb63a4da885b5e136b2b0f105a6713164fd283
mlir/include/mlir/Dialect/Affine/Analysis/NestedMatcher.h	blob	100644	3b7c3c566eb8cf8b4c767bb2b3084f3de37636a4
mlir/include/mlir/Dialect/Affine/Analysis/Utils.h	blob	100644	df4145db90a6167d30565388b1506b2c9565d472
mlir/include/mlir/Dialect/Affine/CMakeLists.txt	blob	100644	cb1e9d01821a2cf352b79c28c44da4ddd33dd3e9
mlir/include/mlir/Dialect/Affine/IR/AffineDialect.h	blob	100644	5069a09b6962b258700002ea63b77cadac469e93
mlir/include/mlir/Dialect/Affine/IR/AffineMemoryOpInterfaces.h	blob	100644	b9208ef937cf0c79fc9741fa002d27c56333c15f
mlir/include/mlir/Dialect/Affine/IR/AffineMemoryOpInterfaces.td	blob	100644	c07ab9deca48c1396623412c9d03a185efe28a95
mlir/include/mlir/Dialect/Affine/IR/AffineOps.h	blob	100644	dd613a3f0e90deb9787d2f62403e62ae1aec9602
mlir/include/mlir/Dialect/Affine/IR/AffineOps.td	blob	100644	cf2848f55ea09ee360e6b6d1178cbf3d8a13cdf4
mlir/include/mlir/Dialect/Affine/IR/AffineValueMap.h	blob	100644	ac480d6997ef43034dc63873a06a0fcb3369a889
mlir/include/mlir/Dialect/Affine/IR/CMakeLists.txt	blob	100644	33287ff359b42a3076f31397105eeab1f5c4420c
mlir/include/mlir/Dialect/Affine/IR/ValueBoundsOpInterfaceImpl.h	blob	100644	642e99d963ef61deb5dcbd01631ac96a01428554
mlir/include/mlir/Dialect/Affine/LoopFusionUtils.h	blob	100644	0ef39fd7d1463ed2b3c2f308b21a01067a9c1f79
mlir/include/mlir/Dialect/Affine/LoopUtils.h	blob	100644	0c117818cd717d28eb7ff9e0af078757acb1d50e
mlir/include/mlir/Dialect/Affine/TransformOps/AffineTransformOps.h	blob	100644	1001cb52b518b84d6f7145b8511292064011dc65
mlir/include/mlir/Dialect/Affine/TransformOps/AffineTransformOps.td	blob	100644	446e54c64c0a82601e75e2f8a9f3b47867b22815
mlir/include/mlir/Dialect/Affine/TransformOps/CMakeLists.txt	blob	100644	3afb5b965f01c3cdf8fd03c98ddd500ca73f5082
mlir/include/mlir/Dialect/Affine/Transforms/CMakeLists.txt	blob	100644	a9e33e0e9b87d4d5c833537ccbdc1f754356f4af
mlir/include/mlir/Dialect/Affine/Transforms/Passes.h	blob	100644	ce764eb7505831ed4eed126eb3cae3145e045c09
mlir/include/mlir/Dialect/Affine/Transforms/Passes.td	blob	100644	7d7adfb1db235d83dc6639995f1a2bce1fb7ea46
mlir/include/mlir/Dialect/Affine/Transforms/Transforms.h	blob	100644	f8f6d4f5928b0648d4102c20bb57e4ca2c293576
mlir/include/mlir/Dialect/Affine/Utils.h	blob	100644	d44d1389430baf6aacf8f15309d4134cf0ac59b6
mlir/include/mlir/Dialect/Affine/ViewLikeInterfaceUtils.h	blob	100644	a4ec4cec08873ae859d2f819596023ec538d605c
mlir/include/mlir/Dialect/Arith/CMakeLists.txt	blob	100644	9f57627c321fb0c74b3e4a404e3c36bd435f64a7
mlir/include/mlir/Dialect/Arith/IR/Arith.h	blob	100644	319ea68c2f2cdddc02bfd69dcf917c032c783e70
mlir/include/mlir/Dialect/Arith/IR/ArithAttributes.h	blob	100644	2e69b1a332350ae5423922958c5f6b4a435e0c8d
mlir/include/mlir/Dialect/Arith/IR/ArithBase.td	blob	100644	71e198458d3427f0ff9f5e87ecf65817280e14be
mlir/include/mlir/Dialect/Arith/IR/ArithDialect.h	blob	100644	d54c196e1eb47a75b509205e3bbc9d293016af2e
mlir/include/mlir/Dialect/Arith/IR/ArithOpInterfaces.h	blob	100644	c632251cd288028f05a341df3ea5856090ec21ae
mlir/include/mlir/Dialect/Arith/IR/ArithOps.td	blob	100644	39d6838ae1ab4bd3e89b730f9873a61cfb91c508
mlir/include/mlir/Dialect/Arith/IR/ArithOpsInterfaces.td	blob	100644	d1b8e250cdb599ec04e8b96a5290b8d9825b08b5
mlir/include/mlir/Dialect/Arith/IR/CMakeLists.txt	blob	100644	a2f24bdd94444db8842395ddedb8b49562de166a
mlir/include/mlir/Dialect/Arith/IR/ValueBoundsOpInterfaceImpl.h	blob	100644	d92278627da851c11ee45dc034f5bad1b7b306c6
mlir/include/mlir/Dialect/Arith/Transforms/BufferDeallocationOpInterfaceImpl.h	blob	100644	16cec1a82b5c86c01bf0863008634aac86f2bdbe
mlir/include/mlir/Dialect/Arith/Transforms/BufferViewFlowOpInterfaceImpl.h	blob	100644	a2b3a9bb655b8747fdbc7574c366259ed7e4d69a
mlir/include/mlir/Dialect/Arith/Transforms/BufferizableOpInterfaceImpl.h	blob	100644	241f3f7aa2799cefa1f17839064e4254e1d6ee74
mlir/include/mlir/Dialect/Arith/Transforms/CMakeLists.txt	blob	100644	c540241bd26677d85dadd8d945cd57c9bda124a3
mlir/include/mlir/Dialect/Arith/Transforms/NarrowTypeEmulationConverter.h	blob	100644	528bb51b214a57e0e106127e0499329d7beed69d
mlir/include/mlir/Dialect/Arith/Transforms/Passes.h	blob	100644	26832ba652680773e91fd52412271875525e9aa0
mlir/include/mlir/Dialect/Arith/Transforms/Passes.td	blob	100644	98e549f53040a4b5bd632ffa32bf1fa9f2e12ef6
mlir/include/mlir/Dialect/Arith/Transforms/ShardingInterfaceImpl.h	blob	100644	5addffbe571bee1dc397c845ecf1022df00ce567
mlir/include/mlir/Dialect/Arith/Transforms/Transforms.h	blob	100644	c079bb9aea6e17cedff1b9546afbbbe5b69e103a
mlir/include/mlir/Dialect/Arith/Transforms/WideIntEmulationConverter.h	blob	100644	5dbbfedcc70eee9cc3d87f538597420693a5dc53
mlir/include/mlir/Dialect/Arith/Utils/Utils.h	blob	100644	4ebb7e16239f76a20af6281696c91caed9f5a8d8
mlir/include/mlir/Dialect/ArmNeon/ArmNeon.td	blob	100644	fd0fa7ecf9b0da71f43bd4418b736e8849896bb2
mlir/include/mlir/Dialect/ArmNeon/ArmNeonDialect.h	blob	100644	923d04e82f97939ead0af00d732f8c79a5960c35
mlir/include/mlir/Dialect/ArmNeon/CMakeLists.txt	blob	100644	4d58c2ea16e03a711e9c5c575b17599a4182249c
mlir/include/mlir/Dialect/ArmNeon/TransformOps/ArmNeonVectorTransformOps.h	blob	100644	ad57e6e1f8ff4b3fa0d8eff5faba91a1c7656636
mlir/include/mlir/Dialect/ArmNeon/TransformOps/ArmNeonVectorTransformOps.td	blob	100644	35747126d3db1f4d03f2e70924bb1823b0b93148
mlir/include/mlir/Dialect/ArmNeon/TransformOps/CMakeLists.txt	blob	100644	68d8981de5c07b1750a0010f96f1f5a94f9ce224
mlir/include/mlir/Dialect/ArmNeon/Transforms.h	blob	100644	08065a3b2526675ec22e08f1e4bec7a1fc3e1a07
mlir/include/mlir/Dialect/ArmSME/CMakeLists.txt	blob	100644	9f57627c321fb0c74b3e4a404e3c36bd435f64a7
mlir/include/mlir/Dialect/ArmSME/IR/ArmSME.h	blob	100644	dac54712c7f47a6e77f76059ff7c66d35ceca25f
mlir/include/mlir/Dialect/ArmSME/IR/ArmSME.td	blob	100644	f937af9c35a71e3f8d24851e707cde08e469db67
mlir/include/mlir/Dialect/ArmSME/IR/ArmSMEEnums.h	blob	100644	9ad112a5d354a2feb5b6116feb935f572e4f4b50
mlir/include/mlir/Dialect/ArmSME/IR/ArmSMEIntrinsicOps.td	blob	100644	0e3bb9e81f30b70378dd53877321941417e99f5f
mlir/include/mlir/Dialect/ArmSME/IR/ArmSMEOpInterfaces.h	blob	100644	9153fbb57ea88e8858fa0d0d3e98c68d69dbe1ac
mlir/include/mlir/Dialect/ArmSME/IR/ArmSMEOps.td	blob	100644	f7fec15ec130e73a461f6a4faa03f7b44005eef9
mlir/include/mlir/Dialect/ArmSME/IR/CMakeLists.txt	blob	100644	b937f192c2515415c8ef2bd1ba34cad870f76051
mlir/include/mlir/Dialect/ArmSME/Transforms/CMakeLists.txt	blob	100644	964d91cd0c7ee6ce1b40076c0b7c3226c0ded4b4
mlir/include/mlir/Dialect/ArmSME/Transforms/Passes.h	blob	100644	167e5b787d1afaf4cb35b53317b4ca8a526cc74d
mlir/include/mlir/Dialect/ArmSME/Transforms/Passes.td	blob	100644	ac60e4a31555612a14d3df4eee5e6fc63df8ecd9
mlir/include/mlir/Dialect/ArmSME/Transforms/Transforms.h	blob	100644	a25b844f01eaa6a64e87609fa37b81d75a9c077c
mlir/include/mlir/Dialect/ArmSME/Utils/Utils.h	blob	100644	b57b27de4e1deb167d3440af5fd0d9c99dbd45b2
mlir/include/mlir/Dialect/ArmSVE/CMakeLists.txt	blob	100644	cb1e9d01821a2cf352b79c28c44da4ddd33dd3e9
mlir/include/mlir/Dialect/ArmSVE/IR/ArmSVE.td	blob	100644	be4d9b123ac820e2694048f777dff97d7bdfbefb
mlir/include/mlir/Dialect/ArmSVE/IR/ArmSVEDialect.h	blob	100644	a424e109b06d3e85dbf218389cf51cb0695040d2
mlir/include/mlir/Dialect/ArmSVE/IR/CMakeLists.txt	blob	100644	b9e46b2ccd63e2baab845b12a49ed13f9aaf5b85
mlir/include/mlir/Dialect/ArmSVE/TransformOps/ArmSVEVectorTransformOps.h	blob	100644	7f22cd1fe6435af0258c9dec78423b48678b8c8a
mlir/include/mlir/Dialect/ArmSVE/TransformOps/ArmSVEVectorTransformOps.td	blob	100644	7777e6060ea7685343aa0edf1393767d16db694a
mlir/include/mlir/Dialect/ArmSVE/TransformOps/CMakeLists.txt	blob	100644	10b29c0e9f40e190bc895cf203d66897c67142bc
mlir/include/mlir/Dialect/ArmSVE/Transforms/CMakeLists.txt	blob	100644	4999fd2cef1b5c3221d56aec6a58bc23613c006f
mlir/include/mlir/Dialect/ArmSVE/Transforms/Passes.h	blob	100644	66f30a67cb05b8afed0da99c298d5e93a388044d
mlir/include/mlir/Dialect/ArmSVE/Transforms/Passes.td	blob	100644	b9b06cec1f97790f5b97eac381455aa4db6e887e
mlir/include/mlir/Dialect/ArmSVE/Transforms/Transforms.h	blob	100644	26f5199b5f4d5974b6b144908c0518bfd8cb389d
mlir/include/mlir/Dialect/Async/CMakeLists.txt	blob	100644	6abdf5fd86b8cb8d3d1cb4d9b7c61341515021cc
mlir/include/mlir/Dialect/Async/IR/Async.h	blob	100644	fc0b086126f52fb000fde94dbf478b883278b61e
mlir/include/mlir/Dialect/Async/IR/AsyncDialect.td	blob	100644	f2c328a61e4cf099a16ed54747ff7c94fc5ab214
mlir/include/mlir/Dialect/Async/IR/AsyncOps.td	blob	100644	cc21bc1b7fd3316ac99e0d1933012fbdc794c348
mlir/include/mlir/Dialect/Async/IR/AsyncTypes.h	blob	100644	ace182cc3d5a7ef5e238bdaa81a0d2497c8142af
mlir/include/mlir/Dialect/Async/IR/AsyncTypes.td	blob	100644	a9dced68aae52deee66f7bb025e2fd6b1728c4b3
mlir/include/mlir/Dialect/Async/IR/CMakeLists.txt	blob	100644	2525eee2a34ec94e855ffc488189d24f9ad5c83a
mlir/include/mlir/Dialect/Async/Passes.h	blob	100644	20831d2a7118762161a3f83d2e856a31ca515684
mlir/include/mlir/Dialect/Async/Passes.td	blob	100644	44d5e35855d08eb800c49cad110bf6eb2e530b3e
mlir/include/mlir/Dialect/Async/Transforms.h	blob	100644	7e72762815463133ab3856984f86089e91d32054
mlir/include/mlir/Dialect/Bufferization/CMakeLists.txt	blob	100644	660deb21479d297fc1097f1b7d7032f907a1bc94
mlir/include/mlir/Dialect/Bufferization/Extensions/AllExtensions.h	blob	100644	e9f87c35a20f94b33943e98d4c222f52f02fd17f
mlir/include/mlir/Dialect/Bufferization/Extensions/ShardingExtensions.h	blob	100644	0fefd54c0255f5e48b2fd2ac7ecc6c626eb11a57
mlir/include/mlir/Dialect/Bufferization/IR/AllocationOpInterface.h	blob	100644	5e0d3ca244c79693b4bfed936b4a6c6a3bbc894c
mlir/include/mlir/Dialect/Bufferization/IR/AllocationOpInterface.td	blob	100644	f82be7bb582f27500003d6f79c2d36776a87777f
mlir/include/mlir/Dialect/Bufferization/IR/BufferDeallocationOpInterface.h	blob	100644	c961c2724d2a99689cba4b352d8312af205a0a5c
mlir/include/mlir/Dialect/Bufferization/IR/BufferDeallocationOpInterface.td	blob	100644	3e11432c65c5f086aa5d49ee152a91b8de21f3f1
mlir/include/mlir/Dialect/Bufferization/IR/BufferViewFlowOpInterface.h	blob	100644	84e67fe72b623b16bc30d07663b0684d23e5bccb
mlir/include/mlir/Dialect/Bufferization/IR/BufferViewFlowOpInterface.td	blob	100644	58885d742266476530e3589f322681e90b560034
mlir/include/mlir/Dialect/Bufferization/IR/BufferizableOpInterface.h	blob	100644	203680796a28917c83a241f337e4bc6a889f63cf
mlir/include/mlir/Dialect/Bufferization/IR/BufferizableOpInterface.td	blob	100644	34aaf7432bdfd7ab6ec3ea1ab6e933cf62041c56
mlir/include/mlir/Dialect/Bufferization/IR/Bufferization.h	blob	100644	3d0fcde58fda238d34f0fe2b07726723fdb3213c
mlir/include/mlir/Dialect/Bufferization/IR/BufferizationBase.td	blob	100644	2ef0c93be8bf225a40bb5dee75fbf8cce869971c
mlir/include/mlir/Dialect/Bufferization/IR/BufferizationDialect.h	blob	100644	ebc70aa9962b9aa2447e7579b194f3365c411579
mlir/include/mlir/Dialect/Bufferization/IR/BufferizationEnums.td	blob	100644	a8cad26e9341b999742ea4928eb345a87008adb8
mlir/include/mlir/Dialect/Bufferization/IR/BufferizationOps.td	blob	100644	30317c2d7fd4d94c8564b620c47876a7b477ef3a
mlir/include/mlir/Dialect/Bufferization/IR/BufferizationTypeInterfaces.h	blob	100644	a2bfcb7ed2b75431ff67ba113fe8deae1c01fa78
mlir/include/mlir/Dialect/Bufferization/IR/BufferizationTypeInterfaces.td	blob	100644	6bbc6cb5177668a94b01fad0604ec948d83677e3
mlir/include/mlir/Dialect/Bufferization/IR/CMakeLists.txt	blob	100644	4e79862ec9a7bf14c562557a3ae05303954d32c2
mlir/include/mlir/Dialect/Bufferization/IR/DstBufferizableOpInterfaceImpl.h	blob	100644	bd0d1c9939795746c6f0817609fde881556a83ca
mlir/include/mlir/Dialect/Bufferization/IR/UnstructuredControlFlow.h	blob	100644	344d7a8f9408e3565640e9f36c04331617ad6fae
mlir/include/mlir/Dialect/Bufferization/IR/ValueBoundsOpInterfaceImpl.h	blob	100644	be8c9b3bab0ce16010d9c837a95c3a854c91f9af
mlir/include/mlir/Dialect/Bufferization/Pipelines/Passes.h	blob	100644	e4d5b81f5257717a7001896b798e9d32b29c00b0
mlir/include/mlir/Dialect/Bufferization/TransformOps/BufferizationTransformOps.h	blob	100644	1dbe29b444134f5db56f0daf8974403cc5feed49
mlir/include/mlir/Dialect/Bufferization/TransformOps/BufferizationTransformOps.td	blob	100644	a182c6beda3caf46b7fee139254fe08266f5e153
mlir/include/mlir/Dialect/Bufferization/TransformOps/CMakeLists.txt	blob	100644	b11d96b5350b427e22efd49b6d0e0857eafa94b8
mlir/include/mlir/Dialect/Bufferization/Transforms/BufferUtils.h	blob	100644	c08bd6c436133e4317d88e548005e6419a93adf8
mlir/include/mlir/Dialect/Bufferization/Transforms/BufferViewFlowAnalysis.h	blob	100644	534768cb9f09dca8400991e6dd91fefc420db1b5
mlir/include/mlir/Dialect/Bufferization/Transforms/BufferizableOpInterfaceImpl.h	blob	100644	5ef272384c0828810127340274c8f672cf8bdffa
mlir/include/mlir/Dialect/Bufferization/Transforms/Bufferize.h	blob	100644	2efa4df626dbf339a71160d8945fd59c42ca8702
mlir/include/mlir/Dialect/Bufferization/Transforms/CMakeLists.txt	blob	100644	09d0d2360b1f61f77e2aa3482e36643b2204c8a0
mlir/include/mlir/Dialect/Bufferization/Transforms/FuncBufferizableOpInterfaceImpl.h	blob	100644	51f3c0843569dcacb08d992b82040c1c7dc38a9a
mlir/include/mlir/Dialect/Bufferization/Transforms/OneShotAnalysis.h	blob	100644	49706c5614d836a488ebd489f5e81def0a105938
mlir/include/mlir/Dialect/Bufferization/Transforms/OneShotModuleBufferize.h	blob	100644	09700f89686090c3ed4b43d209753694872c3b40
mlir/include/mlir/Dialect/Bufferization/Transforms/Passes.h	blob	100644	90857358437a16a91f7d909e4ebf63a853011d7f
mlir/include/mlir/Dialect/Bufferization/Transforms/Passes.td	blob	100644	b2608fc5b574c666914e6e9732b3fe61b4965dbd
mlir/include/mlir/Dialect/Bufferization/Transforms/StaticMemoryPlanning.h	blob	100644	626e384ce4642be3342954b0ce1ac67c5c39cd89
mlir/include/mlir/Dialect/Bufferization/Transforms/Transforms.h	blob	100644	e17d5264a1a45744413cb394999ffc0b348a5c89
mlir/include/mlir/Dialect/CMakeLists.txt	blob	100644	d7ea0cc3df267e00784bf795fa1dacf0e5c603b4
mlir/include/mlir/Dialect/CommonFolders.h	blob	100644	736b16ed25d4492b02021f9a49b2c55d6b222ec7
mlir/include/mlir/Dialect/Complex/CMakeLists.txt	blob	100644	f33061b2d87cffc48b072763eb55d349e9070aba
mlir/include/mlir/Dialect/Complex/IR/CMakeLists.txt	blob	100644	c068941dc85019c045ca72ce83949c6bd3d76edb
mlir/include/mlir/Dialect/Complex/IR/Complex.h	blob	100644	09c80623ca7c7873fc9e5406a054ea274ee6e78a
mlir/include/mlir/Dialect/Complex/IR/ComplexAttributes.td	blob	100644	a47dc9927dd8ce2a55536ea9e6b9cae99c8006e3
mlir/include/mlir/Dialect/Complex/IR/ComplexBase.td	blob	100644	4efe1bcc620c2fab1a00551052fcd150cc2448fc
mlir/include/mlir/Dialect/Complex/IR/ComplexOps.td	blob	100644	71fa9ea9c31531e9109f1911bd23c6b22b9f530b
mlir/include/mlir/Dialect/ControlFlow/CMakeLists.txt	blob	100644	f33061b2d87cffc48b072763eb55d349e9070aba
mlir/include/mlir/Dialect/ControlFlow/IR/CMakeLists.txt	blob	100644	65e40632f45d012dc39c474819a76c26c73a66da
mlir/include/mlir/Dialect/ControlFlow/IR/ControlFlow.h	blob	100644	0ae076120018f21a3142c1a899d2de2a4e48f3cb
mlir/include/mlir/Dialect/ControlFlow/IR/ControlFlowOps.h	blob	100644	adbc2db59d013c712ee1df16a42a713503c690c3
mlir/include/mlir/Dialect/ControlFlow/IR/ControlFlowOps.td	blob	100644	0e4c4eb78b94b348bdc898b9cdf146096cef6974
mlir/include/mlir/Dialect/ControlFlow/Transforms/BufferDeallocationOpInterfaceImpl.h	blob	100644	c34ebd0494fec89599b3db3ea7de99a51682e044
mlir/include/mlir/Dialect/ControlFlow/Transforms/BufferizableOpInterfaceImpl.h	blob	100644	9b30ab4d98d27c7c8bd3f11da97bae2b03df37c0
mlir/include/mlir/Dialect/ControlFlow/Transforms/StructuralTypeConversions.h	blob	100644	a32d9e2025c76ff560ba30389e5e4509efdbd482
mlir/include/mlir/Dialect/DLTI/CMakeLists.txt	blob	100644	a7695e67e2d8a5ac7044a17ba99e831c8e70014d
mlir/include/mlir/Dialect/DLTI/DLTI.h	blob	100644	84cf6eabc5fa93913260c4b0d53e2d0dcd175644
mlir/include/mlir/Dialect/DLTI/DLTI.td	blob	100644	f6e6284d6f70e1ee8801560b7603cd4f3d70458f
mlir/include/mlir/Dialect/DLTI/DLTIAttrs.td	blob	100644	56bd704d306560b9acf2830108936b3974868325
mlir/include/mlir/Dialect/DLTI/DLTIBase.td	blob	100644	f7c9be4fd788094514ade8dc150a0ac4e77c3876
mlir/include/mlir/Dialect/DLTI/Traits.h	blob	100644	edfbdffbd1ba1b84bae7fae699749bd8db4b0293
mlir/include/mlir/Dialect/DLTI/TransformOps/CMakeLists.txt	blob	100644	9d350ab6879d87a904fedb20498c1aae9fd37992
mlir/include/mlir/Dialect/DLTI/TransformOps/DLTITransformOps.h	blob	100644	970f2597ef7ad3f6522ab930bc09e62126783d7e
mlir/include/mlir/Dialect/DLTI/TransformOps/DLTITransformOps.td	blob	100644	f25bb383912d45b07e58ae31fa1646fab48e1e05
mlir/include/mlir/Dialect/EmitC/CMakeLists.txt	blob	100644	9f57627c321fb0c74b3e4a404e3c36bd435f64a7
mlir/include/mlir/Dialect/EmitC/IR/CMakeLists.txt	blob	100644	db106b2df16cd6d53f30396f2dc5eced7599edf1
mlir/include/mlir/Dialect/EmitC/IR/EmitC.h	blob	100644	eb7ddeb3bfc54daea351b304ef281eb7a6321bee
mlir/include/mlir/Dialect/EmitC/IR/EmitC.td	blob	100644	f08dac13972688cea0c241991df2d764fb16b0e4
mlir/include/mlir/Dialect/EmitC/IR/EmitCAttributes.td	blob	100644	97cbd6aa7af31ad5642ad8e08d44c14a4578aba3
mlir/include/mlir/Dialect/EmitC/IR/EmitCBase.td	blob	100644	a7144df36045e9f1950df36233dd154fc4fc5284
mlir/include/mlir/Dialect/EmitC/IR/EmitCInterfaces.h	blob	100644	51efe76aceb5ccd5f5c118bd2e7318f9573ad873
mlir/include/mlir/Dialect/EmitC/IR/EmitCInterfaces.td	blob	100644	5e02d72252a230e07cd44c34c6752814102665c7
mlir/include/mlir/Dialect/EmitC/IR/EmitCTypes.td	blob	100644	134ef04f26dd4b212bd4e7405d438a308c6618c6
mlir/include/mlir/Dialect/EmitC/Transforms/CMakeLists.txt	blob	100644	3a35aa0a7c1b0f01f3e781260b32710f1439cba5
mlir/include/mlir/Dialect/EmitC/Transforms/Passes.h	blob	100644	4f46d637746258baf1350f684bdcdb0f65ba669d
mlir/include/mlir/Dialect/EmitC/Transforms/Passes.td	blob	100644	0b7e4f283588a085ea6733235ad5130b495cc15c
mlir/include/mlir/Dialect/EmitC/Transforms/Transforms.h	blob	100644	e14ef39382676d140fdc90d570dc26a961cbb3e4
mlir/include/mlir/Dialect/EmitC/Transforms/TypeConversions.h	blob	100644	a03419f8ac0f72fa471be42bb9888c731e99ff83
mlir/include/mlir/Dialect/Func/CMakeLists.txt	blob	100644	cb1e9d01821a2cf352b79c28c44da4ddd33dd3e9
mlir/include/mlir/Dialect/Func/Extensions/AllExtensions.h	blob	100644	4ecd11d34a8cee012eb5d210f0db4e830d699716
mlir/include/mlir/Dialect/Func/Extensions/InlinerExtension.h	blob	100644	4f9f307bb877d6fc9fcf84e75466fac327ad95da
mlir/include/mlir/Dialect/Func/Extensions/ShardingExtensions.h	blob	100644	e22b24b3446bb6892635a0902c9539c99a5c12c0
mlir/include/mlir/Dialect/Func/IR/CMakeLists.txt	blob	100644	fecf04cb2036f3138f1e7100dc5575b5cd17ac8e
mlir/include/mlir/Dialect/Func/IR/FuncDialect.h	blob	100644	9a8c12713505b10c3aca8558a2bb99432a881613
mlir/include/mlir/Dialect/Func/IR/FuncOps.h	blob	100644	e6efeb5ee53f951933aa8a4f7fc8e9d6ec3792ea
mlir/include/mlir/Dialect/Func/IR/FuncOps.td	blob	100644	d7a0d5fc4f277a508e3ecbf3c6d9cd46e6be0789
mlir/include/mlir/Dialect/Func/TransformOps/CMakeLists.txt	blob	100644	d3bf76d37122ed15653e43f8a8fd6cee1389aec5
mlir/include/mlir/Dialect/Func/TransformOps/FuncTransformOps.h	blob	100644	15c36429263cb3cd8c75ac1e99c24ca7a1a0b6c6
mlir/include/mlir/Dialect/Func/TransformOps/FuncTransformOps.td	blob	100644	46230c159a2ebd283b5f31e81143f8ee549cb644
mlir/include/mlir/Dialect/Func/Transforms/CMakeLists.txt	blob	100644	3819bada90ee0daa3d1ed7de439a5a1e23826d43
mlir/include/mlir/Dialect/Func/Transforms/FuncConversions.h	blob	100644	fa078140eb5153cb45b631cc32ea3f38e1add7c3
mlir/include/mlir/Dialect/Func/Transforms/Passes.h	blob	100644	6fe9cc4bb29862cd1f52a676960cb3325ba9f829
mlir/include/mlir/Dialect/Func/Transforms/Passes.td	blob	100644	4163997515bb0c7be6201699a54719f72c8bde48
mlir/include/mlir/Dialect/Func/Utils/Utils.h	blob	100644	3cddc65f2f2a92232b649757f5134ffb11df702c
mlir/include/mlir/Dialect/GPU/CMakeLists.txt	blob	100644	cb1e9d01821a2cf352b79c28c44da4ddd33dd3e9
mlir/include/mlir/Dialect/GPU/IR/CMakeLists.txt	blob	100644	32323ab62332ab68e473b132f227571a0cd0f61c
mlir/include/mlir/Dialect/GPU/IR/CompilationAttrInterfaces.td	blob	100644	ec7468008ce32f4112caa10afd0e9d155726ec49
mlir/include/mlir/Dialect/GPU/IR/CompilationAttrs.td	blob	100644	07879a0dab07f4110ded1b47addbefe572618867
mlir/include/mlir/Dialect/GPU/IR/CompilationInterfaces.h	blob	100644	c6b5f7070b17e9c1ef0d93d9cbb6829809d780d4
mlir/include/mlir/Dialect/GPU/IR/GPUBase.td	blob	100644	8f3cffcdf43fa7cb1d787b82ae26ac312b29ec99
mlir/include/mlir/Dialect/GPU/IR/GPUDeviceMappingAttr.td	blob	100644	e745ef02d7034fb8f78d8c4d6057c6caa9891acb
mlir/include/mlir/Dialect/GPU/IR/GPUDialect.h	blob	100644	038f7e8763ee0e06657c20ac8842cf68242bb827
mlir/include/mlir/Dialect/GPU/IR/GPUDialectDecl.h	blob	100644	1d9e79685c9f537c08407b8f57fbe25374348f77
mlir/include/mlir/Dialect/GPU/IR/GPUOps.td	blob	100644	2aa5219e904040232fdfd99f5f3684302c4aa155
mlir/include/mlir/Dialect/GPU/IR/ParallelLoopMapperAttr.td	blob	100644	3386a60f1f1bc0dd9e940e9ba1e504511ed518ac
mlir/include/mlir/Dialect/GPU/IR/ValueBoundsOpInterfaceImpl.h	blob	100644	9a4e159ef76c83a531d60d7ff924fdd97b685ea8
mlir/include/mlir/Dialect/GPU/Pipelines/Passes.h	blob	100644	6327415d62769f9e2f391c354afd70b8f3657c7e
mlir/include/mlir/Dialect/GPU/TransformOps/CMakeLists.txt	blob	100644	db8ddaf0051004660dd5ded5b0dc16527b8e3f7d
mlir/include/mlir/Dialect/GPU/TransformOps/GPUTransformOps.h	blob	100644	804f4e01dbb4fac2b0222b40a542cba32b6ade40
mlir/include/mlir/Dialect/GPU/TransformOps/GPUTransformOps.td	blob	100644	030506bba10768c59a89945e0c797c1bb3f30947
mlir/include/mlir/Dialect/GPU/TransformOps/Utils.h	blob	100644	0fc1537dbfdb9312b06bf50d015b62bdf37704f9
mlir/include/mlir/Dialect/GPU/Transforms/BufferDeallocationOpInterfaceImpl.h	blob	100644	16cf96980de136de04d683948b25f4871b11c7d7
mlir/include/mlir/Dialect/GPU/Transforms/CMakeLists.txt	blob	100644	7cc5eb0bf9bc161ad346cc663b0e7c0f2f282b9a
mlir/include/mlir/Dialect/GPU/Transforms/IndexedAccessOpInterfaceImpl.h	blob	100644	d8a56545fd1157b41043573695318ee21daedde6
mlir/include/mlir/Dialect/GPU/Transforms/MemoryPromotion.h	blob	100644	bf26286058ebd71502e4ed182a70c5250a74fbdf
mlir/include/mlir/Dialect/GPU/Transforms/ParallelLoopMapper.h	blob	100644	30511e7faa5825f4db9e225164cbab169e989c69
mlir/include/mlir/Dialect/GPU/Transforms/Passes.h	blob	100644	d5c253d6c9c08c9ed07fa43d9706193d1c217a87
mlir/include/mlir/Dialect/GPU/Transforms/Passes.td	blob	100644	1aaab1ee91523526e74924182657b30670c07994
mlir/include/mlir/Dialect/GPU/Utils/DistributionUtils.h	blob	100644	528970e44f967dbd19e67bb873700072f98b23ab
mlir/include/mlir/Dialect/GPU/Utils/GPUUtils.h	blob	100644	073493971e6b7cc8ad811269c442258683226023
mlir/include/mlir/Dialect/IRDL/CMakeLists.txt	blob	100644	f33061b2d87cffc48b072763eb55d349e9070aba
mlir/include/mlir/Dialect/IRDL/IR/CMakeLists.txt	blob	100644	1c08f0f7f9b1cabea191700ba2ff82859ab65540
mlir/include/mlir/Dialect/IRDL/IR/IRDL.h	blob	100644	5e95307f550e3e5c8745850f479db5ffe8b01779
mlir/include/mlir/Dialect/IRDL/IR/IRDL.td	blob	100644	f554358ed373d43d8c7b3845af3f99bef38d2d02
mlir/include/mlir/Dialect/IRDL/IR/IRDLAttributes.td	blob	100644	2f568e8b6c42a7c0b2279647e9e40c17ac493bdb
mlir/include/mlir/Dialect/IRDL/IR/IRDLInterfaces.h	blob	100644	554fccecdbd805731a153a6d8d14eb8265e91173
mlir/include/mlir/Dialect/IRDL/IR/IRDLInterfaces.td	blob	100644	d1545630dc337cd17661428ba3e3c8d84819e0e1
mlir/include/mlir/Dialect/IRDL/IR/IRDLOps.td	blob	100644	d47d1be4d181d064c7942daec44174a098774233
mlir/include/mlir/Dialect/IRDL/IR/IRDLTraits.h	blob	100644	98bedbfe5f51cdca5c12f731bd5841afc31633db
mlir/include/mlir/Dialect/IRDL/IR/IRDLTypes.td	blob	100644	9cde433cf33a6fc41ef7120a069db1a3a927765f
mlir/include/mlir/Dialect/IRDL/IRDLLoading.h	blob	100644	13c2799c6b28e502f046d4dec993cfb448cb8090
mlir/include/mlir/Dialect/IRDL/IRDLSymbols.h	blob	100644	4b7292c054ec24653aa2acccba5d62afc498c95f
mlir/include/mlir/Dialect/IRDL/IRDLVerifiers.h	blob	100644	bad52bb2d1436890ac2ce5514a2ba80346eb567b
mlir/include/mlir/Dialect/Index/CMakeLists.txt	blob	100644	f33061b2d87cffc48b072763eb55d349e9070aba
mlir/include/mlir/Dialect/Index/IR/CMakeLists.txt	blob	100644	0337b3cd1087126e10c73ef4dd8feafef5f0dbe6
mlir/include/mlir/Dialect/Index/IR/IndexAttrs.h	blob	100644	25ee50dc191e53fd0299ded452fed3808dd9f147
mlir/include/mlir/Dialect/Index/IR/IndexDialect.h	blob	100644	fb8aebfb240b21797606651accb5713c7307bc34
mlir/include/mlir/Dialect/Index/IR/IndexDialect.td	blob	100644	df6087818cc8f40f41c88e4f0e4708bc75c9ba77
mlir/include/mlir/Dialect/Index/IR/IndexEnums.td	blob	100644	90045c990739b84af31479bdd836f76e51cb2fad
mlir/include/mlir/Dialect/Index/IR/IndexOps.h	blob	100644	8984f979c1fee9438f27457b6ffa98759467aa4f
mlir/include/mlir/Dialect/Index/IR/IndexOps.td	blob	100644	cfac59d0db6592369271db1752d0ae262150d362
mlir/include/mlir/Dialect/LLVMIR/BasicPtxBuilderInterface.h	blob	100644	cb2489335a317e04bfab842f1290b2f0bdd482e5
mlir/include/mlir/Dialect/LLVMIR/BasicPtxBuilderInterface.td	blob	100644	10e42706abd3f664c6a9f2eb3c4fbea50e6e597d
mlir/include/mlir/Dialect/LLVMIR/CMakeLists.txt	blob	100644	1fc410ef075b8a49ab8490637561f589a577a0ee
mlir/include/mlir/Dialect/LLVMIR/FunctionCallUtils.h	blob	100644	b09d32022e348202e60ed66dd36c5aea8d8211d8
mlir/include/mlir/Dialect/LLVMIR/LLVMAllOps.td	blob	100644	f65e25d865614d73896269e5c1d5d906fddf9b03
mlir/include/mlir/Dialect/LLVMIR/LLVMAttrDefs.td	blob	100644	4147492da3eabb5b7de3e965ef12a6ad2520fc26
mlir/include/mlir/Dialect/LLVMIR/LLVMAttrs.h	blob	100644	4622384aa0b2179624bd4d5a6247aadfb011cde7
mlir/include/mlir/Dialect/LLVMIR/LLVMDialect.h	blob	100644	fc493e97881dc434ba2d5cbea099d4d8a7678f1d
mlir/include/mlir/Dialect/LLVMIR/LLVMDialect.td	blob	100644	f48cb5385590b186c3fc250389bb7fc273e86908
mlir/include/mlir/Dialect/LLVMIR/LLVMDialectBytecode.td	blob	100644	15d81c4449ac5b88fe9d49fab8832de560c82ac1
mlir/include/mlir/Dialect/LLVMIR/LLVMDialectDecl.h	blob	100644	d845d7dfb96d3ad7d7a4d7ecff14c4095a83d3b6
mlir/include/mlir/Dialect/LLVMIR/LLVMEnums.td	blob	100644	803dbdaabfd91e2aaa50c55370bdc6f5ef7162e9
mlir/include/mlir/Dialect/LLVMIR/LLVMInterfaces.h	blob	100644	e0e98e167f501130b912ccad94526fff6b0cd804
mlir/include/mlir/Dialect/LLVMIR/LLVMInterfaces.td	blob	100644	66a1fe0ce251af1793cefe377face2b2691695b5
mlir/include/mlir/Dialect/LLVMIR/LLVMIntrinsicOps.td	blob	100644	785dd40a174ffcd40ff099226283b9c0f3d03367
mlir/include/mlir/Dialect/LLVMIR/LLVMOpBase.td	blob	100644	34fb1c6b3153c9f65ec96e2a145e97528060e76f
mlir/include/mlir/Dialect/LLVMIR/LLVMOps.td	blob	100644	5998bd01f9bdf56e2729832bdb12f568b9598565
mlir/include/mlir/Dialect/LLVMIR/LLVMTypes.h	blob	100644	a54f83660ca9cad7d3e8a8675cda0ffb821ae105
mlir/include/mlir/Dialect/LLVMIR/LLVMTypes.td	blob	100644	910256aa4617b7a3bb1ffbbb8289b065f09ecb7d
mlir/include/mlir/Dialect/LLVMIR/NVVMDialect.h	blob	100644	0cc509c062c5d4084e49f1ce04f3cba1b6d31733
mlir/include/mlir/Dialect/LLVMIR/NVVMDialect.td	blob	100644	c0f2ee062987e96fc9732a6c68f016cfa5b3274f
mlir/include/mlir/Dialect/LLVMIR/NVVMDialectDecl.h	blob	100644	d6f22a14ae1b4ea6378537200d18d28fd11f648b
mlir/include/mlir/Dialect/LLVMIR/NVVMEnums.td	blob	100644	d98c68ffe5aed6f9a91e93d1f44dafd3a207246c
mlir/include/mlir/Dialect/LLVMIR/NVVMOps.td	blob	100644	28846502267d9cceb8bbe0605dc77ef26e86d04d
mlir/include/mlir/Dialect/LLVMIR/NVVMRequiresSMTraits.h	blob	100644	d60b7c8bb68671a5a1a99905e339ce97daee9725
mlir/include/mlir/Dialect/LLVMIR/NVVMRequiresSMTraits.td	blob	100644	ab7a01346a1147b99e8dfbd7e4f59e54b6cd79be
mlir/include/mlir/Dialect/LLVMIR/ROCDLAttrs.td	blob	100644	075fa75ab5ad8790b1cdc969f46f5a629b9bbc3e
mlir/include/mlir/Dialect/LLVMIR/ROCDLDialect.h	blob	100644	36d5d3574d4a7bf866ca308df300ff6d2ec91abd
mlir/include/mlir/Dialect/LLVMIR/ROCDLDialect.td	blob	100644	a05913bb2c15ff096bf10323c7571bb3fb587427
mlir/include/mlir/Dialect/LLVMIR/ROCDLDialectDecl.h	blob	100644	ba2bfa2d26cb6114bb2ac973b9b6e914110cbcfb
mlir/include/mlir/Dialect/LLVMIR/ROCDLEnums.td	blob	100644	fb704ecf4c0de8eb924b1be43c00885edb7faf08
mlir/include/mlir/Dialect/LLVMIR/ROCDLOps.td	blob	100644	716fd92e810acefc97de0f2f687376619386e0b6
mlir/include/mlir/Dialect/LLVMIR/Transforms/AddComdats.h	blob	100644	a7bc1a1d286deda5b80949200291e3fc3264ca14
mlir/include/mlir/Dialect/LLVMIR/Transforms/CMakeLists.txt	blob	100644	eaca9e9cc5f1de29793f268069c9df818786ca81
mlir/include/mlir/Dialect/LLVMIR/Transforms/DIExpressionLegalization.h	blob	100644	2faf19b788b3a20ff2c546003a8acdbd11f2ee00
mlir/include/mlir/Dialect/LLVMIR/Transforms/DIExpressionRewriter.h	blob	100644	2d9841518a633a018fc6f8e5064e949bac552be7
mlir/include/mlir/Dialect/LLVMIR/Transforms/InlinerInterfaceImpl.h	blob	100644	472a049d567fd2d5584f6d32ecfcf759e2c017ae
mlir/include/mlir/Dialect/LLVMIR/Transforms/LegalizeForExport.h	blob	100644	9b3754f582038ecb8a4325ecb334cdc0d8cda80f
mlir/include/mlir/Dialect/LLVMIR/Transforms/Passes.h	blob	100644	16076fe31481844291b998d842a2827bc555b9ac
mlir/include/mlir/Dialect/LLVMIR/Transforms/Passes.td	blob	100644	73fc9cae23ac546dd9c71b2fa1ed0a0106def69c
mlir/include/mlir/Dialect/LLVMIR/Transforms/RequestCWrappers.h	blob	100644	0becb4d6b785c4306a23868dd1b7c7ba0f0d8639
mlir/include/mlir/Dialect/LLVMIR/Transforms/UseDefaultVisibilityPass.h	blob	100644	e77ee8cb5de0b504fc301f6ca4e7a2d1d596c203
mlir/include/mlir/Dialect/LLVMIR/VCIXDialect.h	blob	100644	3c911d6bc8677b4d7ca3bf7585b0fcab4e25d341
mlir/include/mlir/Dialect/LLVMIR/VCIXOps.td	blob	100644	02f80bbd56451367222e2433345e4bc7e8051901
mlir/include/mlir/Dialect/LLVMIR/XeVMDialect.h	blob	100644	85bc19ad597948efce6b3e18c7d1a630fea9723c
mlir/include/mlir/Dialect/LLVMIR/XeVMOps.td	blob	100644	2cd7bbb07244cc29437a8775b4cc256b71aef999
mlir/include/mlir/Dialect/LLVMIR/pch.h	blob	100644	644a6708945151c45db9805ae6d378a5e38bcd10
mlir/include/mlir/Dialect/Linalg/CMakeLists.txt	blob	100644	18b81746b4cf2cf32bbd3caf0a198374063895ee
mlir/include/mlir/Dialect/Linalg/IR/CMakeLists.txt	blob	100644	4ec880ab82b2001411d39482b1c7e410b387c291
mlir/include/mlir/Dialect/Linalg/IR/Linalg.h	blob	100644	5a7a5d989782e6aaf2a2f839257044708fb09d7a
mlir/include/mlir/Dialect/Linalg/IR/LinalgBase.td	blob	100644	5d53dbc4613177148bd467f532f71dcdb620f9f3
mlir/include/mlir/Dialect/Linalg/IR/LinalgDialect.h	blob	100644	cf8ccad5fa3d7052c58f981b33b5205f7982b421
mlir/include/mlir/Dialect/Linalg/IR/LinalgDoc.td	blob	100644	fe08b9ec744ad526b9d5acdbfa643141d4ee26cb
mlir/include/mlir/Dialect/Linalg/IR/LinalgEnums.td	blob	100644	d18731ce790c439efaa45f203eb974fb9b751d9d
mlir/include/mlir/Dialect/Linalg/IR/LinalgInterfaces.h	blob	100644	ecb2397a21689ac3d1ff77b2d77b2e222c370b74
mlir/include/mlir/Dialect/Linalg/IR/LinalgInterfaces.td	blob	100644	9f1e88a040f5f0809e192f3c0e858c3d8aa04b19
mlir/include/mlir/Dialect/Linalg/IR/LinalgNamedStructuredOps.yaml	blob	100644	828981fe17a3f73e9f6e270951abfa0c5297eb4a
mlir/include/mlir/Dialect/Linalg/IR/LinalgOps.td	blob	100644	2754ee3b4f586cd55bbdf5004883c3f4ca747755
mlir/include/mlir/Dialect/Linalg/IR/LinalgRelayoutOps.td	blob	100644	95383e6262f713723e9d0b13b71de974a44e5375
mlir/include/mlir/Dialect/Linalg/IR/LinalgStructuredOps.td	blob	100644	2b6fc04ac0991f5d9696c74048d6b9374e1f518a
mlir/include/mlir/Dialect/Linalg/IR/RelayoutOpInterface.h	blob	100644	bbf784063aa3fc2c402a428904c8af20840c963e
mlir/include/mlir/Dialect/Linalg/IR/RelayoutOpInterface.td	blob	100644	2dec2fc4396f45adbdcab1c0684acaf83098cc9d
mlir/include/mlir/Dialect/Linalg/IR/ValueBoundsOpInterfaceImpl.h	blob	100644	005ed4bf646062c76b3405e479ba6b7ecb9ff68f
mlir/include/mlir/Dialect/Linalg/Passes.h	blob	100644	f2955d55e59eca325cd817c8f87e43be1dd6fa5c
mlir/include/mlir/Dialect/Linalg/Passes.td	blob	100644	c6a49f37e2879d09ca6d79e109d137327cc4dcf6
mlir/include/mlir/Dialect/Linalg/TransformOps/CMakeLists.txt	blob	100644	94e4e5622495317a2593bd20b2ddd5dd8579283f
mlir/include/mlir/Dialect/Linalg/TransformOps/DialectExtension.h	blob	100644	b89fbc527d5647badc21f29085e3c279016e19b0
mlir/include/mlir/Dialect/Linalg/TransformOps/GPUHeuristics.h	blob	100644	c0c608511109487708c1a6e607335e16a02c74df
mlir/include/mlir/Dialect/Linalg/TransformOps/LinalgMatchOps.h	blob	100644	fdebcb031b113c20f67485abf749d42e6384a096
mlir/include/mlir/Dialect/Linalg/TransformOps/LinalgMatchOps.td	blob	100644	26483760d919e938d53b56b9a0d9fb665f460bce
mlir/include/mlir/Dialect/Linalg/TransformOps/LinalgTransformEnums.td	blob	100644	c72c04517db8d126960b7bef79f70b4f6f1706f9
mlir/include/mlir/Dialect/Linalg/TransformOps/LinalgTransformOps.h	blob	100644	b3468dd0027ad85e96697dc46bfc84c492b0b72f
mlir/include/mlir/Dialect/Linalg/TransformOps/LinalgTransformOps.td	blob	100644	5df9e14b8a3f068e47440e5852341f6cb0707fe8
mlir/include/mlir/Dialect/Linalg/TransformOps/Syntax.h	blob	100644	595e8aac1045fe1d3927284fe6b651142da41360
mlir/include/mlir/Dialect/Linalg/Transforms/AllInterfaces.h	blob	100644	a69751e072b79784b45f4c57e57d25e6f9298974
mlir/include/mlir/Dialect/Linalg/Transforms/BufferizableOpInterfaceImpl.h	blob	100644	3afe2cd0d32f870a883e53cd0643f3dacfd0a176
mlir/include/mlir/Dialect/Linalg/Transforms/Hoisting.h	blob	100644	4edf432d9d97d4b372edfb5c00b8b500bfcc3640
mlir/include/mlir/Dialect/Linalg/Transforms/RuntimeOpVerification.h	blob	100644	6c3643f7835cbe86ec8bc3dd5f03a82b3b504810
mlir/include/mlir/Dialect/Linalg/Transforms/ShardingInterfaceImpl.h	blob	100644	dc21bc05a2dc114528522cf2468aec5d9df06e92
mlir/include/mlir/Dialect/Linalg/Transforms/SubsetInsertionOpInterfaceImpl.h	blob	100644	94b0fb25b506650e594f34d1093964ba846587bc
mlir/include/mlir/Dialect/Linalg/Transforms/TilingInterfaceImpl.h	blob	100644	3cc30123afb25f9156883f44b3c1bce5cddd0743
mlir/include/mlir/Dialect/Linalg/Transforms/Transforms.h	blob	100644	575b8c20b790cc53aebca0be21f3191e0175b9f3
mlir/include/mlir/Dialect/Linalg/Utils/Utils.h	blob	100644	06e7a472a81828f37b535a51660767d26016b006
mlir/include/mlir/Dialect/MLProgram/CMakeLists.txt	blob	100644	9f57627c321fb0c74b3e4a404e3c36bd435f64a7
mlir/include/mlir/Dialect/MLProgram/IR/CMakeLists.txt	blob	100644	2013f344ceef479a67ba25ca8d10e299131e413d
mlir/include/mlir/Dialect/MLProgram/IR/MLProgram.h	blob	100644	a31e69f30d7a8add9ce3cc22be0c90358ef81580
mlir/include/mlir/Dialect/MLProgram/IR/MLProgramAttributes.h	blob	100644	3836684726cb313a8f40e589ec805543b7bfb848
mlir/include/mlir/Dialect/MLProgram/IR/MLProgramAttributes.td	blob	100644	9b0020e985cd25a9758811ade964d282979d15b3
mlir/include/mlir/Dialect/MLProgram/IR/MLProgramBase.td	blob	100644	5ed346aeade5db52115263bbe534c108df359718
mlir/include/mlir/Dialect/MLProgram/IR/MLProgramOps.td	blob	100644	32e4d859f1ac26f3a1967a529b9178095dfc1d72
mlir/include/mlir/Dialect/MLProgram/IR/MLProgramTypes.h	blob	100644	c392ed6c3c2cae7f67755781bf0d726f544b3447
mlir/include/mlir/Dialect/MLProgram/IR/MLProgramTypes.td	blob	100644	1cc5f7f81e8d04d100318ddeb85611f2f28e8655
mlir/include/mlir/Dialect/MLProgram/Transforms/BufferizableOpInterfaceImpl.h	blob	100644	ca541238cf63b636c5ace74987a21205ead04bf7
mlir/include/mlir/Dialect/MLProgram/Transforms/CMakeLists.txt	blob	100644	657c86e401332d78d4d5271698a9372fcb6c4847
mlir/include/mlir/Dialect/MLProgram/Transforms/Passes.h	blob	100644	3acfb8373bc362bc62ff5d4a289c23d2bae9b5e4
mlir/include/mlir/Dialect/MLProgram/Transforms/Passes.td	blob	100644	1085a15d17ff1ab25bf2f55b779a9c952aabd71b
mlir/include/mlir/Dialect/MPI/CMakeLists.txt	blob	100644	f33061b2d87cffc48b072763eb55d349e9070aba
mlir/include/mlir/Dialect/MPI/IR/CMakeLists.txt	blob	100644	eeb3ca5b0e73f5e6b3b5e890d8367daa32c83d23
mlir/include/mlir/Dialect/MPI/IR/MPI.h	blob	100644	2b6743cd008c6cab2ed0b50c6d46f01e41324bb1
mlir/include/mlir/Dialect/MPI/IR/MPI.td	blob	100644	29fd14b3f35f078f0ffd11af466d71f71e06d3b3
mlir/include/mlir/Dialect/MPI/IR/MPIOps.td	blob	100644	80d2ca66faca9e96e4c89247e82e5033e181761a
mlir/include/mlir/Dialect/MPI/IR/MPITypes.td	blob	100644	adc35a70b5837941a44e8e2179fcfb116215963f
mlir/include/mlir/Dialect/MPI/IR/Utils.h	blob	100644	76ff4841d89bc8399a289c1cb4bac00ad66a5588
mlir/include/mlir/Dialect/Math/CMakeLists.txt	blob	100644	9f57627c321fb0c74b3e4a404e3c36bd435f64a7
mlir/include/mlir/Dialect/Math/IR/CMakeLists.txt	blob	100644	0f98a1efbcb791f8d0f0707236498475f4da87d8
mlir/include/mlir/Dialect/Math/IR/Math.h	blob	100644	ce48f02b4589b1cac5f152ceb86cd0eaaba8e317
mlir/include/mlir/Dialect/Math/IR/MathBase.td	blob	100644	162284a1d8363a30477c3e2190e5cb1f08b032e6
mlir/include/mlir/Dialect/Math/IR/MathOps.td	blob	100644	5debb3c57a319d6cc328db440a53adfa371e77d8
mlir/include/mlir/Dialect/Math/Transforms/Approximation.h	blob	100644	ecfdb71817dffd960bc167f897d6e43380f70061
mlir/include/mlir/Dialect/Math/Transforms/CMakeLists.txt	blob	100644	497ac08964c7d652a2d79fabb3fe3d5665b9cd5b
mlir/include/mlir/Dialect/Math/Transforms/Passes.h	blob	100644	b3abbf728a3c681395060d988b8ad472fb2146c8
mlir/include/mlir/Dialect/Math/Transforms/Passes.td	blob	100644	56ba4d05caa5a2cf1b47ccc6daca5102b3ee442f
mlir/include/mlir/Dialect/MemRef/CMakeLists.txt	blob	100644	660deb21479d297fc1097f1b7d7032f907a1bc94
mlir/include/mlir/Dialect/MemRef/IR/CMakeLists.txt	blob	100644	acba41c7421d0bd7cdf6477e273dc07785ee8e47
mlir/include/mlir/Dialect/MemRef/IR/MemRef.h	blob	100644	ff11accf7dd570ecf16aa6bd85619eb7de0bca99
mlir/include/mlir/Dialect/MemRef/IR/MemRefBase.td	blob	100644	82bd30fedf3641a0249eb349c10c5c551456ed88
mlir/include/mlir/Dialect/MemRef/IR/MemRefDialect.h	blob	100644	79c37b214c224dcf36605161dd81b6be06352209
mlir/include/mlir/Dialect/MemRef/IR/MemRefMemorySlot.h	blob	100644	6b56311ed8840a1fb7c47568dbc807a5200f2f3c
mlir/include/mlir/Dialect/MemRef/IR/MemRefOps.td	blob	100644	86e466c46c22854d7605f9591de081ab23e9846d
mlir/include/mlir/Dialect/MemRef/IR/MemoryAccessOpInterfaces.h	blob	100644	0ed9fd99cb78aab45695226cfeb703e2ab3926c0
mlir/include/mlir/Dialect/MemRef/IR/MemoryAccessOpInterfaces.td	blob	100644	b599eca9f38d5884a09383607b0b6d83d5597c75
mlir/include/mlir/Dialect/MemRef/IR/ValueBoundsOpInterfaceImpl.h	blob	100644	eec43b7609c0dc5d0f6e11cd5e70bab068446d22
mlir/include/mlir/Dialect/MemRef/TransformOps/CMakeLists.txt	blob	100644	fc0eb60887b30b76bd5a120083ef689ac850179b
mlir/include/mlir/Dialect/MemRef/TransformOps/MemRefTransformOps.h	blob	100644	5ef901ade91d1184c707156d9ea292df0c576078
mlir/include/mlir/Dialect/MemRef/TransformOps/MemRefTransformOps.td	blob	100644	e626cf66f7a5b4865993a07cbc673c907c33d60a
mlir/include/mlir/Dialect/MemRef/Transforms/AllocationOpInterfaceImpl.h	blob	100644	aea05821fd1167cafdfb40388889aad7b59e39dd
mlir/include/mlir/Dialect/MemRef/Transforms/BufferViewFlowOpInterfaceImpl.h	blob	100644	714518a21e975db827426148cd1b80e900bfd1bb
mlir/include/mlir/Dialect/MemRef/Transforms/CMakeLists.txt	blob	100644	31437448a8bf4519e6d201f924a901b166af5074
mlir/include/mlir/Dialect/MemRef/Transforms/ComposeSubView.h	blob	100644	6a487d902cce9d480776cedb88d40805f5f7b137
mlir/include/mlir/Dialect/MemRef/Transforms/Passes.h	blob	100644	748248d45df261022d5c040a33ccc7feb12d14bb
mlir/include/mlir/Dialect/MemRef/Transforms/Passes.td	blob	100644	84a5aebc9a65e067375985749a1979366033fd53
mlir/include/mlir/Dialect/MemRef/Transforms/RuntimeOpVerification.h	blob	100644	df6ce9f10762beaa49360041ebf0d953d99687a9
mlir/include/mlir/Dialect/MemRef/Transforms/Transforms.h	blob	100644	720677455ae5d3bc749bfce494b3ee7c9159a4ea
mlir/include/mlir/Dialect/MemRef/Utils/MemRefUtils.h	blob	100644	4ee4f0ed68b5d2280ce64d9d792948af441933bb
mlir/include/mlir/Dialect/NVGPU/CMakeLists.txt	blob	100644	660deb21479d297fc1097f1b7d7032f907a1bc94
mlir/include/mlir/Dialect/NVGPU/IR/CMakeLists.txt	blob	100644	02e7a5307b2011f2690bdf6af4ee4579a76fa28f
mlir/include/mlir/Dialect/NVGPU/IR/NVGPU.td	blob	100644	d43a8c38fd1e011ebc360abe9a5526001b165a77
mlir/include/mlir/Dialect/NVGPU/IR/NVGPUDialect.h	blob	100644	7c90c8c5ca03d784d107b70c30ec295e16ff85ef
mlir/include/mlir/Dialect/NVGPU/IR/NVGPUDialectDecl.h	blob	100644	a5987e44884970adc56183368b3bca12dce15fea
mlir/include/mlir/Dialect/NVGPU/IR/NVGPUOps.td	blob	100644	87e525de1c1844f92afff5b4ecfc0bb6eba55b20
mlir/include/mlir/Dialect/NVGPU/IR/NVGPUTypes.td	blob	100644	8836a1a9dfcd8ce08957242c16093d98dff76e62
mlir/include/mlir/Dialect/NVGPU/TransformOps/CMakeLists.txt	blob	100644	f8e7acdf7942abbf5d41d63b0a68c70a820b7c12
mlir/include/mlir/Dialect/NVGPU/TransformOps/NVGPUTransformOps.h	blob	100644	5179adeb09dbe90be35c314399395beca5787dce
mlir/include/mlir/Dialect/NVGPU/TransformOps/NVGPUTransformOps.td	blob	100644	c876e71e0e2855d8e8533ab1b084fb6a6064e2b9
mlir/include/mlir/Dialect/NVGPU/Transforms/CMakeLists.txt	blob	100644	12245fed8edee97c7b12942118d230c0eb2bbcf4
mlir/include/mlir/Dialect/NVGPU/Transforms/MemoryAccessOpInterfacesImpl.h	blob	100644	50d2223912a2784259d4f9cd9cb05c445e128898
mlir/include/mlir/Dialect/NVGPU/Transforms/Passes.h	blob	100644	cc90d0c2894af16640bae6cdf9ab04073f09a647
mlir/include/mlir/Dialect/NVGPU/Transforms/Passes.td	blob	100644	87b773134784bee378b473ded3aae0ed262439a8
mlir/include/mlir/Dialect/NVGPU/Transforms/Transforms.h	blob	100644	2ff9ac43851d84dca8ec70a61f9e006c3113db64
mlir/include/mlir/Dialect/NVGPU/Transforms/Utils.h	blob	100644	64bce441722af8368d483201d2d8018dd60d3683
mlir/include/mlir/Dialect/NVGPU/Utils/MMAUtils.h	blob	100644	faeba0e128db45438106931238fed150c42a3c74
mlir/include/mlir/Dialect/NVVM/CMakeLists.txt	blob	100644	e31af32661164a7b68a765a6eaff0af7797550d2
mlir/include/mlir/Dialect/NVVM/Transforms/CMakeLists.txt	blob	100644	4bf064bdbe2316584673adbfed69b3611b7b1cc1
mlir/include/mlir/Dialect/NVVM/Transforms/OptimizeForNVVM.h	blob	100644	f02d7dbe9778c2e37997e3c2869bdaff8e74196e
mlir/include/mlir/Dialect/NVVM/Transforms/Passes.h	blob	100644	b81e5ae99101643026d6a8c8b397f6f74c9acec4
mlir/include/mlir/Dialect/NVVM/Transforms/Passes.td	blob	100644	b69b368e93e4ec06b0e5082e903f25426bf8c452
mlir/include/mlir/Dialect/OpenACC/Analysis/OpenACCSupport.h	blob	100644	0a7cb231f45c893603012c041b43845ca69c880f
mlir/include/mlir/Dialect/OpenACC/CMakeLists.txt	blob	100644	ee2a8d26af0d3167cba85eb599c4d68bb1429abd
mlir/include/mlir/Dialect/OpenACC/OpenACC.h	blob	100644	b9bdf7a27940b2144434f1965ea1d7224bb4f7f7
mlir/include/mlir/Dialect/OpenACC/OpenACCAttributes.td	blob	100644	f533fb42546fee154a027deea2497680ee2db042
mlir/include/mlir/Dialect/OpenACC/OpenACCBase.td	blob	100644	675574547cebc352aac56368f28f965649a4b007
mlir/include/mlir/Dialect/OpenACC/OpenACCCGAttributes.td	blob	100644	c401f5203ec99e6a2a0b3fec5ac98b22c0f25bc3
mlir/include/mlir/Dialect/OpenACC/OpenACCCGEnums.td	blob	100644	31b0523480c79cbb3298b0c48ef58293d650d3b0
mlir/include/mlir/Dialect/OpenACC/OpenACCCGOps.td	blob	100644	253c0f5bf1cf27c6c1f7e5d96fe9265403b33fed
mlir/include/mlir/Dialect/OpenACC/OpenACCOps.td	blob	100644	dbb3502049a92d2a0e0d32b3f0f1400f1a4efe15
mlir/include/mlir/Dialect/OpenACC/OpenACCOpsInterfaces.td	blob	100644	7cc849c38a1c9a91789f2003c526a690f6861477
mlir/include/mlir/Dialect/OpenACC/OpenACCOpsTypes.td	blob	100644	e942a49be1fb9ec2ff7374d9d4e3616376bfe94a
mlir/include/mlir/Dialect/OpenACC/OpenACCParMapping.h	blob	100644	09b700fe8ad4088e8b1896611cea35cdaab56d5c
mlir/include/mlir/Dialect/OpenACC/OpenACCRuntimeDescriptors.def	blob	100644	aa046bb0e10375dad213ab15fe13fe186dbc67f8
mlir/include/mlir/Dialect/OpenACC/OpenACCRuntimeFunctions.def	blob	100644	3b86683c584e5be1d90fc5d93bf44797b5f24bb4
mlir/include/mlir/Dialect/OpenACC/OpenACCRuntimeUtils.h	blob	100644	93662cb1a593842adf4b09ac967f9394054e9b71
mlir/include/mlir/Dialect/OpenACC/OpenACCTypeInterfaces.td	blob	100644	3b73a2e7eec17d5019e8246b96cc45119a4ab478
mlir/include/mlir/Dialect/OpenACC/OpenACCUtils.h	blob	100644	74e7ec920d17d408cdd08e43c176cccff0d2bbf4
mlir/include/mlir/Dialect/OpenACC/OpenACCUtilsCG.h	blob	100644	bb0af06c01421bed4ef4d87e06f417760023a03d
mlir/include/mlir/Dialect/OpenACC/OpenACCUtilsGPU.h	blob	100644	71e14a78a6925a73a0142745e90e6d99cca6ff4d
mlir/include/mlir/Dialect/OpenACC/OpenACCUtilsLoop.h	blob	100644	3434d3a7f25ed1d26a24be71deb8af99e4714ab7
mlir/include/mlir/Dialect/OpenACC/OpenACCUtilsReduction.h	blob	100644	c213af0380358acfa0c5e0063da12f163eab305d
mlir/include/mlir/Dialect/OpenACC/OpenACCUtilsTiling.h	blob	100644	05ac37d1106ec1e2d27ded81b663d05d05a8e253
mlir/include/mlir/Dialect/OpenACC/OpenACCUtilsType.h	blob	100644	093367223d17b21449dd21babdb6132fb5db10b0
mlir/include/mlir/Dialect/OpenACC/OpenACCVariableInfo.h	blob	100644	95009fdb53fb412d6333bef2645b06f415932399
mlir/include/mlir/Dialect/OpenACC/Transforms/ACCSpecializePatterns.h	blob	100644	cde85fe839bf5589dcaf0e229c24566d34d6a854
mlir/include/mlir/Dialect/OpenACC/Transforms/CMakeLists.txt	blob	100644	81e987a4e89332d14af38e408772ceda7c637b52
mlir/include/mlir/Dialect/OpenACC/Transforms/Passes.h	blob	100644	4751da91c609099602882e1bb8b65a43c7d27d38
mlir/include/mlir/Dialect/OpenACC/Transforms/Passes.td	blob	100644	58e68f55c5010b3ea709f557a191e7979d3435ee
mlir/include/mlir/Dialect/OpenACCMPCommon/CMakeLists.txt	blob	100644	3ac45c187158aa207e09030cd5abc34b183d6cad
mlir/include/mlir/Dialect/OpenACCMPCommon/Interfaces/AtomicInterfaces.h	blob	100644	4953aa245d1bc722ea1b9e6005473de694974024
mlir/include/mlir/Dialect/OpenACCMPCommon/Interfaces/AtomicInterfaces.td	blob	100644	90c6a5fba8429d13fdbe10d5167ba2e5a205a24e
mlir/include/mlir/Dialect/OpenACCMPCommon/Interfaces/CMakeLists.txt	blob	100644	7753089fcc2f43e9e5fff1919c7530b4a5aef9b8
mlir/include/mlir/Dialect/OpenACCMPCommon/Interfaces/OpenACCMPOpsInterfaces.h	blob	100644	6576f874c9a30d54c9047ba38a88ecea2174113a
mlir/include/mlir/Dialect/OpenACCMPCommon/Interfaces/OpenACCMPOpsInterfaces.td	blob	100644	2c5fbbb795d7438307cef5a3bf02e743ffc2c626
mlir/include/mlir/Dialect/OpenMP/CMakeLists.txt	blob	100644	366e7ba60e77bb4a2b4e2dbe8b717f682c795647
mlir/include/mlir/Dialect/OpenMP/OpenMPAttrDefs.td	blob	100644	a7c865dc3b11cd79a882d9798c6192188d96ceba
mlir/include/mlir/Dialect/OpenMP/OpenMPClauseOperands.h	blob	100644	35b58375698f604b361a301494734382074e8994
mlir/include/mlir/Dialect/OpenMP/OpenMPClauses.td	blob	100644	55a8bba40404b7729a7741c086ee993ef56014e5
mlir/include/mlir/Dialect/OpenMP/OpenMPDialect.h	blob	100644	a6854752f75b66e6468a7c928c03e41cde8e8640
mlir/include/mlir/Dialect/OpenMP/OpenMPDialect.td	blob	100644	dbc851a5e297c2841bc019dd559ac5e71e89845f
mlir/include/mlir/Dialect/OpenMP/OpenMPEnums.td	blob	100644	50b02c0d9e61c93b0577d86af7067d1054322c9a
mlir/include/mlir/Dialect/OpenMP/OpenMPInterfaces.h	blob	100644	5ebf7c8090c139e3d8f5e92f592b567c0336827d
mlir/include/mlir/Dialect/OpenMP/OpenMPOpBase.td	blob	100644	c1017826ab0c9c404e7b4e0507dec1a0e204ecc6
mlir/include/mlir/Dialect/OpenMP/OpenMPOps.td	blob	100644	b2ad6abd40ed3d8cb49ea8412c318dcffd402a84
mlir/include/mlir/Dialect/OpenMP/OpenMPOpsAttributes.h	blob	100644	6d196decfad0334240010c25e2835446e6d1fbe6
mlir/include/mlir/Dialect/OpenMP/OpenMPOpsEnums.h	blob	100644	edf316ea9ca8bf7552525b241bb28d25ff1183a3
mlir/include/mlir/Dialect/OpenMP/OpenMPOpsInterfaces.td	blob	100644	a087439c87cb25dea91bff67d7fe55465c1f4b12
mlir/include/mlir/Dialect/OpenMP/OpenMPTypeInterfaces.td	blob	100644	1a38a23c9f180de54530ea760753ec65e4d15553
mlir/include/mlir/Dialect/OpenMP/Transforms/CMakeLists.txt	blob	100644	f90f4ec07f09bfa0e112d5a74f1ae80653aec943
mlir/include/mlir/Dialect/OpenMP/Transforms/Passes.h	blob	100644	ddbe662be69fc3d895007ad392416bddb000ce59
mlir/include/mlir/Dialect/OpenMP/Transforms/Passes.td	blob	100644	2be28c1c000918ccaf23997e66025538b8e5c952
mlir/include/mlir/Dialect/OpenMP/Utils/Utils.h	blob	100644	ed156682b772b13695fd47b04935b672c92f6127
mlir/include/mlir/Dialect/PDL/CMakeLists.txt	blob	100644	f33061b2d87cffc48b072763eb55d349e9070aba
mlir/include/mlir/Dialect/PDL/IR/CMakeLists.txt	blob	100644	12c9c82e118583e05d54b470b2b0af2863d1c48c
mlir/include/mlir/Dialect/PDL/IR/PDL.h	blob	100644	bbc52301360d7a83a32a8de8aa065ed081d38497
mlir/include/mlir/Dialect/PDL/IR/PDLDialect.td	blob	100644	b98940560ef52cb5ae2e5e20d238800e8dbe6520
mlir/include/mlir/Dialect/PDL/IR/PDLOps.h	blob	100644	22935827519d38393f64608ef2f397b89b9c682f
mlir/include/mlir/Dialect/PDL/IR/PDLOps.td	blob	100644	f2279d328a5eb7db904e6cecf4496e0edeb6d9d2
mlir/include/mlir/Dialect/PDL/IR/PDLTypes.h	blob	100644	a342dcc6233f506fb403fed0c4dbae15936b4f34
mlir/include/mlir/Dialect/PDL/IR/PDLTypes.td	blob	100644	721668edead62ff5f3d8e2e1e6dcf79e237d9b07
mlir/include/mlir/Dialect/PDLInterp/CMakeLists.txt	blob	100644	f33061b2d87cffc48b072763eb55d349e9070aba
mlir/include/mlir/Dialect/PDLInterp/IR/CMakeLists.txt	blob	100644	5328b121133a6ea0ee3724b86790ea8e6f865d20
mlir/include/mlir/Dialect/PDLInterp/IR/PDLInterp.h	blob	100644	2ae67ac2e7e95f8dd43f91e18945db5443315610
mlir/include/mlir/Dialect/PDLInterp/IR/PDLInterpOps.td	blob	100644	752ba8e3c4e975743ada0739ff750fec15f9eedc
mlir/include/mlir/Dialect/Ptr/CMakeLists.txt	blob	100644	f33061b2d87cffc48b072763eb55d349e9070aba
mlir/include/mlir/Dialect/Ptr/IR/CMakeLists.txt	blob	100644	388d735843c4e9cbd5b3f6ef9c1a16ec30000648
mlir/include/mlir/Dialect/Ptr/IR/MemorySpaceInterfaces.h	blob	100644	4d65c8d807cb9aa6f5cd3134fbc4cb87c7729c14
mlir/include/mlir/Dialect/Ptr/IR/MemorySpaceInterfaces.td	blob	100644	5231231564fb105a1c3f56328e4158f1e750f62a
mlir/include/mlir/Dialect/Ptr/IR/PtrAttrDefs.td	blob	100644	78006d2dec40df6d6a6bc35d917c0945e08e869b
mlir/include/mlir/Dialect/Ptr/IR/PtrAttrs.h	blob	100644	c252f9efd0471ba5b8bf55332bf206f05c62829b
mlir/include/mlir/Dialect/Ptr/IR/PtrDialect.h	blob	100644	92f877c20dbf074522b66a9e7ae56afce8a301fa
mlir/include/mlir/Dialect/Ptr/IR/PtrDialect.td	blob	100644	bf1f1a3c89f5af7ba1ee1520c68cad444ec6b3ce
mlir/include/mlir/Dialect/Ptr/IR/PtrEnums.h	blob	100644	2e98df8654b71066563312dcb3adb076491f5d30
mlir/include/mlir/Dialect/Ptr/IR/PtrEnums.td	blob	100644	c97bd04d3289609be317ed4932d3c0ef483f37d2
mlir/include/mlir/Dialect/Ptr/IR/PtrOps.h	blob	100644	eaf1e6243a74dff60dd7c461781f8d2c8a6fef8d
mlir/include/mlir/Dialect/Ptr/IR/PtrOps.td	blob	100644	e14f64330c2949aacfb542878c2351c89a1caa7f
mlir/include/mlir/Dialect/Ptr/IR/PtrTypes.h	blob	100644	4fe1b5a1aa42304f908f320bb53baae5b77eb464
mlir/include/mlir/Dialect/Quant/CMakeLists.txt	blob	100644	9f57627c321fb0c74b3e4a404e3c36bd435f64a7
mlir/include/mlir/Dialect/Quant/IR/CMakeLists.txt	blob	100644	120ddaf30e8e004d3535c86e926dcd555db80292
mlir/include/mlir/Dialect/Quant/IR/Quant.h	blob	100644	eb207e8054c9b2f66aef56b8b630552d7df2784a
mlir/include/mlir/Dialect/Quant/IR/QuantBase.td	blob	100644	f11717f835f9b07b41adbd974f5335db0cb68c5a
mlir/include/mlir/Dialect/Quant/IR/QuantDialectBytecode.td	blob	100644	8225e12754a6683b1626ac4c941bb38cd3757d65
mlir/include/mlir/Dialect/Quant/IR/QuantOps.td	blob	100644	6ef925146dce661aae1584c28105348ddf8a2628
mlir/include/mlir/Dialect/Quant/IR/QuantTypes.h	blob	100644	82914c631e42d28b03b2633ab0304762d7d2b23b
mlir/include/mlir/Dialect/Quant/Transforms/CMakeLists.txt	blob	100644	43120df51d931f81cb73fe94eab27f3da50df13a
mlir/include/mlir/Dialect/Quant/Transforms/Passes.h	blob	100644	84be2a21b34ed2c24bff2f292709b3d931603824
mlir/include/mlir/Dialect/Quant/Transforms/Passes.td	blob	100644	2b6b9655395c7b32975e847002c2822f966a27c3
mlir/include/mlir/Dialect/Quant/Utils/FakeQuantSupport.h	blob	100644	6551efc6242a6097540c7899a72d2538831451b4
mlir/include/mlir/Dialect/Quant/Utils/UniformSupport.h	blob	100644	ac89b4327f898577d6e5f1431e8048275b98df79
mlir/include/mlir/Dialect/SCF/CMakeLists.txt	blob	100644	660deb21479d297fc1097f1b7d7032f907a1bc94
mlir/include/mlir/Dialect/SCF/IR/CMakeLists.txt	blob	100644	f6dfc0ef9e96d9ea6684e2e1dc0f321e14925706
mlir/include/mlir/Dialect/SCF/IR/DeviceMappingInterface.h	blob	100644	0a7fdbb4f39029d915e740b86cda5a0cc0c89e96
mlir/include/mlir/Dialect/SCF/IR/DeviceMappingInterface.td	blob	100644	24e3d5ceb45b5eb18b9722d8f53e54258feb68d5
mlir/include/mlir/Dialect/SCF/IR/SCF.h	blob	100644	d891b089224239e1f158de89010081f16b80fc73
mlir/include/mlir/Dialect/SCF/IR/SCFDialect.h	blob	100644	fd6fe64dccd4e55fc1485df8a01b041171c0b045
mlir/include/mlir/Dialect/SCF/IR/SCFOps.td	blob	100644	b0a34989b64338ec3695a5582dec01369df17bb9
mlir/include/mlir/Dialect/SCF/IR/ValueBoundsOpInterfaceImpl.h	blob	100644	1d4e8c9799c688baa414cba243d5969a0bbfe715
mlir/include/mlir/Dialect/SCF/TransformOps/CMakeLists.txt	blob	100644	c9512abccb3396fe6173eae6ea0d104aef57c835
mlir/include/mlir/Dialect/SCF/TransformOps/SCFTransformOps.h	blob	100644	65ccd43b56c8d39d94dd1b33fedce3cfc3c4fe02
mlir/include/mlir/Dialect/SCF/TransformOps/SCFTransformOps.td	blob	100644	4f463bb02fb7711bbd6570c6b43a0e9058af8140
mlir/include/mlir/Dialect/SCF/Transforms/BufferDeallocationOpInterfaceImpl.h	blob	100644	cbfb490c7ab098cd3ea6f59cb247acd0dbb57a31
mlir/include/mlir/Dialect/SCF/Transforms/BufferizableOpInterfaceImpl.h	blob	100644	bd6bcf5c32eb77c1313223533385e6c16698f928
mlir/include/mlir/Dialect/SCF/Transforms/CMakeLists.txt	blob	100644	ed4b365594628a2f8fa5e81e03e4b2e4902864a7
mlir/include/mlir/Dialect/SCF/Transforms/Passes.h	blob	100644	e5794dbfeabaea1b4f9310f2378e04503f627d5f
mlir/include/mlir/Dialect/SCF/Transforms/Passes.td	blob	100644	44e523fdfb8fe38ec6f5700dd458a53f8113b02c
mlir/include/mlir/Dialect/SCF/Transforms/Patterns.h	blob	100644	cfe68f61a7a42bdae32039d694347157ecafa2b4
mlir/include/mlir/Dialect/SCF/Transforms/TileUsingInterface.h	blob	100644	f457da8b3d71dfc3cbae109aaa82ed4881c2dde5
mlir/include/mlir/Dialect/SCF/Transforms/Transforms.h	blob	100644	00e85723071519d41077bab7c48c34950699f8b4
mlir/include/mlir/Dialect/SCF/Utils/AffineCanonicalizationUtils.h	blob	100644	2913a74c6a9d6b9852800a1e841d4414dc5ba819
mlir/include/mlir/Dialect/SCF/Utils/Utils.h	blob	100644	4cc7e62e6fd58534862d7e6492c5fcb75e0c24e3
mlir/include/mlir/Dialect/SMT/CMakeLists.txt	blob	100644	f33061b2d87cffc48b072763eb55d349e9070aba
mlir/include/mlir/Dialect/SMT/IR/CMakeLists.txt	blob	100644	9d50bc7f159521c9646eca90445256c957435876
mlir/include/mlir/Dialect/SMT/IR/SMT.td	blob	100644	6d0e0532ebe24ea5f1a29aec885363d4a1d63595
mlir/include/mlir/Dialect/SMT/IR/SMTArrayOps.td	blob	100644	ac1c2f3ed409a7853dd79215ccbf5a5e2ba93cea
mlir/include/mlir/Dialect/SMT/IR/SMTAttributes.h	blob	100644	8db8a1f198cf9c9c228fb03825f079b82bf0a27a
mlir/include/mlir/Dialect/SMT/IR/SMTAttributes.td	blob	100644	c1c5bfc76e05588bdd89402d7615c34d9ad3dc7c
mlir/include/mlir/Dialect/SMT/IR/SMTBitVectorOps.td	blob	100644	c7422dd11f634acbb20886fbba0ff63e41949340
mlir/include/mlir/Dialect/SMT/IR/SMTDialect.h	blob	100644	2c44ca802a2d51f891c4e14a7f22426b04f94120
mlir/include/mlir/Dialect/SMT/IR/SMTDialect.td	blob	100644	4b33b07da30c13ff46c732d08eecd96d7b2e5f90
mlir/include/mlir/Dialect/SMT/IR/SMTIntOps.td	blob	100644	4aa07a128346145de54d8d64ed860675a38f9b3a
mlir/include/mlir/Dialect/SMT/IR/SMTOps.h	blob	100644	1be7db605d91190993d3de5450dcb70471012132
mlir/include/mlir/Dialect/SMT/IR/SMTOps.td	blob	100644	99b22e5609c743757048e75410fbb28b72a10b0e
mlir/include/mlir/Dialect/SMT/IR/SMTTypes.h	blob	100644	7e50c8bb51f7222e1c07e084c94b342f806c3168
mlir/include/mlir/Dialect/SMT/IR/SMTTypes.td	blob	100644	b22fb0a6e7234cf5519a521695ad5533ef8ea94f
mlir/include/mlir/Dialect/SMT/IR/SMTVisitors.h	blob	100644	e6b1fe8e71a20d1badc7ef0a3fa34b8c87d9f4d0
mlir/include/mlir/Dialect/SPIRV/CMakeLists.txt	blob	100644	0e2b2af11346ff36fcee79ba3d36ed45fd0b747e
mlir/include/mlir/Dialect/SPIRV/IR/CMakeLists.txt	blob	100644	d50e5d5ef787c6c1483cf1c860c08a59b199ad4f
mlir/include/mlir/Dialect/SPIRV/IR/SPIRVArithmeticOps.td	blob	100644	e1b94d6834f810ee7d5537092de2a788706dad8c
mlir/include/mlir/Dialect/SPIRV/IR/SPIRVAtomicOps.td	blob	100644	d756a923b744f9646fe02b42c978ac8268f846ff
mlir/include/mlir/Dialect/SPIRV/IR/SPIRVAttributes.h	blob	100644	2bdd7a5bf3dd83c402b81aad0e84bdacc2b6c53b
mlir/include/mlir/Dialect/SPIRV/IR/SPIRVAttributes.td	blob	100644	5f5c273b12dec8eca4b0c553945f53aad63bdb8b
mlir/include/mlir/Dialect/SPIRV/IR/SPIRVAvailability.td	blob	100644	46f637bfe2cf394c65479bac0176762fef429b29
mlir/include/mlir/Dialect/SPIRV/IR/SPIRVBarrierOps.td	blob	100644	9b361b6b4db711f317f96c7cfe56031a987aff96
mlir/include/mlir/Dialect/SPIRV/IR/SPIRVBase.td	blob	100644	47dfd6ece4f5a883c18432c26fec455e253eeb0d
mlir/include/mlir/Dialect/SPIRV/IR/SPIRVBitOps.td	blob	100644	38639a175ab4dbb7f33b6bd56c5dd3f5d771da94
mlir/include/mlir/Dialect/SPIRV/IR/SPIRVCLOps.td	blob	100644	7c1ca28f728e9f43c561dc045d1ea0fabf0c7633
mlir/include/mlir/Dialect/SPIRV/IR/SPIRVCastOps.td	blob	100644	a434764750a56d1552a77aeb72427ecfefdc65a9
mlir/include/mlir/Dialect/SPIRV/IR/SPIRVCompositeOps.td	blob	100644	73f93522d142b03273c823cebbd00a57b7f9b6aa
mlir/include/mlir/Dialect/SPIRV/IR/SPIRVControlFlowOps.td	blob	100644	bc2bad2d24dbb819fed60c1220e2a13671b92930
mlir/include/mlir/Dialect/SPIRV/IR/SPIRVCooperativeMatrixOps.td	blob	100644	e8124b8b0bed9643ae6ba2728711032484cbbae9
mlir/include/mlir/Dialect/SPIRV/IR/SPIRVDialect.h	blob	100644	b3503fc732bb818631031caab78fcbee7242f794
mlir/include/mlir/Dialect/SPIRV/IR/SPIRVEnums.h	blob	100644	0ec78bfe3b9f5459d260dd6916e35c9a71c5466b
mlir/include/mlir/Dialect/SPIRV/IR/SPIRVExperimentalMLOps.td	blob	100644	ddd478881958b47e410ec2c308cb09d0864fb06c
mlir/include/mlir/Dialect/SPIRV/IR/SPIRVGLCanonicalization.h	blob	100644	1da39ec1493c398880452a3f04cfa89a6a899abe
mlir/include/mlir/Dialect/SPIRV/IR/SPIRVGLOps.td	blob	100644	34b49567deafe414ce32987b50b6df40e792910c
mlir/include/mlir/Dialect/SPIRV/IR/SPIRVGraphOps.td	blob	100644	ae3696169814043045aca56bb97e9c5f5b57462f
mlir/include/mlir/Dialect/SPIRV/IR/SPIRVGroupOps.td	blob	100644	4cc7bb96cda88e5adf81d51b34293eca8de017fa
mlir/include/mlir/Dialect/SPIRV/IR/SPIRVImageOps.td	blob	100644	6d51d479f756232a1f5e2433f1210a848b2cdd2f
mlir/include/mlir/Dialect/SPIRV/IR/SPIRVIntegerDotProductOps.td	blob	100644	811d25d700960206c9cdfe5457bbd5244185fb69
mlir/include/mlir/Dialect/SPIRV/IR/SPIRVIntelExtOps.td	blob	100644	9d4d6a0785f1a2520170f27778cbc3b3593f3fa3
mlir/include/mlir/Dialect/SPIRV/IR/SPIRVLogicalOps.td	blob	100644	796d13c2f023e93491fa59567a3ad751a9c1686c
mlir/include/mlir/Dialect/SPIRV/IR/SPIRVMatrixOps.td	blob	100644	7e89a7fd16c5f1585c409573f87fb0c9a7125171
mlir/include/mlir/Dialect/SPIRV/IR/SPIRVMemoryOps.td	blob	100644	5ae6c8af8300323851081ef669ff0621e0da981c
mlir/include/mlir/Dialect/SPIRV/IR/SPIRVMeshOps.td	blob	100755	a2e3d0509525fada52d6e5bb8df9dee7026b8977
mlir/include/mlir/Dialect/SPIRV/IR/SPIRVMiscOps.td	blob	100644	786dc23c2bdfe45b736962b11e12ea8d04ed59d1
mlir/include/mlir/Dialect/SPIRV/IR/SPIRVNonUniformOps.td	blob	100644	e473a8e0efb3c5862662a2ecec62324df146c578
mlir/include/mlir/Dialect/SPIRV/IR/SPIRVOpTraits.h	blob	100644	d0bbc1f7b6a00532f93fdf637ebe33db10476d62
mlir/include/mlir/Dialect/SPIRV/IR/SPIRVOps.h	blob	100644	2c914d566a747f4ac48afd1d041c6cec749d8c4b
mlir/include/mlir/Dialect/SPIRV/IR/SPIRVOps.td	blob	100644	14dc76aef57db6ee7e37e2231b7e6c03564ed5c0
mlir/include/mlir/Dialect/SPIRV/IR/SPIRVPrimitiveOps.td	blob	100755	c390ae52bb7e5b5b8f2f4480c960bedf62dca5b7
mlir/include/mlir/Dialect/SPIRV/IR/SPIRVStructureOps.td	blob	100644	c8cd881f138c58cbfd907a5d69b978b78cd2427a
mlir/include/mlir/Dialect/SPIRV/IR/SPIRVTosaOps.h	blob	100644	3d75bf1a6a659d760c75c7fbde7102d03783bb48
mlir/include/mlir/Dialect/SPIRV/IR/SPIRVTosaOps.td	blob	100644	bc3e55f9dfb428307d96749cefc382688fc5213c
mlir/include/mlir/Dialect/SPIRV/IR/SPIRVTosaTypes.td	blob	100644	777db957b4d197b1252184892e336ea7b22a55c1
mlir/include/mlir/Dialect/SPIRV/IR/SPIRVTypes.h	blob	100644	70060cfda5fde3b11b8fd37607891334d94f9eb3
mlir/include/mlir/Dialect/SPIRV/IR/TargetAndABI.h	blob	100644	6e302542bde35729ba7001b47ca393606000b9c1
mlir/include/mlir/Dialect/SPIRV/Interfaces/CMakeLists.txt	blob	100644	3343882039d84f603e0b20496fc985403402d242
mlir/include/mlir/Dialect/SPIRV/Interfaces/SPIRVImageInterfaces.h	blob	100644	0c70d4fafd24682fc85e29239c8affa7deca9781
mlir/include/mlir/Dialect/SPIRV/Interfaces/SPIRVImageInterfaces.td	blob	100644	fbb77a7ed2d68acd27d6e8ee4dc861472b69e65c
mlir/include/mlir/Dialect/SPIRV/Linking/ModuleCombiner.h	blob	100644	33f26c159501126f7c038c40daf68c1eeebabd44
mlir/include/mlir/Dialect/SPIRV/Transforms/CMakeLists.txt	blob	100644	a3eb69764a4cd8a039656cc80250afd1d9684f0d
mlir/include/mlir/Dialect/SPIRV/Transforms/Passes.h	blob	100644	f9636c3f0a6017dc5b2414f05c8f1904636d7a59
mlir/include/mlir/Dialect/SPIRV/Transforms/Passes.td	blob	100644	0651911e537ec0699ded335e4471d0f046d2b089
mlir/include/mlir/Dialect/SPIRV/Transforms/SPIRVConversion.h	blob	100644	acb41b74384dc953e50f7eae99c7191e6738db7b
mlir/include/mlir/Dialect/SPIRV/Transforms/SPIRVWebGPUTransforms.h	blob	100644	d0fc85ccc9de494f125325e0a4ea827f6e38447b
mlir/include/mlir/Dialect/SPIRV/Utils/LayoutUtils.h	blob	100644	72683d50d741177acc28203ea984d0043a7b36dd
mlir/include/mlir/Dialect/Shape/Analysis/ShapeMappingAnalysis.h	blob	100644	25befa359085618096c9b45835e3239441b3d7db
mlir/include/mlir/Dialect/Shape/CMakeLists.txt	blob	100644	9f57627c321fb0c74b3e4a404e3c36bd435f64a7
mlir/include/mlir/Dialect/Shape/IR/CMakeLists.txt	blob	100644	1a4729aa7ab92629b86ca3ba56847633cfbdebb7
mlir/include/mlir/Dialect/Shape/IR/Shape.h	blob	100644	1f75f9411d37b562bc1839e721d25c6e7dedd3a2
mlir/include/mlir/Dialect/Shape/IR/ShapeBase.td	blob	100644	d03fb094312a230e86cd21ca3a8f5ff7f4925a24
mlir/include/mlir/Dialect/Shape/IR/ShapeOps.td	blob	100644	9adb702af34498b0ff45a17b9a8ff045a2126447
mlir/include/mlir/Dialect/Shape/Transforms/BufferizableOpInterfaceImpl.h	blob	100644	bd898699de80051fb3366d494b4ab0a83d7dc03d
mlir/include/mlir/Dialect/Shape/Transforms/CMakeLists.txt	blob	100644	5f006d9cb34cab637b0d353e76f348c0b007be9b
mlir/include/mlir/Dialect/Shape/Transforms/Passes.h	blob	100644	6312a655290a22fc5bf5bc019fb92f16f48cfe15
mlir/include/mlir/Dialect/Shape/Transforms/Passes.td	blob	100644	0b8c465fdcbbe13a431e8b0b0be2cc5a56475862
mlir/include/mlir/Dialect/Shard/CMakeLists.txt	blob	100644	fa8842fb04fd721870a7c5be0ccd804087b10814
mlir/include/mlir/Dialect/Shard/IR/CMakeLists.txt	blob	100644	4432e01b069ad634438750c46c22ed1f01b3a88b
mlir/include/mlir/Dialect/Shard/IR/ShardBase.td	blob	100644	c398e83f924fe909d40aed5f68fa1419fe1a1535
mlir/include/mlir/Dialect/Shard/IR/ShardDialect.h	blob	100644	4113a668d4b76b856bb6a18c7dbe0fb5f2e14396
mlir/include/mlir/Dialect/Shard/IR/ShardOps.h	blob	100644	e4ba0293d398f5117a2e1908601b27d64f0f17de
mlir/include/mlir/Dialect/Shard/IR/ShardOps.td	blob	100644	2539eb93f7a5985d19c64998c5d954f3c0a3dfd5
mlir/include/mlir/Dialect/Shard/Interfaces/CMakeLists.txt	blob	100644	29ce6e40e32cac9240ed8ea391ccfc4ff1b2c8ea
mlir/include/mlir/Dialect/Shard/Interfaces/ShardingInterface.h	blob	100644	46f6ed410ebed417ab8c75b8ad6a5041ab0755d5
mlir/include/mlir/Dialect/Shard/Interfaces/ShardingInterface.td	blob	100644	8f5332b41ca726e589526e6da38a2d585abc27a4
mlir/include/mlir/Dialect/Shard/Interfaces/ShardingInterfaceImpl.h	blob	100644	d34ba79257ff8037ac1ece3e354d8e3c342caf9c
mlir/include/mlir/Dialect/Shard/Transforms/CMakeLists.txt	blob	100644	dec7d63c01974efc19aaad329d35ce55f9ed4d89
mlir/include/mlir/Dialect/Shard/Transforms/Partition.h	blob	100644	ba12002b9f1eb2ea0bb23859f97e5e4d06e700db
mlir/include/mlir/Dialect/Shard/Transforms/Passes.h	blob	100644	88bb460255728750452acea1382a247a053ad384
mlir/include/mlir/Dialect/Shard/Transforms/Passes.td	blob	100644	31fed846851dff55b450536353b1c259d624d0db
mlir/include/mlir/Dialect/Shard/Transforms/ReshardingPartitionDoc.md	blob	100644	cf5ae12b54b2cb741cfc4abe0d982ca085110f56
mlir/include/mlir/Dialect/Shard/Transforms/Simplify.h	blob	100644	7d415ba36332d53ba4cdb46beba4f1f5e021468f
mlir/include/mlir/Dialect/Shard/Transforms/Transforms.h	blob	100644	1ddd1985389bcbb39f0af107ad1f53c93c4b4748
mlir/include/mlir/Dialect/SparseTensor/CMakeLists.txt	blob	100644	660deb21479d297fc1097f1b7d7032f907a1bc94
mlir/include/mlir/Dialect/SparseTensor/IR/CMakeLists.txt	blob	100644	12048b494cf430c2fd6696c32d439720f4b4d6ed
mlir/include/mlir/Dialect/SparseTensor/IR/Enums.h	blob	100644	96ee7111fea2cf2500c358b9ce63a0404c3e1427
mlir/include/mlir/Dialect/SparseTensor/IR/SparseTensor.h	blob	100644	43e48a6d34026ea035399957eccf54212bed2b27
mlir/include/mlir/Dialect/SparseTensor/IR/SparseTensorAttrDefs.td	blob	100644	b13a9928ae29d49b66cda42d6d254b1de5e69841
mlir/include/mlir/Dialect/SparseTensor/IR/SparseTensorBase.td	blob	100644	e29358c6aa5588e85ef369bb0dd8e0a070df5b6e
mlir/include/mlir/Dialect/SparseTensor/IR/SparseTensorInterfaces.h	blob	100644	c0f31762ee071f92be7a28ccbe9aac5a88e7534e
mlir/include/mlir/Dialect/SparseTensor/IR/SparseTensorInterfaces.td	blob	100644	5c07e813ac49a67eddae1488e9a28a3d1dd8caac
mlir/include/mlir/Dialect/SparseTensor/IR/SparseTensorOps.td	blob	100644	e41e9dec8c19ac1d1cf7bc0d297d85063846c78a
mlir/include/mlir/Dialect/SparseTensor/IR/SparseTensorStorageLayout.h	blob	100644	7aa9cb6119434ba141f256099ec136277e1f1623
mlir/include/mlir/Dialect/SparseTensor/IR/SparseTensorType.h	blob	100644	a6d904df78f0d370af83f6e847686a3236efe576
mlir/include/mlir/Dialect/SparseTensor/IR/SparseTensorTypes.td	blob	100644	79113d8778743c70f22983f94c478df76c7059ad
mlir/include/mlir/Dialect/SparseTensor/Pipelines/Passes.h	blob	100644	6bb46299738d5f4ea0bdd610e4054358a70dd67d
mlir/include/mlir/Dialect/SparseTensor/TransformOps/CMakeLists.txt	blob	100644	9871d7b03b80ec6a0ff3aad6f62e6cd434e51da1
mlir/include/mlir/Dialect/SparseTensor/TransformOps/SparseTensorTransformOps.h	blob	100644	8c31249090528fc7f167fe554834f345d86c5cdc
mlir/include/mlir/Dialect/SparseTensor/TransformOps/SparseTensorTransformOps.td	blob	100644	44eac878394b86ea0b9f76876b2f3f0db97241d8
mlir/include/mlir/Dialect/SparseTensor/Transforms/BufferizableOpInterfaceImpl.h	blob	100644	81ff534c18478de1c117bb9d63c8fdec6fc9d8db
mlir/include/mlir/Dialect/SparseTensor/Transforms/CMakeLists.txt	blob	100644	b7dc667f726e2b998e74d9a655fc2f9145884038
mlir/include/mlir/Dialect/SparseTensor/Transforms/Passes.h	blob	100644	40b37dc05e92e6553ccc21812b6013849743c49a
mlir/include/mlir/Dialect/SparseTensor/Transforms/Passes.td	blob	100644	c4c83819f1e0ecf8b8910f2a737318b875fd1ac2
mlir/include/mlir/Dialect/SparseTensor/Utils/Merger.h	blob	100644	b8d278152dc05a60ba968c74846b30b0517505e4
mlir/include/mlir/Dialect/Tensor/CMakeLists.txt	blob	100644	cb1e9d01821a2cf352b79c28c44da4ddd33dd3e9
mlir/include/mlir/Dialect/Tensor/Extensions/AllExtensions.h	blob	100644	db0afa858b1fa0fd9ec654711f385d53821270fb
mlir/include/mlir/Dialect/Tensor/Extensions/ShardingExtensions.h	blob	100644	895e7e5939935ee7a1d232d8f36b4b52d8801a50
mlir/include/mlir/Dialect/Tensor/IR/CMakeLists.txt	blob	100644	cd14fe5c0456118188e41a5337a3db7423832545
mlir/include/mlir/Dialect/Tensor/IR/Tensor.h	blob	100644	22dc15116094bcb5516442b3a53f939aa59b8d82
mlir/include/mlir/Dialect/Tensor/IR/TensorBase.td	blob	100644	900ad5f40830c00910ae4de718ad1d986748bfa2
mlir/include/mlir/Dialect/Tensor/IR/TensorDialect.h	blob	100644	b59ec94415289e226a8ca19c597a91e8fea3c27f
mlir/include/mlir/Dialect/Tensor/IR/TensorInferTypeOpInterfaceImpl.h	blob	100644	f806a5db45a98a3b1afd127c1058068572d1c1db
mlir/include/mlir/Dialect/Tensor/IR/TensorOps.td	blob	100644	beac1e91ee6e3c219a6c27c48cda1a8f7ff6cd8c
mlir/include/mlir/Dialect/Tensor/IR/TensorTilingInterfaceImpl.h	blob	100644	7228a5a297ad8188d1a0bff803e5097d43a395d9
mlir/include/mlir/Dialect/Tensor/IR/ValueBoundsOpInterfaceImpl.h	blob	100644	a75ee9df3217d0729b3d50e21a82cf67fb01e120
mlir/include/mlir/Dialect/Tensor/TransformOps/CMakeLists.txt	blob	100644	f68709ac2fa9247780da1294bd157a5b570118eb
mlir/include/mlir/Dialect/Tensor/TransformOps/TensorTransformOps.h	blob	100644	4fb777df340960a8a273cd3e8bf03f4d957436aa
mlir/include/mlir/Dialect/Tensor/TransformOps/TensorTransformOps.td	blob	100644	20a735a72cca2087a77e6e5fa3dbf7212756de49
mlir/include/mlir/Dialect/Tensor/Transforms/BufferizableOpInterfaceImpl.h	blob	100644	298c2259c1fab8072d74e0d2940d557e18672871
mlir/include/mlir/Dialect/Tensor/Transforms/CMakeLists.txt	blob	100644	e07a98f72d19265834c656e20c3b04eee53a2543
mlir/include/mlir/Dialect/Tensor/Transforms/Passes.h	blob	100644	c13294635610a09d4417ed4a53fd1938f0614b19
mlir/include/mlir/Dialect/Tensor/Transforms/Passes.td	blob	100644	fbb855a8fec70786a6f04ba7a6bd74940f91edaf
mlir/include/mlir/Dialect/Tensor/Transforms/RuntimeOpVerification.h	blob	100644	812c4dd6d2cb705c2298627a6980543a3fb96bb9
mlir/include/mlir/Dialect/Tensor/Transforms/SubsetInsertionOpInterfaceImpl.h	blob	100644	019da189a8c991b933093f26a9a79b94701e0db6
mlir/include/mlir/Dialect/Tensor/Transforms/TransformUtils.h	blob	100644	040b2a5d413449cca523aa607a22405a3a37f615
mlir/include/mlir/Dialect/Tensor/Transforms/Transforms.h	blob	100644	341b3b1dc3472e597915173ba249579cb17e789b
mlir/include/mlir/Dialect/Tensor/Utils/Utils.h	blob	100644	da4c4ffb6d1bcd7f9470ca43855adc97b2d4b56b
mlir/include/mlir/Dialect/Tosa/CMakeLists.txt	blob	100644	9f57627c321fb0c74b3e4a404e3c36bd435f64a7
mlir/include/mlir/Dialect/Tosa/IR/CMakeLists.txt	blob	100644	c9300bfe42d9b3473a7c7b5d8c4c34efae0d92b9
mlir/include/mlir/Dialect/Tosa/IR/ShardingInterfaceImpl.h	blob	100644	16427919dace5da39c3e707b480d867646686792
mlir/include/mlir/Dialect/Tosa/IR/TargetEnv.h	blob	100644	704c02596d6e9c6b3775f4538272fa941ddd9cf2
mlir/include/mlir/Dialect/Tosa/IR/TosaComplianceData.h.inc	blob	100644	89f20a2d178d439984412a1dcba1d1f548e12b3b
mlir/include/mlir/Dialect/Tosa/IR/TosaDialectBytecode.td	blob	100644	258841a312c62ca12735cd79d4085ab6907e07e9
mlir/include/mlir/Dialect/Tosa/IR/TosaInterfaces.td	blob	100644	5dfa1e681161d9b716113e448a64e06ff869bd4b
mlir/include/mlir/Dialect/Tosa/IR/TosaOpBase.td	blob	100644	e09c2e47e3af911e99713881d0c1c41470211ece
mlir/include/mlir/Dialect/Tosa/IR/TosaOps.h	blob	100644	db16c74e659cc0bff506b2d22d9b8f4c628b2eb3
mlir/include/mlir/Dialect/Tosa/IR/TosaOps.td	blob	100644	c86997790d32e93acd4ab4085c0af4ca0b0f1436
mlir/include/mlir/Dialect/Tosa/IR/TosaProfileCompliance.h	blob	100644	faff61c58a61207e1351dfd1f9c58d1f48412cd5
mlir/include/mlir/Dialect/Tosa/IR/TosaShapeOps.td	blob	100644	1bbfdc5776f2e9510c89791ced7401dac07cf5d1
mlir/include/mlir/Dialect/Tosa/IR/TosaTypesBase.td	blob	100644	b5701853aaf6834c1dbb0428dd769854c238419c
mlir/include/mlir/Dialect/Tosa/IR/TosaUtilOps.td	blob	100644	4c71089c50fbaf1217c4d988e88ff719be450d0d
mlir/include/mlir/Dialect/Tosa/Transforms/CMakeLists.txt	blob	100644	7913a1e30d2e042bac50953b6bcf3cb28dc18e5c
mlir/include/mlir/Dialect/Tosa/Transforms/Passes.h	blob	100644	e33d7c698856ce9b3c41619149f18e199a02172b
mlir/include/mlir/Dialect/Tosa/Transforms/Passes.td	blob	100644	0ce6c4a059c60d35afb00870694fd3978f84eb19
mlir/include/mlir/Dialect/Tosa/Utils/ConversionUtils.h	blob	100644	3ebee5c198d6ebeebf89321d7336d181f2b906f3
mlir/include/mlir/Dialect/Tosa/Utils/QuantUtils.h	blob	100644	e9ad7869422c45c1850f9606f2f195a876afb9e8
mlir/include/mlir/Dialect/Tosa/Utils/ShapeUtils.h	blob	100644	bdacb98710d33ebd480ea7e14271390c29d95112
mlir/include/mlir/Dialect/Traits.h	blob	100644	b8764bbac0d7de90639ec3528f977a7f0fa0d561
mlir/include/mlir/Dialect/Transform/CMakeLists.txt	blob	100644	eb91ceccd4ef2af683a41303d73679ac3cd18ca0
mlir/include/mlir/Dialect/Transform/DebugExtension/CMakeLists.txt	blob	100644	5fe28dd84c03d93eb1e77d65e160d05fde9cc359
mlir/include/mlir/Dialect/Transform/DebugExtension/DebugExtension.h	blob	100644	5052f763335e83e8dbe6864d2359a13c88c7653d
mlir/include/mlir/Dialect/Transform/DebugExtension/DebugExtensionOps.h	blob	100644	ea541c9515b8328e7ea65575f578df69bdf7f6a6
mlir/include/mlir/Dialect/Transform/DebugExtension/DebugExtensionOps.td	blob	100644	4a6898e36d3438f12c9fab02bfe181b74496147e
mlir/include/mlir/Dialect/Transform/IR/CMakeLists.txt	blob	100644	7ec923bfa4a0e6c64a82708e4196ed06e26e80bb
mlir/include/mlir/Dialect/Transform/IR/TransformAttrs.h	blob	100644	379af932ca48474066455ec1997bb0134b7e04d5
mlir/include/mlir/Dialect/Transform/IR/TransformAttrs.td	blob	100644	e67a9444c24a8b0f949bd6f96761362f93cd44b0
mlir/include/mlir/Dialect/Transform/IR/TransformDialect.h	blob	100644	8fe94ebcf658fba9b8494feeae03962973133d1e
mlir/include/mlir/Dialect/Transform/IR/TransformDialect.td	blob	100644	d53761074db21e0006fa64b020c4058889c0991c
mlir/include/mlir/Dialect/Transform/IR/TransformOps.h	blob	100644	88185a07966d755485bf4b64ade27f37967fbfe5
mlir/include/mlir/Dialect/Transform/IR/TransformOps.td	blob	100644	ee5b6aefde3751fb912fa1f753ad6d86d01dc3bb
mlir/include/mlir/Dialect/Transform/IR/TransformTypes.h	blob	100644	a0d54253c80d73fd2c898e8ade4c531147d3bc8b
mlir/include/mlir/Dialect/Transform/IR/TransformTypes.td	blob	100644	ac3e8c21ffb817358fa02987ae532b717141c315
mlir/include/mlir/Dialect/Transform/IR/Utils.h	blob	100644	5a878b33c946cf94e19b53d1431d93764d4760ca
mlir/include/mlir/Dialect/Transform/IRDLExtension/CMakeLists.txt	blob	100644	d4d581505a7977fdfda6561e518bbebb7b4b1c32
mlir/include/mlir/Dialect/Transform/IRDLExtension/IRDLExtension.h	blob	100644	19684e1ed4446840afa76477231d0123cbc3cdee
mlir/include/mlir/Dialect/Transform/IRDLExtension/IRDLExtensionOps.h	blob	100644	7e1d5cad1fbd8855921770eb5a3c466f366dbff3
mlir/include/mlir/Dialect/Transform/IRDLExtension/IRDLExtensionOps.td	blob	100644	6ca624aeda12c7fd878d1b74148bfcef889300df
mlir/include/mlir/Dialect/Transform/Interfaces/CMakeLists.txt	blob	100644	75e174941160b497874d22bc55275c48bcac6082
mlir/include/mlir/Dialect/Transform/Interfaces/MatchInterfaces.h	blob	100644	43abfbd6c070ac118f3a0c32e1ac9b022a238b82
mlir/include/mlir/Dialect/Transform/Interfaces/MatchInterfaces.td	blob	100644	56d2ac64859976ded6823d080fb4735bc2198c53
mlir/include/mlir/Dialect/Transform/Interfaces/TransformInterfaces.h	blob	100644	baf7d01e6811c230fccac91cde9d114fe8109a8b
mlir/include/mlir/Dialect/Transform/Interfaces/TransformInterfaces.td	blob	100644	61c673d173b71d7c75fd7b90a68ede4c7a587acf
mlir/include/mlir/Dialect/Transform/LoopExtension/CMakeLists.txt	blob	100644	8d6384c236261de006c8f472a978ff8790d0520f
mlir/include/mlir/Dialect/Transform/LoopExtension/LoopExtension.h	blob	100644	b62e6193d97affcf83dd41bfafd9386f76544920
mlir/include/mlir/Dialect/Transform/LoopExtension/LoopExtensionOps.h	blob	100644	f3f696bb0b9c6980cb5211182a3eda8a5503a81b
mlir/include/mlir/Dialect/Transform/LoopExtension/LoopExtensionOps.td	blob	100644	885b55811e62ce304ef4b03223da9974342dfd33
mlir/include/mlir/Dialect/Transform/PDLExtension/CMakeLists.txt	blob	100644	1a4fb937ddb94837e3205dadcb58f89bd568a8d0
mlir/include/mlir/Dialect/Transform/PDLExtension/PDLExtension.h	blob	100644	bf5a105bc9f29b05cacf54f2b9f535be8289abcb
mlir/include/mlir/Dialect/Transform/PDLExtension/PDLExtensionOps.h	blob	100644	7f52e00ec30b642845cb9afafb33312c0fdd0714
mlir/include/mlir/Dialect/Transform/PDLExtension/PDLExtensionOps.td	blob	100644	4c4d230d2ae4bf2909f4024d2c8b6ca0b2e39a6b
mlir/include/mlir/Dialect/Transform/SMTExtension/CMakeLists.txt	blob	100644	55e7c19fc3f146724ff4ed044e7bef1f44170aa2
mlir/include/mlir/Dialect/Transform/SMTExtension/SMTExtension.h	blob	100644	7079873cec0483717d9a2abcd0e328e296adcb63
mlir/include/mlir/Dialect/Transform/SMTExtension/SMTExtensionOps.h	blob	100644	f6353a995d7479a4bbf94d0e6e7d8db060e375a6
mlir/include/mlir/Dialect/Transform/SMTExtension/SMTExtensionOps.td	blob	100644	9d9783aa66ed92d875026859fa57c28de39ee081
mlir/include/mlir/Dialect/Transform/Transforms/CMakeLists.txt	blob	100644	057a9cefefff207e11f31aced593a5bcc380bdea
mlir/include/mlir/Dialect/Transform/Transforms/Passes.h	blob	100644	74e37d58074ce619fd182a5d71ae7f02356bd7f6
mlir/include/mlir/Dialect/Transform/Transforms/Passes.td	blob	100644	86a2b3c21faf0d5882fb66ac96d46002d4b34545
mlir/include/mlir/Dialect/Transform/Transforms/TransformInterpreterUtils.h	blob	100644	e78cf770d4a6695a4ff7e24e4d8b9cfcf154a599
mlir/include/mlir/Dialect/Transform/TuneExtension/CMakeLists.txt	blob	100644	72732251226ae485fcde02169eea8842397e61b9
mlir/include/mlir/Dialect/Transform/TuneExtension/TuneExtension.h	blob	100644	1453d1754297f72c1a160f88d34d4830adf42640
mlir/include/mlir/Dialect/Transform/TuneExtension/TuneExtensionOps.h	blob	100644	ba112597906763e840cf58dc926ed717e19ffa09
mlir/include/mlir/Dialect/Transform/TuneExtension/TuneExtensionOps.td	blob	100644	1a4807ef1196a360d6dba3762bde587433aece0c
mlir/include/mlir/Dialect/Transform/Utils/DiagnosedSilenceableFailure.h	blob	100644	fcf422a0b6aa3473a7e555cd8e098014f4bb0bed
mlir/include/mlir/Dialect/Transform/Utils/RaggedArray.h	blob	100644	3d4083bdd073e44835899f21a49023052378a6e6
mlir/include/mlir/Dialect/Transform/Utils/Utils.h	blob	100644	ea7273d7fac7906f667437cf5d4c3e8b0762b22d
mlir/include/mlir/Dialect/UB/CMakeLists.txt	blob	100644	f33061b2d87cffc48b072763eb55d349e9070aba
mlir/include/mlir/Dialect/UB/IR/CMakeLists.txt	blob	100644	bb63a78567d9a3b8c923900d10230258a442dbe8
mlir/include/mlir/Dialect/UB/IR/UBMatchers.h	blob	100644	9dc29ac37691c81e28d2d1125dc9b4f5626924f4
mlir/include/mlir/Dialect/UB/IR/UBOps.h	blob	100644	21de5cb0c182adef9da9da1131517ad59166fe8b
mlir/include/mlir/Dialect/UB/IR/UBOps.td	blob	100644	666301799256bc473ed71af1cfe25245fa269b34
mlir/include/mlir/Dialect/UB/IR/UBOpsInterfaces.td	blob	100644	28005061f9efdf05f777fd5fe50214a63813b1cc
mlir/include/mlir/Dialect/Utils/CMakeLists.txt	blob	100644	0945d7d3d8e7b348cadb3b0543ff381efe9db19a
mlir/include/mlir/Dialect/Utils/IndexingUtils.h	blob	100644	28eae87a8be65d5abfe4bcf2d5f7508b8da1f524
mlir/include/mlir/Dialect/Utils/ReshapeOpsUtils.h	blob	100644	6f58ed48fd64f257e26a1caee63ca927a25d4b30
mlir/include/mlir/Dialect/Utils/StaticValueUtils.h	blob	100644	a0ceee6e543ebd6705ce8c52bb11d902db4b7b61
mlir/include/mlir/Dialect/Utils/StructuredOpsUtils.h	blob	100644	929a2a7d396496b439983bbdc8aa082682888ab0
mlir/include/mlir/Dialect/Utils/StructuredOpsUtils.td	blob	100644	4200343ce3e132603eb05d97ea139aca7a26dac3
mlir/include/mlir/Dialect/Utils/VerificationUtils.h	blob	100644	b0f4102d15d62bcb421c79bcd9fd4fcef3582063
mlir/include/mlir/Dialect/Vector/CMakeLists.txt	blob	100644	f2f2fa4c092bfbbc9315d0d549e1f017de37d6fd
mlir/include/mlir/Dialect/Vector/IR/CMakeLists.txt	blob	100644	ede818b9b34969ebe46e13ce7005885c2563a8ee
mlir/include/mlir/Dialect/Vector/IR/ScalableValueBoundsConstraintSet.h	blob	100644	b32f4a777b90adb3e1df0fb4f96c3c1ebc834998
mlir/include/mlir/Dialect/Vector/IR/ValueBoundsOpInterfaceImpl.h	blob	100644	4794bc9016c6f949190bea39386a8c3f24b5f2fb
mlir/include/mlir/Dialect/Vector/IR/Vector.td	blob	100644	f5e76c168f335106b9e93dc4f09eeddc2d8c8585
mlir/include/mlir/Dialect/Vector/IR/VectorAttributes.td	blob	100644	58e18a15e9409d683f8e776d5228b41b40fba60a
mlir/include/mlir/Dialect/Vector/IR/VectorDialect.h	blob	100644	da89c34e6917075bd6efe85b5ee6e8cde5473a9c
mlir/include/mlir/Dialect/Vector/IR/VectorOps.h	blob	100644	074b543ed35af85e3ff641e0a8ae4222235081cc
mlir/include/mlir/Dialect/Vector/IR/VectorOps.td	blob	100644	3309e8a546a5e49413daef961a06de48cf633f5d
mlir/include/mlir/Dialect/Vector/Interfaces/CMakeLists.txt	blob	100644	e97cb88e0a1e121de03369f7558edada6a398207
mlir/include/mlir/Dialect/Vector/Interfaces/MaskableOpInterface.h	blob	100644	01c968570b93dab445a2f2ddb2d322162c8fb824
mlir/include/mlir/Dialect/Vector/Interfaces/MaskableOpInterface.td	blob	100644	184ca68d24b6075b7d2a85d1302c8a3fcedd23f2
mlir/include/mlir/Dialect/Vector/Interfaces/MaskingOpInterface.h	blob	100644	5eb613a6024c376c1132981cd966ed2fc82cdf30
mlir/include/mlir/Dialect/Vector/Interfaces/MaskingOpInterface.td	blob	100644	6840f0af105fd18340ebadf5afcd64629ee57109
mlir/include/mlir/Dialect/Vector/TransformOps/CMakeLists.txt	blob	100644	8a90d2738f8fa3f79f4a54b93387d80f99d8a8ed
mlir/include/mlir/Dialect/Vector/TransformOps/VectorTransformOps.h	blob	100644	c43a8a0b02c67e20ff9bf4c59a69e751dfd32a9a
mlir/include/mlir/Dialect/Vector/TransformOps/VectorTransformOps.td	blob	100644	3bd53bb69c576dde91cd5272086079fd0fcfb606
mlir/include/mlir/Dialect/Vector/Transforms/BufferizableOpInterfaceImpl.h	blob	100644	bd1a7f3aa102e44108b0415f1db348129cfd8a8f
mlir/include/mlir/Dialect/Vector/Transforms/CMakeLists.txt	blob	100644	52e374188072534f3a3877d005be9637f3004e54
mlir/include/mlir/Dialect/Vector/Transforms/IndexedAccessOpInterfaceImpl.h	blob	100644	57fe661ad81f060726ecc900ff256b262879745e
mlir/include/mlir/Dialect/Vector/Transforms/LoweringPatterns.h	blob	100644	556979ad3e9be0bd8415bdce8a24c4debd2a6220
mlir/include/mlir/Dialect/Vector/Transforms/MemorySlotOpInterfaceImpl.h	blob	100644	4c2e38672841972c12706a3d8c853ba93e9c6aa9
mlir/include/mlir/Dialect/Vector/Transforms/Passes.h	blob	100644	959c2fbf31f1a921b180e66da7e610ef617d0b3e
mlir/include/mlir/Dialect/Vector/Transforms/Passes.td	blob	100644	9431a4d8e240f76e7ceb1576b3d245a9264707f0
mlir/include/mlir/Dialect/Vector/Transforms/SubsetOpInterfaceImpl.h	blob	100644	74bde485fa17a990d50ff52533ba71c1e1c8d111
mlir/include/mlir/Dialect/Vector/Transforms/VectorDistribution.h	blob	100644	18dc72219ff9ffb6fdcbd80f323f6fc70340d7db
mlir/include/mlir/Dialect/Vector/Transforms/VectorRewritePatterns.h	blob	100644	6363279f6826bac65cb703b6d615f177da26c2c4
mlir/include/mlir/Dialect/Vector/Transforms/VectorTransforms.h	blob	100644	e815e026305fab4cee5a0a0ff5b79f030b40f670
mlir/include/mlir/Dialect/Vector/Transforms/VectorTransformsBase.td	blob	100644	34febf2c4ff4b193caef1f7510269f7ccce21ab5
mlir/include/mlir/Dialect/Vector/Utils/VectorUtils.h	blob	100644	edfbbf4ba6da05d9e0f067dad18828d5e1df5040
mlir/include/mlir/Dialect/WasmSSA/CMakeLists.txt	blob	100644	f33061b2d87cffc48b072763eb55d349e9070aba
mlir/include/mlir/Dialect/WasmSSA/IR/CMakeLists.txt	blob	100644	98f8966e85862c82529362c27111219b5e01be07
mlir/include/mlir/Dialect/WasmSSA/IR/WasmSSA.h	blob	100644	64d480c065b790e0368692468c401d3a1e9ec18e
mlir/include/mlir/Dialect/WasmSSA/IR/WasmSSABase.td	blob	100644	0e93fdd0609625cb243b22da117e33bc9191c7ce
mlir/include/mlir/Dialect/WasmSSA/IR/WasmSSAInterfaces.h	blob	100644	d8948317477d0b98247d2e95b14a559bcbb1062d
mlir/include/mlir/Dialect/WasmSSA/IR/WasmSSAInterfaces.td	blob	100644	db4cf2d6f72b6b5dba06b862624e45aacad4f3dd
mlir/include/mlir/Dialect/WasmSSA/IR/WasmSSAOps.td	blob	100644	2df567c393e5957f68dd20433fca2664dd2520bb
mlir/include/mlir/Dialect/WasmSSA/IR/WasmSSATypes.td	blob	100644	4d78836cce75e2c5979eef74e7b38f42d81bbdef
mlir/include/mlir/Dialect/X86/CMakeLists.txt	blob	100644	190573e043b1731ab4c2098ad76fa81e2347e9f1
mlir/include/mlir/Dialect/X86/TransformOps/CMakeLists.txt	blob	100644	d21bc07060d777096e1b300f32b7ba58f99f8d51
mlir/include/mlir/Dialect/X86/TransformOps/X86TransformOps.h	blob	100644	4d0031f6cf6910a2296e38488e36692d3dc180bc
mlir/include/mlir/Dialect/X86/TransformOps/X86TransformOps.td	blob	100644	48aabf90914e24aa9a137d72ee6bc1ea7e0a49d6
mlir/include/mlir/Dialect/X86/Transforms.h	blob	100644	8bcaf9a67feb0e8146a528fd196cb44354c52666
mlir/include/mlir/Dialect/X86/Utils/X86Utils.h	blob	100644	3e8b33f712b3567744b5cea9cd61d700a32e5aef
mlir/include/mlir/Dialect/X86/X86.td	blob	100644	681887e894260c7ec1b0bf70debf23affc8343a2
mlir/include/mlir/Dialect/X86/X86Dialect.h	blob	100644	6b1358b31e666defe6fc19821e94bcab86ef6486
mlir/include/mlir/Dialect/X86/X86Interfaces.td	blob	100644	7570e742103dd463c12e672406d70d050ab1e6f9
mlir/include/mlir/Dialect/XeGPU/CMakeLists.txt	blob	100644	cb1e9d01821a2cf352b79c28c44da4ddd33dd3e9
mlir/include/mlir/Dialect/XeGPU/IR/CMakeLists.txt	blob	100644	b10219f71b531487209e657894ce5281cb3b51e7
mlir/include/mlir/Dialect/XeGPU/IR/XeGPU.h	blob	100644	0f41fc48cf1351aba027a24e051bc9f8f03620bf
mlir/include/mlir/Dialect/XeGPU/IR/XeGPU.td	blob	100644	232e962870716c63d2ef47bb562f2ec15172b7cc
mlir/include/mlir/Dialect/XeGPU/IR/XeGPUAttrs.td	blob	100644	5b4b23348c0632fd3ceba38be5987cfc72e0217f
mlir/include/mlir/Dialect/XeGPU/IR/XeGPUDialect.td	blob	100644	652cf18ade58024f7e9d4f7d19ae36683f132e62
mlir/include/mlir/Dialect/XeGPU/IR/XeGPUOps.td	blob	100644	2821b01e880d54a34e82f2c79d9f56ed91ca754b
mlir/include/mlir/Dialect/XeGPU/IR/XeGPUTypes.td	blob	100644	ec0e083aa207cdd2611bb75347982fef7cd05b7c
mlir/include/mlir/Dialect/XeGPU/TransformOps/CMakeLists.txt	blob	100644	318d0d9c8c86acd232b67b39589fd6c0d975db5a
mlir/include/mlir/Dialect/XeGPU/TransformOps/XeGPUTransformOps.h	blob	100644	3e16d1e4a7c94a84a4f75203040d13e44d00e50c
mlir/include/mlir/Dialect/XeGPU/TransformOps/XeGPUTransformOps.td	blob	100644	2ed46901297082c21f606b0c582fed900ee97057
mlir/include/mlir/Dialect/XeGPU/Transforms/CMakeLists.txt	blob	100644	0f4b8d8d55ccc9d572b2372a7b7dd738c0ac0970
mlir/include/mlir/Dialect/XeGPU/Transforms/Passes.h	blob	100644	bf55bde4b25b1f43f08021c49969247acc9f373e
mlir/include/mlir/Dialect/XeGPU/Transforms/Passes.td	blob	100644	36f0a131b345b6b9409baec1b856effeefe66095
mlir/include/mlir/Dialect/XeGPU/Transforms/Transforms.h	blob	100644	388bd6145df21e34d0863493f03bfaa0eeebf00f
mlir/include/mlir/Dialect/XeGPU/Transforms/XeGPULayoutImpl.h	blob	100644	9d0ee049ad9363bdde108b2c5542ab1b4149a313
mlir/include/mlir/Dialect/XeGPU/Utils/XeGPUUtils.h	blob	100644	d54d159fe2120012317cf82eae8517ce9df632a6
mlir/include/mlir/Dialect/XeGPU/uArch/IntelGpuXe2.h	blob	100644	ae042e71e362f269442c3c119953c9fca335c7e3
mlir/include/mlir/Dialect/XeGPU/uArch/IntelGpuXe3.h	blob	100644	6cd777519d950e4d6e4367c2eb7fce0bda544f6e
mlir/include/mlir/Dialect/XeGPU/uArch/uArchBase.h	blob	100644	e1879bb3ffe1c2790e3f9985f0778a6b98025a50
mlir/include/mlir/Dialect/XeGPU/uArch/uArchCommon.h	blob	100644	82cfb5538f23fee66f74d4800d4457c0eb150f4e
mlir/include/mlir/ExecutionEngine/AsyncRuntime.h	blob	100644	063381ba5d67c7fa5b5de6d73eac279891087947
mlir/include/mlir/ExecutionEngine/CRunnerUtils.h	blob	100644	812f719e723eb38b8fc2cfd7d2cdea0b5e6fd5c1
mlir/include/mlir/ExecutionEngine/ExecutionEngine.h	blob	100644	5bd71d68d253a19933200ce93dc20bd458739208
mlir/include/mlir/ExecutionEngine/Float16bits.h	blob	100644	ad409841b2a927a47ff0e6120c4ce6e97e7de807
mlir/include/mlir/ExecutionEngine/JitRunner.h	blob	100644	b4210f6a34020c27ed7829f31c44c733d3941363
mlir/include/mlir/ExecutionEngine/MemRefUtils.h	blob	100644	e9471731afe1396311b5252af6a44466ed27c4a4
mlir/include/mlir/ExecutionEngine/Msan.h	blob	100644	ee94660ae650c769f7539cc6f0e7833e372282af
mlir/include/mlir/ExecutionEngine/OptUtils.h	blob	100644	4cee8c6d60ff11ee044190814148e66ed5167b73
mlir/include/mlir/ExecutionEngine/RunnerUtils.h	blob	100644	9a748370c36e392ca75c13073bd3db57d4587fcd
mlir/include/mlir/ExecutionEngine/SparseTensor/ArithmeticUtils.h	blob	100644	32b7d6ef1f668c318c96023ac84571d4ac179a20
mlir/include/mlir/ExecutionEngine/SparseTensor/COO.h	blob	100644	721e9bc69adac2022f82997cf765e5cb2427addf
mlir/include/mlir/ExecutionEngine/SparseTensor/File.h	blob	100644	fc35a55d3c79ba2f79dc7a07dfd936a758c56cb2
mlir/include/mlir/ExecutionEngine/SparseTensor/MapRef.h	blob	100644	b0653913ff89d001116e302bc9458124fc76f4b9
mlir/include/mlir/ExecutionEngine/SparseTensor/Storage.h	blob	100644	80e3fec22694fbfdb0064770aa6cbe8c35172ffc
mlir/include/mlir/ExecutionEngine/SparseTensorRuntime.h	blob	100644	d53f2d86bc01d2968b8551617d8b7ea036e8f05b
mlir/include/mlir/IR/Action.h	blob	100644	2fad47768ceff9461c610ebcc90c0d8303d0aed0
mlir/include/mlir/IR/AffineExpr.h	blob	100644	51b5e972abd41c0349af8f156e4cb688c46e5723
mlir/include/mlir/IR/AffineExprVisitor.h	blob	100644	ccf62fc80f748897ba4a9d0f4de2e1677e07924a
mlir/include/mlir/IR/AffineMap.h	blob	100644	aa932e7bcda6c657792e2ff3ecdd1acd0e6855e5
mlir/include/mlir/IR/AsmState.h	blob	100644	2c611f606039498ce1db2fb7663f56d8dd7c5b64
mlir/include/mlir/IR/AttrTypeBase.td	blob	100644	ac7ac8fdb3039cb1e1d1c1f3598a0f53b6fb9f03
mlir/include/mlir/IR/AttrTypeSubElements.h	blob	100644	234767deea00afd3921d45270786f637b39d74d7
mlir/include/mlir/IR/AttributeSupport.h	blob	100644	9f36ee4aae2783a266ad5ace092510e4e493e516
mlir/include/mlir/IR/Attributes.h	blob	100644	a2f9c5fcda873f0b191ccc29287bfda61eed46dd
mlir/include/mlir/IR/Block.h	blob	100644	3638595358e2541223a53b8cda5046741ad5d1a6
mlir/include/mlir/IR/BlockSupport.h	blob	100644	9468d800077c12c97f5e2313eeebddd0c239beb5
mlir/include/mlir/IR/Builders.h	blob	100644	0bf41530b14b08371680d8f64e919adb1fe4a4d7
mlir/include/mlir/IR/BuiltinAttributeInterfaces.h	blob	100644	b94a933b5c945f1dc2c98844ab3aa33211b73bc0
mlir/include/mlir/IR/BuiltinAttributeInterfaces.td	blob	100644	7bc7fbe8c50f24b69ec65fb309adbcc0c5457996
mlir/include/mlir/IR/BuiltinAttributes.h	blob	100644	8522ffc7abaab830ab01aebcbfffeb68435390d3
mlir/include/mlir/IR/BuiltinAttributes.td	blob	100644	ba2c374a9ab48b518d46fb263b43b58537728447
mlir/include/mlir/IR/BuiltinDialect.h	blob	100644	d06b63da6b892d4d746c74eeeee1d38dfa598e93
mlir/include/mlir/IR/BuiltinDialect.td	blob	100644	c770dd50f3622a1c8b40cca420d0369008fd9084
mlir/include/mlir/IR/BuiltinDialectBytecode.td	blob	100644	d098793989dc4a6d43587ae1041b9a2ba33c61a3
mlir/include/mlir/IR/BuiltinLocationAttributes.td	blob	100644	fe4e61100872f2ed73ef5fa97c4e8765386c6e1e
mlir/include/mlir/IR/BuiltinOps.h	blob	100644	bfecf63fe658d66416d257491e9f42488c2f4954
mlir/include/mlir/IR/BuiltinOps.td	blob	100644	f16b686762b48f9077ea8abef14e7e6e9556beea
mlir/include/mlir/IR/BuiltinTypeInterfaces.h	blob	100644	9425d554b427c69a40f91920d732ff37e977cb76
mlir/include/mlir/IR/BuiltinTypeInterfaces.td	blob	100644	93c8c0694b467d76d6b6ca0f54e7d12cdd7cd0b3
mlir/include/mlir/IR/BuiltinTypes.h	blob	100644	d30cba29c98142c90f7e14d4d676dd1109e2e094
mlir/include/mlir/IR/BuiltinTypes.td	blob	100644	ffb0e542153ee57dd95de6f13157a90a224ddfbf
mlir/include/mlir/IR/BytecodeBase.td	blob	100644	3eab62493ffef2bd7efc97730710b1093054eca1
mlir/include/mlir/IR/CMakeLists.txt	blob	100644	15518901b901aba9c68e898a41ecced46a7538b3
mlir/include/mlir/IR/CommonAttrConstraints.td	blob	100644	ba6cf55a8fb9e9d14f4025ca19aa58e7031c32e8
mlir/include/mlir/IR/CommonTypeConstraints.td	blob	100644	8dbd7ac4b97604af1435c1b32326b9b600adf52f
mlir/include/mlir/IR/Constraints.td	blob	100644	0d59fffce9df9bff7ab89fcd9810e1566d23a969
mlir/include/mlir/IR/Diagnostics.h	blob	100644	3b8fb46b06a4843833fed5514c5e90cc23359836
mlir/include/mlir/IR/Dialect.h	blob	100644	fb24a6895dabdc444416d5b0c7e3b731024c4b7e
mlir/include/mlir/IR/DialectBase.td	blob	100644	3b41e841eb3adbb1aec026f1bd5ae0365e35b5c9
mlir/include/mlir/IR/DialectImplementation.h	blob	100644	2652114b508e3e2b24f93fc6a3b58e0c5de8c9f6
mlir/include/mlir/IR/DialectInterface.h	blob	100644	601c53f074f20bc78bca23a4f15d3b520e988c9f
mlir/include/mlir/IR/DialectRegistry.h	blob	100644	cd609603494a97520e391ae8c82a6ad3aa3f2576
mlir/include/mlir/IR/DialectResourceBlobManager.h	blob	100644	6c30efde306e40dfd66173b5443ea8d31bd63d58
mlir/include/mlir/IR/Dominance.h	blob	100644	70924a2e9ae59dcecc6864a9af1d4b70bd4cd69c
mlir/include/mlir/IR/EnumAttr.td	blob	100644	1c3a223dbb849611fd8bc3fe4473c2c8f1717854
mlir/include/mlir/IR/ExtensibleDialect.h	blob	100644	79c07cbefcc5ce92170da62d5d903b2f2761b9dd
mlir/include/mlir/IR/IRMapping.h	blob	100644	bc4c2d82201ea73e281a0b0229a267a7ef6356bd
mlir/include/mlir/IR/ImplicitLocOpBuilder.h	blob	100644	1772dd83b29f5d701d7e98f2a7630e03a7bb69fa
mlir/include/mlir/IR/IntegerSet.h	blob	100644	3c84131e8ecd5aee267efe50953996e9164e0112
mlir/include/mlir/IR/Interfaces.td	blob	100644	e16de2942a043802e6dfed817e4cd97bc99ea144
mlir/include/mlir/IR/Iterators.h	blob	100644	12e74d1770a438225a57b6256bedb110ed8a8886
mlir/include/mlir/IR/Location.h	blob	100644	abc435b9b08ff2ba88fdc0688edc8527eaf1a41a
mlir/include/mlir/IR/MLIRContext.h	blob	100644	ce195518066d95c19dccfde09e5be279ca5af61b
mlir/include/mlir/IR/Matchers.h	blob	100644	e577909621cb86a50baf2bc737210820f898f260
mlir/include/mlir/IR/ODSSupport.h	blob	100644	036ce4e5b725f4b417a2fc5539c31dd31517928f
mlir/include/mlir/IR/OpAsmDialectInterface.td	blob	100644	520f313d3e9e82a78d81f83d33c976307a223a1f
mlir/include/mlir/IR/OpAsmInterface.td	blob	100644	1838b248a2c7a60536a08605a788753ba0efab81
mlir/include/mlir/IR/OpAsmSupport.h	blob	100644	58528878d6a457ee5c809e36e4995785a4fdb146
mlir/include/mlir/IR/OpBase.td	blob	100644	a130d5847a1c72dd5250fbb63d2461dc432353e8
mlir/include/mlir/IR/OpDefinition.h	blob	100644	4741eecb4a874e4ff4645c6c3fdb9eab961bc8b0
mlir/include/mlir/IR/OpImplementation.h	blob	100644	85021653da9be06b8f5385681cef9843bfe1af4a
mlir/include/mlir/IR/Operation.h	blob	100644	3ea9ad8ca0cfc43195a0c0fb36dc7eba0aba4a4c
mlir/include/mlir/IR/OperationSupport.h	blob	100644	54beafdeab27e6497705813c3eeb2892d7f4e0e9
mlir/include/mlir/IR/OwningOpRef.h	blob	100644	0c35eae8de096412e448bf94d7bf814b0eb5c891
mlir/include/mlir/IR/PDLPatternMatch.h.inc	blob	100644	a39a46382affd1865957ebbb57931f13f83addfe
mlir/include/mlir/IR/PatternBase.td	blob	100644	33f8e2ac316d5c5a2f484e3ab8919d80769166aa
mlir/include/mlir/IR/PatternMatch.h	blob	100644	531051e42b8240c09e33c353a481c6fcbf0db771
mlir/include/mlir/IR/Properties.td	blob	100644	2830ba96fb78723ebad6af57b395ac04cc7935c9
mlir/include/mlir/IR/QuantStorageTypeInterface.h	blob	100644	4f5e102feea85d6d7a29500422f9166557b8caf4
mlir/include/mlir/IR/QuantStorageTypeInterface.td	blob	100644	22dabc58fca5488d2c4d7c812fb53170be9e3a99
mlir/include/mlir/IR/Region.h	blob	100644	1e433e759005cc72eda5f665544048ed8e2a480f
mlir/include/mlir/IR/RegionGraphTraits.h	blob	100644	bf21d9720169c9a597d161e35a6ba51b6161f281
mlir/include/mlir/IR/RegionKindInterface.h	blob	100644	d6d3aeeb9bd05262318b5b384efc41f1714ef73c
mlir/include/mlir/IR/RegionKindInterface.td	blob	100644	607001a89250ea09ed1f7ae2961d30d35576cd74
mlir/include/mlir/IR/Remarks.h	blob	100644	81073efa4e02631f586b993c06af85bd8bf946da
mlir/include/mlir/IR/StorageUniquerSupport.h	blob	100644	85189b5793fc71063a5151dc9323d8435bdfd842
mlir/include/mlir/IR/SymbolInterfaces.td	blob	100644	97570b19de6f91c4f609e1151c773412ffa5d2b8
mlir/include/mlir/IR/SymbolTable.h	blob	100644	a6d8e8660cd229a27fc657807d9e444503d8fd20
mlir/include/mlir/IR/TensorEncoding.h	blob	100644	5d98aefaeb92eab7d19ea040769585584e8aca33
mlir/include/mlir/IR/TensorEncoding.td	blob	100644	a9f93a966599fc0a64c472fb9ef3716c7720e493
mlir/include/mlir/IR/Threading.h	blob	100644	3ceab6b3e883a52b00d55d33d7367a98a836ab05
mlir/include/mlir/IR/Traits.td	blob	100644	221f8633ad954e0afc15dfca55d25a416bc29599
mlir/include/mlir/IR/TypeRange.h	blob	100644	7f43a27d645081fc5a5a7958d2ba8479d8e1239e
mlir/include/mlir/IR/TypeSupport.h	blob	100644	36ef696ba4f6fb1bb9f6f8cffa5f20b0c0944104
mlir/include/mlir/IR/TypeUtilities.h	blob	100644	06e04896a720fc31ba82c50ee908634dac7e1d15
mlir/include/mlir/IR/Types.h	blob	100644	70599b448f76e68f622c2227b88647286b8bcf36
mlir/include/mlir/IR/Unit.h	blob	100644	0e99f8e25f326e46b20ef21a068d819a5a8920da
mlir/include/mlir/IR/UseDefLists.h	blob	100644	2d60036716611b17f90bb3b7649161a8100b6eb2
mlir/include/mlir/IR/Utils.td	blob	100644	e75b3ae7a50d1718beaf49ec71052bbda50ca3eb
mlir/include/mlir/IR/Value.h	blob	100644	a34837bfcea1ad1791a25c16224cdd4f488c7d68
mlir/include/mlir/IR/ValueRange.h	blob	100644	c630d0c520b66c601973e364b459fed2617c3769
mlir/include/mlir/IR/VectorTypes.h	blob	100644	1f1d0f7a306698f4af469206b06af9d2ed73eca8
mlir/include/mlir/IR/Verifier.h	blob	100644	eb96d11443fc767d0f80e0037b286d2dce35b2aa
mlir/include/mlir/IR/Visitors.h	blob	100644	907f470c0d248d7314feab2035f7e7c0eda3cc0f
mlir/include/mlir/IR/pch.h	blob	100644	214839dd9352e9f7f18b6bcff923a6c03bf3e293
mlir/include/mlir/InitAllDialects.h	blob	100644	76281712a3df9212e75c908ebe44a257f5257711
mlir/include/mlir/InitAllExtensions.h	blob	100644	a7f64d9c1608343a1ee3c79bc4f33255ec44dfa8
mlir/include/mlir/InitAllPasses.h	blob	100644	455429030003f071a7878cebb69999c1cb1a7818
mlir/include/mlir/InitAllTranslations.h	blob	100644	622024db5a8a2cc9e68b68a67653bf7eb85bbde1
mlir/include/mlir/Interfaces/AlignmentAttrInterface.h	blob	100644	5b52c22d4a8247d4ddf03c6dfd1490aec6272f93
mlir/include/mlir/Interfaces/AlignmentAttrInterface.td	blob	100644	931af6990f40ad53132f2e97c5e6aa14b6392208
mlir/include/mlir/Interfaces/CMakeLists.txt	blob	100644	6461c68423c7350a62644418c7dd5aa61341fe68
mlir/include/mlir/Interfaces/CallInterfaces.h	blob	100644	4d5bb4c7a85835235bdb231d707ceedc27d38bba
mlir/include/mlir/Interfaces/CallInterfaces.td	blob	100644	47b0f7c0a187fa972fa6cd2b035899dff4d02bfe
mlir/include/mlir/Interfaces/CastInterfaces.h	blob	100644	991b084b8b44d5e9b10d836bdaa27aba214d74bf
mlir/include/mlir/Interfaces/CastInterfaces.td	blob	100644	3b81eef8b864bc197a935a9f3c852b3c91d96bbb
mlir/include/mlir/Interfaces/ControlFlowInterfaces.h	blob	100644	48b80e2059e11925d8884140a89fb194c332f17a
mlir/include/mlir/Interfaces/ControlFlowInterfaces.td	blob	100644	080829238a1536c6fbec089c5c3d7af5cc17adfa
mlir/include/mlir/Interfaces/DataLayoutInterfaces.h	blob	100644	20de0c6ba7e43f9801f0d230b6920a8141620682
mlir/include/mlir/Interfaces/DataLayoutInterfaces.td	blob	100644	9d35f78b218f8f320361ba1bc36f44e091032300
mlir/include/mlir/Interfaces/DerivedAttributeOpInterface.h	blob	100644	63cd09f5bc42c03b1077a2360584c4c8c8cf2cb7
mlir/include/mlir/Interfaces/DerivedAttributeOpInterface.td	blob	100644	0317d64ae0f4d6939a2f5698575799d957b1f28d
mlir/include/mlir/Interfaces/DestinationStyleOpInterface.h	blob	100644	6649371f3ed321e304ab52eaa841d9736d83b339
mlir/include/mlir/Interfaces/DestinationStyleOpInterface.td	blob	100644	9c0db9b3a5107642342e6615a79174724b93ed19
mlir/include/mlir/Interfaces/DialectFoldInterface.td	blob	100644	138be794f605c0273e9b1a8eb9e1bf0d8a7ecd33
mlir/include/mlir/Interfaces/FoldInterfaces.h	blob	100644	5a4247d848d1834417045ff0ad662f4857beb904
mlir/include/mlir/Interfaces/FunctionImplementation.h	blob	100644	374c2c534f87d6687cb73e6f1010f171f7392e6f
mlir/include/mlir/Interfaces/FunctionInterfaces.h	blob	100644	e10e9bd342702ab959bb4c667669867463751453
mlir/include/mlir/Interfaces/FunctionInterfaces.td	blob	100644	4f312a62108317858ff5d6ce23c0d728ab4af198
mlir/include/mlir/Interfaces/IndexingMapOpInterface.h	blob	100644	d5978b6fe9b78760abd68aea00046d50408e7846
mlir/include/mlir/Interfaces/IndexingMapOpInterface.td	blob	100644	fdcc183d99215132c86e675438585aa719ef0000
mlir/include/mlir/Interfaces/InferIntDivisibilityOpInterface.h	blob	100644	374acee05cb107a42f0ced4ac0c8663c64b62980
mlir/include/mlir/Interfaces/InferIntDivisibilityOpInterface.td	blob	100644	c665475e0fd7f5d7ef99cb8a1eb8580da5f3b86a
mlir/include/mlir/Interfaces/InferIntRangeInterface.h	blob	100644	a6de3d1885eecfe487a889b4af1af20e48334dc6
mlir/include/mlir/Interfaces/InferIntRangeInterface.td	blob	100644	6ee436ce4d6c2f9f51e830a9dc728ccd70f20d8a
mlir/include/mlir/Interfaces/InferStridedMetadataInterface.h	blob	100644	0c572e0196a037322a480c28f708506d402cefe5
mlir/include/mlir/Interfaces/InferStridedMetadataInterface.td	blob	100644	ee5b0942f683e61728e287136db9cb4a83063c68
mlir/include/mlir/Interfaces/InferTypeOpInterface.h	blob	100644	1bfb66e681d8dac5bf540443476be6fa0b2b0c99
mlir/include/mlir/Interfaces/InferTypeOpInterface.td	blob	100644	36397d596aed6c1dce5aaba9a272d43e5c0470f4
mlir/include/mlir/Interfaces/LoopLikeInterface.h	blob	100644	9925fc6ce6ca946d805d3bd4ae722243d7c35fbd
mlir/include/mlir/Interfaces/LoopLikeInterface.td	blob	100644	0bb82c1e4638e0b68efc141d0abbedf249981657
mlir/include/mlir/Interfaces/MemOpInterfaces.h	blob	100644	cdc423f5da1a594fe612490ab3d3ed50e51543dc
mlir/include/mlir/Interfaces/MemOpInterfaces.td	blob	100644	1a64e97c3412d787a1c0436327b49755a99b55cf
mlir/include/mlir/Interfaces/MemorySlotInterfaces.h	blob	100644	4ddacd67f99c2586d2f85747318ea42ee15af87d
mlir/include/mlir/Interfaces/MemorySlotInterfaces.td	blob	100644	3997c84963207e50bd9f1bcd80c115f28c33c787
mlir/include/mlir/Interfaces/ParallelCombiningOpInterface.h	blob	100644	82ab427699f64c0af05f0a1718486a2863143f67
mlir/include/mlir/Interfaces/ParallelCombiningOpInterface.td	blob	100644	ace26f723ef5314b4d5a6b84b405e9e2d530ed93
mlir/include/mlir/Interfaces/RuntimeVerifiableOpInterface.h	blob	100644	2995e4a9a24a17ddcb7c467d9d7fad55d8077049
mlir/include/mlir/Interfaces/RuntimeVerifiableOpInterface.td	blob	100644	21104834a9dc3c8711b291c6666aaae328e1e20e
mlir/include/mlir/Interfaces/ShapedOpInterfaces.h	blob	100644	eb9313f748ff0dd62d30c6239be75853f0945537
mlir/include/mlir/Interfaces/ShapedOpInterfaces.td	blob	100644	f1e175a578f1d0753fcf0973755b4b08592dc4f2
mlir/include/mlir/Interfaces/SideEffectInterfaceBase.td	blob	100644	c1b7372b75a6715e4ef5976958b2e0866560d92d
mlir/include/mlir/Interfaces/SideEffectInterfaces.h	blob	100644	dfffbcaf1bbab2d1e6c40ddf5b6119abd2c9b99c
mlir/include/mlir/Interfaces/SideEffectInterfaces.td	blob	100644	b292174fccb36c051f3339733b448ba335026dda
mlir/include/mlir/Interfaces/SubsetOpInterface.h	blob	100644	98c33ec65012fca18d03f4d2737888e085c5291a
mlir/include/mlir/Interfaces/SubsetOpInterface.td	blob	100644	7000e7dfc89cdbeb154d8204c90e465107606a54
mlir/include/mlir/Interfaces/TilingInterface.h	blob	100644	1c7811328a2abafe957f7b0553315a0cde7ee926
mlir/include/mlir/Interfaces/TilingInterface.td	blob	100644	5845545ce686a3501a0d6464b0529ad5c3c525e5
mlir/include/mlir/Interfaces/Utils/InferIntRangeCommon.h	blob	100644	e369c80a26ea91840cd3d37e3888a6f7b1ee1328
mlir/include/mlir/Interfaces/Utils/MemorySlotUtils.h	blob	100644	66be79b5ad2858aa94719bba543c378bf71b29be
mlir/include/mlir/Interfaces/ValueBoundsOpInterface.h	blob	100644	50c2dfe64de2bb220b4056e1ef8b38bcc655b17e
mlir/include/mlir/Interfaces/ValueBoundsOpInterface.td	blob	100644	a080209101a531f18a86012593d7d1aeebcea2c6
mlir/include/mlir/Interfaces/VectorInterfaces.h	blob	100644	551d2c1dbc445f0526ed56f700f8d1040c22e5c6
mlir/include/mlir/Interfaces/VectorInterfaces.td	blob	100644	3ba8ac4fc0a0a0ee709727c35f0ea35ea369e75b
mlir/include/mlir/Interfaces/ViewLikeInterface.h	blob	100644	c1c2269051efd12f60905c2d4d0dc95dad5bcbeb
mlir/include/mlir/Interfaces/ViewLikeInterface.td	blob	100644	131c1a0d92b24c9d52b41e6ba8319e366591d4de
mlir/include/mlir/Parser/Parser.h	blob	100644	2368cb3d49a39b696bfb16591144f2022c08e20e
mlir/include/mlir/Pass/AnalysisManager.h	blob	100644	45009d4b02a58c1d0030dcda392f935a40a79682
mlir/include/mlir/Pass/Pass.h	blob	100644	ea4baa27fbc2d3ca4190c8350ea5e8fdbb712340
mlir/include/mlir/Pass/PassBase.td	blob	100644	e37f9735e2241b8a4f9df943259edcd19e651498
mlir/include/mlir/Pass/PassInstrumentation.h	blob	100644	0247db6060e2e81c217de45233bca41b6d7bf907
mlir/include/mlir/Pass/PassManager.h	blob	100644	0f2a2bd060acd00a72a1fdb24ebfc5be2de65f7b
mlir/include/mlir/Pass/PassOptions.h	blob	100644	4e4652ee8eef1e23653eed311d53582bca484a21
mlir/include/mlir/Pass/PassRegistry.h	blob	100644	f9cdee683d3ff7e34a5ec493bbfd112867962ed9
mlir/include/mlir/Query/Matcher/ErrorBuilder.h	blob	100644	08f1f415cbd3e593e008c76c97e15b7e70ada040
mlir/include/mlir/Query/Matcher/Marshallers.h	blob	100644	e75c46f4090a672f4f601b2324ea196e110df485
mlir/include/mlir/Query/Matcher/MatchFinder.h	blob	100644	6d06ca13d1344037b3b4462379517cf5b668546f
mlir/include/mlir/Query/Matcher/MatchersInternal.h	blob	100644	4e7375283486fad2e7ba48cad026228626bb5a3d
mlir/include/mlir/Query/Matcher/Registry.h	blob	100644	e929b4a04d151db2a8810e5670ab3236491f308c
mlir/include/mlir/Query/Matcher/SliceMatchers.h	blob	100644	43b699817927c580e03c2d36becfe9ed0dfc8fc7
mlir/include/mlir/Query/Matcher/VariantValue.h	blob	100644	1a47576de18414fcc9a6ca43ef377395db0973b9
mlir/include/mlir/Query/Query.h	blob	100644	18f2172c9510a351750aeecc8d1f971aa95317bd
mlir/include/mlir/Query/QuerySession.h	blob	100644	fe552d750fc7716f4a46001670fc3d7ded1bf035
mlir/include/mlir/Reducer/CMakeLists.txt	blob	100644	37a19a481adc4523f3b38785dd8053e88da02edb
mlir/include/mlir/Reducer/DialectReductionPatternInterface.td	blob	100644	8f33897d7a75db0406504a6fd97cbf21292617b4
mlir/include/mlir/Reducer/Passes.h	blob	100644	d961737aaffae3f03aae7f4cbb1d27aabb4654b9
mlir/include/mlir/Reducer/Passes.td	blob	100644	cce5c7570d4d954f88f7f06cbe49554ac86ccedf
mlir/include/mlir/Reducer/ReductionNode.h	blob	100644	6ca4e13d159ac41c408799edd87e28ddfd5266c3
mlir/include/mlir/Reducer/ReductionPatternInterface.h	blob	100644	7d7a1eeea27ac778e6e6eb3d3d422994ebb52601
mlir/include/mlir/Reducer/Tester.h	blob	100644	fe0b31f79090ab0c802ea62626cb7d2709d39617
mlir/include/mlir/Remark/LLVMRemarkImport.h	blob	100644	ccacb70e4c1b0d91cda596d4cf52c1d5ed14be30
mlir/include/mlir/Remark/RemarkStreamer.h	blob	100644	19a70fa4c4daade553a2cf7629c7ea22985c66fc
mlir/include/mlir/Rewrite/FrozenRewritePatternSet.h	blob	100644	d6c431206e06ee95ee46b9007be6462a6dac86ec
mlir/include/mlir/Rewrite/PassUtil.td	blob	100644	10a039590bfa39bf5232a663751014b1772dfa02
mlir/include/mlir/Rewrite/PatternApplicator.h	blob	100644	f7871f819a273b2a3becc8fe0011bfc62bc05fb2
mlir/include/mlir/Support/ADTExtras.h	blob	100644	51ec7ac25dbb5991cf474132b5bc9edf92783c81
mlir/include/mlir/Support/Complex.h	blob	100644	86c06f230b8ef960033075adc5037ece87ba5aea
mlir/include/mlir/Support/CyclicReplacerCache.h	blob	100644	786bc49040d7e9a7a0ee755210bd946cd5b39ace
mlir/include/mlir/Support/DebugStringHelper.h	blob	100644	dc6e93683072f49994f3e20021d98a77797e5924
mlir/include/mlir/Support/FileUtilities.h	blob	100644	fca17d82a2bf2b7a7487508d4e8650d3e007457e
mlir/include/mlir/Support/IndentedOstream.h	blob	100644	eeab36806c4ee70306c13d6d7634e1b0c0081c47
mlir/include/mlir/Support/InterfaceSupport.h	blob	100644	c70c081b7fcbc5a0a0fc94129eb7ec0a4fefaeb1
mlir/include/mlir/Support/LLVM.h	blob	100644	03509d4af2a2343fe51459453b9e4d441db1bf70
mlir/include/mlir/Support/LogicalResult.h	blob	100644	c7da8defc35ff8433bdfc8c1d3504a1aa2fcc225
mlir/include/mlir/Support/RawOstreamExtras.h	blob	100644	a3d8d25dac6085c47ff44d45cc7e0d8317fce623
mlir/include/mlir/Support/StateStack.h	blob	100644	ef0f5d198b4561ff6eb82b922f23c7d462dc9c4f
mlir/include/mlir/Support/StorageUniquer.h	blob	100644	39018ebba106f9d9b64fb08ae7050b542a55068e
mlir/include/mlir/Support/ThreadLocalCache.h	blob	100644	66041638b89a2484c4e0f515c8d122fbbba5c02a
mlir/include/mlir/Support/Timing.h	blob	100644	50ae84735dbf04c9ea0d5a2edb13d891ab2ca69b
mlir/include/mlir/Support/ToolUtilities.h	blob	100644	657f117d8d8b51dc58905f88fdbe755637a6b25d
mlir/include/mlir/Support/TypeID.h	blob	100644	a3844178e11a086bd18315240a0c0e8abe35d55b
mlir/include/mlir/Support/WalkResult.h	blob	100644	cd3b1e1562796a2db502467a8a7655bcf354150f
mlir/include/mlir/TableGen/Argument.h	blob	100644	a2c129b4f28d86e6d88eac204edc332ee7dd3dd8
mlir/include/mlir/TableGen/AttrOrTypeDef.h	blob	100644	65992f9fef5e95cad341510294720bc5f39a492e
mlir/include/mlir/TableGen/Attribute.h	blob	100644	dee81880bacabad763c0c1ad943f96b5a639565c
mlir/include/mlir/TableGen/Builder.h	blob	100644	a733bc569fb31954ae66ef34b628b85fb868daea
mlir/include/mlir/TableGen/Class.h	blob	100644	e6bedc7cc896d9c9f8ba29e04e518f43bff1dba5
mlir/include/mlir/TableGen/CodeGenHelpers.h	blob	100644	b56172f55a157ba430ebba1b409ab8d4bb55e4bf
mlir/include/mlir/TableGen/Constraint.h	blob	100644	641c6b9290856f54a7ca53335bca38ef586970cd
mlir/include/mlir/TableGen/Dialect.h	blob	100644	68230196b17cc0f0a2427ef9d8dbb3e71dc38c29
mlir/include/mlir/TableGen/EnumInfo.h	blob	100644	aea76c01e7e7a45c16bd7264c9f00237b49d6a80
mlir/include/mlir/TableGen/Format.h	blob	100644	bdecf491faf21dd6b524d6f1a85f5f20f4f477f5
mlir/include/mlir/TableGen/GenInfo.h	blob	100644	9dec0e4f1bd919e3063d301f9202b2f371f6dd36
mlir/include/mlir/TableGen/GenNameParser.h	blob	100644	208866b29b80e8c522a009846d65d34894fe539e
mlir/include/mlir/TableGen/Interfaces.h	blob	100644	5b2bb34f8c153590e758f8000fd0d263b6a58eb2
mlir/include/mlir/TableGen/Operator.h	blob	100644	bb36c077708e9297d57f574efffcf48c3ff5af28
mlir/include/mlir/TableGen/Pass.h	blob	100644	d2bb6e5304ee3fd250119dd633fd01aced36064b
mlir/include/mlir/TableGen/Pattern.h	blob	100644	16172fcfba6be28d9be6208043ff9b67dbab344e
mlir/include/mlir/TableGen/Predicate.h	blob	100644	2eeb253d56b2661352dfa72c0a124f3676687da0
mlir/include/mlir/TableGen/Property.h	blob	100644	5877b54147f99da58d8cde47a8f7ac86bace0e86
mlir/include/mlir/TableGen/Region.h	blob	100644	4b8dc92714ef0a3b0cbe0f0d6674657f8ef477e2
mlir/include/mlir/TableGen/SideEffects.h	blob	100644	14faae457f272877d095fc70ca5e8be0b670f0b6
mlir/include/mlir/TableGen/Successor.h	blob	100644	64f0386751891f725f020ace50ea12e9c6f3b3e0
mlir/include/mlir/TableGen/Trait.h	blob	100644	bebb5c8528a5ae36a9883d9c84e58cf576edd52b
mlir/include/mlir/TableGen/Type.h	blob	100644	b974ac281041bc89fcfa5403f1cd3da9ee5a1e59
mlir/include/mlir/Target/CMakeLists.txt	blob	100644	39d31dc9b5e9c8388a48b78ea6df6603a9c8ee94
mlir/include/mlir/Target/Cpp/CppEmitter.h	blob	100644	7c5747a88826160c89cf128a1a8d44cf505ba3b1
mlir/include/mlir/Target/IRDLToCpp/IRDLToCpp.h	blob	100644	940ce5632cb41a7f8ecbc36817582dbe24558919
mlir/include/mlir/Target/IRDLToCpp/TranslationRegistration.h	blob	100644	430c519570862ebc6cef035b7fab7db80496a4d4
mlir/include/mlir/Target/LLVM/ModuleToObject.h	blob	100644	4ae634a372a8e1780787fb641b296b81fabc3f2a
mlir/include/mlir/Target/LLVM/NVVM/Target.h	blob	100644	e3cb758725c8f2715fc1e4065263a7b497342045
mlir/include/mlir/Target/LLVM/NVVM/Utils.h	blob	100644	ca4b6424a292c409c13d760d4cc453cc81cb5b6e
mlir/include/mlir/Target/LLVM/ROCDL/Target.h	blob	100644	4e39848bd4234261c2235ed3a3514fb9efaef5da
mlir/include/mlir/Target/LLVM/ROCDL/Utils.h	blob	100644	f189fc26e5a756ab012b7bc650344233411725e6
mlir/include/mlir/Target/LLVM/XeVM/Target.h	blob	100644	6aab15c9ba07e3d769166c003f85adcfab83c1e7
mlir/include/mlir/Target/LLVM/XeVM/Utils.h	blob	100644	b5fa0349839ee9224d9ea0e4a6a327681ab3adf0
mlir/include/mlir/Target/LLVMIR/CMakeLists.txt	blob	100644	8cf9a9cd864dae574bc589bceb6972d00ce33782
mlir/include/mlir/Target/LLVMIR/DataLayoutImporter.h	blob	100644	4d432df493c3f813021650cd0eaca4a2aa9ae50c
mlir/include/mlir/Target/LLVMIR/Dialect/All.h	blob	100644	95e90789e9580bb978e0fcea73e22e78d35bf2d5
mlir/include/mlir/Target/LLVMIR/Dialect/ArmNeon/ArmNeonToLLVMIRTranslation.h	blob	100644	0fc23cffc7d50192b7aa5d512200c54aa02075e2
mlir/include/mlir/Target/LLVMIR/Dialect/ArmSME/ArmSMEToLLVMIRTranslation.h	blob	100644	205d9b6326032ac9f94955166289b0389322ddca
mlir/include/mlir/Target/LLVMIR/Dialect/ArmSVE/ArmSVEToLLVMIRTranslation.h	blob	100644	a8871828ea3e3f55b82caf145b98f7d852084d46
mlir/include/mlir/Target/LLVMIR/Dialect/Builtin/BuiltinToLLVMIRTranslation.h	blob	100644	cfb262920bd693080adc0c59b2dc9c130dfc83e8
mlir/include/mlir/Target/LLVMIR/Dialect/GPU/GPUToLLVMIRTranslation.h	blob	100644	19a34c6c00742aa6dd95a6846bbc719b26075d0d
mlir/include/mlir/Target/LLVMIR/Dialect/LLVMIR/LLVMIRToLLVMTranslation.h	blob	100644	e3a0a31be9981611ab088335ae397d2d6d7547c1
mlir/include/mlir/Target/LLVMIR/Dialect/LLVMIR/LLVMToLLVMIRTranslation.h	blob	100644	8ecb035ea4aa022e58044365f6d3aee8b9c43764
mlir/include/mlir/Target/LLVMIR/Dialect/NVVM/LLVMIRToNVVMTranslation.h	blob	100644	02ee83284dd331574998bc6830f41d1d16954a6a
mlir/include/mlir/Target/LLVMIR/Dialect/NVVM/NVVMToLLVMIRTranslation.h	blob	100644	723bba678b089e6f1dcbdc9c5bfd103439441635
mlir/include/mlir/Target/LLVMIR/Dialect/OpenMP/OpenMPToLLVMIRTranslation.h	blob	100644	bda81227fa236b109e6dd9965ea92b581cb97744
mlir/include/mlir/Target/LLVMIR/Dialect/OpenMPCommon.h	blob	100644	914c79c35cd59231ad1e41e6002da78e6dbf0f69
mlir/include/mlir/Target/LLVMIR/Dialect/Ptr/PtrToLLVMIRTranslation.h	blob	100644	5c81762ba1a8a7ff05352e86fc2f504ff7433ad9
mlir/include/mlir/Target/LLVMIR/Dialect/ROCDL/ROCDLToLLVMIRTranslation.h	blob	100644	ad9061e8f725f30601864506ecf6944b24361f33
mlir/include/mlir/Target/LLVMIR/Dialect/SPIRV/SPIRVToLLVMIRTranslation.h	blob	100644	2b066a528deb58fda1dadbaef7c5c806ba13609d
mlir/include/mlir/Target/LLVMIR/Dialect/VCIX/VCIXToLLVMIRTranslation.h	blob	100644	7863597c21b1445333978d68516178dbce03b397
mlir/include/mlir/Target/LLVMIR/Dialect/XeVM/XeVMToLLVMIRTranslation.h	blob	100644	b4f6750718fe8d3d817341d37302e370f08a91d0
mlir/include/mlir/Target/LLVMIR/Export.h	blob	100644	49cac420c26bfc237a053bf4f7838b26413bad66
mlir/include/mlir/Target/LLVMIR/Import.h	blob	100644	458361842ec81db65821d51ace58679c79571084
mlir/include/mlir/Target/LLVMIR/LLVMImportDialectInterface.td	blob	100644	93e6fcf327086b594ef3f81e9975b29360962de3
mlir/include/mlir/Target/LLVMIR/LLVMImportInterface.h	blob	100644	1c1d56b720a22670e9c9ec82f8b4d8ed0538b489
mlir/include/mlir/Target/LLVMIR/LLVMTranslationDialectInterface.td	blob	100644	01c1b3a3cfaa3239218440d1e44f68f094645e6c
mlir/include/mlir/Target/LLVMIR/LLVMTranslationInterface.h	blob	100644	58d3ee0ed213940d1ffe531811e70b5fef612511
mlir/include/mlir/Target/LLVMIR/ModuleImport.h	blob	100644	3bb024a88f283c6634765ca1dcf07157b43bea03
mlir/include/mlir/Target/LLVMIR/ModuleTranslation.h	blob	100644	981259f983c4d76a2770f7b2d2410979ad08f44b
mlir/include/mlir/Target/LLVMIR/Transforms/CMakeLists.txt	blob	100644	662763bfed301d083ad24bb4874c014c7d6bec30
mlir/include/mlir/Target/LLVMIR/Transforms/Passes.h	blob	100644	22e6fadfb37e9da727b9d9355a5a220962eb1d92
mlir/include/mlir/Target/LLVMIR/Transforms/Passes.td	blob	100644	c858e9f4c34cb05f873647eafbd2129730bb7810
mlir/include/mlir/Target/LLVMIR/Transforms/TargetUtils.h	blob	100644	2930733ee83d9d29dd9b99599f737964efbebdf3
mlir/include/mlir/Target/LLVMIR/TypeFromLLVM.h	blob	100644	0a519534128d6cab050dfbd0fe909fad5ddd03e2
mlir/include/mlir/Target/LLVMIR/TypeToLLVM.h	blob	100644	1d852676525ad06c0b7d6ab7c3a791b7ef61cacd
mlir/include/mlir/Target/SMTLIB/ExportSMTLIB.h	blob	100644	f612252fcf8fdc1b235b7972491ed089a21b06c0
mlir/include/mlir/Target/SMTLIB/Namespace.h	blob	100644	61364f881a6aa751616dc3ccb665dbd69831057f
mlir/include/mlir/Target/SMTLIB/SymCache.h	blob	100644	ed0bccef0e43346e8d4dca8c47672043557035db
mlir/include/mlir/Target/SPIRV/Deserialization.h	blob	100644	68eb863b4a6f2c17f375a1e5339460db7d394a7d
mlir/include/mlir/Target/SPIRV/SPIRVBinaryUtils.h	blob	100644	34aa7743103437c42ad5a49e608cf0c822e52f54
mlir/include/mlir/Target/SPIRV/SPIRVExtInstSets.h	blob	100644	f755ab259942007748be78fb7ed48aa0d88a28b6
mlir/include/mlir/Target/SPIRV/Serialization.h	blob	100644	e474101402e588b2a574ddd98db95790f40e9510
mlir/include/mlir/Target/SPIRV/Target.h	blob	100644	fea6471ced7c2fc5bcab7f217c8b170c43fe05c0
mlir/include/mlir/Target/Wasm/WasmBinaryEncoding.h	blob	100644	66506ed19b1a7a834ee46402c800f08f8b32c6cb
mlir/include/mlir/Target/Wasm/WasmImporter.h	blob	100644	3f05bbecefc8ab5ffcd386f085f4007ded2708d4
mlir/include/mlir/Tools/PDLL/AST/Context.h	blob	100644	f9a9424e125efaf6d3b9b8af435b1ce504777e53
mlir/include/mlir/Tools/PDLL/AST/Diagnostic.h	blob	100644	aaba8106b57d0e640557a741ccc8a642e2a5d48e
mlir/include/mlir/Tools/PDLL/AST/Nodes.h	blob	100644	07e265582e96b9df7e007ed802a57b052d29a761
mlir/include/mlir/Tools/PDLL/AST/Types.h	blob	100644	2a61ab22c8e3f386f42aa22d6d01bd8eb7025470
mlir/include/mlir/Tools/PDLL/CodeGen/CPPGen.h	blob	100644	58f4cef48baf7df82bfa03b8dd974b99b010d545
mlir/include/mlir/Tools/PDLL/CodeGen/MLIRGen.h	blob	100644	c106f6dcac91d85f0352018f58b17f15d9ceaecb
mlir/include/mlir/Tools/PDLL/ODS/Constraint.h	blob	100644	da73e00e2dd4b117c3e5a229ce70de04b387622e
mlir/include/mlir/Tools/PDLL/ODS/Context.h	blob	100644	8a57bb791e6390f8041d1884cf93721d397893f3
mlir/include/mlir/Tools/PDLL/ODS/Dialect.h	blob	100644	c5c60977dd2f14f0e707a80f81b8f38c74aa7f55
mlir/include/mlir/Tools/PDLL/ODS/Operation.h	blob	100644	e49db88ef9c93f5d098dba7e3598fcc653cec4ee
mlir/include/mlir/Tools/PDLL/Parser/CodeComplete.h	blob	100644	3c6d9413543174704684f01b8835b4edc21ccc48
mlir/include/mlir/Tools/PDLL/Parser/Parser.h	blob	100644	6f62aaf904fc4bd0687ad253d3c31cb748428cf5
mlir/include/mlir/Tools/ParseUtilities.h	blob	100644	f366f6826c9a1c18a86f11bec09ea57c2328ae04
mlir/include/mlir/Tools/Plugins/DialectPlugin.h	blob	100644	1373e76fbd959fcdd1365acef0ec89713eda4bf2
mlir/include/mlir/Tools/Plugins/PassPlugin.h	blob	100644	cd8cc38dcf13cbfd9da8f0ca38220ef12b76b2b2
mlir/include/mlir/Tools/lsp-server-support/CompilationDatabase.h	blob	100644	588c136790743a30817ee12c92425b87ad5ad263
mlir/include/mlir/Tools/lsp-server-support/SourceMgrUtils.h	blob	100644	920ce831e42b6d226aea14310181b9f155f4f050
mlir/include/mlir/Tools/mlir-lsp-server/MlirLspRegistryFunction.h	blob	100644	0d9ba2a0d1607f896bc8a8aa78409315f361ee92
mlir/include/mlir/Tools/mlir-lsp-server/MlirLspServerMain.h	blob	100644	a461fc47029468a3133bb7df0ccc8508c35b1c27
mlir/include/mlir/Tools/mlir-opt/MlirOptMain.h	blob	100644	7e0b7024608c91f27ec9eccea25e9fa2da1e5b3a
mlir/include/mlir/Tools/mlir-pdll-lsp-server/MlirPdllLspServerMain.h	blob	100644	c45ddb6e7da1d6c5996a5d42c36ac3479570aac8
mlir/include/mlir/Tools/mlir-query/MlirQueryMain.h	blob	100644	44d5c8d9a5fe8f899a9ed9b4f80ca6d9a687f3f2
mlir/include/mlir/Tools/mlir-reduce/MlirReduceMain.h	blob	100644	cb215b3ba3451cb24d47544d7a40209d9371d53b
mlir/include/mlir/Tools/mlir-tblgen/MlirTblgenMain.h	blob	100644	b824a9f1a0cf4499fe47e54e1cbec96fd0fea878
mlir/include/mlir/Tools/mlir-translate/MlirTranslateMain.h	blob	100644	13b2bc1618702fc7c16de6c16e3883715b75b14c
mlir/include/mlir/Tools/mlir-translate/Translation.h	blob	100644	88c94a138715d419d97b4a57f588a7ab2a7cff4f
mlir/include/mlir/Tools/tblgen-lsp-server/TableGenLspServerMain.h	blob	100644	f0799c5ec76db41c03227808397bb7093337e502
mlir/include/mlir/Transforms/BubbleDownMemorySpaceCasts.h	blob	100644	99db092879a90516e269494ec1ae9e3a007734d9
mlir/include/mlir/Transforms/CFGToSCF.h	blob	100644	af34fab8420a1a22c85ecfb1dc2ec35d8d2824cc
mlir/include/mlir/Transforms/CMakeLists.txt	blob	100644	56404006351913bf4cc957cac779d58d70b2b371
mlir/include/mlir/Transforms/CSE.h	blob	100644	4a87d585e0eb98219783b92c2035762a3a71e800
mlir/include/mlir/Transforms/CommutativityUtils.h	blob	100644	8306926160129cb40fee6121b7085112c934ffbe
mlir/include/mlir/Transforms/CompositePass.h	blob	100644	8fe117c3c41a0ecbebd1e4012a70cbaa9cb2e895
mlir/include/mlir/Transforms/ControlFlowSinkUtils.h	blob	100644	68b0c0179bcc34c332b2f6e82ac6871a27d4bfd3
mlir/include/mlir/Transforms/DialectConversion.h	blob	100644	0f67b9eceab59cca70a32518d8cafe1c1aa33247
mlir/include/mlir/Transforms/DialectConversion.pdll	blob	100644	9c6ce7a2d2328808b9ecdc6044835e132578dfc5
mlir/include/mlir/Transforms/DialectInlinerInterface.td	blob	100644	e675e0165c26af52ca4495b47b552eed7314fdfb
mlir/include/mlir/Transforms/EndomorphismSimplification.h	blob	100644	1aa5da2346f776b5bc3849ccb7fdee8ea7489eed
mlir/include/mlir/Transforms/FoldUtils.h	blob	100644	ee89e8d0e7c3f7f1ce5ffb4139cf2e382451be00
mlir/include/mlir/Transforms/GreedyPatternRewriteDriver.h	blob	100644	7fef17d806ef3b121e5236776f76cdfbdd5a0717
mlir/include/mlir/Transforms/HomomorphismSimplification.h	blob	100644	386a315b0e90a4f479460a2998cc7705434c1ef3
mlir/include/mlir/Transforms/Inliner.h	blob	100644	0d3d3d1a3f9f2a9fc9f070aded9a5effdbadb49f
mlir/include/mlir/Transforms/InliningUtils.h	blob	100644	b6c6da3ddcc9b5730dcc2f129033ab9847ff338b
mlir/include/mlir/Transforms/LocationSnapshot.h	blob	100644	cefe005d2c4c9357eff4b7c9799ab6bd9d5f772f
mlir/include/mlir/Transforms/LoopInvariantCodeMotionUtils.h	blob	100644	3ceef44d799e89351396c2a76eed3b5ca1fe2343
mlir/include/mlir/Transforms/Mem2Reg.h	blob	100644	6986cad9ae1208726799e5ecf1aa94812d6accf4
mlir/include/mlir/Transforms/Passes.h	blob	100644	51c8934f9df8643b869b51a39c214be248067a1e
mlir/include/mlir/Transforms/Passes.td	blob	100644	0af26837fb5e91c69d3626fc3b1410c38b84557b
mlir/include/mlir/Transforms/RegionUtils.h	blob	100644	ea0b9ba9614a47dedbeaee8441590380cf4e509d
mlir/include/mlir/Transforms/SROA.h	blob	100644	88e4babd6b78a3d6d0209bc74ef147e15fe5fe93
mlir/include/mlir/Transforms/ViewOpGraph.h	blob	100644	c48844a85ec8347d23b537909fbcc58d77a58b44
mlir/include/mlir/Transforms/WalkPatternRewriteDriver.h	blob	100644	7d5c1d5cebb26c74838379242e6ac75049fa8818
mlir/lib/ABI/ABITypeMapper.cpp	blob	100644	fe63df659302a32ef0ba1ae9f7f0c0b865a98900
mlir/lib/ABI/CMakeLists.txt	blob	100644	caa353d26ece354300a92a74f47e1582d8753000
mlir/lib/ABI/Targets/Test/TestTarget.cpp	blob	100644	19bcb83b63d5ea5eeb720a55b87fe9ebb6496aa4
mlir/lib/Analysis/AliasAnalysis.cpp	blob	100644	1382060f4dd9027592956a381e10a03e549f638e
mlir/lib/Analysis/AliasAnalysis/LocalAliasAnalysis.cpp	blob	100644	4a8c2de8562f8b91c96e19479eec11917fd6db0e
mlir/lib/Analysis/CFGLoopInfo.cpp	blob	100644	e03b664f9c72ed49970bc88370d1f0de9412521f
mlir/lib/Analysis/CMakeLists.txt	blob	100644	2712ab503663ea4a5c52c66acff16480ebef15aa
mlir/lib/Analysis/CallGraph.cpp	blob	100644	4098c657f63e2a22bf7586d4a215f1a85d81849b
mlir/lib/Analysis/DataFlow/ConstantPropagationAnalysis.cpp	blob	100644	d067365a65c6c41ef616cf832a2ed1a803650417
mlir/lib/Analysis/DataFlow/DeadCodeAnalysis.cpp	blob	100644	37aaf1f634a643e0a0ace0613c51b44ea172dcbf
mlir/lib/Analysis/DataFlow/DenseAnalysis.cpp	blob	100644	a2a9018b851ea010706e50b2b5e10eddd3f5020b
mlir/lib/Analysis/DataFlow/IntegerDivisibilityAnalysis.cpp	blob	100644	ba10a8b5a0060f3116f0d0d74b0d6df2d95444e8
mlir/lib/Analysis/DataFlow/IntegerRangeAnalysis.cpp	blob	100644	613772c2b74044f0f6daa35ef57055d73c259a84
mlir/lib/Analysis/DataFlow/LivenessAnalysis.cpp	blob	100644	07e3c98e0bb603887b490fc1812de9f38ff030ed
mlir/lib/Analysis/DataFlow/SparseAnalysis.cpp	blob	100644	bc61c19832d29751f9b6f4b9e94cda4d69ddd6be
mlir/lib/Analysis/DataFlow/StridedMetadataRangeAnalysis.cpp	blob	100644	01c9dafaddf100fe56bf9767b2bc8711c086bfda
mlir/lib/Analysis/DataFlowFramework.cpp	blob	100644	a2aa380749068e407f67e01fbb3c09abc7646403
mlir/lib/Analysis/DataLayoutAnalysis.cpp	blob	100644	4c8e6708f89993887323dac9a457f3981aea536f
mlir/lib/Analysis/FlatLinearValueConstraints.cpp	blob	100644	79367fc857379e44232b2ddd2aface5fec611d76
mlir/lib/Analysis/Liveness.cpp	blob	100644	3fcc0b5a6ffef239ddcd5ca9e9985f5042ff11db
mlir/lib/Analysis/Presburger/Barvinok.cpp	blob	100644	e27658a37ad123b6dd5b6e03b771a8904e772d73
mlir/lib/Analysis/Presburger/CMakeLists.txt	blob	100644	6b9842a6160ab709b05cc41c5ccbd2cc173c670b
mlir/lib/Analysis/Presburger/IntegerRelation.cpp	blob	100644	94a15dc3f8663dfd6fc8a73d144e5d8bc16cd890
mlir/lib/Analysis/Presburger/LinearTransform.cpp	blob	100644	1e389ca69e4e8ead359cce6e4b7274724834d96f
mlir/lib/Analysis/Presburger/Matrix.cpp	blob	100644	7c55caa767c4517096a0dc2822e01f60d7a0c638
mlir/lib/Analysis/Presburger/PWMAFunction.cpp	blob	100644	2c55e406463458c27009dfcc85040d3179856a84
mlir/lib/Analysis/Presburger/PresburgerRelation.cpp	blob	100644	ea7dfdcd93c0d4cda985c39b0d58c770169974fb
mlir/lib/Analysis/Presburger/PresburgerSpace.cpp	blob	100644	532c464925b1a12871df439df98c0c1b02465c5b
mlir/lib/Analysis/Presburger/QuasiPolynomial.cpp	blob	100644	4e374d0178d4c1a976fc1f4de4c355ff5f6362af
mlir/lib/Analysis/Presburger/Simplex.cpp	blob	100644	f2e6f83e99e57f160aa39b2a6e10bb9d10ebcae3
mlir/lib/Analysis/Presburger/Utils.cpp	blob	100644	a06a854fd14260553567d8082a3cd1caf133c222
mlir/lib/Analysis/SliceAnalysis.cpp	blob	100644	d7a083cef7cc07306fdf04d6222a1b84e18ad25c
mlir/lib/Analysis/SliceWalk.cpp	blob	100644	c7756bfac91c6d288941c5abfa526fe8b37d22e4
mlir/lib/Analysis/TopologicalSortUtils.cpp	blob	100644	99546e71533ae865654f5232ce9830b0aeac5a06
mlir/lib/AsmParser/AffineParser.cpp	blob	100644	405970d4fb15e74a1cce759fa9fd1ef2048bb12a
mlir/lib/AsmParser/AsmParserImpl.h	blob	100644	e796b3ed2ac13d19788648791e1dd13d085a07ef
mlir/lib/AsmParser/AsmParserState.cpp	blob	100644	2684b425166704103fda0743eadf4e61bdd499d5
mlir/lib/AsmParser/AttributeParser.cpp	blob	100644	7459d8e0c36259a5eba9c01bf17475e4642b4a86
mlir/lib/AsmParser/CMakeLists.txt	blob	100644	c5dc64673fac805ad96d432f92f0b1c60cc10df2
mlir/lib/AsmParser/DialectSymbolParser.cpp	blob	100644	8b14e71118c3a25083a2082cc7304147404f0371
mlir/lib/AsmParser/Lexer.cpp	blob	100644	161dcb4ca27c03120e0afb33a79fb7b33c118278
mlir/lib/AsmParser/Lexer.h	blob	100644	670444eb1f5b43b3e4c9199fe496ad45894de6cc
mlir/lib/AsmParser/LocationParser.cpp	blob	100644	fb0999bed201d5f87723502e0da581a50709db94
mlir/lib/AsmParser/Parser.cpp	blob	100644	f1523a154f7625e137279cd8563a1d43f7a86c65
mlir/lib/AsmParser/Parser.h	blob	100644	7e8a0fc8e51b0062ecda198ef9298082efad0997
mlir/lib/AsmParser/ParserState.h	blob	100644	159058a18fa4e1ef45ad44b700b2fc046631a91a
mlir/lib/AsmParser/Token.cpp	blob	100644	12f1dca31c416154d2ed212aa462fb74fe659091
mlir/lib/AsmParser/Token.h	blob	100644	bd8052e4daa8785f93fb7e0527c8e9e8ce870533
mlir/lib/AsmParser/TokenKinds.def	blob	100644	e9a883bdee92dbe80889d34b99cf5d0ff9a587a6
mlir/lib/AsmParser/TypeParser.cpp	blob	100644	0617e733171841be03cd5bc0547bb7b7ef0637dd
mlir/lib/Bindings/Python/AsyncPasses.cpp	blob	100644	cfb8dcaaa72ae3812f3df475d1f3282300379fe0
mlir/lib/Bindings/Python/DialectAMDGPU.cpp	blob	100644	05418852d466d4b63d6eae2440ab7490a4c06a03
mlir/lib/Bindings/Python/DialectGPU.cpp	blob	100644	067abda53d0a864968b2a07e41ca1093317e007b
mlir/lib/Bindings/Python/DialectIRDL.cpp	blob	100644	85567d9986e3a8a968988740baeacce9ce6cc28f
mlir/lib/Bindings/Python/DialectLLVM.cpp	blob	100644	ebc9dda5ffdaf576cde0e2f850967053b46ce94d
mlir/lib/Bindings/Python/DialectLinalg.cpp	blob	100644	f53aaae58e442e46d55b25f7f00ac3666e7fe076
mlir/lib/Bindings/Python/DialectNVGPU.cpp	blob	100644	00072a2ae9933d840e268bbbd66d5c13d4c8f39d
mlir/lib/Bindings/Python/DialectPDL.cpp	blob	100644	b4c9bac8688298221073dcede5a73c383cbc95d3
mlir/lib/Bindings/Python/DialectQuant.cpp	blob	100644	eeb9a4c6dc5e92b40c8e391b0de76bd6fbd12b1f
mlir/lib/Bindings/Python/DialectSMT.cpp	blob	100644	3e7fc4fbffe446b34ec349f41fb1665191d20392
mlir/lib/Bindings/Python/DialectSparseTensor.cpp	blob	100644	87646c58ba4a85b3abdd69bdf63b4c26518aae27
mlir/lib/Bindings/Python/DialectTransform.cpp	blob	100644	06e01ad16f67527ce02423bbe71d9bf971c3aa7d
mlir/lib/Bindings/Python/ExecutionEngineModule.cpp	blob	100644	76dbd54ef04670cc6584040480db2841caff9675
mlir/lib/Bindings/Python/GPUPasses.cpp	blob	100644	be474edbe9639ae86ddb7bb2e3ea4d019b0839a3
mlir/lib/Bindings/Python/Globals.cpp	blob	100644	73e08c6a8b1c15eaa82b3e81c23595cc819f3060
mlir/lib/Bindings/Python/IRAffine.cpp	blob	100644	85c6a849fdb1e22293f2b902bf4371ba52b47d74
mlir/lib/Bindings/Python/IRAttributes.cpp	blob	100644	d4a71dd4937a9a2d4e904d87972f2e67937c47b0
mlir/lib/Bindings/Python/IRCore.cpp	blob	100644	b6d92dc8064a2e44738f5b22274cd50636fa0de4
mlir/lib/Bindings/Python/IRInterfaces.cpp	blob	100644	cfe9bc5eefa5b0e885d60f400c97b7a56154c552
mlir/lib/Bindings/Python/IRTypes.cpp	blob	100644	28796b73367006394e2f8294eeb04f07d77bc1e3
mlir/lib/Bindings/Python/LinalgPasses.cpp	blob	100644	49f2ea94151a0130060fe56e17c5de606f1209a8
mlir/lib/Bindings/Python/MainModule.cpp	blob	100644	93ce34b2e89f5a5d3125e421a7d8f89fe647e480
mlir/lib/Bindings/Python/Pass.cpp	blob	100644	6cf5066b244ebc15d08642866cdbb81f0559dcbe
mlir/lib/Bindings/Python/Pass.h	blob	100644	1a311666ebecd26875986a60437d8d5264ec4837
mlir/lib/Bindings/Python/RegisterEverything.cpp	blob	100644	3edcb099c0a243bfb0067ef7ebb12605fc0d7c49
mlir/lib/Bindings/Python/Rewrite.cpp	blob	100644	f799dd33aa71e24233e9c04fbfca2a6b306acf78
mlir/lib/Bindings/Python/Rewrite.h	blob	100644	fc48e0a254832e0e389c187dca1c48646ccf3360
mlir/lib/Bindings/Python/SparseTensorPasses.cpp	blob	100644	8242f0973a446c711d2ff5049689fef88ba7d917
mlir/lib/Bindings/Python/TransformInterpreter.cpp	blob	100644	b263e65ff8cf84867fb3184b6513c09dbab81114
mlir/lib/Bytecode/BytecodeOpInterface.cpp	blob	100644	e767f57b9bb444990f059d4e2705e634360094fe
mlir/lib/Bytecode/CMakeLists.txt	blob	100644	5c45b2e9e0f315b0f367963df359400e58a6d033
mlir/lib/Bytecode/Reader/BytecodeReader.cpp	blob	100644	96ead28d0aa4065b3496459092032e677d5f7fee
mlir/lib/Bytecode/Reader/CMakeLists.txt	blob	100644	3386cee2acfa9fd4ac67b24511016029401e1a42
mlir/lib/Bytecode/Writer/BytecodeWriter.cpp	blob	100644	89aa731c5cca058efebbebbf4c205a9f5e6d890c
mlir/lib/Bytecode/Writer/CMakeLists.txt	blob	100644	45d7f2158097bec79b9aa680ad5dd4c2caa8dddc
mlir/lib/Bytecode/Writer/IRNumbering.cpp	blob	100644	dcc87871ead491d53bde2098f75f78d1ec086c5c
mlir/lib/Bytecode/Writer/IRNumbering.h	blob	100644	f236e4a31c40d27ed8ef831afc87bb17cb6e1806
mlir/lib/CAPI/CMakeLists.txt	blob	100644	6c438508425b7c344b494b5a8ed06894c55806e9
mlir/lib/CAPI/Conversion/CMakeLists.txt	blob	100644	8cafc09d363cd067dda1813f6e970dbbff44d99f
mlir/lib/CAPI/Conversion/Passes.cpp	blob	100644	8e95f2245ec87ef4ff65a7caf0fadf0fb9e55b73
mlir/lib/CAPI/Debug/CMakeLists.txt	blob	100644	7b32f3ae00a0db0fe60a6245288de012a2d8bf11
mlir/lib/CAPI/Debug/Debug.cpp	blob	100644	320ece4998e04de0098ae272bc39d14626fc2d17
mlir/lib/CAPI/Dialect/AMDGPU.cpp	blob	100644	c981731d48e601c0bc352291a72bd15a24eef993
mlir/lib/CAPI/Dialect/AMDGPUPasses.cpp	blob	100644	d76ef760b9252b638e40f0e5d60b0122a33a195e
mlir/lib/CAPI/Dialect/Affine.cpp	blob	100644	3b8d53555486c4407848ed608a3b7ab795375060
mlir/lib/CAPI/Dialect/AffinePasses.cpp	blob	100644	ee7c6f6ed53d0ebcc82286ee781948f21e486fda
mlir/lib/CAPI/Dialect/Arith.cpp	blob	100644	010e50cdc63017e47e94f2af2ee4b7e0578b85f0
mlir/lib/CAPI/Dialect/ArithPasses.cpp	blob	100644	bd994925bd61bb733116692891dead0cba8d1e74
mlir/lib/CAPI/Dialect/ArmNeon.cpp	blob	100644	d2da71f5430cd9781f9f695df522de5dee9d253a
mlir/lib/CAPI/Dialect/ArmSME.cpp	blob	100644	11d18e19d97a3bfd36c83337068b15183a99368f
mlir/lib/CAPI/Dialect/ArmSMEPasses.cpp	blob	100644	44a4a35d242f09502de9260438aa326e68d123da
mlir/lib/CAPI/Dialect/ArmSVE.cpp	blob	100644	9bf779c7540407f0ec6660ae5425866363fd1b39
mlir/lib/CAPI/Dialect/ArmSVEPasses.cpp	blob	100644	780dd669d398495861139419ccc3d2debd1f3170
mlir/lib/CAPI/Dialect/Async.cpp	blob	100644	182cbf9dfd71b612aca21cf8ca90f677a4aa1805
mlir/lib/CAPI/Dialect/AsyncPasses.cpp	blob	100644	aa2074dcd173700b0e1deb276a4e13b234bd8007
mlir/lib/CAPI/Dialect/Bufferization.cpp	blob	100644	dedc5cffd1de162f88f0e98281449dd6f46e9b61
mlir/lib/CAPI/Dialect/BufferizationPasses.cpp	blob	100644	2b914a04df955fd693d1144a8b3b8e2a6344a705
mlir/lib/CAPI/Dialect/CMakeLists.txt	blob	100644	551f5a5a3df771660bef3388513c10fa55e06177
mlir/lib/CAPI/Dialect/Complex.cpp	blob	100644	ddf648b8b705cd20567edf0a0cc76bf5d0c28c0c
mlir/lib/CAPI/Dialect/ControlFlow.cpp	blob	100644	1e5b2de1c2e58b2fc83dbae87055a7e690747db6
mlir/lib/CAPI/Dialect/DLTI.cpp	blob	100644	be17b28fca96a798acf7a5cfba6d64e635cdb38a
mlir/lib/CAPI/Dialect/EmitC.cpp	blob	100644	2c158744e48f9bd63d107e023ba1e293dc6efb82
mlir/lib/CAPI/Dialect/EmitCPasses.cpp	blob	100644	e07c13a862e2f00356a2ec63b438ae2b621ed1c2
mlir/lib/CAPI/Dialect/Func.cpp	blob	100644	8265b61b984269174744b9bf265df57cf9c49e73
mlir/lib/CAPI/Dialect/FuncPasses.cpp	blob	100644	96c957f510d2aa2227c769995402bb6b3cab0aad
mlir/lib/CAPI/Dialect/GPU.cpp	blob	100644	df41f3462942d78e69653f8b25a48ab4f8bc3d3f
mlir/lib/CAPI/Dialect/GPUPasses.cpp	blob	100644	5128c63ecb511f8d6a669e211894c6a6e7f368f2
mlir/lib/CAPI/Dialect/IRDL.cpp	blob	100644	0cd65abd2c505c6f5ca99f9205a16d3c888e6a4a
mlir/lib/CAPI/Dialect/Index.cpp	blob	100644	84579143605f99c23813dfeb5ddc839c34d2e503
mlir/lib/CAPI/Dialect/LLVM.cpp	blob	100644	c9a0cc1f15af44300e26961e62d3ecdd8dca7269
mlir/lib/CAPI/Dialect/LLVMPasses.cpp	blob	100644	ab39c6d5d6e2a02d8795c467463e246945ab76c1
mlir/lib/CAPI/Dialect/Linalg.cpp	blob	100644	7a66f368459c6099e0fd8c68d2946498e65d473f
mlir/lib/CAPI/Dialect/LinalgPasses.cpp	blob	100644	6677476d8a183be5badfe99ddb792fe81d3a990f
mlir/lib/CAPI/Dialect/MLProgram.cpp	blob	100644	525b958d995a76e961663c5ea7c0529654c72e78
mlir/lib/CAPI/Dialect/MLProgramPasses.cpp	blob	100644	ba8b33ffded4f6cd58cbb26fcf1ea102cfd0d107
mlir/lib/CAPI/Dialect/MPI.cpp	blob	100644	3f75008aab3c461dd1bf5bf8bef23cbab3eb26aa
mlir/lib/CAPI/Dialect/Math.cpp	blob	100644	483e549a3cda56b84ba665ea537641f3b788083b
mlir/lib/CAPI/Dialect/MathPasses.cpp	blob	100644	8b20a25fe35b8b5b8e363bed222767f152475a59
mlir/lib/CAPI/Dialect/MemRef.cpp	blob	100644	cfcdea9743ca3e06ecff5d20d44a3c2552087996
mlir/lib/CAPI/Dialect/MemRefPasses.cpp	blob	100644	fa258d459048c2a1a90ae4b6b1bdd01d5c4ba2a9
mlir/lib/CAPI/Dialect/NVGPU.cpp	blob	100644	044e6b09db83d8c61f1770bd30829eedd0c06462
mlir/lib/CAPI/Dialect/NVGPUPasses.cpp	blob	100644	7d225947a7494f07e0bb4f26f46471c8c7ff770b
mlir/lib/CAPI/Dialect/NVVM.cpp	blob	100644	448c43cda831a5945048a4c579a2f0ceb5aa66af
mlir/lib/CAPI/Dialect/OpenACC.cpp	blob	100644	b304a8a5aacb1378a2d9aa599d103608620d0860
mlir/lib/CAPI/Dialect/OpenACCPasses.cpp	blob	100644	c81bfb66a25e35aa0c2e88a2454e9098beede436
mlir/lib/CAPI/Dialect/OpenMP.cpp	blob	100644	3ffa57ab575ffa14eb133925c69aa448470f55d8
mlir/lib/CAPI/Dialect/PDL.cpp	blob	100644	b0580816da2c49635ad2d66d9dab6a89ef95a9f9
mlir/lib/CAPI/Dialect/PDLInterp.cpp	blob	100644	3d57397d25c0a6fa80a5fc9274448b4fb1f0b444
mlir/lib/CAPI/Dialect/Ptr.cpp	blob	100644	89780d77c1f8ca01a45dff8a50a330ecb035701d
mlir/lib/CAPI/Dialect/Quant.cpp	blob	100644	f45bcc1832cbc6c7dac58786c57d2e7c37400475
mlir/lib/CAPI/Dialect/ROCDL.cpp	blob	100644	aee15c2fb5843787f79b75caf692316efc5a84e7
mlir/lib/CAPI/Dialect/SCF.cpp	blob	100644	f7ba0b12bfa1110bd875aadc47a5ba537f14ff49
mlir/lib/CAPI/Dialect/SCFPasses.cpp	blob	100644	7e904be5bf2fc967b55ab2e3251931918e19b2ab
mlir/lib/CAPI/Dialect/SMT.cpp	blob	100644	e90ca0130e298bd3c664b20257a8564f6533d850
mlir/lib/CAPI/Dialect/SPIRV.cpp	blob	100644	9bfe26b9598e23903d57aba8ff004b01e1595243
mlir/lib/CAPI/Dialect/SPIRVPasses.cpp	blob	100644	7201c837a3815e9748b2e9e03ead2b300fcf8c8f
mlir/lib/CAPI/Dialect/Shape.cpp	blob	100644	1f8e83a0c7294a2676d62a81ad017b124f293ce2
mlir/lib/CAPI/Dialect/ShapePasses.cpp	blob	100644	792bbc5cfb85e25dee73ee7c2d220b91ce406842
mlir/lib/CAPI/Dialect/Shard.cpp	blob	100644	4bf72b1d62ca263fa9110dd7e7071a042dea9596
mlir/lib/CAPI/Dialect/ShardPasses.cpp	blob	100644	032882b949e336e69adddaf61e096ee3407fbcc5
mlir/lib/CAPI/Dialect/SparseTensor.cpp	blob	100644	aab3b640bd9ccbc9acaade8bdf094e117004dafb
mlir/lib/CAPI/Dialect/SparseTensorPasses.cpp	blob	100644	5b2ba4ca7aa31044b11b66a970540c43e562ee47
mlir/lib/CAPI/Dialect/Tensor.cpp	blob	100644	188ff6540f292d1bd624bf108a3e137db8f56ff9
mlir/lib/CAPI/Dialect/TensorPasses.cpp	blob	100644	6dae87713ecf8130623190d9786ae683ea59df7b
mlir/lib/CAPI/Dialect/Tosa.cpp	blob	100644	357717a2ed5a507ac17215969a464ea70e05c88d
mlir/lib/CAPI/Dialect/TosaPasses.cpp	blob	100644	be2e61bed65bf1c0f91bb77536f0d1d8b9777d93
mlir/lib/CAPI/Dialect/Transform.cpp	blob	100644	ea8c2eaef8212a2febbd64232cb54ef85f68e83e
mlir/lib/CAPI/Dialect/TransformInterpreter.cpp	blob	100644	145455e1c1b3d2b287a140180ae09d59dce75791
mlir/lib/CAPI/Dialect/TransformPasses.cpp	blob	100644	957cc1984311a34fa28fb655c8f2fab1bde574df
mlir/lib/CAPI/Dialect/UB.cpp	blob	100644	6508a6a42c4b99b58cd06467205dac7092bd42e8
mlir/lib/CAPI/Dialect/VCIX.cpp	blob	100644	22a51ddb69d822d892b2e2c51f0288a1fa0fd29c
mlir/lib/CAPI/Dialect/Vector.cpp	blob	100644	ed6055b8db12eba97dd6e625634c740b9be55328
mlir/lib/CAPI/Dialect/VectorPasses.cpp	blob	100644	f9d71873f0c5a8e0a63b171a03f2edd82782091b
mlir/lib/CAPI/Dialect/WasmSSA.cpp	blob	100644	976d8924df82e07048fc5e0af2a57fd7c3300bd5
mlir/lib/CAPI/Dialect/X86.cpp	blob	100644	70cb7136d4c466e27be5ef0cb7c6d09de6b62af7
mlir/lib/CAPI/Dialect/XeGPU.cpp	blob	100644	e8768e3bf3951ba4611bc1f82f830456a359fa5b
mlir/lib/CAPI/Dialect/XeVM.cpp	blob	100644	4956714b15b1466c7479d123e682ea3fbc7926f1
mlir/lib/CAPI/ExecutionEngine/CMakeLists.txt	blob	100644	bf7dff897ab6d428ce5b19f84bd20fd5d0fbe6ac
mlir/lib/CAPI/ExecutionEngine/ExecutionEngine.cpp	blob	100644	ec6f89effb7092724fde5bb7e7dff429a81b4c3f
mlir/lib/CAPI/IR/AffineExpr.cpp	blob	100644	5a0a03b11ae45791486444939654fb22277516d7
mlir/lib/CAPI/IR/AffineMap.cpp	blob	100644	1889765ef8642116c4c12c8206b7a299d536afec
mlir/lib/CAPI/IR/BuiltinAttributes.cpp	blob	100644	4ced5fe111645efe2099fbf8ec38360ac17e1109
mlir/lib/CAPI/IR/BuiltinTypes.cpp	blob	100644	073fe112d614584a1cdfe33451f6c85e2d22f88c
mlir/lib/CAPI/IR/CMakeLists.txt	blob	100644	8bc76677d2bfd2f5f7affe62d21d253d444ef241
mlir/lib/CAPI/IR/Diagnostics.cpp	blob	100644	4a13ae57611d8e50d53ca9f9db978a06fa90017d
mlir/lib/CAPI/IR/DialectHandle.cpp	blob	100644	19f64d9482179e575ac1ed949323c9d0099fcf9c
mlir/lib/CAPI/IR/Dominance.cpp	blob	100644	83c4f5237aa16bde003d7024c806d2178ea5971f
mlir/lib/CAPI/IR/ExtensibleDialect.cpp	blob	100644	2b4187da9eabf9c0822989f48e24ca5a02998550
mlir/lib/CAPI/IR/IR.cpp	blob	100644	fdd4c9e52f9ba2746c665f6074055eeba837d29e
mlir/lib/CAPI/IR/IntegerSet.cpp	blob	100644	43d48e415d27a2613411132633d037dd63acf2f8
mlir/lib/CAPI/IR/Pass.cpp	blob	100644	72bec11f7c7deaa25d71789f72cd70242b1d4ea7
mlir/lib/CAPI/IR/Support.cpp	blob	100644	343f718ce7e7e93513d9b8d1d3e919c5233e9cf8
mlir/lib/CAPI/Interfaces/CMakeLists.txt	blob	100644	dbe3f3397598065d4ad62b2c7425cd11b72151ed
mlir/lib/CAPI/Interfaces/Interfaces.cpp	blob	100644	921d12901ec6a03e5271d018cb2404a2188bd3ed
mlir/lib/CAPI/RegisterEverything/CMakeLists.txt	blob	100644	ccda668ece3d48279bdca75c3f00c66e75238c54
mlir/lib/CAPI/RegisterEverything/RegisterEverything.cpp	blob	100644	c1c4a418b25526b24a326b025279453484e4f239
mlir/lib/CAPI/Target/CMakeLists.txt	blob	100644	8fbb7aa954d9e75480d55eb1ab0acfdc766e7ac7
mlir/lib/CAPI/Target/ExportSMTLIB.cpp	blob	100644	be17143ec9c4aa2d56432aae4d4d546ab5f6565e
mlir/lib/CAPI/Target/LLVMIR.cpp	blob	100644	00229dffafb6131fa76f0a82801d4dfb23faccc6
mlir/lib/CAPI/Transforms/CMakeLists.txt	blob	100644	6c67aa09fdf40290a1f6ee0fa57b1144b283d8f6
mlir/lib/CAPI/Transforms/Passes.cpp	blob	100644	af4f2011fa7783c5ae80316b7b3ba5744f93b38f
mlir/lib/CAPI/Transforms/Rewrite.cpp	blob	100644	e54c7dcd7271aa985f5dcabb931d1452955b3641
mlir/lib/CMakeLists.txt	blob	100644	97adaa3e26631fc1b69eb7314733fca75405673f
mlir/lib/Conversion/AMDGPUToROCDL/AMDGPUToROCDL.cpp	blob	100644	6bbe65731964f191207e2a83710aaac681802094
mlir/lib/Conversion/AMDGPUToROCDL/CMakeLists.txt	blob	100644	25cceb9d1d37f1dca1d57c67b47c2fd4440fe1e6
mlir/lib/Conversion/AffineToStandard/AffineToStandard.cpp	blob	100644	367826c93e243f3444e9e876d45d58fedbc59d43
mlir/lib/Conversion/AffineToStandard/CMakeLists.txt	blob	100644	cd8193aee8da3262434087e3dfa5be3826dd1bf5
mlir/lib/Conversion/ArithAndMathToAPFloat/ArithToAPFloat.cpp	blob	100644	bf80a12429bdfe41a1405f70f5b67694c2dc2faa
mlir/lib/Conversion/ArithAndMathToAPFloat/CMakeLists.txt	blob	100644	a7a89a0a463fca90388319b80da27dbf8efa39d7
mlir/lib/Conversion/ArithAndMathToAPFloat/MathToAPFloat.cpp	blob	100644	5f64960374dee7fc1fe8d52b988d209bdceeded4
mlir/lib/Conversion/ArithAndMathToAPFloat/Utils.cpp	blob	100644	01f55a8da15a301e4d77350f052128315cf8e4ea
mlir/lib/Conversion/ArithAndMathToAPFloat/Utils.h	blob	100644	dfadf9449b497486e751c5f49e9c2f242ab5c63a
mlir/lib/Conversion/ArithCommon/AttrToLLVMConverter.cpp	blob	100644	cf60a048f782c6aa0caae292cc6b8229591f6098
mlir/lib/Conversion/ArithCommon/CMakeLists.txt	blob	100644	888c45f2e52fe1936e6826f7724d96981165e856
mlir/lib/Conversion/ArithToAMDGPU/ArithToAMDGPU.cpp	blob	100644	d0714739589f5c5735ca60e7ba24292e5b33082e
mlir/lib/Conversion/ArithToAMDGPU/CMakeLists.txt	blob	100644	50be09ab5a7c5b60f049e934b782e361afb8dac5
mlir/lib/Conversion/ArithToArmSME/ArithToArmSME.cpp	blob	100644	ce929c14f66dd7dd6eada210184df6cf8724c9c7
mlir/lib/Conversion/ArithToArmSME/CMakeLists.txt	blob	100644	c2a6fe5398e7c80d4945d84416c45266bb6c6fc9
mlir/lib/Conversion/ArithToEmitC/ArithToEmitC.cpp	blob	100644	7567e612280139606e8a32db4912ebe5ee68b2b8
mlir/lib/Conversion/ArithToEmitC/ArithToEmitCPass.cpp	blob	100644	814a226136223169bfae52bed02f68229ad03a57
mlir/lib/Conversion/ArithToEmitC/CMakeLists.txt	blob	100644	46f9aacbb14e188a79881013e0abf33534d11e24
mlir/lib/Conversion/ArithToLLVM/ArithToLLVM.cpp	blob	100644	982b1e5e9a8d157e91d4b4eb92dd75d6b63d122a
mlir/lib/Conversion/ArithToLLVM/CMakeLists.txt	blob	100644	0a0e25e18b47afb6daed7dd825a8bb6e37809c23
mlir/lib/Conversion/ArithToSPIRV/ArithToSPIRV.cpp	blob	100644	6478c188d7d2a241138dd8f9c5401c01b2fa5fd2
mlir/lib/Conversion/ArithToSPIRV/CMakeLists.txt	blob	100644	a5385d9cee6afbaee62b2c8056d73a3b0e825e95
mlir/lib/Conversion/ArmNeon2dToIntr/ArmNeon2dToIntr.cpp	blob	100644	e34b3688e95d9ff11fc9a2f15768f32ede040b69
mlir/lib/Conversion/ArmNeon2dToIntr/CMakeLists.txt	blob	100644	bab9d6e289418fde5355934e181a1eab94bbd61c
mlir/lib/Conversion/ArmSMEToLLVM/ArmSMEToLLVM.cpp	blob	100644	9bc61c8284c6afb02128e23bcf5e28e263d471eb
mlir/lib/Conversion/ArmSMEToLLVM/CMakeLists.txt	blob	100644	d0a921296668d31a0e30e43db6f839a04007ab52
mlir/lib/Conversion/ArmSMEToSCF/ArmSMEToSCF.cpp	blob	100644	1002ebe6875b623fbfd6adff4dc9ac7c4291b3aa
mlir/lib/Conversion/ArmSMEToSCF/CMakeLists.txt	blob	100644	467c3b942e754f4ef14dfbf4c81e139ce268eb14
mlir/lib/Conversion/AsyncToLLVM/AsyncToLLVM.cpp	blob	100644	46e53e71d35f5844df41f646d8b0c345d887d6dd
mlir/lib/Conversion/AsyncToLLVM/CMakeLists.txt	blob	100644	ca692bb2a1b6d1b8d24939f8e9bbae8228ace129
mlir/lib/Conversion/BufferizationToMemRef/BufferizationToMemRef.cpp	blob	100644	3edcbb8d49ce06ac43bff8084af623925de594dd
mlir/lib/Conversion/BufferizationToMemRef/CMakeLists.txt	blob	100644	fc32d3dcf2cb64b5e9de74ffe282b5707e3fecd5
mlir/lib/Conversion/CMakeLists.txt	blob	100644	cee1a069ad3b1d3c66a9f15371890982d729ff7b
mlir/lib/Conversion/ComplexCommon/CMakeLists.txt	blob	100644	2560a4a5631f4429301ac0d2193cc4908dffcfbc
mlir/lib/Conversion/ComplexCommon/DivisionConverter.cpp	blob	100644	237b3e0c2f8408f6b611daa5b861f60926a0494c
mlir/lib/Conversion/ComplexToLLVM/CMakeLists.txt	blob	100644	074bc4bc3f0d7e6cd4646a3d9b2a8a4348b0ff2f
mlir/lib/Conversion/ComplexToLLVM/ComplexToLLVM.cpp	blob	100644	cbe5820300f82ee2e834238ad5eda2c90d47634b
mlir/lib/Conversion/ComplexToLibm/CMakeLists.txt	blob	100644	5465e4b9fd96949aa22e9f7031412dba612a6413
mlir/lib/Conversion/ComplexToLibm/ComplexToLibm.cpp	blob	100644	f83cac751ff0503ed23bed3085fbc73170665985
mlir/lib/Conversion/ComplexToROCDLLibraryCalls/CMakeLists.txt	blob	100644	695bb2dd0a82cf047584cc20a126da020305ef1d
mlir/lib/Conversion/ComplexToROCDLLibraryCalls/ComplexToROCDLLibraryCalls.cpp	blob	100644	12adfe13a5685e971ebe91b02ab8431dc25afeba
mlir/lib/Conversion/ComplexToSPIRV/CMakeLists.txt	blob	100644	59bc1a9538fd53da84e1e3e481806ccf9234e167
mlir/lib/Conversion/ComplexToSPIRV/ComplexToSPIRV.cpp	blob	100644	884df06a4e705d58a6069d0f902db98e278334a8
mlir/lib/Conversion/ComplexToSPIRV/ComplexToSPIRVPass.cpp	blob	100644	519a90e7f306a0f7fce250f7d155867ce4e20bdf
mlir/lib/Conversion/ComplexToStandard/CMakeLists.txt	blob	100644	c3cf92f57b48dcd95b8d7dc8290604c9f937adc5
mlir/lib/Conversion/ComplexToStandard/ComplexToStandard.cpp	blob	100644	d1cdd8ae17e3f4c82ea61f44efa17356b3b3ceb8
mlir/lib/Conversion/ControlFlowToLLVM/CMakeLists.txt	blob	100644	dcc78c8367a43f4af977ea012dbccb6e7576d721
mlir/lib/Conversion/ControlFlowToLLVM/ControlFlowToLLVM.cpp	blob	100644	950f7def31e9bfcba59db03e22e96b53d497e321
mlir/lib/Conversion/ControlFlowToSCF/CMakeLists.txt	blob	100644	68074aa41c30ffbefd19167fa9e1ccaf09689729
mlir/lib/Conversion/ControlFlowToSCF/ControlFlowToSCF.cpp	blob	100644	ea25fc6b30da7159b705a120230c5818f34395fe
mlir/lib/Conversion/ControlFlowToSPIRV/CMakeLists.txt	blob	100644	5be89822c0b0dd77ec8fd0225d85dacdd700351a
mlir/lib/Conversion/ControlFlowToSPIRV/ControlFlowToSPIRV.cpp	blob	100644	7fa6cb4448f80bc8846782502876f2f5ca528ce3
mlir/lib/Conversion/ControlFlowToSPIRV/ControlFlowToSPIRVPass.cpp	blob	100644	56b6181018153786f110ba7b63372fe0aa9d6980
mlir/lib/Conversion/ConvertToEmitC/CMakeLists.txt	blob	100644	ce3704e03e0b363e6aa29f4fde381a0966aa3c19
mlir/lib/Conversion/ConvertToEmitC/ConvertToEmitCPass.cpp	blob	100644	e883021c3ef2567833e204aa629f2c48906da45c
mlir/lib/Conversion/ConvertToLLVM/CMakeLists.txt	blob	100644	c71711ba2ebedbe928d928bd9c8e974aeb03e3e7
mlir/lib/Conversion/ConvertToLLVM/ConvertToLLVMPass.cpp	blob	100644	92fbb9fa59176316cc22148add63901ece9110f4
mlir/lib/Conversion/ConvertToLLVM/ToLLVMInterface.cpp	blob	100644	c70b5f000107a590db021f3e9bb9711a16b1ed5a
mlir/lib/Conversion/EmitCCommon/CMakeLists.txt	blob	100644	a47f14bfda114ef2282b9e26e4d4f097ecdb22a4
mlir/lib/Conversion/EmitCCommon/TypeConverter.cpp	blob	100644	1722fb95524d59196e3bb1951780fc9ebabddc22
mlir/lib/Conversion/FuncToEmitC/CMakeLists.txt	blob	100644	c5d831f59379dbe3645cb903b15d22eaed5011aa
mlir/lib/Conversion/FuncToEmitC/FuncToEmitC.cpp	blob	100644	24e66e835c98d9de12f59c23baf44c1464d9043d
mlir/lib/Conversion/FuncToEmitC/FuncToEmitCPass.cpp	blob	100644	d7052ad9837c1d29df009d01d67720406495fb9e
mlir/lib/Conversion/FuncToLLVM/CMakeLists.txt	blob	100644	17d8dad335c55d8a46150ab47dcf627cf3fc736e
mlir/lib/Conversion/FuncToLLVM/FuncToLLVM.cpp	blob	100644	f5e21d63d20b6a40a8c5f8d67a12a9e05e490e74
mlir/lib/Conversion/FuncToSPIRV/CMakeLists.txt	blob	100644	fca2c670915ad112a91aa1d3b9be13e8e0d64b58
mlir/lib/Conversion/FuncToSPIRV/FuncToSPIRV.cpp	blob	100644	7956e07b012fbc546c1cf2d4f565492ccdf57f91
mlir/lib/Conversion/FuncToSPIRV/FuncToSPIRVPass.cpp	blob	100644	ec6f4604f1a68122bfcdf99ed7eee537c7daeeb9
mlir/lib/Conversion/GPUCommon/AttrToSPIRVConverter.cpp	blob	100644	bc50879f7a8d3d193ec846761a5cf0a37193474c
mlir/lib/Conversion/GPUCommon/CMakeLists.txt	blob	100644	8bcde866ee00d59078b7686b6faffe0849354336
mlir/lib/Conversion/GPUCommon/GPUOpsLowering.cpp	blob	100644	66322f9ebc2f64f5e1e5f8e7060e224a47d9ab85
mlir/lib/Conversion/GPUCommon/GPUOpsLowering.h	blob	100644	dca4ee23ff3d1c0809e41f66b647c1b43c79a601
mlir/lib/Conversion/GPUCommon/GPUToLLVMConversion.cpp	blob	100644	da807d732beecea9ceda4282b15917e992bde2ae
mlir/lib/Conversion/GPUCommon/IndexIntrinsicsOpLowering.cpp	blob	100644	c27236415abb1341e562533c1ee271b5e4b9b252
mlir/lib/Conversion/GPUCommon/IndexIntrinsicsOpLowering.h	blob	100644	2a6036ab97bb6fa6b9da46896331955fb6a1ca12
mlir/lib/Conversion/GPUCommon/OpToFuncCallLowering.h	blob	100644	4dc2282f4ab9faeb299739b565f8c139ee06c7d6
mlir/lib/Conversion/GPUToLLVMSPV/CMakeLists.txt	blob	100644	f2381c623e20141af89c1c461716b487d27dad81
mlir/lib/Conversion/GPUToLLVMSPV/GPUToLLVMSPV.cpp	blob	100644	5df9193cf27f175d6f6be96166eb43efa3cd59e9
mlir/lib/Conversion/GPUToNVVM/CMakeLists.txt	blob	100644	06137bdb41d71fa4934281a5aa64cb4f1fa8a8aa
mlir/lib/Conversion/GPUToNVVM/LowerGpuOpsToNVVMOps.cpp	blob	100644	10de345eb671289d3ebe2ef9d008b98bb05c2a07
mlir/lib/Conversion/GPUToNVVM/WmmaOpsToNvvm.cpp	blob	100644	7c27238e57b1b9539bd186d0de4a1cf0bf6910d2
mlir/lib/Conversion/GPUToROCDL/CMakeLists.txt	blob	100644	945e3ccdfa87bbf79b4200878d76a99710f6029f
mlir/lib/Conversion/GPUToROCDL/GPUToROCDL.td	blob	100644	79ff2e0d3928801db9fb975b2514e12a1bc0d3d5
mlir/lib/Conversion/GPUToROCDL/LowerGpuOpsToROCDLOps.cpp	blob	100644	c6f81fd533dffddd5c9731ad573e961604a00fdc
mlir/lib/Conversion/GPUToSPIRV/CMakeLists.txt	blob	100644	7e97eeb2e2496a86319e73087b03ef2b710e080b
mlir/lib/Conversion/GPUToSPIRV/GPUToSPIRV.cpp	blob	100644	9848f04ab4e7a181b4f3bfcb4c461f124df87a8c
mlir/lib/Conversion/GPUToSPIRV/GPUToSPIRVPass.cpp	blob	100644	b687283da04770bdb139b3d7d004650d58a3094e
mlir/lib/Conversion/GPUToSPIRV/WmmaOpsToSPIRV.cpp	blob	100644	f3d57cf317c2a9abe405de369d23c1abd2140fa1
mlir/lib/Conversion/IndexToLLVM/CMakeLists.txt	blob	100644	a33a61852d74874586b8d8ee72a06f8fe9cf7d26
mlir/lib/Conversion/IndexToLLVM/IndexToLLVM.cpp	blob	100644	ba7d2b6fb83aa78628832f9c3a7a3e84aa9347bb
mlir/lib/Conversion/IndexToSPIRV/CMakeLists.txt	blob	100644	a02d2d40a9a2fa4b2343b1e9c7368eca5b6c2999
mlir/lib/Conversion/IndexToSPIRV/IndexToSPIRV.cpp	blob	100644	92526da965157dd391ad930a466762d16781c17c
mlir/lib/Conversion/LLVMCommon/CMakeLists.txt	blob	100644	e7175445618c302bf6a447cc2b3c6c94a2b87d66
mlir/lib/Conversion/LLVMCommon/ConversionTarget.cpp	blob	100644	5970577735307f8c3d7ca7b55d57b77a435cd2f2
mlir/lib/Conversion/LLVMCommon/LowerFunctionDiscardablesToLLVM.cpp	blob	100644	859d96d7e23772743bd253fabce6a6a73fc52f2a
mlir/lib/Conversion/LLVMCommon/LoweringOptions.cpp	blob	100644	3ffbbafd0f23d0b7427028414416704cc9701d04
mlir/lib/Conversion/LLVMCommon/MemRefBuilder.cpp	blob	100644	92412ab5096a6ec7ee03a954f7f523c0bc75638d
mlir/lib/Conversion/LLVMCommon/MemRefDescriptor.h	blob	100644	d0471b6a9fe870c7201128217cd83e0a2dd05edb
mlir/lib/Conversion/LLVMCommon/Pattern.cpp	blob	100644	2c4b8db4adc512ba08ed95f4091be2ad41309c2e
mlir/lib/Conversion/LLVMCommon/PrintCallHelper.cpp	blob	100644	da4443dc86053aaf3663cbd588cbf8c4f60f79a6
mlir/lib/Conversion/LLVMCommon/StructBuilder.cpp	blob	100644	13ed4628c3c9e086deb951d16e1cc291d9fca3fc
mlir/lib/Conversion/LLVMCommon/TypeConverter.cpp	blob	100644	2ad3397209da01572c2a20580294ec9ca90583db
mlir/lib/Conversion/LLVMCommon/VectorPattern.cpp	blob	100644	24b01259f0499dd19683b61ccf7c7148bcde0710
mlir/lib/Conversion/LinalgToStandard/CMakeLists.txt	blob	100644	7fc4af54031855245a158e9ec0f9f8465b75a188
mlir/lib/Conversion/LinalgToStandard/LinalgToStandard.cpp	blob	100644	280acc55c5d9e633b01893ba3cddf9659e5a35c9
mlir/lib/Conversion/MPIToLLVM/CMakeLists.txt	blob	100644	51ffbd1fa42ab26dd7bd82bbe74c91b235b347a5
mlir/lib/Conversion/MPIToLLVM/MPIToLLVM.cpp	blob	100644	f956b01d225fde59ba1a2742af5e011a9a871b9e
mlir/lib/Conversion/MathToEmitC/CMakeLists.txt	blob	100644	7f5e7b4a3aa7780527ee62d2c25898155fb9a5b2
mlir/lib/Conversion/MathToEmitC/MathToEmitC.cpp	blob	100644	adf06c139021f4ffe7bfbe2be3cbfcb25931124c
mlir/lib/Conversion/MathToEmitC/MathToEmitCPass.cpp	blob	100644	87a27644210fae25b30608acdc1d90e467c2cfc0
mlir/lib/Conversion/MathToFuncs/CMakeLists.txt	blob	100644	2ac191cac22a03f0a2485725fe4bbf589d03e3da
mlir/lib/Conversion/MathToFuncs/MathToFuncs.cpp	blob	100644	f653c6b38e002aebfd3dee80ed7ceea6519dd4bd
mlir/lib/Conversion/MathToLLVM/CMakeLists.txt	blob	100644	97393fc849691a949021d79c3510beadd3247ecb
mlir/lib/Conversion/MathToLLVM/MathToLLVM.cpp	blob	100644	29e1678bdd38af134f4c0d82c59d779554bcaa65
mlir/lib/Conversion/MathToLibm/CMakeLists.txt	blob	100644	0a4eb97474f3ab956cd8087073b45e14942c66ec
mlir/lib/Conversion/MathToLibm/MathToLibm.cpp	blob	100644	3699b2f29aee6164526b353a2a8bdbdabdfe4626
mlir/lib/Conversion/MathToNVVM/CMakeLists.txt	blob	100644	589700d32646c085d25a5420478e83a5d595480b
mlir/lib/Conversion/MathToNVVM/MathToNVVM.cpp	blob	100644	e6343b77cea7181d3ddeb6c4108e87638f060620
mlir/lib/Conversion/MathToROCDL/CMakeLists.txt	blob	100644	8cc3fde8278305498bbbbff27f0ae576f9a28a1e
mlir/lib/Conversion/MathToROCDL/MathToROCDL.cpp	blob	100644	04c3c9e4136e71d28d09206f9f3a6aa5f2141bff
mlir/lib/Conversion/MathToSPIRV/CMakeLists.txt	blob	100644	cbeb7a241b08d9c67999bbceaea277e300244c00
mlir/lib/Conversion/MathToSPIRV/MathToSPIRV.cpp	blob	100644	094caf7fcc2b1bfa7b8fdff69abfd66d9ad190e3
mlir/lib/Conversion/MathToSPIRV/MathToSPIRVPass.cpp	blob	100644	2f0ea2e523fa6ec948884685f16fbce7825119ab
mlir/lib/Conversion/MathToXeVM/CMakeLists.txt	blob	100644	e8551d5ba70f26102641a65ff6e4c4899e970325
mlir/lib/Conversion/MathToXeVM/MathToXeVM.cpp	blob	100644	5f758655fb7c2b7fb477dc71a7ed7a431b3c67ae
mlir/lib/Conversion/MemRefToEmitC/CMakeLists.txt	blob	100644	23a40e7e48b8dd1738d86ba6e7ffed6c8e9a3147
mlir/lib/Conversion/MemRefToEmitC/MemRefToEmitC.cpp	blob	100644	42439c1e00693f272202a50a35716c1a81597f99
mlir/lib/Conversion/MemRefToEmitC/MemRefToEmitCPass.cpp	blob	100644	2c30fdd2b4cd22acd95aaa71202862f5ddad848e
mlir/lib/Conversion/MemRefToLLVM/CMakeLists.txt	blob	100644	9da4b23d42f41368cd53c50b830a5bd92cef2d34
mlir/lib/Conversion/MemRefToLLVM/MemRefToLLVM.cpp	blob	100644	3ecaa49510d8f441900e868188b437ea2144b79d
mlir/lib/Conversion/MemRefToSPIRV/CMakeLists.txt	blob	100644	ca49f93748ce712270bcb2af6969e0af05e2c1d6
mlir/lib/Conversion/MemRefToSPIRV/MapMemRefStorageClassPass.cpp	blob	100644	6bc49a538bc9e8a49c586b2247bb81446969f65a
mlir/lib/Conversion/MemRefToSPIRV/MemRefToSPIRV.cpp	blob	100644	88802b9e2e5584afb971feb3190870d1fa7f78ef
mlir/lib/Conversion/MemRefToSPIRV/MemRefToSPIRVPass.cpp	blob	100644	b06ab44d159af501b8cf8e5cbff7cefa297b4365
mlir/lib/Conversion/NVGPUToNVVM/CMakeLists.txt	blob	100644	2e0a417bd823d868447e24e8fb168e3f3091d310
mlir/lib/Conversion/NVGPUToNVVM/NVGPUToNVVM.cpp	blob	100644	7b8303d87db68404c2d47d04ce1a0727d02e2d3f
mlir/lib/Conversion/NVVMToLLVM/CMakeLists.txt	blob	100644	23174d11287199130bafb4ed54f0f936e89618f7
mlir/lib/Conversion/NVVMToLLVM/NVVMToLLVM.cpp	blob	100644	8706a80175cabccce63d1f88d237f41ed6f600b3
mlir/lib/Conversion/OpenACCToLLVM/ACCAtomicPatterns.cpp	blob	100644	3a6cbe0a351091335478d07318c91125caad7e78
mlir/lib/Conversion/OpenACCToLLVM/ACCDataDirectivePatterns.cpp	blob	100644	583bf8bbe74a0c9734514850570f1797e23e4f34
mlir/lib/Conversion/OpenACCToLLVM/ACCDataRuntime.cpp	blob	100644	6eb4547bf9491be00b689d1c9a03eac512262abe
mlir/lib/Conversion/OpenACCToLLVM/ACCExecutableDirectivePatterns.cpp	blob	100644	2d36d4b66c32ffced35d880647d47abd5a117d70
mlir/lib/Conversion/OpenACCToLLVM/ACCHostDataPatterns.cpp	blob	100644	73f5fbc2a829b930290183dadec3d77bb5cc8526
mlir/lib/Conversion/OpenACCToLLVM/ACCToLLVM.cpp	blob	100644	8ff162fc72531d39d4a20ff2976949c46af206cf
mlir/lib/Conversion/OpenACCToLLVM/ACCToLLVMUtils.cpp	blob	100644	4b43087ab14f6a52523f3535cad173143e669aa2
mlir/lib/Conversion/OpenACCToLLVM/CMakeLists.txt	blob	100644	3a01f6249d77221f2ab33530619e2eb124c2ee1f
mlir/lib/Conversion/OpenACCToSCF/CMakeLists.txt	blob	100644	aa90db92c582f39841e39c6b6536a4c371444c13
mlir/lib/Conversion/OpenACCToSCF/OpenACCToSCF.cpp	blob	100644	f5b3689c88d2640ee065cbc594ac211baa0d1691
mlir/lib/Conversion/OpenMPToLLVM/CMakeLists.txt	blob	100644	c5f84aa95e64fbec77d3e58e24eb2ab3ba32c2d5
mlir/lib/Conversion/OpenMPToLLVM/OpenMPToLLVM.cpp	blob	100644	cf1bd76eda6a166d26170505f3f6899aa9923386
mlir/lib/Conversion/PDLToPDLInterp/CMakeLists.txt	blob	100644	fac84b14203bfb829d49d7ee55526f6259c6b491
mlir/lib/Conversion/PDLToPDLInterp/PDLToPDLInterp.cpp	blob	100644	5efe604bf47f419f897014b162e73be7c744b3cb
mlir/lib/Conversion/PDLToPDLInterp/Predicate.cpp	blob	100644	92524723754afc16622f3e5d1fdd3bb436070c26
mlir/lib/Conversion/PDLToPDLInterp/Predicate.h	blob	100644	12a752d4e7dbfb048a6c192eeef5b1f40f259ae9
mlir/lib/Conversion/PDLToPDLInterp/PredicateTree.cpp	blob	100644	4369baafe9b9bc9d3106699c2c9a73092bd194a0
mlir/lib/Conversion/PDLToPDLInterp/PredicateTree.h	blob	100644	5b3829d052f2e4c46d69f8ac1893be3db0141422
mlir/lib/Conversion/PDLToPDLInterp/RootOrdering.cpp	blob	100644	b36d5a774275d727bb02f6a299e07637ddfdeafd
mlir/lib/Conversion/PDLToPDLInterp/RootOrdering.h	blob	100644	553c5b2de21a4c7d93ed753c55c237ed27c5bfbe
mlir/lib/Conversion/PtrToLLVM/CMakeLists.txt	blob	100644	2d416be13ee3026f799dbbb72d6b56fc4fd73e27
mlir/lib/Conversion/PtrToLLVM/PtrToLLVM.cpp	blob	100644	cc1b3242c2619111997c1d9149541e987005cdf4
mlir/lib/Conversion/RaiseWasm/CMakeLists.txt	blob	100644	43b5fd79e49dfe78211616c22a1013d060f82511
mlir/lib/Conversion/RaiseWasm/RaiseWasmMLIR.cpp	blob	100644	fc0a7f1f3851a1af7fd1adf9cabb55d362114ad3
mlir/lib/Conversion/ReconcileUnrealizedCasts/CMakeLists.txt	blob	100644	1bed0d6944c08beeddad263c25ddd9b6fcb6dfef
mlir/lib/Conversion/ReconcileUnrealizedCasts/ReconcileUnrealizedCasts.cpp	blob	100644	b60d711a47367ca51c1011bdbc599ea1b2015bf8
mlir/lib/Conversion/SCFToAffine/CMakeLists.txt	blob	100644	f978d8309fc39fb49b1942b25cf2b9a2d30def5a
mlir/lib/Conversion/SCFToAffine/SCFToAffine.cpp	blob	100644	7113fbcd3c0e326a78c59ae294bf295e594e7cbc
mlir/lib/Conversion/SCFToControlFlow/CMakeLists.txt	blob	100644	9c635ad7e664ff2ff75ce178a9641bca2aae66bb
mlir/lib/Conversion/SCFToControlFlow/SCFToControlFlow.cpp	blob	100644	75cb4a8502f5a0d614128c91fdc5884a8d4a3d9f
mlir/lib/Conversion/SCFToEmitC/CMakeLists.txt	blob	100644	453aa6c44c46797eb75d636fbd46dc3dd053d4a1
mlir/lib/Conversion/SCFToEmitC/SCFToEmitC.cpp	blob	100644	22afdf376bb7004fa459e8bafefce73b6424bd7a
mlir/lib/Conversion/SCFToGPU/CMakeLists.txt	blob	100644	b7853634bc44ec5dbae05534041e76855d72eca3
mlir/lib/Conversion/SCFToGPU/SCFToGPU.cpp	blob	100644	944e535c08a18e5e750f38f2b2b8df3e47b589a4
mlir/lib/Conversion/SCFToGPU/SCFToGPUPass.cpp	blob	100644	c816356cf3f962ced99fb69d1285692f275d94ca
mlir/lib/Conversion/SCFToOpenMP/CMakeLists.txt	blob	100644	1ad175dd7d3ff25bd83fd283bb63ad22b5ead267
mlir/lib/Conversion/SCFToOpenMP/SCFToOpenMP.cpp	blob	100644	815c83aeb713a7b9321b13d0f3a8fe5bf807b4a8
mlir/lib/Conversion/SCFToSPIRV/CMakeLists.txt	blob	100644	e509fb025ee1964a3d364884e71f8650eb85d3bf
mlir/lib/Conversion/SCFToSPIRV/SCFToSPIRV.cpp	blob	100644	0821e8e96a9d049977ff5f89feb07000aea86315
mlir/lib/Conversion/SCFToSPIRV/SCFToSPIRVPass.cpp	blob	100644	32a6a1299b1fe7b0a4ed5d0bc2637a3f6bea55de
mlir/lib/Conversion/SPIRVCommon/AttrToLLVMConverter.cpp	blob	100644	7f83a474c3f93c6a4d392e2f4cf1bb38f916924f
mlir/lib/Conversion/SPIRVCommon/CMakeLists.txt	blob	100644	cd5a4c225efbf427c01340a8258fbd4160dba753
mlir/lib/Conversion/SPIRVCommon/Pattern.h	blob	100644	d947d483f2dd5550c5fa7c3c19871615d1991349
mlir/lib/Conversion/SPIRVToLLVM/CMakeLists.txt	blob	100644	e563315d95c9ca635ea9b97e1e39105f53391e90
mlir/lib/Conversion/SPIRVToLLVM/ConvertLaunchFuncToLLVMCalls.cpp	blob	100644	54a24004cfc75c0d7ef8e6e2bcbe315ee7966752
mlir/lib/Conversion/SPIRVToLLVM/SPIRVToLLVM.cpp	blob	100644	4e733ff45360df54bd6493374e6239cbbdaf3765
mlir/lib/Conversion/SPIRVToLLVM/SPIRVToLLVMPass.cpp	blob	100644	052b163d5006d0884777aa5cc1c375afbb1e653b
mlir/lib/Conversion/ShapeToStandard/CMakeLists.txt	blob	100644	246f10b3899113c87e96b9036f21ab466b085b14
mlir/lib/Conversion/ShapeToStandard/ConvertShapeConstraints.cpp	blob	100644	245e60b04ec314a930ddb8e7451cd0668d15d93b
mlir/lib/Conversion/ShapeToStandard/ShapeToStandard.cpp	blob	100644	0ff9fb3f628ab172bf542cfef86168d063cbff54
mlir/lib/Conversion/ShapeToStandard/ShapeToStandard.td	blob	100644	c2751a0a3262d8ceb12805732c3a30166cb688cf
mlir/lib/Conversion/ShardToMPI/CMakeLists.txt	blob	100644	dfa8e77bb13efde11fa6cc5ada9b61328b2a3d75
mlir/lib/Conversion/ShardToMPI/ShardToMPI.cpp	blob	100644	4a72efeeda04d85490dcad86007218acaadc7441
mlir/lib/Conversion/TensorToLinalg/CMakeLists.txt	blob	100644	0236dc6d397c452204c9600d6658efd517756bcd
mlir/lib/Conversion/TensorToLinalg/TensorToLinalg.cpp	blob	100644	55eb11c87d230dccd059486afc22671e31e1c7d4
mlir/lib/Conversion/TensorToLinalg/TensorToLinalgPass.cpp	blob	100644	0837c262dd30c556063d65a475739727d9e85f07
mlir/lib/Conversion/TensorToSPIRV/CMakeLists.txt	blob	100644	31266221f5b262a45573497765066c9d99fb98cb
mlir/lib/Conversion/TensorToSPIRV/TensorToSPIRV.cpp	blob	100644	236d0ad024e42597cdfcfa84191c08ee634bf914
mlir/lib/Conversion/TensorToSPIRV/TensorToSPIRVPass.cpp	blob	100644	8cd650e649008be8cf50bb1f81b408253da9eded
mlir/lib/Conversion/TosaToArith/CMakeLists.txt	blob	100644	8f1640c3211450777a0e131fdd104a7114008653
mlir/lib/Conversion/TosaToArith/TosaToArith.cpp	blob	100644	67eb9fdb446d447da191be738f176ef3701fcb9a
mlir/lib/Conversion/TosaToArith/TosaToArithPass.cpp	blob	100644	5768af8cd78d61c918f3a6d7fd6edfb8e3c98972
mlir/lib/Conversion/TosaToLinalg/CMakeLists.txt	blob	100644	5123c2a7cf91626be689111df912ef295095c77a
mlir/lib/Conversion/TosaToLinalg/TosaToLinalg.cpp	blob	100644	6b98c242aeac320c6ff96b5f2b74500143d5791b
mlir/lib/Conversion/TosaToLinalg/TosaToLinalgNamed.cpp	blob	100644	4a11a927090bf6fcc6a029c716f7046acc101fe1
mlir/lib/Conversion/TosaToLinalg/TosaToLinalgNamedPass.cpp	blob	100644	df066a5cac261263583a6a63696f27ed36d7003b
mlir/lib/Conversion/TosaToLinalg/TosaToLinalgPass.cpp	blob	100644	152ac21eb1ea9d462ce04801acd78f34d0bab89f
mlir/lib/Conversion/TosaToMLProgram/CMakeLists.txt	blob	100644	82941424f1d102529defa0c6fbf7cfa743cc5349
mlir/lib/Conversion/TosaToMLProgram/TosaToMLProgram.cpp	blob	100644	f8efb340ed37e6b65963cc614ec6d4ccd35ba587
mlir/lib/Conversion/TosaToMLProgram/TosaToMLProgramPass.cpp	blob	100644	dba6f79d840a1bac953103a8fe10241b8357f84f
mlir/lib/Conversion/TosaToSCF/CMakeLists.txt	blob	100644	017a2e8c921f246d3b78e93d45aeb39f4cebe792
mlir/lib/Conversion/TosaToSCF/TosaToSCF.cpp	blob	100644	7e9c9090c51df63be3f3c142e060b720cc60c244
mlir/lib/Conversion/TosaToSCF/TosaToSCFPass.cpp	blob	100644	e5d0bed1e1527156e63da981cfcf654492182d10
mlir/lib/Conversion/TosaToSPIRVTosa/CMakeLists.txt	blob	100644	c4b71ed61f39b1fe37995d143f9c34d0df1b64a8
mlir/lib/Conversion/TosaToSPIRVTosa/TosaToSPIRVTosa.cpp	blob	100644	789912d1077c677a9b4c77cd2e5832a0c1cff0f0
mlir/lib/Conversion/TosaToSPIRVTosa/TosaToSPIRVTosaConstants.cpp	blob	100644	b1496a776fa89c7f53d0492fb974ec876371dd37
mlir/lib/Conversion/TosaToSPIRVTosa/TosaToSPIRVTosaCustom.cpp	blob	100644	14fa2fa12d2a87328ec4af69e5528c865e7fb18b
mlir/lib/Conversion/TosaToSPIRVTosa/TosaToSPIRVTosaOps.cpp	blob	100644	25fb4027c36034299c64ca1279d0bb1155f48f3c
mlir/lib/Conversion/TosaToSPIRVTosa/TosaToSPIRVTosaPass.cpp	blob	100644	937d1d0e6f2ee80fa76aa2889476f82a02be8dca
mlir/lib/Conversion/TosaToTensor/CMakeLists.txt	blob	100644	2870baa20757b576785a930052c53a89f65b1a5e
mlir/lib/Conversion/TosaToTensor/TosaToTensor.cpp	blob	100644	9bf9ca3ae7a89b76bbb52b7cfe75f8cc1300efa9
mlir/lib/Conversion/TosaToTensor/TosaToTensorPass.cpp	blob	100644	a7f415c574843e871ef2b7e1669d26c729c6a478
mlir/lib/Conversion/UBToLLVM/CMakeLists.txt	blob	100644	645614614ce61d456bcfa43a93bf5638d70efa2c
mlir/lib/Conversion/UBToLLVM/UBToLLVM.cpp	blob	100644	e0021b71774116ff234fb84332dab139e7168a85
mlir/lib/Conversion/UBToSPIRV/CMakeLists.txt	blob	100644	a7a26b0a8c606a92675077e9657a7d1daaa18422
mlir/lib/Conversion/UBToSPIRV/UBToSPIRV.cpp	blob	100644	3831387816eafa6d2c5a15abc50c5702c042c34d
mlir/lib/Conversion/VectorToAMX/CMakeLists.txt	blob	100644	2ed864c519cb6c828d758acf59663b5be98fc6b6
mlir/lib/Conversion/VectorToAMX/VectorToAMX.cpp	blob	100644	c6182379026dfc940a18c4b0304c427fa79a0f0e
mlir/lib/Conversion/VectorToArmSME/CMakeLists.txt	blob	100644	6a81a09776d373fc04c8333a6a1a7bf7ea9bd03c
mlir/lib/Conversion/VectorToArmSME/VectorToArmSME.cpp	blob	100644	6ec404e98257730c5bb3570bd1218fcf5fb4ca42
mlir/lib/Conversion/VectorToArmSME/VectorToArmSMEPass.cpp	blob	100644	6d1bc71cf707f897fca5556c56e8964bcf1cd8f1
mlir/lib/Conversion/VectorToGPU/CMakeLists.txt	blob	100644	b508dc71557d98122991a420849e398f867a2e85
mlir/lib/Conversion/VectorToGPU/VectorToGPU.cpp	blob	100644	4ed868eca25c7b8ac1e14a7dc279707a48339818
mlir/lib/Conversion/VectorToLLVM/CMakeLists.txt	blob	100644	0d700ea65eb4ee00aced9a9f6e75542c8cd94641
mlir/lib/Conversion/VectorToLLVM/ConvertVectorToLLVM.cpp	blob	100644	dd62377c2f6d36559a701da76d19f2a8a0e454bb
mlir/lib/Conversion/VectorToLLVM/ConvertVectorToLLVMPass.cpp	blob	100644	81fca0023a691b7ef29171d28b7710cb96c80578
mlir/lib/Conversion/VectorToSCF/CMakeLists.txt	blob	100644	0915270e453dfdbae0de50382fc646016a709ede
mlir/lib/Conversion/VectorToSCF/VectorToSCF.cpp	blob	100644	b8eed6315e3895175071d2c2435839cb943c0244
mlir/lib/Conversion/VectorToSPIRV/CMakeLists.txt	blob	100644	f4cdb2cf95a30e1ea7fda57fbac5d10fe9df86d7
mlir/lib/Conversion/VectorToSPIRV/VectorToSPIRV.cpp	blob	100644	7038f25119159a4afc1b12e1360666979305bd79
mlir/lib/Conversion/VectorToSPIRV/VectorToSPIRVPass.cpp	blob	100644	b3ef23085c186da79bbc2570be0af845e274a192
mlir/lib/Conversion/VectorToXeGPU/CMakeLists.txt	blob	100644	dd699f5b1880ea78fde43bf209cc62aff015ac09
mlir/lib/Conversion/VectorToXeGPU/VectorToXeGPU.cpp	blob	100644	3a56d2124010900dc783e4554034c34dd9676182
mlir/lib/Conversion/XeGPUToXeVM/CMakeLists.txt	blob	100644	dd9edc43a16570127dca9c8f11b7f719613cfd64
mlir/lib/Conversion/XeGPUToXeVM/XeGPUToXeVM.cpp	blob	100644	d7826659517085b214807f068a2f47c89f53af50
mlir/lib/Conversion/XeVMToLLVM/CMakeLists.txt	blob	100644	4ac60d8d43472d69768dc9d8ef97f496b3624d5c
mlir/lib/Conversion/XeVMToLLVM/XeVMToLLVM.cpp	blob	100644	ab3d4750c06d27ea3ec55520c7063fe740fb8025
mlir/lib/Debug/BreakpointManagers/FileLineColLocBreakpointManager.cpp	blob	100644	4ad3e7f22a19af7d10d3cf2482540b4fd7052a20
mlir/lib/Debug/CLOptionsSetup.cpp	blob	100644	cb0b0e5c375e0b17826331cf51b7527ab483c36e
mlir/lib/Debug/CMakeLists.txt	blob	100644	d270eb2e7534fd1904e4e440d843167a85f1b172
mlir/lib/Debug/DebugCounter.cpp	blob	100644	879f6c9365cf6c1bd3a6fc0e24bd4fea17d62913
mlir/lib/Debug/DebuggerExecutionContextHook.cpp	blob	100644	863113928d5b4f776202f20a109797e132495d99
mlir/lib/Debug/ExecutionContext.cpp	blob	100644	cc72bac549ab025ffd560353b08804250e9e52dc
mlir/lib/Debug/Observers/ActionLogging.cpp	blob	100644	9c0d041b0d36faf522dceaffdcb8a8678cb1c32c
mlir/lib/Debug/Observers/ActionProfiler.cpp	blob	100644	88e6ae211a2d4c551c0d5fa5c5ad18bc38942b56
mlir/lib/Debug/Observers/CMakeLists.txt	blob	100644	78d8038f6f1265dfdf2a98ca376a3649fb7ebab8
mlir/lib/Dialect/AMDGPU/CMakeLists.txt	blob	100644	31167e6af908b9f76a1bf8e90a7528cd10acb2aa
mlir/lib/Dialect/AMDGPU/IR/AMDGPUAttrs.cpp	blob	100644	9428b166a8cf044c8272ac20cb90de35e9e5737d
mlir/lib/Dialect/AMDGPU/IR/AMDGPUDialect.cpp	blob	100644	92e05b397c0996a647de76f21fb0f35e384bd086
mlir/lib/Dialect/AMDGPU/IR/AMDGPUEnums.cpp	blob	100644	44107bd2b95fb8ee05481a134122b24faa2160cf
mlir/lib/Dialect/AMDGPU/IR/AMDGPUOps.cpp	blob	100644	ad0ff12c9307f6a4b0d4c78cc20b2fe5ce2d57da
mlir/lib/Dialect/AMDGPU/IR/AMDGPUTypes.cpp	blob	100644	a12695cbb2ba7d123fd2862d8b68ea5c6520a1e4
mlir/lib/Dialect/AMDGPU/IR/CMakeLists.txt	blob	100644	aef460904baaae1c4aff0eb62e453db474916f1c
mlir/lib/Dialect/AMDGPU/Transforms/CMakeLists.txt	blob	100644	29baef635ec8027b10a25a746e417b31286613a6
mlir/lib/Dialect/AMDGPU/Transforms/EmulateAtomics.cpp	blob	100644	ce47da8d9ee9736a4e70f887932d1f0e04b5e758
mlir/lib/Dialect/AMDGPU/Transforms/MaskedloadToLoad.cpp	blob	100644	97687dc8a822a5109520452716ebe09ea315a349
mlir/lib/Dialect/AMDGPU/Transforms/MemoryAccessOpInterfacesImpl.cpp	blob	100644	dacb4af69ae110877b9de822498ceaa0b5f53342
mlir/lib/Dialect/AMDGPU/Transforms/ResolveStridedMetadata.cpp	blob	100644	f8bab8289cbc66e6287ac202dc6a02e0d19412f8
mlir/lib/Dialect/AMDGPU/Utils/CMakeLists.txt	blob	100644	cb67399b7386d471ab9a3c99cc6d4bfbfd784fa3
mlir/lib/Dialect/AMDGPU/Utils/Chipset.cpp	blob	100644	293738982e060c3bc5117944bcf9215f094c24b0
mlir/lib/Dialect/Affine/Analysis/AffineAnalysis.cpp	blob	100644	27a8c7b8ea86378beb3e38782a3a86eedefb9bc0
mlir/lib/Dialect/Affine/Analysis/AffineStructures.cpp	blob	100644	209f783bdb503d6fb7ce66a046d304c32b1369d3
mlir/lib/Dialect/Affine/Analysis/CMakeLists.txt	blob	100644	3a1996349dbeddd6af09b87dba3d1ce082186430
mlir/lib/Dialect/Affine/Analysis/LoopAnalysis.cpp	blob	100644	40802cc6e85e57003505f4d3066359b4b753097b
mlir/lib/Dialect/Affine/Analysis/NestedMatcher.cpp	blob	100644	c0f9348693535dfe91706cc41126fba56426dc52
mlir/lib/Dialect/Affine/Analysis/Utils.cpp	blob	100644	67885513dcd3be0057e5538864825ff3e1bf7c09
mlir/lib/Dialect/Affine/CMakeLists.txt	blob	100644	a981040c761da2375fe39203dcc968cb75e24f29
mlir/lib/Dialect/Affine/IR/AffineMemoryOpInterfaces.cpp	blob	100644	4890d4f298c2e0cb7e0473089dce21129ca9d3f9
mlir/lib/Dialect/Affine/IR/AffineOps.cpp	blob	100644	0b14c7de07058594494f08e1f03eed5bb1ff91e0
mlir/lib/Dialect/Affine/IR/AffineValueMap.cpp	blob	100644	6d2d3212c696b503c245f7bddf128cc86c34d1ed
mlir/lib/Dialect/Affine/IR/CMakeLists.txt	blob	100644	e24cd4013bca32989a529826a19d9f055b052f38
mlir/lib/Dialect/Affine/IR/InferIntDivisibilityOpInterfaceImpl.cpp	blob	100644	451ec98ef37372716e5c18028be009cf50dde3ed
mlir/lib/Dialect/Affine/IR/InferIntRangeInterfaceImpls.cpp	blob	100644	1bf6829a04b6e97002cb79b642db84b224a6a663
mlir/lib/Dialect/Affine/IR/MemorySlot.cpp	blob	100644	7b74b7eb7bb6b609e32729e45e7b5af0eb073b7a
mlir/lib/Dialect/Affine/IR/ValueBoundsOpInterfaceImpl.cpp	blob	100644	2244eb45a813a3215059fd81441667a18130dca0
mlir/lib/Dialect/Affine/TransformOps/AffineTransformOps.cpp	blob	100644	7133ed19c1430c90c19746b3bbd48067f9cb8e5e
mlir/lib/Dialect/Affine/TransformOps/CMakeLists.txt	blob	100644	4797cd973e8fb95d70d29bcac8346fb104383858
mlir/lib/Dialect/Affine/Transforms/AffineDataCopyGeneration.cpp	blob	100644	82923b2af5bdb4a4050d341fd3c4299c8e48f69e
mlir/lib/Dialect/Affine/Transforms/AffineExpandIndexOps.cpp	blob	100644	89909a14498c38ff739f52e924ff500caa9f50b0
mlir/lib/Dialect/Affine/Transforms/AffineExpandIndexOpsAsAffine.cpp	blob	100644	4a5a09b07f28b850961f401d4591c1e1f55ce872
mlir/lib/Dialect/Affine/Transforms/AffineLoopInvariantCodeMotion.cpp	blob	100644	1887c321e206a6d2908690ddebc39a6aebdc8dfe
mlir/lib/Dialect/Affine/Transforms/AffineLoopNormalize.cpp	blob	100644	0d464631ad439ce0906109687b57df7a720d0452
mlir/lib/Dialect/Affine/Transforms/AffineParallelize.cpp	blob	100644	6175e52f96009dc63006368e5f448d67c0b60884
mlir/lib/Dialect/Affine/Transforms/AffineScalarReplacement.cpp	blob	100644	92a4cf3c0ad7678ecc92183b969051d72c1e72a3
mlir/lib/Dialect/Affine/Transforms/CMakeLists.txt	blob	100644	9d912139810b2610fe20c24401375aef0a499a44
mlir/lib/Dialect/Affine/Transforms/DecomposeAffineOps.cpp	blob	100644	11007a08f7edc08ef98bdb004eae7f02936eebbf
mlir/lib/Dialect/Affine/Transforms/FoldMemRefAliasOps.cpp	blob	100644	bb7b231ea02c2b3f2682459630488099a0223ad6
mlir/lib/Dialect/Affine/Transforms/LoopCoalescing.cpp	blob	100644	870db0b1debd642c1d15340700722858f40a0464
mlir/lib/Dialect/Affine/Transforms/LoopFusion.cpp	blob	100644	77eda4062ec0c1aa6f5a66523994f2794519ec2e
mlir/lib/Dialect/Affine/Transforms/LoopTiling.cpp	blob	100644	d3208d5c8f7eb59ed3f2e25a64d32efb10499684
mlir/lib/Dialect/Affine/Transforms/LoopUnroll.cpp	blob	100644	1006a7d2c3cca2293c31958867b4a1a4c4fa3e42
mlir/lib/Dialect/Affine/Transforms/LoopUnrollAndJam.cpp	blob	100644	f97174065a47526ee94e827a5159f7be3b07d347
mlir/lib/Dialect/Affine/Transforms/PipelineDataTransfer.cpp	blob	100644	97258afd180248681e94f6232e5be9b2f67ea3d5
mlir/lib/Dialect/Affine/Transforms/RaiseMemrefDialect.cpp	blob	100644	29cc256cb90f9e5c8d214a11123ded0fd502fe22
mlir/lib/Dialect/Affine/Transforms/ReifyValueBounds.cpp	blob	100644	1bd068d6151c69276a3f40fe191810548aa3fb48
mlir/lib/Dialect/Affine/Transforms/SimplifyAffineMinMax.cpp	blob	100644	ea7f3157c82eaad19d1a12a2f41f98d88872b524
mlir/lib/Dialect/Affine/Transforms/SimplifyAffineStructures.cpp	blob	100644	aec98ea7567dcd700671f1d6e82a85c4b59f197f
mlir/lib/Dialect/Affine/Transforms/SimplifyAffineWithBounds.cpp	blob	100644	f0c16a05a3070009b3820d460c4b5c0bfc15d73a
mlir/lib/Dialect/Affine/Transforms/SuperVectorize.cpp	blob	100644	6c6e8ed979d235c2d9eca6f1b2f6946bd67e11e6
mlir/lib/Dialect/Affine/Utils/CMakeLists.txt	blob	100644	ef6e0dbf45d3a9f6ede33c7fb816592cb95d2a54
mlir/lib/Dialect/Affine/Utils/LoopFusionUtils.cpp	blob	100644	68296ea3368a1fe1d4276170d50d07ac64013bfe
mlir/lib/Dialect/Affine/Utils/LoopUtils.cpp	blob	100644	854974b972791defcaacfe78c24a72ead6c1f9bf
mlir/lib/Dialect/Affine/Utils/Utils.cpp	blob	100644	c65655a088a9460f54fb4fb1ccf09a341daa6419
mlir/lib/Dialect/Affine/Utils/ViewLikeInterfaceUtils.cpp	blob	100644	0439c199b934e35ec4326c30576e6224a31b60a2
mlir/lib/Dialect/Arith/CMakeLists.txt	blob	100644	31167e6af908b9f76a1bf8e90a7528cd10acb2aa
mlir/lib/Dialect/Arith/IR/ArithCanonicalization.td	blob	100644	2615bcca23e35c58263e9c3da6a92b8505b88c2a
mlir/lib/Dialect/Arith/IR/ArithDialect.cpp	blob	100644	5584314140de10991bf3ede813fce12a74021d1b
mlir/lib/Dialect/Arith/IR/ArithOps.cpp	blob	100644	95ec15e515eeb9cf08bf8c10ffd1d457bfe18e91
mlir/lib/Dialect/Arith/IR/CMakeLists.txt	blob	100644	3423e11a7d0f0d29fc0422affcd65286e4730560
mlir/lib/Dialect/Arith/IR/InferIntDivisibilityOpInterfaceImpl.cpp	blob	100644	b23ee108ca4a3dfc443c6fdaa8979b3d6d270f0c
mlir/lib/Dialect/Arith/IR/InferIntRangeInterfaceImpls.cpp	blob	100644	6e0269d1c92d8f0e9d5eb0283ee5cab8a8146618
mlir/lib/Dialect/Arith/IR/ValueBoundsOpInterfaceImpl.cpp	blob	100644	61e84e3cdae0f5076a5c5ed19fbdab16cbc1db5e
mlir/lib/Dialect/Arith/Transforms/BufferDeallocationOpInterfaceImpl.cpp	blob	100644	9199dccdcaff3d7eba53f1b1a14540f6d50b4bc2
mlir/lib/Dialect/Arith/Transforms/BufferViewFlowOpInterfaceImpl.cpp	blob	100644	9df9df86b64fb58a75a48c31c60b7307f58cb21f
mlir/lib/Dialect/Arith/Transforms/BufferizableOpInterfaceImpl.cpp	blob	100644	0fe7be82959a30c0f882e62e58d379010cf29e39
mlir/lib/Dialect/Arith/Transforms/CMakeLists.txt	blob	100644	637e16a3963d6026c2e04d07ceefc2387cd6cab8
mlir/lib/Dialect/Arith/Transforms/EmulateNarrowType.cpp	blob	100644	ba8311754b78c9b54346448389b9d37076996b1d
mlir/lib/Dialect/Arith/Transforms/EmulateUnsupportedFloats.cpp	blob	100644	9b336cbda62f5a4e024557f305612aee32e882bf
mlir/lib/Dialect/Arith/Transforms/EmulateWideInt.cpp	blob	100644	ec1e1851d8a843c57b038c71c9b90fa6530e8da1
mlir/lib/Dialect/Arith/Transforms/ExpandOps.cpp	blob	100644	2e02d44bdbe2cdfd0aeb53c73b0d46787e167b30
mlir/lib/Dialect/Arith/Transforms/IntRangeOptimizations.cpp	blob	100644	8d2da09969afec988220603a207b4aedeb692808
mlir/lib/Dialect/Arith/Transforms/ReifyValueBounds.cpp	blob	100644	8a46762eb8e05bebe8c514c0975f8715e6537546
mlir/lib/Dialect/Arith/Transforms/ShardingInterfaceImpl.cpp	blob	100644	8b6d4c7fdd1c790ec15e97faece59445e09bf50b
mlir/lib/Dialect/Arith/Transforms/UnsignedWhenEquivalent.cpp	blob	100644	aac591bd8125da115d8c1acac64a1a40958cdeb2
mlir/lib/Dialect/Arith/Utils/CMakeLists.txt	blob	100644	b4760510fc96e69b98ebb16c59cdea6a2b736b7b
mlir/lib/Dialect/Arith/Utils/Utils.cpp	blob	100644	990fb2cd2bde0129b4ae43d1aa37c7bbbba9099c
mlir/lib/Dialect/ArmNeon/CMakeLists.txt	blob	100644	cb1e9d01821a2cf352b79c28c44da4ddd33dd3e9
mlir/lib/Dialect/ArmNeon/IR/ArmNeonDialect.cpp	blob	100644	8bf9327f3d23573fe0fbb57cec019b0e569a3ad1
mlir/lib/Dialect/ArmNeon/IR/CMakeLists.txt	blob	100644	8329719965ddf21e8f651a948cd100d30d01bff7
mlir/lib/Dialect/ArmNeon/TransformOps/ArmNeonVectorTransformOps.cpp	blob	100644	d069bde6d99795c415ef87733f7e1f13ede5f33f
mlir/lib/Dialect/ArmNeon/TransformOps/CMakeLists.txt	blob	100644	69d2143ad4e1f4c3a347cffe17951d3c28723c9c
mlir/lib/Dialect/ArmNeon/Transforms/CMakeLists.txt	blob	100644	368dacac7b83513bdd1a8634c530cdbd4bc09b7f
mlir/lib/Dialect/ArmNeon/Transforms/LowerContractToNeonPatterns.cpp	blob	100644	6b4285026ea04f8467de556d002bac17e0369ad0
mlir/lib/Dialect/ArmSME/CMakeLists.txt	blob	100644	9f57627c321fb0c74b3e4a404e3c36bd435f64a7
mlir/lib/Dialect/ArmSME/IR/ArmSME.cpp	blob	100644	de0a8684155568ac39ae7a4a2bc1b5e6a5ac2338
mlir/lib/Dialect/ArmSME/IR/CMakeLists.txt	blob	100644	e69868189be16d1f34c76987fe80ac21942cb2f1
mlir/lib/Dialect/ArmSME/IR/Utils.cpp	blob	100644	c2bf4dc1a43326d2dd56d531b9f73f2e32e723b3
mlir/lib/Dialect/ArmSME/Transforms/CMakeLists.txt	blob	100644	a29624468ba2d6b37df7f198831a12190cf2a7af
mlir/lib/Dialect/ArmSME/Transforms/EnableArmStreaming.cpp	blob	100644	e85e62099bf401190319c9388476a8d6719fe88a
mlir/lib/Dialect/ArmSME/Transforms/OuterProductFusion.cpp	blob	100644	f1c36edac6094848be37102f32fc3bfa54c4004a
mlir/lib/Dialect/ArmSME/Transforms/TileAllocation.cpp	blob	100644	b9b2cecf8fd00419e79cd3246592328c70ed6004
mlir/lib/Dialect/ArmSME/Transforms/VectorLegalization.cpp	blob	100644	7a6c510920e2257ad943afe1b945ced2af905e03
mlir/lib/Dialect/ArmSVE/CMakeLists.txt	blob	100644	cb1e9d01821a2cf352b79c28c44da4ddd33dd3e9
mlir/lib/Dialect/ArmSVE/IR/ArmSVEDialect.cpp	blob	100644	6b25a209d8f93bb4ec1d2e5b1afe2da47c0ad87e
mlir/lib/Dialect/ArmSVE/IR/CMakeLists.txt	blob	100644	2cfd4955e574525ef37c1cc3312f2277b26da115
mlir/lib/Dialect/ArmSVE/TransformOps/ArmSVEVectorTransformOps.cpp	blob	100644	fe9de7817089e6f89bdaaf382cdc1e536114a4ed
mlir/lib/Dialect/ArmSVE/TransformOps/CMakeLists.txt	blob	100644	235fe8f5ca0ce2c23b173d1a9189dd574c8275f6
mlir/lib/Dialect/ArmSVE/Transforms/CMakeLists.txt	blob	100644	c29eaca244b4af996c98f59ed719812482fc2e51
mlir/lib/Dialect/ArmSVE/Transforms/LegalizeForLLVMExport.cpp	blob	100644	6f2e0a0889b40315cf643ddf9affc03b98d8e3cf
mlir/lib/Dialect/ArmSVE/Transforms/LegalizeVectorStorage.cpp	blob	100644	c1af8a5c80fcfa2733f8376105a21387531d034b
mlir/lib/Dialect/ArmSVE/Transforms/LowerContractToSVEPatterns.cpp	blob	100644	b48a11bb2adf7a96242008310c34989d082ad5e3
mlir/lib/Dialect/Async/CMakeLists.txt	blob	100644	9f57627c321fb0c74b3e4a404e3c36bd435f64a7
mlir/lib/Dialect/Async/IR/Async.cpp	blob	100644	027c7637e025efd73c1faf22ace05453cdb6b5bc
mlir/lib/Dialect/Async/IR/CMakeLists.txt	blob	100644	e0e667500308aedb00fef32919e8cbd4db74b1a2
mlir/lib/Dialect/Async/Transforms/AsyncParallelFor.cpp	blob	100644	1db6f128f4c6979eae8ec8f12bb1d96acaed3055
mlir/lib/Dialect/Async/Transforms/AsyncRuntimeRefCounting.cpp	blob	100644	2a726f3fd2999c7d7d9b378d6b633321046a3f9a
mlir/lib/Dialect/Async/Transforms/AsyncRuntimeRefCountingOpt.cpp	blob	100644	303bbcacb6f2f52bb0a05b9d9e0e23766aeecb24
mlir/lib/Dialect/Async/Transforms/AsyncToAsyncRuntime.cpp	blob	100644	52d6563658e2a3b809b8a5cddc91400335721c87
mlir/lib/Dialect/Async/Transforms/CMakeLists.txt	blob	100644	7b59bc0de30a6107c608b5067b57cf11e978936c
mlir/lib/Dialect/Async/Transforms/PassDetail.cpp	blob	100644	eaac566716a4306371d95465867867ba20d07647
mlir/lib/Dialect/Async/Transforms/PassDetail.h	blob	100644	310e6385a316a6a63b19f0ed49ffd239a58e0bbb
mlir/lib/Dialect/Bufferization/CMakeLists.txt	blob	100644	9e4f1de15620c4bce8d80bbccb4aba5580b57248
mlir/lib/Dialect/Bufferization/Extensions/AllExtensions.cpp	blob	100644	1cff6352434d73fb8cf3dfdd47e03ae179129a27
mlir/lib/Dialect/Bufferization/Extensions/CMakeLists.txt	blob	100644	73a393e3a2b7648b29d7fb72c7929f91826d4d1f
mlir/lib/Dialect/Bufferization/Extensions/ShardingExtensions.cpp	blob	100644	40a26cf6334a21c183a1976877bc4a648dbafb9a
mlir/lib/Dialect/Bufferization/IR/AllocationOpInterface.cpp	blob	100644	76fc1fe72ada7a4cff0102d706f475c9b2fa9631
mlir/lib/Dialect/Bufferization/IR/BufferDeallocationOpInterface.cpp	blob	100644	ff4cad71110b6c556755435465d390a65e817829
mlir/lib/Dialect/Bufferization/IR/BufferViewFlowOpInterface.cpp	blob	100644	aeedeb3ecd2a554ae384af304b22f8b08c7018ec
mlir/lib/Dialect/Bufferization/IR/BufferizableOpInterface.cpp	blob	100644	e39b20492e5ed0c5e53c7f53937b24699e25eebc
mlir/lib/Dialect/Bufferization/IR/BufferizationDialect.cpp	blob	100644	3bf2df7a3eae9eda0c6431a5e273ba814df95a39
mlir/lib/Dialect/Bufferization/IR/BufferizationOps.cpp	blob	100644	937134dea23b15d950b4e5fe28a170a2c4fb65f2
mlir/lib/Dialect/Bufferization/IR/BufferizationTypeInterfaces.cpp	blob	100644	0e973915c6fc9e88f4e18cd1a077a5c8a47b9f3e
mlir/lib/Dialect/Bufferization/IR/CMakeLists.txt	blob	100644	20dc4d3fd8036813cab92e4160f1533ddf7a2ff8
mlir/lib/Dialect/Bufferization/IR/UnstructuredControlFlow.cpp	blob	100644	32a198c86167fb45cc1295f15748732e9286dc2c
mlir/lib/Dialect/Bufferization/IR/ValueBoundsOpInterfaceImpl.cpp	blob	100644	8eec3fdec9f2fb1f0a6db4ded8b11485f846f2ba
mlir/lib/Dialect/Bufferization/Pipelines/BufferizationPipelines.cpp	blob	100644	f8eb45c7f323b80fa7112211dc8ee27adfedfbe1
mlir/lib/Dialect/Bufferization/Pipelines/CMakeLists.txt	blob	100644	d67b28b308fa10e79716b0872b3792dcbd225776
mlir/lib/Dialect/Bufferization/TransformOps/BufferizationTransformOps.cpp	blob	100644	7f495b0ac164c41d8cf83e2b157d9d05ec042d7f
mlir/lib/Dialect/Bufferization/TransformOps/CMakeLists.txt	blob	100644	be5eb73b91229f8710dac42be8ffabb3aa90f530
mlir/lib/Dialect/Bufferization/Transforms/BufferDeallocationSimplification.cpp	blob	100644	06e90333fe4690ab4e61d272ef16d71c982a2da0
mlir/lib/Dialect/Bufferization/Transforms/BufferOptimizations.cpp	blob	100644	4f2a4734056b637ccb9095b9cf8d3d2e3f56dfce
mlir/lib/Dialect/Bufferization/Transforms/BufferResultsToOutParams.cpp	blob	100644	f227ec4149f1ac3e5caf96eab56ef3975ef1bfeb
mlir/lib/Dialect/Bufferization/Transforms/BufferUtils.cpp	blob	100644	c0e0809fa4111717552aee200280c0a6d5daae94
mlir/lib/Dialect/Bufferization/Transforms/BufferViewFlowAnalysis.cpp	blob	100644	ac94ef9d866fa42c131cc2aaaae25efe632e6dcc
mlir/lib/Dialect/Bufferization/Transforms/BufferizableOpInterfaceImpl.cpp	blob	100644	71fcab29b6f69062e144d92df07dff651975b387
mlir/lib/Dialect/Bufferization/Transforms/Bufferize.cpp	blob	100644	099f2a93722157a2ec0996210f33c77a651d70ee
mlir/lib/Dialect/Bufferization/Transforms/CMakeLists.txt	blob	100644	2e6bc4d9503b95b53ff7804f1482491e123fbacd
mlir/lib/Dialect/Bufferization/Transforms/DropEquivalentBufferResults.cpp	blob	100644	e724af312652d5cc48e8f70b3e856832f2fce9a5
mlir/lib/Dialect/Bufferization/Transforms/EmptyTensorElimination.cpp	blob	100644	a9ccc8fe1a1af5ee5ba10f5ed03e9eab17c63ba6
mlir/lib/Dialect/Bufferization/Transforms/EmptyTensorToAllocTensor.cpp	blob	100644	baf55e1fdcddb6aff06926e252447cd10b3fb8cc
mlir/lib/Dialect/Bufferization/Transforms/FuncBufferizableOpInterfaceImpl.cpp	blob	100644	e76b51aa8015db73a8c7402f51a9ce79c75c27f5
mlir/lib/Dialect/Bufferization/Transforms/LowerDeallocations.cpp	blob	100644	e9ad13f7ebfc632a9a8cb89a3972cf42251a0eeb
mlir/lib/Dialect/Bufferization/Transforms/OneShotAnalysis.cpp	blob	100644	e948a02cc415dd74ba49ace99d1eec80d88c8b1e
mlir/lib/Dialect/Bufferization/Transforms/OneShotModuleBufferize.cpp	blob	100644	41d9a37844c9a0ebd37b7519b8f1a129b6b554e7
mlir/lib/Dialect/Bufferization/Transforms/OptimizeAllocationLiveness.cpp	blob	100644	28ee5b8e32b9913ebdbb71ec09e83d01d1a421a4
mlir/lib/Dialect/Bufferization/Transforms/OwnershipBasedBufferDeallocation.cpp	blob	100644	d7aba40313a477d768730bed864441fba18a6539
mlir/lib/Dialect/Bufferization/Transforms/StaticMemoryPlannerAnalysis.cpp	blob	100644	6d5a9f0aba6a96b6610b301a13aa896be18a0c02
mlir/lib/Dialect/Bufferization/Transforms/StaticMemoryPlanning.cpp	blob	100644	b0c237507d2f3b30b4c2c0573e9edf40157d3560
mlir/lib/Dialect/Bufferization/Transforms/TensorCopyInsertion.cpp	blob	100644	f0ddb506064fe0f2bb6b7b933e5efb36d675ff23
mlir/lib/Dialect/CMakeLists.txt	blob	100644	55e75f3f0b9ce06a2f2e8cbd7ffdca8c77bb53d1
mlir/lib/Dialect/Complex/CMakeLists.txt	blob	100644	f33061b2d87cffc48b072763eb55d349e9070aba
mlir/lib/Dialect/Complex/IR/CMakeLists.txt	blob	100644	a90f34ec1684d902e25ad88d8f17253872f98fa0
mlir/lib/Dialect/Complex/IR/ComplexDialect.cpp	blob	100644	0adfb51a228bb6906bafa126588dca6a5fea9938
mlir/lib/Dialect/Complex/IR/ComplexOps.cpp	blob	100644	1d953ca81d7510f113e41f74973e5677b6c5260e
mlir/lib/Dialect/ControlFlow/CMakeLists.txt	blob	100644	9f57627c321fb0c74b3e4a404e3c36bd435f64a7
mlir/lib/Dialect/ControlFlow/IR/CMakeLists.txt	blob	100644	05a787fa53ec301580aa0d1d87245d6681aa6cb8
mlir/lib/Dialect/ControlFlow/IR/ControlFlowOps.cpp	blob	100644	435c37bc95aacbde756b31f30e78e59dc9919c23
mlir/lib/Dialect/ControlFlow/Transforms/BufferDeallocationOpInterfaceImpl.cpp	blob	100644	80dc0c597562ddcdcfa485725aec89b30687b1f3
mlir/lib/Dialect/ControlFlow/Transforms/BufferizableOpInterfaceImpl.cpp	blob	100644	a6281261092ac37e68a9bb38a981e12f62ee04e4
mlir/lib/Dialect/ControlFlow/Transforms/CMakeLists.txt	blob	100644	e9da135ed46f952a0d3b146c016e82075f79a893
mlir/lib/Dialect/ControlFlow/Transforms/StructuralTypeConversions.cpp	blob	100644	5e2a742c2d64cc085e0a3124fb75418037fd7c41
mlir/lib/Dialect/DLTI/CMakeLists.txt	blob	100644	7ae80f9e913bb370839583a6316d6848e54468d7
mlir/lib/Dialect/DLTI/DLTI.cpp	blob	100644	da572f123fdc153ef15fa277d042ba9490987d7f
mlir/lib/Dialect/DLTI/Traits.cpp	blob	100644	3f6dd2900a91588ae2a7f3eb2b667228ef5bfc93
mlir/lib/Dialect/DLTI/TransformOps/CMakeLists.txt	blob	100644	05734353f9d11d9efb1f2da5a2f48044022f1eb3
mlir/lib/Dialect/DLTI/TransformOps/DLTITransformOps.cpp	blob	100644	02c41b4fe8113f218677c3ffabdea58d1a090ce9
mlir/lib/Dialect/EmitC/CMakeLists.txt	blob	100644	9f57627c321fb0c74b3e4a404e3c36bd435f64a7
mlir/lib/Dialect/EmitC/IR/CMakeLists.txt	blob	100644	6c3e4729f8fac626d82a048e78d486d596ca2f0f
mlir/lib/Dialect/EmitC/IR/EmitC.cpp	blob	100644	1fb16235b444d122c00ff6afc712643b3cd260cb
mlir/lib/Dialect/EmitC/Transforms/CMakeLists.txt	blob	100644	ede2cb5e208f0e3169c9e35aa7ffcba51741589c
mlir/lib/Dialect/EmitC/Transforms/FormExpressions.cpp	blob	100644	90e6df439b98e696135863267ea93dd54f7c2a6a
mlir/lib/Dialect/EmitC/Transforms/MLGOAddReflectionMap.cpp	blob	100644	0686fbcde9511f4e20d09d06aa3e4ecd57314825
mlir/lib/Dialect/EmitC/Transforms/Transforms.cpp	blob	100644	a0e13de3c20c4c90b43b1ff9d754f9f4e5b5d0d3
mlir/lib/Dialect/EmitC/Transforms/TypeConversions.cpp	blob	100644	ab7be8d6cedd9636fa20099193ffe238aa93c322
mlir/lib/Dialect/EmitC/Transforms/WrapFuncInClass.cpp	blob	100644	894dcaab9305bab34c44b2b9e8bc30a36d72eb98
mlir/lib/Dialect/Func/CMakeLists.txt	blob	100644	a834aae8fbf81ed83e1bd85562e4d10b2bcec702
mlir/lib/Dialect/Func/Extensions/AllExtensions.cpp	blob	100644	1b18ef2dd04a73e8f35929797eb875c4bf6b6851
mlir/lib/Dialect/Func/Extensions/CMakeLists.txt	blob	100644	87ef51e63f1dad4db4e9b42c00d3dd6a5ab7cd83
mlir/lib/Dialect/Func/Extensions/InlinerExtension.cpp	blob	100644	c39e77d823b782b1e908436efc567242208fd83a
mlir/lib/Dialect/Func/Extensions/ShardingExtensions.cpp	blob	100644	dfd1348c24441217bed18cd6687dd2746ab99c23
mlir/lib/Dialect/Func/IR/CMakeLists.txt	blob	100644	329301c6fbafd2b1b87cf3709cf078b5571d1db9
mlir/lib/Dialect/Func/IR/FuncOps.cpp	blob	100644	6c41eeb36e9cb9e9a206ccff34e899e97294ccf1
mlir/lib/Dialect/Func/TransformOps/CMakeLists.txt	blob	100644	968395c5bcfce18ceb82f377b6e22202872741c2
mlir/lib/Dialect/Func/TransformOps/FuncTransformOps.cpp	blob	100644	cf2e3a5149127beb70392895d88d63f3d1b16913
mlir/lib/Dialect/Func/Transforms/CMakeLists.txt	blob	100644	0bed59e109503fc20ef550bc36174d8d31a1cd44
mlir/lib/Dialect/Func/Transforms/DuplicateFunctionElimination.cpp	blob	100644	d91474dd8ed91b78ff9dabca210764fb3490ea9c
mlir/lib/Dialect/Func/Transforms/FuncConversions.cpp	blob	100644	216401a80c9f88aac3a162e33d5bc3ffcb947065
mlir/lib/Dialect/Func/Utils/CMakeLists.txt	blob	100644	99121d33dbc6ad23a26d4fdcefad43825968e1f8
mlir/lib/Dialect/Func/Utils/Utils.cpp	blob	100644	7dc12adad0531e282db091e3a78168fac9182b7f
mlir/lib/Dialect/GPU/CMakeLists.txt	blob	100644	87e09f1dbf47f0a1a42d3dad410007141299b42f
mlir/lib/Dialect/GPU/IR/GPUDialect.cpp	blob	100644	a39b43c9803eb97c4c36a6a3fc3edaf8fd7a3546
mlir/lib/Dialect/GPU/IR/InferIntRangeInterfaceImpls.cpp	blob	100644	b15deed7060767125c23f0354d2d0d4e38e5bf42
mlir/lib/Dialect/GPU/IR/ValueBoundsOpInterfaceImpl.cpp	blob	100644	c978aefe3f655d619f352742c81b955993c5bf17
mlir/lib/Dialect/GPU/Pipelines/CMakeLists.txt	blob	100644	3a0cd7ef5c39d2670a77456ea26256eff7555dd7
mlir/lib/Dialect/GPU/Pipelines/GPUToNVVMPipeline.cpp	blob	100644	5462cddd44718d753791ac8b89c70915d0cf6493
mlir/lib/Dialect/GPU/Pipelines/GPUToROCDLPipeline.cpp	blob	100644	1e5fd09a00a758ed684dde494d9c5dc61b53120c
mlir/lib/Dialect/GPU/Pipelines/GPUToXeVMPipeline.cpp	blob	100644	2897e26bb80bb1ff9eb482df7c39006ba7eb35c6
mlir/lib/Dialect/GPU/TransformOps/CMakeLists.txt	blob	100644	2d3dfdbfc11368fb373441d34ab376ca9c7231ba
mlir/lib/Dialect/GPU/TransformOps/GPUTransformOps.cpp	blob	100644	9591b76a5330ce1345251017657557ca0f0612a5
mlir/lib/Dialect/GPU/TransformOps/Utils.cpp	blob	100644	80055ef73b290e3f915e483d6572b7c42f0a0696
mlir/lib/Dialect/GPU/Transforms/AllReduceLowering.cpp	blob	100644	d76c3194f025e07b65bfccb7596cbacf01a8564b
mlir/lib/Dialect/GPU/Transforms/AsyncRegionRewriter.cpp	blob	100644	e2e63abe0a11a234d0f80967386b36fa9a34698f
mlir/lib/Dialect/GPU/Transforms/BufferDeallocationOpInterfaceImpl.cpp	blob	100644	8f0877be5825afce94c24aceb762202a0e3539b7
mlir/lib/Dialect/GPU/Transforms/DecomposeMemRefs.cpp	blob	100644	9fed82a5a84195197cd5fb021c4439db7c20a705
mlir/lib/Dialect/GPU/Transforms/EliminateBarriers.cpp	blob	100644	05ede7b0170319cef620b93ba46c4de745686226
mlir/lib/Dialect/GPU/Transforms/GlobalIdRewriter.cpp	blob	100644	e55a695be13c82108833d54624d2064e691ed1d8
mlir/lib/Dialect/GPU/Transforms/IndexedAccessOpInterfaceImpl.cpp	blob	100644	a9503857090ab8e179f78f8238dfa7b6b6aa8b21
mlir/lib/Dialect/GPU/Transforms/KernelOutlining.cpp	blob	100644	0ee3d425f66bef3fe072ab421c96754c3a18bb32
mlir/lib/Dialect/GPU/Transforms/MemoryPromotion.cpp	blob	100644	6c90210b7cdbe3c0c49c32b3b64ee6fe53f2564b
mlir/lib/Dialect/GPU/Transforms/ModuleToBinary.cpp	blob	100644	93e07bef5af79ea044d30abf4da95df035b3eaae
mlir/lib/Dialect/GPU/Transforms/NVVMAttachTarget.cpp	blob	100644	daccb86e23f67bc59d6fefae75cb8fa9004c54e0
mlir/lib/Dialect/GPU/Transforms/ParallelLoopMapper.cpp	blob	100644	07b6dd482f1722714191b0f187a3db8ee216f010
mlir/lib/Dialect/GPU/Transforms/PromoteShuffleToAMDGPU.cpp	blob	100644	01da26f88a84d02cd837c4bb654f9445c007ffd4
mlir/lib/Dialect/GPU/Transforms/ROCDLAttachTarget.cpp	blob	100644	1f44ffa52e068e401fa63111cc543a3259b6906a
mlir/lib/Dialect/GPU/Transforms/SPIRVAttachTarget.cpp	blob	100644	e4468ed6d2884555623db494ce71d7060b5fcdad
mlir/lib/Dialect/GPU/Transforms/ShuffleRewriter.cpp	blob	100644	8e05436155b4c23b317719bbfb2adab04f954e91
mlir/lib/Dialect/GPU/Transforms/SubgroupIdRewriter.cpp	blob	100644	f34e1041a6709e0f3bc1b5e5e441c629467f910b
mlir/lib/Dialect/GPU/Transforms/SubgroupReduceLowering.cpp	blob	100644	ec1571a56fe4a8f1df16d319a8d8519930e665a8
mlir/lib/Dialect/GPU/Transforms/XeVMAttachTarget.cpp	blob	100644	6da76e9e7a331dbd429f2bd7df1e27fe834dbc9a
mlir/lib/Dialect/GPU/Utils/CMakeLists.txt	blob	100644	a49baddc2bee8908286667398a4d4ca6a3b65a42
mlir/lib/Dialect/GPU/Utils/DistributionUtils.cpp	blob	100644	572b74635837922a00747bb239b44aa702eccf25
mlir/lib/Dialect/GPU/Utils/Utils.cpp	blob	100644	1f09875b3e2732bd7a70b88f9bcfb78471e3a13e
mlir/lib/Dialect/IRDL/CMakeLists.txt	blob	100644	c2120330375601c8d5be60bdde1dab178050ba8b
mlir/lib/Dialect/IRDL/IR/IRDL.cpp	blob	100644	278113fc6e9661940b30e2cc5aa4efdb102e769a
mlir/lib/Dialect/IRDL/IR/IRDLOps.cpp	blob	100644	7ec3aa2741023c3ba7d23a95e20389fb75e9f3de
mlir/lib/Dialect/IRDL/IRDLLoading.cpp	blob	100644	54c7d17a97b509876bee3abdf5880777698d660e
mlir/lib/Dialect/IRDL/IRDLSymbols.cpp	blob	100644	ff2136df364d95106d63f05a458a44da1b0d404c
mlir/lib/Dialect/IRDL/IRDLVerifiers.cpp	blob	100644	9c128950c37c048d4add2e934d1b1a12540f4975
mlir/lib/Dialect/Index/CMakeLists.txt	blob	100644	f33061b2d87cffc48b072763eb55d349e9070aba
mlir/lib/Dialect/Index/IR/CMakeLists.txt	blob	100644	fce47d2ecc53174f6e0194cb5a47e970e41fc258
mlir/lib/Dialect/Index/IR/IndexAttrs.cpp	blob	100644	cd2885448524021691da5cd7eea47ced2b28dc0b
mlir/lib/Dialect/Index/IR/IndexDialect.cpp	blob	100644	887e8e1ae78b6c465eab69037a5c0ce18bd1a144
mlir/lib/Dialect/Index/IR/IndexOps.cpp	blob	100644	2b1baa8b446438fc835fe9ec975387e00d324d3c
mlir/lib/Dialect/Index/IR/InferIntRangeInterfaceImpls.cpp	blob	100644	afea481047f94c701c6e3c884d33a54522f914e5
mlir/lib/Dialect/LLVMIR/CMakeLists.txt	blob	100644	50351fde8128f5cbd2866a875eb0397c1497d961
mlir/lib/Dialect/LLVMIR/IR/BasicPtxBuilderInterface.cpp	blob	100644	64cec0eadd2cb368be8fa87a63b7da1f73477f75
mlir/lib/Dialect/LLVMIR/IR/FunctionCallUtils.cpp	blob	100644	ee46b3ebd28afbb1d126a4745a26068a304944cb
mlir/lib/Dialect/LLVMIR/IR/LLVMAttrs.cpp	blob	100644	317d6b607e08b3d55837a433058111fce9c89a4a
mlir/lib/Dialect/LLVMIR/IR/LLVMDialect.cpp	blob	100644	114800058f7e65f1e8aadb2018699bc304505ff1
mlir/lib/Dialect/LLVMIR/IR/LLVMDialectBytecode.cpp	blob	100644	597690e7c77a2cc81acfda636060bc55d6cd540d
mlir/lib/Dialect/LLVMIR/IR/LLVMDialectBytecode.h	blob	100644	1a17cb462ccf3920651eaa1d17512421d8f0e308
mlir/lib/Dialect/LLVMIR/IR/LLVMInterfaces.cpp	blob	100644	44a9284f5a5ab6e52746a8b5a76b8baf9a47bd63
mlir/lib/Dialect/LLVMIR/IR/LLVMMemorySlot.cpp	blob	100644	2416e01a679551aaef7bbabfb4c96f3caf1cc2a0
mlir/lib/Dialect/LLVMIR/IR/LLVMOps.cpp	blob	100644	8fdafeae245cbe5dbebc107783e331235636ca33
mlir/lib/Dialect/LLVMIR/IR/LLVMOps.h	blob	100644	9bc55cc5c0b02029d2dd92f5f792b782a1cb8e38
mlir/lib/Dialect/LLVMIR/IR/LLVMTypeSyntax.cpp	blob	100644	8ad623763bb922d6507efc1164f78fd341c20e67
mlir/lib/Dialect/LLVMIR/IR/LLVMTypes.cpp	blob	100644	92df593860c01ae58235d31871ce46d824606993
mlir/lib/Dialect/LLVMIR/IR/NVVMDialect.cpp	blob	100644	46e9ab29bc4a0495d4d82e2814d7c0f6f48f7289
mlir/lib/Dialect/LLVMIR/IR/NVVMOps.cpp	blob	100644	8bfa736721ca07dbf6fc56702271e354bcd94a3f
mlir/lib/Dialect/LLVMIR/IR/NVVMOps.h	blob	100644	19ba277b8fcc0d19067b87ed220b4691658c6daa
mlir/lib/Dialect/LLVMIR/IR/NVVMRequiresSMTraits.cpp	blob	100644	68bb3c6827bb30570a0703acf668a16a88143e41
mlir/lib/Dialect/LLVMIR/IR/ROCDLDialect.cpp	blob	100644	c0b30863134ef28c34fa0fb52235b9c6c3d7071c
mlir/lib/Dialect/LLVMIR/IR/ROCDLOps.cpp	blob	100644	c198b4a83a9ba16598cc419cceabb789a06889af
mlir/lib/Dialect/LLVMIR/IR/ROCDLOps.h	blob	100644	b77bf0b26d1f46f3be77a4d426ed7030477efb49
mlir/lib/Dialect/LLVMIR/IR/TypeDetail.h	blob	100644	081a89d0b5dc7bbca991ec0ee1b3ae97ccab93d3
mlir/lib/Dialect/LLVMIR/IR/VCIXDialect.cpp	blob	100644	797c4c0a88875992174ef56e5e084681b5c0a27d
mlir/lib/Dialect/LLVMIR/IR/XeVMDialect.cpp	blob	100644	809e520b59a87c5cbe484ecc3dff5fe7266a4e50
mlir/lib/Dialect/LLVMIR/Transforms/AddComdats.cpp	blob	100644	685e35a9ef55d2b4d427b3a467a46ea525c308d5
mlir/lib/Dialect/LLVMIR/Transforms/CMakeLists.txt	blob	100644	fff166d39dad9b6017c0fdbddc7c281336600122
mlir/lib/Dialect/LLVMIR/Transforms/DIExpressionLegalization.cpp	blob	100644	7d3170bb968219ff892d8d846d2199701a1a1e22
mlir/lib/Dialect/LLVMIR/Transforms/DIExpressionRewriter.cpp	blob	100644	23b41304823143e0b8ca3b1089a2c0a63e1dc3eb
mlir/lib/Dialect/LLVMIR/Transforms/DIScopeForLLVMFuncOp.cpp	blob	100644	e2285d57821c009822017ccb692e628d5116a7d0
mlir/lib/Dialect/LLVMIR/Transforms/InlinerInterfaceImpl.cpp	blob	100644	b22b7fdec0dd1a0f5b4d6ae691279f08c7e5967d
mlir/lib/Dialect/LLVMIR/Transforms/LegalizeForExport.cpp	blob	100644	38a4bc844ea89695f1d8e5613d536e31b06f654b
mlir/lib/Dialect/LLVMIR/Transforms/RequestCWrappers.cpp	blob	100644	10d203c470f1a3d3eb0df5d95e51b2bf5a46b8e0
mlir/lib/Dialect/LLVMIR/Transforms/UseDefaultVisibilityPass.cpp	blob	100644	248400428cfc0138ac2f141755f29022087e2351
mlir/lib/Dialect/Linalg/CMakeLists.txt	blob	100644	c47e4c5495c17bcf85fec888b7a0944ab0552983
mlir/lib/Dialect/Linalg/IR/CMakeLists.txt	blob	100644	fcba43785b6fd5fb52ae58b03e238d5bf677d987
mlir/lib/Dialect/Linalg/IR/LinalgDialect.cpp	blob	100644	5f7e5cc230286a3ccf26d98f475cb62213365e74
mlir/lib/Dialect/Linalg/IR/LinalgInterfaces.cpp	blob	100644	bb3146c87b43003fbace224c80738a21269cdf7b
mlir/lib/Dialect/Linalg/IR/LinalgOps.cpp	blob	100644	87b14439597b439d5c68864f7082c8a22a2f1970
mlir/lib/Dialect/Linalg/IR/ValueBoundsOpInterfaceImpl.cpp	blob	100644	f56ef485069f85667b5f8d253ebe79364b434cfd
mlir/lib/Dialect/Linalg/TransformOps/CMakeLists.txt	blob	100644	b15a4704f52a26192ca93855e7d5c4f2726dd066
mlir/lib/Dialect/Linalg/TransformOps/DialectExtension.cpp	blob	100644	0d35cd9fe1bec90e9fa39576d2143c26333b0bc3
mlir/lib/Dialect/Linalg/TransformOps/GPUHeuristics.cpp	blob	100644	f5dd102b707c1f5f85fa5fb9329b53b9440b178c
mlir/lib/Dialect/Linalg/TransformOps/LinalgMatchOps.cpp	blob	100644	9a3bc3f60710cf8ebf14be824ffa7ea9d46ea2a3
mlir/lib/Dialect/Linalg/TransformOps/LinalgTransformOps.cpp	blob	100644	16b03ab5426a0d258628188d6e7237c3319b0245
mlir/lib/Dialect/Linalg/TransformOps/Syntax.cpp	blob	100644	e968c73d8e0753c9da4a77c9d2933e7aa62043be
mlir/lib/Dialect/Linalg/Transforms/AllInterfaces.cpp	blob	100644	ba94ad7906ab7eadb6e2f38bdbc9f58a99814ae6
mlir/lib/Dialect/Linalg/Transforms/BlockPackMatmul.cpp	blob	100644	1f4cda459e738ce34f6963fb105446dc90dab199
mlir/lib/Dialect/Linalg/Transforms/BubbleUpExtractSlice.cpp	blob	100644	9a16318342d102790a86bb8f034d91063db0b0be
mlir/lib/Dialect/Linalg/Transforms/BufferizableOpInterfaceImpl.cpp	blob	100644	28945642da099fdd9a95ece0248c05b72b891764
mlir/lib/Dialect/Linalg/Transforms/CMakeLists.txt	blob	100644	53a8d7b922790ee8c4d8d2858e339713000d12fc
mlir/lib/Dialect/Linalg/Transforms/ConstantFold.cpp	blob	100644	ba763ec2137e765ae5f70b91c7e072c561aa701e
mlir/lib/Dialect/Linalg/Transforms/ConvertConv2DToImg2Col.cpp	blob	100644	e2dd0a6d79a733cb922e92dcd5ee8c30a5de1117
mlir/lib/Dialect/Linalg/Transforms/ConvertToDestinationStyle.cpp	blob	100644	58a543a87ecd3c259c054ba2068e9636b9a7d49c
mlir/lib/Dialect/Linalg/Transforms/DataLayoutPropagation.cpp	blob	100644	d36ca43a6cbb36c50541c3400e0cc5bbb1ac402e
mlir/lib/Dialect/Linalg/Transforms/DecomposeGenericByUnfoldingPermutation.cpp	blob	100644	8ab0f67d9b7de764f63c5bdd2cc7c24dfffe44d2
mlir/lib/Dialect/Linalg/Transforms/DecomposeLinalgOps.cpp	blob	100644	3c8d2aadc8c754b1eee71088a9ccfc3357b3b9ee
mlir/lib/Dialect/Linalg/Transforms/DropUnitDims.cpp	blob	100644	dac2891ce65e565774ba9f551ec721be07486110
mlir/lib/Dialect/Linalg/Transforms/ElementwiseOpFusion.cpp	blob	100644	8add883163fe95c62b7ff21a4d9f94859899eadf
mlir/lib/Dialect/Linalg/Transforms/ElementwiseToLinalg.cpp	blob	100644	1338ca0aeb79ba39959f4bf8c7f75c64e6941773
mlir/lib/Dialect/Linalg/Transforms/EliminateEmptyTensors.cpp	blob	100644	b6c4b98301e4868e5656cac52a5ca7f0c6774534
mlir/lib/Dialect/Linalg/Transforms/EraseUnusedOperandsAndResults.cpp	blob	100644	506e20ab436f8f8d11d110081fa7a3657a535928
mlir/lib/Dialect/Linalg/Transforms/FoldAddIntoDest.cpp	blob	100644	1e9abf9168589aaef34e49c6c090888cb0a5bb62
mlir/lib/Dialect/Linalg/Transforms/FoldIntoElementwise.cpp	blob	100644	bbc6d3968b00c1356a166f3dbf7109d3aaff1b70
mlir/lib/Dialect/Linalg/Transforms/FusePadOpWithLinalgProducer.cpp	blob	100644	0ca89040f34538f0ed47f32f723be6da8de589e0
mlir/lib/Dialect/Linalg/Transforms/Fusion.cpp	blob	100644	f11f230a8909bbca40a3248f90874c03a135111a
mlir/lib/Dialect/Linalg/Transforms/Generalization.cpp	blob	100644	2b37a635dac1afecf06bb4abb0898f94175c56a2
mlir/lib/Dialect/Linalg/Transforms/HoistPadding.cpp	blob	100644	85ec1c19384dedab5e0cf3b840a9fefcfcf15fdd
mlir/lib/Dialect/Linalg/Transforms/Hoisting.cpp	blob	100644	36c3e8007ab648aed85abb1bdeee8e44c23eaba0
mlir/lib/Dialect/Linalg/Transforms/InlineScalarOperands.cpp	blob	100644	39cc21df40583d8be6e03fe459f25cebc2e5f3a2
mlir/lib/Dialect/Linalg/Transforms/Interchange.cpp	blob	100644	1a293da883fd68cb0335284fce4d19296b60dc49
mlir/lib/Dialect/Linalg/Transforms/Loops.cpp	blob	100644	57753a4c6591cc9f21164d4c6c7af43f6f41d990
mlir/lib/Dialect/Linalg/Transforms/MorphOps.cpp	blob	100644	78ded9ccc21c0e23b28bf8a2038ef19982467557
mlir/lib/Dialect/Linalg/Transforms/PackAndUnpackPatterns.cpp	blob	100644	c8e9f021938e56b2e473fa92cacf0a5a025ae7dc
mlir/lib/Dialect/Linalg/Transforms/PadTilingInterface.cpp	blob	100644	8c6ad2e65bd79391898cdf314ac677837b0a1400
mlir/lib/Dialect/Linalg/Transforms/Padding.cpp	blob	100644	9b8ec2f186a1b6ca5cb15713140384f54703f0a1
mlir/lib/Dialect/Linalg/Transforms/Promotion.cpp	blob	100644	cd71db7ec783aa435314ce85e5142f0e1b23d51c
mlir/lib/Dialect/Linalg/Transforms/RuntimeOpVerification.cpp	blob	100644	5e10ba3780607947e3b8b22658a283e2eaf66e32
mlir/lib/Dialect/Linalg/Transforms/ShardingInterfaceImpl.cpp	blob	100644	6d1c75ebaaedac155fb367ba5041433aa207896b
mlir/lib/Dialect/Linalg/Transforms/SimplifyDepthwiseConv.cpp	blob	100644	c6a305d539c10b2d40ea42aa4df55a07ff31ae89
mlir/lib/Dialect/Linalg/Transforms/Specialize.cpp	blob	100644	8fce91acf4b71f1e0ed73c079823e6a08c3749bf
mlir/lib/Dialect/Linalg/Transforms/Split.cpp	blob	100644	25881701bc44df2b5f9f8519f7fc0f4c811334f7
mlir/lib/Dialect/Linalg/Transforms/SplitReduction.cpp	blob	100644	b8f862001bccf73883e9c1933d64ed9760786355
mlir/lib/Dialect/Linalg/Transforms/SubsetInsertionOpInterfaceImpl.cpp	blob	100644	55a09622644ea1e83e535a07c0c4148b6b1b473b
mlir/lib/Dialect/Linalg/Transforms/SwapExtractSliceWithFillPatterns.cpp	blob	100644	792ca3e5123efbd625196d51b3a1ec94951b4f32
mlir/lib/Dialect/Linalg/Transforms/Tiling.cpp	blob	100644	39fdfa9cdbd47dd1fe1cab3a1557ed9c6c2bdc63
mlir/lib/Dialect/Linalg/Transforms/TilingInterfaceImpl.cpp	blob	100644	bbb23c00e5e193f692e9578c1aa19741467b8c23
mlir/lib/Dialect/Linalg/Transforms/Transforms.cpp	blob	100644	a2d16c0a5b7d441d2001c0f35072cb497caceecd
mlir/lib/Dialect/Linalg/Transforms/TransposeConv2D.cpp	blob	100644	35453e2d2e1042169f4150d7aab761e5fd88ccf0
mlir/lib/Dialect/Linalg/Transforms/TransposeMatmul.cpp	blob	100644	2650488c17993f1bd98d4d305e3542c438ef5188
mlir/lib/Dialect/Linalg/Transforms/Vectorization.cpp	blob	100644	bb620641951dc6e6bfd50783b57fd1f6b5f01bb6
mlir/lib/Dialect/Linalg/Transforms/WinogradConv2D.cpp	blob	100644	37bdd8b12af4db08f4017c9c9a32a7726d792004
mlir/lib/Dialect/Linalg/Utils/CMakeLists.txt	blob	100644	50221b56ec50474199bf5a070fd3caf18b84d696
mlir/lib/Dialect/Linalg/Utils/Utils.cpp	blob	100644	e626df6d710e3e8985c8266025e7678b1393c43d
mlir/lib/Dialect/MLProgram/CMakeLists.txt	blob	100644	9f57627c321fb0c74b3e4a404e3c36bd435f64a7
mlir/lib/Dialect/MLProgram/IR/CMakeLists.txt	blob	100644	725bb5fd9da9ede54707acba2f68a887a7fe4e0d
mlir/lib/Dialect/MLProgram/IR/MLProgramDialect.cpp	blob	100644	0b1561213165b7e9805c5da24d3c2f2d9c995856
mlir/lib/Dialect/MLProgram/IR/MLProgramOps.cpp	blob	100644	37ddca101f64b0d0509981cf3490190fb68c22f6
mlir/lib/Dialect/MLProgram/Transforms/BufferizableOpInterfaceImpl.cpp	blob	100644	a7c5934132b35ebfd00561922dabb9d549eba436
mlir/lib/Dialect/MLProgram/Transforms/CMakeLists.txt	blob	100644	988019f0b648a1f1426782a3652dd2e0d5a493ae
mlir/lib/Dialect/MLProgram/Transforms/PipelineGlobalOps.cpp	blob	100644	db06d2beed94a68270286f05df7aff19286cab10
mlir/lib/Dialect/MPI/CMakeLists.txt	blob	100644	f33061b2d87cffc48b072763eb55d349e9070aba
mlir/lib/Dialect/MPI/IR/CMakeLists.txt	blob	100644	86c53495f01a3b58388e8778e986f9deb125ed74
mlir/lib/Dialect/MPI/IR/MPI.cpp	blob	100644	789e1d94224d1633294c99304b40e046f9709e9e
mlir/lib/Dialect/MPI/IR/MPIOps.cpp	blob	100644	3c93029f0d37f3c24aea48dd357c990cb5e0abd6
mlir/lib/Dialect/Math/CMakeLists.txt	blob	100644	9f57627c321fb0c74b3e4a404e3c36bd435f64a7
mlir/lib/Dialect/Math/IR/CMakeLists.txt	blob	100644	ed95bf846cdeadecf4dd5aa6b29dcac747cbfd4a
mlir/lib/Dialect/Math/IR/MathDialect.cpp	blob	100644	46d2e7a4b62fca83131c7465e55c57df101dd192
mlir/lib/Dialect/Math/IR/MathOps.cpp	blob	100644	c012b26d285c68d87c094c300c803bf7f98f3ab9
mlir/lib/Dialect/Math/Transforms/AlgebraicSimplification.cpp	blob	100644	45343ce09134ce4d2209c1702d5651f48ada0abb
mlir/lib/Dialect/Math/Transforms/CMakeLists.txt	blob	100644	3cbfe03d784ab1f27a25a07a2d0acd7acb09f33e
mlir/lib/Dialect/Math/Transforms/ExpandOps.cpp	blob	100644	41816abf073398206a40423386043422decc5cb6
mlir/lib/Dialect/Math/Transforms/ExtendToSupportedTypes.cpp	blob	100644	550d8d9fa50c9c92bedc5f0d24bd51dcddce5151
mlir/lib/Dialect/Math/Transforms/PolynomialApproximation.cpp	blob	100644	02fe79024ff5ea94fe18a61817e682b9f9a2f91f
mlir/lib/Dialect/Math/Transforms/SincosFusion.cpp	blob	100644	a1d8db955d1491e3059f6ea757eb120bfd713771
mlir/lib/Dialect/Math/Transforms/UpliftToFMA.cpp	blob	100644	de950bac819c7dc0b09bc2767cae74ed83a1a42d
mlir/lib/Dialect/MemRef/CMakeLists.txt	blob	100644	c47e4c5495c17bcf85fec888b7a0944ab0552983
mlir/lib/Dialect/MemRef/IR/CMakeLists.txt	blob	100644	56d98dd431c8e12064748f7658f5acc4a6d1b5f8
mlir/lib/Dialect/MemRef/IR/MemRefDialect.cpp	blob	100644	8cecf5a4897e9f2e733ba4c4b4a5eeff325837a1
mlir/lib/Dialect/MemRef/IR/MemRefMemorySlot.cpp	blob	100644	0b1704b551fdd53f83fdfd242716a2960fb728d8
mlir/lib/Dialect/MemRef/IR/MemRefOps.cpp	blob	100644	4b5a4c1780507f112d281c2e4c6f989bbb9619ee
mlir/lib/Dialect/MemRef/IR/MemoryAccessOpInterfaces.cpp	blob	100644	9a76f07f96f23278dce87c9af28ebd59662d2258
mlir/lib/Dialect/MemRef/IR/ValueBoundsOpInterfaceImpl.cpp	blob	100644	8408b166a6b2af0987df176fcb1204380683ac64
mlir/lib/Dialect/MemRef/TransformOps/CMakeLists.txt	blob	100644	4c9e3d3c813f7a6722be475a530ed67dc06e78cd
mlir/lib/Dialect/MemRef/TransformOps/MemRefTransformOps.cpp	blob	100644	cbc0f74ee1c0d8aa2dd129f8fb3a29dbaf2c8d2e
mlir/lib/Dialect/MemRef/Transforms/AllocationOpInterfaceImpl.cpp	blob	100644	b53e3bdf1cf6952ccda162374f352e1f821edfd0
mlir/lib/Dialect/MemRef/Transforms/BufferViewFlowOpInterfaceImpl.cpp	blob	100644	1939195f44ba551100a543d840721afc355db8a0
mlir/lib/Dialect/MemRef/Transforms/CMakeLists.txt	blob	100644	1a8b03dabcfb75cc6d4f7b801e35b98832808c64
mlir/lib/Dialect/MemRef/Transforms/ComposeSubView.cpp	blob	100644	cce80db4e0ab14dbc5ab18d4944efa0cac97cc40
mlir/lib/Dialect/MemRef/Transforms/ElideReinterpretCast.cpp	blob	100644	67b53b78a7fef666b324db858e99daa1826c9d1e
mlir/lib/Dialect/MemRef/Transforms/EmulateNarrowType.cpp	blob	100644	a11e14faa54757c0cbcd95db4ad9d06f37fc6527
mlir/lib/Dialect/MemRef/Transforms/EmulateWideInt.cpp	blob	100644	9043a81cae71827cacf0bd55ad379895589a3e96
mlir/lib/Dialect/MemRef/Transforms/ExpandOps.cpp	blob	100644	de5878407a683da65e09edef65fff2b31f31b430
mlir/lib/Dialect/MemRef/Transforms/ExpandRealloc.cpp	blob	100644	01d32621b2055ba4a03b7846309ae4a944d37bbc
mlir/lib/Dialect/MemRef/Transforms/ExpandStridedMetadata.cpp	blob	100644	20d543b7210b1fd4055a1bbf3c4d4e8602cdde9c
mlir/lib/Dialect/MemRef/Transforms/ExtractAddressComputations.cpp	blob	100644	6c66f246331ad80f4a81bfbdcf4e5f19db8eaa8a
mlir/lib/Dialect/MemRef/Transforms/FlattenMemRefs.cpp	blob	100644	5a4a67d8e9f2fdf4910b2d92612c12454be9b787
mlir/lib/Dialect/MemRef/Transforms/FoldMemRefAliasOps.cpp	blob	100644	e0d2e6d00b9f0104d817cec212d32c0a7ed8b8a3
mlir/lib/Dialect/MemRef/Transforms/IndependenceTransforms.cpp	blob	100644	e4ee029d93c44650dee62e06971f6f8bcdad217e
mlir/lib/Dialect/MemRef/Transforms/MultiBuffer.cpp	blob	100644	69adf0611b623388676bfe61694e41be60b6bd2d
mlir/lib/Dialect/MemRef/Transforms/NormalizeMemRefs.cpp	blob	100644	d1ca18e7661e5778daa75759457a40a40b87fc71
mlir/lib/Dialect/MemRef/Transforms/ReifyResultShapes.cpp	blob	100644	d65825bbdf3914e77a7a67b7b583417d760c274d
mlir/lib/Dialect/MemRef/Transforms/ResolveShapedTypeResultDims.cpp	blob	100644	90a58cc1a807f6c4d4894c2b194f7b78012589e8
mlir/lib/Dialect/MemRef/Transforms/RuntimeOpVerification.cpp	blob	100644	4ebc6edfd89e89fa1a9b12d1cc8e500c3a81e54b
mlir/lib/Dialect/MemRef/Utils/CMakeLists.txt	blob	100644	da7c365aa4a0ba4777a86735d22447411f5d27b8
mlir/lib/Dialect/MemRef/Utils/MemRefUtils.cpp	blob	100644	dd39a95327b7a95ccd0ffb968ab1c162ce49cbc1
mlir/lib/Dialect/NVGPU/CMakeLists.txt	blob	100644	63b4d8b99f53fd7fc0a7594666991edf204d6e39
mlir/lib/Dialect/NVGPU/IR/CMakeLists.txt	blob	100644	e84914596dd6258faeced1d36133a894c24c0275
mlir/lib/Dialect/NVGPU/IR/NVGPUDialect.cpp	blob	100644	2649564a7828ebe371df9e8626819b2cc811ce23
mlir/lib/Dialect/NVGPU/TransformOps/CMakeLists.txt	blob	100644	9a20f170b629bbe38f28c7ab47a84319ad3ceb71
mlir/lib/Dialect/NVGPU/TransformOps/NVGPUTransformOps.cpp	blob	100644	153c95c02dc4fb5785cf61b2eb1027a4898ac620
mlir/lib/Dialect/NVGPU/Transforms/CMakeLists.txt	blob	100644	8852ed7fb30a8371e459abf885399d01cd2d05bf
mlir/lib/Dialect/NVGPU/Transforms/CreateAsyncGroups.cpp	blob	100644	050bbac2293e9e3942974d184e7fa5b817ac5cca
mlir/lib/Dialect/NVGPU/Transforms/MemoryAccessOpInterfacesImpl.cpp	blob	100644	5dc0a5f30b347b016e987ad024ee08a236ea149c
mlir/lib/Dialect/NVGPU/Transforms/MmaSyncTF32Transform.cpp	blob	100644	118796e23a69a7a6407d6b92f011fe26999a8c84
mlir/lib/Dialect/NVGPU/Transforms/OptimizeSharedMemory.cpp	blob	100644	e06b15febf145ea50ba9c74ed3da6561d446cf72
mlir/lib/Dialect/NVGPU/Transforms/Utils.cpp	blob	100644	5904e42be090544e6a3f8a9ebcffcaea685cdbd1
mlir/lib/Dialect/NVGPU/Utils/CMakeLists.txt	blob	100644	181784379b134469483c4754818228568fe67991
mlir/lib/Dialect/NVGPU/Utils/MMAUtils.cpp	blob	100644	9e5ea93769cdce597f4f23efa7016cfa4f6bc004
mlir/lib/Dialect/NVVM/CMakeLists.txt	blob	100644	e31af32661164a7b68a765a6eaff0af7797550d2
mlir/lib/Dialect/NVVM/Transforms/CMakeLists.txt	blob	100644	935fa5700c7e5fd882d5d39cd8152b93068b8846
mlir/lib/Dialect/NVVM/Transforms/OptimizeForNVVM.cpp	blob	100644	db6e746d3ecc68205e920d481653c48b7fa88828
mlir/lib/Dialect/OpenACC/Analysis/CMakeLists.txt	blob	100644	f2c13608855b9f50a5f2f1dfa992eb0ab761e465
mlir/lib/Dialect/OpenACC/Analysis/OpenACCSupport.cpp	blob	100644	b7f4ed85f19ffb6b15d7c0a0a2e066ab4d26cad8
mlir/lib/Dialect/OpenACC/CMakeLists.txt	blob	100644	e8a916e824d7138e4027a799933b60b51ea3fb37
mlir/lib/Dialect/OpenACC/IR/CMakeLists.txt	blob	100644	409155ec18fe6e1a2c73201780b8f231b6e8eeb7
mlir/lib/Dialect/OpenACC/IR/OpenACC.cpp	blob	100644	f6a32e0a4a4803490e845faa5b94c8c38dd45f6c
mlir/lib/Dialect/OpenACC/IR/OpenACCCG.cpp	blob	100644	16af8771546c12eb80468249c8f6d7586ae498b1
mlir/lib/Dialect/OpenACC/Transforms/ACCBindRoutine.cpp	blob	100644	88b02f4074ff2cc6ddadd16e1e83394dd739a54e
mlir/lib/Dialect/OpenACC/Transforms/ACCCGToGPU.cpp	blob	100644	b9d634e059a015647f0e26093d2217dfeb1d51e0
mlir/lib/Dialect/OpenACC/Transforms/ACCComputeLowering.cpp	blob	100644	832de220289eacbe658b87cb02b860fd96b655e6
mlir/lib/Dialect/OpenACC/Transforms/ACCDeclareCtorDtorConversion.cpp	blob	100644	c44f87f94bdcb1131217ecdd952f3f25404175a4
mlir/lib/Dialect/OpenACC/Transforms/ACCDeclareGPUModuleInsertion.cpp	blob	100644	1d4441a1476d0b081e17edee82e62d2fdf373488
mlir/lib/Dialect/OpenACC/Transforms/ACCEmitRemarksData.cpp	blob	100644	fde2def1794adb3d3413af63381fdbffce3c0349
mlir/lib/Dialect/OpenACC/Transforms/ACCEmitRemarksLoop.cpp	blob	100644	77858609183d34b1d9c25de146e5afba4031c372
mlir/lib/Dialect/OpenACC/Transforms/ACCEmitRemarksPrivate.cpp	blob	100644	645080aea0b79f0e25c00c5b02e153ee7ec259f9
mlir/lib/Dialect/OpenACC/Transforms/ACCIfClauseLowering.cpp	blob	100644	8adf441f7bd443308ecbe4de82cf7070fc48c5b1
mlir/lib/Dialect/OpenACC/Transforms/ACCImplicitData.cpp	blob	100644	5ee3a21fab90186c6d2006fbcbcc9b96d2415c55
mlir/lib/Dialect/OpenACC/Transforms/ACCImplicitDeclare.cpp	blob	100644	88ff5da990377484932b5f45e7003f5b0bffa727
mlir/lib/Dialect/OpenACC/Transforms/ACCImplicitRoutine.cpp	blob	100644	bd2ab4df7560680404580cf1077c6f5b9512ce2d
mlir/lib/Dialect/OpenACC/Transforms/ACCLegalizeSerial.cpp	blob	100644	f41ce276f994f0d0c5fd3a9b2ee3a533ec28a986
mlir/lib/Dialect/OpenACC/Transforms/ACCLoopTiling.cpp	blob	100644	d5865bc98727e190b41096fe32e1051dde03ed23
mlir/lib/Dialect/OpenACC/Transforms/ACCRecipeMaterialization.cpp	blob	100644	14422f079f17c7726b7e15640ebb7a2f6a36c6f2
mlir/lib/Dialect/OpenACC/Transforms/ACCRoutineLowering.cpp	blob	100644	af970c730e7fe506b2001df84f55e38801ae0e52
mlir/lib/Dialect/OpenACC/Transforms/ACCRoutineToGPUFunc.cpp	blob	100644	6d9528ce57549f9f94789788e488444a17dbeca9
mlir/lib/Dialect/OpenACC/Transforms/ACCSpecializeForDevice.cpp	blob	100644	9f114a2941fb75ea2440adbf1323382b890ced92
mlir/lib/Dialect/OpenACC/Transforms/ACCSpecializeForHost.cpp	blob	100644	9019827ac3964f4126f7d8300fb84486e4a965a3
mlir/lib/Dialect/OpenACC/Transforms/CMakeLists.txt	blob	100644	3fd2672e82c502ac0a151e97c8c72b95c57962d2
mlir/lib/Dialect/OpenACC/Transforms/LegalizeDataValues.cpp	blob	100644	8b15d2c1cc7f2e76a3b4033df45d7ca5d0060784
mlir/lib/Dialect/OpenACC/Transforms/OffloadLiveInValueCanonicalization.cpp	blob	100644	4b57354b8b5d8a0cb9506adef9de189cde1108e0
mlir/lib/Dialect/OpenACC/Transforms/OffloadTargetVerifier.cpp	blob	100644	62941686890ada57923ce3ab1b4be42776ac0cf9
mlir/lib/Dialect/OpenACC/Utils/CMakeLists.txt	blob	100644	359cf23aa4abf5568a5a495c78c341ba4f5f9b7e
mlir/lib/Dialect/OpenACC/Utils/OpenACCRuntimeUtils.cpp	blob	100644	49673cfcc89819846a2eb11b321d8f203a1807f1
mlir/lib/Dialect/OpenACC/Utils/OpenACCUtils.cpp	blob	100644	8a529b0ac774181cd2e4c635b55f2d027be8b698
mlir/lib/Dialect/OpenACC/Utils/OpenACCUtilsCG.cpp	blob	100644	7f0106b0a5083ac4df67812ae1d3d587745b521d
mlir/lib/Dialect/OpenACC/Utils/OpenACCUtilsGPU.cpp	blob	100644	9ec382c67363feae7675ceaf912197d707ad5be0
mlir/lib/Dialect/OpenACC/Utils/OpenACCUtilsLoop.cpp	blob	100644	721762c960465aad7a387a2b2a81d004faeeb7c6
mlir/lib/Dialect/OpenACC/Utils/OpenACCUtilsReduction.cpp	blob	100644	df69714344f14a4fedf93f4e5a13dee40f320516
mlir/lib/Dialect/OpenACC/Utils/OpenACCUtilsTiling.cpp	blob	100644	32fd3957894fb16ddf0480efa5f6a6f04f10490d
mlir/lib/Dialect/OpenACC/Utils/OpenACCUtilsType.cpp	blob	100644	617598a0ccd27fc79eb8659e6c62c1c235726753
mlir/lib/Dialect/OpenACCMPCommon/CMakeLists.txt	blob	100644	3ac45c187158aa207e09030cd5abc34b183d6cad
mlir/lib/Dialect/OpenACCMPCommon/Interfaces/AtomicInterfaces.cpp	blob	100644	ca6a290b5a6dd716d4c3b8a972c9c8f183cf747a
mlir/lib/Dialect/OpenACCMPCommon/Interfaces/CMakeLists.txt	blob	100644	7a7500647e9e0855ca7b0af3018836d0336755a6
mlir/lib/Dialect/OpenMP/CMakeLists.txt	blob	100644	31167e6af908b9f76a1bf8e90a7528cd10acb2aa
mlir/lib/Dialect/OpenMP/IR/CMakeLists.txt	blob	100644	1beea2098d3bb2e50107a7439de97fab41ac7ef6
mlir/lib/Dialect/OpenMP/IR/OpenMPDialect.cpp	blob	100644	0098f1dabd84b1f4a06d13b49eb3edcb943ca1d5
mlir/lib/Dialect/OpenMP/Transforms/CMakeLists.txt	blob	100644	04fba34ae625cdce39bb7ce74966ca4f4260cbe8
mlir/lib/Dialect/OpenMP/Transforms/FunctionFiltering.cpp	blob	100644	626d54aa9de53913f8c407f10b8a1b263d065fd8
mlir/lib/Dialect/OpenMP/Transforms/HostOpFiltering.cpp	blob	100644	f7be1fdadfdb3ec319723fabcbb14505381fabe8
mlir/lib/Dialect/OpenMP/Transforms/MarkDeclareTarget.cpp	blob	100644	e1395ebe4eb151376e1b1306e5779333f9efe70d
mlir/lib/Dialect/OpenMP/Transforms/OpenMPOffloadPrivatizationPrepare.cpp	blob	100644	d3182a51b3a3f1b1264704b06be7bad08c0afbdc
mlir/lib/Dialect/OpenMP/Transforms/StackToShared.cpp	blob	100644	beffbeee5bbe62b2ddbef8edc487f0f2ac85d052
mlir/lib/Dialect/OpenMP/Utils/CMakeLists.txt	blob	100644	8fd8ba2622c68b8b4a57fe848d9ecb5043a1e11d
mlir/lib/Dialect/OpenMP/Utils/Utils.cpp	blob	100644	587210772896a378c9d34d76ca307b430db633ac
mlir/lib/Dialect/PDL/CMakeLists.txt	blob	100644	f33061b2d87cffc48b072763eb55d349e9070aba
mlir/lib/Dialect/PDL/IR/CMakeLists.txt	blob	100644	a0bec9f51a62353ef4cffd81bd530091a6d4cbbb
mlir/lib/Dialect/PDL/IR/PDL.cpp	blob	100644	3caee12bbf471dbf767db48a032a14e2ba9e751f
mlir/lib/Dialect/PDL/IR/PDLTypes.cpp	blob	100644	6f6c9d337066d06e65a76fab7ef645ddf506a65b
mlir/lib/Dialect/PDLInterp/CMakeLists.txt	blob	100644	f33061b2d87cffc48b072763eb55d349e9070aba
mlir/lib/Dialect/PDLInterp/IR/CMakeLists.txt	blob	100644	a2395872dca646719985cdada352efd1386e54f7
mlir/lib/Dialect/PDLInterp/IR/PDLInterp.cpp	blob	100644	541f2d64846fcf4e46f3042a3683dd3549f5537f
mlir/lib/Dialect/Ptr/CMakeLists.txt	blob	100644	f33061b2d87cffc48b072763eb55d349e9070aba
mlir/lib/Dialect/Ptr/IR/CMakeLists.txt	blob	100644	5e336f9b5594fcbec2e979e509f7fc1a4029e724
mlir/lib/Dialect/Ptr/IR/MemorySpaceInterfaces.cpp	blob	100644	059e67ffb9f6665f06b7f94d2335351a7764f580
mlir/lib/Dialect/Ptr/IR/PtrAttrs.cpp	blob	100644	ac3bcd6cea87ebfbe7ca4aeb453a214080bb6764
mlir/lib/Dialect/Ptr/IR/PtrDialect.cpp	blob	100644	444197d12097f91bf8e09abb97876de19c6bf72f
mlir/lib/Dialect/Ptr/IR/PtrTypes.cpp	blob	100644	5d09c0149e77bbf4407527db9a897d40f973bbce
mlir/lib/Dialect/Quant/CMakeLists.txt	blob	100644	31167e6af908b9f76a1bf8e90a7528cd10acb2aa
mlir/lib/Dialect/Quant/IR/CMakeLists.txt	blob	100644	c9e10ae52825e834677bde598d0974efeca6e5e1
mlir/lib/Dialect/Quant/IR/QuantDialectBytecode.cpp	blob	100644	870f13d4fb8c2c6d95778e7b0956f35db6e9504e
mlir/lib/Dialect/Quant/IR/QuantDialectBytecode.h	blob	100644	eef2b5bbefecc0f50b1ee79f4f7094554fb8a6d9
mlir/lib/Dialect/Quant/IR/QuantOps.cpp	blob	100644	36e660d6723815cc24b81983cb9eab17bf78a043
mlir/lib/Dialect/Quant/IR/QuantTypes.cpp	blob	100644	8dea51ac16b874d50d9d5bb90b7dcee88180ca98
mlir/lib/Dialect/Quant/IR/TypeDetail.h	blob	100644	8834ee7901c18d3a2bd15c5397f682b503337f08
mlir/lib/Dialect/Quant/IR/TypeParser.cpp	blob	100644	2a845bed0a535a9c09e4055de350e7144f0a66d6
mlir/lib/Dialect/Quant/Transforms/CMakeLists.txt	blob	100644	deb7109c904f4a8a12a678ea26c0ab6de888a693
mlir/lib/Dialect/Quant/Transforms/LowerQuantOps.cpp	blob	100644	9e37bc5163f7114985cd780852d6bb2c00212b6b
mlir/lib/Dialect/Quant/Transforms/NormalizeQuantTypes.cpp	blob	100644	966d7589d42c3903c89b800861a215ed53a62247
mlir/lib/Dialect/Quant/Transforms/StripFuncQuantTypes.cpp	blob	100644	1ffb18fb7ab96ce0a74513bdae1e582535bc9303
mlir/lib/Dialect/Quant/Utils/CMakeLists.txt	blob	100644	50381f053f85c8ae86a17adfa88f0c3c86b2e78b
mlir/lib/Dialect/Quant/Utils/FakeQuantSupport.cpp	blob	100644	fb27640bfd2784538ba6c1c38b7f2ac466cbc493
mlir/lib/Dialect/Quant/Utils/UniformSupport.cpp	blob	100644	8c4f80f13e2f6ed4db07522e03c480c55fd1639a
mlir/lib/Dialect/SCF/CMakeLists.txt	blob	100644	c47e4c5495c17bcf85fec888b7a0944ab0552983
mlir/lib/Dialect/SCF/IR/CMakeLists.txt	blob	100644	652016518061b1b5b0f319d971ecda3b59c2c174
mlir/lib/Dialect/SCF/IR/DeviceMappingInterface.cpp	blob	100644	a90c638069f601e5979333113d00a5678a846a5b
mlir/lib/Dialect/SCF/IR/MemorySlot.cpp	blob	100644	92fc3452d4629b663491d25a926e79de9dea2c0f
mlir/lib/Dialect/SCF/IR/SCF.cpp	blob	100644	f0e4b5586bd5d2ef423318eb81422bbed6d8950a
mlir/lib/Dialect/SCF/IR/ValueBoundsOpInterfaceImpl.cpp	blob	100644	496a7b036e65d190bceb3571fc42be2bd8ab776d
mlir/lib/Dialect/SCF/TransformOps/CMakeLists.txt	blob	100644	06bccab80e7d80a28e1ebb89e44fa7628bd3f5ad
mlir/lib/Dialect/SCF/TransformOps/SCFTransformOps.cpp	blob	100644	1d2ec1ad0e0dc3255f360b8502d790b36bc9a401
mlir/lib/Dialect/SCF/Transforms/BufferDeallocationOpInterfaceImpl.cpp	blob	100644	63216e7cc7fbaf9366696923afc7603c6af30dfc
mlir/lib/Dialect/SCF/Transforms/BufferizableOpInterfaceImpl.cpp	blob	100644	dad79b19f949ab61a7376a54b8c6962192834eb8
mlir/lib/Dialect/SCF/Transforms/CMakeLists.txt	blob	100644	fb9aa4018d2635286964bf633151249d8493bbcf
mlir/lib/Dialect/SCF/Transforms/ForToWhile.cpp	blob	100644	cb416cddc1c64a6a4c29aba96b263e54f1022025
mlir/lib/Dialect/SCF/Transforms/ForallToFor.cpp	blob	100644	20a64a3d2b4d74a7615e244941d2b7460a5d126c
mlir/lib/Dialect/SCF/Transforms/ForallToParallel.cpp	blob	100644	3ba51374feb312f0b4d595ab7fee293f35c6d37b
mlir/lib/Dialect/SCF/Transforms/LoopCanonicalization.cpp	blob	100644	6eabf6becf5db7bc03f33d61fae11b62d2d12449
mlir/lib/Dialect/SCF/Transforms/LoopPipelining.cpp	blob	100644	7e7fba43fe9e0f2286f46a5b50e911ce5369b4df
mlir/lib/Dialect/SCF/Transforms/LoopRangeFolding.cpp	blob	100644	d4b4c4cfc063ffdd45febaae3fc344a11788faa5
mlir/lib/Dialect/SCF/Transforms/LoopSpecialization.cpp	blob	100644	2f15c0414b660abdd935851c9952202bc073bcc2
mlir/lib/Dialect/SCF/Transforms/ParallelForToNestedFors.cpp	blob	100644	c469a991fff64056bb6f143bc2dddd54c75902d9
mlir/lib/Dialect/SCF/Transforms/ParallelLoopCollapsing.cpp	blob	100644	0f00806870d8a4c42bab24032f3f118490456d18
mlir/lib/Dialect/SCF/Transforms/ParallelLoopFusion.cpp	blob	100644	397920565c5ba38d5649d87a98bfe8868332728e
mlir/lib/Dialect/SCF/Transforms/ParallelLoopTiling.cpp	blob	100644	081f5fb3dc8f2abd81e1fed2b389a589e6636206
mlir/lib/Dialect/SCF/Transforms/RotateWhileLoop.cpp	blob	100644	8707ec91328dc9a86a2228bfa66ea1a241aa5220
mlir/lib/Dialect/SCF/Transforms/StructuralTypeConversions.cpp	blob	100644	1cfd762d9a74d33b30e7126449048917d9781df2
mlir/lib/Dialect/SCF/Transforms/TileUsingInterface.cpp	blob	100644	a8efe6cdb4415e79f79369cf5efbdf9f4ff16407
mlir/lib/Dialect/SCF/Transforms/UpliftWhileToFor.cpp	blob	100644	ec1044aaa42ac3377abd8f8cc98b2b29edbdd108
mlir/lib/Dialect/SCF/Transforms/WrapInZeroTripCheck.cpp	blob	100644	db504fe157dc93b47a846bd6a9ae4717545ca85a
mlir/lib/Dialect/SCF/Utils/AffineCanonicalizationUtils.cpp	blob	100644	b73554cde74c303b32ed0a75232d40677cd1e28b
mlir/lib/Dialect/SCF/Utils/CMakeLists.txt	blob	100644	5ac6ed50659e773030c23dfc681e9918f4b24216
mlir/lib/Dialect/SCF/Utils/Utils.cpp	blob	100644	7ba0a796c86315cdeac01ab609fb59bd2c51254e
mlir/lib/Dialect/SMT/CMakeLists.txt	blob	100644	f33061b2d87cffc48b072763eb55d349e9070aba
mlir/lib/Dialect/SMT/IR/CMakeLists.txt	blob	100644	e287613da9fd09e19ba8758cbac8e1863ed57b3a
mlir/lib/Dialect/SMT/IR/SMTAttributes.cpp	blob	100644	20d88a9d6872e6589101950c0174d54873afa22f
mlir/lib/Dialect/SMT/IR/SMTDialect.cpp	blob	100644	48c0b1ed8e14f9471ff130801b21d00df1273cdb
mlir/lib/Dialect/SMT/IR/SMTOps.cpp	blob	100644	ea456c10a48eb210d4b934a91eb024edf8be9ce3
mlir/lib/Dialect/SMT/IR/SMTTypes.cpp	blob	100644	d9baef98aff3774057adda9f22c9ae0141ad8afb
mlir/lib/Dialect/SPIRV/CMakeLists.txt	blob	100644	211f67afd9fd036f3459b79a0b00078af3a34da3
mlir/lib/Dialect/SPIRV/IR/ArmGraphOps.cpp	blob	100644	97bbde4d4cb11b20573558c6e4a6803e2751506d
mlir/lib/Dialect/SPIRV/IR/AtomicOps.cpp	blob	100644	a7600833c3a2dccdb4597efea495cc8676bfb6b0
mlir/lib/Dialect/SPIRV/IR/CMakeLists.txt	blob	100644	2f45a32105d100a9c554c5b221567f69f0a3b565
mlir/lib/Dialect/SPIRV/IR/CastOps.cpp	blob	100644	e8bbb8016baf66e7db1a745cf7d22ba522c1a74e
mlir/lib/Dialect/SPIRV/IR/ControlFlowOps.cpp	blob	100644	44cee60decdbd3b22c481d9cef9ddec1b2822549
mlir/lib/Dialect/SPIRV/IR/CooperativeMatrixOps.cpp	blob	100644	eccc01137576ac69e342df26a1105da30ee9ceb2
mlir/lib/Dialect/SPIRV/IR/DotProductOps.cpp	blob	100644	c76f9475f99382ac190c7a1511a1c2c10e653f99
mlir/lib/Dialect/SPIRV/IR/GroupOps.cpp	blob	100644	b9dde2b2869a834de57a89019fdbd41cbe7a9d44
mlir/lib/Dialect/SPIRV/IR/ImageOps.cpp	blob	100644	43d94c86013b1b4c86ece664a484f3aae467d6da
mlir/lib/Dialect/SPIRV/IR/MemoryOps.cpp	blob	100644	08d8b3beb827515188194050fc88881bb09d9c9a
mlir/lib/Dialect/SPIRV/IR/MeshOps.cpp	blob	100644	a04f077606224d1119afba427964497fda8f2eb5
mlir/lib/Dialect/SPIRV/IR/SPIRVAttributes.cpp	blob	100644	f1940091ca23854e95fda2562ad75d79bb84288e
mlir/lib/Dialect/SPIRV/IR/SPIRVCanonicalization.cpp	blob	100644	c344f3ad7f788a6b5eca4da4dac56a90bc775a4d
mlir/lib/Dialect/SPIRV/IR/SPIRVCanonicalization.td	blob	100644	e8d2274d29aa079e9535e36ff09e0bee734fb5b0
mlir/lib/Dialect/SPIRV/IR/SPIRVDialect.cpp	blob	100644	2ab675221bd118c274322f8db4f841d2772881fa
mlir/lib/Dialect/SPIRV/IR/SPIRVEnums.cpp	blob	100644	3cab289998763cd8b6f1d655f1ac5dabde9d31f1
mlir/lib/Dialect/SPIRV/IR/SPIRVGLCanonicalization.cpp	blob	100644	3ad8057a58dc94e64a1a8fc2b35efff371862e2d
mlir/lib/Dialect/SPIRV/IR/SPIRVOpAvailability.cpp	blob	100644	93c27c8701cabbb49744ace2f8163ebfba29001a
mlir/lib/Dialect/SPIRV/IR/SPIRVOpDefinition.cpp	blob	100644	4773ff6cb2181096e67e3bc93ce8f437db76620c
mlir/lib/Dialect/SPIRV/IR/SPIRVOpDefinition.h	blob	100644	305757b64a60f3b2529216008e7d6e16a48a87a5
mlir/lib/Dialect/SPIRV/IR/SPIRVOpDefinitions.cpp	blob	100644	c41cf1c142cc458cb53464b0c3e1f886ff3a0a6b
mlir/lib/Dialect/SPIRV/IR/SPIRVOpUtils.h	blob	100644	d084fbcb8b3ae905383c9df3fc5a47f821d7e2ce
mlir/lib/Dialect/SPIRV/IR/SPIRVOps.cpp	blob	100644	37ae6a942e49154ee6add3f04e978341ee96cc5a
mlir/lib/Dialect/SPIRV/IR/SPIRVParsingUtils.cpp	blob	100644	726fb7ce9fdb749be6d5b109954d7ae5ed891648
mlir/lib/Dialect/SPIRV/IR/SPIRVParsingUtils.h	blob	100644	772219c8db6541200fd1ff260af672a5a71985dd
mlir/lib/Dialect/SPIRV/IR/SPIRVTosaOps.cpp	blob	100644	c927ef8c48d58670a736e9ceee83f4add70e65c9
mlir/lib/Dialect/SPIRV/IR/SPIRVTypes.cpp	blob	100644	efb6cd0b33613e453b29a318ca813d270fc6f1eb
mlir/lib/Dialect/SPIRV/IR/TargetAndABI.cpp	blob	100644	4761a9a3e21aa94926c6ffe1d4ca7400854243e2
mlir/lib/Dialect/SPIRV/Interfaces/CMakeLists.txt	blob	100644	2868e3b641b91fcbf9b1c320d51dd62231995c33
mlir/lib/Dialect/SPIRV/Interfaces/SPIRVImageInterfaces.cpp	blob	100644	eabcfcbfba93fe181f63f6ce472d7e24b50362b4
mlir/lib/Dialect/SPIRV/Linking/CMakeLists.txt	blob	100644	4cc016812701446bef7e32d1900bba2070c78142
mlir/lib/Dialect/SPIRV/Linking/ModuleCombiner/CMakeLists.txt	blob	100644	3239aa8407a1065babc420f29da82447462595ef
mlir/lib/Dialect/SPIRV/Linking/ModuleCombiner/ModuleCombiner.cpp	blob	100644	8068344a02a89fa49e9b65994eb613b2d6cc7653
mlir/lib/Dialect/SPIRV/Transforms/CMakeLists.txt	blob	100644	b947447dad46a1ab65e7dd6a6ae63c60c76a54f6
mlir/lib/Dialect/SPIRV/Transforms/CanonicalizeGLPass.cpp	blob	100644	cb77a4c7f5860944212d2e76b1ba9c9801c45a9c
mlir/lib/Dialect/SPIRV/Transforms/ConvertToReplicatedConstantCompositePass.cpp	blob	100644	4bc4dfab7a57f58e09f2b298ae7436e4d7d4b1ac
mlir/lib/Dialect/SPIRV/Transforms/DecorateCompositeTypeLayoutPass.cpp	blob	100644	6581f0a822a824c80446b3b91ef787a20f379802
mlir/lib/Dialect/SPIRV/Transforms/LowerABIAttributesPass.cpp	blob	100644	3b849c5d3ae11254f09719b4d0c67396b2cfc2dd
mlir/lib/Dialect/SPIRV/Transforms/RewriteInsertsPass.cpp	blob	100644	38ef547f0769f7a2450c4a3dc2aa6cefeee4847a
mlir/lib/Dialect/SPIRV/Transforms/SPIRVConversion.cpp	blob	100644	0d234ebbc3814835f04c612cd90ab37a24b6321d
mlir/lib/Dialect/SPIRV/Transforms/SPIRVWebGPUTransforms.cpp	blob	100644	f14632c7ff66ccd6ab74d29cb62a5eb7d88582bc
mlir/lib/Dialect/SPIRV/Transforms/UnifyAliasedResourcePass.cpp	blob	100644	99eaa3f0b16654c298d2612b2677ea1d24b4f07a
mlir/lib/Dialect/SPIRV/Transforms/UpdateVCEPass.cpp	blob	100644	be8fa3a0b81c34ab53947dca1b2d6d6f14125089
mlir/lib/Dialect/SPIRV/Utils/CMakeLists.txt	blob	100644	9da83e02735d239af2282f47981b09473e4e89c5
mlir/lib/Dialect/SPIRV/Utils/LayoutUtils.cpp	blob	100644	2ca16cda1fa4cf38aa4e1f4f202e7816823f1ad2
mlir/lib/Dialect/Shape/CMakeLists.txt	blob	100644	9f57627c321fb0c74b3e4a404e3c36bd435f64a7
mlir/lib/Dialect/Shape/IR/CMakeLists.txt	blob	100644	32a86b483a49b109cd2918dc317694e24100a3d1
mlir/lib/Dialect/Shape/IR/Shape.cpp	blob	100644	e01b705e5610a8f0e78e755b97c0b5f060bb61f4
mlir/lib/Dialect/Shape/IR/ShapeCanonicalization.td	blob	100644	829f3e0adfbedd41072c80f17891d506fe92b802
mlir/lib/Dialect/Shape/Transforms/BufferizableOpInterfaceImpl.cpp	blob	100644	f6bc22549f8e502992c8ef7bc191c4d61746ce05
mlir/lib/Dialect/Shape/Transforms/CMakeLists.txt	blob	100644	a51c6780c286656eef6a3daac632aaf9077a96ba
mlir/lib/Dialect/Shape/Transforms/OutlineShapeComputation.cpp	blob	100644	650a2396576fd963d3f88ea2333c79f00502382e
mlir/lib/Dialect/Shape/Transforms/RemoveShapeConstraints.cpp	blob	100644	b2992d252cf6e5386d0bc643220c074a1cde863b
mlir/lib/Dialect/Shape/Transforms/ShapeToShapeLowering.cpp	blob	100644	f16ebf9c540cd08ea6973c317f3b5ab9e33dbf8e
mlir/lib/Dialect/Shard/CMakeLists.txt	blob	100644	fa8842fb04fd721870a7c5be0ccd804087b10814
mlir/lib/Dialect/Shard/IR/CMakeLists.txt	blob	100644	70c6049884e128f2057653eec197a339313c4c9a
mlir/lib/Dialect/Shard/IR/ShardOps.cpp	blob	100644	a4206d6717687c402674a1f9360864ba7216d58b
mlir/lib/Dialect/Shard/Interfaces/CMakeLists.txt	blob	100644	01e8e56dd391d7cc1425b5aa75b7e1dcd305fadc
mlir/lib/Dialect/Shard/Interfaces/ShardingInterface.cpp	blob	100644	cbdc274940d1e363419351da3c607c90566a854a
mlir/lib/Dialect/Shard/Transforms/CMakeLists.txt	blob	100644	4e3fb6db9966c5296a407034a3002a5b7eb5eaa5
mlir/lib/Dialect/Shard/Transforms/Partition.cpp	blob	100644	bf7a4ee417d92019a911ee62b5d5b5e8ae71dcef
mlir/lib/Dialect/Shard/Transforms/ShardingPropagation.cpp	blob	100644	a4f343c7c87b1ec576007bbef1a8a3652f67fd26
mlir/lib/Dialect/Shard/Transforms/Simplify.cpp	blob	100644	97c4c777d288beeabdcd1f75b345dbc1b4efb392
mlir/lib/Dialect/Shard/Transforms/Transforms.cpp	blob	100644	835bc443d4b2a57f44cc73a0e58412ff4601d05f
mlir/lib/Dialect/Shard/Transforms/TransformsDetail.h	blob	100644	60c9828ba736db7164ca618146c71c7217f38bcc
mlir/lib/Dialect/SparseTensor/CMakeLists.txt	blob	100644	c229ec184b5ba7c44ae2f01c120337a29c371a00
mlir/lib/Dialect/SparseTensor/IR/CMakeLists.txt	blob	100644	61f2921749b2e25dd47bb3aaa23980a35af5f2ec
mlir/lib/Dialect/SparseTensor/IR/Detail/DimLvlMap.cpp	blob	100644	b207dfe0d2be2f955b746db6320d682a2967f727
mlir/lib/Dialect/SparseTensor/IR/Detail/DimLvlMap.h	blob	100644	266fd7a3c5837b9aeade8f933d7cdf1b4ce5f3d8
mlir/lib/Dialect/SparseTensor/IR/Detail/DimLvlMapParser.cpp	blob	100644	bfb29a59255db0019d394654f39fdf589354d398
mlir/lib/Dialect/SparseTensor/IR/Detail/DimLvlMapParser.h	blob	100644	11f727c40644ae13cef5a7b0f36b9d520c8a832b
mlir/lib/Dialect/SparseTensor/IR/Detail/LvlTypeParser.cpp	blob	100644	13bf046f348d88bdf17eae36b951418035f8f31e
mlir/lib/Dialect/SparseTensor/IR/Detail/LvlTypeParser.h	blob	100644	1ac8254454ecf296f37044dad4edfc5de10db054
mlir/lib/Dialect/SparseTensor/IR/Detail/TemplateExtras.h	blob	100644	383fbcb8dc5205342273faaa36f660362d39d3ad
mlir/lib/Dialect/SparseTensor/IR/Detail/Var.cpp	blob	100644	069191c21b0919f1116a1c594ea4330a1baeb5ff
mlir/lib/Dialect/SparseTensor/IR/Detail/Var.h	blob	100644	dce8b003b013bb96be634aa5f5f074a763963a99
mlir/lib/Dialect/SparseTensor/IR/SparseTensorDialect.cpp	blob	100644	781189210ecd3948565bb7ed5620199f57c127b7
mlir/lib/Dialect/SparseTensor/IR/SparseTensorInterfaces.cpp	blob	100644	abb37a5e10b9a6910ef74285d476d69cc084627d
mlir/lib/Dialect/SparseTensor/Pipelines/CMakeLists.txt	blob	100644	c724b49762a1a324e06c9e3bec0ac21df0e8d750
mlir/lib/Dialect/SparseTensor/Pipelines/SparseTensorPipelines.cpp	blob	100644	c95ecdf20dc220cd698bf3eea8a5b611cac18609
mlir/lib/Dialect/SparseTensor/TransformOps/CMakeLists.txt	blob	100644	53ae92535b3251f25970185b1d7b88b13e8feee1
mlir/lib/Dialect/SparseTensor/TransformOps/SparseTensorTransformOps.cpp	blob	100644	bdec43825ddc2544bfd29d3367ad2d652294194a
mlir/lib/Dialect/SparseTensor/Transforms/BufferizableOpInterfaceImpl.cpp	blob	100644	3fc8a2313f3c2acaa83fc492e5e8a8913baa3383
mlir/lib/Dialect/SparseTensor/Transforms/CMakeLists.txt	blob	100644	43e5c3251c5258cb6aa42581e6db221405d0042c
mlir/lib/Dialect/SparseTensor/Transforms/SparseAssembler.cpp	blob	100644	a5c74f6941554decdbc3ed560ebc708b2bea7cce
mlir/lib/Dialect/SparseTensor/Transforms/SparseBufferRewriting.cpp	blob	100644	9db981463f6507f4ec2f7d595f6c71aa39e1e8ac
mlir/lib/Dialect/SparseTensor/Transforms/SparseGPUCodegen.cpp	blob	100644	8243bf9317c22a30111bf77902965a1f793ed258
mlir/lib/Dialect/SparseTensor/Transforms/SparseIterationToScf.cpp	blob	100644	e4cecef2d44e5cf68cd9ccf2180300dcbd8b45ac
mlir/lib/Dialect/SparseTensor/Transforms/SparseReinterpretMap.cpp	blob	100644	03c9e57bd223f4c13c8009409298374525c7a9ac
mlir/lib/Dialect/SparseTensor/Transforms/SparseSpaceCollapse.cpp	blob	100644	337eb279b7154c123a76e8b937ca732ef42f6acb
mlir/lib/Dialect/SparseTensor/Transforms/SparseStorageSpecifierToLLVM.cpp	blob	100644	6dfffbb6e74426e2abd7d25d08452bd9c8ffc8a6
mlir/lib/Dialect/SparseTensor/Transforms/SparseTensorCodegen.cpp	blob	100644	38558777d537c7a762ac5d160264aaa25123f32f
mlir/lib/Dialect/SparseTensor/Transforms/SparseTensorConversion.cpp	blob	100644	0e88d31dae8e84af014cfe7b45e6083fdd347a20
mlir/lib/Dialect/SparseTensor/Transforms/SparseTensorPasses.cpp	blob	100644	be21cea44ccf521c767b0ba30ab46235c1007d1d
mlir/lib/Dialect/SparseTensor/Transforms/SparseTensorRewriting.cpp	blob	100644	42a6c4d77dbdd816d5233998aa2f102d75d4704b
mlir/lib/Dialect/SparseTensor/Transforms/SparseVectorization.cpp	blob	100644	b5ec17c88b20501d0322b98c96d448e28892d820
mlir/lib/Dialect/SparseTensor/Transforms/Sparsification.cpp	blob	100644	860ea68029c3a40648f58415310a345ac0a4655c
mlir/lib/Dialect/SparseTensor/Transforms/SparsificationAndBufferizationPass.cpp	blob	100644	b38d43476efb7f16f9f51ad7fda2ed1164051c93
mlir/lib/Dialect/SparseTensor/Transforms/StageSparseOperations.cpp	blob	100644	684a2d418f66c392baffa643021e5c6e483abe6e
mlir/lib/Dialect/SparseTensor/Transforms/Utils/CodegenEnv.cpp	blob	100644	b94091cfa5f5857944277f26eafb15326f408964
mlir/lib/Dialect/SparseTensor/Transforms/Utils/CodegenEnv.h	blob	100644	34b793ee11e4ca926a6e06d07a225b3c085d6a51
mlir/lib/Dialect/SparseTensor/Transforms/Utils/CodegenUtils.cpp	blob	100644	1d9bf51f8d25a57ad9db0a19a6ebd29d74c8d2d7
mlir/lib/Dialect/SparseTensor/Transforms/Utils/CodegenUtils.h	blob	100644	1c10dd5566184aaf6dff5a4b30c7499f7a1cd7d5
mlir/lib/Dialect/SparseTensor/Transforms/Utils/IterationGraphSorter.cpp	blob	100644	a0180d228a36ad6062f174ca2378c284f2e41587
mlir/lib/Dialect/SparseTensor/Transforms/Utils/IterationGraphSorter.h	blob	100644	35e58edeb2562c2254ed236de95e189a90bfebe7
mlir/lib/Dialect/SparseTensor/Transforms/Utils/LoopEmitter.cpp	blob	100644	94d6e640da4367a3259817c8f266b73f1023b8b7
mlir/lib/Dialect/SparseTensor/Transforms/Utils/LoopEmitter.h	blob	100644	a47062987b4b6c2f1917a9d91e0ef7d80d59ffba
mlir/lib/Dialect/SparseTensor/Transforms/Utils/SparseTensorDescriptor.cpp	blob	100644	814d08f7c24be4d6c648e6fd2c0dc2972a06429b
mlir/lib/Dialect/SparseTensor/Transforms/Utils/SparseTensorDescriptor.h	blob	100644	45d142a807c36303b51699125b34cf00c4bbdedd
mlir/lib/Dialect/SparseTensor/Transforms/Utils/SparseTensorIterator.cpp	blob	100644	b25e095d4c418a789eb0bf240cc46beaa1c0ad2e
mlir/lib/Dialect/SparseTensor/Transforms/Utils/SparseTensorIterator.h	blob	100644	46378b9823f2732678b481af0d8a0148e94b6e3c
mlir/lib/Dialect/SparseTensor/Utils/CMakeLists.txt	blob	100644	ebcf5d79a7207d4cc8903fb5024f6aeea09d79d5
mlir/lib/Dialect/SparseTensor/Utils/Merger.cpp	blob	100644	f388a2e44ebdb3d079f413394c0036db52786c6b
mlir/lib/Dialect/Tensor/CMakeLists.txt	blob	100644	a834aae8fbf81ed83e1bd85562e4d10b2bcec702
mlir/lib/Dialect/Tensor/Extensions/AllExtensions.cpp	blob	100644	0784615b8edb8771e31b13e77ca8c249a7c3859b
mlir/lib/Dialect/Tensor/Extensions/CMakeLists.txt	blob	100644	9266f0d1b5601663da6f6c0ec11a38e6631f6b87
mlir/lib/Dialect/Tensor/Extensions/ShardingExtensions.cpp	blob	100644	afdb938e157763672c19240fb34f6a4e13a1c480
mlir/lib/Dialect/Tensor/IR/CMakeLists.txt	blob	100644	66b73f9bead5d7240031cf76baa8cb6ae891352d
mlir/lib/Dialect/Tensor/IR/TensorDialect.cpp	blob	100644	2c9cd87f14af2598e303eaeefc39171c98cb03ec
mlir/lib/Dialect/Tensor/IR/TensorInferTypeOpInterfaceImpl.cpp	blob	100644	a53aa10a8b2eeed3c061114c832ff928aa599add
mlir/lib/Dialect/Tensor/IR/TensorOps.cpp	blob	100644	43bb5cabb0f4f3653f35f6a156bbb976bcd11b63
mlir/lib/Dialect/Tensor/IR/TensorTilingInterfaceImpl.cpp	blob	100644	782412557fe278975986be6e52e55dd54475e263
mlir/lib/Dialect/Tensor/IR/ValueBoundsOpInterfaceImpl.cpp	blob	100644	684cec2d6748a5974f2fc50637609c9f81a43bec
mlir/lib/Dialect/Tensor/TransformOps/CMakeLists.txt	blob	100644	113a29b31d0acd84a2863d8f79ac13261cd939d2
mlir/lib/Dialect/Tensor/TransformOps/TensorTransformOps.cpp	blob	100644	9d2011a116d8b32f24cf15e907552a570758d836
mlir/lib/Dialect/Tensor/Transforms/BufferizableOpInterfaceImpl.cpp	blob	100644	c186583ab95da2f7bf9bea5f76cc00a5baaa9694
mlir/lib/Dialect/Tensor/Transforms/CMakeLists.txt	blob	100644	78e64c82544e09092ec2d9a69fc22a89366d14ba
mlir/lib/Dialect/Tensor/Transforms/ConcatOpPatterns.cpp	blob	100644	20bed05ecc11d15668986f98c4944114761807f5
mlir/lib/Dialect/Tensor/Transforms/DropRedundantRankExpansionPatterns.cpp	blob	100644	55ad6256b0f6c15b2262e3b5d5fa5f59b125f312
mlir/lib/Dialect/Tensor/Transforms/EmptyOpPatterns.cpp	blob	100644	930bab52f2e0dcacca501f86b7e58bf7c9b6140f
mlir/lib/Dialect/Tensor/Transforms/ExtractSliceFromReshapeUtils.cpp	blob	100644	840b4f31214289ff0d9cb430b1f919e5d8f3c842
mlir/lib/Dialect/Tensor/Transforms/FoldTensorSubsetOps.cpp	blob	100644	5f838eae95de9e86acb568f0330364e8fccc90c4
mlir/lib/Dialect/Tensor/Transforms/IndependenceTransforms.cpp	blob	100644	c80c7fb334f34537a90b89f93beaca00c397814b
mlir/lib/Dialect/Tensor/Transforms/ReshapePatterns.cpp	blob	100644	c9bd4181da4f84380165ee95213fe3c26e408b68
mlir/lib/Dialect/Tensor/Transforms/RewriteAsConstant.cpp	blob	100644	bc4f5a5ac7f23a194ec21bcd5ac5b3fe5af83008
mlir/lib/Dialect/Tensor/Transforms/RuntimeOpVerification.cpp	blob	100644	d35f458cbdb363848df8b9cf31457467f0c6ccf6
mlir/lib/Dialect/Tensor/Transforms/ScalarizeFunctionResult.cpp	blob	100644	60385d0c8b50d128c2bddbc242d18387910c904f
mlir/lib/Dialect/Tensor/Transforms/SubsetInsertionOpInterfaceImpl.cpp	blob	100644	b6fdba360deea6d6f8b7d18412f19a940d7f8934
mlir/lib/Dialect/Tensor/Transforms/SwapExtractSliceWithProducerPatterns.cpp	blob	100644	0e0262037f08dd0ae4c8b4fb8e848e60aac60885
mlir/lib/Dialect/Tensor/Utils/CMakeLists.txt	blob	100644	6de229b2fe14183a260248e3f36f20e6ae975b42
mlir/lib/Dialect/Tensor/Utils/Utils.cpp	blob	100644	fd75e1090174b0886d9586302f0c4ab020c3cd26
mlir/lib/Dialect/Tosa/CMakeLists.txt	blob	100644	6404ca8fc5a5615e081f5da67a0204a8215212f8
mlir/lib/Dialect/Tosa/IR/ShardingInterfaceImpl.cpp	blob	100644	45994a7ec679f1609d98a0819a868ac084bda21a
mlir/lib/Dialect/Tosa/IR/TargetEnv.cpp	blob	100644	246cb058a91aef683e76f4a69c68a8a30b3af5e3
mlir/lib/Dialect/Tosa/IR/TosaCanonicalizations.cpp	blob	100644	f91ef25633298bf5de7b9907e0481d543df0c9b6
mlir/lib/Dialect/Tosa/IR/TosaOps.cpp	blob	100644	1f113bb29db28d12a296d5f30e34d0c8e5ff2efc
mlir/lib/Dialect/Tosa/Transforms/CMakeLists.txt	blob	100644	da23374ed65e1c5309181214ea2985e9359bf995
mlir/lib/Dialect/Tosa/Transforms/TosaArithConstantToConst.cpp	blob	100644	73e1e2bee33996b3d8d02e315401eda0ea2981c5
mlir/lib/Dialect/Tosa/Transforms/TosaAttachTarget.cpp	blob	100644	332409361a1ac46c847033dd0fffdbacbbf1adcb
mlir/lib/Dialect/Tosa/Transforms/TosaConvertIntegerTypeToSignless.cpp	blob	100644	7657993d90c2965c07adb970884530ec6c1238b0
mlir/lib/Dialect/Tosa/Transforms/TosaDecomposeDepthwise.cpp	blob	100644	8044671e1bd20bc81150929ae4f746c999b14fce
mlir/lib/Dialect/Tosa/Transforms/TosaDecomposeTransposeConv.cpp	blob	100644	8b23fd1341bc5047659d309658df74afdff97ba0
mlir/lib/Dialect/Tosa/Transforms/TosaDowngrade1p1To1p0.cpp	blob	100644	1d3d7a344341e9758e6c80b44c3594eb5781aa07
mlir/lib/Dialect/Tosa/Transforms/TosaFolders.cpp	blob	100644	604965f7103b15759aa15daabac8594bab2b509d
mlir/lib/Dialect/Tosa/Transforms/TosaGatherScatterHardening.cpp	blob	100644	885ce0504deae297da5223292b2e5c2900c88b2e
mlir/lib/Dialect/Tosa/Transforms/TosaInferShapes.cpp	blob	100644	e8f34201b7d18b71990a95577c9e5bd4e0e9d47f
mlir/lib/Dialect/Tosa/Transforms/TosaInputShape.cpp	blob	100644	801542116358f3c4e5745b27a5513f2f3cca5d3d
mlir/lib/Dialect/Tosa/Transforms/TosaLayerwiseConstantFoldPass.cpp	blob	100644	aae1ba359e859ad8a34a3d5931f2300bc16cb319
mlir/lib/Dialect/Tosa/Transforms/TosaMakeBroadcastable.cpp	blob	100644	8f96fc1b80abea1841cc7abb92a7c97499519f09
mlir/lib/Dialect/Tosa/Transforms/TosaNarrowTypes.cpp	blob	100644	c53704965ed092358dab0ef7a858515008663717
mlir/lib/Dialect/Tosa/Transforms/TosaOptionalDecompositions.cpp	blob	100644	ec1865a3bede18ffdd8146e9b754bd26b54b4417
mlir/lib/Dialect/Tosa/Transforms/TosaProfileCompliance.cpp	blob	100644	3c81be49cbd9a428454034918a98b061ae243e12
mlir/lib/Dialect/Tosa/Transforms/TosaReduceTransposes.cpp	blob	100644	57069ed74eb99abab5c0cd013d45feeb770c5f72
mlir/lib/Dialect/Tosa/Transforms/TosaTypeConverters.cpp	blob	100644	677d8e9904a6786c4ab77871a47cfe4b607425df
mlir/lib/Dialect/Tosa/Transforms/TosaValidation.cpp	blob	100644	9a37e57af0d2a9e862fc8c5654c3933e17c89324
mlir/lib/Dialect/Tosa/Utils/ConversionUtils.cpp	blob	100644	0d082a97414a46d374b6d67af3ab65b047987b28
mlir/lib/Dialect/Tosa/Utils/QuantUtils.cpp	blob	100644	b3fe95eefe13fd38336a53d03c5b24d96d883b28
mlir/lib/Dialect/Traits.cpp	blob	100644	6e0a4eccb007c3e9ba1eafb9fa9020184156d34c
mlir/lib/Dialect/Transform/CMakeLists.txt	blob	100644	123c4b92271fee4c8aec564a6d1c77b55c4211ed
mlir/lib/Dialect/Transform/DebugExtension/CMakeLists.txt	blob	100644	38aca4c7340e97d77660229ecc6a8c84c811ce30
mlir/lib/Dialect/Transform/DebugExtension/DebugExtension.cpp	blob	100644	d69535169f956dd6703a737722c41841db2d755b
mlir/lib/Dialect/Transform/DebugExtension/DebugExtensionOps.cpp	blob	100644	9f9695b7d348ba10f252b09632c33c26bc60c44d
mlir/lib/Dialect/Transform/IR/CMakeLists.txt	blob	100644	21ed91029817c29e3d65509112341ef19dec3af8
mlir/lib/Dialect/Transform/IR/TransformAttrs.cpp	blob	100644	05a91b8845ac0ab3fad48c1e341be37ecfa37f68
mlir/lib/Dialect/Transform/IR/TransformDialect.cpp	blob	100644	f12eab759a5830baa84e136f093c4de6049c2f62
mlir/lib/Dialect/Transform/IR/TransformOps.cpp	blob	100644	e40f3b7885c273d76dd11dd744a568650bf77f66
mlir/lib/Dialect/Transform/IR/TransformTypes.cpp	blob	100644	20b33b80c99e568fd1e039a54a2fdc032db1af9d
mlir/lib/Dialect/Transform/IR/Utils.cpp	blob	100644	44238e0b92ff2ad928bd00781471b776608a3967
mlir/lib/Dialect/Transform/IRDLExtension/CMakeLists.txt	blob	100644	9216a3d722021f30ef45c9f694778ee8516ef0dc
mlir/lib/Dialect/Transform/IRDLExtension/IRDLExtension.cpp	blob	100644	9dc95490b14bb169fe63307d5c5100af6392bbcb
mlir/lib/Dialect/Transform/IRDLExtension/IRDLExtensionOps.cpp	blob	100644	93b0bc591ca02f8de431439345c00ceeb4316db9
mlir/lib/Dialect/Transform/Interfaces/CMakeLists.txt	blob	100644	e6c558ab2146007e4a8b635c5e9faeae7e63657b
mlir/lib/Dialect/Transform/Interfaces/MatchInterfaces.cpp	blob	100644	38f0dcfa189ff96103d4e884d8bd8321ef3b1ee1
mlir/lib/Dialect/Transform/Interfaces/TransformInterfaces.cpp	blob	100644	00843278170755481564426257d6a8846a8d8f83
mlir/lib/Dialect/Transform/LoopExtension/CMakeLists.txt	blob	100644	9e1abdd1ca17b56dbec310e0b71eed079e40ccf0
mlir/lib/Dialect/Transform/LoopExtension/LoopExtension.cpp	blob	100644	0a099b5bc75ab299edc0049a7f1004bc031a7317
mlir/lib/Dialect/Transform/LoopExtension/LoopExtensionOps.cpp	blob	100644	95870e8ef87beb929fcd45b5060cef925de8baf9
mlir/lib/Dialect/Transform/PDLExtension/CMakeLists.txt	blob	100644	4a60ed48a1343abf30cc3524463f5cbbf25d34b2
mlir/lib/Dialect/Transform/PDLExtension/PDLExtension.cpp	blob	100644	27c5dc332a428fa1b6dd419928702fa3e9a684e8
mlir/lib/Dialect/Transform/PDLExtension/PDLExtensionOps.cpp	blob	100644	57ec4b69d04b413ef7e8cf0285663b29d6207cd3
mlir/lib/Dialect/Transform/SMTExtension/CMakeLists.txt	blob	100644	ba1cc464e506d816b8470eac7b8b27cc4b60b6e9
mlir/lib/Dialect/Transform/SMTExtension/SMTExtension.cpp	blob	100644	228e8d342a1f655dbd1277faaf49a24686bae155
mlir/lib/Dialect/Transform/SMTExtension/SMTExtensionOps.cpp	blob	100644	ae2e05456300997f49842b89a5af2f3b82aca8b3
mlir/lib/Dialect/Transform/Transforms/CMakeLists.txt	blob	100644	9fed8c6b5caa9bb03ae479856ce7e771d5f10396
mlir/lib/Dialect/Transform/Transforms/CheckUses.cpp	blob	100644	6ef8ca6c4b3af3d924caa0bce8590fcc35af4a0a
mlir/lib/Dialect/Transform/Transforms/InferEffects.cpp	blob	100644	364453431db7e79698bb0c61bd55aff5b548ab96
mlir/lib/Dialect/Transform/Transforms/InterpreterPass.cpp	blob	100644	19906f15ae85f6eacffa9f135117893badcc54ab
mlir/lib/Dialect/Transform/Transforms/PreloadLibraryPass.cpp	blob	100644	4ade414dba833a8e45e8d23231ec53f870228289
mlir/lib/Dialect/Transform/Transforms/TransformInterpreterUtils.cpp	blob	100644	9ab484ff6807881e656bcd1bbad2672d14d2e318
mlir/lib/Dialect/Transform/TuneExtension/CMakeLists.txt	blob	100644	56b90a9a04edf5ec255b0612159982c56eafa6b4
mlir/lib/Dialect/Transform/TuneExtension/TuneExtension.cpp	blob	100644	e18f1e274854058729fbcf400e6ecd67c949fc35
mlir/lib/Dialect/Transform/TuneExtension/TuneExtensionOps.cpp	blob	100644	7d8d958530f8b6e66336aa3166139f25f298a186
mlir/lib/Dialect/Transform/Utils/CMakeLists.txt	blob	100644	64aa27482cfb6067096d29cf5a2233f2d46af728
mlir/lib/Dialect/Transform/Utils/DiagnosedSilenceableFailure.cpp	blob	100644	44cc561485799ee6174b96b6b3eb9d133efa446d
mlir/lib/Dialect/Transform/Utils/Utils.cpp	blob	100644	4aaef3630943382d73f5a9c49a4754da43473be8
mlir/lib/Dialect/UB/CMakeLists.txt	blob	100644	f33061b2d87cffc48b072763eb55d349e9070aba
mlir/lib/Dialect/UB/IR/CMakeLists.txt	blob	100644	84125ea0b571810aa60446918462f1e1d136283e
mlir/lib/Dialect/UB/IR/UBOps.cpp	blob	100644	ee523f9522953db3712e9960eaf8266be612d7ed
mlir/lib/Dialect/Utils/CMakeLists.txt	blob	100644	7d98a77a91ca857d14ca4c6c39b9ae7d0ec677c1
mlir/lib/Dialect/Utils/IndexingUtils.cpp	blob	100644	95ec2bc6ed82f3e3a445518d034f1d2b9a01dc6e
mlir/lib/Dialect/Utils/ReshapeOpsUtils.cpp	blob	100644	f09a1362654b6f2dbc2237e6a8c9c367ddd595d0
mlir/lib/Dialect/Utils/StaticValueUtils.cpp	blob	100644	3f66d86e48991234ffba0035c6d49f3a6ad5fbb0
mlir/lib/Dialect/Utils/StructuredOpsUtils.cpp	blob	100644	4139b710337809df190ca0f527cede761a30ba9c
mlir/lib/Dialect/Utils/VerificationUtils.cpp	blob	100644	bb51581e18cde10967ac008fa66daedd4d64732d
mlir/lib/Dialect/Vector/CMakeLists.txt	blob	100644	34613b0a36e91cd86e3e6d6396fcc6595d690654
mlir/lib/Dialect/Vector/IR/CMakeLists.txt	blob	100644	b1af617bc480eeb826fb42400a3c904d616dcc25
mlir/lib/Dialect/Vector/IR/ScalableValueBoundsConstraintSet.cpp	blob	100644	ed41d19d627a3c9d7274601d91673a7ef6340be1
mlir/lib/Dialect/Vector/IR/ValueBoundsOpInterfaceImpl.cpp	blob	100644	ca95072d9bb0f274575c28c5f3bdd77887a3318c
mlir/lib/Dialect/Vector/IR/VectorOps.cpp	blob	100644	638f7017bc5819927c7eb6a50fd9f368127afc3b
mlir/lib/Dialect/Vector/Interfaces/CMakeLists.txt	blob	100644	b93cefd525fe54ac6a286c95dd33d5cb79f134a3
mlir/lib/Dialect/Vector/Interfaces/MaskableOpInterface.cpp	blob	100644	b329671a1ffb02b72d881e3a1d394caa7fa612d2
mlir/lib/Dialect/Vector/Interfaces/MaskingOpInterface.cpp	blob	100644	fdcbecf2b228668549bdf039ddd86ae376a852c0
mlir/lib/Dialect/Vector/TransformOps/CMakeLists.txt	blob	100644	ab3205e623fb3c7a541a0b7a0e6026e47a4fe075
mlir/lib/Dialect/Vector/TransformOps/VectorTransformOps.cpp	blob	100644	c4c930738d2c9244e32f09485a97437128d38d8d
mlir/lib/Dialect/Vector/Transforms/BufferizableOpInterfaceImpl.cpp	blob	100644	352f477a8746e25df793cdf92706a1d70065bf3b
mlir/lib/Dialect/Vector/Transforms/CMakeLists.txt	blob	100644	dfe873f1a1b8d7b13275b4c1adda1e448d59c077
mlir/lib/Dialect/Vector/Transforms/IndexedAccessOpInterfaceImpl.cpp	blob	100644	2e3a7872c7d8e34ef74302b0b3ad505586f8fe09
mlir/lib/Dialect/Vector/Transforms/LowerVectorBitCast.cpp	blob	100644	4c3a04cfb5bfa08f8915f3554bab9f7d489b4bf4
mlir/lib/Dialect/Vector/Transforms/LowerVectorBroadcast.cpp	blob	100644	ceeb258805c6a15a34fabea18bbbd6da283a07c6
mlir/lib/Dialect/Vector/Transforms/LowerVectorContract.cpp	blob	100644	2a152ef0634d714d8bbd099150d66133e95b3579
mlir/lib/Dialect/Vector/Transforms/LowerVectorGather.cpp	blob	100644	5a8e473d39360b82422146d4a581e25df67e32a5
mlir/lib/Dialect/Vector/Transforms/LowerVectorInterleave.cpp	blob	100644	8f81dbb6363255fd4948e9626fa8934ffde8657e
mlir/lib/Dialect/Vector/Transforms/LowerVectorMask.cpp	blob	100644	7730c4e7c950a9c708ac8b5574fe2c2331be497c
mlir/lib/Dialect/Vector/Transforms/LowerVectorMultiReduction.cpp	blob	100644	76599822fbfe40e920cc0979cc4b26af6000c634
mlir/lib/Dialect/Vector/Transforms/LowerVectorScan.cpp	blob	100644	f3e239bedb7f75e3240b1d3e9088220632aff87a
mlir/lib/Dialect/Vector/Transforms/LowerVectorShapeCast.cpp	blob	100644	0eba0b12259ac53f35acbe952aec550c89de55b3
mlir/lib/Dialect/Vector/Transforms/LowerVectorShuffle.cpp	blob	100644	ef49c863683adc937a8e802070e07a603aa0ebf2
mlir/lib/Dialect/Vector/Transforms/LowerVectorStep.cpp	blob	100644	5c2f9e8af47046d1e419a55375b2dc4a90d4b073
mlir/lib/Dialect/Vector/Transforms/LowerVectorToFromElementsToShuffleTree.cpp	blob	100644	7521e2491335b84c6429cad0dbfe7f02c7d7248b
mlir/lib/Dialect/Vector/Transforms/LowerVectorTransfer.cpp	blob	100644	adaa3a1995d145971c32f56f8e2474d695e68b15
mlir/lib/Dialect/Vector/Transforms/LowerVectorTranspose.cpp	blob	100644	c3f7de0ac3c4e8f326252b31935672967997f76b
mlir/lib/Dialect/Vector/Transforms/MemorySlotOpInterfaceImpl.cpp	blob	100644	1acebcb21543906822f44547092783e078492c4b
mlir/lib/Dialect/Vector/Transforms/SubsetOpInterfaceImpl.cpp	blob	100644	392bbb1c422013235f3248df52034edfaee3cbe2
mlir/lib/Dialect/Vector/Transforms/VectorDistribute.cpp	blob	100644	522c555da378a20acb80ebb5f5f809fc0e00d0ff
mlir/lib/Dialect/Vector/Transforms/VectorDropLeadUnitDim.cpp	blob	100644	2d87493f9e0703e9ff6d3ee570effe3a2ded3a28
mlir/lib/Dialect/Vector/Transforms/VectorEmulateMaskedLoadStore.cpp	blob	100644	3ca08f3099bd31bf54192d0729e46acb7d9a44da
mlir/lib/Dialect/Vector/Transforms/VectorEmulateNarrowType.cpp	blob	100644	e237ae0568ae43373ecbc6cd165587d5890b4a41
mlir/lib/Dialect/Vector/Transforms/VectorInsertExtractStridedSliceRewritePatterns.cpp	blob	100644	9e49873a4b4b0a22e4edc7cbc0f8ff37e725be6f
mlir/lib/Dialect/Vector/Transforms/VectorLinearize.cpp	blob	100644	9ea70baa01bbef6e9e54c66a6b6e9e22f67bd957
mlir/lib/Dialect/Vector/Transforms/VectorMaskElimination.cpp	blob	100644	6f75ce7a0451172d8212904757f7a7e2ebe58a5b
mlir/lib/Dialect/Vector/Transforms/VectorTransferOpTransforms.cpp	blob	100644	74b1ec98afccae14789e17584895e2604e80623a
mlir/lib/Dialect/Vector/Transforms/VectorTransferSplitRewritePatterns.cpp	blob	100644	d436266654de91a29846bf504ac6dcc08ef04d34
mlir/lib/Dialect/Vector/Transforms/VectorTransforms.cpp	blob	100644	80b2b017404e3c171a0d8690d40fbccca919165d
mlir/lib/Dialect/Vector/Transforms/VectorUnroll.cpp	blob	100644	d58aedcc9d023425512016d1f58bfeb4fc9ce59f
mlir/lib/Dialect/Vector/Utils/CMakeLists.txt	blob	100644	fa3971695d4bf25d5a672ab9dc84d02af47e37d9
mlir/lib/Dialect/Vector/Utils/VectorUtils.cpp	blob	100644	c38213850c6ea5f6ec2e68a9d1025cd4cea6e403
mlir/lib/Dialect/WasmSSA/CMakeLists.txt	blob	100644	f33061b2d87cffc48b072763eb55d349e9070aba
mlir/lib/Dialect/WasmSSA/IR/CMakeLists.txt	blob	100644	9fc2d7b87abd7f48dd4ff448bd60bc8a0c0c297d
mlir/lib/Dialect/WasmSSA/IR/WasmSSADialect.cpp	blob	100644	98c3555b5324eda4ce204f0f87f662c8b3bda89c
mlir/lib/Dialect/WasmSSA/IR/WasmSSAInterfaces.cpp	blob	100644	61cdf6f70e188d7192ee7c6da61343edc98f2b1f
mlir/lib/Dialect/WasmSSA/IR/WasmSSAOps.cpp	blob	100644	e0e4b085bc21e91aa7c734e5091c4d7b6762c10b
mlir/lib/Dialect/WasmSSA/IR/WasmSSATypes.cpp	blob	100644	bee8c8167248d8aa4690e3ce2bafb04f158c6400
mlir/lib/Dialect/X86/CMakeLists.txt	blob	100644	329a6c3e80254f4ea1f4344d5fb8cae7a743db17
mlir/lib/Dialect/X86/IR/CMakeLists.txt	blob	100644	442e419e6b289d72358f78b073e75c99f61fd86d
mlir/lib/Dialect/X86/IR/X86Dialect.cpp	blob	100644	2ef061a27ddad63d9d782f71698074c8ccd833f5
mlir/lib/Dialect/X86/TransformOps/CMakeLists.txt	blob	100644	5fe2fbc233eae7863796844c46297005d10362af
mlir/lib/Dialect/X86/TransformOps/X86TransformOps.cpp	blob	100644	a52f08a5cd0617836493073b2deaa68f0b3937c4
mlir/lib/Dialect/X86/Transforms/AVXTranspose.cpp	blob	100644	089de23f3a8ed162f37f41a58a7c9e4570cf6994
mlir/lib/Dialect/X86/Transforms/CMakeLists.txt	blob	100644	5118563c03f164fe207f624e916189e72db78f4f
mlir/lib/Dialect/X86/Transforms/LegalizeForLLVMExport.cpp	blob	100644	584b00da53473908a1edbfb59459ed631670c4e5
mlir/lib/Dialect/X86/Transforms/MoveAccumulatorForContractLoop.cpp	blob	100644	8541922f9cf20cb1a962719607c0f8bd76cc331c
mlir/lib/Dialect/X86/Transforms/ShuffleVectorFMAOps.cpp	blob	100644	92a0209b91c1f110725de6fe0177b0c0937d1a3f
mlir/lib/Dialect/X86/Transforms/SinkVectorProducerOps.cpp	blob	100644	081b7cda03b215453f5ab9f76619f2279bd0168f
mlir/lib/Dialect/X86/Transforms/VectorContractBF16ToFMA.cpp	blob	100644	289a5c1ae8ef2696cbc89d983d161d9a1b876664
mlir/lib/Dialect/X86/Transforms/VectorContractToAMXDotProduct.cpp	blob	100644	365a3fb8e523ba6f4c9208c3e33e3d386c38341b
mlir/lib/Dialect/X86/Transforms/VectorContractToFMA.cpp	blob	100644	8ae3d8f1a88f51e2d1709edb75b70451a26aba82
mlir/lib/Dialect/X86/Transforms/VectorContractToPackedTypeDotProduct.cpp	blob	100644	9ec9bb04570cf87ba48f2c453a362c518f212ad4
mlir/lib/Dialect/X86/Utils/CMakeLists.txt	blob	100644	0bc189cf9550651a9699f65dbe0bbaf9d81e239f
mlir/lib/Dialect/X86/Utils/X86Utils.cpp	blob	100644	554e8d20a7a62764e5d31cc0688b2f5fe5bf4a72
mlir/lib/Dialect/XeGPU/CMakeLists.txt	blob	100644	46b8251a5779721307e2b37ad1c9b792fceaca78
mlir/lib/Dialect/XeGPU/IR/CMakeLists.txt	blob	100644	4356adfb11b43efb8f7a66edcde273678f9be696
mlir/lib/Dialect/XeGPU/IR/XeGPUDialect.cpp	blob	100644	0951350e2fe82684e6e875f79335a9d9fe3d7a74
mlir/lib/Dialect/XeGPU/IR/XeGPUOps.cpp	blob	100644	34b667cfa1f7cfcf8a1b80d72e1a134b6b402efb
mlir/lib/Dialect/XeGPU/TransformOps/CMakeLists.txt	blob	100644	48fe841afaa831a91020b441753e7a4475c11ba8
mlir/lib/Dialect/XeGPU/TransformOps/XeGPUTransformOps.cpp	blob	100644	d10265772cacb935be5fefc1e9c117d839f1b746
mlir/lib/Dialect/XeGPU/Transforms/CMakeLists.txt	blob	100644	2ed81ae05ab34f22903b98cebf11fa86920fd97a
mlir/lib/Dialect/XeGPU/Transforms/XeGPUArrayLengthOptimization.cpp	blob	100644	55dc4e4168da3c708a4edd4392343cb8999ca172
mlir/lib/Dialect/XeGPU/Transforms/XeGPUBlocking.cpp	blob	100644	d9648a6e04d1f5ba68b2ffcc7e85b9b49d879d3f
mlir/lib/Dialect/XeGPU/Transforms/XeGPUContiguityAnalysis.cpp	blob	100644	3cc815256168177b2705b57d76fef9b07b361ce5
mlir/lib/Dialect/XeGPU/Transforms/XeGPULayoutImpl.cpp	blob	100644	8c0ad636458db2738c0d2f357fd0686e89884735
mlir/lib/Dialect/XeGPU/Transforms/XeGPUPeepHoleOptimizer.cpp	blob	100644	c64defc471de8a87603b895c532d05bc07fd4c59
mlir/lib/Dialect/XeGPU/Transforms/XeGPUPropagateLayout.cpp	blob	100644	ca1c6501a4856aaf2ba70e83d7e301896393a424
mlir/lib/Dialect/XeGPU/Transforms/XeGPUSgToLaneDistribute.cpp	blob	100644	812233047fb88d8b0832190c652c984885d85779
mlir/lib/Dialect/XeGPU/Transforms/XeGPUUnroll.cpp	blob	100644	1854c639c47974e926b84432732374290013aff0
mlir/lib/Dialect/XeGPU/Transforms/XeGPUVectorLinearize.cpp	blob	100644	29172bb4aee5c3c754b529c7ad62edc97051cc3f
mlir/lib/Dialect/XeGPU/Transforms/XeGPUWgToSgDistribute.cpp	blob	100644	8169d2a282f382ed36b2a065da20cd794ba67d9e
mlir/lib/Dialect/XeGPU/Utils/CMakeLists.txt	blob	100644	6cd94aa5e65d070869178b0b68b249a8ec38a325
mlir/lib/Dialect/XeGPU/Utils/XeGPUUtils.cpp	blob	100644	bd2fe1e7f1a6b1dd169b5610d558a55a4c765be9
mlir/lib/ExecutionEngine/APFloatWrappers.cpp	blob	100644	f23bcdda9ad1b52a0582feb0228195a66c993579
mlir/lib/ExecutionEngine/ArmRunnerUtils.cpp	blob	100644	9b1c39ecda1da1e5dc675a03c30d1ca428cef115
mlir/lib/ExecutionEngine/ArmSMEStubs.cpp	blob	100644	8abd2073494c325916bc8c04a806356d316f136c
mlir/lib/ExecutionEngine/AsyncRuntime.cpp	blob	100644	9e6f8a7216995617c6ad6e91f809606ab0fffbc3
mlir/lib/ExecutionEngine/CMakeLists.txt	blob	100644	3199c88313087dfdd33a03218955dd63fe989e66
mlir/lib/ExecutionEngine/CRunnerUtils.cpp	blob	100644	72f6f061b1444b2ca75e069690821dbb5c3eb1d8
mlir/lib/ExecutionEngine/CudaRuntimeWrappers.cpp	blob	100644	3d0c23a7c6e97353602a2cd88abc24ea0d5fad1b
mlir/lib/ExecutionEngine/ExecutionEngine.cpp	blob	100644	49a88e0000511bce74079602f100cddf66ff18f6
mlir/lib/ExecutionEngine/Float16bits.cpp	blob	100644	e5b4f18dd644b815872dad2d7828e06c3d1d0c64
mlir/lib/ExecutionEngine/JitRunner.cpp	blob	100644	db0516533afcb3643d05851c0baf9ae6a046c1d7
mlir/lib/ExecutionEngine/LevelZeroRuntimeWrappers.cpp	blob	100644	0ae7f0b0f3ef33ea204eda4ec34782603a30deea
mlir/lib/ExecutionEngine/OptUtils.cpp	blob	100644	c6962bb921b9dbb5cdd9d65bf04ac9e0f4fe8bb8
mlir/lib/ExecutionEngine/RocmRuntimeWrappers.cpp	blob	100644	c90e1c6dfc219f3d3147844598a3eb008d512dfc
mlir/lib/ExecutionEngine/RunnerUtils.cpp	blob	100644	eaa83bfc693f1146b130fee8a711826acd1f4be1
mlir/lib/ExecutionEngine/SparseTensor/CMakeLists.txt	blob	100644	98696c12ec92955d25bd8dcdf550d45192dacadf
mlir/lib/ExecutionEngine/SparseTensor/File.cpp	blob	100644	224dea1f4efe997704c428bb43d94f16ae502241
mlir/lib/ExecutionEngine/SparseTensor/MapRef.cpp	blob	100644	ace6ac8152a29cbe6ac32efa939569a7a7c9b2f1
mlir/lib/ExecutionEngine/SparseTensor/Storage.cpp	blob	100644	fd61e9b83ec02483f653b477be423842c3a39b82
mlir/lib/ExecutionEngine/SparseTensorRuntime.cpp	blob	100644	f160b0f40fb0a357e35af95afc6b3e87f3c30a01
mlir/lib/ExecutionEngine/SpirvCpuRuntimeWrappers.cpp	blob	100644	e6594df3b1ee75eea13230b4b213e803d09bd555
mlir/lib/ExecutionEngine/SyclRuntimeWrappers.cpp	blob	100644	d93aadb098b2e39d0ae04e53659ae1a274f22af0
mlir/lib/ExecutionEngine/VulkanRuntime.cpp	blob	100644	9452a561ad2f119836f384920326e947836c1a38
mlir/lib/ExecutionEngine/VulkanRuntime.h	blob	100644	17db8d0620f792a8ea94aaa91495bb764f2e484c
mlir/lib/ExecutionEngine/VulkanRuntimeWrappers.cpp	blob	100644	ff0dd54b6aa35565741902802fea3cd6d5116d94
mlir/lib/IR/AffineExpr.cpp	blob	100644	05d643d36896cf21d94111d6bace232b1f41ce66
mlir/lib/IR/AffineExprDetail.h	blob	100644	dfc10542b058958a2ea6b32aac3e1bf712711244
mlir/lib/IR/AffineMap.cpp	blob	100644	446bc9a6f6f87186ea6d2bd953721e130eb847d1
mlir/lib/IR/AffineMapDetail.h	blob	100644	b306462357a97ae210fcc7983186a42d80c6ee51
mlir/lib/IR/AsmPrinter.cpp	blob	100644	f7e269867c9be211ff20ade2e9111636576f5525
mlir/lib/IR/AttrTypeSubElements.cpp	blob	100644	f61264ae39827872e5162ad3ed49543fafd580c7
mlir/lib/IR/AttributeDetail.h	blob	100644	7da5f38d2e94047005d1a2e4e31f72c6eba29b0a
mlir/lib/IR/Attributes.cpp	blob	100644	ff1cd8432fb07dc8e2b2d78f009bd5caf1a28ad3
mlir/lib/IR/Block.cpp	blob	100644	1a06c576fd01c477e30a0623723499a2cd979471
mlir/lib/IR/Builders.cpp	blob	100644	47e09faf0e04f93387e3d81be46a9ac458b5e74c
mlir/lib/IR/BuiltinAttributeInterfaces.cpp	blob	100644	ebf44075479dce85c5a19a792c25c28d01af573f
mlir/lib/IR/BuiltinAttributes.cpp	blob	100644	876f5f878fdeaa5fac5ac4cd1198c32906973388
mlir/lib/IR/BuiltinDialect.cpp	blob	100644	c692a4dda518cd7fd89a0628d7bcaf3acf555d76
mlir/lib/IR/BuiltinDialectBytecode.cpp	blob	100644	e5476082cd6a04b00b48acc3ae69c118518e34a8
mlir/lib/IR/BuiltinDialectBytecode.h	blob	100644	775e8e09871845b186f5039d46e54755a324305a
mlir/lib/IR/BuiltinTypeInterfaces.cpp	blob	100644	29303d95eb003ce3a31d884b116b19ca89f333f3
mlir/lib/IR/BuiltinTypes.cpp	blob	100644	36353edf15bc75a6c92f3f50b11c1e0207a26dbe
mlir/lib/IR/CMakeLists.txt	blob	100644	01c80dafcd21a782cbc5ef5c5c8ba2ccb8607373
mlir/lib/IR/Diagnostics.cpp	blob	100644	5caf826c84bdd076e08578cdf9ad161c651e36e3
mlir/lib/IR/Dialect.cpp	blob	100644	14b8c9c1bb6e3106a7cba6b4995674a4d72fa4d1
mlir/lib/IR/DialectResourceBlobManager.cpp	blob	100644	83cc1879241d1c1ffffa785ad997bac7dab8a952
mlir/lib/IR/Dominance.cpp	blob	100644	79fb41f2e6b30a295df3779f62f9a9c17ab46027
mlir/lib/IR/ExtensibleDialect.cpp	blob	100644	b51d3301606468e6e1e93bf726c065906f033aa2
mlir/lib/IR/IntegerSet.cpp	blob	100644	706580aa838b0ce241405ec64d4ddfae2f6c2b7c
mlir/lib/IR/IntegerSetDetail.h	blob	100644	262617dad167e398e0dd3372fc882213210a347c
mlir/lib/IR/Location.cpp	blob	100644	662681e19d26abed6a4bc3ec83c48448f57c9a5d
mlir/lib/IR/MLIRContext.cpp	blob	100644	94cf420070131c99e54b7f75748fa5b373ae7c5e
mlir/lib/IR/ODSSupport.cpp	blob	100644	2ce1bcef2849ec9e2c9acbfafb3b99e5f30de047
mlir/lib/IR/Operation.cpp	blob	100644	d262e844603a1a160c1a0f49ed28b5a8aeec5f7d
mlir/lib/IR/OperationSupport.cpp	blob	100644	4ecb73398aa77d5d19d06f3fea42d350dd398413
mlir/lib/IR/PDL/PDLPatternMatch.cpp	blob	100644	ceaced2610b6e01751f1eef546222ba8c1252b83
mlir/lib/IR/PatternLoggingListener.cpp	blob	100644	0db13ab5b775dbc9b4d92b95d3a4562f0ab5682e
mlir/lib/IR/PatternMatch.cpp	blob	100644	0b080d2920230b3187f9b1cc992e507c610bd160
mlir/lib/IR/QuantStorageTypeInterface.cpp	blob	100644	e9c27187f3f337e9838ab898e789298ab08de775
mlir/lib/IR/Region.cpp	blob	100644	775485a3755e0f8fb25b7ce69b82ee8025b0db52
mlir/lib/IR/RegionKindInterface.cpp	blob	100644	007f4cf92dbc7aee2c869c7ead773e4112a7ffc8
mlir/lib/IR/Remarks.cpp	blob	100644	85c19dbd89250d89a10d3277e203c5ce76dd396f
mlir/lib/IR/SymbolTable.cpp	blob	100644	b0288185ae0ab6106b558782e227927b8ce5f4a8
mlir/lib/IR/TensorEncoding.cpp	blob	100644	2ab6788306049d2e52e79a6fef2b66f0b3777ae0
mlir/lib/IR/TypeDetail.h	blob	100644	36620ae15b7f48235de77eada3dadfbc819bb52e
mlir/lib/IR/TypeRange.cpp	blob	100644	e29c3156fdb2af760fc41138feebe2f1798ab1b3
mlir/lib/IR/TypeUtilities.cpp	blob	100644	199744d208143d37d2dd90c7344c354489394535
mlir/lib/IR/Types.cpp	blob	100644	ec10a5ce9e2e777dcee83c5f4a8aad57a4818585
mlir/lib/IR/Unit.cpp	blob	100644	158fa13bf9e5f143e5a5f040f9b5213f3f69ad39
mlir/lib/IR/Value.cpp	blob	100644	cf793680f7efdae16ac7ffeaa2ff710f0d894a96
mlir/lib/IR/ValueRange.cpp	blob	100644	a76c0c1f83cf13860b922b7e47755af6729b7d39
mlir/lib/IR/Verifier.cpp	blob	100644	11771e78d5f20e751a636b56c2ed97f3a5960240
mlir/lib/IR/Visitors.cpp	blob	100644	73235f0aa52445316277cc0dafe94ba1bda51422
mlir/lib/Interfaces/AlignmentAttrInterface.cpp	blob	100644	fe985adb5e79a4462085ddd9fc665f6c02e8b3a0
mlir/lib/Interfaces/CMakeLists.txt	blob	100644	cda3e29cee8e6eb48993d757f09f94f6eac35f3c
mlir/lib/Interfaces/CallInterfaces.cpp	blob	100644	e4660f9ee758e8c81d06ca67c405df91d6c5f9fd
mlir/lib/Interfaces/CastInterfaces.cpp	blob	100644	05c872daf5dab28fbcfc3921ba5c74948d7ac15d
mlir/lib/Interfaces/ControlFlowInterfaces.cpp	blob	100644	475969a7c0d0991975eb172dc1c8450120a33a87
mlir/lib/Interfaces/DataLayoutInterfaces.cpp	blob	100644	4aec320ddeff50acd2a01efd6b5fc71a27f93790
mlir/lib/Interfaces/DerivedAttributeOpInterface.cpp	blob	100644	df5a5526d07e0b378b5e8c0c03d22af3189c1afd
mlir/lib/Interfaces/DestinationStyleOpInterface.cpp	blob	100644	496238fcaa3ff164aed4df9b4ac589a3340565ed
mlir/lib/Interfaces/FunctionImplementation.cpp	blob	100644	3913081b58383c7c78131bcae13537ef9e25e1ce
mlir/lib/Interfaces/FunctionInterfaces.cpp	blob	100644	e0f1135e992acd63fcd6eac467f78b5d4b552e5f
mlir/lib/Interfaces/IndexingMapOpInterface.cpp	blob	100644	41e9b438fa98f5056209e04dcd8496a841443618
mlir/lib/Interfaces/InferIntDivisibilityOpInterface.cpp	blob	100644	acd7cd9530b5ce57f33a6ee28f17e60c67a44ad3
mlir/lib/Interfaces/InferIntRangeInterface.cpp	blob	100644	9d8e5f50a725b53ad1270f497dd4476af2bf8859
mlir/lib/Interfaces/InferStridedMetadataInterface.cpp	blob	100644	483e9f192cdcd455d137f573b56c865854b4b106
mlir/lib/Interfaces/InferTypeOpInterface.cpp	blob	100644	c31e0ae7470e2e4003eb164a0ec9744d637a674c
mlir/lib/Interfaces/LoopLikeInterface.cpp	blob	100644	201efdba8e037c8b6ede0a0167b1871559d2f1c0
mlir/lib/Interfaces/MemOpInterfaces.cpp	blob	100644	fe5c717f67bc41a7b43a0eabfe275fcaae06d080
mlir/lib/Interfaces/MemorySlotInterfaces.cpp	blob	100644	57c00aa031d372ab4f6fd6abb2b235dfb1d63ba2
mlir/lib/Interfaces/ParallelCombiningOpInterface.cpp	blob	100644	30b8191bf34b00ae50e2e5d30503f22dbcb61538
mlir/lib/Interfaces/RuntimeVerifiableOpInterface.cpp	blob	100644	f9a54f950d7ffbde6d028d64b3b2ad43608d2302
mlir/lib/Interfaces/ShapedOpInterfaces.cpp	blob	100644	5eda355f56d439e7b249a6b46187b0091be32199
mlir/lib/Interfaces/SideEffectInterfaces.cpp	blob	100644	b5a6888e5e1a4eef4a19fd1a3074d3915345ff83
mlir/lib/Interfaces/SubsetOpInterface.cpp	blob	100644	d0bdadf500f6f6ccd48441723bfc2fc4b26e9b7d
mlir/lib/Interfaces/TilingInterface.cpp	blob	100644	87e0af3b5cbc027cc4ca0e05bd498460adad75ca
mlir/lib/Interfaces/Utils/CMakeLists.txt	blob	100644	c722fbf4ece09877c4b3128fc54f4da9cbd8dc7e
mlir/lib/Interfaces/Utils/InferIntRangeCommon.cpp	blob	100644	fa225e5f2d4b243f2c07455e7227eb2ff709d0c4
mlir/lib/Interfaces/Utils/MemorySlotUtils.cpp	blob	100644	9beadc1a13c4a4028ad69a76e94ccfbcc9d637b8
mlir/lib/Interfaces/ValueBoundsOpInterface.cpp	blob	100644	d6d3b4d43cb5510aa8edc60e429bc572c08b45ea
mlir/lib/Interfaces/VectorInterfaces.cpp	blob	100644	c16fad25b642d7e81c14c89591b51260a50156c3
mlir/lib/Interfaces/ViewLikeInterface.cpp	blob	100644	0cddf658cce527d456cccb4edc3c558abb2b27a0
mlir/lib/Parser/CMakeLists.txt	blob	100644	9dcbb63dfdf72286064770fbddec9117d977db24
mlir/lib/Parser/Parser.cpp	blob	100644	310680bcfb34f4fbcd2975b976dc6c844bc4ecf1
mlir/lib/Pass/CMakeLists.txt	blob	100644	5ca9b4163bb8a8f7f2b6a769279f141fc4cb8da2
mlir/lib/Pass/IRPrinting.cpp	blob	100644	61a6adb0f1a24d4f35aa8b0bea5d467c9b2ffb72
mlir/lib/Pass/Pass.cpp	blob	100644	e3b39034fcb3874a087ccf701107c3a7a783937f
mlir/lib/Pass/PassCrashRecovery.cpp	blob	100644	70d1dc5b71d66a3b28ee5d942520f6a6d529ebf5
mlir/lib/Pass/PassDetail.h	blob	100644	5cc726295c9f114433544cb91271ca787bd39697
mlir/lib/Pass/PassManagerOptions.cpp	blob	100644	305bf72bb4799012cce503a5cccfac29fc746f91
mlir/lib/Pass/PassRegistry.cpp	blob	100644	3ed4dc7e93228052cf000de38f63e544476c24d4
mlir/lib/Pass/PassStatistics.cpp	blob	100644	1905986c0c4eec2f14c15ed7cb1400369055588e
mlir/lib/Pass/PassTiming.cpp	blob	100644	dab56f09a72ebe7d28ec3cfe9ce4528fa9f63e69
mlir/lib/Query/CMakeLists.txt	blob	100644	7ecbf6e628b3185b09951a52d8cde34c33c03f9c
mlir/lib/Query/Matcher/CMakeLists.txt	blob	100644	ba202762fdfbba3d879e409ecaa84bdd9de24538
mlir/lib/Query/Matcher/Diagnostics.cpp	blob	100644	2a137e8fdfab0d08852f6de4a77965739153a0cf
mlir/lib/Query/Matcher/Diagnostics.h	blob	100644	a58a435b16a9030b01725ee242388c1ef4584a2b
mlir/lib/Query/Matcher/ErrorBuilder.cpp	blob	100644	b55ae05dbee16ec023e11681e4712adbd6e36bed
mlir/lib/Query/Matcher/MatchFinder.cpp	blob	100644	48a24b98f9a4edf07613d6d4f92e795a32ab4fd8
mlir/lib/Query/Matcher/MatchersInternal.cpp	blob	100644	21524f05a446af241fe01ff32f215da5d0319a6d
mlir/lib/Query/Matcher/Parser.cpp	blob	100644	7bfe03d02a7fa4d350a224615903a0dd142eb50b
mlir/lib/Query/Matcher/Parser.h	blob	100644	2199a2335ba9ccbe31a76f9848bb7b20058efdc6
mlir/lib/Query/Matcher/RegistryManager.cpp	blob	100644	08b610453b11a7cbdb91e7b9c1cb307a33354e55
mlir/lib/Query/Matcher/RegistryManager.h	blob	100644	e2026e97f83dcb163f2f030cd69592536b8c4892
mlir/lib/Query/Matcher/VariantValue.cpp	blob	100644	ec18c4895cd6c08d059e7b86b7badcada36b00c7
mlir/lib/Query/Query.cpp	blob	100644	cf8a4d293299c76e75d5e9dd78c982b6beef94f9
mlir/lib/Query/QueryParser.cpp	blob	100644	31aead7d403d0dfebfef961a25746352282bd472
mlir/lib/Query/QueryParser.h	blob	100644	e9c30eccecab9e41a0ae6af015a9da93543395e5
mlir/lib/Reducer/CMakeLists.txt	blob	100644	68864e373c993bfad202110494d0a0b655943d76
mlir/lib/Reducer/OptReductionPass.cpp	blob	100644	69e1a105ef9a5703756d7caf716bb2fabb2d6281
mlir/lib/Reducer/ReductionNode.cpp	blob	100644	11aeaf77b46422d8b596316b9cd4185f6eaf3bb5
mlir/lib/Reducer/ReductionTreePass.cpp	blob	100644	2244475e268fe545fdde760939b5c4464caacc6a
mlir/lib/Reducer/Tester.cpp	blob	100644	0890c7d127752071286241bc576206a86b40a703
mlir/lib/RegisterAllDialects.cpp	blob	100644	11864144e843c0c8414b38af234921efe674dfcf
mlir/lib/RegisterAllExtensions.cpp	blob	100644	e32e11421509258869b0a27cea1a3cccb0119b86
mlir/lib/RegisterAllPasses.cpp	blob	100644	76aac7ae1f1823983fb48064616805dfe68ce7b6
mlir/lib/Remark/CMakeLists.txt	blob	100644	a75c17288d5b6c9622db678be35815dc893ad882
mlir/lib/Remark/LLVMRemarkImport.cpp	blob	100644	5b89e5fda6aa19828f03b39cdb2d638d4d2997f9
mlir/lib/Remark/RemarkStreamer.cpp	blob	100644	bf362862d24f6b60823d6f144be34abe66eef0b0
mlir/lib/Rewrite/ByteCode.cpp	blob	100644	d6239c7ba82d878bfbc396ee203d568138d60f18
mlir/lib/Rewrite/ByteCode.h	blob	100644	566c1cb66bdbd168ceb0a54932606c24301cc157
mlir/lib/Rewrite/CMakeLists.txt	blob	100644	15b3739e4c633772ceaced5e11abe3362981a377
mlir/lib/Rewrite/FrozenRewritePatternSet.cpp	blob	100644	65ee7b91ddba389c01ddd6a8d3cf708ed3cea8f0
mlir/lib/Rewrite/PatternApplicator.cpp	blob	100644	e1b56fd6efda0066fc93b832ad5252431e756a99
mlir/lib/Support/CMakeLists.txt	blob	100644	02b6c694a28fd0aef1622e7168a219355d4a5571
mlir/lib/Support/FileUtilities.cpp	blob	100644	a5c44d3a9c8eb0cdb6ccf93fb749640cc8f26605
mlir/lib/Support/InterfaceSupport.cpp	blob	100644	4f321457dd2c88a6e0e726b8202e4afb702d976b
mlir/lib/Support/RawOstreamExtras.cpp	blob	100644	80d1595d7f55ce374de3686c6e73659e625ee52a
mlir/lib/Support/StateStack.cpp	blob	100644	a9bb3ffb2e1b0574345164ae2088aef6f4692632
mlir/lib/Support/StorageUniquer.cpp	blob	100644	1de660c22328f79fd3684c4e2e77b010aefa14a5
mlir/lib/Support/Timing.cpp	blob	100644	b0ac3798bc984fb56f1523ed1a01c648c727b425
mlir/lib/Support/ToolUtilities.cpp	blob	100644	2cf33eb30d06a5b63f6b359261d76c148e0c0aed
mlir/lib/Support/TypeID.cpp	blob	100644	2c6193e78743efc71c8e044ca40c86b82b3569dd
mlir/lib/TableGen/Argument.cpp	blob	100644	8dec21d9a354ccdd0add05534fc9eec78f0ca886
mlir/lib/TableGen/AttrOrTypeDef.cpp	blob	100644	bf835a860cd5b0b2a250aae7468d9b958ac0484b
mlir/lib/TableGen/Attribute.cpp	blob	100644	ec7f4faafeb4e1c26809bcf872c48840e528b25a
mlir/lib/TableGen/Builder.cpp	blob	100644	a94e1cca5fc59e16133f195caf2c299c94f9ec29
mlir/lib/TableGen/CMakeLists.txt	blob	100644	a90c55847718ed63e8859d8db18519c33bd383c6
mlir/lib/TableGen/Class.cpp	blob	100644	81f1aee73a7f0d8891b692b2df999bf86cd59c29
mlir/lib/TableGen/CodeGenHelpers.cpp	blob	100644	19439eddcb3339a6b88ed05baaa03954adecd80e
mlir/lib/TableGen/Constraint.cpp	blob	100644	ca356a90bf5347f8ab2bd1645d33ab91bf33cd5a
mlir/lib/TableGen/Dialect.cpp	blob	100644	84530bfa4f6fd216d6b18ab4edbf6291abd0cbcd
mlir/lib/TableGen/EnumInfo.cpp	blob	100644	6128c53557cc437ba819922473c0de2470078a40
mlir/lib/TableGen/Format.cpp	blob	100644	2153de2af4797e4dedb28fe83508b1661b683fa7
mlir/lib/TableGen/GenInfo.cpp	blob	100644	62a3d5283ef52e9a8c7933297a6a49b022900aef
mlir/lib/TableGen/Interfaces.cpp	blob	100644	6cdacf16fbb6a7e1587f11fd9dd3bce14ab66863
mlir/lib/TableGen/Operator.cpp	blob	100644	767f00db2fe81b86fb4caf89942c494157e09af7
mlir/lib/TableGen/Pass.cpp	blob	100644	271332d1125e53d47a224d439f9f97a4efce5e2b
mlir/lib/TableGen/Pattern.cpp	blob	100644	ce09f5c3f5183c02956d628cf6aeba15b3265edd
mlir/lib/TableGen/Predicate.cpp	blob	100644	a48c7468251efb17467b1993fd0cd4422bd49c7e
mlir/lib/TableGen/Property.cpp	blob	100644	88a64891b8b86810bb5910c86978f8bab52d194a
mlir/lib/TableGen/Region.cpp	blob	100644	d8380fa79158bb42682cd71e2ed5c42952910ebb
mlir/lib/TableGen/SideEffects.cpp	blob	100644	72595ee7f47946fbf6361d675de9164d9b58d96a
mlir/lib/TableGen/Successor.cpp	blob	100644	cd0677d832e81fa029caef9e3d77f4dbc0c1a878
mlir/lib/TableGen/Trait.cpp	blob	100644	8fb8c3472f43dde3b5644115de03e1bcb6ca7613
mlir/lib/TableGen/Type.cpp	blob	100644	39d6e64c91d095fdfb6bb7329fb1fef681aea2fc
mlir/lib/Target/CMakeLists.txt	blob	100644	f0c3ac4d511c17c14b54b017083112180e24af7d
mlir/lib/Target/Cpp/CMakeLists.txt	blob	100644	578cb2f22767aa4e0e591f7e6bba49b0b92904cb
mlir/lib/Target/Cpp/TranslateRegistration.cpp	blob	100644	8822a6f17dfe043b24b0abe2ddc277733b9337ae
mlir/lib/Target/Cpp/TranslateToCpp.cpp	blob	100644	23b51417c91368993bcd586b9d2a92704e275dc0
mlir/lib/Target/IRDLToCpp/CMakeLists.txt	blob	100644	731f3fea374519e32de416b78f0af67094eb7ec5
mlir/lib/Target/IRDLToCpp/IRDLToCpp.cpp	blob	100644	2bbd9de0ec51bb48968e353e87c637a1acf40c6a
mlir/lib/Target/IRDLToCpp/Templates/DialectDecl.txt	blob	100644	e0f85feadd196c367c1e47bbf2291d88593f0dae
mlir/lib/Target/IRDLToCpp/Templates/DialectDef.txt	blob	100644	cd52de11dd6b0aeeba31b80b78dde609113f3457
mlir/lib/Target/IRDLToCpp/Templates/Header.txt	blob	100644	c081d6431778a0c108b3301e2204166095dd109a
mlir/lib/Target/IRDLToCpp/Templates/PerOperationDecl.txt	blob	100644	18edc17f8a28a74fcc59e911c14d7a93cd2ba670
mlir/lib/Target/IRDLToCpp/Templates/PerOperationDef.txt	blob	100644	c3fd8ac9db52c1c26a455c17448733af926ca466
mlir/lib/Target/IRDLToCpp/Templates/TypeDecl.txt	blob	100644	201a550a29ef07f9f6b77d06f25112c6ccf55f91
mlir/lib/Target/IRDLToCpp/Templates/TypeDef.txt	blob	100644	aaca4430507fb2f6449ee86ff8a92e68036f1130
mlir/lib/Target/IRDLToCpp/Templates/TypeHeaderDecl.txt	blob	100644	878bbdb7d3bd2af28792baa5f994ea3b160d7dfb
mlir/lib/Target/IRDLToCpp/Templates/TypeHeaderDef.txt	blob	100644	be5ba2f390fce53970295b0f3fd631de265034ae
mlir/lib/Target/IRDLToCpp/TemplatingUtils.h	blob	100644	be16a1f612c5bf0b15eac91634011743a974235e
mlir/lib/Target/IRDLToCpp/TranslationRegistration.cpp	blob	100644	55563e3480862effc80017bc9d74b9957088a9eb
mlir/lib/Target/LLVM/CMakeLists.txt	blob	100644	d59138cd9db2396f6e716d0be137f8e02b13335d
mlir/lib/Target/LLVM/ModuleToObject.cpp	blob	100644	0f43e9c384048d583660ff250eb62a9c5487db74
mlir/lib/Target/LLVM/NVVM/Target.cpp	blob	100644	076a2d4350fc3c96c1b39c8fc2f545b3cb56f011
mlir/lib/Target/LLVM/ROCDL/Target.cpp	blob	100644	56bf2a030760e7e040abcf3c0529524390331a54
mlir/lib/Target/LLVM/ROCDL/Utils.cpp	blob	100644	abcc3ddcda46382f773a497f6359094156e8cf5f
mlir/lib/Target/LLVM/XeVM/Target.cpp	blob	100644	731ac4bd677f90b6be736c25dc3150139836a016
mlir/lib/Target/LLVMIR/AttrKindDetail.h	blob	100644	4c06b134bc2b40f249d164e17595f2b56c53fdcc
mlir/lib/Target/LLVMIR/CMakeLists.txt	blob	100644	ed775bc47d7bf711f3517e0abc649bc5aacb22fe
mlir/lib/Target/LLVMIR/ConvertFromLLVMIR.cpp	blob	100644	5be33c4c78138a842babe378aca7e7db205af294
mlir/lib/Target/LLVMIR/ConvertToLLVMIR.cpp	blob	100644	e1fdd907f5961fd3c4ac4be10e9cd37260b2f1bc
mlir/lib/Target/LLVMIR/DataLayoutImporter.cpp	blob	100644	8bd07cd4e2ed937afd02dfd4df5ac18526701446
mlir/lib/Target/LLVMIR/DebugImporter.cpp	blob	100644	92a8c9aad249f1f8d3530241399debdc0129804a
mlir/lib/Target/LLVMIR/DebugImporter.h	blob	100644	b224ad3376be71d28283a72f1037b42ad6cc4897
mlir/lib/Target/LLVMIR/DebugTranslation.cpp	blob	100644	3ac2ccd506df3bf7f45979eb50b19d1c80e938ec
mlir/lib/Target/LLVMIR/DebugTranslation.h	blob	100644	c1fdbd89087daeb5e96b60347a326e6dc00cf686
mlir/lib/Target/LLVMIR/Dialect/ArmNeon/ArmNeonToLLVMIRTranslation.cpp	blob	100644	7098592d506e06d0584ef471377380baf752a5fa
mlir/lib/Target/LLVMIR/Dialect/ArmNeon/CMakeLists.txt	blob	100644	516fa179aa56eb7ba819c94dd5f6d876f8ee34cd
mlir/lib/Target/LLVMIR/Dialect/ArmSME/ArmSMEToLLVMIRTranslation.cpp	blob	100644	e6ee41188d594a0a71ddadb24901f03cec736506
mlir/lib/Target/LLVMIR/Dialect/ArmSME/CMakeLists.txt	blob	100644	d34cebf4872712b39a2bad5da5d458184095724d
mlir/lib/Target/LLVMIR/Dialect/ArmSVE/ArmSVEToLLVMIRTranslation.cpp	blob	100644	cd10811b68f028881310b24bb31c71f8ec03f70f
mlir/lib/Target/LLVMIR/Dialect/ArmSVE/CMakeLists.txt	blob	100644	66180f9e001d547ec8a3a7a6e08563a0dd8b98fb
mlir/lib/Target/LLVMIR/Dialect/Builtin/BuiltinToLLVMIRTranslation.cpp	blob	100644	51c304cfbb8e5f21f3735597abe188b9b01f13ab
mlir/lib/Target/LLVMIR/Dialect/Builtin/CMakeLists.txt	blob	100644	e4639694852d6372b901e9505f790f0439739275
mlir/lib/Target/LLVMIR/Dialect/CMakeLists.txt	blob	100644	d590b236cfc9156f615828231679c4257d914b94
mlir/lib/Target/LLVMIR/Dialect/GPU/CMakeLists.txt	blob	100644	11816ff5c2c1f1c78d7f19f79a52720fe57b8de1
mlir/lib/Target/LLVMIR/Dialect/GPU/GPUToLLVMIRTranslation.cpp	blob	100644	eecc8f1001ca4fc8c44f219cc38fb73a56faea84
mlir/lib/Target/LLVMIR/Dialect/GPU/SelectObjectAttr.cpp	blob	100644	016159391c33fc09d9ab4c2f1b99c540dc42615c
mlir/lib/Target/LLVMIR/Dialect/LLVMIR/CMakeLists.txt	blob	100644	616b9fc0fbbaf50b9051d9ab7bbbdb2a34fa6b7f
mlir/lib/Target/LLVMIR/Dialect/LLVMIR/LLVMIRToLLVMTranslation.cpp	blob	100644	6733d6ee3ceb0c1c09da20cf8c588a34146ad740
mlir/lib/Target/LLVMIR/Dialect/LLVMIR/LLVMToLLVMIRTranslation.cpp	blob	100644	0c715da6ba954383f42390437c522327c267be55
mlir/lib/Target/LLVMIR/Dialect/NVVM/CMakeLists.txt	blob	100644	a90de15798161250139552aa52bf87f4b1079871
mlir/lib/Target/LLVMIR/Dialect/NVVM/LLVMIRToNVVMTranslation.cpp	blob	100644	f15965e01761a61682055a9fe85deb2e5ac6e4c0
mlir/lib/Target/LLVMIR/Dialect/NVVM/NVVMToLLVMIRTranslation.cpp	blob	100644	612425754e620174e1c3acb085e533f9fcc75a86
mlir/lib/Target/LLVMIR/Dialect/OpenMP/CMakeLists.txt	blob	100644	eb748d8b43630b28c131f16a26b0ad4f7b6eb690
mlir/lib/Target/LLVMIR/Dialect/OpenMP/OpenMPToLLVMIRTranslation.cpp	blob	100644	e5e3e0cc6d944f786bdec3901251439e3ec5e9a8
mlir/lib/Target/LLVMIR/Dialect/OpenMPCommon.cpp	blob	100644	586b74751c3b7c68fa0e7c0acdc7fb738be61d93
mlir/lib/Target/LLVMIR/Dialect/Ptr/CMakeLists.txt	blob	100644	f94410d1f8a783f42e40f0cb44f05458f86dbf3a
mlir/lib/Target/LLVMIR/Dialect/Ptr/PtrToLLVMIRTranslation.cpp	blob	100644	ca3301aa509a5f01de5921f8cc3ff9b218f35a12
mlir/lib/Target/LLVMIR/Dialect/ROCDL/CMakeLists.txt	blob	100644	9e69bcd4e94651db6e1288992524063399d88e48
mlir/lib/Target/LLVMIR/Dialect/ROCDL/ROCDLToLLVMIRTranslation.cpp	blob	100644	895d81dffa27bd584e0db8e60a772460bb424ebc
mlir/lib/Target/LLVMIR/Dialect/SPIRV/CMakeLists.txt	blob	100644	850b95b8ddc77a07eccdc9dde77cfdcaadf5679d
mlir/lib/Target/LLVMIR/Dialect/SPIRV/SPIRVToLLVMIRTranslation.cpp	blob	100644	3cacbc4b364611bbd79df40b933f952dec36df2b
mlir/lib/Target/LLVMIR/Dialect/VCIX/CMakeLists.txt	blob	100644	d2622af16d93838b23e01ef249e86fbfe6f48b38
mlir/lib/Target/LLVMIR/Dialect/VCIX/VCIXToLLVMIRTranslation.cpp	blob	100644	4bf787faef8c2da49c7e4f8e5ea2ce8578ffd480
mlir/lib/Target/LLVMIR/Dialect/XeVM/CMakeLists.txt	blob	100644	6308d7e2e440435f5291269b04ccd678918673a5
mlir/lib/Target/LLVMIR/Dialect/XeVM/XeVMToLLVMIRTranslation.cpp	blob	100644	8603ef9cf32af571e5f1091bb4ae6b084024b949
mlir/lib/Target/LLVMIR/LLVMImportInterface.cpp	blob	100644	cb1f234aca50ba73c09227120963722fad3328f6
mlir/lib/Target/LLVMIR/LoopAnnotationImporter.cpp	blob	100644	6658b4a920e373da15c0c0fd449c287b0238960a
mlir/lib/Target/LLVMIR/LoopAnnotationImporter.h	blob	100644	6c71c625b4ebb36450f9c02f000a518c47d01e5e
mlir/lib/Target/LLVMIR/LoopAnnotationTranslation.cpp	blob	100644	475799e7fdbfde0d8b6a79b14da412954163fc0f
mlir/lib/Target/LLVMIR/LoopAnnotationTranslation.h	blob	100644	0766cc23926a46c71af6523a6e08de168ba88230
mlir/lib/Target/LLVMIR/ModuleImport.cpp	blob	100644	bfecde8b664a9b1a519d6129cb17c4080a374747
mlir/lib/Target/LLVMIR/ModuleTranslation.cpp	blob	100644	50365b5a5b3a1335b4cc47dd76ba7203d9ea3e5b
mlir/lib/Target/LLVMIR/Transforms/CMakeLists.txt	blob	100644	044da1c44204911fa584326df60416d384455422
mlir/lib/Target/LLVMIR/Transforms/TargetToDataLayout.cpp	blob	100644	1246c9cacf98f88695a6b9152de9d69065466266
mlir/lib/Target/LLVMIR/Transforms/TargetToTargetFeatures.cpp	blob	100644	0cc5f5aabb6308346aedd7758b50e9b5641f4bcd
mlir/lib/Target/LLVMIR/Transforms/TargetUtils.cpp	blob	100644	3f414b6dc3cfe4b24b51dcadd2b232eb4fe55f50
mlir/lib/Target/LLVMIR/TypeFromLLVM.cpp	blob	100644	c2dd19e01ee8ea5abc2dcc1ef6fc1d3e9dcfe033
mlir/lib/Target/LLVMIR/TypeToLLVM.cpp	blob	100644	179a5459da4e1b4314277b044f857decd48b0aa0
mlir/lib/Target/SMTLIB/CMakeLists.txt	blob	100644	4f47bef8e26cee6d643ada8405e008f62a340a13
mlir/lib/Target/SMTLIB/ExportSMTLIB.cpp	blob	100644	a9d526e769a8f87600ef25e60f3e1757d03fdaa8
mlir/lib/Target/SPIRV/CMakeLists.txt	blob	100644	1785cf92a93341dac801b7f7419d781550cfaf7c
mlir/lib/Target/SPIRV/Deserialization/CMakeLists.txt	blob	100644	6b35a126af169e575920c936066d9bec6f770b9c
mlir/lib/Target/SPIRV/Deserialization/Deserialization.cpp	blob	100644	b82c61cafc8a722d4e52eb2503590f270308fd52
mlir/lib/Target/SPIRV/Deserialization/DeserializeOps.cpp	blob	100644	acb43b6e04bd67155247aa2f594a6c1407f828e8
mlir/lib/Target/SPIRV/Deserialization/Deserializer.cpp	blob	100644	9df544d861767eb1cc474ce191b63e204bc61d07
mlir/lib/Target/SPIRV/Deserialization/Deserializer.h	blob	100644	d2b7dbaad46552c91fd903be3f2dabb49ed7d436
mlir/lib/Target/SPIRV/SPIRVBinaryUtils.cpp	blob	100644	cbd1d4255e99addb924e6c4a29e518b820924a85
mlir/lib/Target/SPIRV/Serialization/CMakeLists.txt	blob	100644	e912efee08763262f0f2436c2878061a4edff33c
mlir/lib/Target/SPIRV/Serialization/Serialization.cpp	blob	100644	f8527908b83e014ce9e407b0090c693f174d5f38
mlir/lib/Target/SPIRV/Serialization/SerializeOps.cpp	blob	100644	442064fcb6fe532cbc86d2a47f2d196c23e9215e
mlir/lib/Target/SPIRV/Serialization/Serializer.cpp	blob	100644	3919c3ed5ec367fa04225e9b1f460c788f7791c6
mlir/lib/Target/SPIRV/Serialization/Serializer.h	blob	100644	235c050e7dc7e00b6171ad08a1d3804bb517714f
mlir/lib/Target/SPIRV/Target.cpp	blob	100644	be589b8292874acdf183371795c0f6d02db55b3f
mlir/lib/Target/SPIRV/TranslateRegistration.cpp	blob	100644	be2586f1c69ab6589b9f0b4e4fe7d6aa0862a117
mlir/lib/Target/Wasm/CMakeLists.txt	blob	100644	890fc0ecfbeb617869def96e4bc38fa11ac778da
mlir/lib/Target/Wasm/TranslateFromWasm.cpp	blob	100644	96448ed987629001b7e679281a9660a38b12fd15
mlir/lib/Target/Wasm/TranslateRegistration.cpp	blob	100644	03b97846d45d3eb0eee9ad63d35433a5dac0ac13
mlir/lib/Tools/CMakeLists.txt	blob	100644	01270fa4b0fc341cec24b92115032c901a38d586
mlir/lib/Tools/PDLL/AST/CMakeLists.txt	blob	100644	5e67ee02b9c7b2fa354b81310fdf5ea80dfefe5e
mlir/lib/Tools/PDLL/AST/Context.cpp	blob	100644	e82807f6322b00fff9385651b053944da80f3ed8
mlir/lib/Tools/PDLL/AST/Diagnostic.cpp	blob	100644	f4fc6c2094d50d32ba905375cffe632bfffb0c4d
mlir/lib/Tools/PDLL/AST/NodePrinter.cpp	blob	100644	f49d3d048a579de12ae3707afce7ce55da4816e2
mlir/lib/Tools/PDLL/AST/Nodes.cpp	blob	100644	4358cebf0e1e149e3555aa5702690fd19a132366
mlir/lib/Tools/PDLL/AST/Types.cpp	blob	100644	d5497b06ba935c5652c014a324199cf9d55d6901
mlir/lib/Tools/PDLL/CMakeLists.txt	blob	100644	522429b282e389b1c705db7165237267381a1aeb
mlir/lib/Tools/PDLL/CodeGen/CMakeLists.txt	blob	100644	f378a28af2db93a455942865844a911bd10c2545
mlir/lib/Tools/PDLL/CodeGen/CPPGen.cpp	blob	100644	3fda5a7a9334430509238f9be0950e333382bb01
mlir/lib/Tools/PDLL/CodeGen/MLIRGen.cpp	blob	100644	f7f92ab69238f49ddec56c97b9b3b4bf99c25873
mlir/lib/Tools/PDLL/ODS/CMakeLists.txt	blob	100644	6a9abc903418abee666f7e326bd0c8659e7dcd97
mlir/lib/Tools/PDLL/ODS/Constraint.cpp	blob	100644	c9471f984e41413d3aab6e46a942b2e8cd6c2f90
mlir/lib/Tools/PDLL/ODS/Context.cpp	blob	100644	3f80b50f49e349dae13a0d38ed16c4a25f924803
mlir/lib/Tools/PDLL/ODS/Dialect.cpp	blob	100644	5e4ea5063b78d7a58cf9da645eed73a9217bf3a3
mlir/lib/Tools/PDLL/ODS/Operation.cpp	blob	100644	b836ece5071bbd646f51aa33997d60b06fe65262
mlir/lib/Tools/PDLL/Parser/CMakeLists.txt	blob	100644	7953677d1957efb9133973f55c1c43da1ac39e79
mlir/lib/Tools/PDLL/Parser/CodeComplete.cpp	blob	100644	9d241ea279641c0a6732944ed2d1093880cfa17d
mlir/lib/Tools/PDLL/Parser/Lexer.cpp	blob	100644	cc111a095af5e5575ddb96cf56c5bea4ea526ee4
mlir/lib/Tools/PDLL/Parser/Lexer.h	blob	100644	cd9c2b770f69a82826085c4b0565c957b54e7b58
mlir/lib/Tools/PDLL/Parser/Parser.cpp	blob	100644	8ea0b26c7bb9810fa2d1f6935b18ce99491416d4
mlir/lib/Tools/Plugins/CMakeLists.txt	blob	100644	59dc9e55346a5566c4ae77653d0f484357063515
mlir/lib/Tools/Plugins/DialectPlugin.cpp	blob	100644	14433993188e79e9406586dfcc3eb78c3b778c21
mlir/lib/Tools/Plugins/PassPlugin.cpp	blob	100644	1164996dcf0d79e90e081a00676f691a1c1119b8
mlir/lib/Tools/lsp-server-support/CMakeLists.txt	blob	100644	2fe29f1b9ec41b219b1d5cfe89dcfce864ee558c
mlir/lib/Tools/lsp-server-support/CompilationDatabase.cpp	blob	100644	67b8ef6a256bb13f84d1729a5235473d4fa6dcfd
mlir/lib/Tools/lsp-server-support/SourceMgrUtils.cpp	blob	100644	5cd1c85d054ab30847f1ebf969c1f0f6a1360664
mlir/lib/Tools/mlir-lsp-server/CMakeLists.txt	blob	100644	e2acba54e5624121f67a1c35d272e16320692385
mlir/lib/Tools/mlir-lsp-server/LSPServer.cpp	blob	100644	9df65dd61488ec5d5eb7c5ce3b8b388d8adfbdc8
mlir/lib/Tools/mlir-lsp-server/LSPServer.h	blob	100644	d6528996332556bfb8334e292cd992c43e749dd6
mlir/lib/Tools/mlir-lsp-server/MLIRServer.cpp	blob	100644	f5ab91ce6f9a82c3b26d656ba32dececcc34392d
mlir/lib/Tools/mlir-lsp-server/MLIRServer.h	blob	100644	aafe36ba82e0e1772d77e8191ddf806b62ddd84a
mlir/lib/Tools/mlir-lsp-server/MlirLspServerMain.cpp	blob	100644	d4589b240e39e57e81b60d4e73d6f0ab488821e7
mlir/lib/Tools/mlir-lsp-server/Protocol.cpp	blob	100644	28aded304d3887aabed8029d08791dcb9378e948
mlir/lib/Tools/mlir-lsp-server/Protocol.h	blob	100644	ed0db4e591d8f5fd301f5453140ee602a1e6e346
mlir/lib/Tools/mlir-opt/CMakeLists.txt	blob	100644	858c9c1f97f9c4848cd90a997077adcc020ab960
mlir/lib/Tools/mlir-opt/MlirOptMain.cpp	blob	100644	8b49258e135d28fddb19416f2b14c1d4c168f1a9
mlir/lib/Tools/mlir-pdll-lsp-server/CMakeLists.txt	blob	100644	19b80c0a511c8950b09e72e51000f3f070d170e7
mlir/lib/Tools/mlir-pdll-lsp-server/LSPServer.cpp	blob	100644	7b23adcc7e2e1fc7495df3c7886e94575bfa46b0
mlir/lib/Tools/mlir-pdll-lsp-server/LSPServer.h	blob	100644	42c0a5d7b6d2bd39c6bfc9c7c1c4d2d99106d612
mlir/lib/Tools/mlir-pdll-lsp-server/MlirPdllLspServerMain.cpp	blob	100644	5dea130675cdbbfa68ede4efc425258a34564d82
mlir/lib/Tools/mlir-pdll-lsp-server/PDLLServer.cpp	blob	100644	1dbe7ecac925a0d28d4c41f7a060b1eae81687f4
mlir/lib/Tools/mlir-pdll-lsp-server/PDLLServer.h	blob	100644	d82014d6b0684a47c0053200a2da24c0aa34986d
mlir/lib/Tools/mlir-pdll-lsp-server/Protocol.cpp	blob	100644	d12cd75da8536ac1d2268f3b88a10e3d2a304a9b
mlir/lib/Tools/mlir-pdll-lsp-server/Protocol.h	blob	100644	a2775f8cbadc2d4e21561c0fe14aea23af8579b2
mlir/lib/Tools/mlir-query/CMakeLists.txt	blob	100644	b81b02d42bfcaa44559b6813494c394d13c6fbc1
mlir/lib/Tools/mlir-query/MlirQueryMain.cpp	blob	100644	6945c096124fdfe425054e82aa408441f8009473
mlir/lib/Tools/mlir-reduce/CMakeLists.txt	blob	100644	8f574a27c55f7001bf0b8ce8d7e504110c2f9b16
mlir/lib/Tools/mlir-reduce/MlirReduceMain.cpp	blob	100644	6c1b6820707fafaad966d529c5fa2c04b86c9ab0
mlir/lib/Tools/mlir-tblgen/CMakeLists.txt	blob	100644	ed0033ff6d7cb37279d2eb6ab76abd73e62089b2
mlir/lib/Tools/mlir-tblgen/MlirTblgenMain.cpp	blob	100644	64e86f2a62073b55470a56612fdd8a36bfa7603f
mlir/lib/Tools/mlir-translate/CMakeLists.txt	blob	100644	55aea58b9bdd72ed3c3f88e05d762d947e7e14ad
mlir/lib/Tools/mlir-translate/MlirTranslateMain.cpp	blob	100644	d9db80afbf3fd8d48d6387d6d827ae6628bc06a3
mlir/lib/Tools/mlir-translate/Translation.cpp	blob	100644	61a247034c2db4da0ca8a6c2a808be41531e9bdb
mlir/lib/Tools/tblgen-lsp-server/CMakeLists.txt	blob	100644	b21650ed03b6f8a7e7a3c92b964f95c7df2b4e07
mlir/lib/Tools/tblgen-lsp-server/LSPServer.cpp	blob	100644	95a457f3144c592ef097351dd63935de8648d9fe
mlir/lib/Tools/tblgen-lsp-server/LSPServer.h	blob	100644	596688b62f8daa6c0e54bd9cd0f4ac881e0c564a
mlir/lib/Tools/tblgen-lsp-server/TableGenLspServerMain.cpp	blob	100644	8014b8d6dba4a7de0c590424dcee0bbd4c963d3d
mlir/lib/Tools/tblgen-lsp-server/TableGenServer.cpp	blob	100644	2d817bee72e20fa8d672249d9e3c45e138cbbbe9
mlir/lib/Tools/tblgen-lsp-server/TableGenServer.h	blob	100644	e54b8bcf35e246b3c8c4d9b141ea6dde591dca25
mlir/lib/Transforms/BubbleDownMemorySpaceCasts.cpp	blob	100644	00dac19e37171cebfa4cfd38cb9f4400ea0683bc
mlir/lib/Transforms/CMakeLists.txt	blob	100644	e202e9756bf391daa1464a018818a381e3db8e4c
mlir/lib/Transforms/CSE.cpp	blob	100644	f7afa03e2f02ba8956ef4e9298cfe607aef165e5
mlir/lib/Transforms/Canonicalizer.cpp	blob	100644	83829397adb619ef3b47723ed586c2ccb9b52dd4
mlir/lib/Transforms/CompositePass.cpp	blob	100644	d5d2e1fcefae555477a15238c73741d592a354c7
mlir/lib/Transforms/ControlFlowSink.cpp	blob	100644	eed9c1cdab36df340ec76222cdf38c5dd8a180b7
mlir/lib/Transforms/GenerateRuntimeVerification.cpp	blob	100644	29512a5eebcc5f3a9f60a226adc387b8dcb3e18c
mlir/lib/Transforms/InlinerPass.cpp	blob	100644	423aad316be0d19b5f5fa8c3ef1ba19d119c52aa
mlir/lib/Transforms/LocationSnapshot.cpp	blob	100644	f701c8b4f0a9105eda5463d0fb1bd02dd7d84fe7
mlir/lib/Transforms/LoopInvariantCodeMotion.cpp	blob	100644	609d14d3b563883d26131903a274c6145f45b0b8
mlir/lib/Transforms/Mem2Reg.cpp	blob	100644	12f50d777e79c8c15102a4e01b5fc0beab39483f
mlir/lib/Transforms/OpStats.cpp	blob	100644	b5016d34b9c3191a3dc0c74c13ccd0b917c102c8
mlir/lib/Transforms/PrintIR.cpp	blob	100644	0d6c1112902c21387fac87b7a5c229c57816836b
mlir/lib/Transforms/RemoveDeadValues.cpp	blob	100644	ffaa0663b0457e6a7d4dc3e970595b6d91e665e8
mlir/lib/Transforms/SCCP.cpp	blob	100644	471fa64e78574df0f130fdbc9086411e4fbfb6d9
mlir/lib/Transforms/SROA.cpp	blob	100644	859c0302185e69ee42e3968bd8840dc105db29fa
mlir/lib/Transforms/StripDebugInfo.cpp	blob	100644	dd90cfcf0b3aff4b8fbb35f04eed137201766b4b
mlir/lib/Transforms/SymbolDCE.cpp	blob	100644	74e557bfc952d9bf388840cc42c104f77d376f16
mlir/lib/Transforms/SymbolPrivatize.cpp	blob	100644	e39f91c8cdb7d61094b42ef96d46a2070939f972
mlir/lib/Transforms/TopologicalSort.cpp	blob	100644	24f97759fc1781f804c04ebdafd670eebdb558c4
mlir/lib/Transforms/TrivialDeadCodeElimination.cpp	blob	100644	5cb9c4741098394f84be36718013101b7f4b61af
mlir/lib/Transforms/Utils/CFGToSCF.cpp	blob	100644	f947e889b56fa1820e029662726a5d6e9bf68175
mlir/lib/Transforms/Utils/CMakeLists.txt	blob	100644	f38826690e1417d94b978163c6838d4401dd0286
mlir/lib/Transforms/Utils/CSE.cpp	blob	100644	5af76bc99e956d0d2120eb0ae2fc8b306a3e36ed
mlir/lib/Transforms/Utils/CommutativityUtils.cpp	blob	100644	8b132b5e484bb254f824a2fb371bb3afe0aa4f31
mlir/lib/Transforms/Utils/ControlFlowSinkUtils.cpp	blob	100644	af633f2ce4a9580fac33bd18826b3d1d4dc42a3a
mlir/lib/Transforms/Utils/DialectConversion.cpp	blob	100644	507f0650169ca5e9c29e2028c8f5adf72845480f
mlir/lib/Transforms/Utils/FoldUtils.cpp	blob	100644	68ad3acf295c8f0bbbeb1916a7c581f591a00880
mlir/lib/Transforms/Utils/GreedyPatternRewriteDriver.cpp	blob	100644	b71194e783ba067d2d1955c014bcafc80dc58313
mlir/lib/Transforms/Utils/Inliner.cpp	blob	100644	293789cf5873abdf3788eb29455d761b9d83f8ee
mlir/lib/Transforms/Utils/InliningUtils.cpp	blob	100644	ce4d6ad71b6d3aad9461fd723b2e2f61d64eb257
mlir/lib/Transforms/Utils/LoopInvariantCodeMotionUtils.cpp	blob	100644	aef81bf2e15a38e832004bd82e334fa22806f1d6
mlir/lib/Transforms/Utils/RegionUtils.cpp	blob	100644	cc90df0691800006dd9e385cf372afd3f98e9c8c
mlir/lib/Transforms/Utils/WalkPatternRewriteDriver.cpp	blob	100644	0aec6e7e7d92083b8ef2838164ba0dd6be696a64
mlir/lib/Transforms/ViewOpGraph.cpp	blob	100644	7b786f493635881449a679fe5c7e5acc9b896ccc
mlir/python/CMakeLists.txt	blob	100644	aa0adea66d2fedb39b479df76e025bed67bdb9bf
mlir/python/mlir/_mlir_libs/__init__.py	blob	100644	a8b28a1d206781ce3c7481c8b53329cb32c17ec7
mlir/python/mlir/_mlir_libs/_mlir/dialects/pdl.pyi	blob	100644	d12c6839deabafb73b054d2e5a4d38c24aeec215
mlir/python/mlir/_mlir_libs/_mlir/dialects/quant.pyi	blob	100644	3f5304584edeff5b6d3bc694fc46838de58c908d
mlir/python/mlir/_mlir_libs/_mlir/dialects/transform/__init__.pyi	blob	100644	a3f1b09102379f4e25fafeee4093a4f4220631b7
mlir/python/mlir/_mlir_libs/_mlir/py.typed	blob	100644	e69de29bb2d1d6434b8b29ae775ad8c2e48c5391
mlir/python/mlir/_mlir_libs/_mlirExecutionEngine.pyi	blob	100644	4b82c7848929587410873e4a59bd1d87a15dd421
mlir/python/mlir/dialects/AMDGPUOps.td	blob	100644	fe9371971e105b82657cb7776305d71970c5b1a8
mlir/python/mlir/dialects/AffineOps.td	blob	100644	e12ffafb89930971583b2bf03ab37ba35bdde305
mlir/python/mlir/dialects/ArithOps.td	blob	100644	60dbb08a05758cc80c30c66849ff3e884ab10c8a
mlir/python/mlir/dialects/AsyncOps.td	blob	100644	2b05045cff1a25ba8161c22aaa6788c00a6e9482
mlir/python/mlir/dialects/BufferizationEnums.td	blob	100644	f676ce082e8a71d41f4802742bb06a1024f4728c
mlir/python/mlir/dialects/BufferizationOps.td	blob	100644	b2ac7e2813600eacee0348bebed7eda7c34323b2
mlir/python/mlir/dialects/BufferizationTransformOps.td	blob	100644	34213be22f90e136d1e0fbef4eff3e4c7e40a420
mlir/python/mlir/dialects/BuiltinOps.td	blob	100644	d1c595283b70a855f88210d6aac5f985e60ff02d
mlir/python/mlir/dialects/ComplexOps.td	blob	100644	17825b6beab1cc75b062841f94c53d0d4ac6415e
mlir/python/mlir/dialects/ControlFlowOps.td	blob	100644	c9610a3c69b039e1905399f94545834e8403e6c6
mlir/python/mlir/dialects/EmitC.td	blob	100644	ff0a56d15501483cac3893b60ce7bfb8eb28f0c0
mlir/python/mlir/dialects/FuncOps.td	blob	100644	0816d6a3f9f20f6fc98e3d5e82427517178e1b32
mlir/python/mlir/dialects/GPUOps.td	blob	100644	83b1f6cd4c5cfcf301b23ad51d36cc916bcc59b2
mlir/python/mlir/dialects/GPUTransformOps.td	blob	100644	08bd9537b459b0513c702ccd4563dd06cd69035e
mlir/python/mlir/dialects/IRDLOps.td	blob	100644	7b061fcf308363607560f169941e648c0f674686
mlir/python/mlir/dialects/IndexOps.td	blob	100644	13b1d782c8536c35352aad730a2dc88540458d3d
mlir/python/mlir/dialects/LLVMOps.td	blob	100644	30f047f21698e3dba8db905879b63fdac50eb01a
mlir/python/mlir/dialects/LinalgOps.td	blob	100644	89fb3f219e858164d21e9a28797f06b6dcb8f3d8
mlir/python/mlir/dialects/LinalgStructuredTransformEnums.td	blob	100644	e86c9b7dd274bee92e9d0f4f2ae3f1de685a5417
mlir/python/mlir/dialects/LinalgStructuredTransformOps.td	blob	100644	e11065bf82070973930f6de9f5944cf4f6758938
mlir/python/mlir/dialects/MLProgramOps.td	blob	100644	35b348d5f4946698007e6a080f6629e1ccb2f84e
mlir/python/mlir/dialects/MathOps.td	blob	100644	8f68467ea9aa793a12f0cdbffed49fc3ff09489a
mlir/python/mlir/dialects/MemRefOps.td	blob	100644	ed346d5a22a3dc5cc3a51c9a7b67eefec231bc49
mlir/python/mlir/dialects/MemRefTransformOps.td	blob	100644	a64c2e2387c432998c0fc1e43dd8dd354faf3c47
mlir/python/mlir/dialects/NVGPUOps.td	blob	100644	cdf651901e074fb010983924fb8b86691c4b0e40
mlir/python/mlir/dialects/NVGPUTransformOps.td	blob	100644	1f504e3220e92de3aba8c5ce8f89b62f34956e46
mlir/python/mlir/dialects/NVVMOps.td	blob	100644	f57d204a898e88d68273c0f26db18404881dc540
mlir/python/mlir/dialects/OpenACCOps.td	blob	100644	69a3002e73b813aeaa1883e96bcc4f56f0a181a6
mlir/python/mlir/dialects/OpenMPOps.td	blob	100644	b91179b0d90be21f388bca5bd0ba9a269b99e0d5
mlir/python/mlir/dialects/PDLOps.td	blob	100644	a8c2d6bdb89250421a811faab3870255ed3be7b2
mlir/python/mlir/dialects/ROCDLOps.td	blob	100644	fa5c9ebc32656700a23795d9064bb423a060af0b
mlir/python/mlir/dialects/SCFLoopTransformOps.td	blob	100644	4a904d5785771607700ad515dac00aaf9cc0d9a9
mlir/python/mlir/dialects/SCFOps.td	blob	100644	f1fc8a8db1419f3c2fa6eace6e23dc9c89840234
mlir/python/mlir/dialects/SMTOps.td	blob	100644	e143f071eb65895d6f7f1d1a54a87dd52369fc42
mlir/python/mlir/dialects/SPIRVOps.td	blob	100644	eaae0e609d623c69a3204cb19be6d49b3ed30eec
mlir/python/mlir/dialects/ShapeOps.td	blob	100644	e217b2edcf1967ec9eabd5c407586fc62b4331bc
mlir/python/mlir/dialects/ShardOps.td	blob	100644	f8527664df67b5f4e011d51d69aebb171d86962b
mlir/python/mlir/dialects/SparseTensorAttrDefs.td	blob	100644	5a86f55dfa2756af7247d891fb885cec5840f366
mlir/python/mlir/dialects/SparseTensorOps.td	blob	100644	3f0d522f371e9ac51686b7af4138d6fcf87e53be
mlir/python/mlir/dialects/SparseTensorTransformOps.td	blob	100644	f4c4464ee990557b1a3dd64bc2b50b00cfd04976
mlir/python/mlir/dialects/TensorOps.td	blob	100644	d68cd24477257ae74c8a681c4ce0173d73d73176
mlir/python/mlir/dialects/TensorTransformOps.td	blob	100644	87c5c7f398e898a846c58e4b494ff3159adc0926
mlir/python/mlir/dialects/TosaOps.td	blob	100644	b429780bca58ceebfc1e9e3d5b9a140deb0fe8eb
mlir/python/mlir/dialects/TransformAttrs.td	blob	100644	451118a5d968cb40298f50bc1e6ce24b11cb2f5f
mlir/python/mlir/dialects/TransformDebugExtensionOps.td	blob	100644	22a85d23669945c5d422aa3d0c3f259d04f43b8a
mlir/python/mlir/dialects/TransformOps.td	blob	100644	e2f6cf932aa3e683acece5ee20155fe27f6fc8d0
mlir/python/mlir/dialects/TransformPDLExtensionOps.td	blob	100644	56fadd0295c729952a980dc83eb4a2e92447e901
mlir/python/mlir/dialects/TransformSMTExtensionOps.td	blob	100644	3e92417a35d131b849864b9c2ee4d3e3866cca6a
mlir/python/mlir/dialects/TransformTuneExtensionOps.td	blob	100644	c622c31e2c73609f62f5c9108c5ef1d0bc89d3bd
mlir/python/mlir/dialects/UBOps.td	blob	100644	b84e7f15fa78fe5f3c85468125e73896b54ba275
mlir/python/mlir/dialects/Vector.td	blob	100644	f659f754b66a7f28c336e8c4c5530d29ee9f4a8b
mlir/python/mlir/dialects/VectorAttributes.td	blob	100644	038e0ba21c3b25ed28f6a20570f1887599a8c780
mlir/python/mlir/dialects/VectorOps.td	blob	100644	69a1028c9be61c9d8a21ad94fdd900b506c3ade0
mlir/python/mlir/dialects/VectorTransformOps.td	blob	100644	42aa8c006ca93987aeb8b329889442e360bbe464
mlir/python/mlir/dialects/VectorTransformsBase.td	blob	100644	acb4aecede7e878781070d62820577b22ce7a2a5
mlir/python/mlir/dialects/X86.td	blob	100644	dbb31676a05c7a319643bf229ad4ac877694edac
mlir/python/mlir/dialects/X86TransformOps.td	blob	100644	9b82020bacdcf599ae6aa7268423325563254d4b
mlir/python/mlir/dialects/XeGPUTransformOps.td	blob	100644	5a5e7b912c4a56a52681113c6e70f170b490533f
mlir/python/mlir/dialects/_ods_common.py	blob	100644	7f1bd2183a0c52e5f85132191d4183b4a0df94dd
mlir/python/mlir/dialects/affine.py	blob	100644	5767a0017681cee1ef7b704d66aae5dc3639d847
mlir/python/mlir/dialects/amdgpu.py	blob	100644	38d8aaf355e4aa67baf3b29dcd5a51b7be8fd0c4
mlir/python/mlir/dialects/arith.py	blob	100644	555fb4c5ef3ebaf4f264a5ba3b791c08cd333ed2
mlir/python/mlir/dialects/async_dialect/__init__.py	blob	100644	7f2e4e57211f5dd1e642f757704850d1fff54254
mlir/python/mlir/dialects/async_dialect/passes/__init__.py	blob	100644	851d5614881ed1cf3cbe2a309572cd9f66ded776
mlir/python/mlir/dialects/bufferization.py	blob	100644	a8139410deff6578e2ee519bad087eac0130c70a
mlir/python/mlir/dialects/builtin.py	blob	100644	1c69d6d7c3a0bde1354b5bc51f8052548dd6ee0c
mlir/python/mlir/dialects/cf.py	blob	100644	0b9f4c7ffdb2a1d3ee958643503f6cfaeec25367
mlir/python/mlir/dialects/complex.py	blob	100644	5861d86bc7fbcfe864ab58d6c5828e0255cf416e
mlir/python/mlir/dialects/emitc.py	blob	100644	94883e2ff7c47a2b97cd9dbbe3fffaf1ef0dec49
mlir/python/mlir/dialects/ext.py	blob	100644	ba321ffc32c3290585b86ab5b77ae8766dabde35
mlir/python/mlir/dialects/func.py	blob	100644	1898fc1565cd4928b717076b7cfa461411266f59
mlir/python/mlir/dialects/gpu/__init__.py	blob	100644	2ce4e3a24bf6b2c44e7cfb8e76ad875e206ec418
mlir/python/mlir/dialects/gpu/passes/__init__.py	blob	100644	9b1ef076aa3c512c23f13eb11fc47bac8f39a2b1
mlir/python/mlir/dialects/index.py	blob	100644	17fda117cd11610703f78501ca38b587200c768a
mlir/python/mlir/dialects/irdl.py	blob	100644	1cbb8c742359d06d2fa44c8f578ea25ccd99ec95
mlir/python/mlir/dialects/linalg/__init__.py	blob	100644	e15f4532cc3c8c120941bf43ec0dcf3a7a533f68
mlir/python/mlir/dialects/linalg/opdsl/__init__.py	blob	100644	e69de29bb2d1d6434b8b29ae775ad8c2e48c5391
mlir/python/mlir/dialects/linalg/opdsl/dump_oplib.py	blob	100644	2f651319930fcb02323cd45c0eb7317e8f92e519
mlir/python/mlir/dialects/linalg/opdsl/lang/__init__.py	blob	100644	cf85c885114166da186bce16e220a1aa8bc7104f
mlir/python/mlir/dialects/linalg/opdsl/lang/affine.py	blob	100644	9fa626dfa78b1b535fca8646ae97b4c128164c64
mlir/python/mlir/dialects/linalg/opdsl/lang/comprehension.py	blob	100644	4f81a3874650d7782544109da3d6926157240917
mlir/python/mlir/dialects/linalg/opdsl/lang/config.py	blob	100644	d522d5712d25332760676218a67fbbe0bebab357
mlir/python/mlir/dialects/linalg/opdsl/lang/dsl.py	blob	100644	8b8726f8f9a038edea24bd7d4fbf02ea4e194649
mlir/python/mlir/dialects/linalg/opdsl/lang/emitter.py	blob	100644	af90f3f8c4e3c330dd4bb86bd300eb60a6f59c77
mlir/python/mlir/dialects/linalg/opdsl/lang/scalar_expr.py	blob	100644	86853994c0a1c77d0454947910fd3bf0a3a06d47
mlir/python/mlir/dialects/linalg/opdsl/lang/types.py	blob	100644	4f36029b7fb88145168901ed040619299c197041
mlir/python/mlir/dialects/linalg/opdsl/lang/yaml_helper.py	blob	100644	2235bb2865c0dafb7ae7cc52e62b3c0f36200f5e
mlir/python/mlir/dialects/linalg/opdsl/ops/__init__.py	blob	100644	e69de29bb2d1d6434b8b29ae775ad8c2e48c5391
mlir/python/mlir/dialects/linalg/opdsl/ops/core_named_ops.py	blob	100644	16d76bb07dd8884967ccf1f7b428e29f61098806
mlir/python/mlir/dialects/linalg/passes/__init__.py	blob	100644	0920e8ef490fb2258c47b0cadba2e1ac536ca223
mlir/python/mlir/dialects/llvm.py	blob	100644	23ed23997c3ba6d9fef25d8c6d5cee907ef5bd8e
mlir/python/mlir/dialects/math.py	blob	100644	5174764438f898e39da65281d38a93b0497fb4aa
mlir/python/mlir/dialects/memref.py	blob	100644	34f00a3292b79ac08b50192f8ba92142e0bb4fb7
mlir/python/mlir/dialects/ml_program.py	blob	100644	dfb6d7f2c03b1cf58cba427b992b3889f67a6eb5
mlir/python/mlir/dialects/nvgpu.py	blob	100644	436a144bda79e8686628b5ba01c8a3771cba0fba
mlir/python/mlir/dialects/nvvm.py	blob	100644	80bc9838541bab9f8db0cefb6b55a98ccd171bc3
mlir/python/mlir/dialects/openacc.py	blob	100644	4071ca27dbe405e0bb759d0c23923babc8749d95
mlir/python/mlir/dialects/openmp.py	blob	100644	879bbc61d797f487abc24632be3ac85a94792a46
mlir/python/mlir/dialects/pdl.py	blob	100644	b7b8430cebd07aca281412dad13f8c515061ab8e
mlir/python/mlir/dialects/python_test.py	blob	100644	f0bfcd8b68b35d20ed64f1c5107d8dc48c37ec59
mlir/python/mlir/dialects/quant.py	blob	100644	bf1fc5f2de3789eb2487840accc7cc5cb5eb79b1
mlir/python/mlir/dialects/rocdl.py	blob	100644	e4e604b5501d9a302282f9bd28630ecc578ddc0f
mlir/python/mlir/dialects/scf.py	blob	100644	27e8c6f5dd05f615e2b4c092788de4cd71d1f898
mlir/python/mlir/dialects/shape.py	blob	100644	c3966ff28d3a6918304a032c8e7b25d1746e73ee
mlir/python/mlir/dialects/shard.py	blob	100644	b5e5b475c5d90c405b0f8b65dd57fa9e54bd03c7
mlir/python/mlir/dialects/smt.py	blob	100644	c9227d7bcf4433d28d62af281d0831bb51845113
mlir/python/mlir/dialects/sparse_tensor.py	blob	100644	8f8167715c4586375e16d225c773939464f6da39
mlir/python/mlir/dialects/spirv.py	blob	100644	7cdfdb4c0092b1d9f9eaeff9efbceea0899942fd
mlir/python/mlir/dialects/tensor.py	blob	100644	146b5f85d07f535309498f8913d49bbbb44fe287
mlir/python/mlir/dialects/tosa.py	blob	100644	f2c1f99d222cbd8040dbb01a46ebfc33948a414f
mlir/python/mlir/dialects/transform/__init__.py	blob	100644	fbe40787829971b2c81ea3602e24cb511c723841
mlir/python/mlir/dialects/transform/bufferization.py	blob	100644	485a8a36b6305e9f0ffb119f9d3aae922a876da4
mlir/python/mlir/dialects/transform/debug.py	blob	100644	f7c04268dc03db010a8477f961ab61a84a8c32ba
mlir/python/mlir/dialects/transform/extras/__init__.py	blob	100644	b4d19878056dba94974123997274150dd7439436
mlir/python/mlir/dialects/transform/gpu.py	blob	100644	00cf0840eeae9e12fa846953568ab17b21e49ad8
mlir/python/mlir/dialects/transform/interpreter/__init__.py	blob	100644	e69aa963038f2301f635ff95af04302853d05b64
mlir/python/mlir/dialects/transform/loop.py	blob	100644	88ac3ecab2a6398862753203cb6ea28ad585f7f5
mlir/python/mlir/dialects/transform/memref.py	blob	100644	56ea61eb817f89c296b12f28e7315a95f05393c7
mlir/python/mlir/dialects/transform/nvgpu.py	blob	100644	74ba4c9aeb6c10783836a6ed08ed7500de730989
mlir/python/mlir/dialects/transform/pdl.py	blob	100644	bb5fa7ffd30658346337bb79731f835bec66945d
mlir/python/mlir/dialects/transform/smt.py	blob	100644	af88fffcd3bba757bfd31016789a5e1f9be4d280
mlir/python/mlir/dialects/transform/sparse_tensor.py	blob	100644	8b33270dc23a119dd1e605bfb5a228331eb1bf79
mlir/python/mlir/dialects/transform/structured.py	blob	100644	9862447824bc949f3c9519048541c87fa8a8b1bc
mlir/python/mlir/dialects/transform/tensor.py	blob	100644	4eb30398f087212846812d5fd98d062cac8d14b9
mlir/python/mlir/dialects/transform/tune.py	blob	100644	b3bfa8015c4d88de45656ff7d4177e5b7b794c09
mlir/python/mlir/dialects/transform/vector.py	blob	100644	af2435cb26cc4b569896e1b1f567a560b9466b45
mlir/python/mlir/dialects/transform/x86.py	blob	100644	325de07f5aea03c59ce1172e582a5331ddc680bc
mlir/python/mlir/dialects/transform/xegpu.py	blob	100644	6e27e5c8ecfa69042ed2471cafd0dad528de082d
mlir/python/mlir/dialects/ub.py	blob	100644	101846f5e6bb7762f4ea7e14e41ced983ebe486a
mlir/python/mlir/dialects/vector.py	blob	100644	f01192e12199cfc77253ae7cee7f9afb36e434e6
mlir/python/mlir/dialects/x86.py	blob	100644	20b4444074ca4494970e1171b0c35c912705b2fc
mlir/python/mlir/execution_engine.py	blob	100644	4739231c155ba1638d146a268a8f2811b2a2a1c5
mlir/python/mlir/extras/meta.py	blob	100644	3f2defadf79412a600bc9c4bc0ca8d53c951cfb2
mlir/python/mlir/extras/types.py	blob	100644	394dd9208871ecb0416b32e5b9324d599d660478
mlir/python/mlir/ir.py	blob	100644	011ecfffd355f14d373c30051a3f866fed2b6465
mlir/python/mlir/passmanager.py	blob	100644	22e86b8798dea398dcecd85474f431412205a654
mlir/python/mlir/rewrite.py	blob	100644	5bc1bba7ae9a72522e618af267254bb6459a16e7
mlir/python/mlir/runtime/__init__.py	blob	100644	8a28fd935a40b85083e1d6ed68f241985b465c46
mlir/python/mlir/runtime/np_to_memref.py	blob	100644	d65ba51afdb90d6ac08a173f557f7192d8ef15d6
mlir/python/requirements.txt	blob	100644	538929e1bbfd27f4abad7aa4bb65f6164dd67d07
mlir/test/APITest.h	blob	100644	b549a0bb7eca1c84191b6c33ceb9fb3038c8826d
mlir/test/Analysis/DataFlow/integer-divisibility.mlir	blob	100644	5db5c679eac8292e99b7b1bd056793c6716c3458
mlir/test/Analysis/DataFlow/test-dead-code-analysis-func.mlir	blob	100644	b9c1e72e5be56324c3991acd525c3ef2711e258c
mlir/test/Analysis/DataFlow/test-dead-code-analysis.mlir	blob	100644	4d3a61601a85c0ec08af0a0497c79e5bd3d316fc
mlir/test/Analysis/DataFlow/test-last-modified-callgraph.mlir	blob	100644	a5eba43ac68ab144dac83f167ba79b3ede88b148
mlir/test/Analysis/DataFlow/test-last-modified-error.mlir	blob	100644	57476e60d3c2a9137065bf27897d13cc677aeb12
mlir/test/Analysis/DataFlow/test-last-modified.mlir	blob	100644	da22fdbf56e842d644a3861b2edc0aea7c7b905d
mlir/test/Analysis/DataFlow/test-liveness-analysis.mlir	blob	100644	9c41a9bb7b6586a7631660f26f5a52b60dfd0b19
mlir/test/Analysis/DataFlow/test-next-access.mlir	blob	100644	700a23aa8bc409ee7c0ab32d8a0f989703c46338
mlir/test/Analysis/DataFlow/test-staged-analyses.mlir	blob	100644	bb27ac285dfb9071628f5b861f56f66822556162
mlir/test/Analysis/DataFlow/test-strided-metadata-range-analysis.mlir	blob	100644	808c1c2bfd2a8704135c687070ca81c650909839
mlir/test/Analysis/DataFlow/test-written-to.mlir	blob	100644	8d951f4819985fb7547764ab01d2c16de71c365a
mlir/test/Analysis/invalid.mlir	blob	100644	899c095804a02d8dfac5957361385979c09a4efd
mlir/test/Analysis/test-alias-analysis-extending.mlir	blob	100644	20f2a7a3de171ec967915e98a7903d0797abd876
mlir/test/Analysis/test-alias-analysis-modref.mlir	blob	100644	2a9c612317d532c180debc75da4c68d3c8fcdb52
mlir/test/Analysis/test-alias-analysis.mlir	blob	100644	d71adee05c7a36f800e3fd239a404d671c97d54e
mlir/test/Analysis/test-callgraph.mlir	blob	100644	f6c9ff5006e0533fb3cc04c776038e658bbe1aef
mlir/test/Analysis/test-cfg-loop-info.mlir	blob	100644	cc1a5c39b4593b6be114565f993183e2ca7909b4
mlir/test/Analysis/test-control-flow-predecessors.mlir	blob	100644	e345363e0dec63b42a39422e52de01b8fe95dfe4
mlir/test/Analysis/test-dominance.mlir	blob	100644	a926a8271200a31728d8117d06f9224919a8eb99
mlir/test/Analysis/test-foo-analysis.mlir	blob	100644	bb53f9fc9097e8b72151cb851cb942e76c9c34f0
mlir/test/Analysis/test-liveness.mlir	blob	100644	47805e5d95dae3ae108cbc44c78b64dd0b29f85f
mlir/test/Analysis/test-match-reduction.mlir	blob	100644	7faddf902521b9f6cf3fe6c66b471e525632fff1
mlir/test/Analysis/test-shape-fn-report.mlir	blob	100644	fbf5c47c597a7651232ea41fc246362d9669caac
mlir/test/Analysis/test-topoligical-sort.mlir	blob	100644	150aff854fc8f61b77fbd0ea15775ddaf9b36de4
mlir/test/Analysis/test-toposort.mlir	blob	100644	c47b885dbec78b3314f5ee1a821548091fbe11e9
mlir/test/Bytecode/bytecode-lazy-loading.mlir	blob	100644	a1981fce0875fd8633bceedca34feb0fe8de4343
mlir/test/Bytecode/bytecode_callback.mlir	blob	100644	a3f6883f532367d1fbe9c27e4fc1fcf05ebed833
mlir/test/Bytecode/bytecode_callback_full_override.mlir	blob	100644	792f8f6e2959b702bc94c80325f1b231332df68e
mlir/test/Bytecode/bytecode_callback_with_custom_attribute.mlir	blob	100644	30f25d9865792a885fa0e613d0ac2f3c47928c80
mlir/test/Bytecode/bytecode_callback_with_custom_type.mlir	blob	100644	5d0819dcf4faff1e2910100ce38b125c4346c35e
mlir/test/Bytecode/bytecode_callback_with_spirv_and_custom_attr.mlir	blob	100644	e2bf0453f3f45115242fe9ab2173f378420f0b43
mlir/test/Bytecode/bytecode_callback_write_unowned_blob.mlir	blob	100644	6fa0d71db54521401bbc6639503eefd39982be64
mlir/test/Bytecode/bytecode_downgrade.mlir	blob	100644	fd98b9d7ee6a58c235abd20a799c0c885bc3fe2e
mlir/test/Bytecode/bytecode_producer.mlir	blob	100644	ba13dd3de9dd95ecaca21e30a7e948c9276d52dd
mlir/test/Bytecode/empty_attr.mlir	blob	100644	1a33cbd374066942fb79e41802832f99cc9d1691
mlir/test/Bytecode/external_resources.mlir	blob	100644	df064d7795338aa00401d932a9943e6aae258cd7
mlir/test/Bytecode/general.mlir	blob	100644	228072a0e0161ee4bb33c8740b54cdd54d056d65
mlir/test/Bytecode/i1_roundtrip.mlir	blob	100644	aa11b66b3c07336f89554e732ba245199e0918b9
mlir/test/Bytecode/invalid/invalid-attr_type_offset_section-large_offset.mlirbc	blob	100644	84bd1cc3aa073518acbcb003bce43dceef1bd1e5
mlir/test/Bytecode/invalid/invalid-attr_type_offset_section-trailing_data.mlirbc	blob	100644	ae7af203e2750d4cabf60cdf9812f7d7fc11545f
mlir/test/Bytecode/invalid/invalid-attr_type_section-index.mlirbc	blob	100644	e630416d404af616d23dc257fc43e046ca27a41b
mlir/test/Bytecode/invalid/invalid-attr_type_section-trailing_data.mlirbc	blob	100644	28b161b797d7958051aa4c549e14bf2409f57f7d
mlir/test/Bytecode/invalid/invalid-dialect_section-dialect_string.mlirbc	blob	100644	39d899217f256b209ab042d04eb9e9a962e4b5c5
mlir/test/Bytecode/invalid/invalid-dialect_section-opname_dialect.mlirbc	blob	100644	192d1ddcee441cf5dd7b12c99379a6da59557fa3
mlir/test/Bytecode/invalid/invalid-dialect_section-opname_string.mlirbc	blob	100644	49ef041768f4ac7cc381a6081aebdae627cfae1c
mlir/test/Bytecode/invalid/invalid-dialect_section.mlir	blob	100644	0508c0966710e04f85429f2a54071556680eac38
mlir/test/Bytecode/invalid/invalid-ir_section-attr.mlirbc	blob	100644	8e13750fa088ffa404cf93588a2fea2332dc1ab4
mlir/test/Bytecode/invalid/invalid-ir_section-forwardref.mlirbc	blob	100644	deecc35a2b49b6d9659e52ee0aed315ad3432eb0
mlir/test/Bytecode/invalid/invalid-ir_section-loc.mlirbc	blob	100644	8bc5331a3d6119ec3e0e3197aa6336b04219ef69
mlir/test/Bytecode/invalid/invalid-ir_section-operands.mlirbc	blob	100644	b8fc9de63b76a274901a6591e64b37b8892bfcc6
mlir/test/Bytecode/invalid/invalid-ir_section-opname.mlirbc	blob	100644	e6197bdf3523f251377cb60a9b3210b4e4beff8d
mlir/test/Bytecode/invalid/invalid-ir_section-results.mlirbc	blob	100644	004b1e9d92a30f6e910e9837b2d97ade9fec50d4
mlir/test/Bytecode/invalid/invalid-ir_section-successors.mlirbc	blob	100644	73e7832b4f022a8e5fbbeb82e92a10cba8c20908
mlir/test/Bytecode/invalid/invalid-ir_section.mlir	blob	100644	be87e81bdd5f30e6765f186ff02a5c57c7f2b53a
mlir/test/Bytecode/invalid/invalid-string_section-count.mlirbc	blob	100644	13e0f39f88f1dd798985c053a485161b723e5fe9
mlir/test/Bytecode/invalid/invalid-string_section-large_string.mlirbc	blob	100644	ecd4c53b38fc19211f6d47a9fc1c3db7577aa1c6
mlir/test/Bytecode/invalid/invalid-string_section-no_string.mlirbc	blob	100644	237d482b82afd33a9e7e1af0265dd58907dc421c
mlir/test/Bytecode/invalid/invalid-string_section-trailing_data.mlirbc	blob	100644	2e387908738150d5db4a2930a6f3f57b0e07f3cc
mlir/test/Bytecode/invalid/invalid-string_section.mlir	blob	100644	a39017c3375e577d1caff938a0b43ca9758403b4
mlir/test/Bytecode/invalid/invalid-structure-producer.mlirbc	blob	100644	91d523653dc4d4d3e509ca8946d063f125ea691b
mlir/test/Bytecode/invalid/invalid-structure-section-duplicate.mlirbc	blob	100644	c27d214baa736fd43b63506aab80fd3e4f9cad5b
mlir/test/Bytecode/invalid/invalid-structure-section-id-unknown.mlirbc	blob	100644	f59dd3ccdf9c77c2d91ec672e3a195ce89c84fd7
mlir/test/Bytecode/invalid/invalid-structure-section-length.mlirbc	blob	100644	e2e928c19f88aae8c292f32545c2c973b7488589
mlir/test/Bytecode/invalid/invalid-structure-section-missing.mlirbc	blob	100644	8cc405783a6836361c47b8bf77794cf05df96646
mlir/test/Bytecode/invalid/invalid-structure-version.mlirbc	blob	100644	9cbf7f8a8e38c604877f35d0604b4eb2477c24a5
mlir/test/Bytecode/invalid/invalid-structure.mlir	blob	100644	962dff33085da70ed791d17f9f87b89210290a42
mlir/test/Bytecode/invalid/invalid-type-remapping.mlir	blob	100644	44d0a4eb8bb4aeb8371edf79811f9c109cbe6b85
mlir/test/Bytecode/invalid/invalid_attr_type_offset_section.mlir	blob	100644	9a8bc08e6c25b87143f42db8f671fe8e538409a1
mlir/test/Bytecode/invalid/invalid_attr_type_section.mlir	blob	100644	87beaa6dd7a0565c53b433c291108172056857eb
mlir/test/Bytecode/op_with_properties_deeply_nested_attr.mlir	blob	100644	6feae31aee806b48cbe074902f509663ed0dfb09
mlir/test/Bytecode/operand_segment_sizes.mlir	blob	100644	c0379c2994f49f8f697c58dc9ae353c76247a246
mlir/test/Bytecode/resources.mlir	blob	100644	3ef220e890042c679f1a412f506521d4803074e7
mlir/test/Bytecode/resources_elision.mlir	blob	100644	bca70012f47a9499f3090069cdda3290f8b29573
mlir/test/Bytecode/unregistered_dialect.mlir	blob	100644	d645beb83776cabc4a04dfee10a66d9c79a53b74
mlir/test/Bytecode/uselist_orders.mlir	blob	100644	73049d5d66173f6a2063453ef26bf9f4e587d18a
mlir/test/Bytecode/versioning/versioned-attr-1.12.mlirbc	blob	100644	3645a2f37c4ba250c7cbbb0a663bb66863b46690
mlir/test/Bytecode/versioning/versioned-attr-2.0.mlirbc	blob	100644	83ff044d7f90716ecbcf6d32f9043fa3b6b7153c
mlir/test/Bytecode/versioning/versioned-op-1.12.mlirbc	blob	100644	688948257008f8b44fff51b7b4c9e363fdaa15b7
mlir/test/Bytecode/versioning/versioned-op-2.0.mlirbc	blob	100644	fdc8e0d28b2f06a8f9b91ceb4f3344e3607b4f1a
mlir/test/Bytecode/versioning/versioned-op-2.2.mlirbc	blob	100644	2dc4719ca49755b3cb57c68265a64528331e064e
mlir/test/Bytecode/versioning/versioned-op-with-native-prop-1.12.mlirbc	blob	100644	66d8f0013375478f0d2bc14df6b246ec154466c5
mlir/test/Bytecode/versioning/versioned-op-with-native-prop-2.0.mlirbc	blob	100644	9ba0fe83e26438c18f102bbb19cd71c497c68832
mlir/test/Bytecode/versioning/versioned-op-with-prop-1.12.mlirbc	blob	100644	30e7b7ab2556b351503cad8ea9a412a19e72e000
mlir/test/Bytecode/versioning/versioned-op-with-prop-2.0.mlirbc	blob	100644	68e90dfba910cb06691dd991657996a708f3cf36
mlir/test/Bytecode/versioning/versioned_attr.mlir	blob	100644	8ee1a1b4bf37652acd24c41d6183f8b8af0d83a6
mlir/test/Bytecode/versioning/versioned_bytecode.mlir	blob	100644	c7ea972daf367d80ed97eed5bd0e82195eb138a4
mlir/test/Bytecode/versioning/versioned_op.mlir	blob	100644	934bdf23c171c27e95359a7fa4a97734cca46b5c
mlir/test/Bytecode/versioning/versioned_op_with_native_properties.mlir	blob	100644	823a559cbca14658c8319b7fbe36fdf1a4586582
mlir/test/CAPI/CMakeLists.txt	blob	100644	211e321a9b76343d04f95231429862422d9b4103
mlir/test/CAPI/execution_engine.c	blob	100644	7afb563df33e490c9f11f1d5f95cf459e47c65e1
mlir/test/CAPI/global_constructors.c	blob	100644	701ca611cf9fd4c7b136a59501464f12ead29f8a
mlir/test/CAPI/ir.c	blob	100644	3e1e5f9d43d3c3d7aaf93e0dccddb6c44d8ae6b7
mlir/test/CAPI/irdl.c	blob	100644	96177b21ac1e96bcf7417a470c6e4691599aa4dc
mlir/test/CAPI/lit.local.cfg	blob	100644	bb0c17cdbada78ed695925b1200a2fc38db3514c
mlir/test/CAPI/llvm.c	blob	100644	554c570943396c68684c70525d23af49a152b7d0
mlir/test/CAPI/pass.c	blob	100644	58f4d787ace63b78419bcec1ca590f59a159ca4c
mlir/test/CAPI/pdl.c	blob	100644	710d402b5ee771a02922b36acef2c69c2b985711
mlir/test/CAPI/quant.c	blob	100644	be4595fd39e8104842c4ace28923dee6d5780ba6
mlir/test/CAPI/rewrite.c	blob	100644	60f5dca31b9ef7a8c86ec510d95234caa362851a
mlir/test/CAPI/smt.c	blob	100644	3383b6ef6ed6152836cf0660062339e7b746f3c7
mlir/test/CAPI/sparse_tensor.c	blob	100644	22b7052b732aa2bcdf67a12267c85f8ee3799d78
mlir/test/CAPI/transform.c	blob	100644	860fad16b246ce1565610629d26d77743cbe1223
mlir/test/CAPI/transform_interpreter.c	blob	100644	d0eb37bc4dc6ca3b5c430b6f77eeeec4f20c02e0
mlir/test/CAPI/translation.c	blob	100644	8891c2a559b7e8a0d3dde45d753e7b52e53e8ae4
mlir/test/CMakeLists.txt	blob	100644	c79949737d64b80728b8688102b383d8cd04f15e
mlir/test/Conversion/AMDGPUToROCDL/8-bit-floats-ocp-gfx1170.mlir	blob	100644	a98d6d1e4c274593d5fb81f4913fb0ddc38ebf65
mlir/test/Conversion/AMDGPUToROCDL/8-bit-floats-ocp.mlir	blob	100644	464d47216c81becad0ef092574180743036da1f2
mlir/test/Conversion/AMDGPUToROCDL/8-bit-floats.mlir	blob	100644	03fcb266a2e8706a8d078028f5de90b46496ec8e
mlir/test/Conversion/AMDGPUToROCDL/amdgpu-to-rocdl.mlir	blob	100644	8086aa788c8add321e6e93bc606f4d5a197baa99
mlir/test/Conversion/AMDGPUToROCDL/dot-gfx11.mlir	blob	100644	a87227884dc2a9170fa912fede2ca78d65cc44b8
mlir/test/Conversion/AMDGPUToROCDL/dot-gfx12.mlir	blob	100644	3213b5fa8f5c2f38643050152fc8f44e13e2170c
mlir/test/Conversion/AMDGPUToROCDL/dot-gfx9.mlir	blob	100644	e13a9976974dc6de122cc377acbcfeeb4e3736b1
mlir/test/Conversion/AMDGPUToROCDL/dot-invalid.mlir	blob	100644	dd26ab7040734c678a4b5a05f83c9d1fc34db6d8
mlir/test/Conversion/AMDGPUToROCDL/dpp.mlir	blob	100644	a4c98111c2956171e0206060ebaf264dfd507ff5
mlir/test/Conversion/AMDGPUToROCDL/gfx1250.mlir	blob	100644	a98b742c3ce39a016a5a01d760f19cf3aebce1e9
mlir/test/Conversion/AMDGPUToROCDL/global-prefetch.mlir	blob	100644	f71de64cd071f21534c68a170de7ea73ef7c5859
mlir/test/Conversion/AMDGPUToROCDL/global_transpose_load.mlir	blob	100644	f378d7232d7b33c03854d7dbc1f2983ad16f3b25
mlir/test/Conversion/AMDGPUToROCDL/lds-barrier-gfx90c.mlir	blob	100644	87b93949be51e033023cad512319760d8af3c40c
mlir/test/Conversion/AMDGPUToROCDL/load_lds-gfx950.mlir	blob	100644	ff8f19c33a437df921c4e3527d12d7cf3de85c4c
mlir/test/Conversion/AMDGPUToROCDL/load_lds.mlir	blob	100644	c2783c216d66d99dddcab5466b84796335f6ad69
mlir/test/Conversion/AMDGPUToROCDL/memory_counter_wait.mlir	blob	100644	537ef59b503a6e30eceb66931ba50697f25a8cad
mlir/test/Conversion/AMDGPUToROCDL/memory_counter_wait_tensor.mlir	blob	100644	5b29e01abebdbce21cdaf670cd2678b7b2222c6d
mlir/test/Conversion/AMDGPUToROCDL/memory_counter_wait_unsupported.mlir	blob	100644	1d2f692bee4882672275716e79c6b4b054128cea
mlir/test/Conversion/AMDGPUToROCDL/mfma-gfx950.mlir	blob	100644	ba5e096a642f627725fa20e74534d2fe44c42ff7
mlir/test/Conversion/AMDGPUToROCDL/mfma.mlir	blob	100644	464d2d20048a275265b95d3a924fb95f5aa6b7bc
mlir/test/Conversion/AMDGPUToROCDL/packed-ext.mlir	blob	100644	ad2e7684afc4a3b2b7d9e65666fdab52c5fedc4b
mlir/test/Conversion/AMDGPUToROCDL/packed-trunc-invalid.mlir	blob	100644	93bfc60ce8f4bed8cae18359a11a637ee2fc52e9
mlir/test/Conversion/AMDGPUToROCDL/packed-trunc.mlir	blob	100644	e9764d34cefaf83a76c101ad011ede3f195f7a3e
mlir/test/Conversion/AMDGPUToROCDL/permlane-var.mlir	blob	100644	e6e5a3061be5b0c6bd0113a1927afb63b0a6d2ea
mlir/test/Conversion/AMDGPUToROCDL/permlane.mlir	blob	100755	9fc49dfeeb9fb5fa35315a96b0c175fb4e3166d1
mlir/test/Conversion/AMDGPUToROCDL/sparse-mfma-gfx950.mlir	blob	100644	abdfba9689c8fa2c16a99357a0d6b94873355aa7
mlir/test/Conversion/AMDGPUToROCDL/sparse-mfma.mlir	blob	100644	304f90351faf8bb9be530c984951d31267d7e527
mlir/test/Conversion/AMDGPUToROCDL/swizzle.mlir	blob	100644	ef439efde1bd020845a9282303a558bbe2348aec
mlir/test/Conversion/AMDGPUToROCDL/swmmac-gfx12.mlir	blob	100644	61d533b75907d4e9af1a1d6bf161473abd6da56c
mlir/test/Conversion/AMDGPUToROCDL/swmmac-gfx1250.mlir	blob	100644	155e36c369a88bf4dde8b2375708284ca4f2d1ff
mlir/test/Conversion/AMDGPUToROCDL/transpose_load.mlir	blob	100644	dcc6624cdb37b8178618c3a279f109e6ce94c046
mlir/test/Conversion/AMDGPUToROCDL/transpose_load_gfx1250.mlir	blob	100644	98ce6b7ea3001e9e767811821797fd043eff4c18
mlir/test/Conversion/AMDGPUToROCDL/transpose_load_gfx1250_invalid.mlir	blob	100644	61acdfe245c7cb7ea7e56c86d2b45a03cdb6c3ea
mlir/test/Conversion/AMDGPUToROCDL/transpose_load_gfx950_invalid.mlir	blob	100644	682f989ede83bed4b125fa6b9f63718e3062fa69
mlir/test/Conversion/AMDGPUToROCDL/transpose_load_reject.mlir	blob	100644	a41051c904ed8d8a5490eb843171ac13bd8957e3
mlir/test/Conversion/AMDGPUToROCDL/wmma-gfx11.mlir	blob	100644	08fd68dfe158def183bec9a0150874a4f08a9015
mlir/test/Conversion/AMDGPUToROCDL/wmma-gfx12.mlir	blob	100644	1dac83946fc4cf2ac484433ec3d645d54db5190b
mlir/test/Conversion/AMDGPUToROCDL/wmma-gfx1250.mlir	blob	100644	7f9605ad1a7eb9c130c0a3e6ab024266c2df584e
mlir/test/Conversion/AffineToStandard/lower-affine-gpu.mlir	blob	100644	d88f71eac44588d1caa4944913f6dffb8cf0a386
mlir/test/Conversion/AffineToStandard/lower-affine-invalid.mlir	blob	100644	a357b27a2430e87a915f7fb8d59c46590ed6910e
mlir/test/Conversion/AffineToStandard/lower-affine-to-vector.mlir	blob	100644	f2e0306073f27b4f2a2135c1a3746ea020f4e513
mlir/test/Conversion/AffineToStandard/lower-affine.mlir	blob	100644	09edb404a8375e4a21589f57fb60edea421c3808
mlir/test/Conversion/AffineToStandard/no-memref.mlir	blob	100644	b5af765024e1bc41e0719b210613c2336ca8c0c8
mlir/test/Conversion/ArithAndMathToAPFloat/arith-to-apfloat.mlir	blob	100644	1128e5c39c68f56211f32d6cc352e76cf765155b
mlir/test/Conversion/ArithAndMathToAPFloat/math-to-apfloat.mlir	blob	100644	2fe1d0cda1e38708fbcd240b2bd8da91b633f466
mlir/test/Conversion/ArithToAMDGPU/16-bit-floats.mlir	blob	100644	6077ef349408f9d17f27870c915057d147cb2523
mlir/test/Conversion/ArithToAMDGPU/8-bit-float-saturation-ocp.mlir	blob	100644	e3c2ae951593959625d9eb172dc592aef551ac7c
mlir/test/Conversion/ArithToAMDGPU/8-bit-float-saturation.mlir	blob	100644	b6eabe391c0cd768c9d1340f68e1bcfbcb59cba3
mlir/test/Conversion/ArithToAMDGPU/8-bit-floats-ocp.mlir	blob	100644	91a9a57898761cbb97954ab5920fd79fd62aa409
mlir/test/Conversion/ArithToAMDGPU/8-bit-floats.mlir	blob	100644	cf3133cf09add9613159c8b377327ab25e4be8ee
mlir/test/Conversion/ArithToAMDGPU/scaling-extf.mlir	blob	100644	fe5b0520e37c1682cb4fb35a291069d91abd23fd
mlir/test/Conversion/ArithToAMDGPU/scaling-truncf-tensor.mlir	blob	100644	d22f35a6d07f1de31ba65353d140597d73d2dfa5
mlir/test/Conversion/ArithToAMDGPU/scaling-truncf.mlir	blob	100644	4c707680378158e725e4660a489ef76b81bc613e
mlir/test/Conversion/ArithToArmSME/arith-to-arm-sme.mlir	blob	100644	0faac9c847f5ff9249a816ed1cb47258d496765a
mlir/test/Conversion/ArithToEmitC/arith-to-emitc-failed.mlir	blob	100644	79344bd0a7181bd61ea3c197a3e536d1f94b49dc
mlir/test/Conversion/ArithToEmitC/arith-to-emitc-unsupported.mlir	blob	100644	9850f336b5ad6110a93e4fe626d1d8b750360eb5
mlir/test/Conversion/ArithToEmitC/arith-to-emitc.mlir	blob	100644	cfa0e6d5f3c700cb4c62837aa874ec643bb59f10
mlir/test/Conversion/ArithToLLVM/arith-to-llvm.mlir	blob	100644	f2f3d60619fa26c1a6438bcd8101546c3820c396
mlir/test/Conversion/ArithToLLVM/attribute-storage.mlir	blob	100644	5ccc0f0e609b8c72af3d28a2a8f3e5c15cfe8a3c
mlir/test/Conversion/ArithToLLVM/constant-index-bitwidth.mlir	blob	100644	4363286162bcc5fd09ec7325c0816874341d259b
mlir/test/Conversion/ArithToLLVM/convert-nd-vector-to-llvmir.mlir	blob	100644	497574af2a2d86afc5d03906a6da9d81f02c67b0
mlir/test/Conversion/ArithToLLVM/type-conversion.mlir	blob	100644	e3a0c82a628baa46a0f63f63d36c9d9b448f4589
mlir/test/Conversion/ArithToSPIRV/arith-to-spirv-le-specific.mlir	blob	100644	72f8247b2af25859495396fd96e31c0cc05be7fb
mlir/test/Conversion/ArithToSPIRV/arith-to-spirv-unsupported.mlir	blob	100644	9ecebb502630cb7705ad52b6b54fc8e2a3056ae0
mlir/test/Conversion/ArithToSPIRV/arith-to-spirv.mlir	blob	100644	4cef06992727bb176d140850778e94c0d1bd8eca
mlir/test/Conversion/ArithToSPIRV/fast-math.mlir	blob	100644	e13bef977ddb7342fac9151c0fff63cb3848868e
mlir/test/Conversion/ArmSMEToLLVM/arm-sme-to-llvm.mlir	blob	100644	fd8910265cd89c06c6bb2c1fe8dfe47fd58a5da2
mlir/test/Conversion/ArmSMEToLLVM/tile-spills-and-fills.mlir	blob	100644	2a183cb4d056a938f2e442da180c1d35d85c94d2
mlir/test/Conversion/ArmSMEToLLVM/unsupported.mlir	blob	100644	b2c41f284fb86d4764c5f2f88607b13e4b788b28
mlir/test/Conversion/ArmSMEToSCF/arm-sme-to-scf.mlir	blob	100644	e7bbedc586012635dc29452cef8feee0e206ebb8
mlir/test/Conversion/AsyncToLLVM/convert-coro-to-llvm.mlir	blob	100644	7874aca75dc4cd3a3ecdd5bde9627dc0b7ea8953
mlir/test/Conversion/AsyncToLLVM/convert-runtime-to-llvm.mlir	blob	100644	4077edc7420dca1af021ab6b0920f2da585ceb1d
mlir/test/Conversion/AsyncToLLVM/convert-to-llvm.mlir	blob	100644	c51eaf20cdfb8d36c241a5c6cf531ca7763013dd
mlir/test/Conversion/BufferizationToMemRef/bufferization-to-memref.mlir	blob	100644	21d5f42158d096e210dad140921bbc4eff87bef2
mlir/test/Conversion/ComplexToLLVM/complex-range-option.mlir	blob	100644	089da8073b27fa5fc7ffa0174fe059c792b93f6b
mlir/test/Conversion/ComplexToLLVM/convert-to-llvm.mlir	blob	100644	5305ca2de4d369a9a81063ed3e64d9516ce45975
mlir/test/Conversion/ComplexToLLVM/full-conversion.mlir	blob	100644	6c4b04971f71c7f1de45685ff1841361cf2f60ce
mlir/test/Conversion/ComplexToLibm/convert-to-libm.mlir	blob	100644	ecf243c53a80ccddee1a01eae4adec61954a3aec
mlir/test/Conversion/ComplexToROCDLLibraryCalls/complex-to-rocdl-library-calls.mlir	blob	100644	664a0ea61d266b87088217faa85c40e6624c6d8a
mlir/test/Conversion/ComplexToSPIRV/complex-to-spirv.mlir	blob	100644	e060c1c0ad44a51856ed2bdd2a6c3ada100a0570
mlir/test/Conversion/ComplexToStandard/complex-range-option.mlir	blob	100644	97f37d8ebe77e335a41d12140dd4ba6e3b0be6ee
mlir/test/Conversion/ComplexToStandard/convert-to-standard.mlir	blob	100644	448d82df5032023b2329d08a3e9fe0e18233b022
mlir/test/Conversion/ComplexToStandard/full-conversion.mlir	blob	100644	110a78631fb95a50fe3bf898c58f2587abcfd949
mlir/test/Conversion/ControlFlowToLLVM/assert.mlir	blob	100644	18d0526ecf1a93c24ea5c55211c802b4539d6978
mlir/test/Conversion/ControlFlowToLLVM/branch.mlir	blob	100644	a01d83b9241a6ef3eac2dab51764d3386f15dc39
mlir/test/Conversion/ControlFlowToLLVM/switch.mlir	blob	100644	0bf4b02e8e3d70505a79c30e32a1c65dfe53e383
mlir/test/Conversion/ControlFlowToSCF/invalid.mlir	blob	100644	f3cf8980c91f0eaffa0707cfdbb9a97608b71395
mlir/test/Conversion/ControlFlowToSCF/test.mlir	blob	100644	78ac69aec3fe4fd1c02989c98151c4e7b33fcf12
mlir/test/Conversion/ControlFlowToSCF/unknown-cf-op.mlir	blob	100644	7aa47658153ea6659bad124a5cd54e9ed6c1c3b9
mlir/test/Conversion/ControlFlowToSCF/unreachable-blocks.mlir	blob	100644	4317e5a5a810263e18c20f42431a1dcf5bc7d752
mlir/test/Conversion/ControlFlowToSPIRV/cf-ops-to-spirv.mlir	blob	100644	4e2f6a12c8e7ee4f4069be2f56ae4c2275e2c074
mlir/test/Conversion/ConvertToEmitC/func-failed.mlir	blob	100644	a5a20b57d4997ad6c84ff3c5ba4f63ae1027da6c
mlir/test/Conversion/ConvertToEmitC/func.mlir	blob	100644	ef2095d67244657dc3cb525aea2807be679776dd
mlir/test/Conversion/ConvertToSPIRV/argmax-kernel.mlir	blob	100644	c300987c31543542e3d22c25899ecb46f36118f7
mlir/test/Conversion/ConvertToSPIRV/arith.mlir	blob	100644	fa204c4df8ace5cc34d44ac04f385cf19045e4b7
mlir/test/Conversion/ConvertToSPIRV/combined.mlir	blob	100644	3039ed58463eaeefb016e9a704a63175af1b28c1
mlir/test/Conversion/ConvertToSPIRV/convert-gpu-modules-nested.mlir	blob	100644	5b12a656a2bf88b56ca296d423ae3b45b757ac8c
mlir/test/Conversion/ConvertToSPIRV/convert-gpu-modules.mlir	blob	100644	eb020f82d50dfedc7ae4b696e91b08448c51e282
mlir/test/Conversion/ConvertToSPIRV/detached-root.mlir	blob	100644	87bae9b777a628c3521272423a79553053d787c8
mlir/test/Conversion/ConvertToSPIRV/func-signature-vector-unroll.mlir	blob	100644	9cbf236952fc120e8c98fa39a8aaa62d39a16e0f
mlir/test/Conversion/ConvertToSPIRV/gpu.mlir	blob	100644	05493240824bd3f5b0a5c8dcedc2f3f4a15bb754
mlir/test/Conversion/ConvertToSPIRV/index.mlir	blob	100644	a7b892e358acbf616d4839171f82e801ac705890
mlir/test/Conversion/ConvertToSPIRV/memref.mlir	blob	100644	b8724ae8b2f5bc6fae3434f27293c7fc7b7a0dc4
mlir/test/Conversion/ConvertToSPIRV/scf.mlir	blob	100644	8418228357a4ad6c4be51a21b40f06e67ddde057
mlir/test/Conversion/ConvertToSPIRV/simple.mlir	blob	100644	c485cbb06720c80923535e388c6956c7a2892936
mlir/test/Conversion/ConvertToSPIRV/ub.mlir	blob	100644	e8ffcd4237ed28b54dd7348529727bf72e9cc993
mlir/test/Conversion/ConvertToSPIRV/vector-unroll.mlir	blob	100644	6b013f96feb4dbb6a12374dc1b562c96cd20a2f2
mlir/test/Conversion/ConvertToSPIRV/vector.mlir	blob	100644	a1b128fd6bba6777a962406d1d8564b4c442a2aa
mlir/test/Conversion/FuncToEmitC/func-to-emitc-failed.mlir	blob	100644	85410ec0134e6b0ad83847a137f589a28b8b831b
mlir/test/Conversion/FuncToEmitC/func-to-emitc.mlir	blob	100644	bedad2111dce152b364cb7b77843564ff5fc3d9d
mlir/test/Conversion/FuncToLLVM/call-attributes.mlir	blob	100644	518b0f356aad28d64b6bb858ef6dbc70af9d12f0
mlir/test/Conversion/FuncToLLVM/calling-convention.mlir	blob	100644	e6ffdd2ae2cf4da5a699b52539469378283bc06c
mlir/test/Conversion/FuncToLLVM/convert-argattrs.mlir	blob	100644	85c7cbddfdbf634185af485119bb57e28dadb942
mlir/test/Conversion/FuncToLLVM/convert-data-layout.mlir	blob	100644	c16702f0442ba94f784df34fa6e2a6a6ca59fa23
mlir/test/Conversion/FuncToLLVM/convert-funcs.mlir	blob	100644	a648c415bb0312f1c1f468056e85397a3db7fbff
mlir/test/Conversion/FuncToLLVM/emit-c-wrappers-for-external-callers.mlir	blob	100644	826ca9540ae565575ed8b0da041ecd682f7f1fd8
mlir/test/Conversion/FuncToLLVM/emit-c-wrappers-for-external-functions.mlir	blob	100644	28c2638c7be519c31d853e2194aaa9017c2090b5
mlir/test/Conversion/FuncToLLVM/func-duplicate-symbol.mlir	blob	100644	9fbd415f239b6c27340a26aee260b5b4fcb01491
mlir/test/Conversion/FuncToLLVM/func-memref-return.mlir	blob	100644	f0ec21b628ab379c04c920f67a8471fb5a540ebd
mlir/test/Conversion/FuncToLLVM/func-memref.mlir	blob	100644	16ed4847c0d5850926e7d61c6c5ca9e7a432ba99
mlir/test/Conversion/FuncToLLVM/func-to-llvm-datalayout.mlir	blob	100644	36c3cf39d3822683f6d42045ed6950601122c553
mlir/test/Conversion/FuncToLLVM/func-to-llvm.mlir	blob	100644	201c361eb38e2db8688a9c3deeb768ba76dc1d34
mlir/test/Conversion/FuncToLLVM/invalid.mlir	blob	100644	e70252ff87ed133cac59ed1d3d0d117b5b68d6ea
mlir/test/Conversion/FuncToSPIRV/func-ops-to-spirv.mlir	blob	100644	69200cb02713d37f90b82cc0d608ad8b50901f4c
mlir/test/Conversion/FuncToSPIRV/types-to-spirv.mlir	blob	100644	b860838824fccb2533642fbb7cb135f8ade72f35
mlir/test/Conversion/GPUCommon/lower-2to4-sparse-to-gpu-runtime-calls.mlir	blob	100644	f448d35992333b3bf114cf50960e31e4cc4d7e96
mlir/test/Conversion/GPUCommon/lower-alloc-to-gpu-runtime-calls.mlir	blob	100644	5d5c0093edf719020197e323c9f6aff7a1c5d7d7
mlir/test/Conversion/GPUCommon/lower-async-to-gpu-runtime-calls.mlir	blob	100644	cbb9df1ad8af3389f1bb1fb6c30664baa091be37
mlir/test/Conversion/GPUCommon/lower-global-id.mlir	blob	100644	94b9f90052769e04369cebaaf8bd57f1811af58e
mlir/test/Conversion/GPUCommon/lower-launch-func-bare-ptr-intersperse-size.mlir	blob	100644	150a774b0eae2bc3a3783be1efaa473aaee6d4bc
mlir/test/Conversion/GPUCommon/lower-launch-func-bare-ptr-invalid.mlir	blob	100644	19dbdc94b6d92bbb8bb5a1d55954c0f129347867
mlir/test/Conversion/GPUCommon/lower-launch-func-bare-ptr.mlir	blob	100644	2d237372fb65f692672bdfd07b1a515a65efa0c2
mlir/test/Conversion/GPUCommon/lower-launch-func-to-gpu-runtime-calls.mlir	blob	100644	61726c05f36d15eac488f4460868a078e70d4cba
mlir/test/Conversion/GPUCommon/lower-memcpy-to-gpu-runtime-calls.mlir	blob	100644	b45d188a77e3f93f0112a20d9236b97d6360044d
mlir/test/Conversion/GPUCommon/lower-memory-space-attrs.mlir	blob	100644	3b794ab717c03fabbb9d88e58e596eeae92817d6
mlir/test/Conversion/GPUCommon/lower-memset-to-gpu-runtime-calls.mlir	blob	100644	3e5e499d82594ae08cf6436f5396534048b6eb13
mlir/test/Conversion/GPUCommon/lower-sparse-to-gpu-runtime-calls.mlir	blob	100644	d4c0a76088356f511e6c53626bc36d5dbc733953
mlir/test/Conversion/GPUCommon/lower-vector.mlir	blob	100644	b4e3da9d0dbfe3252cbb639780ba38bc111eee0d
mlir/test/Conversion/GPUCommon/lower-wait-to-gpu-runtime-calls.mlir	blob	100644	d15efe354cfa8b489cd5d90dee52fb7d4cd81ee1
mlir/test/Conversion/GPUCommon/memory-attrbution.mlir	blob	100644	38e73ea9179ac60f0b46c82a8b2b32101c4cc68d
mlir/test/Conversion/GPUCommon/memref-arg-attrs.mlir	blob	100644	e7c742067b4eb52d4125c50ad4831d2690ee6488
mlir/test/Conversion/GPUCommon/memref-arg-noalias-attrs.mlir	blob	100644	33cdc3348e5137ab76c5294e51ad719d011787bf
mlir/test/Conversion/GPUCommon/memref-arg-noalias-warning.mlir	blob	100644	793df7380d78bd7091ddac1b486bee6517ddf976
mlir/test/Conversion/GPUCommon/set-default-device.mlir	blob	100644	c23d8a33d988036df4ecb862566ba116a36e0f1b
mlir/test/Conversion/GPUCommon/transfer_write.mlir	blob	100644	77ea0c90d24950615c93271ebdb57c1f11b1e5e0
mlir/test/Conversion/GPUToLLVMSPV/constant-address-space.mlir	blob	100644	4f43963b2208d15b31d798c7d2011e42189eb0bd
mlir/test/Conversion/GPUToLLVMSPV/gpu-to-llvm-spv.mlir	blob	100644	43fe86b05041f8f4c8fbf1f988faf64735059b9a
mlir/test/Conversion/GPUToLLVMSPV/printf.mlir	blob	100644	74017e8354cf1f42b57f688c68751d2311fdbb78
mlir/test/Conversion/GPUToNVVM/constant-address-space.mlir	blob	100644	668e3aafab3563454a78d2d2816524d0a9610479
mlir/test/Conversion/GPUToNVVM/gpu-arith-ops-to-nvvm.mlir	blob	100644	2b1c5a7fef8fe3d0cdd1035f3c645097fb0d3a28
mlir/test/Conversion/GPUToNVVM/gpu-to-nvvm-32b.mlir	blob	100644	2dc2e16bc29bd977d92f06b3902709851c7b49d8
mlir/test/Conversion/GPUToNVVM/gpu-to-nvvm-debuginfo.mlir	blob	100644	5304abfb09a1ef2a56cf695b03eaf6a6c9521a0a
mlir/test/Conversion/GPUToNVVM/gpu-to-nvvm-invalid-ballot.mlir	blob	100644	d648fdca3b7b14d9979227d181eaa5b92176279e
mlir/test/Conversion/GPUToNVVM/gpu-to-nvvm-invalid-dialect.mlir	blob	100644	a293191e11567096323b506da7cce1deec2acf77
mlir/test/Conversion/GPUToNVVM/gpu-to-nvvm-invalid-named-barrier.mlir	blob	100644	faadafa6c4912d5cfcb74e011626b86a7d2db06d
mlir/test/Conversion/GPUToNVVM/gpu-to-nvvm-target-attr.mlir	blob	100644	0016db5084584a7311cafad25fd02c8810fcb4bc
mlir/test/Conversion/GPUToNVVM/gpu-to-nvvm.mlir	blob	100644	29aaa1f26bce46010e14b2dd8cb927d356e4fb1b
mlir/test/Conversion/GPUToNVVM/memref.mlir	blob	100644	a4e8ead344114dd827a739703e3916c317ab5285
mlir/test/Conversion/GPUToNVVM/private-func-no-c-interface.mlir	blob	100644	592ffea4e7b179fa265bfac7cbaeb9956bc5d7cb
mlir/test/Conversion/GPUToNVVM/wmma-ops-to-nvvm.mlir	blob	100644	31bdca01d7ae77e22c3c2aec139f1f838a900470
mlir/test/Conversion/GPUToROCDL/constant-address-space.mlir	blob	100644	738aece1769dab7c1119a9264290db0aeabb2324
mlir/test/Conversion/GPUToROCDL/gpu-to-rocdl-barrier.mlir	blob	100644	618d1889b847859e7471d70e7b7c4586170c4797
mlir/test/Conversion/GPUToROCDL/gpu-to-rocdl-barriers-gfx12.mlir	blob	100644	402dcae5e98323dbb2c92c1af2882607811e3268
mlir/test/Conversion/GPUToROCDL/gpu-to-rocdl-hip.mlir	blob	100644	32da31202b6884b0eaf72b1f963bc0c6058df094
mlir/test/Conversion/GPUToROCDL/gpu-to-rocdl-invalid-ballot.mlir	blob	100644	a94ab3b5bb780b1a816643b1a6decab2408add5b
mlir/test/Conversion/GPUToROCDL/gpu-to-rocdl-invalid-dialect.mlir	blob	100644	117f7692669de811147bd9c4ba45cffa6c898765
mlir/test/Conversion/GPUToROCDL/gpu-to-rocdl-invalid-named-barrier.mlir	blob	100644	3f39f4abcf396a48797e04c5c1565701405ae8f8
mlir/test/Conversion/GPUToROCDL/gpu-to-rocdl-named-barrier-non-const.mlir	blob	100644	c9ce2794f1422aa974fcd4e03cc18d3db57fec6f
mlir/test/Conversion/GPUToROCDL/gpu-to-rocdl-opencl.mlir	blob	100644	00d1d7d8526809f007cb0876de9db749d1b964b9
mlir/test/Conversion/GPUToROCDL/gpu-to-rocdl-subgroup-id.mlir	blob	100644	9cab3ff48f5bf05b48b092f2d05d8794618219c3
mlir/test/Conversion/GPUToROCDL/gpu-to-rocdl.mlir	blob	100755	c01af31e9d4f15ba0c0d0aded0a87e08e72e49a9
mlir/test/Conversion/GPUToROCDL/memref.mlir	blob	100644	e645481c8923080a20305ce4f5229dbfa2025240
mlir/test/Conversion/GPUToROCDL/private-func-no-c-interface.mlir	blob	100644	a9f778eae2820952e22c4c7a586f2e7898b1f914
mlir/test/Conversion/GPUToSPIRV/ballot.mlir	blob	100644	4e8d60e43237194dcab6de49aca41fb98024d43e
mlir/test/Conversion/GPUToSPIRV/broadcast.mlir	blob	100644	c50808e17cd9f0f3948104b6ccc85688ad944f39
mlir/test/Conversion/GPUToSPIRV/builtins-opencl.mlir	blob	100644	d4fe618b9df29c0595f5f584d9e44503b7302f56
mlir/test/Conversion/GPUToSPIRV/builtins-vulkan.mlir	blob	100644	29ae5f29d3b792337427450d0fd77efa7990e7ae
mlir/test/Conversion/GPUToSPIRV/entry-point.mlir	blob	100644	8b14d6569f486458e5dbe3918550f45c3cc65095
mlir/test/Conversion/GPUToSPIRV/gpu-to-spirv.mlir	blob	100644	5bcd180a37c16c477b4cd1c9c51eb63b3e4e337d
mlir/test/Conversion/GPUToSPIRV/load-store.mlir	blob	100644	9861acf429eb4053644e42a89ac5f0d1f9cce95a
mlir/test/Conversion/GPUToSPIRV/lookup-target-env.mlir	blob	100644	0e7509f694eab2796c1745617df2a292bfca45a7
mlir/test/Conversion/GPUToSPIRV/module-opencl.mlir	blob	100644	4b8d17cd6449389c2f11d37c03399d5e578c1fe9
mlir/test/Conversion/GPUToSPIRV/printf.mlir	blob	100644	7fe9752b088dbadf489a5f618e60accec5b3708d
mlir/test/Conversion/GPUToSPIRV/reductions.mlir	blob	100644	2e09a75704b40ce47b26917f3aaadb6fd47689b5
mlir/test/Conversion/GPUToSPIRV/rotate.mlir	blob	100644	c71d22017698a33cc84203ae7d51a3a3e498df8a
mlir/test/Conversion/GPUToSPIRV/shuffle.mlir	blob	100644	e93f69704f25bc7dec0b006a37abaf9047b8fc57
mlir/test/Conversion/GPUToSPIRV/wmma-ops-to-spirv-khr-coop-matrix.mlir	blob	100644	ad7f0546ba279e49389fb5aa314769d801a44c52
mlir/test/Conversion/IndexToLLVM/index-to-llvm.mlir	blob	100644	007929ed677fa9ad938aa70a8a5ddcff862ea991
mlir/test/Conversion/IndexToSPIRV/index-to-spirv.mlir	blob	100644	2d00adff2e8baa6d3d02edfb3f8931f8ae32df26
mlir/test/Conversion/LLVMCommon/types.mlir	blob	100644	6d5cf562abe024afc0fee25e08c33f7d0032fe49
mlir/test/Conversion/MPIToLLVM/mpitollvm.mlir	blob	100644	6445f5afd80002d4ceb19ad217debdd8e9ef58ba
mlir/test/Conversion/MathToEmitC/math-to-emitc-failed.mlir	blob	100644	f1de97c5465a9222568d1c53b7c2946770030c2a
mlir/test/Conversion/MathToEmitC/math-to-emitc.mlir	blob	100644	0947556e20fb531637eec6c37547bd52156b7945
mlir/test/Conversion/MathToFuncs/ctlz.mlir	blob	100644	b7ef0a8928912daf077e1ba1c42e563e123b09ca
mlir/test/Conversion/MathToFuncs/fpowi.mlir	blob	100644	7b935e2d0ae993f54d0ee6f9032015aff34da368
mlir/test/Conversion/MathToFuncs/ipowi.mlir	blob	100644	2702a1e22e621de2cdd40adcc15ff194b40f2983
mlir/test/Conversion/MathToLLVM/math-to-llvm.mlir	blob	100644	3cb902a64f18be276b236098fc2fb4c38e77b634
mlir/test/Conversion/MathToLibm/convert-to-libm.mlir	blob	100644	26b54566cb2cd1719b0b3d1224abcbed8e256e1e
mlir/test/Conversion/MathToNVVM/math-to-nvvm.mlir	blob	100644	ac14ab15fd80cf8758725d77bf3cec1bf419b5ba
mlir/test/Conversion/MathToROCDL/math-to-rocdl.mlir	blob	100644	455f886839604477828bd6e1a9605c69ec8b612d
mlir/test/Conversion/MathToSPIRV/math-to-core-spirv.mlir	blob	100644	586460fd5818055c35b201cd8398369fb4a57e47
mlir/test/Conversion/MathToSPIRV/math-to-fpclassify-spirv.mlir	blob	100644	5b875c97c17c948eb60b0235de6dbbec1cec5781
mlir/test/Conversion/MathToSPIRV/math-to-gl-spirv.mlir	blob	100644	45c921f0f7641d032dc26586c09f4af729c92c2b
mlir/test/Conversion/MathToSPIRV/math-to-opencl-spirv.mlir	blob	100644	faa509851a2e21ff5aef7bccfd964855adbced30
mlir/test/Conversion/MathToVCIX/math-to-vcix.mlir	blob	100644	9d4bf7bdb56556d0c4d347ed37eecaffa19645d1
mlir/test/Conversion/MathToXeVM/lit.local.cfg	blob	100644	cc1ce3535f2c705ca1257ab6589f3377191e20cf
mlir/test/Conversion/MathToXeVM/math-to-ocl.mlir	blob	100644	38a4c53bda4008366773014d6c1a3028bafab7b6
mlir/test/Conversion/MathToXeVM/math-to-xevm.mlir	blob	100644	1fa5956f7621434a42a06a6bcce7254d000f4b72
mlir/test/Conversion/MemRefToEmitC/memref-to-emitc-alloc-copy.mlir	blob	100644	8f5b93bffe27eb53b66440a8d89abc712686ae24
mlir/test/Conversion/MemRefToEmitC/memref-to-emitc-alloc-dealloc.mlir	blob	100644	5cdcfd64084697a2f36694b580aa640e827e6f9a
mlir/test/Conversion/MemRefToEmitC/memref-to-emitc-alloc-load-store.mlir	blob	100644	43c5733baccb33b33ee3f4373938c4d9a1cbf977
mlir/test/Conversion/MemRefToEmitC/memref-to-emitc-copy.mlir	blob	100644	828aa68ea9f1c946c9d1baff34be8d66040b5df8
mlir/test/Conversion/MemRefToEmitC/memref-to-emitc-failed.mlir	blob	100644	b4ae287cacb782629555546ac4503695b9b48b1c
mlir/test/Conversion/MemRefToEmitC/memref-to-emitc.mlir	blob	100644	1c832b3fba6eca3c79b2ef614c0cdc081110d781
mlir/test/Conversion/MemRefToEmitC/memref-with-custom-types.mlir	blob	100644	bdb41baa4f743d8f1b7fa9f1f857ff063cd8dc99
mlir/test/Conversion/MemRefToLLVM/convert-alloca-scope.mlir	blob	100644	5fb3059626cdc1cbab8c08df02194d90dffe0d30
mlir/test/Conversion/MemRefToLLVM/convert-dynamic-memref-ops.mlir	blob	100644	49d67d8b0c23bae418ac3e4fb9042aaba57ff72e
mlir/test/Conversion/MemRefToLLVM/convert-static-memref-ops.mlir	blob	100644	029d69279d1390e34451c8073517ae1c48d089e3
mlir/test/Conversion/MemRefToLLVM/expand-then-convert-to-llvm.mlir	blob	100644	7af291415b20282c927c337d29f01b164ce1c180
mlir/test/Conversion/MemRefToLLVM/generic-functions.mlir	blob	100644	9256461eadcb30682d411a4cda8f68c528a10a78
mlir/test/Conversion/MemRefToLLVM/invalid.mlir	blob	100644	6b34804ba3bbfb4ba6383259e6fe8494a6af2098
mlir/test/Conversion/MemRefToLLVM/memory-space-cast-non-integer-addrspace.mlir	blob	100644	c01ac4e53e53056f3c04c3a1f72623d352213f7b
mlir/test/Conversion/MemRefToLLVM/memref-to-llvm-with-transforms.mlir	blob	100644	f6d0524fce39d7577b6a1eb79789372161da009d
mlir/test/Conversion/MemRefToLLVM/memref-to-llvm.mlir	blob	100644	d709ddbdf15ddadf9b353652676110f307464624
mlir/test/Conversion/MemRefToLLVM/type-conversion.mlir	blob	100644	6c6756f5097b4076a258cd159b8feff0096e9e24
mlir/test/Conversion/MemRefToSPIRV/alloc.mlir	blob	100644	1e7a45e5a893928c30421bb9422c9c99b41cd2b8
mlir/test/Conversion/MemRefToSPIRV/alloca.mlir	blob	100644	dd65c092695375135e7fc6176a9ebcde962b779c
mlir/test/Conversion/MemRefToSPIRV/atomic.mlir	blob	100644	d37aa302933f83169d1a493023963b484d091783
mlir/test/Conversion/MemRefToSPIRV/bitwidth-emulation.mlir	blob	100644	a959471d7a6a986cf90b81b6d312b179f811dd7a
mlir/test/Conversion/MemRefToSPIRV/map-storage-class-vk.mlir	blob	100644	3bf2d5690dacb0e8b16685f2310ec423be41a743
mlir/test/Conversion/MemRefToSPIRV/map-storage-class.mlir	blob	100644	fdc69b81199941fe5709ccb6c303e5e424b73b19
mlir/test/Conversion/MemRefToSPIRV/memref-to-spirv.mlir	blob	100644	1095798483575cb3730db91a9061e17269125318
mlir/test/Conversion/NVGPUToNVVM/nvgpu-extf-large.mlir	blob	100644	9f2ddc5270c5057d6c06afdfd3ff701d1f58a7bd
mlir/test/Conversion/NVGPUToNVVM/nvgpu-extf.mlir	blob	100644	f0b535a9945166e59d8e093d1310e64fc9845548
mlir/test/Conversion/NVGPUToNVVM/nvgpu-to-nvvm-mma-fp8.mlir	blob	100644	8106d26401fc82c044ff555432249563af1e8d7c
mlir/test/Conversion/NVGPUToNVVM/nvgpu-to-nvvm.mlir	blob	100644	fe11c4f038af818d9ab3be88266d28e97c7edfc0
mlir/test/Conversion/NVGPUToNVVM/nvgpu-truncf-large.mlir	blob	100644	c5a66ccc3751f8929f065ef3b28108fe49a7ee43
mlir/test/Conversion/NVGPUToNVVM/nvgpu-truncf.mlir	blob	100644	56de1b933f660d6de579600c0b392da713364d7d
mlir/test/Conversion/NVVMToLLVM/invalid.mlir	blob	100644	ef37fa89a8939b8a3750b8cf695552439cd8faed
mlir/test/Conversion/NVVMToLLVM/nvvm-to-llvm.mlir	blob	100644	2ff915aa461dd1a43c4d2ebba0d131608c7614d5
mlir/test/Conversion/OpenACCToLLVM/atomic.mlir	blob	100644	dbb5ea438b44393a20c611fdfe176ca06a340856
mlir/test/Conversion/OpenACCToLLVM/data-diagnostics.mlir	blob	100644	5d1afa203e87b13a943d467d24f52eaddbae81db
mlir/test/Conversion/OpenACCToLLVM/data-runtime.mlir	blob	100644	19bd764843c026efd993d07d03d9aa7062c9609d
mlir/test/Conversion/OpenACCToLLVM/data.mlir	blob	100644	320ebbd91072e8ec996b084c1948378cbddb652c
mlir/test/Conversion/OpenACCToLLVM/host-data.mlir	blob	100644	7349f6a489e81d720c15b44ba0bdeb1938a2521c
mlir/test/Conversion/OpenACCToLLVM/init-shutdown-set.mlir	blob	100644	4c37ea91d67d11da9156a2beebdddd4478f2ad88
mlir/test/Conversion/OpenACCToLLVM/runtime-declaration-mismatch.mlir	blob	100644	43d08c5b9fae0487227530c15616895c41edf2d7
mlir/test/Conversion/OpenACCToLLVM/wait.mlir	blob	100644	3533714f0a0a506278283e2242a0c7d7b8cdbdca
mlir/test/Conversion/OpenACCToSCF/convert-openacc-to-scf.mlir	blob	100644	c08fd860e738bf7f0b43ddd021e12eba75927372
mlir/test/Conversion/OpenMPToLLVM/convert-to-llvmir.mlir	blob	100644	57291cb41bea82b2f4f6c142e0951b0747033291
mlir/test/Conversion/OpenMPToLLVM/map-info-type-conversion-fail.mlir	blob	100644	3bd9bb4aee7916e84bf1b216a967a5c00a057020
mlir/test/Conversion/PDLToPDLInterp/pdl-to-pdl-interp-matcher.mlir	blob	100644	86c0a92f5c6eb2aecac4534880a296f809759289
mlir/test/Conversion/PDLToPDLInterp/pdl-to-pdl-interp-rewriter.mlir	blob	100644	cf0cefd3280a85efbed1a2b340f2beb242e8d5aa
mlir/test/Conversion/PDLToPDLInterp/use-constraint-result.mlir	blob	100644	4511baff2015a49bd2e96e971f265cffad1f22d5
mlir/test/Conversion/PtrToLLVM/ptr-to-llvm.mlir	blob	100644	befec1e9b56320c1c313a571e2869edbc2b24e47
mlir/test/Conversion/RaiseWasm/wasm-abs-to-math-abs.mlir	blob	100644	eee03772589b9df35acca07dda8718b62a55a59b
mlir/test/Conversion/RaiseWasm/wasm-add-to-arith-add.mlir	blob	100644	377be5d1a2f1e3b757d163472bf747798f511f6a
mlir/test/Conversion/RaiseWasm/wasm-and-to-arith-and.mlir	blob	100644	eebc76e7322aee82519a435699e06ebfa3479beb
mlir/test/Conversion/RaiseWasm/wasm-blocks-to-cf.mlir	blob	100644	fdce71cab096b8e4df6972211a2bf4f68afa62cb
mlir/test/Conversion/RaiseWasm/wasm-ceil-to-math-ceil.mlir	blob	100644	15875f60c1c43f4cb3fc8ae4d75169ee8b1cca58
mlir/test/Conversion/RaiseWasm/wasm-clz-to-math-clz.mlir	blob	100644	944cf24ff40c2ea6a01de4bf2a64e3de64d5b23c
mlir/test/Conversion/RaiseWasm/wasm-comparisons-to-arith-cmp.mlir	blob	100644	6643b0389f405920cb896f8eb7b92a0249e5ad66
mlir/test/Conversion/RaiseWasm/wasm-const-to-arith-const.mlir	blob	100644	06bd0acab4f966af1009fb2eaa48273531613d6e
mlir/test/Conversion/RaiseWasm/wasm-convert-to-arith-tofp.mlir	blob	100644	4eeea757d48d05755a3f68644a17c770e6735396
mlir/test/Conversion/RaiseWasm/wasm-copysign-to-math-copysign.mlir	blob	100644	9ab2b7990e7c05aa91a96178c8172fd98f17aacc
mlir/test/Conversion/RaiseWasm/wasm-ctz-to-math-ctz.mlir	blob	100644	6cc9394eea99cde1f2d32a5068e63709d85dccd7
mlir/test/Conversion/RaiseWasm/wasm-demote-to-arith-trunc.mlir	blob	100644	342886e3bda00c4f66cd18b7290636b56269facb
mlir/test/Conversion/RaiseWasm/wasm-div-to-arith-div.mlir	blob	100644	3d6fa9af95442b4bb8da263bfa5d552c2b458bfc
mlir/test/Conversion/RaiseWasm/wasm-eqz-to-arith-cmp.mlir	blob	100644	083a24c5f36a8b6eec33864ab90693029bfe776f
mlir/test/Conversion/RaiseWasm/wasm-extend-to-arith-ext.mlir	blob	100644	2b8bb651bbe5b077e5232f80829f35135a1a3ca6
mlir/test/Conversion/RaiseWasm/wasm-floor-to-math-floor.mlir	blob	100644	5ca4694bdb8244d83f88ebd838497589eebc0ece
mlir/test/Conversion/RaiseWasm/wasm-func-to-func.mlir	blob	100644	1b2cfdc64a9753f99d9de7a41e5d67220f451576
mlir/test/Conversion/RaiseWasm/wasm-global-set-to-memref.mlir	blob	100644	937f7efd006ba8f93070f7873aa90c6691283d81
mlir/test/Conversion/RaiseWasm/wasm-global-to-memref-global.mlir	blob	100644	45a6636d89c2254582cb7af97829f7506be48b7b
mlir/test/Conversion/RaiseWasm/wasm-local-to-memref.mlir	blob	100644	839975ab87daa4c8c9b1bf5370633107c652056d
mlir/test/Conversion/RaiseWasm/wasm-loop-to-cf.mlir	blob	100644	cdaf249d9ccf6cd48b4bd2f132ea712194452cc3
mlir/test/Conversion/RaiseWasm/wasm-max-to-arith-maximumf.mlir	blob	100644	2f0d10788f03ce9e29ba25ab867d27f46b8791fb
mlir/test/Conversion/RaiseWasm/wasm-memory-to-memref.mlir	blob	100644	09b07184d97fa2d5037b98c5c8a85640bd4224a3
mlir/test/Conversion/RaiseWasm/wasm-min-to-arith-minimumf.mlir	blob	100644	d6a0141a5199f0922af8033603121bb8341881b1
mlir/test/Conversion/RaiseWasm/wasm-mul-to-arith-mul.mlir	blob	100644	51c8b43d980b5d098d8dc14cc1e1d9ad4f671cb9
mlir/test/Conversion/RaiseWasm/wasm-neg-to-arith-neg.mlir	blob	100644	a15b9a6c25990546c13cd764f418557d38f53f7a
mlir/test/Conversion/RaiseWasm/wasm-or-to-arith-or.mlir	blob	100644	44ce35209511d6719e96ba3c3e42400e09e0fc20
mlir/test/Conversion/RaiseWasm/wasm-popcnt-to-math-ctpop.mlir	blob	100644	1c027cf1972e8ce7e4b8324aa43bbec575763935
mlir/test/Conversion/RaiseWasm/wasm-promote-to-arith-ext.mlir	blob	100644	5cf04a0ccbd3ca25503ef4b3e002ed6174acb786
mlir/test/Conversion/RaiseWasm/wasm-reinterpret-to-arith-bitcast.mlir	blob	100644	78e3984870d6badc8c9664025e3337357681bb40
mlir/test/Conversion/RaiseWasm/wasm-rem-to-arith-rem.mlir	blob	100644	05a5b5bd10cfac4592e67c1f514a9106b38f2db3
mlir/test/Conversion/RaiseWasm/wasm-rotl-to-arith.mlir	blob	100644	b69f88afd4d7c72d1c912082c165fcda5bc1c3b1
mlir/test/Conversion/RaiseWasm/wasm-rotr-to-arith.mlir	blob	100644	f0b77271c86dde2ae99bcf642a999238c0a78d58
mlir/test/Conversion/RaiseWasm/wasm-select-to-arith-select.mlir	blob	100644	ed5d15f87d70f3f22bc5d863d13a2ed1f2ba0efe
mlir/test/Conversion/RaiseWasm/wasm-shl-to-arith-shl.mlir	blob	100644	efc4b5ca4922595bb3110b0b51dda91537174f8a
mlir/test/Conversion/RaiseWasm/wasm-shr_s-to-arith-shrs.mlir	blob	100644	d0c3a94e611a85e38699b2e8863052ad6d43ef54
mlir/test/Conversion/RaiseWasm/wasm-shr_u-to-arith-shru.mlir	blob	100644	38925b6899c4ba0d26121d19e61efcb484d61ba1
mlir/test/Conversion/RaiseWasm/wasm-sqrt-to-math-sqrt.mlir	blob	100644	394dc9e3216af44271383d0697d8d12a2519d3b3
mlir/test/Conversion/RaiseWasm/wasm-sub-to-arith-sub.mlir	blob	100644	933d3d16add7b3c3dcaeb47e5224bc6131a0fcd7
mlir/test/Conversion/RaiseWasm/wasm-trunc-to-math-trunc.mlir	blob	100644	a120967bc3c0e141c957b743cd7810cfa3107c77
mlir/test/Conversion/RaiseWasm/wasm-wrap-to-arith-trunc.mlir	blob	100644	61645256260866f2872bea89309bc8b00789d7d0
mlir/test/Conversion/RaiseWasm/wasm-xor-to-arith-xor.mlir	blob	100644	810729d883c61ae225f04dd384eff898914ce90d
mlir/test/Conversion/ReconcileUnrealizedCasts/reconcile-unrealized-casts.mlir	blob	100644	ac5ca321c066f280ba07ee27062fb2e4cf7841ae
mlir/test/Conversion/SCFToAffine/scf-to-affine.mlir	blob	100644	2a0ceddd1764f3fb5951fbea8a4c0a1f2baaa8e7
mlir/test/Conversion/SCFToControlFlow/convert-to-cfg.mlir	blob	100644	be89bfe9780bab3a2ca758c3bc2f9a89046a864d
mlir/test/Conversion/SCFToEmitC/for.mlir	blob	100644	571517fe7bf1945f53f6d6645d715421154d177b
mlir/test/Conversion/SCFToEmitC/if.mlir	blob	100644	596a4872b303099b4a10de1d9a49bea44b6e8dbd
mlir/test/Conversion/SCFToEmitC/scf-to-emitc-failed.mlir	blob	100644	7f226c51323d8a41604c958a18ede11d697273c5
mlir/test/Conversion/SCFToEmitC/switch.mlir	blob	100644	0dab98c8cc341b4bd90a752bf55b78c7f33679bb
mlir/test/Conversion/SCFToEmitC/while.mlir	blob	100644	28524a01f5e51ad387fbc4d21bf3dfe159a75f03
mlir/test/Conversion/SCFToGPU/no_blocks_no_threads.mlir	blob	100644	79eef8ae7eb856ad36cf53bff5fb32008d5ab9c1
mlir/test/Conversion/SCFToGPU/no_iter_args.mlir	blob	100644	ab6cb7ffedf494badfd557287bb1b6507e9c2f1a
mlir/test/Conversion/SCFToGPU/parallel_loop.mlir	blob	100644	2f192df1dad2e6425efd9df6b44649eae481ac84
mlir/test/Conversion/SCFToGPU/step_one.mlir	blob	100644	be6fadfbd0ad32e8790f0927ab8dbffda444fea4
mlir/test/Conversion/SCFToGPU/step_positive.mlir	blob	100644	84e8454e56171dec81d0ad423157822f0d70b640
mlir/test/Conversion/SCFToOpenMP/non-llvm-reduction-type.mlir	blob	100644	46417c46af46d7661c114ebb63fa451680127a64
mlir/test/Conversion/SCFToOpenMP/reductions.mlir	blob	100644	8e2343df488773e80964a1dccfaa912b6fb9bab3
mlir/test/Conversion/SCFToOpenMP/scf-to-openmp.mlir	blob	100644	d362bb60924193d90da292c75a45e9950239080f
mlir/test/Conversion/SCFToOpenMP/vector-reduction.mlir	blob	100644	baad2e9937c6326a1c976eb19759559e3e685471
mlir/test/Conversion/SCFToSPIRV/for.mlir	blob	100644	20e92c9c6bdc9a2f313d30569b7ca85ad62fa576
mlir/test/Conversion/SCFToSPIRV/func-signature.mlir	blob	100644	55f652229fa14a27bae1badd3802091babd1f9eb
mlir/test/Conversion/SCFToSPIRV/if.mlir	blob	100644	361b32783d2ee767ff107653b577c073af69614e
mlir/test/Conversion/SCFToSPIRV/index-switch.mlir	blob	100644	5e017838e51bec84d6644ee176628af7c39338b3
mlir/test/Conversion/SCFToSPIRV/signed-vector.mlir	blob	100644	ebba34d57e36f483f45f592aeda39be0aa9a9efc
mlir/test/Conversion/SCFToSPIRV/unsupported.mlir	blob	100644	1a1c24a09aa8c1dccb85cf2ed3953035f5cdc25d
mlir/test/Conversion/SCFToSPIRV/use-indices.mlir	blob	100644	68a825fbd93ebde0cd5625e6516cf7383b218a9a
mlir/test/Conversion/SCFToSPIRV/while.mlir	blob	100644	29e12fc4ccbdf786ed68f12c9a8b5c77e19ca98f
mlir/test/Conversion/SPIRVToLLVM/arithmetic-ops-to-llvm.mlir	blob	100644	14ddfd64fefa97a1f433812d2c890570b76054f2
mlir/test/Conversion/SPIRVToLLVM/barrier-ops-to-llvm.mlir	blob	100644	359aa350ac90c6e6609007ba289853baed73d2ff
mlir/test/Conversion/SPIRVToLLVM/bitwise-ops-to-llvm.mlir	blob	100644	0f25c84673cebf23e0558c1bd818bcea62e7c6d0
mlir/test/Conversion/SPIRVToLLVM/cast-ops-to-llvm.mlir	blob	100644	586dea350336a994e401cd105aa08e5be23db6bf
mlir/test/Conversion/SPIRVToLLVM/cl-ops-to-llvm.mlir	blob	100644	e6fed930268d474ee9ce65d8aeaffe58703f3cad
mlir/test/Conversion/SPIRVToLLVM/comparison-ops-to-llvm.mlir	blob	100644	52359db3be7bdc0fb742d07c4ab75a3d322d81a1
mlir/test/Conversion/SPIRVToLLVM/constant-op-to-llvm.mlir	blob	100644	ae4f1d9cbe27b79af1d1983057e4ca34d9e08c7c
mlir/test/Conversion/SPIRVToLLVM/control-flow-ops-to-llvm.mlir	blob	100644	d9a721be7f2400ce208d2711f093140fb155ae48
mlir/test/Conversion/SPIRVToLLVM/func-ops-to-llvm.mlir	blob	100644	9af6900c386cc7c123e44909f7ce878e53a9162d
mlir/test/Conversion/SPIRVToLLVM/gl-ops-to-llvm.mlir	blob	100644	e0deafd2824b91b405afec790cf060301358a41b
mlir/test/Conversion/SPIRVToLLVM/group-ops-to-llvm.mlir	blob	100644	8c8fc50349e795c27bf234e3dc901d3909a8520e
mlir/test/Conversion/SPIRVToLLVM/logical-ops-to-llvm.mlir	blob	100644	209330421997b2d00d2085b630ba5f8d9ab72bc4
mlir/test/Conversion/SPIRVToLLVM/lower-host-to-llvm-calls.mlir	blob	100644	61944b9d047e49ba4d633e518990b5b2ae5e5fe5
mlir/test/Conversion/SPIRVToLLVM/lower-host-to-llvm-calls_fail.mlir	blob	100644	e36d30b434fc76ee0335ff20cac9be419e336f50
mlir/test/Conversion/SPIRVToLLVM/memory-ops-to-llvm.mlir	blob	100644	468d4119e10e1ec686090f9f80bbf3d9879082bf
mlir/test/Conversion/SPIRVToLLVM/misc-ops-to-llvm.mlir	blob	100644	cb8d5ed3eff6f3f544bee956529ec9c536377a26
mlir/test/Conversion/SPIRVToLLVM/module-ops-to-llvm.mlir	blob	100644	894de8b9e90a924608cd8535a239c60e4127ffa2
mlir/test/Conversion/SPIRVToLLVM/non-uniform-ops-to-llvm.mlir	blob	100644	ab174ba2b41e482773ad861cd9956eb9dff55dcf
mlir/test/Conversion/SPIRVToLLVM/shift-ops-to-llvm.mlir	blob	100644	da4def7aeda82aee23407f5d33ade89b7803532b
mlir/test/Conversion/SPIRVToLLVM/spirv-storage-class-mapping-unsupported.mlir	blob	100644	626637386cca0931058f8f3f3df4ec677bb24652
mlir/test/Conversion/SPIRVToLLVM/spirv-storage-class-mapping.mlir	blob	100644	980406d775d1e9fb71950ffeb2e5ada71e0a207b
mlir/test/Conversion/SPIRVToLLVM/spirv-types-to-llvm-invalid.mlir	blob	100644	82c02b6c06c78262cb71af5c1659866de816ad4d
mlir/test/Conversion/SPIRVToLLVM/spirv-types-to-llvm.mlir	blob	100644	04510227a9bd9601a6d4a7c9c3ef5db401620d10
mlir/test/Conversion/ShapeToStandard/convert-shape-constraints.mlir	blob	100644	7fa37b869473c8b243d2ae7f51702d1aa6bde58d
mlir/test/Conversion/ShapeToStandard/shape-to-standard.mlir	blob	100644	3b73c513b7955f686d6f56340374a9b61513950f
mlir/test/Conversion/ShardToMPI/convert-shard-to-mpi-invalid.mlir	blob	100644	4d93e131e14beac6c03ba9e21d08561f1ba4203a
mlir/test/Conversion/ShardToMPI/convert-shard-to-mpi.mlir	blob	100644	062f05b5c5e131c5f260eef55581e61ccb1244c4
mlir/test/Conversion/ShardToMPI/convert-shardshape-to-mpi.mlir	blob	100644	9729d2bfb384e246c57d0082e000673764498980
mlir/test/Conversion/TensorToLinalg/tensor-ops-to-linalg.mlir	blob	100644	b58d407733f23701d71ac69e2e0b8776c53b8b6c
mlir/test/Conversion/TensorToSPIRV/tensor-ops-to-spirv.mlir	blob	100644	65c6e0587129eb30d19fc02a79df0ec11b99ec51
mlir/test/Conversion/TosaToArith/tosa-to-arith-invalid.mlir	blob	100644	749c833398d47f6daad925cb186206b1bee14baa
mlir/test/Conversion/TosaToArith/tosa-to-arith.mlir	blob	100644	48d8d52ddc39a01a04c02d6c51f8eb7e3fb0c7d9
mlir/test/Conversion/TosaToLinalg/tosa-to-linalg-invalid.mlir	blob	100644	ecfd953f9ef1f4c7d10b12c7e58002ab26cce644
mlir/test/Conversion/TosaToLinalg/tosa-to-linalg-named.mlir	blob	100644	801144c01829a93eaaf6ebf50a0db144e310be25
mlir/test/Conversion/TosaToLinalg/tosa-to-linalg-pipeline-no-validation.mlir	blob	100644	3db371c836ca28cbfc8edb9e2dbc57b2ac5f3567
mlir/test/Conversion/TosaToLinalg/tosa-to-linalg-pipeline.mlir	blob	100644	373b5b71cb68b3bdbb0cd3d52f8d3d0f2d66f89b
mlir/test/Conversion/TosaToLinalg/tosa-to-linalg-resize.mlir	blob	100644	2959cf59e953ac4617ffce19a925b8c2462524ab
mlir/test/Conversion/TosaToLinalg/tosa-to-linalg.mlir	blob	100644	a803ee7d99153c107e3351c4dbc6ef426ed4b03d
mlir/test/Conversion/TosaToMLProgram/tosa-to-mlprogram.mlir	blob	100644	d2092753f1f580a518fc4771b9e2014f4713511f
mlir/test/Conversion/TosaToSCF/tosa-to-scf-invalid.mlir	blob	100644	c1bb458f421138a7ada16932b82cb93b33d5bd6d
mlir/test/Conversion/TosaToSCF/tosa-to-scf.mlir	blob	100644	b6f2383ac81fcb4f9d49ae0099503bc0df884e05
mlir/test/Conversion/TosaToSPIRVTosa/custom-op-domain-to-opcode-invalid.mlir	blob	100644	e300603d4844a6f131d45514043e7e02ac55d4c3
mlir/test/Conversion/TosaToSPIRVTosa/custom-op-domain-to-opcode.mlir	blob	100644	15161f584d2755239a9bad6de092a559541bb2d9
mlir/test/Conversion/TosaToSPIRVTosa/descriptor-set-and-bindings.mlir	blob	100644	bbbe72c00a15b3e6607dc0374837ccc8103999e1
mlir/test/Conversion/TosaToSPIRVTosa/graph-constant-invalid.mlir	blob	100644	a89648c961404d38ae07c2a50d60b2764970d2a8
mlir/test/Conversion/TosaToSPIRVTosa/graph-constant-mark-invalid.mlir	blob	100644	def5b3bc5c8f1ca90fc57f9cfb7e229fa4d578c8
mlir/test/Conversion/TosaToSPIRVTosa/graph-constant-mark.mlir	blob	100644	b788bf216380641f1b3438eb8e6c42508a62a9eb
mlir/test/Conversion/TosaToSPIRVTosa/op-nesting.mlir	blob	100644	0a4f5f730d51e9bc12f880216bc9fdb66273a970
mlir/test/Conversion/TosaToSPIRVTosa/tosa-to-spirv.mlir	blob	100644	d9ac75833511fcff24b34e81b45ba06bc9da0d8d
mlir/test/Conversion/TosaToSPIRVTosa/type-conversions.mlir	blob	100644	76ca038f5da2d53e5c3d1befae59370be7c0b8bb
mlir/test/Conversion/TosaToSPIRVTosa/unsupported-func-calls.mlir	blob	100644	52c1ad526727d974eaf85c703f130b846814921c
mlir/test/Conversion/TosaToTensor/tosa-to-tensor-invalid.mlir	blob	100644	3e7c72c974bbf3ade0b6d754c9502a19c2032742
mlir/test/Conversion/TosaToTensor/tosa-to-tensor.mlir	blob	100644	0a276e2a5c3d257ce00d4fdf5ccb328d3def2bd0
mlir/test/Conversion/UBToLLVM/ub-to-llvm.mlir	blob	100644	0fe63f5a3a89f855c5219b4aaa80c8b004c7f903
mlir/test/Conversion/UBToSPIRV/ub-to-spirv.mlir	blob	100644	9c277cf99b9a837350d8fe44f108b117d1425f0b
mlir/test/Conversion/VectorToAMX/contract-to-amx.mlir	blob	100644	745cb088ef3f21513bccf2749de2111688080b42
mlir/test/Conversion/VectorToAMX/transfer-to-amx.mlir	blob	100644	120f13bd5d87660675bbf4331855c1ffa7b01037
mlir/test/Conversion/VectorToArmSME/unsupported.mlir	blob	100644	ff7b4bcb5f65a8dfb831f541a17e7487fd1b44e9
mlir/test/Conversion/VectorToArmSME/vector-to-arm-sme.mlir	blob	100644	1735e087825284ec0a8f16dc59e1b90ea3d864cc
mlir/test/Conversion/VectorToGPU/fold-arith-vector-to-mma-ops-mma-sync.mlir	blob	100644	75cca79e828b5019bb3139e80ce4ce731597d88d
mlir/test/Conversion/VectorToGPU/vector-to-mma-ops-mma-sync.mlir	blob	100644	988122ae0fd45e74e00408b0689bf653f86d0fc3
mlir/test/Conversion/VectorToGPU/vector-to-mma-ops.mlir	blob	100644	3af86a6dedff7d013e84feb73d6d4326117e40fc
mlir/test/Conversion/VectorToLLVM/pass-option-serialization.mlir	blob	100644	e457e318b0780135b654225e90c7273a1f946424
mlir/test/Conversion/VectorToLLVM/use-vector-alignment.mlir	blob	100644	5cdc1faa77bf7b72a0f5fb4824e57dbcf6402156
mlir/test/Conversion/VectorToLLVM/vector-load-store-to-llvm.mlir	blob	100644	d6f174a18fd60c3e07fb3eb599c674eea8eef7a0
mlir/test/Conversion/VectorToLLVM/vector-mask-to-llvm.mlir	blob	100644	5e3929931582aa9aad60d57a730e8f79407b0e72
mlir/test/Conversion/VectorToLLVM/vector-reduction-to-llvm.mlir	blob	100644	6ac19a0e5f4fb1f4b5dd40c0cd04823b5382db16
mlir/test/Conversion/VectorToLLVM/vector-scalable-memcpy.mlir	blob	100644	80e6caa05db5e514aa3d2ee23ecb342e8cac8c61
mlir/test/Conversion/VectorToLLVM/vector-to-llvm-32b.mlir	blob	100644	6d21ee77e186e86570848fc6a1cdce89798a1c6b
mlir/test/Conversion/VectorToLLVM/vector-to-llvm-interface.mlir	blob	100644	95a002545d2d4bf64bc540a01e204d99058bd498
mlir/test/Conversion/VectorToLLVM/vector-to-llvm.mlir	blob	100644	2aa747f0efd7d7d82eff9ff05bbb032ea6785996
mlir/test/Conversion/VectorToLLVM/vector-xfer-to-llvm.mlir	blob	100644	afbcce44215928041534a72f39c908dbf7204eea
mlir/test/Conversion/VectorToSCF/tensor-transfer-ops.mlir	blob	100644	6ec74f6b32db944635217e801257a97282ddfad2
mlir/test/Conversion/VectorToSCF/unrolled-tensor-transfer-ops.mlir	blob	100644	f8def658e947f0f1b1ba95598745f317aa605917
mlir/test/Conversion/VectorToSCF/unrolled-vector-to-loops.mlir	blob	100644	7d97829c06599c80da30ac0e1baaf3f21390fe09
mlir/test/Conversion/VectorToSCF/vector-to-scf-mask-and-permutation-map.mlir	blob	100644	812c8d95f371cff30b716df262b2ded2bc06f61f
mlir/test/Conversion/VectorToSCF/vector-to-scf.mlir	blob	100644	e3a7f57e144ed6dddde0e2105e5720ba76a61a67
mlir/test/Conversion/VectorToSPIRV/vector-reduction-to-spirv-dot-prod.mlir	blob	100644	989108a7d8d0cfa5479a11e6a800837f7d8335db
mlir/test/Conversion/VectorToSPIRV/vector-to-spirv.mlir	blob	100644	6319e305000341f7c28ab84b6a78ea2b8e54f4cf
mlir/test/Conversion/VectorToXeGPU/contract-to-xegpu.mlir	blob	100644	98b3133465b3efef3e5eef7e86f6d9f229de996e
mlir/test/Conversion/VectorToXeGPU/gather-to-xegpu.mlir	blob	100644	9617d347af2b6ddcda4478457c68e219a3e858de
mlir/test/Conversion/VectorToXeGPU/load-to-xegpu.mlir	blob	100644	d037fd30dc3c0124fba7ddb675c295f639ecb7d0
mlir/test/Conversion/VectorToXeGPU/scatter-to-xegpu.mlir	blob	100644	b9dd241990222cfa91370f18cfff32edb4f27ef7
mlir/test/Conversion/VectorToXeGPU/store-to-xegpu.mlir	blob	100644	dc9cabe0dbb18805081d3a3218ba5a18469eb675
mlir/test/Conversion/VectorToXeGPU/transfer-read-to-xegpu.mlir	blob	100644	1464aa1ace477c88832becc4d659b1efb99ce258
mlir/test/Conversion/VectorToXeGPU/transfer-write-to-xegpu.mlir	blob	100644	c6432378b496aa1ee646d05412b2d777c40e2f4e
mlir/test/Conversion/VectorToXeGPU/unflatten-gather-scatter.mlir	blob	100644	07a0d6abad59f55f562071df8082416aa9a597c9
mlir/test/Conversion/XeGPUToXeVM/create_nd_tdesc.mlir	blob	100644	939adc951ac3853757fbe3b2e32dbdcf542690f6
mlir/test/Conversion/XeGPUToXeVM/dpas.mlir	blob	100644	7cc59f4cfdcdf577cf8ebeee4d2a5802f59dcc89
mlir/test/Conversion/XeGPUToXeVM/dpas_mx.mlir	blob	100644	e3dd34f5c9e38b8d0a01794b7eed72451a609b2e
mlir/test/Conversion/XeGPUToXeVM/extf_truncf.mlir	blob	100644	f232ba817bc6e1a2860631d6f53fc7b4a45f9a06
mlir/test/Conversion/XeGPUToXeVM/failed_conversion.mlir	blob	100644	dfaa9521786a9aa5446cdd71904614a06a2a00fb
mlir/test/Conversion/XeGPUToXeVM/fence.mlir	blob	100644	cedfcace398a6236b1711f2a28caadfb88f35bb0
mlir/test/Conversion/XeGPUToXeVM/lane_shuffle.mlir	blob	100644	555125b7bc1565784a8334fa56c64ce7154c8c00
mlir/test/Conversion/XeGPUToXeVM/loadstore_1d.mlir	blob	100644	d92f4f5f64df7782eee55f0f56e2382feb87155d
mlir/test/Conversion/XeGPUToXeVM/loadstore_matrix.mlir	blob	100644	b7b8ab8c393e5f84d1657a74028786681706ced5
mlir/test/Conversion/XeGPUToXeVM/loadstore_nd.mlir	blob	100644	408950c0d8f0f4f66c3036e0eeb2688fa1840379
mlir/test/Conversion/XeGPUToXeVM/loadstore_nd_sub_byte.mlir	blob	100644	a8b5e695d4c38786037ab8175c56a71ffcb89900
mlir/test/Conversion/XeGPUToXeVM/loadstore_nd_transpose.mlir	blob	100644	d77a72119613e9b7d4ab1850ff4d8f7a9c4048b7
mlir/test/Conversion/XeGPUToXeVM/loadstoreprefetch.mlir	blob	100644	39be929978d1ebcb6823f4dd138941cf13774746
mlir/test/Conversion/XeGPUToXeVM/materializecast.mlir	blob	100644	969c369cd17e82072a470f37d15c073ac5a0d423
mlir/test/Conversion/XeGPUToXeVM/prefetch_nd.mlir	blob	100644	4163fccc9934fd8fcc92943d254c91511abf30ba
mlir/test/Conversion/XeGPUToXeVM/prefetch_nd_sub_byte.mlir	blob	100644	1ae9e3b203b547ad42c49ecc356d6084bb80f924
mlir/test/Conversion/XeVMToLLVM/legalize_large_vector.mlir	blob	100644	9aa4892c65aa8b3705a149c2eaaa12992312e2e9
mlir/test/Conversion/XeVMToLLVM/mxfp_scale_binary_hoist.mlir	blob	100644	b1c294e2eac2febded0b2ade008dcde5585f2fc1
mlir/test/Conversion/XeVMToLLVM/rewrite_alloca.mlir	blob	100644	9f57db3dec016d81d30943c95f3a7aed12207dc0
mlir/test/Conversion/XeVMToLLVM/xevm-to-llvm.mlir	blob	100644	a69b5970f9da4937c13c27f31cc24850d2b37c8d
mlir/test/Conversion/XeVMToLLVM/xevm_fp_conversion_lengths.mlir	blob	100644	fa2183f358798e4c24b12142e39b873d719a21c3
mlir/test/Conversion/XeVMToLLVM/xevm_mx-to-llvm.mlir	blob	100644	bc920092929592663438de8f5ecf3c3063dedc18
mlir/test/Dialect/AMDGPU/amdgpu-emulate-atomics.mlir	blob	100644	fa883bb96c1a040ff9bc7e78ec99d441dc5cc826
mlir/test/Dialect/AMDGPU/amdgpu-make-dma-descriptor-fold.mlir	blob	100644	06dc20deaf500ee5ac932d2417abfb7ce55f7823
mlir/test/Dialect/AMDGPU/amdgpu-resolve-strided-metadata.mlir	blob	100644	831bb5f0f66ec67d1bc8fdd7f4c42fa357c2b810
mlir/test/Dialect/AMDGPU/canonicalize.mlir	blob	100644	2db0cbe95f85e447d91b3e30cfc16540fae68452
mlir/test/Dialect/AMDGPU/fold-memref-alias-ops.mlir	blob	100644	65834a66af7b66d252b29770b4b0580eb87be040
mlir/test/Dialect/AMDGPU/inlining.mlir	blob	100644	33fb635d0156b7df2a7a568a578bfdfdf4118c26
mlir/test/Dialect/AMDGPU/invalid.mlir	blob	100644	4c00451dd7aeb16d5dac4d264a3b0568f64083a7
mlir/test/Dialect/AMDGPU/maskedload-to-load.mlir	blob	100644	f1d0ad545539aa6d766f88c0f8ba244ee8388821
mlir/test/Dialect/AMDGPU/ops.mlir	blob	100644	6477bb32ad2d15c922f52d9e8dc0b4e20e63c936
mlir/test/Dialect/AMDGPU/resolve-shaped-type-result-dims.mlir	blob	100644	6c7351a8923f38c06a8e6f6a36c112b64eb66d05
mlir/test/Dialect/Affine/SuperVectorize/compose_maps.mlir	blob	100644	d998ed874f416fcc495359bbba4eee60baa700ee
mlir/test/Dialect/Affine/SuperVectorize/invalid_missing_vector_size.mlir	blob	100644	4135e5cb6a696b8183cf3d08ba1d27c7d27f73a6
mlir/test/Dialect/Affine/SuperVectorize/invalid_type.mlir	blob	100644	65df957a1d40630e1117152e448175d8012dc777
mlir/test/Dialect/Affine/SuperVectorize/invalid_zero_size.mlir	blob	100644	442acecca97298287d2868ee86a3bf86be882807
mlir/test/Dialect/Affine/SuperVectorize/transform_op.mlir	blob	100644	5734362ee855feaac7383eac7cf52a7bfd09b723
mlir/test/Dialect/Affine/SuperVectorize/uniform_divergent.mlir	blob	100644	545f2d0813484675e0ce15c089059778279ddeb2
mlir/test/Dialect/Affine/SuperVectorize/vector_utils.mlir	blob	100644	71d8314bb60d8b5c4834afd1ee387fe3e2908431
mlir/test/Dialect/Affine/SuperVectorize/vectorize_1d.mlir	blob	100644	f99190be6365ddbdc6e9837d49ad82151b853e92
mlir/test/Dialect/Affine/SuperVectorize/vectorize_2d.mlir	blob	100644	eb5120a49e3d4ba3eb3c1882b823b2621a091654
mlir/test/Dialect/Affine/SuperVectorize/vectorize_2d_inbounds.mlir	blob	100644	49ba1a0c31ee10d5b92d13a991978f2cd6590638
mlir/test/Dialect/Affine/SuperVectorize/vectorize_3d.mlir	blob	100644	17ff2c38c4eb500fe08239f0a7e156b130f8030a
mlir/test/Dialect/Affine/SuperVectorize/vectorize_affine_apply.mlir	blob	100644	08ebea37b159d95a52c157fb4cbab039e85f7566
mlir/test/Dialect/Affine/SuperVectorize/vectorize_inner_loop_dep_bounds.mlir	blob	100644	4c64a481a940a9dc70499d2f973965d21aff0048
mlir/test/Dialect/Affine/SuperVectorize/vectorize_outer_loop_2d.mlir	blob	100644	6b8f03ba9c6b5f6aaecb8f35b537b4e9fdcf6aba
mlir/test/Dialect/Affine/SuperVectorize/vectorize_outer_loop_transpose_2d.mlir	blob	100644	05465d734d0b3e6a0081cfa3d845df3b27fde1fe
mlir/test/Dialect/Affine/SuperVectorize/vectorize_reduction.mlir	blob	100644	9dacc316f10725d920bc8902220a539d291f0347
mlir/test/Dialect/Affine/SuperVectorize/vectorize_reduction_2d.mlir	blob	100644	9377cf61949b983d4b5076b19e508bbacb4b27fb
mlir/test/Dialect/Affine/SuperVectorize/vectorize_transpose_2d.mlir	blob	100644	f1662b78242ed0eb7f17cb1a699f7a93777b0725
mlir/test/Dialect/Affine/SuperVectorize/vectorize_unsupported.mlir	blob	100644	331252bb9fe4b7ea505266566471f9dd341cf726
mlir/test/Dialect/Affine/access-analysis.mlir	blob	100644	de1790a70c0d91e55370354dd7f062381cd750bf
mlir/test/Dialect/Affine/affine-data-copy.mlir	blob	100644	f6d7186100fa63d60ea49d4a2e4a864ddb252877
mlir/test/Dialect/Affine/affine-expand-index-ops-as-affine.mlir	blob	100644	d99b2605147c3faf564b5f7f6dbf4498cc8b41fc
mlir/test/Dialect/Affine/affine-expand-index-ops.mlir	blob	100644	f9c4c561e3a10ebfbf66fd147514032ff3373578
mlir/test/Dialect/Affine/affine-loop-invariant-code-motion.mlir	blob	100644	2cb3826d8f6dbca0f09b5383a3032e10f6a2d281
mlir/test/Dialect/Affine/affine-loop-normalize.mlir	blob	100644	879ccd798eba3216bf68837de31863071fa28323
mlir/test/Dialect/Affine/canonicalize.mlir	blob	100644	57b92e79403fe0a26a07ce441d51629f86a73b91
mlir/test/Dialect/Affine/constant-fold.mlir	blob	100644	ace83e49974c744cf4c0ac01f83926aa5089a150
mlir/test/Dialect/Affine/decompose-affine-ops.mlir	blob	100644	e5db5cd9181d17f12119fcad485bb9e2fe45f11c
mlir/test/Dialect/Affine/dma-generate.mlir	blob	100644	d01bf5d0a780564b85558f13a37cac4165a3531e
mlir/test/Dialect/Affine/dma.mlir	blob	100644	7a15206bff87211479c2828aa9978bf258b27758
mlir/test/Dialect/Affine/fold-memref-alias-ops.mlir	blob	100644	5e3e10753180236355399bae360a75d16b18888d
mlir/test/Dialect/Affine/inlining.mlir	blob	100644	b98d00a4a637834696455af074e13bede07fbdfe
mlir/test/Dialect/Affine/int-range-interface.mlir	blob	100644	ac64ad09ee244d1198ac0f6190756abf445a77b4
mlir/test/Dialect/Affine/invalid-reify-bound-dim.mlir	blob	100644	c2fe61b0b92f9a5bec2de8c38281f572c6e8ea4e
mlir/test/Dialect/Affine/invalid.mlir	blob	100644	3afebfcc07628550ff8ad46f884e48214907dfa3
mlir/test/Dialect/Affine/load-store-invalid.mlir	blob	100644	3c1dd5b633d4405922fc4ac7d8724bb96c6307e8
mlir/test/Dialect/Affine/load-store.mlir	blob	100644	e214a0815746ddde0b896d88bbbc9d6b03e8d6d3
mlir/test/Dialect/Affine/loop-coalescing.mlir	blob	100644	b8a68b9c5c1f9822b9695238cf256be1b1e3d2b3
mlir/test/Dialect/Affine/loop-fusion-2.mlir	blob	100644	b26a539b2f7d5feb8a18fc9106285a89b6c3520c
mlir/test/Dialect/Affine/loop-fusion-3.mlir	blob	100644	70d6c82105543c9ed1bb8749eba4c5fa3904a683
mlir/test/Dialect/Affine/loop-fusion-4.mlir	blob	100644	a3adb3f1d1f20d7f049925affc59db1e7c116917
mlir/test/Dialect/Affine/loop-fusion-dependence-check.mlir	blob	100644	2c53852a8cec9f290122f082f07a792d5ea7bd58
mlir/test/Dialect/Affine/loop-fusion-inner.mlir	blob	100644	5828b070d792c8c7d310e9c6ed804461db6b758b
mlir/test/Dialect/Affine/loop-fusion-scf-mixed.mlir	blob	100644	cf67b71ff4a549073a13f5efe0a9da7fecb3a8ee
mlir/test/Dialect/Affine/loop-fusion-sibling.mlir	blob	100644	937c855b86b5061287b1a5f7eb874cefa8b36d2d
mlir/test/Dialect/Affine/loop-fusion-slice-computation.mlir	blob	100644	05bf3d415e1d663dd63c85c390cb274d6e62c2d0
mlir/test/Dialect/Affine/loop-fusion-utilities.mlir	blob	100644	11435ad2d020316a99ac5781808888a7635945f3
mlir/test/Dialect/Affine/loop-fusion.mlir	blob	100644	1ea42517988c3cdfb06848456953502f3591ed5e
mlir/test/Dialect/Affine/loop-permute.mlir	blob	100644	e38aeb543fceb172c947ffbb276898f0842da72f
mlir/test/Dialect/Affine/loop-tiling-parametric.mlir	blob	100644	c06f3af3431b13747d00d68bc28542b6ba3890d1
mlir/test/Dialect/Affine/loop-tiling-validity.mlir	blob	100644	cf2e12613ab92c5d3c51cd937b956d323b168e2b
mlir/test/Dialect/Affine/loop-tiling.mlir	blob	100644	d2aca48e615aebf17363ca48cc28e597a0ad73be
mlir/test/Dialect/Affine/loop-unswitch.mlir	blob	100644	3efb6acaac92b719593a3adbe35574e96fd626ca
mlir/test/Dialect/Affine/mem2reg.mlir	blob	100644	af890cdb7a7a029e4e3b835b70d0f599fffe6e74
mlir/test/Dialect/Affine/memref-bound-check.mlir	blob	100644	80909abee51d6434e3f7ecc7c00b8cc749c70e1d
mlir/test/Dialect/Affine/memref-dependence-check.mlir	blob	100644	0a96d1ac65e0ae75f1f50999f77af27574e91e54
mlir/test/Dialect/Affine/memref-stride-calculation.mlir	blob	100644	29a5f5e0d5f4402da20800aca4c715dfcbdd3f47
mlir/test/Dialect/Affine/ops.mlir	blob	100644	f5bcb384bc9cd73609e9909ccf0aa3b35a1aec54
mlir/test/Dialect/Affine/parallelize.mlir	blob	100644	17992f0111e9ed559f4b32c62d0c34b66caa30d4
mlir/test/Dialect/Affine/pipeline-data-transfer.mlir	blob	100644	2abf28a7a92497447f9acf9d5cb68eccd90e6f7a
mlir/test/Dialect/Affine/raise-memref.mlir	blob	100644	8dc24d99db3e2c759344339bd78f7fd9d66eaa08
mlir/test/Dialect/Affine/scalrep.mlir	blob	100644	892be0909caa1c5e207f849274493342709003b2
mlir/test/Dialect/Affine/simplify-min-max-ops.mlir	blob	100644	300486eb1366b7746bf28c9faa62cb0941e9c285
mlir/test/Dialect/Affine/simplify-structures.mlir	blob	100644	653c2cb5216370ac9cc3d9bfe25835d7392b2fca
mlir/test/Dialect/Affine/simplify-with-bounds.mlir	blob	100644	6cf474076f6fab082a13b6cf7924d3a7a009c3aa
mlir/test/Dialect/Affine/slicing-utils.mlir	blob	100644	e1bfeee23d0d22f97a75ea8fdcb55c17340c6261
mlir/test/Dialect/Affine/transform-op-simplify-bounded-affine-ops.mlir	blob	100644	d8e77f6e5538e12757931597448edcb2010625b1
mlir/test/Dialect/Affine/transform-op-simplify-min-max-ops.mlir	blob	100644	aa9bdf2b34eb9eda9fcbc76a09c51db5071f0f61
mlir/test/Dialect/Affine/trip-count.mlir	blob	100644	e28e410fd2112385d66e04dc4c69078f007e8bf1
mlir/test/Dialect/Affine/unroll-jam.mlir	blob	100644	e48f8d45d5637027b755ec6e5ba5f487b5392f5e
mlir/test/Dialect/Affine/unroll.mlir	blob	100644	efdceed7c9a25f8c7e8d4e2876e6d84e9e6deade
mlir/test/Dialect/Affine/value-bounds-op-interface-impl.mlir	blob	100644	7700e7b2144d6ca0bc18bbcde484eeb557ca0df2
mlir/test/Dialect/Affine/value-bounds-reification.mlir	blob	100644	2e801028057a183cac6b85b49eb06885f9c3f48d
mlir/test/Dialect/Arith/bufferize.mlir	blob	100644	2c5fad671ca52631e4323a59a62e0c232f43ccbb
mlir/test/Dialect/Arith/canonicalize.mlir	blob	100644	8a46c963f02d7a0ab44eddae7a383917826c3c7f
mlir/test/Dialect/Arith/constant-fold.mlir	blob	100644	172945fafdaf3f17847e3f0ab72b07f4e57fa45c
mlir/test/Dialect/Arith/emulate-narrow-type.mlir	blob	100644	7120882b0c07c0b483b4b4d884c386b63019864c
mlir/test/Dialect/Arith/emulate-unsupported-floats.mlir	blob	100644	fcd004ac554aa46dc55b4682e976d298a02f6be6
mlir/test/Dialect/Arith/emulate-wide-int-canonicalization.mlir	blob	100644	75fd9eda08782d4863fa67252054abeef1a77fca
mlir/test/Dialect/Arith/emulate-wide-int-unsupported.mlir	blob	100644	30dae88a255d97926a2b2891b8134d35239cf17c
mlir/test/Dialect/Arith/emulate-wide-int-very-wide.mlir	blob	100644	e3c535538e2b3eb62a1f9a45e308cf05e7b0bdee
mlir/test/Dialect/Arith/emulate-wide-int.mlir	blob	100644	abc97f30fb25ee9bcd2120669a4266af1f5be85a
mlir/test/Dialect/Arith/expand-flush-denormals.mlir	blob	100644	69a8e6b789cc134d3a68149091eeeef3185e7634
mlir/test/Dialect/Arith/expand-ops-min-max.mlir	blob	100644	08d374a35fc20110e3f6e124977745ef1a7b9d56
mlir/test/Dialect/Arith/expand-ops.mlir	blob	100644	0342d6a7036cffa75f44679e3bfc9ad03f38402d
mlir/test/Dialect/Arith/int-range-analysis-convergence.mlir	blob	100644	a932d4b699a89dfcd93a429cde6cee34d26b6bc8
mlir/test/Dialect/Arith/int-range-interface.mlir	blob	100644	dd8240299ef7e6a1fd94dab5c444c6b2d6c17db9
mlir/test/Dialect/Arith/int-range-loop-iter-args.mlir	blob	100644	24801875e257c8799c5924adc5ce55f7c8540f98
mlir/test/Dialect/Arith/int-range-narrowing.mlir	blob	100644	06ca5d19de9c979757e3f11df5accb41d5e6cf50
mlir/test/Dialect/Arith/int-range-opts-bug-119045.mlir	blob	100644	a2cf72a00e019e3a28b0c1726e7d711c23c99f3f
mlir/test/Dialect/Arith/int-range-opts-crash.mlir	blob	100644	99aa03714edb9c6c9aee60b7346959bed138ab2d
mlir/test/Dialect/Arith/int-range-opts.mlir	blob	100644	0cfbdf3e33c93156f8ecb1f7a4f869d06af5dad2
mlir/test/Dialect/Arith/invalid.mlir	blob	100644	49f55e855663d5c202cd91eded056eff24bc4fc1
mlir/test/Dialect/Arith/one-shot-bufferize-memory-space-invalid.mlir	blob	100644	26077287381d131cd985fc4c46683f11dc20d9db
mlir/test/Dialect/Arith/one-shot-bufferize.mlir	blob	100644	f6bdca7f4d9e56173729458992a60b06acdea922
mlir/test/Dialect/Arith/ops.mlir	blob	100644	76aef203a64fb1a2d96c7cf546e6237cd3bf5951
mlir/test/Dialect/Arith/shard-partition.mlir	blob	100644	833d371439bb5f17222de50eee0c301046caa15a
mlir/test/Dialect/Arith/sharding-propagation.mlir	blob	100644	dab7a86b84827fb2e868b1d0f2245cdfea71fd8e
mlir/test/Dialect/Arith/test-emulate-wide-int-pass.mlir	blob	100644	9209e26d896fdc1eac5a2db2081e2cf36279562c
mlir/test/Dialect/Arith/unsigned-when-equivalent.mlir	blob	100644	833fd0379820f557100fc2bc1846360bee3cc21d
mlir/test/Dialect/Arith/value-bounds-op-interface-impl.mlir	blob	100644	ceb8256003b1eceb6d959d4b53376d7e8eeb6afa
mlir/test/Dialect/Arith/vscale_constants.mlir	blob	100644	324766f49980f444a0377f6351ab53022ddb5a50
mlir/test/Dialect/ArmNeon/invalid.mlir	blob	100644	00d489b63919132df1c9f8d5a3aaace8c926a1a7
mlir/test/Dialect/ArmNeon/lower-to-arm-neon.mlir	blob	100644	f666915a56183d364518217148f01fbb32848e4c
mlir/test/Dialect/ArmNeon/roundtrip.mlir	blob	100644	ce2f2387a265981b560ba327949a78fe567335e5
mlir/test/Dialect/ArmNeon/vector-bfmmla.mlir	blob	100644	acffa7c37808327c190dfa8e7ceea2ce29bb52e7
mlir/test/Dialect/ArmSME/basic-tile-allocation.mlir	blob	100644	8b46998d56b044c0be31a3ac9667abae31f96b21
mlir/test/Dialect/ArmSME/canonicalize.mlir	blob	100644	643dfd4a7cbd98d865465c674a819d6ef0322d11
mlir/test/Dialect/ArmSME/enable-arm-streaming-invalid.mlir	blob	100644	4e92f814c0ec83a9ad30d9d83b21f589d874739d
mlir/test/Dialect/ArmSME/enable-arm-streaming.mlir	blob	100644	087cc98edbdd69df514e386a76f2a200a3c55ec1
mlir/test/Dialect/ArmSME/enable-arm-za.mlir	blob	100644	71155594e4b7c791155c4518a9e6d69232fb5052
mlir/test/Dialect/ArmSME/invalid.mlir	blob	100644	f00945e18cc1f855480df71c9bc7a3d99d3acff5
mlir/test/Dialect/ArmSME/outer-product-fusion.mlir	blob	100644	90005517835764c965f7618032be45611ee2257b
mlir/test/Dialect/ArmSME/roundtrip.mlir	blob	100644	c326895aad698e49f91d9e1f50a498d39a7e042a
mlir/test/Dialect/ArmSME/tile-allocation-copies.mlir	blob	100644	2327f74e7a5f9318dffbd97391ec3396a9ee1adb
mlir/test/Dialect/ArmSME/tile-allocation-invalid.mlir	blob	100644	6b5e44365bf584dbf6a800334ffa64a5c5ec30f0
mlir/test/Dialect/ArmSME/tile-allocation-liveness.mlir	blob	100644	0b739feaf019d763a9bf05fc86415a5242ded758
mlir/test/Dialect/ArmSME/tile-allocation-nested-regions.mlir	blob	100644	782f392e7a21e577ca661c2d92efc81033366972
mlir/test/Dialect/ArmSME/tile-allocation-spills-with-mixed-tile-types.mlir	blob	100644	752e6b61b083485d832e8cba39c08c22b0709f5c
mlir/test/Dialect/ArmSME/tile-zero-masks.mlir	blob	100644	02128ed87318042c227c9fcdac185296cf47faf4
mlir/test/Dialect/ArmSME/vector-legalization.mlir	blob	100644	a31417f106a9604130a0fc898d1212e165d12082
mlir/test/Dialect/ArmSVE/invalid.mlir	blob	100644	1d2529be0560b7e20c204a612ebd166191b98272
mlir/test/Dialect/ArmSVE/legalize-for-llvm.mlir	blob	100644	8c658db009adf393d554c9e33196c3ebedb409bf
mlir/test/Dialect/ArmSVE/legalize-transfer-read.mlir	blob	100644	49bd2eddbdedd957521bdfb45dea95a2aafa5257
mlir/test/Dialect/ArmSVE/legalize-vector-storage.mlir	blob	100644	3af03e563ae0d51347af59b4c5ef91a3af84d96b
mlir/test/Dialect/ArmSVE/roundtrip.mlir	blob	100644	b7b9329f1cb5a61b9c5dd38d683d6d060b76b5cf
mlir/test/Dialect/Async/async-parallel-for-async-dispatch.mlir	blob	100644	3f412ecd0c8f9b4cd4e476f4ce83e5fa07b95e1d
mlir/test/Dialect/Async/async-parallel-for-canonicalize.mlir	blob	100644	77b87ba91ce0b6d7d5dff2f4b4e8b3ee2575cad5
mlir/test/Dialect/Async/async-parallel-for-compute-fn.mlir	blob	100644	6f068c0e8d74cc77c11794c8420bb47212957acf
mlir/test/Dialect/Async/async-parallel-for-num-worker-threads.mlir	blob	100644	9f80cd8e74441a87cb986496bbf2ab9d915bce74
mlir/test/Dialect/Async/async-parallel-for-seq-dispatch.mlir	blob	100644	bfb01ca9efa86dd70557419406fad7683daffcb7
mlir/test/Dialect/Async/async-runtime-policy-based-ref-counting.mlir	blob	100644	2a3e31be5911a99418d0aafff466647f0f356df4
mlir/test/Dialect/Async/async-runtime-ref-counting-opt.mlir	blob	100644	b0f6a05278278fcffd8fed0e35e266e8d6af50e2
mlir/test/Dialect/Async/async-runtime-ref-counting.mlir	blob	100644	191d7fd45e82fb2865c66e153bd0b8e0a976fe09
mlir/test/Dialect/Async/async-to-async-runtime.mlir	blob	100644	c7734aa0445192e93c01e1c05f42ecd6276f4728
mlir/test/Dialect/Async/canonicalize.mlir	blob	100644	1a74eaa344e1695907408478679e38e48e082900
mlir/test/Dialect/Async/coro.mlir	blob	100644	d5413099a08880a9be8ca340abef0648c38b1a81
mlir/test/Dialect/Async/ops.mlir	blob	100644	36f40d5d074ffd419edf1a5c1004d7e6e6ca03e4
mlir/test/Dialect/Async/runtime.mlir	blob	100644	e4f0b33cebb19abe7193995c1b982a890277e9d9
mlir/test/Dialect/Async/verify.mlir	blob	100644	69387a77d9695f849b1a0caee3a078a7e744eef3
mlir/test/Dialect/Bufferization/Transforms/OwnershipBasedBufferDeallocation/dealloc-branchop-interface.mlir	blob	100644	3ce87f2fead216e042078ffa99e58b5b4b50504e
mlir/test/Dialect/Bufferization/Transforms/OwnershipBasedBufferDeallocation/dealloc-callop-interface.mlir	blob	100644	a77442dfe40e5b9bdfc4532f5282887d9aadf3aa
mlir/test/Dialect/Bufferization/Transforms/OwnershipBasedBufferDeallocation/dealloc-existing-deallocs.mlir	blob	100644	7a41ed205703139dddb3ce05692aaf6948199605
mlir/test/Dialect/Bufferization/Transforms/OwnershipBasedBufferDeallocation/dealloc-function-boundaries.mlir	blob	100644	fe007d4b4cf3cd565fb999418af8a0fc0e5d74ed
mlir/test/Dialect/Bufferization/Transforms/OwnershipBasedBufferDeallocation/dealloc-helper-function-invalid.mlir	blob	100644	d22fc7d9b74e9e269593b87ad2c5676e8e6c2d62
mlir/test/Dialect/Bufferization/Transforms/OwnershipBasedBufferDeallocation/dealloc-helper-function.mlir	blob	100644	eaf6625c838c0fcf015d0de71080efa8c35121ea
mlir/test/Dialect/Bufferization/Transforms/OwnershipBasedBufferDeallocation/dealloc-loops.mlir	blob	100644	53b28c3aab6fd8814236deaebd178d54bc61c2f3
mlir/test/Dialect/Bufferization/Transforms/OwnershipBasedBufferDeallocation/dealloc-memoryeffect-interface.mlir	blob	100644	73430d31b5b687faf4bae10f4fc372a3e18e1233
mlir/test/Dialect/Bufferization/Transforms/OwnershipBasedBufferDeallocation/dealloc-other.mlir	blob	100644	2204c6fae50d0f5f45c54c0cfedf8a1cc780114c
mlir/test/Dialect/Bufferization/Transforms/OwnershipBasedBufferDeallocation/dealloc-region-branchop-interface.mlir	blob	100644	423fc4730b137e7c54c66836c24fe57887caf08a
mlir/test/Dialect/Bufferization/Transforms/OwnershipBasedBufferDeallocation/dealloc-subviews.mlir	blob	100644	35523319de1548e06e085ea019206e1125b912fc
mlir/test/Dialect/Bufferization/Transforms/OwnershipBasedBufferDeallocation/invalid-buffer-deallocation.mlir	blob	100644	c623891e48362fa424a652142f59d3acf4d65ec6
mlir/test/Dialect/Bufferization/Transforms/OwnershipBasedBufferDeallocation/misc-other.mlir	blob	100644	f57e3473d9452f21a913a34291c7d32ede727876
mlir/test/Dialect/Bufferization/Transforms/buffer-deallocation-simplification.mlir	blob	100644	3acc09d23b59ef86532818eafcbb709744593f9b
mlir/test/Dialect/Bufferization/Transforms/buffer-hoisting.mlir	blob	100644	4c07df951e2806869698b481dd97114ce8b29cb1
mlir/test/Dialect/Bufferization/Transforms/buffer-loop-hoisting.mlir	blob	100644	ee7571b2c846690c54ba2f22b26b61675f9d7864
mlir/test/Dialect/Bufferization/Transforms/drop-equivalent-buffer-results.mlir	blob	100644	b20188af43bf534d9b386277e294ef5ee3f678c3
mlir/test/Dialect/Bufferization/Transforms/lower-deallocations-func.mlir	blob	100644	3de3a6a693cfb2df8a26f72c66c4a63d1ac83258
mlir/test/Dialect/Bufferization/Transforms/lower-deallocations.mlir	blob	100644	edffcbdd0ba7d6267ce57e133ff2f1b3efcea1f4
mlir/test/Dialect/Bufferization/Transforms/one-shot-bufferize-allow-return-allocs.mlir	blob	100644	4c7683ec211e47605ef3c6590e0ed36d2748fef7
mlir/test/Dialect/Bufferization/Transforms/one-shot-bufferize-analysis-bottom-up-from-terminators.mlir	blob	100644	1b75edc4c157fc61d204656fd446cf36e7270044
mlir/test/Dialect/Bufferization/Transforms/one-shot-bufferize-analysis-empty-tensor-elimination.mlir	blob	100644	9150986f4c2a2a6cf2d17d68408c2fcf1d9643b2
mlir/test/Dialect/Bufferization/Transforms/one-shot-bufferize-analysis.mlir	blob	100644	7d7b1c8eb9bee1f44f0e3cb8c6e79abbb7a0f240
mlir/test/Dialect/Bufferization/Transforms/one-shot-bufferize-compat.mlir	blob	100644	b693c563859cc6d97b2c295d67587f64cfba493d
mlir/test/Dialect/Bufferization/Transforms/one-shot-bufferize-empty-tensor-elimination.mlir	blob	100644	de48d33c754b03e761d130b5b27de6422950746b
mlir/test/Dialect/Bufferization/Transforms/one-shot-bufferize-encodings.mlir	blob	100644	bda3183340540ff0bfbcf5533b13e68e9a2cc599
mlir/test/Dialect/Bufferization/Transforms/one-shot-bufferize-memory-space-invalid.mlir	blob	100644	5feeab0bc89ca82e0ddace2c07aa889ecbac3a3c
mlir/test/Dialect/Bufferization/Transforms/one-shot-bufferize-partial.mlir	blob	100644	908c760d9a0cd7c9a2dd3b6e21cd3961dbe26b00
mlir/test/Dialect/Bufferization/Transforms/one-shot-bufferize-pass-statistics.mlir	blob	100644	6d2efc1034cc587bcd84401d405efe05b4f988f3
mlir/test/Dialect/Bufferization/Transforms/one-shot-bufferize.mlir	blob	100644	2e834c4f158c6cd1ba980a7a449af8703b956320
mlir/test/Dialect/Bufferization/Transforms/one-shot-module-bufferize-allow-return-allocs.mlir	blob	100644	21b508ee1dfc3df5402a57aad46e33128e1f7a48
mlir/test/Dialect/Bufferization/Transforms/one-shot-module-bufferize-analysis.mlir	blob	100644	c947407c63e74929c0dc937b8cd18ea3b200725a
mlir/test/Dialect/Bufferization/Transforms/one-shot-module-bufferize-call-copy-before-write.mlir	blob	100644	d44a0b043757da8bd1a2f5bff2255e1e0e1ca78d
mlir/test/Dialect/Bufferization/Transforms/one-shot-module-bufferize-force-copy-before-write.mlir	blob	100644	3fb89aa1a00210a1a0538b072b2de0360c93851a
mlir/test/Dialect/Bufferization/Transforms/one-shot-module-bufferize-invalid.mlir	blob	100644	948739eface6a32516e0b5dfbcae569510d57b2d
mlir/test/Dialect/Bufferization/Transforms/one-shot-module-bufferize-out-params.mlir	blob	100644	75e9a8926ad15d3c5a6b97ac0c304708c733c585
mlir/test/Dialect/Bufferization/Transforms/one-shot-module-bufferize.mlir	blob	100644	dbe44cba4d98f7642effe709438df478f71dddbd
mlir/test/Dialect/Bufferization/Transforms/one-shot-non-module-bufferize.mlir	blob	100644	09fdf8231b7cc75f9b8ed64e1bfdac9a1a7a8eef
mlir/test/Dialect/Bufferization/Transforms/optimize-allocation-liveness.mlir	blob	100644	b8fcccda8833aeff6cc22434a0c90ba59a01f37c
mlir/test/Dialect/Bufferization/Transforms/static-memory-planner-analysis.mlir	blob	100644	46f9f9ec96fd1947ec9d81967691effcd0461b27
mlir/test/Dialect/Bufferization/Transforms/static-memory-planner-arena-arg.mlir	blob	100644	1ad7e1a008e205d2283d9fd795c6d85f8ce43676
mlir/test/Dialect/Bufferization/Transforms/static-memory-planner-best-fit.mlir	blob	100644	9b8bdc079a28fae64c3130858d357a4bbe5afb3c
mlir/test/Dialect/Bufferization/Transforms/static-memory-planner-errors.mlir	blob	100644	f16d2bd0f39d3e17a1987e55fcf566e353a149c6
mlir/test/Dialect/Bufferization/Transforms/tensor-copy-insertion-memory-space-invalid.mlir	blob	100644	b9ea67b1b7e5a4189a98ee1733a8db07fbe6cf16
mlir/test/Dialect/Bufferization/Transforms/tensor-copy-insertion-memory-space.mlir	blob	100644	a3f00d141ce6d15ed8a0c9e7f08dd7b30f1b9d62
mlir/test/Dialect/Bufferization/Transforms/tensor-copy-insertion.mlir	blob	100644	55dcca193cbe4955e9b76bed39a4fbc7c164592b
mlir/test/Dialect/Bufferization/Transforms/tensorlike-bufferlike.mlir	blob	100644	d8b1a00522ab6d0b5cc413c683b3e88198025ae6
mlir/test/Dialect/Bufferization/Transforms/test-one-shot-module-bufferize.mlir	blob	100644	ccc60d42ca23a58925effedd2ee3f942cfc95e24
mlir/test/Dialect/Bufferization/Transforms/transform-ops.mlir	blob	100644	4e897a951bc6a9c48decf4da28289d996c6d869b
mlir/test/Dialect/Bufferization/bufferize.mlir	blob	100644	c42e21ac1bbaec9bb0cf9b2cd2d4d1137a2df9af
mlir/test/Dialect/Bufferization/canonicalize.mlir	blob	100644	d235e673c23365ecba0c46f94c11e554523cec8b
mlir/test/Dialect/Bufferization/inlining.mlir	blob	100644	de5fe3bd4a029c71dfd3d870f26b0983ee913670
mlir/test/Dialect/Bufferization/invalid.mlir	blob	100644	8df4434a16e3cedb825a65cd4f04d85a5b27299e
mlir/test/Dialect/Bufferization/ops.mlir	blob	100644	746b84475a3dadef11ea768e26dfa16da31eb02a
mlir/test/Dialect/Bufferization/shard-partition.mlir	blob	100644	720753227d99be50da0673d0b74f6bea16668626
mlir/test/Dialect/Bufferization/side-effects.mlir	blob	100644	129fc8b32c2706d74c824fbea0b3b853c65d155c
mlir/test/Dialect/Bufferization/value-bounds-op-interface-impl.mlir	blob	100644	5c71b56a95de280829483c9452a267c8de0b93aa
mlir/test/Dialect/Builtin/Bytecode/attrs.mlir	blob	100644	ee59abc14f1cdc818893e6c3e619dfbb8eb90f17
mlir/test/Dialect/Builtin/Bytecode/builtin_fixed.mlir	blob	100644	ebb198456b3c127312d20286090bd732b238a216
mlir/test/Dialect/Builtin/Bytecode/builtin_fixed_0.mlirbc	blob	100644	4f661b5a1d233336116b303958bc724529f88b5a
mlir/test/Dialect/Builtin/Bytecode/types.mlir	blob	100644	e1d4a18a33c73967da21e0f9cac19c2a8b8dbe11
mlir/test/Dialect/Builtin/canonicalize.mlir	blob	100644	2e36b7ee371c32283de0aac4874e4acdbbd9effc
mlir/test/Dialect/Builtin/invalid.mlir	blob	100644	74fffff86a584032cdd65629c4b32a3327f44e71
mlir/test/Dialect/Builtin/ops.mlir	blob	100644	4e8b1f7efde2385ff1f1b3caf343bbb26d30e7d8
mlir/test/Dialect/Builtin/types.mlir	blob	100644	80840ec32424e5b7a1cc47f84dc1efa3c43e085b
mlir/test/Dialect/Complex/attribute.mlir	blob	100644	070d942fd87e2bfe224f84dbf58f759c785a37e2
mlir/test/Dialect/Complex/canonicalize.mlir	blob	100644	f41b0a6c2bc8b9b698fe92b854ec25dd7d7e28de
mlir/test/Dialect/Complex/invalid.mlir	blob	100644	ba6995b727bc22cb0008a1d7f7686a80a260ceeb
mlir/test/Dialect/Complex/ops.mlir	blob	100644	96f17b2898c834e4dc9ef91356fa703c18d12ca0
mlir/test/Dialect/Complex/powi-simplify.mlir	blob	100644	c7bb6a9d81479127647dd069c1a8f6d8c8224977
mlir/test/Dialect/ControlFlow/canonicalize.mlir	blob	100644	c8cf5931a1297c0505503c525b2f1e9e5629f9a7
mlir/test/Dialect/ControlFlow/invalid.mlir	blob	100644	0a71c62ec31af06fff9bc308483d624a369499e7
mlir/test/Dialect/ControlFlow/one-shot-bufferize-analysis.mlir	blob	100644	bc8ac8d559aa4848c3befb380ddc1939ec91b0e2
mlir/test/Dialect/ControlFlow/one-shot-bufferize-invalid.mlir	blob	100644	28fdc3f3c13bdc3bd60dd35a873e0c544d8f1993
mlir/test/Dialect/ControlFlow/one-shot-bufferize.mlir	blob	100644	d2c026613d7dd1c76cb3bb395721fa6208039309
mlir/test/Dialect/ControlFlow/ops.mlir	blob	100644	160534240e0fa672a4b02fb29a493cc815274dee
mlir/test/Dialect/ControlFlow/value-bounds-op-interface-impl.mlir	blob	100644	e391967c7f91fa1e189bddbd44c07ff5a65a18c2
mlir/test/Dialect/DLTI/invalid.mlir	blob	100644	2436e4f7484f5a2fe3690c67d2c2ffd30a29b031
mlir/test/Dialect/DLTI/query.mlir	blob	100644	3825cee6f16164c76e34ddd36b724a070e59e30a
mlir/test/Dialect/DLTI/roundtrip.mlir	blob	100644	361c8bee78e1e4abbcc09e3be7acbdb9c571dd82
mlir/test/Dialect/DLTI/valid.mlir	blob	100644	4c24e80041003b72fa719caa3bda0d7eb33b1d88
mlir/test/Dialect/EmitC/arith/ops.mlir	blob	100644	16e6508bb3bec604a71c703028725a167784d0a9
mlir/test/Dialect/EmitC/attrs.mlir	blob	100644	cc01673c3803c7c198b788efd47b6bb0f87071db
mlir/test/Dialect/EmitC/canonicalize.mlir	blob	100644	eb035ee12de6bd79d80f16161c6c8ba1bce06e52
mlir/test/Dialect/EmitC/form-expressions.mlir	blob	100644	03494fbadde335a977ce44c67ec981b0604b8b8c
mlir/test/Dialect/EmitC/invalid_ops.mlir	blob	100644	308d74343c01c03f59169f740f535d865e682379
mlir/test/Dialect/EmitC/invalid_types.mlir	blob	100644	42b71707d1a4a428eaf7f21aad9da8d08d713274
mlir/test/Dialect/EmitC/math/ops.mlir	blob	100644	759e05b111edcf173c3d11607b5ec0019f40143a
mlir/test/Dialect/EmitC/member_call_opaque.mlir	blob	100644	bc4e0d55ddb483ac91d6de65d74750184aa1f3e9
mlir/test/Dialect/EmitC/mlgo-add-reflection-map.mlir	blob	100644	5fe768953f050912c8376dd8902169cc87b406d8
mlir/test/Dialect/EmitC/ops.mlir	blob	100644	1a23e539a85d3c73f9244d1b01ee3bc5db56b16f
mlir/test/Dialect/EmitC/types.mlir	blob	100644	3d3dc04d144bcc86b715dcc290c53bc492de87ff
mlir/test/Dialect/EmitC/wrap-func-in-class-static-name.mlir	blob	100644	d33f133a4e06ed92eb609618f53156b1e503b7b7
mlir/test/Dialect/EmitC/wrap-func-in-class.mlir	blob	100644	91010689e1e65935ccf0b9664192f96cd4b750bb
mlir/test/Dialect/Func/duplicate-function-elimination.mlir	blob	100644	b6588b39c5a87a9ef79b796aad02c71bae5a1b79
mlir/test/Dialect/Func/func-transform-invalid.mlir	blob	100644	29bd58ab52742e2d8a9dad69a40e498d22bf6bae
mlir/test/Dialect/Func/func-transform.mlir	blob	100644	b9244266474dea43367c5aaedaf83982121685a8
mlir/test/Dialect/Func/invalid.mlir	blob	100644	b3c4ec89033941f66bf446a4ef9461bef0f375f3
mlir/test/Dialect/GPU/all-reduce-add.mlir	blob	100644	bca9ea3f50bd54f383c8893c5e6ff0bd46ff192b
mlir/test/Dialect/GPU/all-reduce-maxf.mlir	blob	100644	9c32249b2230f28ad1f134aa62ef5965a32f3c85
mlir/test/Dialect/GPU/async-region.mlir	blob	100644	00832c45de1146e0a6226228a433e7f2979ef19f
mlir/test/Dialect/GPU/barrier-elimination.mlir	blob	100644	c35f9a3d88225258439721740e13b8eca1582e03
mlir/test/Dialect/GPU/broadcast-speculatability.mlir	blob	100644	7062ce4e6f46f0b721e86e7eed01ef2f94fa9451
mlir/test/Dialect/GPU/bufferization-buffer-deallocation.mlir	blob	100644	f6c671d07e6c7e7c20528e6d1e3f32499fe23682
mlir/test/Dialect/GPU/canonicalize.mlir	blob	100644	8f2803b2674905a10657238e4ce5256b0a25cced
mlir/test/Dialect/GPU/constant-address-space.mlir	blob	100644	9dcef61dead82f4db57488f89f3427d783b478c3
mlir/test/Dialect/GPU/decompose-memrefs.mlir	blob	100644	12d59dd4f98d5d500a5b1c8965edc8449d3f06eb
mlir/test/Dialect/GPU/dynamic-shared-memory.mlir	blob	100644	4e027187c42ba1960366bca82180c231803f2698
mlir/test/Dialect/GPU/fold-memref-alias-ops.mlir	blob	100644	33372260a16ccf150d91ca03168383476d0e6b53
mlir/test/Dialect/GPU/globalId-rewrite.mlir	blob	100644	d7d080a0093aaad612ed764082df62a57ce2606c
mlir/test/Dialect/GPU/indirect-device-func-call.mlir	blob	100644	85805da3ac10e15eef83eb8ee551b2f27b73e1c8
mlir/test/Dialect/GPU/int-range-interface-cluster.mlir	blob	100644	ff8ddd147ee91472e12791954be1f6332d40730e
mlir/test/Dialect/GPU/int-range-interface.mlir	blob	100644	628b668a659694144a22f670f6501602e5f50260
mlir/test/Dialect/GPU/invalid.mlir	blob	100644	1b6d3a41d2bd09e512d38966495affd810cfc21c
mlir/test/Dialect/GPU/mapping.mlir	blob	100644	b313ab69cc00187fbe298fbfa3d3dc51131d29e3
mlir/test/Dialect/GPU/memref-to-llvm.mlir	blob	100644	81a96bf29e84f50ed41378709bff3bc614f4e2c5
mlir/test/Dialect/GPU/module-to-binary-invalid-format.mlir	blob	100644	57df49ab597f63691ca13b4e4096e40fa5ae0b48
mlir/test/Dialect/GPU/module-to-binary-invalid.mlir	blob	100644	7043c4fe49e1a6a29b2b6ba1bd646588fb44ac53
mlir/test/Dialect/GPU/module-to-binary-nvvm-remarks.mlir	blob	100644	f89ca441748ab46fe2f7655ff87f5c1e65bc221a
mlir/test/Dialect/GPU/module-to-binary-nvvm.mlir	blob	100644	dee680208bdf03286d4b47d242456f17f01c1493
mlir/test/Dialect/GPU/module-to-binary-rocdl.mlir	blob	100644	7c3223d4b99703e71490ec5635a948fcfdefd3f0
mlir/test/Dialect/GPU/module-to-binary-spirv.mlir	blob	100644	d62f439279801740bfab7584316324a0db49670b
mlir/test/Dialect/GPU/multiple-all-reduce.mlir	blob	100644	4153bfb7339b25e2f5876cdf24aaf501e9cdc4a3
mlir/test/Dialect/GPU/named-barrier.mlir	blob	100644	6aef0648d16f727701830e77d6af9345b7f1e67d
mlir/test/Dialect/GPU/nvvm-attach-target.mlir	blob	100644	f5febc7166d43416e09fbe53fb8856664b53a169
mlir/test/Dialect/GPU/ops.mlir	blob	100644	1e0c02d5a9b5070515a0682a2609bdd85dfb8a77
mlir/test/Dialect/GPU/outlining.mlir	blob	100644	f708561bc2f019735240ef5926f7715dec98a16b
mlir/test/Dialect/GPU/promote-shuffle-amdgpu.mlir	blob	100644	747c997a3b441b2f04a90ccff69e407dec664fc5
mlir/test/Dialect/GPU/promotion.mlir	blob	100644	2da1be597753bfd0e1fb35f8ae28d7976f0beccf
mlir/test/Dialect/GPU/shuffle-rewrite.mlir	blob	100644	5492ebee915cd72ee8fe862399c43ad07c6196e0
mlir/test/Dialect/GPU/sink-ops.mlir	blob	100644	8f5924f2e32655fbcdc84c8d69ad494a297cfcdc
mlir/test/Dialect/GPU/sparse-roundtrip.mlir	blob	100644	b88492433ba02e119b1032362cb9768cf6d6e614
mlir/test/Dialect/GPU/spirv-attach-targets.mlir	blob	100644	766a1bae8abc2391054d108aadd0466ddcc7b937
mlir/test/Dialect/GPU/subgroup-mma-vector-unroll.mlir	blob	100644	c292dbda0bc13cc1396b7ad750df2c9983ada2ee
mlir/test/Dialect/GPU/subgroup-reduce-lowering.mlir	blob	100644	ed69a60de85bc2f5849120b4fc8d73d7c2399069
mlir/test/Dialect/GPU/subgroupId-rewrite.mlir	blob	100644	5fec8e55550e4e33f19175dd22d6df2ca3c74af7
mlir/test/Dialect/GPU/test-nvvm-pipeline.mlir	blob	100644	f02b26dba97d595e75ee7c413d7caa22807fe1f8
mlir/test/Dialect/GPU/transform-gpu-failing.mlir	blob	100644	099283826cee02ab79acdf7bb0ec2894152cfb19
mlir/test/Dialect/GPU/transform-gpu.mlir	blob	100644	337cee73f8e3594c4f32a24de22b8ee7792b55d9
mlir/test/Dialect/GPU/value-bounds-op-interface-impl.mlir	blob	100644	d6a2e17e197045885e648f5b16acb988411a7983
mlir/test/Dialect/IRDL/attributes-op.irdl.mlir	blob	100644	89a059803a86fdcb863643fdf45ade041ebe25ac
mlir/test/Dialect/IRDL/cmath.irdl.mlir	blob	100644	1d6286ef5a4c1d2358f8848332545f5e4727a704
mlir/test/Dialect/IRDL/cpred.irdl.mlir	blob	100644	c0ce2b9023c30a2736177f84b7b8cc4516da85e6
mlir/test/Dialect/IRDL/cyclic-types.irdl.mlir	blob	100644	7c0b94e675a11a1d826df224d2d2c35b9c0146b8
mlir/test/Dialect/IRDL/cyclic-types.mlir	blob	100644	56dc2d61787b6f779bd934a82b3e3d18d0ecd6b7
mlir/test/Dialect/IRDL/invalid.irdl.mlir	blob	100644	4ff7445c80de89da6034e4e9f9064a95097d6ac0
mlir/test/Dialect/IRDL/invalid_names.irdl.mlir	blob	100644	20729e836866b855a0e274436985795a079f3967
mlir/test/Dialect/IRDL/regions-ops.irdl.mlir	blob	100644	e5f884c99e5f4b994e2b97d1726ee74ee6a0740d
mlir/test/Dialect/IRDL/test-cmath.mlir	blob	100644	b7370c4fae730c44505672d7111fd851910a5cd2
mlir/test/Dialect/IRDL/test-type.irdl.mlir	blob	100644	1d471a673d8d4a11bfd8ea8168b886f675651d2a
mlir/test/Dialect/IRDL/test-type.mlir	blob	100644	9f79ebe4ba03854bf4a1ec883641712e64e3bc46
mlir/test/Dialect/IRDL/testd.irdl.mlir	blob	100644	45156db867fcbcbdb215f75cf16c28f8965291e3
mlir/test/Dialect/IRDL/testd.mlir	blob	100644	333bb96eb2e60fe80d1d476641ac5f97dc712b79
mlir/test/Dialect/IRDL/variadics-error.irdl.mlir	blob	100644	a400ea0458612bc9b1a5ea907252401bb16fe355
mlir/test/Dialect/IRDL/variadics.irdl.mlir	blob	100644	5118320f6d2e8049ee4e7f2bd0e962dcff412594
mlir/test/Dialect/IRDL/variadics.mlir	blob	100644	873f2488bfd0dd78959b9b243d99967cf81b4a88
mlir/test/Dialect/Index/index-canonicalize.mlir	blob	100644	45da6ea57d796e476e90872ff543389ed5c9af5e
mlir/test/Dialect/Index/index-errors.mlir	blob	100644	b32eb6a87179249c350889c7395ae7f4105b5d32
mlir/test/Dialect/Index/index-ops.mlir	blob	100644	ee5577811c04f9e848d433a5f1b7181328298bb2
mlir/test/Dialect/Index/inliner-interface.mlir	blob	100644	4c3d106a4fa6779da62f856e4b23cd0177f8d41c
mlir/test/Dialect/Index/int-range-inference.mlir	blob	100644	951624d573a6469b45b63e22738fae08daa052b4
mlir/test/Dialect/LLVM/lower-to-llvm-e2e-with-target-tag.mlir	blob	100644	005f6645da137fc553a5d790ad616cc74b03246c
mlir/test/Dialect/LLVM/lower-to-llvm-e2e-with-top-level-named-sequence.mlir	blob	100644	ec05908779674f145a10a03b0a4e42096591c273
mlir/test/Dialect/LLVM/lower-to-llvm-transform-symbol-def.mlir	blob	100644	4e3d3efd2d50c5a775c1a122bf50d9f4e768cce2
mlir/test/Dialect/LLVM/transform-e2e.mlir	blob	100644	589cf15547e19f3bd4c4dd6004e2f65dc49fef92
mlir/test/Dialect/LLVMIR/add-debuginfo-func-scope.mlir	blob	100644	e75e0392d894fd8a85a469d801f774ba283eae4c
mlir/test/Dialect/LLVMIR/add-linkonce-comdat.mlir	blob	100644	01ebd6650496a87bcfafd0974f5c41453b6a2144
mlir/test/Dialect/LLVMIR/alias.mlir	blob	100644	4b7d8e073aa2926c61e4f85f7b5ef58ab72a59b8
mlir/test/Dialect/LLVMIR/attach-targets.mlir	blob	100644	eabea4c2bdab545c5e35f5a053376ab5fb2de7cc
mlir/test/Dialect/LLVMIR/block-merge-successor-operand-types.mlir	blob	100644	41313d16b76c4ba6bd7c57a7654bc454c79d7f6d
mlir/test/Dialect/LLVMIR/blockaddress-canonicalize.mlir	blob	100644	241a2ea2edc66a236f5c7266968083453c861f42
mlir/test/Dialect/LLVMIR/bytecode.mlir	blob	100644	20bf83d32f6b569fcaaf80c0b9a930ece0331711
mlir/test/Dialect/LLVMIR/call-intrin.mlir	blob	100644	7a12e09eb6480fd40a3f4cc08a0fe35cd60b0a29
mlir/test/Dialect/LLVMIR/call-location.mlir	blob	100644	4a98c9e8d720ade44e048b517fef335abbd78e45
mlir/test/Dialect/LLVMIR/call-param.mlir	blob	100644	f64c233c47625c53cc69020b9c16d8e640c5438f
mlir/test/Dialect/LLVMIR/callgraph.mlir	blob	100644	5be0bc6252624e3cd8bb0151bbd9d48deb40cb4b
mlir/test/Dialect/LLVMIR/calling-conventions.mlir	blob	100644	153dfa18b4419c4578607f97da0504a723c900dc
mlir/test/Dialect/LLVMIR/canonicalize.mlir	blob	100644	3a7e514ca8f8a0ad5d65cb6931b7e4f055938d4b
mlir/test/Dialect/LLVMIR/comdat.mlir	blob	100644	234ab0463fd7b65f61a2fa1cd582f2f17cf4286e
mlir/test/Dialect/LLVMIR/constant-folding.mlir	blob	100644	0a6227bd2607b068d924c129e2ccffbadb71b0e2
mlir/test/Dialect/LLVMIR/cse-nvvm.mlir	blob	100644	8d24c3846f178c3eb0ea71097263510fd80cc9ed
mlir/test/Dialect/LLVMIR/debuginfo.mlir	blob	100644	15ebd664d99af7d097c384f2f4d5ccc8150954a3
mlir/test/Dialect/LLVMIR/dereferenceable-invalid.mlir	blob	100644	42e85496a53d0013182e7c5091226682f6d04e13
mlir/test/Dialect/LLVMIR/di-compile-unit-source-language.mlir	blob	100644	34d86a1aa0948c839fb164f8d00213006fd73cf5
mlir/test/Dialect/LLVMIR/di-expression-legalization.mlir	blob	100644	800c3548e5ad5ef56d4bfa70422d7976cfd91620
mlir/test/Dialect/LLVMIR/dynamic-gep-index.mlir	blob	100644	be0ce2f068284e783d6d74801a008cafb5c2da11
mlir/test/Dialect/LLVMIR/func.mlir	blob	100644	f243200e7ca131924e026fdb163f44f16ef0d3f4
mlir/test/Dialect/LLVMIR/global.mlir	blob	100644	69ccbb4eaac32517c8e323f444cda62c018f9b2d
mlir/test/Dialect/LLVMIR/ifunc.mlir	blob	100644	5c1ae6ff3f84f1edebfd6bda2cbb5d5542e592c5
mlir/test/Dialect/LLVMIR/indirectbr.mlir	blob	100644	63bdfea0c30953e4fc152756b787cc1b4a7326e6
mlir/test/Dialect/LLVMIR/inline-byval-huge.mlir	blob	100644	ef39b96b27366171c7f327528dd1b904292c8fb3
mlir/test/Dialect/LLVMIR/inlining-alias-scopes.mlir	blob	100644	63dd553e6e2fb355e4551e98f5bf8dc83a6653aa
mlir/test/Dialect/LLVMIR/inlining-debuginfo.mlir	blob	100644	97a9f9f0a3d06f69eb1ab0d2796e561c84dbcecb
mlir/test/Dialect/LLVMIR/inlining-loop-annotation.mlir	blob	100644	c09f2d18bcd0986ef9f764f4a6b9a098547abbe2
mlir/test/Dialect/LLVMIR/inlining-nvvm.mlir	blob	100644	6dc8ebb4315082132f012156235af09d37472b7a
mlir/test/Dialect/LLVMIR/inlining-rocdl.mlir	blob	100644	7fd97ef168e5b44b05f5f1fb7a96c4376050a95c
mlir/test/Dialect/LLVMIR/inlining.mlir	blob	100644	30616eaa7153599c18eb5267a7dc73bd81c2989c
mlir/test/Dialect/LLVMIR/invalid-call-location.mlir	blob	100644	38b4ed9f6e83dc18134abefceee44573b49c226f
mlir/test/Dialect/LLVMIR/invalid-cg-profile.mlir	blob	100644	bdc98ed30a06b2c727e2f710a1fe58863bdac33c
mlir/test/Dialect/LLVMIR/invalid-di-compile-unit-source-language.mlir	blob	100644	7a285c91e30d48c060ed494594bc0694eb2d63af
mlir/test/Dialect/LLVMIR/invalid.mlir	blob	100644	c2d59c1564a42db241e885ca9db69aebc29dfe88
mlir/test/Dialect/LLVMIR/layout.mlir	blob	100644	2bdad3539a4f05ed45239f80ee2e6eed2d9fec2f
mlir/test/Dialect/LLVMIR/legalize-for-export.mlir	blob	100644	7b4557d47bde2f5b5b724a6d059ca8212399c786
mlir/test/Dialect/LLVMIR/loop-metadata.mlir	blob	100644	5bdafda536195e457197ac2e172d7825671112e8
mlir/test/Dialect/LLVMIR/mem2reg-dbginfo.mlir	blob	100644	1f35711062672d3ed99a0d68eaef50226f79d66c
mlir/test/Dialect/LLVMIR/mem2reg-intrinsics.mlir	blob	100644	0cc2d5c383d1bc5e7b2a4c48febbe055ffb0afb2
mlir/test/Dialect/LLVMIR/mem2reg.mlir	blob	100644	67a543768f4ef6a191af673c8e747c28ed7baa89
mlir/test/Dialect/LLVMIR/mmra.mlir	blob	100644	95da9666d053cf33e1b484dea64c8d52f6667426
mlir/test/Dialect/LLVMIR/module-roundtrip.mlir	blob	100644	aa1f99a76ce5d8ceb4598d54cf5fa319572432f1
mlir/test/Dialect/LLVMIR/nvvm-canonicalize.mlir	blob	100644	fe9afd840bab2f74751be81e4f02905e0f1c6ece
mlir/test/Dialect/LLVMIR/nvvm-fp-assembly.mlir	blob	100644	e0445f8c012096aeaf216c20d8bca8d812c0cbc0
mlir/test/Dialect/LLVMIR/nvvm-mma-blockscale.mlir	blob	100644	acb861535b6585a462b59cb8b9513e49ce4a39dd
mlir/test/Dialect/LLVMIR/nvvm-mma-sp-kind.mlir	blob	100644	4e577ab0bc5a7006554514902b8412261d269a59
mlir/test/Dialect/LLVMIR/nvvm-mma-sp-ordered.mlir	blob	100644	12747ebc9608b8c415d9b0408269112673f30ec5
mlir/test/Dialect/LLVMIR/nvvm-mma-sp.mlir	blob	100644	ff3f0457435fcc1d0d77bb6d1eedb7c76839660b
mlir/test/Dialect/LLVMIR/nvvm-mma-sparse-blockscale.mlir	blob	100644	02dbe9baf18363a0d62a240d0cb88011fe50d2a5
mlir/test/Dialect/LLVMIR/nvvm-target-invalid.mlir	blob	100644	992b17564d35e58ac372340cc5ed729a8a5d43a8
mlir/test/Dialect/LLVMIR/nvvm-test-range.mlir	blob	100644	68a3b72653b05529aeea67dde243b47a1a34f17f
mlir/test/Dialect/LLVMIR/nvvm-transcendentals.mlir	blob	100644	002c0f94ad1740111bbd8192b0b4261f3a6f0bef
mlir/test/Dialect/LLVMIR/nvvm.mlir	blob	100644	e619f6e3092a32d62879ac3c1fe8fd1777378d1b
mlir/test/Dialect/LLVMIR/nvvm/invalid-convert-stochastic-rounding.mlir	blob	100644	608622224e8cc38846fd8d1e3346cfc514d38a79
mlir/test/Dialect/LLVMIR/nvvm_check_target_sm.mlir	blob	100644	074af98ac4b74c212dad2906e3d24628c4244c9f
mlir/test/Dialect/LLVMIR/nvvm_check_target_sm_trait.mlir	blob	100644	d95a42f8c94ea7ace389a66c99cb3c5d06516bf4
mlir/test/Dialect/LLVMIR/opaque-ptr.mlir	blob	100644	dd0b2475ff30f074db688824538c815b505acdf0
mlir/test/Dialect/LLVMIR/optimize-for-nvvm.mlir	blob	100644	2ef1982c40214d5e04d4d8386eea32ad69e03054
mlir/test/Dialect/LLVMIR/parameter-attrs-invalid.mlir	blob	100644	27d74068458a3ceebc629418a52f72d60612428c
mlir/test/Dialect/LLVMIR/ptr.mlir	blob	100644	3c208ae9d3211390dd5e4eba268038ba5b6ea25c
mlir/test/Dialect/LLVMIR/range-attr.mlir	blob	100644	5f2b67609743b3fbfe1d2410ac03af6b5153b378
mlir/test/Dialect/LLVMIR/request-c-wrappers.mlir	blob	100644	efc0a797220b7baae60e28304b40913644ad0be2
mlir/test/Dialect/LLVMIR/rocdl-cache-policy-invalid.mlir	blob	100644	354d1ef661b6e982b2bb88009a6a61b5bfb545bc
mlir/test/Dialect/LLVMIR/rocdl.mlir	blob	100644	1b5b641936881930b6a91f4615355b9401eba2c0
mlir/test/Dialect/LLVMIR/roundtrip.mlir	blob	100644	f33cce1b8928e7bced8e47a640567c5653b18c58
mlir/test/Dialect/LLVMIR/sroa-intrinsics.mlir	blob	100644	3253077a76077e3eb8d4471e3bbb80e4f806fb7a
mlir/test/Dialect/LLVMIR/sroa-statistics.mlir	blob	100644	c3896b8b16f14116517d9e9e14dd31d15b805b91
mlir/test/Dialect/LLVMIR/sroa.mlir	blob	100644	b019e66d5a430c20ebb13fbc57035875205ccf2a
mlir/test/Dialect/LLVMIR/tail-call-kinds.mlir	blob	100644	73a6aa2f91cbaaf2546d4c69fadcd49628bf916f
mlir/test/Dialect/LLVMIR/tbaa-invalid.mlir	blob	100644	5a58e2098675be195adeea84bc9015a4fa69b6bb
mlir/test/Dialect/LLVMIR/tbaa-roundtrip.mlir	blob	100644	b5a2fd39dc2e1a20874892d5bba553a6aaa55b23
mlir/test/Dialect/LLVMIR/terminator.mlir	blob	100644	86b70735d3efa9a8511b8962a20f99c881275b28
mlir/test/Dialect/LLVMIR/types-invalid.mlir	blob	100644	dfffc2ebf615327f38957468eabf0640d721cd41
mlir/test/Dialect/LLVMIR/types.mlir	blob	100644	ddea95b3979bd27d93b37063f67683804e301f7f
mlir/test/Dialect/LLVMIR/use-default-visibility.mlir	blob	100644	112c465b5514a468930a45116b813327b5745381
mlir/test/Dialect/LLVMIR/xevm.mlir	blob	100644	668801ceb3421d420891fd6ec98ea2130f2dd3a4
mlir/test/Dialect/Linalg/affine.mlir	blob	100644	624909f4fee7380bc1c26b0695f05d8e610a4ba2
mlir/test/Dialect/Linalg/block-pack-matmul-layout.mlir	blob	100644	2f30e8b9d01e723de2d846388b67bbc75450c1f4
mlir/test/Dialect/Linalg/block-pack-matmul-padding.mlir	blob	100644	e667879ceea0e9bb579dc337221860bec53f4bdc
mlir/test/Dialect/Linalg/block-pack-matmul-scalable.mlir	blob	100644	ed0a7b0006eca5cd5747040d502b253657188487
mlir/test/Dialect/Linalg/block-pack-matmul.mlir	blob	100644	6ac4c12ff5379d5bf77e77568fd7dc20d4c9d25d
mlir/test/Dialect/Linalg/bubble-up-extract-slice-op.mlir	blob	100644	4bf81820f0e80582bf6feba936709410255e48e1
mlir/test/Dialect/Linalg/bufferize.mlir	blob	100644	7b1af139f0f3e1ad7a68d2c7517e8befead2ec43
mlir/test/Dialect/Linalg/canonicalize.mlir	blob	100644	3fd6cb54b2a3575419032af1b425c9cc789111e3
mlir/test/Dialect/Linalg/categorize-named-ops.mlir	blob	100644	d95a82a75c643595fd398b41da41187268a146bf
mlir/test/Dialect/Linalg/collapse-dim.mlir	blob	100644	79d44a400004db4913a05c14b705bd6ee21c6aa9
mlir/test/Dialect/Linalg/constant-fold.mlir	blob	100644	3929c26a3382f42e5e96538e06e6a2b7d19543f3
mlir/test/Dialect/Linalg/continuous-tiling-full.mlir	blob	100644	a859c5a83de238a532cc850fadc3b7bd67a552c8
mlir/test/Dialect/Linalg/continuous-tiling-multiway-split.mlir	blob	100644	ddbc257bed9e063f361c67f013d69e328869586b
mlir/test/Dialect/Linalg/conv-interface-invalid.mlir	blob	100644	e7d6dd9004b86146dad04ddc575437fe61f7a059
mlir/test/Dialect/Linalg/convert-conv2d-to-img2col.mlir	blob	100644	19b108014c7a19cd153867642222a7e4ae7cfa4c
mlir/test/Dialect/Linalg/convert-elementwise-to-linalg.mlir	blob	100644	cc7a5469ba73bb86f062b1665fc546f86e2b7c5b
mlir/test/Dialect/Linalg/convolution/roundtrip-convolution.mlir	blob	100644	1c4106cb75b1c88a394e877788a83055e94886c7
mlir/test/Dialect/Linalg/data-layout-propagation.mlir	blob	100644	af6f70637d65725e544763ceb4eedb3dd73703e7
mlir/test/Dialect/Linalg/decompose-generic-by-unfolding-projected-permutation.mlir	blob	100644	f7f7c8be90ab4ac245a0181ef82a4c3e91c2a510
mlir/test/Dialect/Linalg/decompose-ops.mlir	blob	100644	d5be02976a6632a1779755fb692d6797e0450c23
mlir/test/Dialect/Linalg/decompose-pack-tile.mlir	blob	100644	1a1af0b477d484186a34df46537bdd91fe6cfbc7
mlir/test/Dialect/Linalg/decompose-pack.mlir	blob	100644	d6780053f529da24690db39bbf65f7db30e70023
mlir/test/Dialect/Linalg/decompose-pad-tensor.mlir	blob	100644	184361dfb30dfd25d0cd3421489e9017ff29105e
mlir/test/Dialect/Linalg/decompose-unpack-tile.mlir	blob	100644	4cf445f7402ed882ace81425710d60222e95d437
mlir/test/Dialect/Linalg/decompose-unpack.mlir	blob	100644	a53dde8d3dd05ea8f08c2813d7c5c6c33ae576e2
mlir/test/Dialect/Linalg/drop-unit-extent-dims.mlir	blob	100644	841d0e5f565125f6789a22ccc2686e2a6af200f7
mlir/test/Dialect/Linalg/elementwise/fold.mlir	blob	100644	5b9fa1b556a3ab443ff7ca8218bec35cb3c1f2e0
mlir/test/Dialect/Linalg/elementwise/generalize-named-ops.mlir	blob	100644	8eb21a7e119837c02c54833fc3ffababd70578bd
mlir/test/Dialect/Linalg/elementwise/invalid.mlir	blob	100644	217b69924824f169a42b45a818a73226c4abe460
mlir/test/Dialect/Linalg/elementwise/roundtrip.mlir	blob	100644	2a18cb799e242b1b372c41c4c31bf8fb74ac3387
mlir/test/Dialect/Linalg/erase-unused-operands-and-results.mlir	blob	100644	ff2bb0e1d24b7c495f24e8dcd2159b592358f2f4
mlir/test/Dialect/Linalg/fill-custom-scalar-type.mlir	blob	100644	a90867ab28977ed15ad47dfe05ba6d612a136d0a
mlir/test/Dialect/Linalg/fill-interface-invalid.mlir	blob	100644	0c96680a91b8526a6a65521e96304955c77be430
mlir/test/Dialect/Linalg/flatten-elementwise.mlir	blob	100644	0a282b16b8b978f3378bc8b19a297112296d03fe
mlir/test/Dialect/Linalg/flatten-unsupported.mlir	blob	100644	492211a5e5141dacb411621042b5d58eafd5e7b5
mlir/test/Dialect/Linalg/fold-add-into-dest.mlir	blob	100644	ae943b33d373eadbe3453441cb39b636fc68b1e4
mlir/test/Dialect/Linalg/fold-empty-op.mlir	blob	100644	5ce19d709131836a7534486f531d9e21fec4fe9d
mlir/test/Dialect/Linalg/forward-vector-transfers.mlir	blob	100644	35307705807823743e253c7a8f3b0892267a809c
mlir/test/Dialect/Linalg/fuse-with-reshape-by-collapsing.mlir	blob	100644	77c7d7d69a77d90cff623848cb2f0aa00bc372c2
mlir/test/Dialect/Linalg/fusion-elementwise-ops-with-concat.mlir	blob	100644	bbb4270d37f9f9c573ab9a2435529f1fa6590916
mlir/test/Dialect/Linalg/fusion-elementwise-ops.mlir	blob	100644	4f0d4bb0d8f5dc8c531449de0c22fe44be6dfc9f
mlir/test/Dialect/Linalg/fusion-elementwise-options.mlir	blob	100644	f11c58bb8ba8538523e6d76347b2518ce1c1e1de
mlir/test/Dialect/Linalg/fusion-elementwise.mlir	blob	100644	bd9977f1410b91a5289d2219e689e8c67c5b8988
mlir/test/Dialect/Linalg/fusion-multiuse-producer.mlir	blob	100644	e686d406ceabd7e75d249ff9e72dfc9c8fdb2e77
mlir/test/Dialect/Linalg/fusion-push-reshape.mlir	blob	100644	fd3c3217225086283aff229c83b217903aa6f9a4
mlir/test/Dialect/Linalg/generalize-named-ops.mlir	blob	100644	ef8c25e81971633fc5a836c5db5b33dbba157820
mlir/test/Dialect/Linalg/generalize-named-polymorphic-ops.mlir	blob	100644	4526dc90fad2edeeabf94b13f19fe6f1093bb84b
mlir/test/Dialect/Linalg/hoist-redundant-vector-transfers.mlir	blob	100644	ced8840d5c8927d2a921d21a0d02661c70342eb9
mlir/test/Dialect/Linalg/hoisting.mlir	blob	100644	62ebf66761e52999de0b6950b7dc15e7b5f2c2b9
mlir/test/Dialect/Linalg/inline-scalar-operands.mlir	blob	100644	8384b307d2dfbdb8b53081e52aa2a6f760d7e28a
mlir/test/Dialect/Linalg/inlining.mlir	blob	100644	660f59d186eabe35e20303f09a49c9773e88584c
mlir/test/Dialect/Linalg/invalid.mlir	blob	100644	70b375ef24941b175828c58b4b2067cf068db809
mlir/test/Dialect/Linalg/library-calls.mlir	blob	100644	e7ae43ed1bdc83cb52bf0ba96f8389c3d4a4a2a0
mlir/test/Dialect/Linalg/linalg-morph-elementwise-to-named.mlir	blob	100644	c0fe0517cf56a6e780bae63755a2499239f13672
mlir/test/Dialect/Linalg/lit.local.cfg	blob	100644	62743008a3e3a6e0394aa9af24db6f3a13290b07
mlir/test/Dialect/Linalg/loops.mlir	blob	100644	c570bc890519db3951e16cdda7fdd2bd31b3c67f
mlir/test/Dialect/Linalg/match-ops-interpreter.mlir	blob	100644	0d60e5e5655dd9b31f04df7fd069630e03ae0808
mlir/test/Dialect/Linalg/match-ops-invalid.mlir	blob	100644	b048c470f8f6415db69a4068371d08a549c32943
mlir/test/Dialect/Linalg/match-ops.mlir	blob	100644	7d15a101446ec7d5fe4c00ede32d50e1e1c752d4
mlir/test/Dialect/Linalg/matmul-shared-memory-padding.mlir	blob	100644	5b058327ace203ebb42db00eb8cf2c6d9139854a
mlir/test/Dialect/Linalg/multisize-tiling-full.mlir	blob	100644	41405dcc9a3692afafb82ed46034cd463e8d387a
mlir/test/Dialect/Linalg/named-ops.mlir	blob	100644	a4dbf38cfea1db9f98039cef3f7ec5234aede90c
mlir/test/Dialect/Linalg/one-shot-bufferize-analysis-2fill-extract-matmul-all-perms.mlir	blob	100644	8e11adc5938d19fce6b720752fa04e50a1dd06be
mlir/test/Dialect/Linalg/one-shot-bufferize-analysis.mlir	blob	100644	a0922bdfcfbe4ba2d8140f4c845f9e671b5d66d3
mlir/test/Dialect/Linalg/one-shot-bufferize-empty-tensor-elimination.mlir	blob	100644	761b75d8183732160b79c1e15c9c1af5e0a72cdc
mlir/test/Dialect/Linalg/one-shot-bufferize.mlir	blob	100644	2d6e10b123159ac863c91e9e41ef609cf0d2d048
mlir/test/Dialect/Linalg/pad-neutral.mlir	blob	100644	c85ad4d73c7059689dd804a2a3bbe90df1eb2e00
mlir/test/Dialect/Linalg/pad-to-specific-memory-space.mlir	blob	100644	6940cf8f349d09d88c73ebf27e92e7f548fac885
mlir/test/Dialect/Linalg/pad_fusion.mlir	blob	100644	56951b365b299def3ece0d72cdfa59f0e98122e4
mlir/test/Dialect/Linalg/parallel-loops.mlir	blob	100644	c04f27608d44526aa2bb4f336fd90dc28c1b5c86
mlir/test/Dialect/Linalg/promote.mlir	blob	100644	f23c67e09ac20c446ac4d60cea8c575b10b26cc9
mlir/test/Dialect/Linalg/promotion_options.mlir	blob	100644	f2afabbe21d26dde6c77058a26bea130e5df3b97
mlir/test/Dialect/Linalg/rank-reduce-contraction-ops.mlir	blob	100644	b7c095ca96b2d398c2f4ba840f3d90830835e1fe
mlir/test/Dialect/Linalg/reshape_control_fusion.mlir	blob	100644	0f0337a3604e00dd3807a3a5195606b33f9521ea
mlir/test/Dialect/Linalg/reshape_fusion.mlir	blob	100644	874de9e14714aa3643aa343db870721092e5ab9f
mlir/test/Dialect/Linalg/resolve-shaped-type-result-dims.mlir	blob	100644	7fbb123d4e16b5b3931c5cbafc1bedc877939e6f
mlir/test/Dialect/Linalg/roundtrip-broadcast.mlir	blob	100644	d6915ec8fbbf6f4714e5f5302901a7df79245df3
mlir/test/Dialect/Linalg/roundtrip-morphism-linalg-category-ops.mlir	blob	100644	63ecbf4e9278daace9ace66731af40e7f30e598d
mlir/test/Dialect/Linalg/roundtrip-morphism-linalg-named-ops.mlir	blob	100644	913ca280c2620db4db05e34c640f3ceed3c87f52
mlir/test/Dialect/Linalg/roundtrip-transpose.mlir	blob	100644	21b7b348f1c7f8c7c6ab8f4090698e2c19a9a1b0
mlir/test/Dialect/Linalg/roundtrip.mlir	blob	100644	53c32859c85c32d1abb715964b6a7c419b483077
mlir/test/Dialect/Linalg/runtime-verification.mlir	blob	100644	287f0e081da51fad635c3a4478da3b008cd90504
mlir/test/Dialect/Linalg/scalable-pack-consumer-fusion.mlir	blob	100644	de619d1fb9aa4ce627a6bbedbfc8329ff44662a7
mlir/test/Dialect/Linalg/scalable-pack-producer-fusion.mlir	blob	100644	12544b04d8478f5ca68d80686b15f763454ea54f
mlir/test/Dialect/Linalg/scalable-pack-tiling.mlir	blob	100644	bc1e98fbc91c7ce5f8280343c750f57e9d21981b
mlir/test/Dialect/Linalg/scalable-unpack-consumer-fusion.mlir	blob	100644	f0605d36780ba5dcf0552496dd1e62d667ca4635
mlir/test/Dialect/Linalg/scalable-unpack-producer-fusion.mlir	blob	100644	f62d18573aaab54418b5fa948a12f64c8e52548d
mlir/test/Dialect/Linalg/scalable-unpack-tiling.mlir	blob	100644	57bbc3af7949902004f10dcc262dc274f362beb2
mlir/test/Dialect/Linalg/shard-partition.mlir	blob	100644	b3ee6f8111f91f9986a7a69af7bf216f9cd738fc
mlir/test/Dialect/Linalg/sharding-propagation.mlir	blob	100644	e0ecefcf2d6bd717b6b91fdd767cf0bdd35f0edc
mlir/test/Dialect/Linalg/simplify-depthwise-conv.mlir	blob	100644	70e68e787242e0e1cd9f30243fd2c8db94da7c49
mlir/test/Dialect/Linalg/simplify-pack-unpack.mlir	blob	100644	f4f3cb233d45ec08f9c833e15894d46d43fee734
mlir/test/Dialect/Linalg/specialize-generic-ops-fail.mlir	blob	100644	f0792d7a696def3c076b0415d53593a7c14936f5
mlir/test/Dialect/Linalg/specialize-generic-ops.mlir	blob	100644	da51685fc584f444e69d9e1e74db97529f32efdd
mlir/test/Dialect/Linalg/standard.mlir	blob	100644	f50016f9ea477f77700cbae5767c39c6f3ee07df
mlir/test/Dialect/Linalg/subtensor-of-padtensor.mlir	blob	100644	6a056bab98807f919155424c757af7aa3da23cd3
mlir/test/Dialect/Linalg/swap-extract-slice-with-fill.mlir	blob	100644	030930162871424aaf91ca4b35d74441e400751c
mlir/test/Dialect/Linalg/td/decompose-pack.mlir	blob	100644	f98872282f5ec4ad686ab87a88900692f0525b55
mlir/test/Dialect/Linalg/td/decompose-unpack.mlir	blob	100644	71e8f0a59fbd9e192d1c7b5ba6a7d505ecd8fa55
mlir/test/Dialect/Linalg/td/propagate-data-layout.mlir	blob	100644	0eada8647e85c3a4f5b7ea07c395eb6efad438d0
mlir/test/Dialect/Linalg/td/vectorize-with-patterns.mlir	blob	100644	2abe14484418bad6dea7a6b994e75aac3c1498f6
mlir/test/Dialect/Linalg/test-drop-unit-dims.mlir	blob	100644	f24d37d7c6da035b8ad19f0ead20162ab127ca49
mlir/test/Dialect/Linalg/tile-and-fuse-tensors.mlir	blob	100644	94708701b9ad309b4881fc3c3645f97fdefe67e4
mlir/test/Dialect/Linalg/tile-conv.mlir	blob	100644	f674996e42f3335a051f1797d6b88087b58decf7
mlir/test/Dialect/Linalg/tile-indexed.mlir	blob	100644	d96a251b01ccb396017018ea7c3b44114f6235e7
mlir/test/Dialect/Linalg/tile-offset.mlir	blob	100644	41763dd688c1e9abf3eb7523ddc38cd2e088a9cf
mlir/test/Dialect/Linalg/tile-semi-affine-maps.mlir	blob	100644	555fc9206194da512c4abf0823fc0508535421cd
mlir/test/Dialect/Linalg/tile-softmax.mlir	blob	100644	7d201b58a8c3dfa3ff75fc71d3a2a1e1804c07f0
mlir/test/Dialect/Linalg/tile-tensors.mlir	blob	100644	557233d8aa3ec46965468a2c94a2eb40824c17a9
mlir/test/Dialect/Linalg/tile-to-forall.mlir	blob	100644	f0ba58c55e11f80f25e4db042c3279c71d4c9763
mlir/test/Dialect/Linalg/transform-lower-pack.mlir	blob	100644	efe832233f1cc1c575b4d5787b98e002d085ab44
mlir/test/Dialect/Linalg/transform-op-bufferize-to-allocation.mlir	blob	100644	00f0b043a6d00acc7d9c022401bd1c11675cf03b
mlir/test/Dialect/Linalg/transform-op-compose-masked-vectorize-and-cleanups.mlir	blob	100644	61fe3da34e1d55e46cfb8dbb7c4e342f8f7b7af9
mlir/test/Dialect/Linalg/transform-op-decompose.mlir	blob	100644	3897f8502bb04efda441710557dfa7fb7ff9858d
mlir/test/Dialect/Linalg/transform-op-fuse-into-containing.mlir	blob	100644	7f910b3b1e4fea59d41941571c7726d614b9f3fa
mlir/test/Dialect/Linalg/transform-op-fuse.mlir	blob	100644	538e5765cdc230d2b456f23a3cc8cd30428375b2
mlir/test/Dialect/Linalg/transform-op-generalize.mlir	blob	100644	2a59c066008b3f3660b5193d8b7bda52fa7dafcd
mlir/test/Dialect/Linalg/transform-op-gpu-map-copy-to-threads.mlir	blob	100644	ac8e2c9f575705d6c8e04deeadae1ec0a04459cb
mlir/test/Dialect/Linalg/transform-op-hoist-pad-build-packing-loop-nest.mlir	blob	100644	a95ccb62adfdc16d486694da941e819abdb005a5
mlir/test/Dialect/Linalg/transform-op-hoist-pad.mlir	blob	100644	b9ee1f0a7c1fc5120e914d551bce45ea7d28e490
mlir/test/Dialect/Linalg/transform-op-insert-slice-to-copy.mlir	blob	100644	d94fb64e04abceea20e74ba205aec4cb7107ffb0
mlir/test/Dialect/Linalg/transform-op-interchange.mlir	blob	100644	1b49abe98999888352968404a4b1019c632bedf1
mlir/test/Dialect/Linalg/transform-op-linalg-copy-to-memref.mlir	blob	100644	dcaaad24ae056c44531753faf661591051c0bc2d
mlir/test/Dialect/Linalg/transform-op-match.mlir	blob	100644	fd9d2aae3a9a7fbd7b919343f34b3c878eec0ea0
mlir/test/Dialect/Linalg/transform-op-matmul-to-outerproduct.mlir	blob	100644	a1a0c413da0c1c13b08fd036823b3566fd2c0b56
mlir/test/Dialect/Linalg/transform-op-multitile-sizes.mlir	blob	100644	41fa9f6b57bcbcc5c50367afecfc685c93d34ccb
mlir/test/Dialect/Linalg/transform-op-pack.mlir	blob	100644	13a07cc38e10bf43fc459ac77c7054ee53131de7
mlir/test/Dialect/Linalg/transform-op-pad-tiling-interface-multiple-of.mlir	blob	100644	ea19eaf353821b832bcd2be1671a1c11ae1de8c9
mlir/test/Dialect/Linalg/transform-op-pad-tiling-interface.mlir	blob	100644	d9e67d3905d35e1b8ab6a59c9be52c9ce9380ef4
mlir/test/Dialect/Linalg/transform-op-pad.mlir	blob	100644	d823419f1b309cf13c66e48a050888e40b2abb25
mlir/test/Dialect/Linalg/transform-op-peel-and-vectorize-conv.mlir	blob	100644	9805372233a64b9fad92a00b73eaa5213349ab88
mlir/test/Dialect/Linalg/transform-op-peel-and-vectorize.mlir	blob	100644	05a032b1ece062d0a6924b9535d4b4933fa3cb46
mlir/test/Dialect/Linalg/transform-op-replace.mlir	blob	100644	1a40912977dec293d87a22f3a9a6468f50835f64
mlir/test/Dialect/Linalg/transform-op-rewrite-in-destination-passing-style.mlir	blob	100644	befc8e259e8e7205b1e0e88f97d844cc8bb768bb
mlir/test/Dialect/Linalg/transform-op-scalarize.mlir	blob	100644	91949f58931a92446ef73439d53dbf6329868f64
mlir/test/Dialect/Linalg/transform-op-specialize-elemwise-binary.mlir	blob	100644	8bb5c0aca4474746a692d5387b7e5562198b93c0
mlir/test/Dialect/Linalg/transform-op-specialize-matmul.mlir	blob	100644	04f3589578adf69b473450b6206d19175969293d
mlir/test/Dialect/Linalg/transform-op-specialize.mlir	blob	100644	8ede2e0add10ba919e79505b987ea83408659bda
mlir/test/Dialect/Linalg/transform-op-split-reduction-by-scaling.mlir	blob	100644	b21a4a78369e4c964053dd345f3642fedf19e550
mlir/test/Dialect/Linalg/transform-op-split-reduction.mlir	blob	100644	82111f911aa244ff5179eb311eb7d1c78392d622
mlir/test/Dialect/Linalg/transform-op-split.mlir	blob	100644	5f6148250da4a1bc1cb4dbde9712a9e06a12a6c4
mlir/test/Dialect/Linalg/transform-op-swap-extract-slice-with-fill.mlir	blob	100644	c4d2cec5e50345e8a004f58befc585a5d9604bbf
mlir/test/Dialect/Linalg/transform-op-tile-pack-unpack.mlir	blob	100644	c7f27b5e8eebcb844ada4f0f8e4a6a0531fba8e0
mlir/test/Dialect/Linalg/transform-op-tile.mlir	blob	100644	049d60ae9f7f3f7928b253252884657fecbfa0c2
mlir/test/Dialect/Linalg/transform-op-vectorize.mlir	blob	100644	c23b684226d9cf1699e97e73b1dcc5c3611489e3
mlir/test/Dialect/Linalg/transform-ops-invalid.mlir	blob	100644	3c7f8895d2db105e70e10c35d7d2b6846e3c4856
mlir/test/Dialect/Linalg/transform-ops.mlir	blob	100644	fd989899dd06326b2c253d011f65c0807465f6a8
mlir/test/Dialect/Linalg/transform-pack-greedily.mlir	blob	100644	5812c4db88247fe2cfb86fa33cf283f6eb6744f3
mlir/test/Dialect/Linalg/transform-patterns.mlir	blob	100644	176e55e3e6c4aae89c88d34116a724e8c9af88b5
mlir/test/Dialect/Linalg/transform-promotion.mlir	blob	100644	0c86c650d0fc3dbf639ba261c021214c2b7e1fee
mlir/test/Dialect/Linalg/transform-tile-and-fuse-pack-unpack.mlir	blob	100644	e9c3e4a521d5e2c84bee29445e4dfdd35a31f0ec
mlir/test/Dialect/Linalg/transform-tile-and-fuse.mlir	blob	100644	49596f63b648a19b2a0403fc36c6eaedafb26e0c
mlir/test/Dialect/Linalg/transform-tile-and-winograd-rewrite.mlir	blob	100644	0c28098457d6516bb244e3ba6b4c372aacbd398b
mlir/test/Dialect/Linalg/transform-tile-reduction.mlir	blob	100644	25af6796d1f63ac4c436fe14489639da8d062c20
mlir/test/Dialect/Linalg/transform-tile-winograd.mlir	blob	100644	beb8d0b12573843908f11af815a7757476eb3911
mlir/test/Dialect/Linalg/transform-winograd-conv2d.mlir	blob	100644	54c395edab9e389de6895f87317b64a33c9f78bf
mlir/test/Dialect/Linalg/transpose-conv2d.mlir	blob	100644	409c36778ab7b5d69e91faad89bee6e36f6cc5ab
mlir/test/Dialect/Linalg/transpose-matmul-a.mlir	blob	100644	b1f33cfa56327e71ad99f8c556ab36b686c34df3
mlir/test/Dialect/Linalg/transpose-matmul-b.mlir	blob	100644	41e64c04dc6e59c50362761157c9f204491e0e20
mlir/test/Dialect/Linalg/transpose-matmul.mlir	blob	100644	4ee87fb11d527d29976abf84cf798b6424587256
mlir/test/Dialect/Linalg/value-bounds-op-interface-impl.mlir	blob	100644	bcd330443cc449c448a4bb26883ec4e74977561e
mlir/test/Dialect/Linalg/vectorization/contraction-interface.mlir	blob	100644	198bb4a5eae7a2b261a40ba1c65cf02e8f8e4352
mlir/test/Dialect/Linalg/vectorization/convolution-with-patterns-flatten.mlir	blob	100644	d6aea4b849eedb197d1cbbdbea649aad0d4a5868
mlir/test/Dialect/Linalg/vectorization/convolution-with-patterns.mlir	blob	100644	c89bf081428e30ccb9ae3e9df237eff51fb07b8a
mlir/test/Dialect/Linalg/vectorization/convolution.mlir	blob	100644	4e9cf847759514864c9717de2bbe754c91f2611b
mlir/test/Dialect/Linalg/vectorization/extract-with-patterns.mlir	blob	100644	45f8f6a393f0aec0617cb8922388faa456ee00cb
mlir/test/Dialect/Linalg/vectorization/extract.mlir	blob	100644	bc31ec0b1a2dd9d825f5b636c9b377140d5a64c9
mlir/test/Dialect/Linalg/vectorization/insert-slice-with-patterns.mlir	blob	100644	afd9c844bb88ddcdbdccf33da66806e1f614c86c
mlir/test/Dialect/Linalg/vectorization/insert-slice.mlir	blob	100644	34e251c527e3168dc05a57822e1aa5c84b97211c
mlir/test/Dialect/Linalg/vectorization/linalg-ops-with-patterns.mlir	blob	100644	28eaf74f23708876d57510188c9d604fccef5abd
mlir/test/Dialect/Linalg/vectorization/linalg-ops.mlir	blob	100644	1a0266a1c3977abeabc44c26ca4392c0adf1cdc0
mlir/test/Dialect/Linalg/vectorization/pad-patterns.mlir	blob	100644	65c30e052f4b2d0728e4ad9b92fa09d433a57074
mlir/test/Dialect/Linalg/vectorization/pad-with-patterns.mlir	blob	100644	29823cd77ad567cd31aa7777e4b83c91dfc1724a
mlir/test/Dialect/Linalg/vectorization/pad.mlir	blob	100644	6bbb7abb4f8a82668ac044f521cd51489817ee87
mlir/test/Dialect/Linalg/vectorization/unsupported.mlir	blob	100644	b5ee8da25adbac96a9939f4b367fc56423d3baf0
mlir/test/Dialect/Linalg/winograd-conv2d-rewrite.mlir	blob	100644	8465e553166f102130c03c0587df659c2909bdc9
mlir/test/Dialect/Linalg/winograd-conv2d.mlir	blob	100644	e80fa6b4af94479c69f9f4367ab0a680b63a5e4e
mlir/test/Dialect/MLProgram/attrs.mlir	blob	100644	666fec170a429c58789c1ad946dc705711cea268
mlir/test/Dialect/MLProgram/inlining.mlir	blob	100644	ac3677e1b9288217e5632378f35c6928d4d69dee
mlir/test/Dialect/MLProgram/invalid.mlir	blob	100644	79725a9bfbe186ed3785c2c63cf4a4e38c213a7e
mlir/test/Dialect/MLProgram/one-shot-bufferize.mlir	blob	100644	8591de052de9e2ce098c2e226f6d8bb7e7c26974
mlir/test/Dialect/MLProgram/ops.mlir	blob	100644	2fe661c58cf5794d0224512ee554fa64ff908bc2
mlir/test/Dialect/MLProgram/pipeline-globals.mlir	blob	100644	3f45d0ff2eb388691e172352995f6a70ef6062fb
mlir/test/Dialect/MPI/canonicalize.mlir	blob	100644	3523d46e212196eb9cc000f9d42d49024f431899
mlir/test/Dialect/MPI/mpiops.mlir	blob	100644	ee979d33c699d264f07bd01fe5755c499b403b60
mlir/test/Dialect/Math/algebraic-simplification.mlir	blob	100644	897147ee354416d01a7ae2a6f4c96a0ada100e63
mlir/test/Dialect/Math/canonicalize.mlir	blob	100644	a73a15f34e5779308b1b1fdb36b81c4305c615df
mlir/test/Dialect/Math/canonicalize_ipowi.mlir	blob	100644	681209276ad6b58f66e0d70d9c69c3401d667d66
mlir/test/Dialect/Math/depends-on-arith.mlir	blob	100644	1f88258a349c8318e1e09a024aef029970d5880d
mlir/test/Dialect/Math/expand-math.mlir	blob	100644	84b0bb0aa314ae4bc1a79d15aa91ccfedc3c9aee
mlir/test/Dialect/Math/extend-to-supported-types-f16.mlir	blob	100644	3674a91ef425f8fbc487d0cbd784e270e1ac5064
mlir/test/Dialect/Math/extend-to-supported-types.mlir	blob	100644	ad7169d4cf4ae50f769db86b61ee903dc061f731
mlir/test/Dialect/Math/ops.mlir	blob	100644	e7068bece3c6115b162926c315b57255cd1060f4
mlir/test/Dialect/Math/polynomial-approximation.mlir	blob	100644	c14ed47853411ee95859a44b0dce2b721f4eb6a2
mlir/test/Dialect/Math/sincos-fusion.mlir	blob	100644	cf16f9f02f63a87032bae8ee7267ab26bd51503d
mlir/test/Dialect/Math/uplift-to-fma.mlir	blob	100644	071ddd05284f3b3a54fb388f436ec4b9e57aafbc
mlir/test/Dialect/MemRef/alloc-to-alloca.mlir	blob	100644	2db374ad092a98927c2be62ffa829f7c3828d8f2
mlir/test/Dialect/MemRef/canonicalize.mlir	blob	100644	cc83e56ab67544acbc30c39b18a6f32fe9909b52
mlir/test/Dialect/MemRef/elide-reinterpret-cast-copy.mlir	blob	100644	cd3015aaba8d5e0095e15174284515bca522143d
mlir/test/Dialect/MemRef/elide-reinterpret-cast-load.mlir	blob	100644	6db97cfcca0c18583d2980cd2454d36207edb78b
mlir/test/Dialect/MemRef/emulate-narrow-type-cf-types.mlir	blob	100644	054091a49237d243f2bca1d1c84d783dc1152386
mlir/test/Dialect/MemRef/emulate-narrow-type-cf.mlir	blob	100644	dc67b776553a08dd1750334db5442e15e2ddc26e
mlir/test/Dialect/MemRef/emulate-narrow-type-no-assume-aligned.mlir	blob	100644	3625f91cedbd6a92cf0657f850e3ee5907c2810f
mlir/test/Dialect/MemRef/emulate-narrow-type-non-atomic.mlir	blob	100644	070d27993ca5e32666da46ded845d1ed9e052571
mlir/test/Dialect/MemRef/emulate-narrow-type.mlir	blob	100644	adc8fe3b36096cddbc6a8fb4bcb1f9bfc36bb686
mlir/test/Dialect/MemRef/emulate-wide-int.mlir	blob	100644	cad9ae334fb6367f966f332041d01ccae968eac1
mlir/test/Dialect/MemRef/expand-ops.mlir	blob	100644	fc8db546d918d434718873267b33b388ff2d32af
mlir/test/Dialect/MemRef/expand-realloc.mlir	blob	100644	bba2c9567056534e868030c09ed79bcd325ed45a
mlir/test/Dialect/MemRef/expand-strided-metadata.mlir	blob	100644	70c5e1aee85dcd51ecb2b0f10fe2a1991afb82a0
mlir/test/Dialect/MemRef/extract-address-computations.mlir	blob	100644	2736feb0adfaa5e91580d540b54a6dee0861c448
mlir/test/Dialect/MemRef/flatten_memref.mlir	blob	100644	5a87e9f90b9c10a46348eac06e62ec604e09ed60
mlir/test/Dialect/MemRef/fold-memref-alias-ops.mlir	blob	100644	8d69ea53025d9b39b7d49d7d7a406d914a916230
mlir/test/Dialect/MemRef/high-rank-overflow.mlir	blob	100644	2a6ec113c72614c63f424cc2ca0c6b625877308e
mlir/test/Dialect/MemRef/int-range-inference.mlir	blob	100644	34568d1d1d5200fd77a6c22a406718785e7ea155
mlir/test/Dialect/MemRef/invalid.mlir	blob	100644	7f2861985f6dc35912d99bc65413690323af8c1b
mlir/test/Dialect/MemRef/make-loop-independent.mlir	blob	100644	1989909727a88a67d37a1f19a8782cddf79cb9b0
mlir/test/Dialect/MemRef/mem2reg-statistics.mlir	blob	100644	902cc845eb4d667b5580a1a329d0fa753daff328
mlir/test/Dialect/MemRef/mem2reg.mlir	blob	100644	caf263fb1e05c8de64f8b05211b5335670aa7d50
mlir/test/Dialect/MemRef/multibuffer.mlir	blob	100644	948a60aaac25d76304cc59720aedc6b3ae115430
mlir/test/Dialect/MemRef/normalize-memrefs-ops-dynamic.mlir	blob	100644	a3f256b30c6a055d65be6335e2e5d87950feb685
mlir/test/Dialect/MemRef/normalize-memrefs-ops.mlir	blob	100644	f979ecf674f7603cb866b1fb30f12dd1aa96ce77
mlir/test/Dialect/MemRef/normalize-memrefs.mlir	blob	100644	dc6d6d69347a8644add04f24781f004ae1d123c0
mlir/test/Dialect/MemRef/ops.mlir	blob	100644	b09a5b95e663db900487eb605e3ff9960c467e3c
mlir/test/Dialect/MemRef/resolve-dim-ops.mlir	blob	100644	374e47fb34b4823053e6de4b174a87cbdce3a08c
mlir/test/Dialect/MemRef/runtime-verification.mlir	blob	100644	f449ac6e3b30c853436d238022801ce370e67d5b
mlir/test/Dialect/MemRef/sroa.mlir	blob	100644	95b76ff5a0f78384df9ba0446fdbe6d6711590b0
mlir/test/Dialect/MemRef/subview.mlir	blob	100644	fd8aaaf86b2d86318e1c2cf3e81d3e4699b499a6
mlir/test/Dialect/MemRef/transform-ops-assembly-invalid.mlir	blob	100644	03cc478518ddfb6e9d7229f330f2a7d67f328505
mlir/test/Dialect/MemRef/transform-ops-assembly.mlir	blob	100644	ddbc6c0a670c37bee55645ad7c8b350759a52736
mlir/test/Dialect/MemRef/transform-ops.mlir	blob	100644	065e228746c4b969649a3a7bff3fc41719a8b0f6
mlir/test/Dialect/MemRef/value-bounds-op-interface-impl.mlir	blob	100644	32af830aa1ea76f2b73d577e0af55919392ab7b7
mlir/test/Dialect/NVGPU/canonicalization.mlir	blob	100644	7f33a79cb102f1a3d7a6147830aa776aaf7a9ba0
mlir/test/Dialect/NVGPU/fold-memref-alias-ops.mlir	blob	100644	4b0da5580d17f12980ccf2d56f833333eba33574
mlir/test/Dialect/NVGPU/invalid.mlir	blob	100644	46e17eec3f93270cf49656332768d61c29d72d5e
mlir/test/Dialect/NVGPU/mma-sync-f32-to-tf32.mlir	blob	100644	586e1afbcee3185acbd554f3fb427e8e9165104d
mlir/test/Dialect/NVGPU/mma-sync-f32-to-tf32x3.mlir	blob	100644	07afc8e094331a8e8c803b6121ed0c02a14aeef0
mlir/test/Dialect/NVGPU/nvgpu-extf-invalid.mlir	blob	100644	d81c438aa29e9ebf154737416a9b8ee379d5690e
mlir/test/Dialect/NVGPU/nvgpu-truncf-invalid.mlir	blob	100644	c99f5279c03154664eb68fdc0e4e08354503b1fc
mlir/test/Dialect/NVGPU/optimize-shared-memory.mlir	blob	100644	a7d0e5d30e3dd627f8a065609191516d4398ec4b
mlir/test/Dialect/NVGPU/roundtrip.mlir	blob	100644	93cfc5ba5b9a9f4b9c42b87494a5c9ccafc43ccc
mlir/test/Dialect/NVGPU/tmaload-transform.mlir	blob	100644	901f7732797d16872b525b5dfef412603df11749
mlir/test/Dialect/NVGPU/transform-create-async-groups.mlir	blob	100644	e254e875f5916dedd12321ac7cbf5a30bad799f3
mlir/test/Dialect/NVGPU/transform-matmul-to-nvvm.mlir	blob	100644	d9b6a06c02c41ad4595c7ce4db89c035806643b2
mlir/test/Dialect/NVGPU/transform-pipeline-shared.mlir	blob	100644	985ad70b66dc14d68ab11e7a3b737d14f5327a9c
mlir/test/Dialect/OpenACC/acc-bind-routine.mlir	blob	100644	6c49196249e287fede334e4ab5a5424116a2e3cc
mlir/test/Dialect/OpenACC/acc-cg-to-gpu-barrier-gang-private-init.mlir	blob	100644	17362d85f56a439762c96551c9f95a4979ce5157
mlir/test/Dialect/OpenACC/acc-cg-to-gpu-block-redundant-seq-gang-private.mlir	blob	100644	1b90321f0d0fb561addec4a95b473aa8538f10d7
mlir/test/Dialect/OpenACC/acc-cg-to-gpu-block-redundant.mlir	blob	100644	fe82d90249aa06fef225bc2717d2bf5efe4cf90b
mlir/test/Dialect/OpenACC/acc-cg-to-gpu-bound-routine-call.mlir	blob	100644	9271c7113dab52892e2dea1b27efff40c7e22d9b
mlir/test/Dialect/OpenACC/acc-cg-to-gpu-launch-mapping.mlir	blob	100644	646f6efab322e3a9ed59c8e58e34209d069c1eae
mlir/test/Dialect/OpenACC/acc-cg-to-gpu-predicate-region-reuse-barrier.mlir	blob	100644	57459666c326a61d7444a8e158957e43e88b03b6
mlir/test/Dialect/OpenACC/acc-cg-to-gpu-predicate-region.mlir	blob	100644	8af8206d076924a46d2ca80abaa6b273c25369bf
mlir/test/Dialect/OpenACC/acc-cg-to-gpu-private-local-cast.mlir	blob	100644	5a949fbc882d4541a93557781b0ba1d237dfee34
mlir/test/Dialect/OpenACC/acc-cg-to-gpu-private-local-gang-redundant.mlir	blob	100644	6b27a84379864a40ee0f82cbb1e209912d0d9401
mlir/test/Dialect/OpenACC/acc-cg-to-gpu-privatize-local.mlir	blob	100644	c8986d7e87c5a89b59adfefde27e61de26369a4b
mlir/test/Dialect/OpenACC/acc-cg-to-gpu-privatize-routine-seq.mlir	blob	100644	dfa65e3a34f16671ceb26d4fe5ab7124e6fc667e
mlir/test/Dialect/OpenACC/acc-cg-to-gpu-privatize-threadprivate.mlir	blob	100644	63332b5c2b8c138a796c9c7b43d0b41829e25cba
mlir/test/Dialect/OpenACC/acc-cg-to-gpu-privatize-threadx-heap.mlir	blob	100644	fc7067cdbbd9f17a13b64adf820c5454e092cceb
mlir/test/Dialect/OpenACC/acc-cg-to-gpu-reduction-array-shared.mlir	blob	100644	651678c1171f94b6f8512615986f458d69a5d3e6
mlir/test/Dialect/OpenACC/acc-cg-to-gpu-reduction-array.mlir	blob	100644	0e0a9366da26f39b3f61bd29fb37deb0d178f3d0
mlir/test/Dialect/OpenACC/acc-cg-to-gpu-reduction-block-combine-no-reload.mlir	blob	100644	f94f5eb206c89875f1a76ed16d44dbae327397af
mlir/test/Dialect/OpenACC/acc-cg-to-gpu-reduction-combine-region-private-dest.mlir	blob	100644	2e0786df5e704b63f4feed31b958402ffe260413
mlir/test/Dialect/OpenACC/acc-cg-to-gpu-reuse-barrier-sibling-region-privatize.mlir	blob	100644	9954e7b3431a45173aa9808700f78e675431bf0a
mlir/test/Dialect/OpenACC/acc-cg-to-gpu-routine-call-nested-if.mlir	blob	100644	beea351a8442883a3d2d87a00e495c10e642dc79
mlir/test/Dialect/OpenACC/acc-cg-to-gpu-routine-worker-call-with-thread-y-reduction.mlir	blob	100644	d004a152b3e7815af685b45f0c9870420ca77d78
mlir/test/Dialect/OpenACC/acc-cg-to-gpu-worker-private-dynamic-nw.mlir	blob	100644	dd7fbb75e605648b1a8ee5572125bbbd99c14886
mlir/test/Dialect/OpenACC/acc-cg-to-gpu-worker-private-foldable-nw.mlir	blob	100644	beedcf851dc8deafb1d5939c5a3a298811865a28
mlir/test/Dialect/OpenACC/acc-cg-to-gpu-worker-reduction-combine-mixed-scope.mlir	blob	100644	e8805f4f2123e617bd32566fea687838212f829c
mlir/test/Dialect/OpenACC/acc-cg-to-gpu-worker-reduction-combine.mlir	blob	100644	9c35a2f913ba4553d58a4500180aa35c91050e38
mlir/test/Dialect/OpenACC/acc-cg-to-gpu-worker-reduction-private.mlir	blob	100644	7f1bf37481738b0f6c2eefe27cc5ba3189f9078b
mlir/test/Dialect/OpenACC/acc-cg-to-gpu-worker-vector-reuse-barrier.mlir	blob	100644	974e9f430862fa0de6ec95904f84f6581563d29d
mlir/test/Dialect/OpenACC/acc-cg-to-gpu-worker-vector-subgroup-align.mlir	blob	100644	1bb745e8e209eaa8f793cedff40ba3eea9cb3c55
mlir/test/Dialect/OpenACC/acc-compute-lowering-compute-async-wait.mlir	blob	100644	de0d0c7d027943887610bd353954e931085ad989
mlir/test/Dialect/OpenACC/acc-compute-lowering-compute-device-type.mlir	blob	100644	984cd5eb550bb414db5944dc624b39fef1377378
mlir/test/Dialect/OpenACC/acc-compute-lowering-compute.mlir	blob	100644	f871932587495029a92dddb223dca66c1d0e4367
mlir/test/Dialect/OpenACC/acc-compute-lowering-loop-device-type.mlir	blob	100644	8f227dbe13151e62824600735d00c5f8aa08312e
mlir/test/Dialect/OpenACC/acc-compute-lowering-loop.mlir	blob	100644	4da7ca88686558e4113590c5b63ca0f33b90d63c
mlir/test/Dialect/OpenACC/acc-compute-lowering-unstructured.mlir	blob	100644	bcfc066302cc4d37520bdea80e8d9357eaef6a66
mlir/test/Dialect/OpenACC/acc-declare-ctor-dtor-conversion.mlir	blob	100644	ad5e8414a34979174dbb9b9612822f99c66cced4
mlir/test/Dialect/OpenACC/acc-declare-gpu-module-insertion.mlir	blob	100644	2e5910d1556418f0843c064d3337b549c7c0cd92
mlir/test/Dialect/OpenACC/acc-emit-remarks-data.mlir	blob	100644	ba197f96ba86b55cee33186a15050c6b55af9728
mlir/test/Dialect/OpenACC/acc-emit-remarks-loop-pipeline.mlir	blob	100644	9f30ba27c30ed7aed8d20c3c0fe6de04472bf320
mlir/test/Dialect/OpenACC/acc-emit-remarks-loop.mlir	blob	100644	1b37317f19efcd921a44b383ad5c3fc755fc1eaa
mlir/test/Dialect/OpenACC/acc-emit-remarks-private.mlir	blob	100644	1ec0b5e49f44d92557334edcaacf178ed6178139
mlir/test/Dialect/OpenACC/acc-if-clause-lowering.mlir	blob	100644	fa96bbc0826014dce9a9349b9b03e2dafa5184c5
mlir/test/Dialect/OpenACC/acc-implicit-data-defaultnone.mlir	blob	100644	618eb1c900399396b26bd6d214b85f3c7621acda
mlir/test/Dialect/OpenACC/acc-implicit-data-reduction.mlir	blob	100644	f74461803047704eea5f24afe73371c91136b2b4
mlir/test/Dialect/OpenACC/acc-implicit-data.mlir	blob	100644	c899c5f2d6fa30a387e3f466b307b678c9b12792
mlir/test/Dialect/OpenACC/acc-implicit-declare.mlir	blob	100644	0998f1e9683e01a9b48c4f60345cdce8b39e826a
mlir/test/Dialect/OpenACC/acc-implicit-routine.mlir	blob	100644	20122dc0170c8f9bffccfa33d31bd9744ad77ffe
mlir/test/Dialect/OpenACC/acc-loop-tiling-invalid.mlir	blob	100644	4214b367c42cc8e4e8cbff749931221ab4dfa9cc
mlir/test/Dialect/OpenACC/acc-loop-tiling-remarks.mlir	blob	100644	efd2a6c47b07e427802316607c8e0222bd5e7df3
mlir/test/Dialect/OpenACC/acc-loop-tiling.mlir	blob	100644	ad23945df7687ae574708d8c6d0ce3cdb9f552c8
mlir/test/Dialect/OpenACC/acc-recipe-materialization-firstprivate-two-allocs.mlir	blob	100644	66e6b48dfa3af524a86cc614bb079b1bb1e3a731
mlir/test/Dialect/OpenACC/acc-recipe-materialization-firstprivate.mlir	blob	100644	564d02684be8e08da7ecdef918ce49882d641158
mlir/test/Dialect/OpenACC/acc-recipe-materialization-kernel-private.mlir	blob	100644	66c3822ceff532a03f44a26c5c26b1effd18b3d5
mlir/test/Dialect/OpenACC/acc-recipe-materialization-loc.mlir	blob	100644	bfc5f10d051705dddc72651c47c2b009584cec20
mlir/test/Dialect/OpenACC/acc-recipe-materialization-parallel.mlir	blob	100644	0d6c736b4ac154909af19cdd98c2a996f00d4041
mlir/test/Dialect/OpenACC/acc-recipe-materialization-private-init-reads-var.mlir	blob	100644	01aa7a071a1a6293fdbfebc62bbf6fe0ff1448fa
mlir/test/Dialect/OpenACC/acc-recipe-materialization-private.mlir	blob	100644	07d5b91c7b45fdb86efae68549e9ca30a229a006
mlir/test/Dialect/OpenACC/acc-recipe-materialization-reduction.mlir	blob	100644	2ade7c12c823af323fbe994c88497f6685c2e8c1
mlir/test/Dialect/OpenACC/acc-routine-lowering.mlir	blob	100644	abf8995444fa7b503f14d1a0c6c9de72e3d464d8
mlir/test/Dialect/OpenACC/acc-routine-to-gpu-func.mlir	blob	100644	88d5fcd7f10e78d0413b21b35283b9e004ed7bab
mlir/test/Dialect/OpenACC/acc-specialize-for-device.mlir	blob	100644	9ec271485e5ad6f600aaa514d29ce493e40b09fe
mlir/test/Dialect/OpenACC/acc-specialize-for-host-deep-nesting.mlir	blob	100644	0e4bd7d8217eef8f33e4e5bbc29f18b6925ffcb4
mlir/test/Dialect/OpenACC/acc-specialize-for-host-fallback.mlir	blob	100644	b0f24cc936823111dd87cae068abdde99e75ff95
mlir/test/Dialect/OpenACC/acc-specialize-for-host.mlir	blob	100644	0f6e23560f80bae6b194d37d426542146a0dcf1d
mlir/test/Dialect/OpenACC/canonicalize.mlir	blob	100644	70900942d96c4942d938aec016d1b4ca34e79b6d
mlir/test/Dialect/OpenACC/compute-region-canonicalize.mlir	blob	100644	24d74a381b2ae5c208885ad69286f970bb687050
mlir/test/Dialect/OpenACC/cse.mlir	blob	100644	f92975e7b833dfbcf8220682bfa34a2fb29fc10a
mlir/test/Dialect/OpenACC/invalid-cg-mapinfo.mlir	blob	100644	b2ee455e5bde6c4a29f98536b850b54211eab7a9
mlir/test/Dialect/OpenACC/invalid-cg.mlir	blob	100644	2848b29e6f1eaa6091eaff857a4e83ff2a177ebe
mlir/test/Dialect/OpenACC/invalid.mlir	blob	100644	eeb8e75c5c0394c71ae647cbd09b5e95a04ce6c5
mlir/test/Dialect/OpenACC/legalize-data.mlir	blob	100644	84e62621c03c8a5604c4eeb5a6b80db1682d0a86
mlir/test/Dialect/OpenACC/legalize-serial.mlir	blob	100644	81b0fa60174c7d0d5de620635386f17ee7040092
mlir/test/Dialect/OpenACC/offload-livein-value-canonicalization.mlir	blob	100644	7be62a789e6fac2639e9fde0e8581fc07cc627d9
mlir/test/Dialect/OpenACC/offload-target-verifier.mlir	blob	100644	aca6e22bae99ad8ee7e78e0fd42199f334469676
mlir/test/Dialect/OpenACC/ops-cg-mapinfo.mlir	blob	100644	d63e9fe4d01f0d08624331d8d2e3ac179e94ebe0
mlir/test/Dialect/OpenACC/ops-cg-privatization.mlir	blob	100644	a797320cf5a5aa32262f0c25a14718bbfdcda25e
mlir/test/Dialect/OpenACC/ops-cg.mlir	blob	100644	fb290ea9ccea6e8fca6be69557f93c94d6390350
mlir/test/Dialect/OpenACC/ops.mlir	blob	100644	8eff15138bdee525cebcad9e47788c4aaf6aff66
mlir/test/Dialect/OpenACC/pointer-like-interface-alloc.mlir	blob	100644	3d4bec7f4637eb4261f4f1564bbeb2d4039174ee
mlir/test/Dialect/OpenACC/pointer-like-interface-cast.mlir	blob	100644	2a0939a3020db79446e6a997625282f15e13bb73
mlir/test/Dialect/OpenACC/pointer-like-interface-copy.mlir	blob	100644	9220d84a29f94d9d9de373c81cc9b16cde087d6e
mlir/test/Dialect/OpenACC/pointer-like-interface-free.mlir	blob	100644	ecf4f75fe06d1a41ac9f0cd7f48693c57a821640
mlir/test/Dialect/OpenACC/pointer-like-interface-load.mlir	blob	100644	36df6a1d1bbe328b88fc12ebb512c2ec75b0ae88
mlir/test/Dialect/OpenACC/pointer-like-interface-store.mlir	blob	100644	0fee43102d6d9e235440f15d6d2c4fac4599f93f
mlir/test/Dialect/OpenACC/recipe-populate-firstprivate.mlir	blob	100644	8846c9e76a27a56937b366481f76865b187feba8
mlir/test/Dialect/OpenACC/recipe-populate-private-from-firstprivate.mlir	blob	100644	154d44e31d027369c9f78a6ba09756414ca4bd92
mlir/test/Dialect/OpenACC/recipe-populate-private.mlir	blob	100644	3d5a91839da0d34cc2e9190e1d3dad8f3eefd620
mlir/test/Dialect/OpenACC/region-branchop-interface.mlir	blob	100644	8e6f2b7c7dedb84f289d30247e900842b0dd049c
mlir/test/Dialect/OpenACC/support-analysis-recipename.mlir	blob	100644	8ea53b5d0f4d4e11491aafe797a169938ec2dd6d
mlir/test/Dialect/OpenACC/support-analysis-unsupported.mlir	blob	100644	c4d5b81a1380a43d62cca545c3f3a53312264396
mlir/test/Dialect/OpenACC/support-analysis-varname.mlir	blob	100644	662658f77659fa6e4d32db28f3a8f7c346dab8c4
mlir/test/Dialect/OpenMP/attr.mlir	blob	100644	a17112df4a3f52e3a0066e36aa34459a2f37b6d4
mlir/test/Dialect/OpenMP/canonicalize.mlir	blob	100644	cc42f2ed8618c760f2a0e32d2d173cadcd6a0e60
mlir/test/Dialect/OpenMP/cli-canonical_loop-invalid.mlir	blob	100644	345c53d2890b81683b0239628dcc0c707a5fac37
mlir/test/Dialect/OpenMP/cli-canonical_loop.mlir	blob	100644	76d450424ffdabaa7220ecac8a86bc7b5ee12d52
mlir/test/Dialect/OpenMP/cli-fuse.mlir	blob	100644	df96810aadb4ff174f45906c2c8c20c34dbc370e
mlir/test/Dialect/OpenMP/cli-tile.mlir	blob	100644	d69019c9e7bbbf9bf94f0a5105a213f10a077b12
mlir/test/Dialect/OpenMP/cli-unroll-full.mlir	blob	100644	b0e85e8997337fa8257af64416b7c6c9957ecd8a
mlir/test/Dialect/OpenMP/cli-unroll-heuristic.mlir	blob	100644	16884f4245e768874156d82f0a0d703afb39279a
mlir/test/Dialect/OpenMP/cli-unroll-partial.mlir	blob	100644	5ac3a1557ba79407742f1144525efefd972a991e
mlir/test/Dialect/OpenMP/function-filter.mlir	blob	100644	0e5d370be20431bc2eeb4d7273ceed7c4505080f
mlir/test/Dialect/OpenMP/host-op-filtering.mlir	blob	100644	789ec35fddd4588e036d7735fbf581bed019b05e
mlir/test/Dialect/OpenMP/invalid-fuse.mlir	blob	100644	ffd1c7300e79bda57b8f6c7dffd54b3a6df9673f
mlir/test/Dialect/OpenMP/invalid-interface.mlir	blob	100644	567cf5b8c97078351baf5e92427ca4e216ee8f0c
mlir/test/Dialect/OpenMP/invalid-tile.mlir	blob	100644	868796730ef2b1a38d85fd546df316991ff21f92
mlir/test/Dialect/OpenMP/invalid-unroll.mlir	blob	100644	ad2999cd866402ce1bfa0541d31eca32ef0b9c61
mlir/test/Dialect/OpenMP/invalid.mlir	blob	100644	73f63e13f90f63855a282437bd3e3182421ef655
mlir/test/Dialect/OpenMP/invalid_critical.mlir	blob	100644	0b9669f89e500ce8f0eafb18d5b1168ecaa0586d
mlir/test/Dialect/OpenMP/mark-declare-target.mlir	blob	100644	2509354a9c862c4466a2dde0a80fc022c6b0c7d8
mlir/test/Dialect/OpenMP/omp-offload-privatization-prepare-by-value.mlir	blob	100644	e474295eea2d70b12cf7b9bfe73f259a4ed9811c
mlir/test/Dialect/OpenMP/omp-offload-privatization-prepare.mlir	blob	100644	ba6e80478b85913e26eac3525aaaf643b041d754
mlir/test/Dialect/OpenMP/ops.mlir	blob	100644	d20ed5871c8d1fed98cd5fe662d4cd9313584173
mlir/test/Dialect/OpenMP/stack-to-shared.mlir	blob	100644	2f71674e6257f69e61487e5b1a0d6f7db636cbc9
mlir/test/Dialect/PDL/canonicalize.mlir	blob	100644	ee2a6f71f86cc7c7809a366b74864ab0cec41921
mlir/test/Dialect/PDL/invalid-types.mlir	blob	100644	a99cf3bdb238f68ce566a9a692710c8c65ca21f1
mlir/test/Dialect/PDL/invalid.mlir	blob	100644	c6b7fe1cc17898e62cfafbfef9e664ec441b1273
mlir/test/Dialect/PDL/ops.mlir	blob	100644	20e40deea5f863b4211ade75f8859628c9e9ae73
mlir/test/Dialect/PDLInterp/invalid.mlir	blob	100644	c201dda71ef7fbbb6aa888e9621edf822ffac78f
mlir/test/Dialect/PDLInterp/ops.mlir	blob	100644	ef9cefe813a5b1edf815e7573e73898033c05e19
mlir/test/Dialect/Ptr/canonicalize.mlir	blob	100644	e50cd1b76caf3ff2b736153ad59705d70e63dcef
mlir/test/Dialect/Ptr/invalid.mlir	blob	100644	83e1c880650c579c579f7a64f481c1954a45ab9f
mlir/test/Dialect/Ptr/layout.mlir	blob	100644	c58b7704c0bf8b5fc60ee615a05bedcdc9669907
mlir/test/Dialect/Ptr/ops.mlir	blob	100644	0a906ad559e216e4f9b2dc6c11b4412f949d2f27
mlir/test/Dialect/Ptr/types.mlir	blob	100644	6f4e89eb3e19b352617d72d78bdb94e77e7d2e27
mlir/test/Dialect/Quant/Bytecode/types.mlir	blob	100644	848f15e3fb085375e4ee24e4d246408be242b650
mlir/test/Dialect/Quant/canonicalize.mlir	blob	100644	73c57e2a48212ac2e23f7ac845288df94b46040f
mlir/test/Dialect/Quant/inlining.mlir	blob	100644	6cb06efc8b6333e6c108d0ba23a973573d5ff917
mlir/test/Dialect/Quant/invalid-quantile-types.mlir	blob	100644	08a739d45e1206eadf5956c1edc211a0e89e69cb
mlir/test/Dialect/Quant/invalid.mlir	blob	100644	7bb50f352f9389c14ea6ca1c6739a4c8e298c98d
mlir/test/Dialect/Quant/lower-quant-ops.mlir	blob	100644	23c34b906dd465e5ed5e014b064d385724fbb6fb
mlir/test/Dialect/Quant/normalize-quant-types.mlir	blob	100644	573781c9ecc04a17ba673a07e4c23ae0b6392be5
mlir/test/Dialect/Quant/ops.mlir	blob	100644	33ff93ecbc1d7b8a47134212247e8c4c542a8c00
mlir/test/Dialect/Quant/parse-any-invalid.mlir	blob	100644	41c5f930707175d58712628a5b9868185ad9d46b
mlir/test/Dialect/Quant/parse-any.mlir	blob	100644	11b15755953cfdf6ac21172995b6d3c136b537fd
mlir/test/Dialect/Quant/parse-calibrated-invalid.mlir	blob	100644	643292815af07e222b4d2669b181fde6ecd149d5
mlir/test/Dialect/Quant/parse-calibrated.mlir	blob	100644	b3c5ec0cec443223c02e8ef18113707cf04d9086
mlir/test/Dialect/Quant/parse-uniform-invalid.mlir	blob	100644	5ff54a8804844ba8a6d107d730111f218043d06c
mlir/test/Dialect/Quant/parse-uniform.mlir	blob	100644	56219d2a3f4378d10bf3d63564cbd998089717e5
mlir/test/Dialect/Quant/quantile-types.mlir	blob	100644	a879acd7b31262ef6c10de20b56b7b6ab003133c
mlir/test/Dialect/Quant/strip-func-quant-types.mlir	blob	100644	e5f0d4921bed3ed52ad7e88a3dd2b3ed5e8db1a9
mlir/test/Dialect/SCF/buffer-deallocation.mlir	blob	100644	8451b1524fd2a0fb7a9a8176abce7501d5335220
mlir/test/Dialect/SCF/bufferize.mlir	blob	100644	20a640776b561bea87fcb78f44259dc26cc4d146
mlir/test/Dialect/SCF/canonicalize-dependent-dialects.mlir	blob	100644	c8579167bc071f5389a25675ca0e960339713d20
mlir/test/Dialect/SCF/canonicalize.mlir	blob	100644	6467359d2fa55f3a87af8e8ef35102addd01cc79
mlir/test/Dialect/SCF/control-flow-sink.mlir	blob	100644	083591f16d61556343a7c4d1033ff4ea5ce4fdf1
mlir/test/Dialect/SCF/for-loop-canonicalization.mlir	blob	100644	6fb475efcb6586fc0d47fa4b7a447540ad63d22a
mlir/test/Dialect/SCF/for-loop-peeling-front.mlir	blob	100644	afd570c8b6f8cad6ebb8c7542d8604487fdef50c
mlir/test/Dialect/SCF/for-loop-peeling.mlir	blob	100644	d1026f5090cb0ca267805ad3048223b60f8379d1
mlir/test/Dialect/SCF/for-loop-specialization.mlir	blob	100644	ff66c6c1e47f5e4e49e562248d214ce72acf4046
mlir/test/Dialect/SCF/for-loop-to-while-loop.mlir	blob	100644	d2e14f3e25fa873d8e089e9b710a4357e5bcb894
mlir/test/Dialect/SCF/forall-to-for.mlir	blob	100644	d917cd1d8d2d4241db6f7408eaa73a9d624fb129
mlir/test/Dialect/SCF/forall-to-parallel.mlir	blob	100644	acde601d47259adf2ad051c58e2e70a179387225
mlir/test/Dialect/SCF/foreach-thread-canonicalization.mlir	blob	100644	9d0c65e06d3608e94db124a0f7391aeb19c9b9ee
mlir/test/Dialect/SCF/invalid.mlir	blob	100644	a81e912ab35a9c6edfc57212c7dc3a7ab8891cf7
mlir/test/Dialect/SCF/loop-pipelining.mlir	blob	100644	99f8d84a6af2ec352aff0f31d20754ad5516b8a4
mlir/test/Dialect/SCF/loop-range.mlir	blob	100644	79e74f430618af8da95f8f39ec9ccd89bace9f49
mlir/test/Dialect/SCF/loop-unroll.mlir	blob	100644	91decbde075c794bd683e3bb690670dce2ad77f7
mlir/test/Dialect/SCF/mem2reg-reject.mlir	blob	100644	9497bf47ff09be2cda327e97d0e355e16cd2af0f
mlir/test/Dialect/SCF/mem2reg.mlir	blob	100644	82098b2d306b20779b2d8a15481af81641088853
mlir/test/Dialect/SCF/one-shot-bufferize-allow-return-allocs-no-deallocs.mlir	blob	100644	6e402d5392434557eb052de6d5aba8da03118955
mlir/test/Dialect/SCF/one-shot-bufferize-analysis.mlir	blob	100644	ed3685514dd0d32c9ba2b6228a9ac9a782f727e6
mlir/test/Dialect/SCF/one-shot-bufferize-encodings.mlir	blob	100644	cb48d9a5d55e9e2e61bd4c217d422c50f7cbe76d
mlir/test/Dialect/SCF/one-shot-bufferize-invalid.mlir	blob	100644	026cbb4132acd365a1414cab24381baf2af034ef
mlir/test/Dialect/SCF/one-shot-bufferize-tensor-copy-insertion.mlir	blob	100644	92486b8ed72086efc9d6ca2b2d70ca15076ecbe3
mlir/test/Dialect/SCF/one-shot-bufferize.mlir	blob	100644	8e65d012bd4092fea2bc8082298f22a29b768a46
mlir/test/Dialect/SCF/ops.mlir	blob	100644	912dcc04bca7e052f8b762e3f120727648c1482f
mlir/test/Dialect/SCF/parallel-loop-fusion.mlir	blob	100644	9472e9ebb9d22b44f090273eac578eeb12ed17c0
mlir/test/Dialect/SCF/parallel-loop-invalid.mlir	blob	100644	f031bc956f0d5ac6dcbebadb412e14fa11fc35a4
mlir/test/Dialect/SCF/parallel-loop-specialization.mlir	blob	100644	73c823ca8d55e8efa5d825b61336a33500f5d915
mlir/test/Dialect/SCF/parallel-loop-tiling-inbound-check.mlir	blob	100644	7491550c1dc7c20cb9e202dd57a30f6fa4b13382
mlir/test/Dialect/SCF/parallel-loop-tiling.mlir	blob	100644	41b0d85b3752e98836a803e8528d0e1360d9c40d
mlir/test/Dialect/SCF/parallel-loop-unroll-invalid.mlir	blob	100644	c5c28ea9486c3d7a63356bc68446a2a541f9389a
mlir/test/Dialect/SCF/parallel-loop-unroll.mlir	blob	100644	591a94b00a674345b937b61e993618e190560016
mlir/test/Dialect/SCF/parallel-to-nested-fors.mlir	blob	100644	47a8da8c244b20ef3f5bd0a25a6c012394d1bdfc
mlir/test/Dialect/SCF/split-for-op-at-point.mlir	blob	100644	0deb8b78c965b24b28af4ebeb93e935c2625e233
mlir/test/Dialect/SCF/transform-loop-fuse-sibling.mlir	blob	100644	54dd2bdf953caee6485c101c1a31ae923aed515b
mlir/test/Dialect/SCF/transform-op-coalesce.mlir	blob	100644	b487b62f0e3fe67a2060264939ecd37da9fbfc77
mlir/test/Dialect/SCF/transform-op-forall-to-for.mlir	blob	100644	f09cae988a2fb4cc0a9617f6c400b3207cf6f7d8
mlir/test/Dialect/SCF/transform-op-forall-to-parallel.mlir	blob	100644	b64798e06a4d13645f07112faca80600abc675c5
mlir/test/Dialect/SCF/transform-op-parallel-to-nested-fors.mlir	blob	100644	496123b28803886d92d4c1c4980b13f2818ddb02
mlir/test/Dialect/SCF/transform-op-take-assumed-branch.mlir	blob	100644	9095b1e74679995641d3fc8170481e6d710727a0
mlir/test/Dialect/SCF/transform-ops-invalid.mlir	blob	100644	20549581029ebf4e44323b30de78d8a0f18c6323
mlir/test/Dialect/SCF/transform-ops.mlir	blob	100644	75e906a8bac13b5f90c0db40b4dd0cf2f395dac2
mlir/test/Dialect/SCF/trip_count.mlir	blob	100644	7e74988b350197a78e718b89a28dd46345ba5e68
mlir/test/Dialect/SCF/uplift-while.mlir	blob	100644	cbe2ce5076ad28f2941e21d407f06a540c237ccd
mlir/test/Dialect/SCF/value-bounds-op-interface-impl.mlir	blob	100644	60fe96d52d20b22296a84d2c195084bedd0bd391
mlir/test/Dialect/SCF/while-op-builder.mlir	blob	100644	e96d8d074211b3ac7d86d10ea146d0326ad7f68b
mlir/test/Dialect/SCF/wrap-while-loop-in-zero-trip-check.mlir	blob	100644	43a4693ca3d2b8364f732cf229db0df05a159626
mlir/test/Dialect/SMT/array-errors.mlir	blob	100644	4e90948eed848e8043c93b7897e33c5ad1c6d3b1
mlir/test/Dialect/SMT/array.mlir	blob	100644	bbfe58cac1bfa8cb96a4bf5db7ff6bd0ea4fe5fd
mlir/test/Dialect/SMT/basic.mlir	blob	100644	38d8f4e8d7fb3022d61cc5a0c602f36e2991e227
mlir/test/Dialect/SMT/bitvector-errors.mlir	blob	100644	58226f4d55f62ce40b600a50be0e3da0c055dff4
mlir/test/Dialect/SMT/bitvectors.mlir	blob	100644	c6b8fb097404b440df54987abc9c667d2034ad0d
mlir/test/Dialect/SMT/core-errors.mlir	blob	100644	67bebda56b68ea10c4ba5fcf1f4a2139e41f03e6
mlir/test/Dialect/SMT/cse-test.mlir	blob	100644	ff254857f3b3359e30904fdd08df0f5077a152e0
mlir/test/Dialect/SMT/integers.mlir	blob	100644	8e1a355278eb0dfc4d952bd50d2a6b89cf082791
mlir/test/Dialect/SPIRV/IR/arithmetic-ops.mlir	blob	100644	52bb2d72bcebf9d5f30284e218e33988fbf75643
mlir/test/Dialect/SPIRV/IR/asm-op-interface.mlir	blob	100644	86ed6a865eaa8af720e28c2b8d8378d3bc0e1080
mlir/test/Dialect/SPIRV/IR/atomic-ops.mlir	blob	100644	feaa9123fd715832493163e0be5c01de673ecf29
mlir/test/Dialect/SPIRV/IR/availability.mlir	blob	100644	c0bf80b709ebdc7184ab2e9be8e74a2800c7f498
mlir/test/Dialect/SPIRV/IR/barrier-ops.mlir	blob	100644	5e05687887760e3956450b339b4dea3ee147dbe1
mlir/test/Dialect/SPIRV/IR/bit-ops.mlir	blob	100644	4bdac198a1e8f0e4595c02a57f728a88f16940e5
mlir/test/Dialect/SPIRV/IR/cast-ops.mlir	blob	100644	2bd992979e2abf6f658e950b577f618aae7f4a5c
mlir/test/Dialect/SPIRV/IR/composite-ops.mlir	blob	100644	22411fd7294cfcbfae1ea36b9935746bd0a4d35c
mlir/test/Dialect/SPIRV/IR/control-flow-ops.mlir	blob	100644	374d6ca134de51dbdf7704c5d593ab83bc8d6ea8
mlir/test/Dialect/SPIRV/IR/experimental-ml-ops.mlir	blob	100644	caccb043d3af2dce794e6de6945b0ffb4cea562b
mlir/test/Dialect/SPIRV/IR/function-decorations.mlir	blob	100644	f09767a416f6b0a29f62b18f10ac682249b95cc1
mlir/test/Dialect/SPIRV/IR/gl-ops.mlir	blob	100644	627c764feb6e68146beb704ed27cc31ff6d5c8d7
mlir/test/Dialect/SPIRV/IR/graph-ops.mlir	blob	100644	277e098df08547f338b065a0223c17ad9575d9ea
mlir/test/Dialect/SPIRV/IR/group-ops.mlir	blob	100644	7ecc57c315c4f72d00c7396c88868e8d67eb4d27
mlir/test/Dialect/SPIRV/IR/image-ops.mlir	blob	100644	bef0857a222c2e667f54819493e446f7a303eadb
mlir/test/Dialect/SPIRV/IR/integer-dot-product-ops.mlir	blob	100644	b04e5603019b41418c3cd1c6d225a81238dca72d
mlir/test/Dialect/SPIRV/IR/intel-ext-ops.mlir	blob	100644	3579fa76edcb3be3ba36602555400be4bec83ecc
mlir/test/Dialect/SPIRV/IR/invalid.mlir	blob	100644	e0100748a0d686caecb2a91d929b514ae62325fc
mlir/test/Dialect/SPIRV/IR/khr-cooperative-matrix-ops.mlir	blob	100644	69235eab8d0dc6d7a3878ab60eeeee8e0c17ce86
mlir/test/Dialect/SPIRV/IR/logical-ops.mlir	blob	100644	808382254f0ac9febc1e95cac1c0b38705b14023
mlir/test/Dialect/SPIRV/IR/matrix-ops.mlir	blob	100644	c32eade1dcf271a0c6d1ab66eb8e421eb2e90adb
mlir/test/Dialect/SPIRV/IR/memory-ops.mlir	blob	100644	c58f22cea5a4b0da6e398a2289c3212fe31e43ac
mlir/test/Dialect/SPIRV/IR/mesh-ops.mlir	blob	100644	436f7d1c9fb157118494a5988390fe39e0d6fb0c
mlir/test/Dialect/SPIRV/IR/misc-ops.mlir	blob	100644	cfd19a683bebf1e3958821af6707983970ce6d54
mlir/test/Dialect/SPIRV/IR/non-uniform-ops.mlir	blob	100644	9c927331a08b489414cb8c57c7824d505d371fef
mlir/test/Dialect/SPIRV/IR/ocl-ops.mlir	blob	100644	da470f4e081098988a47d034f1626bc551d1b96e
mlir/test/Dialect/SPIRV/IR/primitive-ops.mlir	blob	100644	451c3345b4e0d5f93c3af44db13b9dc5dad96f8e
mlir/test/Dialect/SPIRV/IR/return-ops.mlir	blob	100644	2f945b24d24fd4cac30998c9ae6aacbe20eb3880
mlir/test/Dialect/SPIRV/IR/structure-ops.mlir	blob	100644	4acaa417501ac58099ccdded5327f844aed9797c
mlir/test/Dialect/SPIRV/IR/target-and-abi.mlir	blob	100644	3409458ac7a0e62a0bb9046d5f9d4921432c0670
mlir/test/Dialect/SPIRV/IR/target-env.mlir	blob	100644	48421076402a928d46168dbcce968a8742946819
mlir/test/Dialect/SPIRV/IR/target.mlir	blob	100644	6c60fe79f20bb953ce708dc286b4c150906de1f0
mlir/test/Dialect/SPIRV/IR/tosa-ops-dynamic.mlir	blob	100644	a2973c73ab362bfe78b175d0a91dbb09f082aebe
mlir/test/Dialect/SPIRV/IR/tosa-ops-verification.mlir	blob	100644	a69e0793b9b62199bc969976f3c784a2d063c74b
mlir/test/Dialect/SPIRV/IR/tosa-ops.mlir	blob	100644	06f2213e52559d586dc532378e156060213eed1d
mlir/test/Dialect/SPIRV/IR/types.mlir	blob	100644	3a36d95b9654c9421ea0d9b51606798fc2ca60fd
mlir/test/Dialect/SPIRV/Linking/ModuleCombiner/basic.mlir	blob	100644	4aed260420ae7e19eecf659a9077739ea95bdd60
mlir/test/Dialect/SPIRV/Linking/ModuleCombiner/conflict-resolution.mlir	blob	100644	0f2cf19210293502447170c5d9125f08b931bef9
mlir/test/Dialect/SPIRV/Linking/ModuleCombiner/deduplication.mlir	blob	100644	1e06051366c323930cfdb0153d36a0a619681aff
mlir/test/Dialect/SPIRV/Linking/ModuleCombiner/symbol-rename-listener.mlir	blob	100644	f49314a1b448eed3b089c79dfa98f8c0be1aa3c6
mlir/test/Dialect/SPIRV/Transforms/abi-interface-opencl.mlir	blob	100644	92efb0a8ad5e09e9dec5b3baab4e22b292ca3d1c
mlir/test/Dialect/SPIRV/Transforms/abi-interface.mlir	blob	100644	04667c828bbd1a8f86ea541f5b3d68bfdd43dede
mlir/test/Dialect/SPIRV/Transforms/abi-load-store.mlir	blob	100644	54e08ff3430075c074a160d177d776caaa385698
mlir/test/Dialect/SPIRV/Transforms/canonicalize.mlir	blob	100644	94761086a3f404ab8f354d545d4fdfeb453a246a
mlir/test/Dialect/SPIRV/Transforms/gl-canonicalize.mlir	blob	100644	c1447b38f0a4849eef12e9144c2ee5e06f82aab6
mlir/test/Dialect/SPIRV/Transforms/inlining.mlir	blob	100644	8eb48a34e61e89f573408a4354ee41ec10216a74
mlir/test/Dialect/SPIRV/Transforms/layout-decoration.mlir	blob	100644	656bd43c6ed9f89bfc3a3b23a0c044b86baebaea
mlir/test/Dialect/SPIRV/Transforms/replicated-const-composites.mlir	blob	100644	b27529eee97e13b536e99c8c11c98dfe09daa6ba
mlir/test/Dialect/SPIRV/Transforms/rewrite-inserts.mlir	blob	100644	a83c3f7d34693609b06a269ab32289d8ca91f5d3
mlir/test/Dialect/SPIRV/Transforms/unify-aliased-resource.mlir	blob	100644	d7cc1d0cc1f84943c0a7d6088d8a34cc6d94eccb
mlir/test/Dialect/SPIRV/Transforms/vce-deduction.mlir	blob	100644	e4514835e8175b3ced55cf463399637e2fe5d683
mlir/test/Dialect/SPIRV/Transforms/webgpu-prepare.mlir	blob	100644	5a449589bfd3eaa3c67dbc0cdd7adbce0e2b2719
mlir/test/Dialect/Shape/arg_with_shape.mlir	blob	100644	fd46461417db0fe4a740385b787e6ff13c695f46
mlir/test/Dialect/Shape/bufferize.mlir	blob	100644	f6788f845a83309d30b9ae93cfba8135b3cb6f9f
mlir/test/Dialect/Shape/canonicalize.mlir	blob	100644	89aa16736016831babbb3a65e7b9f4ea8b09777d
mlir/test/Dialect/Shape/fold-div.mlir	blob	100644	9deac08bd85cc28b427633c7258c92b2dc2503bd
mlir/test/Dialect/Shape/invalid.mlir	blob	100644	ede75efa77a9a99fc282e13a80d3e7c934d48eb5
mlir/test/Dialect/Shape/ops.mlir	blob	100644	35e210b9e268b85630a263631b13691d39920f67
mlir/test/Dialect/Shape/outline-shape-computation.mlir	blob	100644	4aa15a927140e22198cc15b4974358f5e9ad7b2c
mlir/test/Dialect/Shape/remove-shape-constraints.mlir	blob	100644	425c69fec26ae18d9b4b574be9159b1234ac900d
mlir/test/Dialect/Shape/shape-to-shape.mlir	blob	100644	4edf8bdefe08473e54937a6f9e2e7bef9f6d64b1
mlir/test/Dialect/Shape/unranked-tensor-lowering.mlir	blob	100644	c1fcbd1ad045f7838b21e9c02cee5580c298b0af
mlir/test/Dialect/Shard/all-scatter-op-lowering.mlir	blob	100644	5b11078c32bbff63a869825b242ddd878217c0f3
mlir/test/Dialect/Shard/backward-sharding-propagation.mlir	blob	100644	f88e38ecb8bffc251fbd489a18d1934542aa64fd
mlir/test/Dialect/Shard/canonicalization.mlir	blob	100644	a3a9c592ff0aec60bdd24d3315797fd57ac12adc
mlir/test/Dialect/Shard/folding.mlir	blob	100644	7b6ba33f84fd9f280df6b14252bc8eac7b6f10af
mlir/test/Dialect/Shard/forward-backward-sharding-propagation.mlir	blob	100644	3faaff28c6920c033151fb58365bfece1e0c8b98
mlir/test/Dialect/Shard/forward-sharding-propagation.mlir	blob	100644	a5faafb438da0e9c5f707585b57d491e93cf723f
mlir/test/Dialect/Shard/inlining.mlir	blob	100644	ce664b31abf7a014121faabb1dded62e63c1e2c5
mlir/test/Dialect/Shard/invalid.mlir	blob	100644	b2f19e60e7fdf2f10ce442e554068d1ccf151ac6
mlir/test/Dialect/Shard/invalid_annotated.mlir	blob	100644	06bc1eba5516b8ce474d861df2e481b8e60e85f8
mlir/test/Dialect/Shard/ops.mlir	blob	100644	5d9ea064bed440028b34c55e07f933f64b6f349f
mlir/test/Dialect/Shard/partition.mlir	blob	100644	a6cfc5e72eed698b470787ea761e7cc64f5c6781
mlir/test/Dialect/Shard/process-multi-index-op-lowering.mlir	blob	100644	33c7a8f96464dfe5aed7d8dcce30a7793a3a127a
mlir/test/Dialect/Shard/resharding-partition.mlir	blob	100644	01c47334856782a08821ff3942e8ec1772336ff2
mlir/test/Dialect/Shard/sharding-propagation-failed.mlir	blob	100644	c80bf754a7bb39d65b10b44e3fbc0557d76c1aa5
mlir/test/Dialect/Shard/sharding-propagation.mlir	blob	100644	34aaf0598b3f01450263fde3fcc240aa4bc9504b
mlir/test/Dialect/Shard/simplify.mlir	blob	100644	37620ebd98edf3378efc0b5a575a83805e5f58c7
mlir/test/Dialect/SparseTensor/GPU/gpu_buffer_semantics.mlir	blob	100644	b16cb9526083d577334637759a5de05c72864cbc
mlir/test/Dialect/SparseTensor/GPU/gpu_codegen_out_buffer.mlir	blob	100644	e4ee818b0879912d956901e295d10cfa5c9ea324
mlir/test/Dialect/SparseTensor/GPU/gpu_combi.mlir	blob	100644	e2c341151ea13c634696dd1404d24d5ec2a89be9
mlir/test/Dialect/SparseTensor/GPU/gpu_matmul.mlir	blob	100644	c5498aec0f522bf8ef9d35ccfe221bde2fb1d83a
mlir/test/Dialect/SparseTensor/GPU/gpu_matmul24_lib.mlir	blob	100644	e20345f27b11ae82b4d30f47701a9701a2a7e560
mlir/test/Dialect/SparseTensor/GPU/gpu_matmul_lib.mlir	blob	100644	7437297ce708ec66d39af799b1973c6194e78b21
mlir/test/Dialect/SparseTensor/GPU/gpu_matvec.mlir	blob	100644	16af4eba879195ee559c68c685aee74bb329cbf3
mlir/test/Dialect/SparseTensor/GPU/gpu_matvec_lib.mlir	blob	100644	d110d91943067ae70a3f1d1dd1ab299158c0b384
mlir/test/Dialect/SparseTensor/GPU/gpu_sampled_matmul_lib.mlir	blob	100644	89fe46c0e7a7231d880f017a50db350de8dc9e37
mlir/test/Dialect/SparseTensor/GPU/gpu_sddmm_lib.mlir	blob	100644	df3ed0f4dc74c72a6582c4ab0e3b51d3bfd8c8d9
mlir/test/Dialect/SparseTensor/GPU/gpu_spgemm_lib.mlir	blob	100644	6e7f7e0453db43401727ca7863f4c081ae8af669
mlir/test/Dialect/SparseTensor/binary_valued.mlir	blob	100755	9803b446b3a93ed9a9efe9d805d2abb73d6f3f73
mlir/test/Dialect/SparseTensor/buffer_rewriting.mlir	blob	100644	ef585b5a9141fe52d56061c43434ee5ac83425c8
mlir/test/Dialect/SparseTensor/canonicalize.mlir	blob	100644	ceb82cab516ed285f05a1e2433212afebb29b65b
mlir/test/Dialect/SparseTensor/codegen.mlir	blob	100644	34cf0f042a303fff2ba55acda0e238787eb45a8c
mlir/test/Dialect/SparseTensor/codegen_buffer_initialization.mlir	blob	100644	e6d9700ffe4f83871838efdf7b93dc662ab8a24a
mlir/test/Dialect/SparseTensor/codegen_invalid.mlir	blob	100644	792272796a2b5ca512a93d0b37b4610a20b54d30
mlir/test/Dialect/SparseTensor/codegen_sparse_alloc.mlir	blob	100644	50ad4a0a1ea247d9019b93b71f822081d22f3c0d
mlir/test/Dialect/SparseTensor/codegen_to_llvm.mlir	blob	100644	b0f7c62ef283aadcd26fab2ccf4c35070f0b24db
mlir/test/Dialect/SparseTensor/constant_index_map.mlir	blob	100644	6c6e4579d4f1184846cb459c28200c2e08a14d28
mlir/test/Dialect/SparseTensor/conversion.mlir	blob	100644	17a0932ccebb6e457796a361dfabb2fd6eb17a2d
mlir/test/Dialect/SparseTensor/conversion_invalid.mlir	blob	100644	7e95be495b333754085429507ea6e9b91f25dfb4
mlir/test/Dialect/SparseTensor/convert_dense2sparse.mlir	blob	100644	83dbc9568c7a36f0daf95d76d563e23d6e3b9891
mlir/test/Dialect/SparseTensor/convert_sparse2dense.mlir	blob	100644	730a5452df394495cc607929a4ccfe1b001c8e12
mlir/test/Dialect/SparseTensor/convert_sparse2sparse.mlir	blob	100644	0673f915a1cf6260f9d7e9a4f3e898e715716fb0
mlir/test/Dialect/SparseTensor/convert_sparse2sparse_element.mlir	blob	100644	19a789ea2449a816d555a30b7c3d986509c9153a
mlir/test/Dialect/SparseTensor/dense.mlir	blob	100644	c7022706f1e0596c995da9e2084564b16d013297
mlir/test/Dialect/SparseTensor/encoding_with_symbols.mlir	blob	100644	415ff8ad183c2241c5d2d5a1a3e2bc714fd0f6fc
mlir/test/Dialect/SparseTensor/external.mlir	blob	100644	435737fc0979b59f1499f230bb91992833a539ad
mlir/test/Dialect/SparseTensor/external_after_codegen.mlir	blob	100644	ff6d306450400771561ed906cd0efe0514dda02d
mlir/test/Dialect/SparseTensor/external_direct.mlir	blob	100644	78c4a295686b334a61247dca5fe83b7ed356293b
mlir/test/Dialect/SparseTensor/fold.mlir	blob	100644	f540941318c2bb8e706bb39c6f33ebe84bb64ab9
mlir/test/Dialect/SparseTensor/fuse_sparse_concat_with_extract_slice.mlir	blob	100644	5d93301bc8ca76489242024c51082272df45c0cb
mlir/test/Dialect/SparseTensor/fuse_sparse_convert_into_producer.mlir	blob	100644	2785f157794fd1831e4baab5fbde612459a40751
mlir/test/Dialect/SparseTensor/fuse_sparse_pad_with_consumer.mlir	blob	100644	b1e7fb20892fdef88f38cea75c99e9cce285baea
mlir/test/Dialect/SparseTensor/invalid.mlir	blob	100644	c44ca0fd386b4b0a513c5d7212f345c4aa7aa6a8
mlir/test/Dialect/SparseTensor/invalid_encoding.mlir	blob	100644	0d0234149fb3ea150084f09e1fd07f30cb4d5a83
mlir/test/Dialect/SparseTensor/minipipeline_parallel.mlir	blob	100644	d97d6e58a3df2d5b905c37507a57eac87e87ad6b
mlir/test/Dialect/SparseTensor/minipipeline_vector.mlir	blob	100755	b2dfbeb53fde8b6a1a44062050593019f3073fbb
mlir/test/Dialect/SparseTensor/no_lowering.mlir	blob	100644	4f21055a13d58a8cb283d671a85c51a133563525
mlir/test/Dialect/SparseTensor/one_shot_bufferize_invalid.mlir	blob	100644	bf2097b8012e2543d3a2a80161ae9e33c4840b6f
mlir/test/Dialect/SparseTensor/one_shot_bufferize_tensor_copy_insertion.mlir	blob	100644	b0a23302e0eda8ad52e4cecd9b6c4dc1b6608fb5
mlir/test/Dialect/SparseTensor/one_trip.mlir	blob	100644	9d2a125dbef171dfefb8a03243b6742345dbb4ec
mlir/test/Dialect/SparseTensor/pack_copy.mlir	blob	100644	29ff24ac7728d5129a69b04c196461adcc461c5a
mlir/test/Dialect/SparseTensor/pre_rewriting.mlir	blob	100644	79c0bb93802e54d7e5bf73e9de8a90edeea285d9
mlir/test/Dialect/SparseTensor/rejected.mlir	blob	100644	c3cbde9703bb1ee5968f5153e7ecb1777eb2476d
mlir/test/Dialect/SparseTensor/rewriting_for_codegen.mlir	blob	100644	11fc502822539b045f2fc775d7fbad393f01ac01
mlir/test/Dialect/SparseTensor/roundtrip.mlir	blob	100644	a47ad8a211b1d0e8566199f21d9fb9daba6cd67c
mlir/test/Dialect/SparseTensor/roundtrip_encoding.mlir	blob	100644	44710cad246c6a43c54d566bbe89b23c42c7bdff
mlir/test/Dialect/SparseTensor/scf_1_N_conversion.mlir	blob	100644	515de5502f322be483493e53eb05a4b3ebe89157
mlir/test/Dialect/SparseTensor/semi_ring.mlir	blob	100644	50d56c237c958176566228a8ede10a98b1a25f1c
mlir/test/Dialect/SparseTensor/sorted_coo.mlir	blob	100644	e864c1e6963b83330dd8d370f31628c7f3b173cd
mlir/test/Dialect/SparseTensor/sparse_1d.mlir	blob	100644	bda0af06879db0e7e5f95ac471589a01cba2b476
mlir/test/Dialect/SparseTensor/sparse_2d.mlir	blob	100644	c77c652b2078c45a3eab4f1ba35640a6c9532830
mlir/test/Dialect/SparseTensor/sparse_3d.mlir	blob	100644	e602dee8a9a7d4977981881a6d2389fa16148d63
mlir/test/Dialect/SparseTensor/sparse_affine.mlir	blob	100644	a9c3c948710ee8e4f2d99cb3b071125c0d4769cf
mlir/test/Dialect/SparseTensor/sparse_batch.mlir	blob	100644	b8cc052779202a51953f7fda7a30e3242453ee86
mlir/test/Dialect/SparseTensor/sparse_broadcast.mlir	blob	100644	e7dac5454187599171b0473715b2cd61190777b6
mlir/test/Dialect/SparseTensor/sparse_concat.mlir	blob	100644	dd9882e4723a7e73ea3df0d21fbce855d97f03b6
mlir/test/Dialect/SparseTensor/sparse_conv_2d_slice_based.mlir	blob	100644	912f78a0b81fc4e6400713e781a06ba5afc4ea7c
mlir/test/Dialect/SparseTensor/sparse_expand.mlir	blob	100644	bdbbf52d86286ab4025f9e0f283f559205d71640
mlir/test/Dialect/SparseTensor/sparse_extract_slice.mlir	blob	100644	c501a09baa6eb88effb23b106826d1718d62bfcb
mlir/test/Dialect/SparseTensor/sparse_fill_zero.mlir	blob	100644	4b8a1a1ca3a9ad459c8e5e63b49a1f3554f674b2
mlir/test/Dialect/SparseTensor/sparse_foreach.mlir	blob	100644	84d7e5af351eb843412f737036eb5b9025d51208
mlir/test/Dialect/SparseTensor/sparse_foreach_rank0.mlir	blob	100644	bb0d51d71a4e0e15963cc0ccc678b2e346be63d2
mlir/test/Dialect/SparseTensor/sparse_fp_ops.mlir	blob	100644	039daee6d0996abbb86c2b2769917be077b62fe0
mlir/test/Dialect/SparseTensor/sparse_fusion.mlir	blob	100644	04760e33a3cac0f9d303f00dee8ad54bf5ff3391
mlir/test/Dialect/SparseTensor/sparse_index.mlir	blob	100644	b849d3e3c124703cb9afef0bbf6139069609d9a1
mlir/test/Dialect/SparseTensor/sparse_int_ops.mlir	blob	100644	6098bba4a92797944a2290ded69f4246534d55fd
mlir/test/Dialect/SparseTensor/sparse_iteration_to_scf.mlir	blob	100644	855f1e99e73967fbe6d5c11db7e3194558bb2cda
mlir/test/Dialect/SparseTensor/sparse_itertion_licm.mlir	blob	100644	fd872980087c22b74e779da6930600315d64202f
mlir/test/Dialect/SparseTensor/sparse_kernels.mlir	blob	100644	6c33c5cf7ec38eab08baeebfd363e66ffe3fe341
mlir/test/Dialect/SparseTensor/sparse_kernels_to_iterator.mlir	blob	100644	4ca135144989059993b1c2932a3f05cc93fd1818
mlir/test/Dialect/SparseTensor/sparse_loop_ordering.mlir	blob	100644	36047993a0f94a7971f19cd055880b6f3052a5ab
mlir/test/Dialect/SparseTensor/sparse_lower.mlir	blob	100644	22727f3b1c2e4276884999562d94bc7ad7ed073b
mlir/test/Dialect/SparseTensor/sparse_lower_col.mlir	blob	100644	4b7b8bf94bbec1fb20439f3c37278fac062aba68
mlir/test/Dialect/SparseTensor/sparse_lower_inplace.mlir	blob	100644	70bdaeb343219f188f6003e68bf1a664f53c8824
mlir/test/Dialect/SparseTensor/sparse_matmul_codegen.mlir	blob	100644	0362ab4607528beb6edfd72676859eb9feeca69f
mlir/test/Dialect/SparseTensor/sparse_matmul_one.mlir	blob	100755	be2172515d08bf2ba1d172783708b8ef6525874d
mlir/test/Dialect/SparseTensor/sparse_nd.mlir	blob	100644	7c1a08990a4ce620611047e91c76e99e34c383b3
mlir/test/Dialect/SparseTensor/sparse_out.mlir	blob	100644	85eaee58e52dfe12db142a0be6791b07e1846b4d
mlir/test/Dialect/SparseTensor/sparse_outbuf.mlir	blob	100644	db166d0de85c7fed291be9f4f1f19b33e1852b97
mlir/test/Dialect/SparseTensor/sparse_pack.mlir	blob	100644	d3c40573f439c9061db078e9e02483d2c4bd2761
mlir/test/Dialect/SparseTensor/sparse_parallel.mlir	blob	100644	1db7cf85ea5fb783fd1f127bef395c0c99b41827
mlir/test/Dialect/SparseTensor/sparse_parallel_reduce.mlir	blob	100644	944812513d20205d056f0107ed86490e343732a6
mlir/test/Dialect/SparseTensor/sparse_perm.mlir	blob	100644	289939fbfc16b9f66005afa43d50545d17b4ddf2
mlir/test/Dialect/SparseTensor/sparse_perm_lower.mlir	blob	100644	e2c841b1ac7d5f672100545d6d28ff41cfc22806
mlir/test/Dialect/SparseTensor/sparse_reinterpret_map.mlir	blob	100644	6da99cb457340c7676895c9959bcd5728202f773
mlir/test/Dialect/SparseTensor/sparse_relu.mlir	blob	100644	25f0c790b43d77c56adfb93bb45cea6a9c3af041
mlir/test/Dialect/SparseTensor/sparse_reshape.mlir	blob	100644	8ad39076a04236bd30923bae57c5c5e7f1f4ed89
mlir/test/Dialect/SparseTensor/sparse_scalars.mlir	blob	100644	e9e3e37bfeb850dd8f897bb66ed77cc4bd720150
mlir/test/Dialect/SparseTensor/sparse_sddmm.mlir	blob	100644	0edc92fead18956ddcf0ca72617af28bf18b4b6a
mlir/test/Dialect/SparseTensor/sparse_sddmm_org.mlir	blob	100644	1b94909a6eb1ab7b262b88cea3ad7cc72f6e43c9
mlir/test/Dialect/SparseTensor/sparse_space_collapse.mlir	blob	100644	73bd9dacf8c24854481ff7e8004ac88c3f323662
mlir/test/Dialect/SparseTensor/sparse_storage.mlir	blob	100644	cd55ba31a6bce78ad8d84c81af0c26f6e3e7d59e
mlir/test/Dialect/SparseTensor/sparse_tensor_codegen_expand.mlir	blob	100644	15cb2599ccda6f0b1eb76d4e7252eecf51c31140
mlir/test/Dialect/SparseTensor/sparse_tensor_reshape.mlir	blob	100644	0fe03f3cbffe5eba97ad23afa0795bdcd00c48d0
mlir/test/Dialect/SparseTensor/sparse_transpose.mlir	blob	100644	6d4c69334e88b444766c400e6ff959b5643c957d
mlir/test/Dialect/SparseTensor/sparse_vector.mlir	blob	100644	64235c722780039f7b3c6ce4c5a450d45ae798ac
mlir/test/Dialect/SparseTensor/sparse_vector_chain.mlir	blob	100644	92720790515d66b42b2f2e10a69586e6744b007a
mlir/test/Dialect/SparseTensor/sparse_vector_concat.mlir	blob	100644	1de98ced8dad1f583aa84a5a70cdc8e0428caee7
mlir/test/Dialect/SparseTensor/sparse_vector_coo.mlir	blob	100644	d0aef8b31ef3fd0c95befe9019857fe836a39a28
mlir/test/Dialect/SparseTensor/sparse_vector_index.mlir	blob	100644	5f0251a26cf3491321ae9221a24d21aad8cbf409
mlir/test/Dialect/SparseTensor/sparse_vector_mv.mlir	blob	100644	e25c3a02f91271ce9f00bfe9d1d3c129012faa37
mlir/test/Dialect/SparseTensor/sparse_vector_ops.mlir	blob	100644	fc6741c1f69a6cd764a0d13a57e8b088b5536a54
mlir/test/Dialect/SparseTensor/sparse_vector_peeled.mlir	blob	100644	35fd7c33e4cfedd12fcb8e8247705506356d06f2
mlir/test/Dialect/SparseTensor/sparsifier_lower_affine.mlir	blob	100644	5662f9be709c96a14c7086557e9a8ba8b9578a8b
mlir/test/Dialect/SparseTensor/specifier_to_llvm.mlir	blob	100644	8df8ac6b1675c0f3779f900a0fccd05852b320c6
mlir/test/Dialect/SparseTensor/spy_sddmm.mlir	blob	100644	e652924b6d2c1afad8a599821e48572c25d90d06
mlir/test/Dialect/SparseTensor/spy_sddmm_bsr.mlir	blob	100755	e041d8636f36d0521f8052b871fde0017f4f56a8
mlir/test/Dialect/SparseTensor/torch_linalg.mlir	blob	100644	4bb5938b2e44ecf80c34f50671fad94a788f011f
mlir/test/Dialect/SparseTensor/transform-ops.mlir	blob	100644	329c8c60bd315f88de009cd9e37c05d06f011120
mlir/test/Dialect/SparseTensor/unsparsifiable_dense_op.mlir	blob	100644	ea29f1d677eff7b3c40c0fd63376b955e4bed802
mlir/test/Dialect/SparseTensor/unused-tensor.mlir	blob	100644	526c3f4f8830c0c92bd8b7a3ed3d0496fb747e1e
mlir/test/Dialect/SparseTensor/vectorize_reduction.mlir	blob	100644	c0273b8f7ee9de1542707c34f423f43a8c5c56f5
mlir/test/Dialect/Tensor/bubble-reshapes.mlir	blob	100644	81bf8e3f60e2c11afd38cca098924ce96516c86e
mlir/test/Dialect/Tensor/bubble-up-extract-slice-op.mlir	blob	100644	31232ee7151b2b418561a600fbd52db6dba718b9
mlir/test/Dialect/Tensor/bufferize.mlir	blob	100644	965742aacc5797e52e6e9e879a56cff3aa2e4be5
mlir/test/Dialect/Tensor/canonicalize.mlir	blob	100644	d8db9d502fb99dc29e1bb3bc0b7b24ffb42db03b
mlir/test/Dialect/Tensor/decompose-concat.mlir	blob	100644	2b1cb138ecda5bd4a45801455fa7008fa4bdf6ed
mlir/test/Dialect/Tensor/drop-redundant-insert-slice-rank-expansion.mlir	blob	100644	e21d85411b2a7ec4e9617f2cf6ed217b4af9d954
mlir/test/Dialect/Tensor/extract-from-collapse-shape.mlir	blob	100644	c301f494a7c87ddc20134ef8e4e0ed4f6cb34c36
mlir/test/Dialect/Tensor/extract-slice-from-collapse-shape.mlir	blob	100644	4bb099e3401ecfaf6a29f242dccb20f5334f3f62
mlir/test/Dialect/Tensor/fold-consecutive-insert-extract-slice.mlir	blob	100644	5007b73db7ceb99e91157978cd1d40a29b68e95d
mlir/test/Dialect/Tensor/fold-constant-extract-slice.mlir	blob	100644	ae1e0d4d481f1e0db3616ebedfd6b14c8d6e2e64
mlir/test/Dialect/Tensor/fold-empty-op.mlir	blob	100644	c97d003734444dc83490dcf6d25698530101d168
mlir/test/Dialect/Tensor/fold-into-pack-and-unpack.mlir	blob	100644	e0d9059a6f2d18bcd1ca8bb6c3f4a65edd1ae52f
mlir/test/Dialect/Tensor/fold-reassociative-reshapes.mlir	blob	100644	d9ff20deb034ff6adad1c7777be3fb3f5fc156ac
mlir/test/Dialect/Tensor/fold-tensor-subset-ops-into-vector-transfers.mlir	blob	100644	c2f21683d0cd68ab66f9707fd29198fa445d0b89
mlir/test/Dialect/Tensor/fold-tensor-subset-ops.mlir	blob	100644	b7112eed47b3381de63be759a584d5ec74700975
mlir/test/Dialect/Tensor/int-range-inference.mlir	blob	100644	e90ebf5fccb8ea8648d9b7111e3fb1d12512c318
mlir/test/Dialect/Tensor/invalid.mlir	blob	100644	a526d7ed61722b0e6139c14ba6655405022a4282
mlir/test/Dialect/Tensor/one-shot-bufferize-encodings.mlir	blob	100644	5dc301d7f23105859e9a0848f2391c8eb5685cf4
mlir/test/Dialect/Tensor/one-shot-bufferize-tensor-copy-insertion.mlir	blob	100644	69af46eddff0986fe61acf44d340532b4fd7db44
mlir/test/Dialect/Tensor/one-shot-bufferize.mlir	blob	100644	bd7115cb3a9c5a6799cc2958d8107ea2da7cb906
mlir/test/Dialect/Tensor/ops.mlir	blob	100644	681a934ba0698ed40dcac2e528721bbf26a18d75
mlir/test/Dialect/Tensor/reify-shapes.mlir	blob	100644	5569d90f8b731ba85cb689f3ada675558df0f619
mlir/test/Dialect/Tensor/resolve-shaped-type-result-dims.mlir	blob	100644	1676c146773775c77a398e5a17dc20e08a36a871
mlir/test/Dialect/Tensor/rewrite-as-constant.mlir	blob	100644	35ee6f1caf0d9ba24aad1d5c4a75434a6e4badb5
mlir/test/Dialect/Tensor/scalarize-single-elem-return.mlir	blob	100644	0a80155a8ae6c7c314de2d5f35e892171e64d388
mlir/test/Dialect/Tensor/shard-partition.mlir	blob	100644	5918ee1eddf57784c4f7c30b6d53dc07130a81e8
mlir/test/Dialect/Tensor/tiling.mlir	blob	100644	32fb0c9e41c39b3ebf4b4d6ba52c74c274d0c56d
mlir/test/Dialect/Tensor/tracking-listener.mlir	blob	100644	5d1a2f627358e64b4d607e057d3b04fd530bced4
mlir/test/Dialect/Tensor/transform-op-casting.mlir	blob	100644	16a1fa2b0ba9c7556d461f5805f5e5f02925dc51
mlir/test/Dialect/Tensor/transform-op-make-loop-independent.mlir	blob	100644	a4882e2ab151dce8fab27f187751ca4d949b18f9
mlir/test/Dialect/Tensor/value-bounds-op-interface-impl.mlir	blob	100644	e957cc39831a75b6b5fc4eaf716c6a0b78f48a9f
mlir/test/Dialect/Tosa/canonicalize.mlir	blob	100644	cda5630b2f84a29a6ce9e7811a5e8d568df3ea54
mlir/test/Dialect/Tosa/constant-reciprocal-fold.mlir	blob	100644	12a3aee428ac6efc810a84bac9c21e9d400786ec
mlir/test/Dialect/Tosa/constant_folding.mlir	blob	100644	678ad8cbde413ba1560b3b9941420d80bc8d3beb
mlir/test/Dialect/Tosa/constrained_shapes.mlir	blob	100644	e06efbbfa1ad9833c36b97f69e629b2c0ce4c586
mlir/test/Dialect/Tosa/controlflow.mlir	blob	100644	06312c7ba2df638f9663e80f24ec6358bda64a50
mlir/test/Dialect/Tosa/dynamic_extension.mlir	blob	100644	bb27f4bbbd8af15c1da345c91f3c6c8b12fdc95e
mlir/test/Dialect/Tosa/error_if_check.mlir	blob	100644	5363f3057c5cc6185dd18a18197291d940252ab5
mlir/test/Dialect/Tosa/inlining.mlir	blob	100644	c97441a5016600eb17c4fd55ce3a4d3e16ee4033
mlir/test/Dialect/Tosa/invalid.mlir	blob	100644	19fb6390365a94d9ea54216167113a091fc8a6d1
mlir/test/Dialect/Tosa/invalid_extension.mlir	blob	100644	c02417b5573bd30cc2add894df0c71f3f0773286
mlir/test/Dialect/Tosa/level_check.mlir	blob	100644	d44d92a5d8e70aecf3c7c850e2bf20f3d894bd0b
mlir/test/Dialect/Tosa/ops.mlir	blob	100644	0e81a438a3360390d7d6e9fadab4f257d11965ee
mlir/test/Dialect/Tosa/profile_all_unsupported.mlir	blob	100644	8cba3202304868690a117a67352157ecc02ee536
mlir/test/Dialect/Tosa/profile_pro_fp_unsupported.mlir	blob	100644	7d8bd3024b9408aacb4d0e48116ace94e850ec4e
mlir/test/Dialect/Tosa/profile_pro_int_unsupported.mlir	blob	100644	f951c302c049a0c29c493d516fc84d82cd0e3c0a
mlir/test/Dialect/Tosa/quant-test.mlir	blob	100644	88dffe7fdd2e8d3e6d6bc49319c426d16d031bec
mlir/test/Dialect/Tosa/tosa-arith-const-to-tosa-const.mlir	blob	100644	79219510a239fa2b9ebd004003a7fd628042d0b5
mlir/test/Dialect/Tosa/tosa-attach-target-non-cooperative-profile.mlir	blob	100644	a72228896cd0ac82476720e79435b15fcf169a96
mlir/test/Dialect/Tosa/tosa-attach-target.mlir	blob	100644	558a599fbbc1e91c98911a9e44528ec6af6152f4
mlir/test/Dialect/Tosa/tosa-convert-integer-type-to-signless.mlir	blob	100644	e8cfc4562ea137cb98f128ff63ea3f7bfa92f0c8
mlir/test/Dialect/Tosa/tosa-decompose-depthwise.mlir	blob	100644	d4c4595e84ee0e07455fca2673be5bfb4df0bc89
mlir/test/Dialect/Tosa/tosa-decompose-transpose-conv.mlir	blob	100644	61ca0aedf6a4639130258ade3425d4add1a86cd5
mlir/test/Dialect/Tosa/tosa-downgrade-1-1-to-1-0.mlir	blob	100644	1dd67777dee10bfe5d1f40aa034979e9611cc092
mlir/test/Dialect/Tosa/tosa-gather-scatter-hardening-invalid.mlir	blob	100644	4609f21962710f98078849d8f4bbc581d9c7631f
mlir/test/Dialect/Tosa/tosa-gather-scatter-hardening.mlir	blob	100644	5eabb07fece12783bbbe5b536f7b484b26ec17f0
mlir/test/Dialect/Tosa/tosa-infer-shapes-fold-shape-expressions.mlir	blob	100644	067f0efba9c86d6bf2b2b0b253314e6d5d4b2469
mlir/test/Dialect/Tosa/tosa-infer-shapes.mlir	blob	100644	0df7ce6bd1d560fec4e36467fd37b633ed47aaac
mlir/test/Dialect/Tosa/tosa-input-shape.mlir	blob	100644	8b390a1826240629dfc1d756447755135b3c7734
mlir/test/Dialect/Tosa/tosa-layerwise-constant-fold-dense-resource.mlir	blob	100644	86c8f64adbc6b4871ca44b9d8153b70bd300adc9
mlir/test/Dialect/Tosa/tosa-layerwise-constant-fold.mlir	blob	100644	9f745d4f57640e5f05dd69d286fc8591e8d64d52
mlir/test/Dialect/Tosa/tosa-narrow-f32-to-f16-aggressive.mlir	blob	100644	4233679cd2056b72576e9dceb620503bbd328544
mlir/test/Dialect/Tosa/tosa-narrow-f32-to-f16.mlir	blob	100644	3c3bd2121de1457484b2d93c9ef9f19fb678e6cc
mlir/test/Dialect/Tosa/tosa-narrow-f64-to-f32-aggressive.mlir	blob	100644	40e9a7b2dba5fd6332efb7f519a0b2f2c4cae5e1
mlir/test/Dialect/Tosa/tosa-narrow-f64-to-f32.mlir	blob	100644	7c78f0067ffca53102fed0626b5158bcfaa28913
mlir/test/Dialect/Tosa/tosa-narrow-i64-to-i32-aggressive.mlir	blob	100644	5d8ca4dcd5ad5595c24485444fada2da886a6726
mlir/test/Dialect/Tosa/tosa-narrow-i64-to-i32.mlir	blob	100644	a8b5de834de8cb23e54684f97a7dc6808c17d661
mlir/test/Dialect/Tosa/tosa-reduce-transposes.mlir	blob	100644	46e4f504af0ecd0f27142ac5bab7952ce9029772
mlir/test/Dialect/Tosa/tosa-validation-valid-strict.mlir	blob	100644	8e0ad0a5e46a7e2ebbf1de43ff0a0378155199b4
mlir/test/Dialect/Tosa/tosa-validation-valid.mlir	blob	100644	a5276248eecc4df4cdb1e535e2ade4acb2103431
mlir/test/Dialect/Tosa/tosa-validation-validate-func-signature-invalid.mlir	blob	100644	ea16422b1ca73f62e83b307ba745d80cabfbeec0
mlir/test/Dialect/Tosa/tosa-validation-validate-func-signature-valid.mlir	blob	100644	e1b55cfe0663cd2db1ee941fbaed52d6dbcd2e63
mlir/test/Dialect/Tosa/tosa-validation-version-1p0-invalid.mlir	blob	100644	7a1e789716924f023750432a34da5a044b704a1e
mlir/test/Dialect/Tosa/tosa-validation-version-1p0-pro-fp-invalid.mlir	blob	100644	fac82bf3bb97807fd5f6d867c27201766997bd33
mlir/test/Dialect/Tosa/tosa-validation-version-1p0-valid.mlir	blob	100644	01389681a1a36dfe0f5da5d619ac044a3afdcc78
mlir/test/Dialect/Tosa/tosa-validation-version-1p1-invalid.mlir	blob	100644	20e004077d29131fe45c9a91354ac65eddb43233
mlir/test/Dialect/Tosa/tosa-validation-version-1p1-pro-fp-valid.mlir	blob	100644	408ee86690154661106635c40b40e5f976944d23
mlir/test/Dialect/Tosa/tosa-validation-version-1p1-valid.mlir	blob	100644	755e4700350fbd06c664cda0a303da8c0e213dd4
mlir/test/Dialect/Tosa/transpose-fold.mlir	blob	100644	d29cb54eb2117c503d2db85f485dbc39a6c3f871
mlir/test/Dialect/Tosa/variables.mlir	blob	100644	0c104e8e8d7ea1e0215647fd774d10c9f1e7fc9f
mlir/test/Dialect/Tosa/verifier.mlir	blob	100644	702a5742f52173874e365e23507ef9e554a0e864
mlir/test/Dialect/Transform/Library/lower-to-llvm-transform-symbol-def.mlir	blob	100644	748abaecafb5243a14be59548a0de1404175c93c
mlir/test/Dialect/Transform/apply-foreach-nested.mlir	blob	100644	23f45b97bc2f84770c1ce8d64a4fae9d53a8f097
mlir/test/Dialect/Transform/check-use-after-free.mlir	blob	100644	6c196e425a40a4a6bbbe57d95b66ade1db4ad284
mlir/test/Dialect/Transform/expensive-checks.mlir	blob	100644	397e988f62364b95ada933f86bdfd48de13d2d72
mlir/test/Dialect/Transform/foreach-match.mlir	blob	100644	a7cd8e9ff543ee5bd88a08e7e764f3a6aff0f651
mlir/test/Dialect/Transform/include-failure-propagation.mlir	blob	100644	94e9d8f27c23365c291685f973aeb62f9d327a19
mlir/test/Dialect/Transform/include/Library/lower-to-llvm.mlir	blob	100644	daf078856fafa2d69dc5eca535c37c62c886928c
mlir/test/Dialect/Transform/include/test-interpreter-external-concurrent-source.mlir	blob	100644	255ff5f31ed3f5a5549d52f0d9c0bba61da3f1ea
mlir/test/Dialect/Transform/include/test-interpreter-external-source.mlir	blob	100644	f6b7f787cc2c38d6cd1ab16da961ffc7081cf19b
mlir/test/Dialect/Transform/include/test-interpreter-external-symbol-def-invalid.mlir	blob	100644	c55a030c965e5669e8789a77f12466fa3b9390fd
mlir/test/Dialect/Transform/include/test-interpreter-library-invalid/definitions-invalid.mlir	blob	100644	5e906c50a0e66aa3054c26ea71226a1976be46d2
mlir/test/Dialect/Transform/include/test-interpreter-library/definitions-self-contained.mlir	blob	100644	6183e1f6f0ffa1e7710feb9b0e375f398da706d0
mlir/test/Dialect/Transform/include/test-interpreter-library/definitions-with-unresolved.mlir	blob	100644	a3b315952b309704dc6371dbb62ae0d43341c65b
mlir/test/Dialect/Transform/infer-effects.mlir	blob	100644	1b62c725ffb2f05a9573af4474c4b91624991075
mlir/test/Dialect/Transform/inliner-legality.mlir	blob	100644	c63385eb30321f976e87cec6fa5b745dddb0463f
mlir/test/Dialect/Transform/interpreter-entry-point-2.mlir	blob	100644	7be9fc09e3fe1810d9863df1f6613f346c7122c4
mlir/test/Dialect/Transform/interpreter-entry-point.mlir	blob	100644	ccd9bef3d506ddfb6d9e7170794932aa285fa82e
mlir/test/Dialect/Transform/interpreter.mlir	blob	100644	bb41420bef4d63c4bd4607cbb0d60b8d716be94a
mlir/test/Dialect/Transform/irdl.mlir	blob	100644	6c8c0bf50191a9f3e57734523e62c74438f0dc96
mlir/test/Dialect/Transform/multi-arg-top-level-ops.mlir	blob	100644	1c018b1b1f7796baad3d382a9bac2c8dc234e570
mlir/test/Dialect/Transform/multi-arg-top-level-params.mlir	blob	100644	6486bcae3294e4a2c56a10f6001b3eeefbb85de6
mlir/test/Dialect/Transform/multi-arg-top-level-values.mlir	blob	100644	dcc1079267dc7cecd09ec47e99e04b66c9af91ad
mlir/test/Dialect/Transform/normal-forms.mlir	blob	100644	bfdbfb5b12f67e1302308fedde968103604bf26f
mlir/test/Dialect/Transform/ops-invalid.mlir	blob	100644	585736d30269e7be941c914ba32439058fd7e4bd
mlir/test/Dialect/Transform/ops.mlir	blob	100644	98e960847ee9547d981a3c971c4b2350777180ba
mlir/test/Dialect/Transform/preload-library-invalid.mlir	blob	100644	9abb849e4d27eb172e1506d2ed48493048cb3afa
mlir/test/Dialect/Transform/preload-library.mlir	blob	100644	657bf50b35831fc47c6af5ad3900ec18ab7e215e
mlir/test/Dialect/Transform/selective-targeting.mlir	blob	100644	a6b93fe7d998d6310e5c2a798d814a5c1df7b79e
mlir/test/Dialect/Transform/test-dialect-injection.mlir	blob	100644	1e14c51130acf8832a8e213844826e03d18edb3b
mlir/test/Dialect/Transform/test-interpreter-debug.mlir	blob	100644	25d0d3cc928a4023f971b3deb68df157d08d1439
mlir/test/Dialect/Transform/test-interpreter-external-concurrent.mlir	blob	100644	9884102c6c0ff5baad1d75544809b027efa574bc
mlir/test/Dialect/Transform/test-interpreter-external.mlir	blob	100644	599ce05fcc40b1a210112cd709c86d0bfce3b547
mlir/test/Dialect/Transform/test-interpreter-printing.mlir	blob	100644	17c1a2d824297dc0f6d465a0038e0105b276bf66
mlir/test/Dialect/Transform/test-interpreter.mlir	blob	100644	e05b7024e387625f5a01cdb0e85a0fd4a81b230f
mlir/test/Dialect/Transform/test-loop-transforms.mlir	blob	100644	9ac3125df827bac4b5d2e0d993e89f96aede8456
mlir/test/Dialect/Transform/test-pass-application.mlir	blob	100644	2f5a44572c25332b2f0eaac3eb90db249cea9507
mlir/test/Dialect/Transform/test-pattern-application.mlir	blob	100644	bbc6473d6b7776b459b852ddfded31cc88ffac93
mlir/test/Dialect/Transform/test-pdl-extension.mlir	blob	100644	a3349c1ba5059421f56bf044ed688f67b7130f5d
mlir/test/Dialect/Transform/test-promote-tensors.mlir	blob	100644	3fbf9e6effbdaf7e2375703aaee97b7d8be7d4ac
mlir/test/Dialect/Transform/test-smt-extension-invalid.mlir	blob	100644	d91d69a756458a81a4eb47ef6658015bbfe27153
mlir/test/Dialect/Transform/test-smt-extension.mlir	blob	100644	6cc41dd52473ecdf31471edf58ced22a8ac319d4
mlir/test/Dialect/Transform/test-tune-extension-invalid.mlir	blob	100644	efc3890288456799b91653aa9d11e6af431938e4
mlir/test/Dialect/Transform/test-tune-extension.mlir	blob	100644	b7f2b699b624490c370f8e06bbb7c6554038673f
mlir/test/Dialect/Transform/transform-state-extension-initializer.mlir	blob	100644	9fb4d1b8689164347711ee54d95f7543a1d46094
mlir/test/Dialect/Transform/transform-state-extension.mlir	blob	100644	e8c0b7a8a3aac001661b6b545584e447345fe687
mlir/test/Dialect/UB/canonicalize.mlir	blob	100644	c3f286e49b09bb9f6b93142f1d5fb5c63fc8873e
mlir/test/Dialect/UB/inlining.mlir	blob	100644	cb76750044a3b8f4bc81d7d1a06289806baf2c4a
mlir/test/Dialect/UB/ops.mlir	blob	100644	730c1bd1380b80d40f9977682d1242791ad54c46
mlir/test/Dialect/Vector/CPU/ArmSVE/vector-bfmmla.mlir	blob	100644	ca9d91576b5126d95393b66c23197f8eb2bc2cd9
mlir/test/Dialect/Vector/CPU/ArmSVE/vector-smmla.mlir	blob	100644	404ef87380c9c505bd01b9147490beff95e3a7c7
mlir/test/Dialect/Vector/CPU/ArmSVE/vector-summla.mlir	blob	100644	518e995b698adb4dd7edfdcdf30670ec6bc27590
mlir/test/Dialect/Vector/CPU/ArmSVE/vector-ummla.mlir	blob	100644	703182490f66040b3b4f9a25d22948af5f884f67
mlir/test/Dialect/Vector/CPU/ArmSVE/vector-usmmla.mlir	blob	100644	28156f6ef27006c38af4118ee0ed36ac7d454397
mlir/test/Dialect/Vector/CPU/X86/vector-transpose-lowering.mlir	blob	100644	949b90e247a2b1dd1a61fd12b91113e7628d2fac
mlir/test/Dialect/Vector/break-down-vector-reduction.mlir	blob	100644	8ef5383c98129ea85f936fb70b9f5c04503b8344
mlir/test/Dialect/Vector/bufferize-invalid.mlir	blob	100644	bcca50a0fe79a63954198721e568ef9b3b57a03c
mlir/test/Dialect/Vector/bufferize.mlir	blob	100644	c61634cb76b82e38406bf15d4732e14ffba9aec4
mlir/test/Dialect/Vector/canonicalize.mlir	blob	100644	6b271ee5cce19d0044c23daafe8ac5ae523b7a53
mlir/test/Dialect/Vector/canonicalize/vector-extract.mlir	blob	100644	615d79dab77ab001e6640c8f6fa90273d94e1743
mlir/test/Dialect/Vector/canonicalize/vector-from-elements.mlir	blob	100644	aa6539e466c95b32e33b00b763ebb9fecd80ec11
mlir/test/Dialect/Vector/canonicalize/vector-step.mlir	blob	100644	7592e994449b7f3174a83da556ab626cd3cef018
mlir/test/Dialect/Vector/canonicalize/vector-to-elements.mlir	blob	100644	76be76a5312c98360db638ff732506c37a80e28a
mlir/test/Dialect/Vector/canonicalize/vector-to-shape-cast.mlir	blob	100644	7ae190d0b3c56c0f62829b7b333a10db1a23ba31
mlir/test/Dialect/Vector/canonicalize/vector-transfer-read-write.mlir	blob	100644	360e4e7b48e9c39f70a4504c4485876b46448b6c
mlir/test/Dialect/Vector/canonicalize/vector-transpose.mlir	blob	100644	268639e3fb2abfc33bc71d49c3a0518dd7627a77
mlir/test/Dialect/Vector/chained-vector-reduction-folding.mlir	blob	100644	3048f53345e5cd20a995db8389d93d61ba82e85b
mlir/test/Dialect/Vector/constant-fold.mlir	blob	100644	cbb159fd59ffca4554ca3ecda88172b480a73561
mlir/test/Dialect/Vector/drop-unit-dims-with-shape-cast.mlir	blob	100644	34a155fbf2fc15de466e1b30277c81fa01a91bfa
mlir/test/Dialect/Vector/eliminate-masks.mlir	blob	100644	88be7e529bb9e3090298407ee632dda5dff1a4cc
mlir/test/Dialect/Vector/emulate-narrow-type-unsupported.mlir	blob	100644	d3abccf641914604a265b0a9879f1c41a01a5b04
mlir/test/Dialect/Vector/flatten-memref-and-emulate-narrow-types.mlir	blob	100644	ef253624fe0b49a87ebdfdda672e42dad043e39f
mlir/test/Dialect/Vector/fold-arith-extf-into-vector-contract.mlir	blob	100644	6dbde7afbdd33bb52b3a25d308a049190dd23b67
mlir/test/Dialect/Vector/inlining.mlir	blob	100644	053a115613ff6414e6776f080c2f877feb80bdff
mlir/test/Dialect/Vector/int-range-interface.mlir	blob	100644	6e2aa064a67f844a35307ddc742f1712933f9823
mlir/test/Dialect/Vector/invalid.mlir	blob	100644	c44bc2e8f07f68dfca0165291f8bc6c6b9d15423
mlir/test/Dialect/Vector/linearize-subject-to-bitwidth.mlir	blob	100644	739fb2fb8b68be22f6aba4bb937ca84987d728eb
mlir/test/Dialect/Vector/linearize.mlir	blob	100644	3860e50a4924d061797dea3cdd3e1900a91273b6
mlir/test/Dialect/Vector/lit.local.cfg	blob	100644	3e9e8f84976246cd58818a258b4cb25dbd614bb7
mlir/test/Dialect/Vector/lower-vector-mask.mlir	blob	100644	a8a1164e2f762b820de115d53283e292dcaec6cb
mlir/test/Dialect/Vector/mem2reg.mlir	blob	100644	a7cdc569a81a0f3dc4047b78a88d5df28b9cf032
mlir/test/Dialect/Vector/one-shot-bufferize.mlir	blob	100644	c2d699b9b013a104b39915803e5379cee6418d13
mlir/test/Dialect/Vector/ops.mlir	blob	100644	96e844b0384f8728993f3fc5f856b16d7d07d518
mlir/test/Dialect/Vector/scalar-vector-transfer-to-memref.mlir	blob	100644	7fec1c6ba564205895f93a3c005673e9d0cf0255
mlir/test/Dialect/Vector/shape-cast-folder.mlir	blob	100644	9550c5c4ae0561677a2d7afc4c87ca726e893e73
mlir/test/Dialect/Vector/side-effects.mlir	blob	100644	54c274a1a2a022e5ab6caae4f8ff930673b8b8a5
mlir/test/Dialect/Vector/single-fold.mlir	blob	100644	baccdc3f51c05fddcd9b606f1b996b787fa84f46
mlir/test/Dialect/Vector/td/flatten.mlir	blob	100644	870018d7dee0c74e2689ac2fb41424c1f19ae7ee
mlir/test/Dialect/Vector/td/unroll-elements.mlir	blob	100644	f7c69b503a561383cdccd638e95e2f5f6efad4f5
mlir/test/Dialect/Vector/td/xfer-drop-unit-dims.mlir	blob	100644	44a823801d1cdd43838a6e091167cfc719c1e0cc
mlir/test/Dialect/Vector/test-create-broadcast.mlir	blob	100644	24374fe64bbc5574b4f08a8c7bfd527718d4fde7
mlir/test/Dialect/Vector/test-scalable-bounds.mlir	blob	100644	ddbd805b1cdec36e95d6035fa78b16a9ae58d982
mlir/test/Dialect/Vector/transform-op-vector-to-llvm.mlir	blob	100644	f4585eb18860449a5df932d8d40015fc3f73cf69
mlir/test/Dialect/Vector/transform-vector.mlir	blob	100644	16011e3041eb55d78b2ffe3c77a641306f07729a
mlir/test/Dialect/Vector/value-bounds-op-interface-impl.mlir	blob	100644	1a94bbac9dff855e1bec2a72d6e946e704908734
mlir/test/Dialect/Vector/vector-bitcast-lowering-transforms.mlir	blob	100644	29e7007666e8786a3b8fa085c16a7f5b742bcb43
mlir/test/Dialect/Vector/vector-break-down-bitcast.mlir	blob	100644	901be33f79555a09c832f24983cd3082cca47698
mlir/test/Dialect/Vector/vector-broadcast-lowering-transforms.mlir	blob	100644	c2922cdbe55aa26d4330e945f2eead47f6723d1a
mlir/test/Dialect/Vector/vector-contract-matmul-transforms.mlir	blob	100644	ac190b4bec3cdb6595d012edb222eb1d93a597be
mlir/test/Dialect/Vector/vector-contract-to-dot-transforms.mlir	blob	100644	d00fe588f2b5bfc876e3f3dbbc858e61f78bcfe0
mlir/test/Dialect/Vector/vector-contract-to-matrix-intrinsics-transforms.mlir	blob	100644	bf9b2ace35622e8321631b942046b5b6c5959bd9
mlir/test/Dialect/Vector/vector-contract-to-outerproduct-matmul-transforms.mlir	blob	100644	7a60ff8ea85897b593fe73da3a596e1653f0bdd6
mlir/test/Dialect/Vector/vector-contract-to-outerproduct-matvec-transforms.mlir	blob	100644	0b3636e3b196b9a567f7c07530441671746ce3a0
mlir/test/Dialect/Vector/vector-contract-to-parallel-arith-transforms.mlir	blob	100644	c5e116d326a78de9bfb4c14495f67b290e4cbceb
mlir/test/Dialect/Vector/vector-deinterleave-lowering-transforms.mlir	blob	100644	53f4a8970c7949725d4dc60fcb72683c3bd36805
mlir/test/Dialect/Vector/vector-dropleadunitdim-transforms.mlir	blob	100644	5deef2aee9a2668e45edc899979ef03940807785
mlir/test/Dialect/Vector/vector-emulate-masked-load-store.mlir	blob	100644	7c492781c8c555f102abc2659f2dbe8bb55d97c2
mlir/test/Dialect/Vector/vector-emulate-narrow-type-aligned-store-only.mlir	blob	100644	2ef568fa6a7410e2125692cac23b30ac84f45ed2
mlir/test/Dialect/Vector/vector-emulate-narrow-type-unaligned-dynamic-store.mlir	blob	100644	518d825234502ce40c1e6bf0caa6a179f1ee3795
mlir/test/Dialect/Vector/vector-emulate-narrow-type-unaligned-non-atomic.mlir	blob	100644	fdc9684166b08465751ce4542c984397a302bc93
mlir/test/Dialect/Vector/vector-emulate-narrow-type-unaligned.mlir	blob	100644	954f2bad9a1a080b8d99dd8c5f92370b7c22dfce
mlir/test/Dialect/Vector/vector-emulate-narrow-type.mlir	blob	100644	72b355e0fed65e8c1b024386af664eaace2f3252
mlir/test/Dialect/Vector/vector-extract-strided-slice-lowering.mlir	blob	100644	6c13072355e481e1691a5059c81c784aa4edc4e3
mlir/test/Dialect/Vector/vector-from-elements-lowering.mlir	blob	100644	0d1bc662d09a01b0771b2b3b35f544df7d2595a1
mlir/test/Dialect/Vector/vector-gather-lowering.mlir	blob	100644	e8e4eb08f27cd2a5fccd5fd5e08ce07cb19b68eb
mlir/test/Dialect/Vector/vector-interleave-deinterleave-to-shuffle.mlir	blob	100644	13d1af28f9eb8625c47953078258e6838fb2270b
mlir/test/Dialect/Vector/vector-interleave-lowering-transforms.mlir	blob	100644	598f7d70b4f1b2f2c2672d6dec139ed9ee1d8bd9
mlir/test/Dialect/Vector/vector-mask-lowering-transforms.mlir	blob	100644	b5eb6e63f5a8dd69fa31e7c3ac393a456adfe49d
mlir/test/Dialect/Vector/vector-materialize-mask.mlir	blob	100644	a3fd6339492c4e2d1fd0baaf4d63c2252bffaa00
mlir/test/Dialect/Vector/vector-mem-transforms.mlir	blob	100644	cd7ea84cdb2eb4789d866d176254224280be80ed
mlir/test/Dialect/Vector/vector-multi-reduction-flattening.mlir	blob	100644	4ebcd60ccb13c8d83573df4c0b014973cb5e036f
mlir/test/Dialect/Vector/vector-multi-reduction-pass-lowering.mlir	blob	100644	ddbc5c7bdb2c081d9e26ce3efc6d6d4978e96399
mlir/test/Dialect/Vector/vector-multi-reduction-reorder.mlir	blob	100644	0a22205f61f90768ad131346fb3266074537f32a
mlir/test/Dialect/Vector/vector-multi-reduction-to-fma.mlir	blob	100644	75ac060bcc6660b38a791f7fc76d55e618d412d7
mlir/test/Dialect/Vector/vector-multi-reduction-unrolling.mlir	blob	100644	447416ccba637043431bf700d2fc348496ff5139
mlir/test/Dialect/Vector/vector-outerproduct-lowering-transforms.mlir	blob	100644	5a8125ed6717390d666e144da64288810264221b
mlir/test/Dialect/Vector/vector-reduce-to-contract.mlir	blob	100644	8e53a815f70f88fc77f8e0b8e900f50422ebe294
mlir/test/Dialect/Vector/vector-rewrite-narrow-types.mlir	blob	100644	a4af307b15da4aa2f0da9e2a8ef0125d7ac9ad20
mlir/test/Dialect/Vector/vector-rewrite-subbyte-ext-and-trunci.mlir	blob	100644	aa75e020052566cac3af40b3066cdf9f5199cd11
mlir/test/Dialect/Vector/vector-scalable-create-mask-lowering.mlir	blob	100644	772388b6490c6ea13730b888cacc8bdde6cefb4e
mlir/test/Dialect/Vector/vector-scan-transforms.mlir	blob	100644	0a1224cbc182ad8255fa20dd9b32f9ea62588c33
mlir/test/Dialect/Vector/vector-shape-cast-lowering-scalable-vectors.mlir	blob	100644	f4becad3c79c15b33dcbb17a89253cd872b6e532
mlir/test/Dialect/Vector/vector-shape-cast-lowering-transforms.mlir	blob	100644	4e32e6ff1295d51bb107d69f2bd0a94507975234
mlir/test/Dialect/Vector/vector-shuffle-lowering.mlir	blob	100644	a137811fa367c3e0821a7dfcd3ef949147e3e1a5
mlir/test/Dialect/Vector/vector-sink-transform.mlir	blob	100644	4d042767421646a252765fb09b4faf9ebf9d44d9
mlir/test/Dialect/Vector/vector-sink.mlir	blob	100644	ac1e4fa1ea1cff6ddcb61a755e804170e433c756
mlir/test/Dialect/Vector/vector-step-lowering.mlir	blob	100644	7924e65a2b0a9b838713e7eb030bb0dafb391006
mlir/test/Dialect/Vector/vector-to-elements-lowering.mlir	blob	100644	c521bf0138f98198899dd14decd4f14932ee7d9f
mlir/test/Dialect/Vector/vector-tofrom-elements-to-shuffle-tree-transforms.mlir	blob	100644	3366d2708a36eaa99bd7f4ca4aba281095ab0f87
mlir/test/Dialect/Vector/vector-transfer-collapse-inner-most-dims.mlir	blob	100644	1bedce7ea6a678cb18f52c3367916d5c9c6c0a25
mlir/test/Dialect/Vector/vector-transfer-drop-unit-dims-patterns.mlir	blob	100644	3650f3330e4f9d34a69a48d3dbac578a0680108c
mlir/test/Dialect/Vector/vector-transfer-flatten.mlir	blob	100644	b048af24acfcd17e88d94ede4f538e85067ede9f
mlir/test/Dialect/Vector/vector-transfer-full-partial-split-copy-transform.mlir	blob	100644	068557a6d85aaae9f73e0f8a68de0c4a24653a1e
mlir/test/Dialect/Vector/vector-transfer-full-partial-split.mlir	blob	100644	f557636713be6f42943e889c8b376e3e202836b2
mlir/test/Dialect/Vector/vector-transfer-permutation-lowering.mlir	blob	100644	cbf4d22808a69a276ce48e50c55639394c9adc6c
mlir/test/Dialect/Vector/vector-transfer-to-vector-load-store.mlir	blob	100644	8206c1a3ec865c43b901e752edcfc256192aa4b9
mlir/test/Dialect/Vector/vector-transfer-unroll.mlir	blob	100644	bfa76ecaf77f77617a5be3fc6b1bd4192deab7eb
mlir/test/Dialect/Vector/vector-transferop-opt.mlir	blob	100644	1c6d89d1b58dd1a2226cd2b7a1667590bacb71ed
mlir/test/Dialect/Vector/vector-transforms.mlir	blob	100644	7c399c9c1db85038863a1a47a8ad1d5a41b88f5b
mlir/test/Dialect/Vector/vector-transpose-lowering.mlir	blob	100644	7838aad1825bc2f260239deef19acb529133fa33
mlir/test/Dialect/Vector/vector-transpose-to-matrix-intrinsics-transform.mlir	blob	100644	6cbac3f61a70846e9c24c41ce17767c802c04503
mlir/test/Dialect/Vector/vector-unroll-options.mlir	blob	100644	d1f0961bbb735c6e548395702419327f24350179
mlir/test/Dialect/Vector/vector-warp-distribute.mlir	blob	100644	e6f5cdcb036c0b1106d9d82abb1c99f40ebb4647
mlir/test/Dialect/Vector/warp-distribute-scf-for-block-args.mlir	blob	100644	95a37959363407c0be426358d4518c073e12bec8
mlir/test/Dialect/WasmSSA/custom_parser/global.mlir	blob	100644	6441731a0a335d55fcd697927b2a9feb4fa63f95
mlir/test/Dialect/WasmSSA/custom_parser/if.mlir	blob	100644	cee3c695af2f0bb3402ad13a66567736c56ff167
mlir/test/Dialect/WasmSSA/custom_parser/import.mlir	blob	100644	ba11195d0d80a022c7a5214d4968f699b1294e30
mlir/test/Dialect/WasmSSA/custom_parser/local.mlir	blob	100644	f613ebf07be1d54bdf6bd735ea61950fcacadb2b
mlir/test/Dialect/WasmSSA/custom_parser/memory.mlir	blob	100644	ca6ebe01b1f7e63ad06ae95bd62d58814fe4bcf1
mlir/test/Dialect/WasmSSA/custom_parser/select.mlir	blob	100644	80ced11c01bc36788a4f28b2aae833ceef14077c
mlir/test/Dialect/WasmSSA/custom_parser/table.mlir	blob	100644	ea630deaff69ce0809fc3b84b42c1d0d5f471540
mlir/test/Dialect/WasmSSA/extend-invalid.mlir	blob	100644	7687e5f32f799ee3f62ff2732e186da694b587b1
mlir/test/Dialect/WasmSSA/global-invalid.mlir	blob	100644	600b2f0715fdc33b55a39a87e6d4b6b64932f69a
mlir/test/Dialect/WasmSSA/locals-invalid.mlir	blob	100644	eaad80e19584d8221b6f5fe1a9d666f561c38ac9
mlir/test/Dialect/WasmSSA/reinterpret-invalid.mlir	blob	100644	1c6371b4875ae1071d01d909a95cf990e01d1f04
mlir/test/Dialect/X86/AMX/invalid.mlir	blob	100644	25033090808b4411c4a8e844d07bf9700d8135c7
mlir/test/Dialect/X86/AMX/legalize-for-llvm.mlir	blob	100644	e3cf60601f42bc75ec1fd4e13a86b5520f77ad10
mlir/test/Dialect/X86/AMX/roundtrip.mlir	blob	100644	300c3aa054a70eee14660e19c1be1d45a3c516a9
mlir/test/Dialect/X86/AMX/side-effects.mlir	blob	100644	fa475f34068e52ba96dc23e692644f3fbb847374
mlir/test/Dialect/X86/AMX/vector-contract-to-tiled-dp.mlir	blob	100644	093e97af0520e0cb40a537e25d73f4936bdf8802
mlir/test/Dialect/X86/cvt-packed-f32-to-bf16.mlir	blob	100644	0cd7788e3b5610172f2c236bcb1a465e33541250
mlir/test/Dialect/X86/dot-bf16.mlir	blob	100644	77198d37da0a8194050dd213d91cb4fdea1d9f5b
mlir/test/Dialect/X86/legalize-for-llvm.mlir	blob	100644	30e701ae73932f53a6ec69c701aa37113f5bbfb8
mlir/test/Dialect/X86/move-acc-for-contract-loop.mlir	blob	100644	bd412e06cb0fb66c88a5bb1102a6b4380323227b
mlir/test/Dialect/X86/roundtrip.mlir	blob	100644	e0bae417e49c34ed6d4eb0516e6017fe5437215c
mlir/test/Dialect/X86/shuffle-before-write.mlir	blob	100644	0b0b9a5c44723ac2a5589e2f60ebc0cc930f07d8
mlir/test/Dialect/X86/shuffle-vector-fmas.mlir	blob	100644	eeca1ce00a40250c8ab0dcb0dbac51ab6d767dfd
mlir/test/Dialect/X86/sink-vector-producer-ops.mlir	blob	100644	599de534cebe0a073985c81cff4d13f8ac8bc7a8
mlir/test/Dialect/X86/vector-contract-bf16-to-fma.mlir	blob	100644	94abf950518546129ebb79afbb3383320473592f
mlir/test/Dialect/X86/vector-contract-to-fma.mlir	blob	100644	54c3d040b4752dfba15dfebe989e4cf1f009bb38
mlir/test/Dialect/X86/vector-contract-to-packed-type-dotproduct.mlir	blob	100644	181a789a9adc0091bfe6e4c892a2909e576752ef
mlir/test/Dialect/XeGPU/array-len-op-unit.mlir	blob	100644	4c1674665d1f4389988e235906ba9f9048d4a94a
mlir/test/Dialect/XeGPU/canonicalize.mlir	blob	100644	755d27ec4287855266bed786bedb5ca92e01c8ba
mlir/test/Dialect/XeGPU/contiguity-analysis.mlir	blob	100644	f223b325c2f9edde30e416d40bb8445f058264e4
mlir/test/Dialect/XeGPU/invalid.mlir	blob	100644	f06fbac6074744c8c830047d8a1751560e622f59
mlir/test/Dialect/XeGPU/layout.mlir	blob	100644	2cd5c70f590642b6dec88b37dc83eb711fa63a8b
mlir/test/Dialect/XeGPU/ops.mlir	blob	100644	5e795017e212235d5f2c558cc3f314a6900e5301
mlir/test/Dialect/XeGPU/peephole-optimize.mlir	blob	100644	082d965bc2ef2206f6cc74eaafc4eed710ee9f66
mlir/test/Dialect/XeGPU/propagate-layout-inst-data.mlir	blob	100644	df5d95f1683faa155718f117b2644f05eb3fd86e
mlir/test/Dialect/XeGPU/propagate-layout-subgroup-invalid.mlir	blob	100644	e0271728dc423cf0ba4de673609c689ccabc0a9e
mlir/test/Dialect/XeGPU/propagate-layout-subgroup.mlir	blob	100644	dca0c33012b210d8ce0b0be2514c63b467359c44
mlir/test/Dialect/XeGPU/propagate-layout.mlir	blob	100644	97701e738009e2a8c8f12c0c6c7eb31ef1232b25
mlir/test/Dialect/XeGPU/resolve-layout-conflicts.mlir	blob	100644	99e3f3be31c18804dd99109231d83f5a4d623ba5
mlir/test/Dialect/XeGPU/sg-to-lane-distribute-unit.mlir	blob	100644	415447351ca45bd7c16682669d80260d44aeb459
mlir/test/Dialect/XeGPU/sg-to-lane-distribute.mlir	blob	100644	85f19d070a4b28e702868442700de055f51ee68d
mlir/test/Dialect/XeGPU/test-xegpu-coalesce-gather-scatter.mlir	blob	100644	fb32e0012679b249d38670376856c405802d8864
mlir/test/Dialect/XeGPU/transform-ops-invalid.mlir	blob	100644	ba259f311d76e34572bcefe286611f3bd936d450
mlir/test/Dialect/XeGPU/transform-ops.mlir	blob	100644	c6d4f8cd28c659e2435e337eac27dc0b20b92594
mlir/test/Dialect/XeGPU/xegpu-attr-interface.mlir	blob	100644	8ce6d4dfd439ea2942d82c586cdfaa9ebb5d9296
mlir/test/Dialect/XeGPU/xegpu-blocking.mlir	blob	100644	c7cbdf16a11719105958828283785e184a7b37b4
mlir/test/Dialect/XeGPU/xegpu-propagate-layout-invalid.mlir	blob	100644	ded8a627f9f6ac6edf98f2b9a2bc5edd006decf8
mlir/test/Dialect/XeGPU/xegpu-recover-layout.mlir	blob	100644	39efc8691753f50eab2fb741dbe074d1528f5d21
mlir/test/Dialect/XeGPU/xegpu-unroll-patterns.mlir	blob	100644	c88a5a80674f8ab4c565aa0a1f88ef5665b0db0c
mlir/test/Dialect/XeGPU/xegpu-vector-linearize.mlir	blob	100644	e07d2bfa08b6fa54c428876f53854053686fee25
mlir/test/Dialect/XeGPU/xegpu-wg-to-sg-elemwise.mlir	blob	100644	662da6014c6e94f250586458fad014f3b8ce58d9
mlir/test/Dialect/XeGPU/xegpu-wg-to-sg-rr.mlir	blob	100644	4ebaa15a4ee2248e969740b49e318361c1d4a469
mlir/test/Dialect/XeGPU/xegpu-wg-to-sg.mlir	blob	100644	1579eeb1e65524138f89b05b36fe1c93824ac000
mlir/test/Dialect/common_folders.mlir	blob	100644	9e38c1479e2e7444ebd487d7cae7d76c21926197
mlir/test/Dialect/traits.mlir	blob	100644	ae48cadbf370f26013269ea2cf67750a54bb85f5
mlir/test/Examples/NVGPU/Ch0.py	blob	100644	4f1743bb5f17f4f3f176cd998ccc83ffa2014d39
mlir/test/Examples/NVGPU/Ch1.py	blob	100644	6e44e4d04fa06a663e8a994d1f8604614b8cf5ff
mlir/test/Examples/NVGPU/Ch2.py	blob	100644	aba610cee0b342d891697bf3f0e8c38fe7d99404
mlir/test/Examples/NVGPU/Ch3.py	blob	100644	8289069812612e84b06f34632f5b75f7f707c33f
mlir/test/Examples/NVGPU/Ch4.py	blob	100644	d96abb7a0d36effe74470fd021a0f0d0ea6a5033
mlir/test/Examples/NVGPU/Ch5.py	blob	100644	f6af8cae90b099a5422fdf6b355824ec2b773281
mlir/test/Examples/NVGPU/lit.local.cfg	blob	100644	af44b2e37c6716b87fb94a47bf450ba6eab4272d
mlir/test/Examples/NVGPU/tools/lit.local.cfg	blob	100644	d9f34f219c4d955fdf66804369eff8524edf60e2
mlir/test/Examples/NVGPU/tools/nvdsl.py	blob	100644	16dc12ca1625daf4dc8d8b295dccd7baf45830ed
mlir/test/Examples/NVGPU/tools/nvgpucompiler.py	blob	100644	4b661f8df6a9ff9a90420e6fab4b05875d1d310c
mlir/test/Examples/Toy/Ch1/ast.toy	blob	100644	4af2d25fe1821dda08d7f05b62d569c543dbc84e
mlir/test/Examples/Toy/Ch1/empty.toy	blob	100644	1e1e83ad31d93018445fe3f7c06e0f890521d14b
mlir/test/Examples/Toy/Ch2/ast.toy	blob	100644	48bd4432bf7275bb687d9516ab5bee4e98f1f409
mlir/test/Examples/Toy/Ch2/codegen.toy	blob	100644	12178d6afb3091da4b6c4d6af74495c8d07f2843
mlir/test/Examples/Toy/Ch2/empty.toy	blob	100644	36d092e328c07c2cb975257e821fe4c0f7012218
mlir/test/Examples/Toy/Ch2/invalid.mlir	blob	100644	b3ff353f9304108371a0edf5ad0534a690ade56a
mlir/test/Examples/Toy/Ch2/scalar.toy	blob	100644	b109898fb6d3cb0b51b31d78a42549e99970811b
mlir/test/Examples/Toy/Ch3/ast.toy	blob	100644	15ac2425390c81b9db4e1a44f6483b0f6843a068
mlir/test/Examples/Toy/Ch3/codegen.toy	blob	100644	b5d4c14dcc11ef7a023bf6aea8372d3183dac64b
mlir/test/Examples/Toy/Ch3/empty.toy	blob	100644	87baab2397e4fbb1ca83961db1dbb9b185b05025
mlir/test/Examples/Toy/Ch3/invalid.mlir	blob	100644	7e251cca5f1728a8d235f97d1645c6459563a9c1
mlir/test/Examples/Toy/Ch3/scalar.toy	blob	100644	958808a2d6a508787b5494a0e283314e946abe97
mlir/test/Examples/Toy/Ch3/transpose_transpose.toy	blob	100644	2f13a3fca3aee574d53bfa980870cc654f92015c
mlir/test/Examples/Toy/Ch3/trivial_reshape.toy	blob	100644	0bdbe22eee9c56ecd0c22b3fbe6d040e7471d0de
mlir/test/Examples/Toy/Ch4/ast.toy	blob	100644	d665be5e85ab9432d583e0bb6a78f0384bbce04f
mlir/test/Examples/Toy/Ch4/codegen.toy	blob	100644	594ddc07f079400cb51c4fa3b9de176ff4d7cd49
mlir/test/Examples/Toy/Ch4/empty.toy	blob	100644	5ad37f7f96d7a6702b855fe5431e8578ea4d6aa9
mlir/test/Examples/Toy/Ch4/invalid.mlir	blob	100644	2bdb6ef3616d518151fd9a1dee39ca610b83c10e
mlir/test/Examples/Toy/Ch4/scalar.toy	blob	100644	39cc7a6b61aef663c23025f07479d60212698c0c
mlir/test/Examples/Toy/Ch4/shape_inference.mlir	blob	100644	dbe859e3e8247852b4c5da6db619dbffb84b9742
mlir/test/Examples/Toy/Ch4/transpose_transpose.toy	blob	100644	e4f08f5d7c239608f926dfebde462066f923be87
mlir/test/Examples/Toy/Ch4/trivial_reshape.toy	blob	100644	d69299132a66d30710f30af985b3aac0c06a4eff
mlir/test/Examples/Toy/Ch5/affine-lowering.mlir	blob	100644	034474d905a08d13e982d3d6c9ff09d2785cfdab
mlir/test/Examples/Toy/Ch5/ast.toy	blob	100644	9840ea2c5663b9d73c8e0c3ed68a122f8b46c263
mlir/test/Examples/Toy/Ch5/codegen.toy	blob	100644	101050207c2630bf818caebeffde58e1cad40db2
mlir/test/Examples/Toy/Ch5/empty.toy	blob	100644	d43f34e7b8556176bf4eef0106e6f9266ad06b01
mlir/test/Examples/Toy/Ch5/invalid.mlir	blob	100644	05f818cf0fc03b03acd0fb73b670551f3fb9b0bc
mlir/test/Examples/Toy/Ch5/scalar.toy	blob	100644	b8f53849a35486d5ca0a2984bdd26c603b2eee35
mlir/test/Examples/Toy/Ch5/shape_inference.mlir	blob	100644	50cc4921c84404555861ca2a86c42940c884d166
mlir/test/Examples/Toy/Ch5/transpose_transpose.toy	blob	100644	df74fd4e1321593793795c55f3e453c41f240075
mlir/test/Examples/Toy/Ch5/trivial_reshape.toy	blob	100644	9fee8c6cc98f18a96809a3f47c84212f13035edf
mlir/test/Examples/Toy/Ch6/affine-lowering.mlir	blob	100644	51dedaf4463303e3f0b47a0b29955d7dbcac840f
mlir/test/Examples/Toy/Ch6/ast.toy	blob	100644	f5fc2789a2f5cf6c473fda83f84f54317cf3b03b
mlir/test/Examples/Toy/Ch6/codegen.toy	blob	100644	1d121cdb993782a1deda017c22e2ee8b4e164801
mlir/test/Examples/Toy/Ch6/empty.toy	blob	100644	f221f38a1a5c6729ebbad621f68ef23bf3cc10b4
mlir/test/Examples/Toy/Ch6/invalid.mlir	blob	100644	8d6d4974447f9217cc08ae902e77e061354be1ca
mlir/test/Examples/Toy/Ch6/jit.toy	blob	100644	c5be603bcb6dc2ba3b0a20dbb4a7c65615e62b60
mlir/test/Examples/Toy/Ch6/lit.local.cfg	blob	100644	0d9aa1006cf8b5ebbc30e91f788a67cb8e8598b5
mlir/test/Examples/Toy/Ch6/llvm-lowering.mlir	blob	100644	8e2f82cf15c5c056bef307a6e7aa27cf38abbbbc
mlir/test/Examples/Toy/Ch6/scalar.toy	blob	100644	351d1e785ca017f09f7c1cec1b447c43898b53ad
mlir/test/Examples/Toy/Ch6/shape_inference.mlir	blob	100644	7d23f8809a2bea89cc3f0ed8e167124424e83001
mlir/test/Examples/Toy/Ch6/transpose_transpose.toy	blob	100644	c17f2f4a7c5f9e154cbcfb09639b99f07fcbb687
mlir/test/Examples/Toy/Ch6/trivial_reshape.toy	blob	100644	2beb9e7e00a083883099d1fc85ccec62e235aff5
mlir/test/Examples/Toy/Ch7/affine-lowering.mlir	blob	100644	3cefd0e9970e3216e674ec60265e58a103fd9ef6
mlir/test/Examples/Toy/Ch7/ast.toy	blob	100644	878450a6affaa596c7e2cb017688fdc411a619a5
mlir/test/Examples/Toy/Ch7/codegen.toy	blob	100644	af6a3bd8294363bbca0644465d1994e3eb390035
mlir/test/Examples/Toy/Ch7/empty.toy	blob	100644	d9d4b8e8f4e5cdb97c24e1eb8efa09599ea24039
mlir/test/Examples/Toy/Ch7/invalid.mlir	blob	100644	c0aa70791893aef0ab9625693f6e3d71c6f9064a
mlir/test/Examples/Toy/Ch7/jit.toy	blob	100644	82469c78f53be591265404fef5b7c968173c8f44
mlir/test/Examples/Toy/Ch7/lit.local.cfg	blob	100644	0d9aa1006cf8b5ebbc30e91f788a67cb8e8598b5
mlir/test/Examples/Toy/Ch7/llvm-lowering.mlir	blob	100644	b4d25393b4ef0aca40c6349695c225a4a63ddfcd
mlir/test/Examples/Toy/Ch7/scalar.toy	blob	100644	f44902888f9540f4772ac0742e54568634888081
mlir/test/Examples/Toy/Ch7/shape_inference.mlir	blob	100644	083305f38722f6f4b910fbfe2ad12b0608c1c58d
mlir/test/Examples/Toy/Ch7/struct-ast.toy	blob	100644	d2ccc5accd1cb386acd3aac66b81323b99a3b264
mlir/test/Examples/Toy/Ch7/struct-codegen.toy	blob	100644	74dcad09b8d8ec0ab904e4316cbecaf661e2888e
mlir/test/Examples/Toy/Ch7/struct-opt.mlir	blob	100644	3faae88d2256612d1830b48e2fee77fac6cff208
mlir/test/Examples/Toy/Ch7/transpose_transpose.toy	blob	100644	571d7b1cba31b753a7ef5dc027a95bbbce2ca78a
mlir/test/Examples/Toy/Ch7/trivial_reshape.toy	blob	100644	06df1c1cc6e52fcd61b97479915eb01ff8bb8668
mlir/test/Examples/lit.local.cfg	blob	100644	1a51296e2b60a0ff38e7ffa724588b172b42500a
mlir/test/Examples/mlir-opt/ctlz.mlir	blob	100644	6e35010ca1c0b701d91866bee760721f99c68431
mlir/test/Examples/mlir-opt/ctlz_pipeline.mlir	blob	100644	5ba1f1f869688b49657de0de7d4bc48dc563eecf
mlir/test/Examples/mlir-opt/loop_fusion.mlir	blob	100644	eec0d3fa5709382a1e7439e60280075873766c15
mlir/test/Examples/mlir-opt/loop_fusion_default.mlir	blob	100644	e5c86b84e43e5a146b4b67d2c98b4642b29da84c
mlir/test/Examples/mlir-opt/loop_fusion_options.mlir	blob	100644	0475e162c38efec6f9396ffa8c95e35666522c4c
mlir/test/Examples/standalone/lit.local.cfg	blob	100644	6cf89358f8992750afb79d0a803071eea5a55920
mlir/test/Examples/standalone/test.toy	blob	100644	8836adde72ed8aa69e51ef35d2281f2449d62605
mlir/test/Examples/standalone/test.wheel.toy	blob	100644	cbc735d773117c47aca3e7d1822c4da48dfea193
mlir/test/Examples/transform-opt/empty.mlir	blob	100644	b525769db688221b85add810ce539186e3f3dab7
mlir/test/Examples/transform-opt/external-decl.mlir	blob	100644	5a73735892429b44885b94f88fa289b06c4b29c9
mlir/test/Examples/transform-opt/external-def.mlir	blob	100644	cdc1c28390ac884f67ad1bb4962b5243e7afc423
mlir/test/Examples/transform-opt/pass.mlir	blob	100644	5c7c8bf1e256dfd32d0d24c4b13add7f1a39099c
mlir/test/Examples/transform-opt/self-contained.mlir	blob	100644	e23311594c07ce8499d59e3d2644d0468848cd61
mlir/test/Examples/transform-opt/syntax-error.mlir	blob	100644	89f1d472fe8952e66d701f85c28dda9810a0377c
mlir/test/Examples/transform/Ch1/invalidation-1.mlir	blob	100644	6f2257c360e07ef3e80dba0e8c988a879445df8f
mlir/test/Examples/transform/Ch1/invalidation-2.mlir	blob	100644	0e7238ef4f16af78163b36a886345bf7e6e0f722
mlir/test/Examples/transform/Ch1/sequence.mlir	blob	100644	709c32060e69ea273f2590066ebe93a1a7d563b2
mlir/test/Examples/transform/Ch2/invalid.mlir	blob	100644	cb6738974fe27293268436ef9e0eddfae21e4c2a
mlir/test/Examples/transform/Ch2/ops.mlir	blob	100644	410a6e39a480c00d16e0891934cb26716cb126ba
mlir/test/Examples/transform/Ch2/sequence.mlir	blob	100644	db956f10f5b6b44b82accb9e0289009f49457602
mlir/test/Examples/transform/Ch3/invalid.mlir	blob	100644	acaabd5db30e409de6592b2cafc0f83d571d0813
mlir/test/Examples/transform/Ch3/ops.mlir	blob	100644	707a09fe251efc0865144bdb8d22f56503562d28
mlir/test/Examples/transform/Ch3/sequence.mlir	blob	100644	28bd94146721dd38593497944f548412f966039f
mlir/test/Examples/transform/Ch4/features.mlir	blob	100644	1c763461b7a24814aa9d405565c48b23e0d6426f
mlir/test/Examples/transform/Ch4/multiple.mlir	blob	100644	5045d07febf8f229d892a26d5c7fec00401e2ca5
mlir/test/Examples/transform/Ch4/sequence.mlir	blob	100644	c84ae4ff0368a6159c428725bbdb898d10a2fcf9
mlir/test/Examples/transform/ChH/full.mlir	blob	100644	4bffa60e7558862fd5e0fb4bcf563d7dad39ef64
mlir/test/IR/affine-map.mlir	blob	100644	a7cba498b4146efcdfe8d29d0ee0e148924aacff
mlir/test/IR/affine-set.mlir	blob	100644	7b022cc167e37199edac23f628863d4170b8f453
mlir/test/IR/affine-walk.mlir	blob	100644	0ee7abf9415cf321038aad06f3730e603ee986ba
mlir/test/IR/array-of-attr.mlir	blob	100644	bbf2e53616ad695f8d2c253355f44c82717a5f67
mlir/test/IR/attribute.mlir	blob	100644	7448ba9ddf6a37600a1356c2eb2e6b2b9970e632
mlir/test/IR/check-help-output.mlir	blob	100644	c11ab12626add19b40793a27a51809bc3c664c2a
mlir/test/IR/core-ops.mlir	blob	100644	0ab6775068a5169038ddcac36bc667821c35b6fb
mlir/test/IR/custom-float-attr-roundtrip.mlir	blob	100644	ea269e0087be4e6c18ebffa865caa29a62f8bdff
mlir/test/IR/custom-print-parse.mlir	blob	100644	0eadc2e4295601b546abdfa5595e3b708bf15b3d
mlir/test/IR/custom-struct-attr-roundtrip.mlir	blob	100644	a8873d01f1df7466fd3b3a0e3df5582e8cb34a6f
mlir/test/IR/dense-elements-hex.mlir	blob	100644	bd2a0276bce0a2a4cc0144748026d219482d1168
mlir/test/IR/dense-elements-type-interface.mlir	blob	100644	8749e562087c25ea42730f96ff389288e9318cad
mlir/test/IR/dense-resource-elements-attr.mlir	blob	100644	44cefc3aa1616db76b1a3214ba7ee1fa9e34d847
mlir/test/IR/diagnostic-handler-filter.mlir	blob	100644	39374a919fb95305041018cd7f39b66577721f60
mlir/test/IR/diagnostic-handler-metadata.mlir	blob	100644	c089185cc35701b591bb7f1dd3967fd856f9e16f
mlir/test/IR/diagnostic-handler-verify-regex.mlir	blob	100644	03486f366949c38a1fb2d7d355fc9d15467bd5e2
mlir/test/IR/diagnostic-handler.mlir	blob	100644	592656cefeb5f78cbdd8b29e5340e51749dde447
mlir/test/IR/diagnostic-nosplit.mlir	blob	100644	ecfb9c62469b59046ddfc56916e64a389c5ad982
mlir/test/IR/distinct-attr.mlir	blob	100644	e0727fec448913c350f1560d80357cabc58b57b4
mlir/test/IR/dynamic.mlir	blob	100644	3d261e6ca8efd46ea3562e3cf2b4b002a19b024d
mlir/test/IR/elements-attr-interface.mlir	blob	100644	aea87660c18a004337d8aedfd25da26ca80121f7
mlir/test/IR/enum-attr-invalid.mlir	blob	100644	fe401060125bf010d3a3155557cc4e07a770c3e9
mlir/test/IR/enum-attr-roundtrip.mlir	blob	100644	9b4b8de898942fe8f6ddb371a8f8ce68dd8f7336
mlir/test/IR/fail-invalid-tensor-encoding.mlir	blob	100644	a5d27038353e06e8f0488d73f5ccc1f3b4089ff3
mlir/test/IR/file-metadata-resources.mlir	blob	100644	dabee72611a31de5364d0fb44fbddf982ff500a5
mlir/test/IR/generic-block-visitors-interrupt.mlir	blob	100644	9479288e768edfb0208a765e6e25fc18ca491cd0
mlir/test/IR/generic-region-visitors-interrupt.mlir	blob	100644	8fa1fdf62c32715ccec8131b5ebaa4c38c881945
mlir/test/IR/generic-visitors-interrupt.mlir	blob	100644	4ca74aed77bacfa0f402ab21f5424333d69aad15
mlir/test/IR/generic-visitors.mlir	blob	100644	9600641316ba431ebe0ae73eb5978ad6ba136020
mlir/test/IR/greedy-pattern-rewrite-driver-bottom-up.mlir	blob	100644	d619eefd7210233679ee3a52cdd9dfecf1a8dc3a
mlir/test/IR/greedy-pattern-rewrite-driver-top-down.mlir	blob	100644	9f4a7924b725a2094484769dd2889e6a20293ffe
mlir/test/IR/invalid-affinemap.mlir	blob	100644	82aebf1235962ca2f6d090372627c840f9986718
mlir/test/IR/invalid-builtin-attributes.mlir	blob	100644	1989ce663cbb2171ff8e467fb71fa62f947d793f
mlir/test/IR/invalid-builtin-types.mlir	blob	100644	8207b183e4a5dc34d18f039adb685dc22c2d2d33
mlir/test/IR/invalid-custom-print-parse.mlir	blob	100644	774af059438170932e88440396c43ae3be32e1f8
mlir/test/IR/invalid-dense-array-attr.mlir	blob	100644	97b99302385434a12e334a6b1a25f290396a23a1
mlir/test/IR/invalid-file-metadata.mlir	blob	100644	553bd43c6aeeb02b8ad6de6f7f2a1fa949b0dde0
mlir/test/IR/invalid-func-op.mlir	blob	100644	8fd7af22e9598beddeafff9e2ad5edfac5ebbcce
mlir/test/IR/invalid-locations.mlir	blob	100644	78f3def9380ae806886726ad3c1fc9bf39028b12
mlir/test/IR/invalid-module-op.mlir	blob	100644	819da8ee84dd25d301ac53b111a623d0785138ad
mlir/test/IR/invalid-ops.mlir	blob	100644	8f91d4e1d4c706a8d7271d441b41694271bd9ca7
mlir/test/IR/invalid-properties.mlir	blob	100644	27c5adbf78e69d2e3f3e6cee162a3e7b4dcfbbc2
mlir/test/IR/invalid-unregistered.mlir	blob	100644	5efcd3acbc5a3c2f911c454ddbceafec995c2b33
mlir/test/IR/invalid.mlir	blob	100644	89077ef0f4736c0aa92c7caa9f41534481c6c81a
mlir/test/IR/locations.mlir	blob	100644	2e2374629f0f937c4f950cd0a38956911957733b
mlir/test/IR/module-op.mlir	blob	100644	d99806c92a902be9bcaf50263920a4348fe79247
mlir/test/IR/op-asm-interface.mlir	blob	100644	b44302f4eef3d90ae7985e5ba704da724e15f63a
mlir/test/IR/op-stats-json.mlir	blob	100644	40b0602a95897412405e440457f8f20a007bcd1b
mlir/test/IR/op-stats.mlir	blob	100644	526ba6deeaa5216bf4236240aeb346ac18486137
mlir/test/IR/opaque_locations.mlir	blob	100644	e9f765bf15ed35136ed698b172e1e8c20c52394a
mlir/test/IR/operand.mlir	blob	100644	1ac12dc4b9556cee72f584724e7487916489162d
mlir/test/IR/operation-equality.mlir	blob	100644	ed51b610fbc46af73ee8d5bec9ad9d27da5fa10f
mlir/test/IR/parse-literal.mlir	blob	100644	36867c56075d044391f65c15c5e1b6eaab55b10a
mlir/test/IR/parser-string-literal-comment.mlir	blob	100644	9d3a5983bc3ea9c2640ecff29e91fbb17c6efda2
mlir/test/IR/parser-string-literal-url.mlir	blob	100644	c78d92c6355e7c28c243d181fbebccabab8ff437
mlir/test/IR/parser.mlir	blob	100644	f3f63786199ecc9c40231d4c432b413260384460
mlir/test/IR/pretty-attributes.mlir	blob	100644	46b87fecdc2b9b933804726f1e2f9ccd2284c93e
mlir/test/IR/pretty-locations.mlir	blob	100644	598bebeb83aebd7130b79282780a73017cbe4c64
mlir/test/IR/pretty-region-args.mlir	blob	100644	f6420142b2372d912ea66bab3bc2e01272658337
mlir/test/IR/pretty-resources-print.mlir	blob	100644	a2733d13cebe89be9efaf06bc31a3188d1afa6d4
mlir/test/IR/pretty_printed_region_op.mlir	blob	100644	0a81f9d53a3097a425148203baf60a859473e6d3
mlir/test/IR/print-attr-type-aliases.mlir	blob	100644	fcac62cab91f9c199eef360f43e9624c3c2142ea
mlir/test/IR/print-empty-attr-or-type.mlir	blob	100644	836467d6786a5441ed2e13bf99f1678e444da6d8
mlir/test/IR/print-ir-defuse.mlir	blob	100644	4f5cffe0206bf2b6b4f624449e64e4a9d6b04717
mlir/test/IR/print-ir-invalid.mlir	blob	100644	46b34e5f8b63e19d5b67116d4dfc964be4d4419d
mlir/test/IR/print-ir-nesting.mlir	blob	100644	7d5fa31bfde7943a4276998ed17ab0cb542f9938
mlir/test/IR/print-op-custom-or-generic.mlir	blob	100644	a82089b36ae9473b8577dda26a14d7ce6facf8f9
mlir/test/IR/print-op-local-scope.mlir	blob	100644	2ff201cf6debbfb15948c78992bc49365c6b3a4e
mlir/test/IR/print-op-on-diagnostic.mlir	blob	100644	9c814205452379b65a37701edbd02c0791d9e594
mlir/test/IR/print-skip-regions.mlir	blob	100644	19a66e94f7f0b03848b79c89745ee1eab72e0067
mlir/test/IR/print-unique-ssa-ids.mlir	blob	100644	a2d2d9bb79076c549cf89861a48c0b2aad5c7786
mlir/test/IR/print-unsafe-null-operand.mlir	blob	100644	8b910156cca6774ad94e9bbb4d60dba83b86cfd8
mlir/test/IR/print-use-nameloc-as-prefix.mlir	blob	100644	ddee8aed5586cfc12092e28a39ec2af313a4abe0
mlir/test/IR/print-value-users.mlir	blob	100644	8d029444598f3623508da8fb91bf5f418ab5c5df
mlir/test/IR/properties-bytecode-roundtrip.mlir	blob	100644	b4c364305542546768898cfc2092b77265d8f28f
mlir/test/IR/properties-invalid.mlir	blob	100644	a6adf7ed98f8aad5ef4def95ffd10d123a3e130b
mlir/test/IR/properties.mlir	blob	100644	459b7d6048c690f867599ab627170b4e790e2f20
mlir/test/IR/recursive-type.mlir	blob	100644	b8111d9601e48c194915a2e38a8d01e20423c347
mlir/test/IR/region.mlir	blob	100644	e2088817c520414a3ab2de64c781bac850bc39ec
mlir/test/IR/repro_b120295301.mlir	blob	100755	1e6b62ed56c201e8613d9e5e2813b82fb1dff43b
mlir/test/IR/result.mlir	blob	100644	cdeae4202f0ff84cc6939b7ced9446cc9396f9d1
mlir/test/IR/slice.mlir	blob	100644	87d446c8f415af38a2bc72f233123ca4762516b6
mlir/test/IR/slice_multiple_blocks.mlir	blob	100644	395a4e970d5d49653981bee5d9dffe786a27557a
mlir/test/IR/test-branch-types-compatible.mlir	blob	100644	b6840da663f54fe0a91647d0e6d9d926854ea02a
mlir/test/IR/test-builtin-distinct-attrs.mlir	blob	100644	000d3e5b203d83b8073554f5ddbab01a3baea997
mlir/test/IR/test-clone.mlir	blob	100644	f723efc1a2c530f7f9b5c3c045fb8ab8e3f8e4ce
mlir/test/IR/test-fold-adaptor.mlir	blob	100644	a7dec9bb871a9cf6ade1b34bfd5a61c4788b4645
mlir/test/IR/test-func-erase-arg-error.mlir	blob	100644	bf826517c0c4d7b699997cb3970a9a29ed39f640
mlir/test/IR/test-func-erase-arg.mlir	blob	100644	7a27bd219c21ff59dec4c797ad2f385fd9a02b94
mlir/test/IR/test-func-erase-result.mlir	blob	100644	c508daff3c44094eb903c6b4bec4a16fe43415e5
mlir/test/IR/test-func-insert-arg.mlir	blob	100644	a06670c3ce961d9d3e443a9b981ef138195d1365
mlir/test/IR/test-func-insert-result.mlir	blob	100644	27449b189cfdf7d382a2f8dc4a4e9f572faa2ec1
mlir/test/IR/test-func-set-type.mlir	blob	100644	ca943c078bbad93a84251379a6ed9fa879e6be0c
mlir/test/IR/test-manual-cpp-fold.mlir	blob	100644	7364b7ccb57623f29df5f26f0e4bd7015d153c7d
mlir/test/IR/test-matchers.mlir	blob	100644	589ea58c38470b33134e934f7eea577c638577be
mlir/test/IR/test-op-property-predicates.mlir	blob	100644	3a4e2972948a433a2cbdb3a9fce567d54d2e9fed
mlir/test/IR/test-pattern-logging-listener.mlir	blob	100644	d7d912065559626e570822d8e4249088c6cfbfbd
mlir/test/IR/test-region-branch-op-verifier.mlir	blob	100644	1c7a87c4f0356eef8feeac45fc6b8d6228492b5e
mlir/test/IR/test-side-effects.mlir	blob	100644	bc8801c8302ddae1bdbab930b661302592f64792
mlir/test/IR/test-successor-verifier.mlir	blob	100644	1eb5b1f396991219a36f46fd5416d49d74223451
mlir/test/IR/test-symbol-rauw.mlir	blob	100644	ba17cf9d104261a5484e8352533e578f047952b2
mlir/test/IR/test-symbol-uses.mlir	blob	100644	eb0c5c379bb314e2b7d3784fff41a0a84895692b
mlir/test/IR/test-take-body.mlir	blob	100644	7edb3b8625376f7ae4ed22ea99e8f9ae2729c624
mlir/test/IR/test-verification-order.mlir	blob	100644	d6d4c3acaf7e3b4c09def66da6b19525562400eb
mlir/test/IR/test-verifiers-attr.mlir	blob	100644	4cbf7babbcf60247d81b28b61f752a60a0dcc5ef
mlir/test/IR/test-verifiers-op.mlir	blob	100644	a6ae016244885a9cc60aede48828595a8e3be72c
mlir/test/IR/test-verifiers-type.mlir	blob	100644	a6a5fa3d4fc9fa2d90417da8121ce54c693402b9
mlir/test/IR/test-walk-pattern-rewrite-driver.mlir	blob	100644	7871c2b60c6da8672c2afcd3d0a183166eda714f
mlir/test/IR/token-type.mlir	blob	100644	0218ae6e81ac599003c177034c4c79777e9cc8aa
mlir/test/IR/top-level.mlir	blob	100644	53896911aaaa859f88e5c9e12bbf8b0215c06ee9
mlir/test/IR/traits.mlir	blob	100644	5e5c2afe88cbdfdb4ebfc7f058d05ee05317e193
mlir/test/IR/visitors.mlir	blob	100644	705e353d27e6d04d374043d28e7e4afdc0c529f0
mlir/test/IR/wrapping_op.mlir	blob	100644	3f7a350ee654e7981682f82a40b0b6a23557301a
mlir/test/IR/zero_whitespace.mlir	blob	100644	124fc71cf1592134829bff56a50dd8624b4406a0
mlir/test/Integration/Dialect/Arith/CPU/test-apfloat-emulation-vector.mlir	blob	100644	cc773e60dda3edde0c94f67e4ca4b70384bc4348
mlir/test/Integration/Dialect/Arith/CPU/test-apfloat-emulation.mlir	blob	100644	6095a55ac89ca8d687e0cfda73acda48054f6d87
mlir/test/Integration/Dialect/Arith/CPU/test-arith-expand-ceildivsi.mlir	blob	100644	bb9cd1c4fa56f1cd4a4d9e505866bf7575b662e7
mlir/test/Integration/Dialect/Arith/CPU/test-arith-expand-truncf-extf.mlir	blob	100644	fb4d789fb3cd448ce16d1020668f5880d959c465
mlir/test/Integration/Dialect/Arith/CPU/test-wide-int-emulation-addi-i16.mlir	blob	100644	11e3baea41181200b7a38b78ac5b0cd83a2b90d6
mlir/test/Integration/Dialect/Arith/CPU/test-wide-int-emulation-cmpi-i16.mlir	blob	100644	a96491360def9f72554642757866fecbf013fa2f
mlir/test/Integration/Dialect/Arith/CPU/test-wide-int-emulation-compare-results-i16.mlir	blob	100644	483c1e604dbcb0fe7062a0fa1f56b309aa9010d1
mlir/test/Integration/Dialect/Arith/CPU/test-wide-int-emulation-constants-i16.mlir	blob	100644	e3d363ef9ac6c926d3ae2a66bc90295e6e16b504
mlir/test/Integration/Dialect/Arith/CPU/test-wide-int-emulation-fptosi-i64.mlir	blob	100644	0bce669461d3bcc9447620b0690b7a1462d748bc
mlir/test/Integration/Dialect/Arith/CPU/test-wide-int-emulation-fptoui-i64.mlir	blob	100644	5d3de8c24e3fa3bbc5a3066761efc7817d600a5b
mlir/test/Integration/Dialect/Arith/CPU/test-wide-int-emulation-max-min-i16.mlir	blob	100644	2efbc3833a4e042078d456e3adbc3245aa9b8c9c
mlir/test/Integration/Dialect/Arith/CPU/test-wide-int-emulation-muli-i16.mlir	blob	100644	64039299600fb3cc4c4b3eeb6d6b9d657c3f811f
mlir/test/Integration/Dialect/Arith/CPU/test-wide-int-emulation-shli-i16.mlir	blob	100644	818a73b59262d0e1a130db43b1d95aa36deca3a9
mlir/test/Integration/Dialect/Arith/CPU/test-wide-int-emulation-shrsi-i16.mlir	blob	100644	fba3bac1441e3ad4ee267b516232c13919c7e835
mlir/test/Integration/Dialect/Arith/CPU/test-wide-int-emulation-shrui-i16.mlir	blob	100644	0a6ecc060ac775105881d9933d6e0dd4677c13bd
mlir/test/Integration/Dialect/Arith/CPU/test-wide-int-emulation-sitofp-i32.mlir	blob	100644	9670d486536c43e1a0cdc89dc0a4cec1efd04c57
mlir/test/Integration/Dialect/Arith/CPU/test-wide-int-emulation-subi-i32.mlir	blob	100644	05423b754b25826e0413aad3aaa233d9bda15b20
mlir/test/Integration/Dialect/Arith/CPU/test-wide-int-emulation-uitofp-i32.mlir	blob	100644	22a318edc863a30889f3bafd8018cd54d5536d66
mlir/test/Integration/Dialect/Async/CPU/lit.local.cfg	blob	100644	073f6373d8581862f60a0ce48d94a102680c3dbd
mlir/test/Integration/Dialect/Async/CPU/microbench-linalg-async-parallel-for.mlir	blob	100644	e07e0c77a93ec9ff7e84e28e59715732c932a9ec
mlir/test/Integration/Dialect/Async/CPU/microbench-scf-async-parallel-for.mlir	blob	100644	a79efd818587332f6b532086003b056a7a24bdc6
mlir/test/Integration/Dialect/Async/CPU/test-async-parallel-for-1d.mlir	blob	100644	79abe8c1ecc600c6a3b440a878bf8678e4c633c1
mlir/test/Integration/Dialect/Async/CPU/test-async-parallel-for-2d.mlir	blob	100644	afbb57415552c2c58dfc4ec25616d21a7b44b05f
mlir/test/Integration/Dialect/Complex/CPU/correctness.mlir	blob	100644	29ad9603d1b9b2de9737845714a1e30e45774390
mlir/test/Integration/Dialect/ControlFlow/assert.mlir	blob	100644	0271598140a7dd4944428db779e93c8f6dd2d3bf
mlir/test/Integration/Dialect/EmitC/inline-oz-test-model-tosa.mlir	blob	100644	1ea07e961fbc017f2abd2d3789041e97f6f482e7
mlir/test/Integration/Dialect/EmitC/lit.local.cfg	blob	100644	848972126d7e8cb3ff87fc9da82a06e46d12e1c7
mlir/test/Integration/Dialect/EmitC/regalloc-eviction-test-model-tosa.mlir	blob	100644	f9828f67121e5303e45736bf58b5481a2f7d05d6
mlir/test/Integration/Dialect/EmitC/td.mlir	blob	100644	e5613187d0fbafde3cb412ad8bb0f4e1168b4ae8
mlir/test/Integration/Dialect/EmitC/tosa.mlir	blob	100644	b23164c9c4b9e6d0685142162173185293e2a304
mlir/test/Integration/Dialect/LLVMIR/CPU/X86/lit.local.cfg	blob	100644	071a13c27769e6c4f73da8daa25b3282cb3aef73
mlir/test/Integration/Dialect/LLVMIR/CPU/X86/test-inline-asm-vector.mlir	blob	100644	f63aa880e4412ee21efcb5d6ee39d5b839594b71
mlir/test/Integration/Dialect/LLVMIR/CPU/X86/test-inline-asm.mlir	blob	100644	8059741d751117b68ef41cbf81de8bd5f2b0d4da
mlir/test/Integration/Dialect/LLVMIR/CPU/test-complex-sparse-constant.mlir	blob	100644	2038de93af92003567bb27802638788a72e690c1
mlir/test/Integration/Dialect/LLVMIR/CPU/test-vector-reductions-fp.mlir	blob	100644	f9ef835538a9be3879414f28a36ebe64853187a3
mlir/test/Integration/Dialect/LLVMIR/CPU/test-vector-reductions-int.mlir	blob	100644	a80330189ee50871736bb21b52494e1b3bbb0c2c
mlir/test/Integration/Dialect/Linalg/CPU/ArmNeon/lit.local.cfg	blob	100644	698fc7483d72e6ec9ef47a82672d29c35bb6e26d
mlir/test/Integration/Dialect/Linalg/CPU/ArmNeon/matmul-f32.mlir	blob	100644	3a55d2a890eef7527d8bf81922132f4e59c15101
mlir/test/Integration/Dialect/Linalg/CPU/ArmNeon/matmul-i8.mlir	blob	100644	f3b12be086480eaedfeb627a1569a9d9c2603396
mlir/test/Integration/Dialect/Linalg/CPU/ArmSME/fill-2d.mlir	blob	100644	f323070157ceb5ff1fad8555af7338f2862aaefb
mlir/test/Integration/Dialect/Linalg/CPU/ArmSME/lit.local.cfg	blob	100644	296b4419438e8a03e3e19cda944fd858f2d93e61
mlir/test/Integration/Dialect/Linalg/CPU/ArmSME/matmul-transpose-a.mlir	blob	100644	ba8e59ae779f5e909b6ea742b37e4871df21552e
mlir/test/Integration/Dialect/Linalg/CPU/ArmSME/matmul.mlir	blob	100644	b20f6c72131251d34b1e98d843ba885908b284bf
mlir/test/Integration/Dialect/Linalg/CPU/ArmSME/multi-tile-matmul-mixed-types.mlir	blob	100644	c7943bbfd57f44b11a2383546de724020bdf852e
mlir/test/Integration/Dialect/Linalg/CPU/ArmSME/multi-tile-matmul.mlir	blob	100644	29c257e02c693aa54319f5c812bb9db5ce3675d9
mlir/test/Integration/Dialect/Linalg/CPU/ArmSME/pack-unpack-mmt4d.mlir	blob	100644	c36ac0e75df5b44244f251e2635fe4d7ee4b8894
mlir/test/Integration/Dialect/Linalg/CPU/ArmSME/use-too-many-tiles.mlir	blob	100644	abf0f6a2740c4ad2e75616514e93565e0a781e30
mlir/test/Integration/Dialect/Linalg/CPU/ArmSVE/1d-depthwise-conv.mlir	blob	100644	31931475525259b0a8e3b51b2bbf26f49d485d1e
mlir/test/Integration/Dialect/Linalg/CPU/ArmSVE/fill-1d.mlir	blob	100644	6099eea1910d959f6babbd48093e4ffa9fdfea7b
mlir/test/Integration/Dialect/Linalg/CPU/ArmSVE/lit.local.cfg	blob	100644	0a40e0a1eba28855a6a1a80bb695c25e6f8a96dd
mlir/test/Integration/Dialect/Linalg/CPU/ArmSVE/matmul.mlir	blob	100644	3368dd634d228ac977d58d4f3381bbd8e1698ffc
mlir/test/Integration/Dialect/Linalg/CPU/ArmSVE/pack-scalable-inner-tile.mlir	blob	100644	b7f9f2dbcf700aa4b82837bd18f462d659f76452
mlir/test/Integration/Dialect/Linalg/CPU/ArmSVE/pack-unpack-mmt4d.mlir	blob	100644	cf8396644b27f5942cf1a96114bec6f82a2d9956
mlir/test/Integration/Dialect/Linalg/CPU/ArmSVE/pack-unpack-scalable-inner-tile.mlir	blob	100644	76d6a83f4145196e26b2f9455b04a68d6a8c5496
mlir/test/Integration/Dialect/Linalg/CPU/ArmSVE/reduce_1d.mlir	blob	100644	a7b0b27ca5fb9a31c5a8f7767fef7dbf0be65659
mlir/test/Integration/Dialect/Linalg/CPU/ArmSVE/reduce_2d.mlir	blob	100644	4adc68966f17ab11ea9fe7c7505983753912e68b
mlir/test/Integration/Dialect/Linalg/CPU/ArmSVE/td/pack-unpack.mlir	blob	100644	b9992a3174d95c2332e470b103b9276cc646376e
mlir/test/Integration/Dialect/Linalg/CPU/matmul-vs-matvec.mlir	blob	100644	1950fe86215622883b43bf03503df161e53eb47b
mlir/test/Integration/Dialect/Linalg/CPU/mmt4d.mlir	blob	100644	51662b1d343f0735476d20743043c3b9bfe7a96c
mlir/test/Integration/Dialect/Linalg/CPU/pack-dynamic-inner-tile.mlir	blob	100644	1e0ce70625e56e4858a82b7ec3a479075aae1722
mlir/test/Integration/Dialect/Linalg/CPU/pack-unpack-mmt4d.mlir	blob	100644	48e73db8c0046471cc02ce246f522c8059cca1b0
mlir/test/Integration/Dialect/Linalg/CPU/rank-reducing-subview.mlir	blob	100644	fe261a7345697945b9eac4016cb36376a03ae62f
mlir/test/Integration/Dialect/Linalg/CPU/runtime-verification.mlir	blob	100644	c90476e1ff61d1aa77316056aa616ec03855c39f
mlir/test/Integration/Dialect/Linalg/CPU/test-collapse-tensor.mlir	blob	100644	d6214a6300bba4a138f41d3241274291d789cac4
mlir/test/Integration/Dialect/Linalg/CPU/test-conv-1d-call.mlir	blob	100644	a1b2fed671cee0c07ffaab9666869ba550cba18e
mlir/test/Integration/Dialect/Linalg/CPU/test-conv-1d-nwc-wcf-call.mlir	blob	100644	e1ad125b9966c79ccb7bc3c3a62f5ee1e98d5f7c
mlir/test/Integration/Dialect/Linalg/CPU/test-conv-2d-call.mlir	blob	100644	d44e43977e716900b8c802faf848341886c33305
mlir/test/Integration/Dialect/Linalg/CPU/test-conv-2d-nhwc-hwcf-call.mlir	blob	100644	240016f230650e4bd24e66fd920f131c696d24be
mlir/test/Integration/Dialect/Linalg/CPU/test-conv-3d-call.mlir	blob	100644	2e5b1cc3d44e6dc2319582444b773d3c05159e6f
mlir/test/Integration/Dialect/Linalg/CPU/test-conv-3d-ndhwc-dhwcf-call.mlir	blob	100644	2368b56827984d00d111298fbfe246c62f28d05c
mlir/test/Integration/Dialect/Linalg/CPU/test-elementwise.mlir	blob	100644	3056e08a4862109e4bc6568c1cfd591f5898d558
mlir/test/Integration/Dialect/Linalg/CPU/test-expand-tensor.mlir	blob	100644	e644c004751f35d25042f82f20be97f073f28385
mlir/test/Integration/Dialect/Linalg/CPU/test-matmul-masked-vec.mlir	blob	100644	0883e7b698f55e8a66aca24b97e2153d97a6f5bb
mlir/test/Integration/Dialect/Linalg/CPU/test-one-shot-bufferize.mlir	blob	100644	3675f8865a6858eb15d0359e13343725eda80101
mlir/test/Integration/Dialect/Linalg/CPU/test-padtensor.mlir	blob	100644	63db0def1cbc56ca677b8bcf83bf204dc01178d6
mlir/test/Integration/Dialect/Linalg/CPU/test-subtensor-insert-multiple-uses.mlir	blob	100644	ad6b7ed35a44cfc949e4d10f8afe39912a3fc23f
mlir/test/Integration/Dialect/Linalg/CPU/test-subtensor-insert.mlir	blob	100644	c050e5fa164dbd42de93e90f9f101dec4a12d8a0
mlir/test/Integration/Dialect/Linalg/CPU/test-tensor-e2e.mlir	blob	100644	43263ae88754bb7a11acea10b2b377b26b634326
mlir/test/Integration/Dialect/Linalg/CPU/test-tensor-matmul.mlir	blob	100644	f21b94308d6ed2c9f99f35e2ee25a6e2eade22aa
mlir/test/Integration/Dialect/Linalg/CPU/unpack-dynamic-inner-tile.mlir	blob	100644	dc7a03886567af6273d47b9f08062ae1d70d8f56
mlir/test/Integration/Dialect/Math/CPU/mathtofuncs_ctlz.mlir	blob	100644	cd9483410138fdcc4f566bd0edb6c8bfc9580867
mlir/test/Integration/Dialect/Math/CPU/test-apfloat-emulation-vector.mlir	blob	100644	c0b2d858c1fec1f8effdcf7eba5668d13a993857
mlir/test/Integration/Dialect/Math/CPU/test-apfloat-emulation.mlir	blob	100644	0cc3d3f2218f0fca067bd152f80caeb1e6c27d6b
mlir/test/Integration/Dialect/MemRef/assume-alignment-runtime-verification.mlir	blob	100644	0e6af291c2dae4eec678c5778369bc7ea474265a
mlir/test/Integration/Dialect/MemRef/atomic-rmw-runtime-verification.mlir	blob	100644	859ceadb247e2ee4316de9cc114fe3f32bff3613
mlir/test/Integration/Dialect/MemRef/cast-runtime-verification.mlir	blob	100644	b605c77deb6f0a7dfc807560da26562856cf77ea
mlir/test/Integration/Dialect/MemRef/copy-runtime-verification.mlir	blob	100644	413cb192200fbe84501d91d15f13c3cb46ce3d05
mlir/test/Integration/Dialect/MemRef/dim-runtime-verification.mlir	blob	100644	8f5a2c74f3b3668054b2391016252237c1d2adda
mlir/test/Integration/Dialect/MemRef/expand-shape-runtime-verification.mlir	blob	100644	805a416a01a52f21e6b32a83696bf1b8f570801b
mlir/test/Integration/Dialect/MemRef/load-runtime-verification.mlir	blob	100644	364880c0aee959d59534be6700292e6fa72ef010
mlir/test/Integration/Dialect/MemRef/memref_abi.c	blob	100644	110ab449b5a348e410788e54465637fcdba7c732
mlir/test/Integration/Dialect/MemRef/print-memref.mlir	blob	100644	b7a5dd3afccc1c1287225949c921df7ec1278a78
mlir/test/Integration/Dialect/MemRef/store-runtime-verification.mlir	blob	100644	53d860df5b0f6859c0edfc7b5b4d1347c63b0903
mlir/test/Integration/Dialect/MemRef/subview-runtime-verification.mlir	blob	100644	09cfee16ccd001a164e18b99d2392749450ce237
mlir/test/Integration/Dialect/MemRef/verify-memref.mlir	blob	100644	9470f3bccd86a425c1228149d1933ccfa35baf13
mlir/test/Integration/Dialect/PDL/CPU/multiroot.mlir	blob	100644	eb04ceb1ce45631c39560439baf4ea77449c3ddd
mlir/test/Integration/Dialect/SparseTensor/CPU/Inputs/main_for_lli.ll	blob	100644	7b74618207b2f731642d209e2f1189b7d47c6400
mlir/test/Integration/Dialect/SparseTensor/CPU/block.mlir	blob	100644	0293e64b0a61db806a18b5e02eef3e852f758eae
mlir/test/Integration/Dialect/SparseTensor/CPU/block_majors.mlir	blob	100755	04196abf1d49d916a9cecec4e8d56a0ff08ace17
mlir/test/Integration/Dialect/SparseTensor/CPU/concatenate_dim_0.mlir	blob	100644	f4f00ae5ca4855695fb3cad2d45e8bcf695132f6
mlir/test/Integration/Dialect/SparseTensor/CPU/concatenate_dim_0_permute.mlir	blob	100644	d2211bd8f59959edca2c9e891d70b944138d31cf
mlir/test/Integration/Dialect/SparseTensor/CPU/concatenate_dim_1.mlir	blob	100644	baa898e8e49a28bd33b28cb076c0eff18f61ecb9
mlir/test/Integration/Dialect/SparseTensor/CPU/concatenate_dim_1_permute.mlir	blob	100644	73bc91ad3ffc64bda5e8e769f2b7f9d0d2389ee8
mlir/test/Integration/Dialect/SparseTensor/CPU/dense_output.mlir	blob	100644	5cefb3e2ac852c18acf4d217e6fcbbd92cc39080
mlir/test/Integration/Dialect/SparseTensor/CPU/dense_output_bf16.mlir	blob	100644	40a0351a83ee9c76add2387301e82b5e1bf21e81
mlir/test/Integration/Dialect/SparseTensor/CPU/dense_output_f16.mlir	blob	100644	94fa5fb3713ff91e7dbd018c4a1565c8dd70c27f
mlir/test/Integration/Dialect/SparseTensor/CPU/dual_sparse_conv_2d.mlir	blob	100644	842cdaa320c3d185a28babf63e530ff48bfa81e8
mlir/test/Integration/Dialect/SparseTensor/CPU/iterator-based-kernel.mlir	blob	100644	406b0eb0234ec0c7bcc8d12d1c4acc5bd6cc24a6
mlir/test/Integration/Dialect/SparseTensor/CPU/lit.local.cfg	blob	100644	9caae19726cb114c58fe7f0cf68bc49beafdfcff
mlir/test/Integration/Dialect/SparseTensor/CPU/padded_sparse_conv_2d.mlir	blob	100644	e9aa71e8885798f2b8b43faa846eecdba2732744
mlir/test/Integration/Dialect/SparseTensor/CPU/reshape_dot.mlir	blob	100644	08e27d272529a617002af1a6b9ad3f46940713a2
mlir/test/Integration/Dialect/SparseTensor/CPU/sparse_abs.mlir	blob	100644	77450a30078274daba91a553782cb45ba3cf1fe5
mlir/test/Integration/Dialect/SparseTensor/CPU/sparse_binary.mlir	blob	100644	c640f34b4d38d0fbca19b25625fa271b641727c7
mlir/test/Integration/Dialect/SparseTensor/CPU/sparse_block3d.mlir	blob	100755	a4e402c746d2ebc6b9a5cb54e7ca84c446919f74
mlir/test/Integration/Dialect/SparseTensor/CPU/sparse_block_matmul.mlir	blob	100644	d0a8b3b279d209cc63f07a42742207e237000fd1
mlir/test/Integration/Dialect/SparseTensor/CPU/sparse_cast.mlir	blob	100644	83139f8b700d87e6e31d54426b80d5f4cb72bfb3
mlir/test/Integration/Dialect/SparseTensor/CPU/sparse_cmp.mlir	blob	100644	505729cc86924450490aea0bd32295c88975946a
mlir/test/Integration/Dialect/SparseTensor/CPU/sparse_codegen_dim.mlir	blob	100644	6ed0214aa4d3809902b6eafd43d45b320ad975d1
mlir/test/Integration/Dialect/SparseTensor/CPU/sparse_codegen_foreach.mlir	blob	100644	5fa4548e31dfd96d9df4639cca624ba52ecbb6d3
mlir/test/Integration/Dialect/SparseTensor/CPU/sparse_collapse_shape.mlir	blob	100644	5a1a54182cfbc1dd9b47e0695dc15a040a96aaa5
mlir/test/Integration/Dialect/SparseTensor/CPU/sparse_complex32.mlir	blob	100644	2b8567ffc81deb613f348130e09ce88bcb473213
mlir/test/Integration/Dialect/SparseTensor/CPU/sparse_complex64.mlir	blob	100644	794fb516ab8548127caa36559d5655127258913a
mlir/test/Integration/Dialect/SparseTensor/CPU/sparse_complex_ops.mlir	blob	100644	e6b27ea1445dbe67a07f2234f443cff4c1b34593
mlir/test/Integration/Dialect/SparseTensor/CPU/sparse_constant_to_sparse_tensor.mlir	blob	100644	1d61e74b5ec5c586a98d14bad1290db90196b855
mlir/test/Integration/Dialect/SparseTensor/CPU/sparse_conv_1d_nwc_wcf.mlir	blob	100644	e9d0db56e33fd27bbe3b29da0663557f7c6650a8
mlir/test/Integration/Dialect/SparseTensor/CPU/sparse_conv_2d.mlir	blob	100644	8f6d98452d77c5cfccd1c968fd71b5d27015c15c
mlir/test/Integration/Dialect/SparseTensor/CPU/sparse_conv_2d_55.mlir	blob	100755	152078bfc4072e042c2279b4a9a643f45ab1e897
mlir/test/Integration/Dialect/SparseTensor/CPU/sparse_conv_2d_nchw_fchw.mlir	blob	100644	b03142dce25028e0f947ed3a884f9aa585351ee9
mlir/test/Integration/Dialect/SparseTensor/CPU/sparse_conv_2d_nhwc_hwcf.mlir	blob	100644	0a5ab9bb79e9c7669fb906c53270add40e8c909a
mlir/test/Integration/Dialect/SparseTensor/CPU/sparse_conv_3d.mlir	blob	100644	1f73aa8c6d95faa0fd3c29688077882a18c79a38
mlir/test/Integration/Dialect/SparseTensor/CPU/sparse_conv_3d_ndhwc_dhwcf.mlir	blob	100644	ffea9fdd9926bba0d727de0e19075b08d8fb719f
mlir/test/Integration/Dialect/SparseTensor/CPU/sparse_conversion.mlir	blob	100644	509ab9a0c86e7789a673afa0f8875b50b8444ffe
mlir/test/Integration/Dialect/SparseTensor/CPU/sparse_conversion_block.mlir	blob	100644	d1a6753a9f157382cce988edb49b5dd5bc6724c4
mlir/test/Integration/Dialect/SparseTensor/CPU/sparse_conversion_dyn.mlir	blob	100644	e0bf79c4f7a173cff6af5b3bbfbfec8ec6d876b6
mlir/test/Integration/Dialect/SparseTensor/CPU/sparse_conversion_element.mlir	blob	100644	398a35a67a94b2400228c2b2936b4125cd81f230
mlir/test/Integration/Dialect/SparseTensor/CPU/sparse_conversion_ptr.mlir	blob	100644	2f533f227c645c1977bf2f85a00ff7af616accee
mlir/test/Integration/Dialect/SparseTensor/CPU/sparse_conversion_sparse2dense.mlir	blob	100644	20e781a6b6328586e102b83d0134fa080765faa4
mlir/test/Integration/Dialect/SparseTensor/CPU/sparse_conversion_sparse2sparse.mlir	blob	100644	0aed6b5fa4930bdc949c6f8aaee2f7edec1c9f49
mlir/test/Integration/Dialect/SparseTensor/CPU/sparse_coo_test.mlir	blob	100644	c3a768041a2591d3e60c208a775852a83762719c
mlir/test/Integration/Dialect/SparseTensor/CPU/sparse_dilated_conv_2d_nhwc_hwcf.mlir	blob	100644	f69d9bd220cd6a0044a0c4f913794eae4897d9b5
mlir/test/Integration/Dialect/SparseTensor/CPU/sparse_dot.mlir	blob	100644	a0409de5aa2930bfe23dd74eafd1f62dc9516fdc
mlir/test/Integration/Dialect/SparseTensor/CPU/sparse_ds.mlir	blob	100644	9ae716137269c6e98eb19a1ee780ceb1b6061424
mlir/test/Integration/Dialect/SparseTensor/CPU/sparse_empty.mlir	blob	100755	701d896079a5e4e66cb6b79a7eda20f321570924
mlir/test/Integration/Dialect/SparseTensor/CPU/sparse_expand.mlir	blob	100644	db35a4f4392ff526098b57fc39e556e3987840d4
mlir/test/Integration/Dialect/SparseTensor/CPU/sparse_expand_shape.mlir	blob	100644	3a3a7d816efbe2f5e114c459b6d08982901f51cd
mlir/test/Integration/Dialect/SparseTensor/CPU/sparse_file_coordinates.mlir	blob	100644	085ede93083128786bec875d86692fb2113efb21
mlir/test/Integration/Dialect/SparseTensor/CPU/sparse_file_rank.mlir	blob	100644	5cb3898e3de6febab2f991419d613a6ed1e2af89
mlir/test/Integration/Dialect/SparseTensor/CPU/sparse_filter_conv2d.mlir	blob	100644	3c0e0b163f43275d94de481cab5f35012d20e830
mlir/test/Integration/Dialect/SparseTensor/CPU/sparse_flatten.mlir	blob	100644	6e744e0a308dc2abae112db265b05b75c226dbb6
mlir/test/Integration/Dialect/SparseTensor/CPU/sparse_foreach_slices.mlir	blob	100644	e7df56ee39eb53f9c3fa101d5fbc5b7837d71e5c
mlir/test/Integration/Dialect/SparseTensor/CPU/sparse_generate.mlir	blob	100644	37e2f52c2f9e68eb39f889b51a5be5deeb38bcb3
mlir/test/Integration/Dialect/SparseTensor/CPU/sparse_index.mlir	blob	100644	92c9257d96dc5d4446d32167f49f6f2c8826d17e
mlir/test/Integration/Dialect/SparseTensor/CPU/sparse_index_dense.mlir	blob	100644	407c06077da9f7af28f04097300dfb6d86032003
mlir/test/Integration/Dialect/SparseTensor/CPU/sparse_insert_1d.mlir	blob	100644	be5cd55ae4a8216e7d242daf572ad85a5d3026ad
mlir/test/Integration/Dialect/SparseTensor/CPU/sparse_insert_2d.mlir	blob	100644	491052929992f75a303b152910982c4234b89a8b
mlir/test/Integration/Dialect/SparseTensor/CPU/sparse_insert_3d.mlir	blob	100644	d1125e3e972eab7ce79f4f016a99aa19ffb1417e
mlir/test/Integration/Dialect/SparseTensor/CPU/sparse_loose.mlir	blob	100644	1af9dc6cf20619c0e63bd8fb23a969150b3bfcac
mlir/test/Integration/Dialect/SparseTensor/CPU/sparse_matmul.mlir	blob	100644	357b9af854d3a8fc6aafe60eb76ef88f9b0a31ff
mlir/test/Integration/Dialect/SparseTensor/CPU/sparse_matmul_slice.mlir	blob	100644	f53699ab77e8abfe980f50f9c39415971bf8132c
mlir/test/Integration/Dialect/SparseTensor/CPU/sparse_matrix_ops.mlir	blob	100644	58592c9a0345c0ca8693d9f8aad07ba02acbe30a
mlir/test/Integration/Dialect/SparseTensor/CPU/sparse_matvec.mlir	blob	100644	26fbfaceb9b8bccaaabd11bf83a4247345a41a31
mlir/test/Integration/Dialect/SparseTensor/CPU/sparse_mttkrp.mlir	blob	100644	cf8b271c60164daf1690b5c38d9cbe4e5f049f5f
mlir/test/Integration/Dialect/SparseTensor/CPU/sparse_out_mult_elt.mlir	blob	100644	1283e1d9049437a500cc02b61147eaf8d29181f2
mlir/test/Integration/Dialect/SparseTensor/CPU/sparse_out_reduction.mlir	blob	100644	215b0caa8e7b25290e7ef11024c6314ff28727fb
mlir/test/Integration/Dialect/SparseTensor/CPU/sparse_out_simple.mlir	blob	100644	2a240286bb8dae36effccc4a04a67f46d40a2cdb
mlir/test/Integration/Dialect/SparseTensor/CPU/sparse_pack.mlir	blob	100644	c66561aa1bb31c3b895b7bf4d395e3917d0ec913
mlir/test/Integration/Dialect/SparseTensor/CPU/sparse_pack_d.mlir	blob	100755	0fe8f03c497fd7bb7ced3c34ff1ee07eb438e967
mlir/test/Integration/Dialect/SparseTensor/CPU/sparse_permute.mlir	blob	100644	62a5468a8c3e485dc2a85b4cbe17a5978e3b950c
mlir/test/Integration/Dialect/SparseTensor/CPU/sparse_pooling_nhwc.mlir	blob	100644	ec2916d4dcdfad0c2e2b1f6b2eb43a76d785adb4
mlir/test/Integration/Dialect/SparseTensor/CPU/sparse_print.mlir	blob	100755	b6d3e02468f135425307540762fb7e8fb58cdcf4
mlir/test/Integration/Dialect/SparseTensor/CPU/sparse_print_3d.mlir	blob	100755	a42a557d5e90a785415536ebea74fc1ec3c54969
mlir/test/Integration/Dialect/SparseTensor/CPU/sparse_quantized_matmul.mlir	blob	100644	6e4f9d0b5c4a218789d12d161fa68bc65af96c7e
mlir/test/Integration/Dialect/SparseTensor/CPU/sparse_re_im.mlir	blob	100644	f1e87a4b74350d30d868e58ddeb1139d1f1fb667
mlir/test/Integration/Dialect/SparseTensor/CPU/sparse_reduce_custom.mlir	blob	100644	25218b8e13583ba3d9d4e0dd1714b7bed38d5ed9
mlir/test/Integration/Dialect/SparseTensor/CPU/sparse_reduce_custom_prod.mlir	blob	100644	042715753c8b42cbae64fc0d79db162645b35a31
mlir/test/Integration/Dialect/SparseTensor/CPU/sparse_reduce_custom_sum.mlir	blob	100644	fbb9e743c5c4d9d04ed2c4875cc4d87a50c0ad96
mlir/test/Integration/Dialect/SparseTensor/CPU/sparse_reductions.mlir	blob	100644	64f82644ab3d54e19a5286e4d446d3b1b8f59714
mlir/test/Integration/Dialect/SparseTensor/CPU/sparse_reductions_min.mlir	blob	100644	75d3c76e87b90dc48c6391055b6071303e9db423
mlir/test/Integration/Dialect/SparseTensor/CPU/sparse_reductions_prod.mlir	blob	100644	a961045d26b26a5991783e10a0b6ed95c7b43b42
mlir/test/Integration/Dialect/SparseTensor/CPU/sparse_reshape.mlir	blob	100644	7fe4fcc1ad3567048c79fddbbcb075c59a00dd08
mlir/test/Integration/Dialect/SparseTensor/CPU/sparse_rewrite_push_back.mlir	blob	100644	42dec158835365c0a33728ab7f57af09eceb3170
mlir/test/Integration/Dialect/SparseTensor/CPU/sparse_rewrite_sort_coo.mlir	blob	100644	3338f4f2d4d3355c4feb294abb51d49cc3b3e673
mlir/test/Integration/Dialect/SparseTensor/CPU/sparse_sampled_matmul.mlir	blob	100644	e0cc6ca871aa16b041b23c06e8387de155283d2b
mlir/test/Integration/Dialect/SparseTensor/CPU/sparse_sampled_mm_fusion.mlir	blob	100644	11b49e01cfa95b7450b16db8946fac5827adaba8
mlir/test/Integration/Dialect/SparseTensor/CPU/sparse_scale.mlir	blob	100644	29dd801ea1d029450c3eaba2dfca196950a020a4
mlir/test/Integration/Dialect/SparseTensor/CPU/sparse_scf_nested.mlir	blob	100644	3122a81f6dd3e1f7a180311dc09aaf0beabf7fa0
mlir/test/Integration/Dialect/SparseTensor/CPU/sparse_select.mlir	blob	100644	d30e5c3cdfe7cebb9ce92b8d1120691d3f7529e0
mlir/test/Integration/Dialect/SparseTensor/CPU/sparse_semiring_select.mlir	blob	100644	05d970f183c2e533ac106682cdbeb271d049c9b5
mlir/test/Integration/Dialect/SparseTensor/CPU/sparse_sign.mlir	blob	100644	7a5f9df606b52a13923aeeb426d520a1d96ee8f8
mlir/test/Integration/Dialect/SparseTensor/CPU/sparse_sorted_coo.mlir	blob	100644	33ecc460379bcfdd076d49d744a0be9315b80142
mlir/test/Integration/Dialect/SparseTensor/CPU/sparse_spmm.mlir	blob	100644	97a121e758ea9fce48b16a39148e3a3fa4f3963c
mlir/test/Integration/Dialect/SparseTensor/CPU/sparse_storage.mlir	blob	100644	78e906e8a8d6924ebd460dd592f593cd233785b5
mlir/test/Integration/Dialect/SparseTensor/CPU/sparse_strided_conv_2d_nhwc_hwcf.mlir	blob	100644	dc8c9a26030e5cd76101719bd111c6c8dd1444c7
mlir/test/Integration/Dialect/SparseTensor/CPU/sparse_sum.mlir	blob	100644	015ac13504dcbd08ac1bca8ed9113424d22b7cc5
mlir/test/Integration/Dialect/SparseTensor/CPU/sparse_sum_bf16.mlir	blob	100644	440c1b63c8c280d2353906e503a6a797614b3336
mlir/test/Integration/Dialect/SparseTensor/CPU/sparse_sum_c32.mlir	blob	100644	5950b64393dfd7cf38b6cd23674ef82935a66ee4
mlir/test/Integration/Dialect/SparseTensor/CPU/sparse_sum_f16.mlir	blob	100644	2e6e51f5164de8dbd2966fb394fe9647452576f7
mlir/test/Integration/Dialect/SparseTensor/CPU/sparse_tanh.mlir	blob	100644	6dc6d7c7af10f27a560ef773918633d97461c0e3
mlir/test/Integration/Dialect/SparseTensor/CPU/sparse_tensor_mul.mlir	blob	100644	46786aa67cbd12bee804c9c46474f5d01441ff2f
mlir/test/Integration/Dialect/SparseTensor/CPU/sparse_tensor_ops.mlir	blob	100644	2b65cf5538b8c2981ff678176cd9ba45c3451a0f
mlir/test/Integration/Dialect/SparseTensor/CPU/sparse_transpose.mlir	blob	100644	ab9728e4c4dada1a80662792607e91948fd805d0
mlir/test/Integration/Dialect/SparseTensor/CPU/sparse_transpose_coo.mlir	blob	100644	43674f6e5fc0a5d25468df4c629cfb9462511df6
mlir/test/Integration/Dialect/SparseTensor/CPU/sparse_unary.mlir	blob	100644	d4162b54eb95c83474d06a2aee9c123d8272c881
mlir/test/Integration/Dialect/SparseTensor/CPU/sparse_vector_ops.mlir	blob	100644	9e59f6d1172bd0398f443ef5145f212ab6ff16b4
mlir/test/Integration/Dialect/SparseTensor/GPU/CUDA/lit.local.cfg	blob	100644	19f12d39c8428ad6f8a99e5a55c490a5f1e2b799
mlir/test/Integration/Dialect/SparseTensor/GPU/CUDA/sm80-lt/lit.local.cfg	blob	100644	d02a6719d82d8817542093fdf92bf37bcefb9bcc
mlir/test/Integration/Dialect/SparseTensor/GPU/CUDA/sm80-lt/sparse-matmul-2-4-hand.mlir	blob	100644	661639c50266f05d8144904137cd2bcbf4db37e3
mlir/test/Integration/Dialect/SparseTensor/GPU/CUDA/sm80-lt/sparse-matmul-2-4-lib.mlir	blob	100644	bfe4f75d16bc5a87fab61f6e73be847134582fbd
mlir/test/Integration/Dialect/SparseTensor/GPU/CUDA/sm80-lt/sparse-matmul-2-4-prune.mlir	blob	100644	ba200399f71513888336333c9f6b6978b739e092
mlir/test/Integration/Dialect/SparseTensor/GPU/CUDA/sparse-gemm-lib.mlir	blob	100644	4f7ee03b98f0cd370ffe9c54c6bdf5018d7e15e8
mlir/test/Integration/Dialect/SparseTensor/GPU/CUDA/sparse-matmul-lib.mlir	blob	100644	282ee1cd3ad464fc67845e3a981c3a3bc7043084
mlir/test/Integration/Dialect/SparseTensor/GPU/CUDA/sparse-matvec-const.mlir	blob	100644	59f5309e54864cf249570db8f2844164cdb2bd58
mlir/test/Integration/Dialect/SparseTensor/GPU/CUDA/sparse-matvec-lib.mlir	blob	100644	452bd0d89682cc5ec46647f9efa1c258c9bf1728
mlir/test/Integration/Dialect/SparseTensor/GPU/CUDA/sparse-matvec.mlir	blob	100644	32d48f7155bdf55823377e66bf1ed39f2e82feac
mlir/test/Integration/Dialect/SparseTensor/GPU/CUDA/sparse-mma-2-4-f16.mlir	blob	100644	ae06a666e0dcd73daa6d1b544702045a0a78234b
mlir/test/Integration/Dialect/SparseTensor/GPU/CUDA/sparse-sampled-matmul-lib.mlir	blob	100644	4494ee296ae1f438c97c6d6818f3375233b4d3d2
mlir/test/Integration/Dialect/SparseTensor/GPU/CUDA/sparse-sddmm-lib.mlir	blob	100644	39b0a04d388d81a84cd7161038f481c368e29c93
mlir/test/Integration/Dialect/SparseTensor/python/lit.local.cfg	blob	100644	361b657dd2d8346fe7f78b1f96b10313457e7985
mlir/test/Integration/Dialect/SparseTensor/python/test_SDDMM.py	blob	100644	b6f61a47dec1ec9bd1b8eb6fa8f5c641fe2315ec
mlir/test/Integration/Dialect/SparseTensor/python/test_SpMM.py	blob	100644	bf2e62b653339f279b5ee11fc7beb1fbdd48b376
mlir/test/Integration/Dialect/SparseTensor/python/test_all_dense.py	blob	100644	9ab374ac8207143f02f41ce2dc51eaa0bf86e368
mlir/test/Integration/Dialect/SparseTensor/python/test_output.py	blob	100644	b1438bd71055d67ec521df6069dcc3b5f427958e
mlir/test/Integration/Dialect/SparseTensor/python/test_stress.py	blob	100644	dfaa4f462660b7b397fb4a48ed3f1acacbe0e7f3
mlir/test/Integration/Dialect/SparseTensor/python/tools/lit.local.cfg	blob	100644	650ca33613cc6c03f08ddaf1dfd27bfbbe81b7ec
mlir/test/Integration/Dialect/SparseTensor/python/tools/sparsifier.py	blob	100644	91d1fb22542d4a4e75ba3df4cdbfee3a4aa38d5d
mlir/test/Integration/Dialect/Standard/CPU/test-ceil-floor-pos-neg.mlir	blob	100644	303511a2b45347a4535324dfe34084a600814b0e
mlir/test/Integration/Dialect/Standard/CPU/test_subview.mlir	blob	100644	a37a929182fc508af6b6b64b9292f134cdefa9a7
mlir/test/Integration/Dialect/Tensor/cast-runtime-verification.mlir	blob	100644	a96b2bec1e341ca8ec13c9b5d323b5b1f39e7772
mlir/test/Integration/Dialect/Tensor/dim-runtime-verification.mlir	blob	100644	1a26ebe29fe2742cba6e1535f78aaf3919dc0e57
mlir/test/Integration/Dialect/Tensor/extract-runtime-verification.mlir	blob	100644	cc252a2b79b9ec213b7af5a20200f6383f8b6d49
mlir/test/Integration/Dialect/Tensor/extract_slice-runtime-verification.mlir	blob	100644	745eea37f7fca7b2d260e6bd55625e8c4bc23770
mlir/test/Integration/Dialect/Tosa/CPU/test-maxpool-dynamic.mlir	blob	100644	06bc0e7ef44ec386d5f775d50e0cfb33d14e22f4
mlir/test/Integration/Dialect/Transform/match_batch_matmul.mlir	blob	100644	1d9203d9d34a94ee98bd51edfa0994528e249055
mlir/test/Integration/Dialect/Transform/match_matmul.mlir	blob	100644	b0dea72496b0c1403d58562fbe2d1fdeacc2919a
mlir/test/Integration/Dialect/Transform/match_matmul_common.mlir	blob	100644	efe68cc0004b935d88a1335ca7d7ac3dfdcf5549
mlir/test/Integration/Dialect/Transform/match_reduction.mlir	blob	100644	63444346aa91190992bd36763750f2ce9e6a7e1c
mlir/test/Integration/Dialect/Vector/CPU/0-d-vectors.mlir	blob	100644	6c2183f979611cd78d9f2fac98b3df631335b045
mlir/test/Integration/Dialect/Vector/CPU/ArmNeon/lit.local.cfg	blob	100644	698fc7483d72e6ec9ef47a82672d29c35bb6e26d
mlir/test/Integration/Dialect/Vector/CPU/ArmNeon/vector-contract-bfmmla.mlir	blob	100644	25ec524d3310abc7c254995cb5a9605f48a76eae
mlir/test/Integration/Dialect/Vector/CPU/ArmNeon/vector-contract-i8mm.mlir	blob	100644	1568c77465f7c08e543065bf42b7cee3f71c59d9
mlir/test/Integration/Dialect/Vector/CPU/ArmSME/lit.local.cfg	blob	100644	296b4419438e8a03e3e19cda944fd858f2d93e61
mlir/test/Integration/Dialect/Vector/CPU/ArmSME/load-store-128-bit-tile.mlir	blob	100644	681df5392e606b1e8ddef86380ddea9364c62bdf
mlir/test/Integration/Dialect/Vector/CPU/ArmSME/load-vertical.mlir	blob	100644	74726c4c627804d598bda4a4fb84a1e3b94ee82b
mlir/test/Integration/Dialect/Vector/CPU/ArmSME/multi-tile-transpose.mlir	blob	100644	e8294c7620722320953c19aedb36d18f13d763b0
mlir/test/Integration/Dialect/Vector/CPU/ArmSME/outerproduct-f16f16f32.mlir	blob	100644	123d6bd1ed672de475ccb62a6172afae95e54f2c
mlir/test/Integration/Dialect/Vector/CPU/ArmSME/outerproduct-f32.mlir	blob	100644	6320a1f33697d1146ccf331ec04dd8b092a3dc02
mlir/test/Integration/Dialect/Vector/CPU/ArmSME/outerproduct-f64.mlir	blob	100644	232a2449e24989a348431fe487f8938c5b9fdbb8
mlir/test/Integration/Dialect/Vector/CPU/ArmSME/outerproduct-i8i8i32.mlir	blob	100644	1515672057d33ff15127877d0a36b87a3e232d74
mlir/test/Integration/Dialect/Vector/CPU/ArmSME/ssve.mlir	blob	100644	a3a7eaab7bd52b49b277647761a562e700f5ce24
mlir/test/Integration/Dialect/Vector/CPU/ArmSME/test-setArmSVLBits.mlir	blob	100644	4a6c6f2ee528bb54c8be99ce58dc7724924f61a3
mlir/test/Integration/Dialect/Vector/CPU/ArmSME/tile-fill.mlir	blob	100644	fcef062dd18aca810afb58e5f54a4a6f0df6eae2
mlir/test/Integration/Dialect/Vector/CPU/ArmSME/transfer-read-2d.mlir	blob	100644	fa65e03abb4bcb98b69eb2dbab61177221b467d6
mlir/test/Integration/Dialect/Vector/CPU/ArmSME/transfer-write-2d.mlir	blob	100644	7d55f6036a66f290fdbb8e6336a6d68958edcc0e
mlir/test/Integration/Dialect/Vector/CPU/ArmSME/transpose.mlir	blob	100644	14dc38f2a0aa10389031088050348b8a542e7f29
mlir/test/Integration/Dialect/Vector/CPU/ArmSME/vector-load-store.mlir	blob	100644	e4c737a8af8a64bb0d95dff7c66352a838cfc273
mlir/test/Integration/Dialect/Vector/CPU/ArmSME/vector-ops.mlir	blob	100644	eba3b50b016e5db0d6bd1618e697998757c3d438
mlir/test/Integration/Dialect/Vector/CPU/ArmSVE/arrays-of-scalable-vectors.mlir	blob	100644	4ce6281d9fd45c6d7a7b851e24bb0d60703e549a
mlir/test/Integration/Dialect/Vector/CPU/ArmSVE/compress.mlir	blob	100644	eddc7c664d3f1879e7ff2cc9698a089c892a6867
mlir/test/Integration/Dialect/Vector/CPU/ArmSVE/contraction.mlir	blob	100644	192f2911a3ee2e9fbaf29b741c642e7893a6d031
mlir/test/Integration/Dialect/Vector/CPU/ArmSVE/lit.local.cfg	blob	100644	37d3a74874ce4d03081086b35da7cd921ae40b5c
mlir/test/Integration/Dialect/Vector/CPU/ArmSVE/scalable-interleave.mlir	blob	100644	2d8180abdfec9a3bef8d03e25e9abbecd54fb2cc
mlir/test/Integration/Dialect/Vector/CPU/ArmSVE/sve.mlir	blob	100644	84a8e10388b7c020f3ad1193ab3cc6a354ca6068
mlir/test/Integration/Dialect/Vector/CPU/ArmSVE/test-scalable-deinterleave.mlir	blob	100644	d9db3a888eb4c3b3063b9b3a64a86652b0afea0e
mlir/test/Integration/Dialect/Vector/CPU/ArmSVE/test-setArmVLBits.mlir	blob	100644	1a7908a3539a10acf920d5a784bae081d4b6937b
mlir/test/Integration/Dialect/Vector/CPU/ArmSVE/transfer-read-scalable-non-trailing.mlir	blob	100644	0b1dab9da39c29998a76da17e99784339ee29769
mlir/test/Integration/Dialect/Vector/CPU/ArmSVE/vector-contract-bfmmla.mlir	blob	100644	8b209d3f777b528758c4afa995479fcdc24237e2
mlir/test/Integration/Dialect/Vector/CPU/ArmSVE/vector-contract-i8mm.mlir	blob	100644	45fa35d207f44a96fa1a3aa164625551cf790457
mlir/test/Integration/Dialect/Vector/CPU/X86/AMX/lit.local.cfg	blob	100644	df9057d8933c8c92ccdc990a81062027668d4b32
mlir/test/Integration/Dialect/Vector/CPU/X86/AMX/mulf-full.mlir	blob	100644	bd67a50cffb2721a77e66a3ad2ec4466c8130531
mlir/test/Integration/Dialect/Vector/CPU/X86/AMX/mulf.mlir	blob	100644	f1ff2bdf902f7cac5a947ce3e18eebf71d6478dc
mlir/test/Integration/Dialect/Vector/CPU/X86/AMX/muli-ext.mlir	blob	100644	c572cff40f28306e53f2cf1cf03b5933d7c787c9
mlir/test/Integration/Dialect/Vector/CPU/X86/AMX/muli-full.mlir	blob	100644	7208389f4cbf3b031a0084b74483eb5a71c04ef1
mlir/test/Integration/Dialect/Vector/CPU/X86/AMX/muli.mlir	blob	100644	cd0b84c3a1886c7eadd6180b14674dd6e191042f
mlir/test/Integration/Dialect/Vector/CPU/X86/AMX/tilezero-block.mlir	blob	100644	e6676c4411246cfe2a22c9648f57baef60d2dcbb
mlir/test/Integration/Dialect/Vector/CPU/X86/AMX/tilezero.mlir	blob	100644	09ae8f1a951431dcac1b093150782115d5927195
mlir/test/Integration/Dialect/Vector/CPU/X86/dot.mlir	blob	100644	c375350de50d4a224aded7ef332233f0a3052f7c
mlir/test/Integration/Dialect/Vector/CPU/X86/inline-asm-vector-avx512.mlir	blob	100644	21344b706380afac3ce3e12b792b282ce4cf0dab
mlir/test/Integration/Dialect/Vector/CPU/X86/lit.local.cfg	blob	100644	3659662635e11ed83f3a3632c4585b78881840c3
mlir/test/Integration/Dialect/Vector/CPU/X86/mask-compress.mlir	blob	100644	1e63c519b508ead5919772f22c648b35c05f2642
mlir/test/Integration/Dialect/Vector/CPU/X86/rsqrt.mlir	blob	100644	aa6cc653054e92cc686b864c6712e9167e07c584
mlir/test/Integration/Dialect/Vector/CPU/X86/sparse-dot-product.mlir	blob	100644	7b0f505a477804b83b6e02b6df8583d0a5785e4a
mlir/test/Integration/Dialect/Vector/CPU/X86/vp2intersect-i32.mlir	blob	100644	1eefd85d4af041a88484312a76cb00d671c03c7a
mlir/test/Integration/Dialect/Vector/CPU/broadcast.mlir	blob	100644	2acbc88fc00f8e76fa8ae686cb903a060a946c16
mlir/test/Integration/Dialect/Vector/CPU/compress.mlir	blob	100644	2c8680c9fa369278753ac80c8aad1fd93083298d
mlir/test/Integration/Dialect/Vector/CPU/constant-mask.mlir	blob	100644	758dd850fb099f8d0587f2e6f7eadc0b90ff6e45
mlir/test/Integration/Dialect/Vector/CPU/contraction.mlir	blob	100644	438ea3c20472c48437b043856de9d70dbf7c9b15
mlir/test/Integration/Dialect/Vector/CPU/create-mask-v4i1.mlir	blob	100644	3aff0ac6d156db2472130efe6272d5684e9dc1cb
mlir/test/Integration/Dialect/Vector/CPU/create-mask.mlir	blob	100644	6ef9ff32fc52d2c771907da5d2655eaa8643d16f
mlir/test/Integration/Dialect/Vector/CPU/expand.mlir	blob	100644	48f8862240776a7ea4a3c260f87f24c3a642eaf0
mlir/test/Integration/Dialect/Vector/CPU/extract-strided-slice.mlir	blob	100644	dc82bc9691fdac961ad940c932f64d69f3f032b4
mlir/test/Integration/Dialect/Vector/CPU/flat-transpose-col.mlir	blob	100644	cebb46b5f695f42646cda8272985e87aa2670a4f
mlir/test/Integration/Dialect/Vector/CPU/flat-transpose-row.mlir	blob	100644	e001497edc5a819e757c3fbbcfed6742c1fc5c4d
mlir/test/Integration/Dialect/Vector/CPU/fma.mlir	blob	100644	61362f286fd1618ec33881f86a8f7a3c1c9011aa
mlir/test/Integration/Dialect/Vector/CPU/gather.mlir	blob	100644	03bf82a630478421ca5642a28260836ccffbc35e
mlir/test/Integration/Dialect/Vector/CPU/index-vectors.mlir	blob	100644	d261739274eb1fd3b98b7c23e5c0537a42a25351
mlir/test/Integration/Dialect/Vector/CPU/insert-strided-slice.mlir	blob	100644	16c0b8cbfd768436316551fd4b4727f82f7b2e9d
mlir/test/Integration/Dialect/Vector/CPU/interleave.mlir	blob	100644	740c742863919053d02ed24b601e02af64c1f1ec
mlir/test/Integration/Dialect/Vector/CPU/maskedload.mlir	blob	100644	ce06dbbbf4cac1b0ad46989da19dd2dd6d438f13
mlir/test/Integration/Dialect/Vector/CPU/maskedstore.mlir	blob	100644	b4d3b2ac5d6e4214a38d0fd47dea40d0dee49437
mlir/test/Integration/Dialect/Vector/CPU/matrix-multiply-col.mlir	blob	100644	93f48941fc2782cd9606b51a070e8d1e97e9d8de
mlir/test/Integration/Dialect/Vector/CPU/matrix-multiply-row.mlir	blob	100644	4cdff838e80fe9873ab6fc3f5ae0662715d56012
mlir/test/Integration/Dialect/Vector/CPU/outerproduct-f32.mlir	blob	100644	e25795ab5f14d08c5f22019c723e6a54b40e0a1b
mlir/test/Integration/Dialect/Vector/CPU/outerproduct-i64.mlir	blob	100644	0675102af2759346aba9907a931631fbf6219a54
mlir/test/Integration/Dialect/Vector/CPU/print-fp.mlir	blob	100644	a32118eaf3ccd5827a19e03549f03b2ce06fe774
mlir/test/Integration/Dialect/Vector/CPU/print-int.mlir	blob	100644	7b0bbeb43e6286d6a921feb755767eb4f7aa2682
mlir/test/Integration/Dialect/Vector/CPU/print-str.mlir	blob	100644	2b953f2537906d2b30f216451da2e610d507f07f
mlir/test/Integration/Dialect/Vector/CPU/realloc.mlir	blob	100644	a42b4bcbd68cedd00f36580c4197384b9f4e9784
mlir/test/Integration/Dialect/Vector/CPU/reductions-f32-reassoc.mlir	blob	100644	2bce9e6939d179e528def0f0ce78dee8fac13557
mlir/test/Integration/Dialect/Vector/CPU/reductions-f32.mlir	blob	100644	288b09251f97cb48b4a9414155b98cd62a396ca4
mlir/test/Integration/Dialect/Vector/CPU/reductions-f64-reassoc.mlir	blob	100644	661e7aeddadb46e1b790a07bc19610c15c349e8f
mlir/test/Integration/Dialect/Vector/CPU/reductions-f64.mlir	blob	100644	6a523605c570f72dacdecca421440cab033830be
mlir/test/Integration/Dialect/Vector/CPU/reductions-i32.mlir	blob	100644	5ff723ba7143b713b97d2c3be7910354acc8437e
mlir/test/Integration/Dialect/Vector/CPU/reductions-i4.mlir	blob	100644	1feecb25ef2a0274fa83e61274415273bf114d39
mlir/test/Integration/Dialect/Vector/CPU/reductions-i64.mlir	blob	100644	7b75f16538536761cee673e2b00bfddaecc436bc
mlir/test/Integration/Dialect/Vector/CPU/reductions-masked-minmax-f32.mlir	blob	100644	4dcbac06cb205c57a0147c1f05221c92bae5510e
mlir/test/Integration/Dialect/Vector/CPU/reductions-si4.mlir	blob	100644	842d2cf220c87ffa7a9df8faa04c4f6396b8c836
mlir/test/Integration/Dialect/Vector/CPU/reductions-ui4.mlir	blob	100644	940ede9620520a8831319e9c6cac1c4ff79b1b58
mlir/test/Integration/Dialect/Vector/CPU/rewrite-narrow-types.mlir	blob	100644	5f91ff5aacb1d4d4be6fd3db227454a694773ce2
mlir/test/Integration/Dialect/Vector/CPU/scan.mlir	blob	100644	65f881a4dfffa1f5e9d266446152de033c9d1e09
mlir/test/Integration/Dialect/Vector/CPU/scatter.mlir	blob	100644	1f5410716d05ade2957293082f0ddf4c05472518
mlir/test/Integration/Dialect/Vector/CPU/shape-cast.mlir	blob	100644	ac90f84a032f0a986305bd6e31696a290e53305a
mlir/test/Integration/Dialect/Vector/CPU/shuffle.mlir	blob	100644	3257806c1246e00ab29f71db8fddd4581ce59b0a
mlir/test/Integration/Dialect/Vector/CPU/shuffle16x16.mlir	blob	100644	33a76b13c245ab37c397c507a388ca5aeff882b7
mlir/test/Integration/Dialect/Vector/CPU/sparse-dot-matvec.mlir	blob	100644	ff5b2d93ff70c3acb102d69ac05474fd526b8407
mlir/test/Integration/Dialect/Vector/CPU/sparse-saxpy-jagged-matvec.mlir	blob	100644	7b50c22bcb567b06de2d0b3bde65079f63755478
mlir/test/Integration/Dialect/Vector/CPU/test-deinterleave.mlir	blob	100644	25ea8eb86d06b1c7e167624b20081c946636d8be
mlir/test/Integration/Dialect/Vector/CPU/transfer-read-1d.mlir	blob	100644	895b8818de767f4295c64e6b9f25d408fbb5291f
mlir/test/Integration/Dialect/Vector/CPU/transfer-read-2d.mlir	blob	100644	80dff9d791f4d84e2c038e88c28639a8a9148f09
mlir/test/Integration/Dialect/Vector/CPU/transfer-read-3d.mlir	blob	100644	93e6a12365268f45f16d957efc1c2be68e5cdc60
mlir/test/Integration/Dialect/Vector/CPU/transfer-read.mlir	blob	100644	18084e31c0ea0b35f6454271ed1feada63dc39aa
mlir/test/Integration/Dialect/Vector/CPU/transfer-to-loops.mlir	blob	100644	a7fec69b694921202eae299d0949d2cd44dff396
mlir/test/Integration/Dialect/Vector/CPU/transfer-write.mlir	blob	100644	8d72198c860305e324533f09e7581e7bffe3bcad
mlir/test/Integration/Dialect/Vector/CPU/transpose.mlir	blob	100644	4488c030a83840cf2225f3952ae2a947534c23f6
mlir/test/Integration/Dialect/Vector/GPU/CUDA/lit.local.cfg	blob	100644	acb8dd43f50b4cfb9f19ca73f07566d84b8bac5e
mlir/test/Integration/Dialect/Vector/GPU/CUDA/test-reduction-distribute.mlir	blob	100644	c35e8e5d92908e06ff74529bde816f6db88bbf01
mlir/test/Integration/Dialect/Vector/GPU/CUDA/test-warp-distribute.mlir	blob	100644	f4d02e3346d1671040824e36d64bf3e653bac26a
mlir/test/Integration/Dialect/XeGPU/LANE/lit.local.cfg	blob	100644	d0d51c60205884e873797ed35d931e66a13c8735
mlir/test/Integration/Dialect/XeGPU/LANE/load_store_subview.mlir	blob	100644	c4608acb7b7b5f439f2bba493bc21e7c51fa79ad
mlir/test/Integration/Dialect/XeGPU/LANE/no-xegpu-ops.mlir	blob	100644	cb2dce90fe668388a6fc7775a2b9848f835f40b3
mlir/test/Integration/Dialect/XeGPU/LANE/simple_gemm.mlir	blob	100644	ffe29ef35a5c952502931a1e0ec4d04967978548
mlir/test/Integration/Dialect/XeGPU/LANE/xegpu_dpas_mx_prepacked_bf8.mlir	blob	100644	d1a19556a1232b62cdf9372ad467b5d0630c4e34
mlir/test/Integration/Dialect/XeGPU/LANE/xegpu_dpas_mx_prepacked_e2m1.mlir	blob	100644	669c49053abde284224becec8fbd191c940261f3
mlir/test/Integration/Dialect/XeGPU/SG/lit.local.cfg	blob	100644	d0d51c60205884e873797ed35d931e66a13c8735
mlir/test/Integration/Dialect/XeGPU/SG/simple_gemm.mlir	blob	100644	877edf47fcd1582a9d093e71f2a3afa242036368
mlir/test/Integration/Dialect/XeGPU/WG/lit.local.cfg	blob	100644	d0d51c60205884e873797ed35d931e66a13c8735
mlir/test/Integration/Dialect/XeGPU/WG/load_store_matrix.mlir	blob	100644	961c9cc6b88004ca8769ab4353a59ddbcd44fa23
mlir/test/Integration/Dialect/XeGPU/WG/simple_3d_gemm.mlir	blob	100644	e82f586c575272f1b164f0a1fe824483e9d1e4c9
mlir/test/Integration/Dialect/XeGPU/WG/simple_3d_mxfp_gemm.mlir	blob	100644	f8bcaeac67d0846c65c72e4659f872db33502d95
mlir/test/Integration/Dialect/XeGPU/WG/simple_gemm.mlir	blob	100644	a5d0be71de48fd4f57f689375c1a50132823fd28
mlir/test/Integration/Dialect/XeGPU/WG/simple_mxfp_gemm.mlir	blob	100644	3393b723d6721474b5224e19cecd7e7647dbaa70
mlir/test/Integration/Dialect/XeGPU/WG/simple_mxfp_gemm_dequantizeB_F4.mlir	blob	100644	df0b40abd231cadef36674078b677e7927cfcb5a
mlir/test/Integration/Dialect/XeGPU/WG/simple_mxfp_gemm_quantizeA_F4.mlir	blob	100644	87603594db5bfc1b08b780dc79351336837ad3c5
mlir/test/Integration/Dialect/XeVM/GPU/gpu_printf.mlir	blob	100644	d7c89ad9a8f01be8fd9dfce2024e444d4e0d20e1
mlir/test/Integration/Dialect/XeVM/GPU/lit.local.cfg	blob	100644	d0d51c60205884e873797ed35d931e66a13c8735
mlir/test/Integration/Dialect/XeVM/GPU/xevm_bitcast_shuffle.mlir	blob	100644	447c0e995cba701a813a2c598b4d8f7f21704924
mlir/test/Integration/Dialect/XeVM/GPU/xevm_block_dpas.mlir	blob	100644	0bd3d3f4cc409da80d1229c24a6d892be0660bb1
mlir/test/Integration/Dialect/XeVM/GPU/xevm_block_load_store.mlir	blob	100644	a610e28a07e41f5c4e9bb0da92191b0521e81d2c
mlir/test/Integration/Dialect/XeVM/GPU/xevm_block_load_store_pack_register.mlir	blob	100644	7879e3d9a43d900d89011eb74555b3b0af72c18a
mlir/test/Integration/Dialect/XeVM/GPU/xevm_block_load_store_transpose.mlir	blob	100644	1d164be300246cf31d624b922afc273858ffb048
mlir/test/Integration/Dialect/XeVM/GPU/xevm_block_scaled_dpas_bf16_to_bf8.mlir	blob	100644	49b99e341825878f2765c01ec17e6b3ef6eca038
mlir/test/Integration/Dialect/XeVM/GPU/xevm_block_scaled_dpas_bf16_to_f8.mlir	blob	100644	03778ef525399220f3372e6d1040fce25743117b
mlir/test/Integration/Dialect/XeVM/GPU/xevm_block_scaled_dpas_bf8.mlir	blob	100644	4c901304a63817c57330bc3c077a74a063cd4305
mlir/test/Integration/Dialect/XeVM/GPU/xevm_block_scaled_dpas_e2m1.mlir	blob	100644	a4e56fbaee3241c82d2b390ba75283d557afec91
mlir/test/Integration/Dialect/XeVM/GPU/xevm_block_scaled_dpas_f8.mlir	blob	100644	f72992151c25ccb2ece97dfdd0aa4dccce13c7ed
mlir/test/Integration/Dialect/XeVM/GPU/xevm_store_cst.mlir	blob	100644	c5f4cd5d0bda90e18741e3f2b8bd0dc5b2c112c7
mlir/test/Integration/Dialect/XeVM/GPU/xevm_truncf_extf_raw.mlir	blob	100644	7d78b37964e9b5a3fbdfe835eb6de86ce7feb968
mlir/test/Integration/Dialect/XeVM/GPU/xevm_truncf_extf_roundtrip.mlir	blob	100644	d5d7aa2abdccff49e58ccf5c827a4994e461fd14
mlir/test/Integration/Dialect/XeVM/GPU/xevm_truncf_extf_roundtrip_bf16.mlir	blob	100644	a2218c4174675e4cfcedb419b929a0996ebf9a49
mlir/test/Integration/Dialect/XeVM/GPU/xevm_truncf_extf_roundtrip_bf16_lengths.mlir	blob	100644	81366afd50098d0d7f2a1ad512f2af6c9cc7e572
mlir/test/Integration/Dialect/XeVM/GPU/xevm_truncf_extf_roundtrip_fp4.mlir	blob	100644	3d581a1792cf3369ece691c22aa588a123424665
mlir/test/Integration/Dialect/XeVM/GPU/xevm_truncf_extf_roundtrip_fp4_bf16.mlir	blob	100644	ee11ce8afa3a38744201dc3a79f4cee3a05356b6
mlir/test/Integration/Dialect/XeVM/GPU/xevm_truncf_extf_roundtrip_fp4_bf16_lengths.mlir	blob	100644	dc5e7595fd8aaf7e2621e561a432c51a89690e80
mlir/test/Integration/Dialect/XeVM/GPU/xevm_truncf_extf_roundtrip_fp4_lengths.mlir	blob	100644	11dfd21c4dc92f537abf8064ad5cd577ed040fe9
mlir/test/Integration/Dialect/XeVM/GPU/xevm_truncf_extf_roundtrip_fp8_lengths.mlir	blob	100644	aa8630181af5ed8a21b207f8257813ac4ea1b8b3
mlir/test/Integration/GPU/CUDA/TensorCore/lit.local.cfg	blob	100644	3bd70245df7dfc18b8aba0aa170cf340c1768f13
mlir/test/Integration/GPU/CUDA/TensorCore/sm80/lit.local.cfg	blob	100644	6788ccea3a222c51e41cb3bdb7a39a81715bd155
mlir/test/Integration/GPU/CUDA/TensorCore/sm80/transform-mma-sync-matmul-f16-f16-accum.mlir	blob	100644	690c4d2636a44e6da972fa1963feb22fff736718
mlir/test/Integration/GPU/CUDA/TensorCore/sm80/transform-mma-sync-matmul-f32.mlir	blob	100644	10a84760e8dba5a099b913080e1cd7294c63a976
mlir/test/Integration/GPU/CUDA/TensorCore/sm80/wmma-matmul-f64.mlir	blob	100644	4c57cd40d723f7c55bd53e668effd658eaa26e2b
mlir/test/Integration/GPU/CUDA/TensorCore/wmma-matmul-f16.mlir	blob	100644	f3c7f0f6c6c2086850f615368074789539f466bd
mlir/test/Integration/GPU/CUDA/TensorCore/wmma-matmul-f32-bare-ptr.mlir	blob	100644	bbee69db75534933cd09ada4e94610acc3bd7f34
mlir/test/Integration/GPU/CUDA/TensorCore/wmma-matmul-f32.mlir	blob	100644	fa076c448267e36ec51a27a2742b3a6bb60b3687
mlir/test/Integration/GPU/CUDA/TensorCore/wmma-transposed-store-f16.mlir	blob	100644	ee336e8e6b056999e78bd5f88fc69ae9df33da52
mlir/test/Integration/GPU/CUDA/all-reduce-and.mlir	blob	100644	d0001f6ffc3760e1b1e6d720c9a7b73d8a9483d1
mlir/test/Integration/GPU/CUDA/all-reduce-maxsi.mlir	blob	100644	fcff5f40a6cc7c13c1a3e1f1554c8f8018330752
mlir/test/Integration/GPU/CUDA/all-reduce-minsi.mlir	blob	100644	4718ac94fa0f21b8acdc34cc8f848abbe2bed650
mlir/test/Integration/GPU/CUDA/all-reduce-op.mlir	blob	100644	5e3a7e7e7d72999fc9868611b2eef702e3a02e21
mlir/test/Integration/GPU/CUDA/all-reduce-or.mlir	blob	100644	f1a48ae0c19c52760cffd965b8cbbe8cf6c3245e
mlir/test/Integration/GPU/CUDA/all-reduce-region.mlir	blob	100644	f0a46cea7ceb95adcb0ed5b2864d8fc6081959fb
mlir/test/Integration/GPU/CUDA/all-reduce-xor.mlir	blob	100644	ddbabd4ddf9600b695c067c73527a900532cc9d5
mlir/test/Integration/GPU/CUDA/alloc-host-shared.mlir	blob	100644	5c56e2ddfbd519b62d4292da325874e21d03c4f4
mlir/test/Integration/GPU/CUDA/assert.mlir	blob	100644	83cf70cd170781803aeedfb8ab6b22596a512a9b
mlir/test/Integration/GPU/CUDA/async.mlir	blob	100644	3e45b5af5826cf354702d9960ad3549ee7607291
mlir/test/Integration/GPU/CUDA/command-line-arg.mlir	blob	100644	2a0ae2e34c64195227603362f7f5d7551f5421a0
mlir/test/Integration/GPU/CUDA/concurrent-kernels.mlir	blob	100644	51f6e36aaa9775b4d96c8a291b99af5c10faf1ad
mlir/test/Integration/GPU/CUDA/dump-ptx.mlir	blob	100644	5b40946ce35378a25a0022ae27cc4269d1ffdf55
mlir/test/Integration/GPU/CUDA/dump-sass.mlir	blob	100644	f81067856961583928dbfe7a06b5a150692cb39a
mlir/test/Integration/GPU/CUDA/gpu-to-cubin.mlir	blob	100644	fe3c2b1d93a1b100c9579213a6757df8ff223252
mlir/test/Integration/GPU/CUDA/lit.local.cfg	blob	100644	5f1e33e87df9cb92c1dec56b94da891a6b99d9b2
mlir/test/Integration/GPU/CUDA/module-to-binary-compiler-log.mlir	blob	100644	0b2adcf224f03fc7bfb81d2a383b8569ce11e032
mlir/test/Integration/GPU/CUDA/multiple-all-reduce.mlir	blob	100644	f8f1aa8aaa42ed38545f96318a02c04700789725
mlir/test/Integration/GPU/CUDA/printf.mlir	blob	100644	ef116760b69e58545139efed792d1d1d4b55c15d
mlir/test/Integration/GPU/CUDA/shuffle.mlir	blob	100644	a4be5223cd792865b2caa69f1c6a2893c5add468
mlir/test/Integration/GPU/CUDA/sm90/cga_cluster.mlir	blob	100644	b34809c891c484f3ed4b9a22c026a69ac866d15e
mlir/test/Integration/GPU/CUDA/sm90/gemm_f32_f16_f16_128x128x128.mlir	blob	100644	6465584322f4d6c72c4e19b7bc64c67f0dbec025
mlir/test/Integration/GPU/CUDA/sm90/gemm_pred_f32_f16_f16_128x128x128.mlir	blob	100644	21082b102c98a1fce3f5fa4b6215bca480e5f771
mlir/test/Integration/GPU/CUDA/sm90/lit.local.cfg	blob	100644	2d5a9d00e73226f731fe092228a619d239089dbf
mlir/test/Integration/GPU/CUDA/sm90/python/lit.local.cfg	blob	100644	2d5a9d00e73226f731fe092228a619d239089dbf
mlir/test/Integration/GPU/CUDA/sm90/python/matmul.py	blob	100644	cb7248ef23cd9e0796a9e71d1f03b72fdfc6a25e
mlir/test/Integration/GPU/CUDA/sm90/python/tools/lit.local.cfg	blob	100644	d9f34f219c4d955fdf66804369eff8524edf60e2
mlir/test/Integration/GPU/CUDA/sm90/python/tools/matmulBuilder.py	blob	100644	bf983d96e2ed8bed5ed3f45667ffa5bb84fe4e1c
mlir/test/Integration/GPU/CUDA/sm90/python/tools/nvgpucompiler.py	blob	100644	4b661f8df6a9ff9a90420e6fab4b05875d1d310c
mlir/test/Integration/GPU/CUDA/sm90/tma_load_128x128_stride_noswizzle.mlir	blob	100644	f281c028ebcae248da13cb5ffc68896a13a8a679
mlir/test/Integration/GPU/CUDA/sm90/tma_load_128x64_swizzle128b.mlir	blob	100644	69959893bed670b5a9593ac69c5163ffffbf9f43
mlir/test/Integration/GPU/CUDA/sm90/tma_load_64x64_swizzle128b.mlir	blob	100644	9c0988d8a129415a77354c9ceafd0d3824e48a18
mlir/test/Integration/GPU/CUDA/sm90/tma_load_64x8_8x128_noswizzle.mlir	blob	100644	fc9f6c3d17ab41502fa586c073bf7997e0f33a53
mlir/test/Integration/GPU/CUDA/sm90/transform-dialect/tma_load_64x8_8x128_noswizzle-transform.mlir	blob	100644	39f876bf5ccd892c26e8967c7f6949c2bc1230c1
mlir/test/Integration/GPU/CUDA/two-modules.mlir	blob	100644	3490003d6ba19973aeaa5d38199d6efbe550dd59
mlir/test/Integration/GPU/LevelZero/gpu-addf32-to-spirv.mlir	blob	100644	93730791e707f469f05dfc4724281c9f7126c616
mlir/test/Integration/GPU/LevelZero/gpu-addi64-to-spirv.mlir	blob	100644	e9305bbf114f0401e3148f7194ecc449fdd83a22
mlir/test/Integration/GPU/LevelZero/gpu-memcpy-addf32-to-spirv.mlir	blob	100644	ee7b61e0daaba51f19c80ecf7cbd841ddbd579e0
mlir/test/Integration/GPU/LevelZero/gpu-reluf32-to-spirv.mlir	blob	100644	6013682bd7bb54312527c6653f0dd12dbce57f0e
mlir/test/Integration/GPU/LevelZero/lit.local.cfg	blob	100644	36c7ad5f57c7e6c78f2fb0a03d282e5bd1d204b8
mlir/test/Integration/GPU/ROCM/gpu-lower-to-rocdl-pipeline.mlir	blob	100644	ee289b9cd5549114d0ddd284361aa85cc85b695a
mlir/test/Integration/GPU/ROCM/gpu-to-hsaco.mlir	blob	100644	5fa27eab3bba460ac6c648e10048ad7a9701f672
mlir/test/Integration/GPU/ROCM/lit.local.cfg	blob	100644	34139ebcc2acd5badaf6f9d5418bb9bfcd8ff466
mlir/test/Integration/GPU/ROCM/printf.mlir	blob	100644	8327ec428589dd639101b0707ea221c692edb623
mlir/test/Integration/GPU/ROCM/two-modules.mlir	blob	100644	f3062dbda86c8fac8deb88d89e08182a749aa449
mlir/test/Integration/GPU/ROCM/vecadd.mlir	blob	100644	c3f8b982a131a16899f97df9e2e5b418728c9bbd
mlir/test/Integration/GPU/ROCM/vector-transferops.mlir	blob	100644	a633edb8377af904e01104fb3a41cd7ffcad9e5d
mlir/test/Integration/GPU/SPIRV/double.mlir	blob	100644	8101dbed843c0fe3472d33f43d804e53c3932c5b
mlir/test/Integration/GPU/SPIRV/lit.local.cfg	blob	100644	8717dd025498e7317265a93f3e5f686a9e6180af
mlir/test/Integration/GPU/SPIRV/simple_add.mlir	blob	100644	b3154d4b91516f6bafce6d3e035cc9c9894786c2
mlir/test/Integration/GPU/SYCL/gpu-addf32-to-spirv.mlir	blob	100644	7c369036e26ff31eb5bc2215ad0b28329ca5a36c
mlir/test/Integration/GPU/SYCL/gpu-addi64-to-spirv.mlir	blob	100644	12a9caf6f72bc467e22499e71a0041777c45f289
mlir/test/Integration/GPU/SYCL/gpu-memcpy-addf32-to-spirv.mlir	blob	100644	ada6dd548ed7837778fc01968d6a8e3ecdb86d77
mlir/test/Integration/GPU/SYCL/gpu-reluf32-to-spirv.mlir	blob	100644	24384e4a68a4947a0ef1a876598c26fe9c4f07c2
mlir/test/Integration/GPU/SYCL/lit.local.cfg	blob	100644	75bac1882eed5c9ce26cfb048b63a60e515ce81b
mlir/test/Integration/GPU/Vulkan/addf.mlir	blob	100644	011a206cd5812121b65e4a0ceab7fab9ddd1ac2a
mlir/test/Integration/GPU/Vulkan/addf_if.mlir	blob	100644	9fc056456c694e1cf9f8e39c785641b5ff7eb0bb
mlir/test/Integration/GPU/Vulkan/addi.mlir	blob	100644	e98fa2087b012eb7eb692b4f1a7b2cdf9fdc969a
mlir/test/Integration/GPU/Vulkan/addi8.mlir	blob	100644	581b9983ba8b8015cebadcbcfe3c816445c94377
mlir/test/Integration/GPU/Vulkan/addui_extended.mlir	blob	100644	6bbdeb3c04c1d5994d8a16668b51daaca4616374
mlir/test/Integration/GPU/Vulkan/lit.local.cfg	blob	100644	6da7fcdd610aaf9b17c6260fbe51bcb0f8d09deb
mlir/test/Integration/GPU/Vulkan/mulf.mlir	blob	100644	8e9f87600c0177abafb5fa8a47d17bebccf824f8
mlir/test/Integration/GPU/Vulkan/smul_extended.mlir	blob	100644	4dc3cb9f4e9884f883eb3275033128aca1c171fe
mlir/test/Integration/GPU/Vulkan/subf.mlir	blob	100644	4f63e7cdfc6aac91981cd85aa05d343f112f1b78
mlir/test/Integration/GPU/Vulkan/subui_extended.mlir	blob	100644	657a49f4562df929590cb127e13715a8e888abaa
mlir/test/Integration/GPU/Vulkan/time.mlir	blob	100644	802025d14063238de254ad62f463633fe6815231
mlir/test/Integration/GPU/Vulkan/umul_extended.mlir	blob	100644	754024d285642d8b155f16a88f105004fdf72212
mlir/test/Integration/GPU/Vulkan/vector-deinterleave.mlir	blob	100644	22d3d3fe67d8daaa47632e81dc2163966b756ec5
mlir/test/Integration/GPU/Vulkan/vector-interleave.mlir	blob	100644	731bd5a37b6394d93c9cb59569a9163eed48dd06
mlir/test/Integration/GPU/Vulkan/vector-shuffle.mlir	blob	100644	c1b7dbaa1c4ae0dd339ba5aa2244e740042ff671
mlir/test/Integration/data/block.mtx	blob	100755	9bb3ea7d50a104b319045cf0def8297faa0dfad5
mlir/test/Integration/data/coordinate_above_dimension.tns	blob	100644	76ea82d252cd0d6d55bc2bf4dda9157ab4f2cd71
mlir/test/Integration/data/coordinate_narrow.tns	blob	100644	5df97c9f7628bae8ac3b0fc3636adc6bcce44ec0
mlir/test/Integration/data/coordinate_negative.tns	blob	100644	b6da076a929fdad01d1a23211b2bbc41b5654235
mlir/test/Integration/data/coordinate_overflow.tns	blob	100644	506bda59b2715357ccbdd6eca8f22346b48ef325
mlir/test/Integration/data/coordinate_zero.tns	blob	100644	2d56fbaf399f10b8663dc661c54a852619a704a4
mlir/test/Integration/data/ds.mtx	blob	100755	8acc2ce081b6b35e73d28b9c67c3ed42cdd4d1b4
mlir/test/Integration/data/mttkrp_b.tns	blob	100644	db3464343b383a222951361e70ca6fbe4bf27963
mlir/test/Integration/data/rank_511.tns	blob	100644	6d7be368f0df3e8f7047b8bc386ba6ecc3a75548
mlir/test/Integration/data/test.mtx	blob	100644	13a34fba67c7923d426629c24092371e241371a3
mlir/test/Integration/data/test.tns	blob	100644	e9faab3c3496c95da070e2711bf2fac6f692eba6
mlir/test/Integration/data/test_symmetric.mtx	blob	100644	71540d05fc55c5a0e0057bbd44eb6173dfb02f59
mlir/test/Integration/data/test_symmetric_complex.mtx	blob	100644	5e5d0702136b928a9640209e3e14ec02375eb4f9
mlir/test/Integration/data/wide.mtx	blob	100644	e92457d92b5f7390f072c7354d8ac1f01fa27b88
mlir/test/Integration/lit.local.cfg	blob	100644	5578abcdb0ac627327333a8a9ef23d304605c3de
mlir/test/Interfaces/CallInterfaces/call-op-interface-invalid.mlir	blob	100644	d801743765a52ed9d1875f3cb452b9227b07341e
mlir/test/Interfaces/CallInterfaces/call-op-interface-roundtrip.mlir	blob	100644	ebecf67f1ec3f3ed4898679f74bfdaf1af64240b
mlir/test/Interfaces/DataLayoutInterfaces/module.mlir	blob	100644	97286ce758069c097281da68ee1eee4bac9bdc92
mlir/test/Interfaces/DataLayoutInterfaces/query.mlir	blob	100644	97ef8b2a8ae1ccdf4901281fd481d7ae011a989c
mlir/test/Interfaces/DataLayoutInterfaces/types.mlir	blob	100644	82ae02cf92adff5c1ed649c134d9ba5db6ab2aa8
mlir/test/Interfaces/DestinationStyleOpInterface/verify-destination-style-op-interface.mlir	blob	100644	82ec924477359d54e8e0e1537f1cfd4eeafc5234
mlir/test/Interfaces/InferIntRangeInterface/infer-int-range-test-ops-invalid.mlir	blob	100644	7392b9d2ec712dacc171fc2fc3825cc5e269973f
mlir/test/Interfaces/InferIntRangeInterface/infer-int-range-test-ops.mlir	blob	100644	c6344447d9f74e8621af3222a730d75d7b3ffbb7
mlir/test/Interfaces/InferShapedTypeOpInterface/resolve-shaped-type-result-dims.mlir	blob	100644	f41312839c094ffb53b8688baf67a5263d5ed37a
mlir/test/Interfaces/LoopLikeInterface/test-block-loop.mlir	blob	100644	0c807c44eacddd19c61823e1b83e08a29b808791
mlir/test/Interfaces/TilingInterface/lower-to-loops-using-interface.mlir	blob	100644	ec9b60649191076d45d16537354b76deed2f24e7
mlir/test/Interfaces/TilingInterface/query-fusability.mlir	blob	100644	64520efadfc793a9acc57828b459720bdd599f6b
mlir/test/Interfaces/TilingInterface/tile-and-fuse-consumer-using-slices.mlir	blob	100644	e8eabe60802efcaa12214eec1698aaf55e1a2935
mlir/test/Interfaces/TilingInterface/tile-and-fuse-consumer.mlir	blob	100644	36628d97102a160e21d8e97f0d1faab64fd7c713
mlir/test/Interfaces/TilingInterface/tile-and-fuse-using-interface.mlir	blob	100644	11a13bae12032460062de2e350c0bd500eff7947
mlir/test/Interfaces/TilingInterface/tile-and-fuse-using-scfforall.mlir	blob	100644	0bd2546e082b5afcc383c2c8f965436d3d73a5ec
mlir/test/Interfaces/TilingInterface/tile-and-fuse-with-reduction-tiling.mlir	blob	100644	13f023ec9002b39eaeab297bb125028bf4905a79
mlir/test/Interfaces/TilingInterface/tile-elementwise.mlir	blob	100644	343839151d50fe4349049abbf8e195dfe0ff6eb5
mlir/test/Interfaces/TilingInterface/tile-fuse-and-yield-using-interface.mlir	blob	100644	abe2cb394f5509a2271a79774fbbe6de0a587197
mlir/test/Interfaces/TilingInterface/tile-fuse-and-yield-using-scfforall.mlir	blob	100644	3de6c9cb2b398d3c74d8d148ecc7a96eabe36a0f
mlir/test/Interfaces/TilingInterface/tile-pad-using-interface.mlir	blob	100644	9081f31613f16ca818a7f5445f84f5787efb43ed
mlir/test/Interfaces/TilingInterface/tile-using-custom-op.mlir	blob	100644	d335e9c3fb5d08ae8231b5e8e10e542e012fb232
mlir/test/Interfaces/TilingInterface/tile-using-interface.mlir	blob	100644	2d9d7e432d87532e63c0aeb8cd28c758f8c02ae9
mlir/test/Interfaces/TilingInterface/tile-using-scfforall.mlir	blob	100644	745a82fc0da75195dca93aad789a9d21dcc9f9af
mlir/test/Pass/action-logging-filter.mlir	blob	100644	174616391d45b10f3b34a8d40603b70086d90991
mlir/test/Pass/action-logging.mlir	blob	100644	158edd7c4862cfeb486441a88bbfef0e8df0509d
mlir/test/Pass/action-profiler.mlir	blob	100644	7735041d03c4a97102618afc1a7ceb4c6bd57845
mlir/test/Pass/crash-recovery-dynamic-failure.mlir	blob	100644	6d2bd6963910860c3732192ca94268896a581a92
mlir/test/Pass/crash-recovery.mlir	blob	100644	e5843d6207c67985364fa2a1cb9f607ad1a7014d
mlir/test/Pass/crashless-reproducer.mlir	blob	100644	9f4710d392759ba18fd46e50645653f11ca245fb
mlir/test/Pass/dynamic-pipeline-fail-on-parent.mlir	blob	100644	c429ad3afb05253b43f00cd859214ff062e3c190
mlir/test/Pass/dynamic-pipeline-nested.mlir	blob	100644	5f480e42b084f0a8431c3a88164c94b295223129
mlir/test/Pass/dynamic-pipeline.mlir	blob	100644	7cae9284f44d219eaefaa321f27fc41393fb5fd8
mlir/test/Pass/full_diagnostics.mlir	blob	100644	c355fd071bdb65a654c6982b2c9e777148769a1e
mlir/test/Pass/full_diagnostics_only_expected.mlir	blob	100644	de29693604b4f058140ef0a1cb6d4773213a8e57
mlir/test/Pass/generic-pipeline.mlir	blob	100644	dfd17d59dd27092b645cc95da98724e4907618c2
mlir/test/Pass/interface-pass.mlir	blob	100644	d02e8937f43aae59368f43e94e87b94a534a0617
mlir/test/Pass/invalid-interface-pass.mlir	blob	100644	8f58f39200308d5fe8e8a3adc1741d1d1ad8e3c2
mlir/test/Pass/invalid-ir-print-after-failure.mlir	blob	100644	6910abe20be92115924b2d3b751ae108b1f45319
mlir/test/Pass/invalid-parent.mlir	blob	100644	c6f54c43516fac822fbfe95798c7923619dc49b3
mlir/test/Pass/invalid-pass.mlir	blob	100644	253a14b015c494bcca29fb29d78d0365ff1a4ff8
mlir/test/Pass/invalid-unsupported-operation.mlir	blob	100644	1ee458412f924b3b6d9458232d33ebd769d17447
mlir/test/Pass/ir-printing-file-tree.mlir	blob	100644	46bf6a236cc31d28f9a65b78cd6f75bf9b452081
mlir/test/Pass/ir-printing.mlir	blob	100644	360b3470437224fbfb5db920fa4402d7ae3c9ada
mlir/test/Pass/pass-timing.mlir	blob	100644	a383d01c2dc626695faf37aa549665425fa24674
mlir/test/Pass/pipeline-invalid.mlir	blob	100644	bff2b1c1ea5bf2a75a6c096fb42180d56154bb2e
mlir/test/Pass/pipeline-options-parsing.mlir	blob	100644	03ac38ea16112f73ab3e4ebeaa3aa3a8a8a626a0
mlir/test/Pass/pipeline-parsing.mlir	blob	100644	7f368c6df2af56e767fe36a112603d45ce008ee7
mlir/test/Pass/pipeline-stats-nested.mlir	blob	100644	66d8ee2b98d31420fb71800fb26f6f8cbb072073
mlir/test/Pass/pipeline-stats.mlir	blob	100644	826f413d1d80f67e1ded141b9aa233bc292dade8
mlir/test/Pass/remark-final.mlir	blob	100644	325271e04cc5cd0c08ddabd0b63ce55293e4aeb5
mlir/test/Pass/remarks.mlir	blob	100644	f99a98e32ed1fa50e31e2450b9bc4102bbb85ac0
mlir/test/Pass/run-reproducer.mlir	blob	100644	5b3b21090d1698cd90674ce32af65f5939933432
mlir/test/Pass/scf-to-cf-and-print-liveness.mlir	blob	100644	ae1d461667fe5407fc7bc9ce1fc197548d54c28b
mlir/test/Rewrite/pdl-bytecode.mlir	blob	100644	900398a8f78310bdd9b8b6f2bf12eeac9040ee51
mlir/test/Target/Cpp/arithmetic_operators.mlir	blob	100644	29741234e03ab09fa3d04f59219ee4c826d558eb
mlir/test/Target/Cpp/attrs.mlir	blob	100644	b8449467cfe6b82982da6e941480d5b228287993
mlir/test/Target/Cpp/bitwise_operators.mlir	blob	100644	e666359fc82c913b49faec87ac7cc884170d7f0d
mlir/test/Target/Cpp/call.mlir	blob	100644	41f57ae9f170f2597ec960ceb3934430a96603a8
mlir/test/Target/Cpp/cast.mlir	blob	100644	7254f84e237f40122aab9da60c44fc5e16858ba8
mlir/test/Target/Cpp/class.mlir	blob	100644	8ff9602c9a48026db5a62d3f66dc72ef63e07a39
mlir/test/Target/Cpp/common-cpp.mlir	blob	100644	e686e8b6fff08e0ac48e92a454efb5fde2bca9f4
mlir/test/Target/Cpp/comparison_operators.mlir	blob	100644	a3751214b9243343c02011fdccf817c76ab15554
mlir/test/Target/Cpp/conditional.mlir	blob	100644	2470fbeb33adaec99fbaf46b2788182c9015a254
mlir/test/Target/Cpp/const.mlir	blob	100644	cd8e8cc1e403dc2dbd1025bcf0b212e4e57307a1
mlir/test/Target/Cpp/control_flow.mlir	blob	100644	ce9a0ee7f9b66cf9c1b1977e83dd3a09e3692502
mlir/test/Target/Cpp/declare_func.mlir	blob	100644	0208b92b308602cd0ea7df00dcec9bd98bf9e319
mlir/test/Target/Cpp/do.mlir	blob	100644	38cbc8110a70cb31989c10d0de4190329e92e53d
mlir/test/Target/Cpp/expressions.mlir	blob	100644	8c1e2538b2ac71b74a388754941ca03f5d354773
mlir/test/Target/Cpp/file.mlir	blob	100644	262d3cdac27d4ac776902fdc889e7b8326965f1e
mlir/test/Target/Cpp/for.mlir	blob	100644	73375d57823dea097f9b1a6c1e374a101cf28bc8
mlir/test/Target/Cpp/for_loop_induction_vars.mlir	blob	100644	aa85612aef36a4d2812175b8bed362be3d827384
mlir/test/Target/Cpp/func.mlir	blob	100644	e7aa2f5cbbdb097a7814d858f7a135cf4d0a1b9e
mlir/test/Target/Cpp/global.mlir	blob	100644	2b086ebc67b1c7c480dd39c371247d975b7252b9
mlir/test/Target/Cpp/if.mlir	blob	100644	9a7e12b891bc9218332680d7a4157d60d4b27d97
mlir/test/Target/Cpp/invalid.mlir	blob	100644	034c23b5a95135618e6777aa50133675e0858c00
mlir/test/Target/Cpp/invalid_declare_variables_at_top.mlir	blob	100644	8b87113e6d960ac26f770bc236dba6ff9e28472c
mlir/test/Target/Cpp/literal.mlir	blob	100644	eff787611197738c3db891ce2795ea72b8ed7f80
mlir/test/Target/Cpp/literal_call_operand.mlir	blob	100644	92b807dac81af39f2c483c85220f37e0d00b548e
mlir/test/Target/Cpp/logical_operators.mlir	blob	100644	7083dc218fca9971484ba68a689143d8edacc24a
mlir/test/Target/Cpp/lvalue.mlir	blob	100644	af0e4b27a3d8c163469c1e021b77de48dd314bb2
mlir/test/Target/Cpp/member.mlir	blob	100644	2e1756b6e61936d981139f01fb84893a2d9df734
mlir/test/Target/Cpp/mlgo-add-reflection-map.mlir	blob	100644	489b6af79fe2f1240c7a3935d7c7148d7e0f53d8
mlir/test/Target/Cpp/no_extra_semicolon.mlir	blob	100644	4b1b55944434e22fc0342bc5d6919c40e5e07ed9
mlir/test/Target/Cpp/stdops.mlir	blob	100644	589e5f2e96affddd83b41cfebac2ab8cd93f9c4d
mlir/test/Target/Cpp/subscript.mlir	blob	100644	0e1c4a8363b961cc53ed2dc5b1b0e8cd2b0dbeab
mlir/test/Target/Cpp/switch.mlir	blob	100644	b75f7c6f88b4562a9304ef9af154f86a5c5448ce
mlir/test/Target/Cpp/types.mlir	blob	100644	fbeb2e9851381be516033cd22bbe46f428b1d6bf
mlir/test/Target/Cpp/unary_operators.mlir	blob	100644	8a89437a41cc50b09cac273ce38f9a58eea56523
mlir/test/Target/Cpp/variable.mlir	blob	100644	83438e995b8bc2ce4f7b875ecd1646658d621254
mlir/test/Target/Cpp/verbatim.mlir	blob	100644	ee339cd8997ca2663f0596726f31ba6b28123e47
mlir/test/Target/ExportSMTLIB/attributes.mlir	blob	100644	2ecbd145acbe3be1bd50bf1770ee7bcf050a2872
mlir/test/Target/ExportSMTLIB/basic.mlir	blob	100644	81c23cde0f9fd4962db1a7d3b6d3f96e2265c504
mlir/test/Target/ExportSMTLIB/lit.local.cfg	blob	100644	ecc28e19f5b956fd2682128eff2ee399846b68fe
mlir/test/Target/LLVMIR/Import/alias.ll	blob	100644	7015d120a7252e3ab32c06da6d5d92d9de3e8230
mlir/test/Target/LLVMIR/Import/basic.ll	blob	100644	8ee797c49f519d32abfc745bcf64d4658b1c8ea4
mlir/test/Target/LLVMIR/Import/blockaddress.ll	blob	100644	2d5649100263d015e7b05994abe4d5d1eb840431
mlir/test/Target/LLVMIR/Import/call-argument-attributes.ll	blob	100644	842639df0d44beb9175468a5dc6805af91dc890a
mlir/test/Target/LLVMIR/Import/call-attributes.ll	blob	100644	24f96815ac4c331e1f629f8a0a095dab9acd9982
mlir/test/Target/LLVMIR/Import/calling-convention.ll	blob	100644	bf5dc6a694f2aaad5d96e7d2458e8d0292b04cad
mlir/test/Target/LLVMIR/Import/comdat.ll	blob	100644	e6ec77a21971765cacfe5f4a9c35952a1ccbe485
mlir/test/Target/LLVMIR/Import/commandline.ll	blob	100644	f31aec8cc5aac1b0f40765c249bd8cd6db961b21
mlir/test/Target/LLVMIR/Import/composite-type-fortran.ll	blob	100644	1a39748ada63fd71c1c93e7b036428e8846de249
mlir/test/Target/LLVMIR/Import/constant.ll	blob	100644	cd4f79ce741bc8e4dbac8684dd4fd4fbe85c0227
mlir/test/Target/LLVMIR/Import/control-flow.ll	blob	100644	6c5d043c84accec45b5dd71f8471b75bb316a63b
mlir/test/Target/LLVMIR/Import/data-layout.ll	blob	100644	a8ad4bdf2ff844c9bf2448987d49bb69c02526be
mlir/test/Target/LLVMIR/Import/debug-info-records.ll	blob	100644	077871e356774e0ba47a9a12f05cb243873a60e8
mlir/test/Target/LLVMIR/Import/debug-info.ll	blob	100644	5d222ad08f91eb2550e2131bab85d88b1c01c111
mlir/test/Target/LLVMIR/Import/disable-tail-calls.ll	blob	100644	33822291e1c4537ca3a1a754a87f254b9999b618
mlir/test/Target/LLVMIR/Import/disjoint.ll	blob	100644	36091c09043525f0ceae932728f49916c0cc3990
mlir/test/Target/LLVMIR/Import/exact.ll	blob	100644	528fee5091d2da308bf3fe16b9ca1976e99802d0
mlir/test/Target/LLVMIR/Import/exception.ll	blob	100644	6165032ae7c3996ad1ad70a29ba6ee92d9b3f23b
mlir/test/Target/LLVMIR/Import/fastmath.ll	blob	100644	89dc10b9b9814d214f553374b7f516d6312ff041
mlir/test/Target/LLVMIR/Import/frame-pointer.ll	blob	100644	7e811b635ebe057a681556b485acfbf99c2d3129
mlir/test/Target/LLVMIR/Import/function-attributes-generic.ll	blob	100644	d7f8400413b89632afc1d98c23ddce8b9f24b186
mlir/test/Target/LLVMIR/Import/function-attributes.ll	blob	100644	efcb7e4a6526ed8ed5254b18c47b5e57c71d0433
mlir/test/Target/LLVMIR/Import/function-metadata.ll	blob	100644	2b244835d6a1dc3ec79a5ddbee251130174c0bd3
mlir/test/Target/LLVMIR/Import/global-struct.ll	blob	100644	5e72b380537d66d416b676877d0504a90cfcabb4
mlir/test/Target/LLVMIR/Import/global-variables.ll	blob	100644	905e9cf3982e59f823e0297c7bbb6c4d5ddc4927
mlir/test/Target/LLVMIR/Import/ident.ll	blob	100644	1728fdf249ede75d77f257a92e8be4dcbef072cd
mlir/test/Target/LLVMIR/Import/ifunc.ll	blob	100644	c6d188afd86504ddd9ed4528dec1719f1d6a487c
mlir/test/Target/LLVMIR/Import/ignore-composite-type-elements.ll	blob	100644	d92d07085610f30769bd2cfe44a0f2ba081f7676
mlir/test/Target/LLVMIR/Import/import-failure.ll	blob	100644	5bf45ccfbec5513bd15a9a55950e430c814cc1e5
mlir/test/Target/LLVMIR/Import/import-structs-as-literals.ll	blob	100644	40fd834817d049483d6a8eefb4d64b07a07354a3
mlir/test/Target/LLVMIR/Import/incorrect-constant-caching.ll	blob	100644	386709b3b09b3c4810001f3864714e3769a2515c
mlir/test/Target/LLVMIR/Import/incorrect-constexpr-inst-caching.ll	blob	100644	75ba51550b1ea0ced27913f4cce815ca2f0d69e7
mlir/test/Target/LLVMIR/Import/incorrect-instmap-assignment.ll	blob	100644	1af96ba85fab3b6dec0a75086e7f4f4ee2088e53
mlir/test/Target/LLVMIR/Import/incorrect-scalable-vector-check.ll	blob	100644	858f714b1f6406810560022db7f49edc081261d1
mlir/test/Target/LLVMIR/Import/indirectbr.ll	blob	100644	7c197a5281ddd08481cad45afd901890f2ee7f54
mlir/test/Target/LLVMIR/Import/instructions.ll	blob	100644	28ab4bc44a40abbb18169a7660bfec7df9dc6521
mlir/test/Target/LLVMIR/Import/intrinsic-prefer-unregistered.ll	blob	100644	18c93191e3ae0a6705e7d5bf06ed5ef19133dda0
mlir/test/Target/LLVMIR/Import/intrinsic-unregistered.ll	blob	100644	2ff2f731082c28925885dbc0621002398674e782
mlir/test/Target/LLVMIR/Import/intrinsic.ll	blob	100644	dbc124b339169d9940dcaa499819bed89983201c
mlir/test/Target/LLVMIR/Import/invoke-argument-attributes.ll	blob	100644	42489832fd18470600b54b8d499affd4b223968c
mlir/test/Target/LLVMIR/Import/masked-intrinsic-metadata.ll	blob	100644	bf812efc72571f2d312fa88b65daa3a156f64ec1
mlir/test/Target/LLVMIR/Import/metadata-alias-scopes.ll	blob	100644	bf4c85786216fd632b5c1d6757c8d2e8875cb462
mlir/test/Target/LLVMIR/Import/metadata-dependent-libraries.ll	blob	100644	4a6d438046a36ed01ac7c94e8ad24ab98cc803ec
mlir/test/Target/LLVMIR/Import/metadata-dereferenceable.ll	blob	100644	198a476441348aa5339e8e9b55e506d57b102c83
mlir/test/Target/LLVMIR/Import/metadata-kernel.ll	blob	100644	963e40348c7954146c81da404390a4cadc4a96fd
mlir/test/Target/LLVMIR/Import/metadata-linker-options.ll	blob	100644	d936632031a5ca26300610a34a08bb4e66988f8a
mlir/test/Target/LLVMIR/Import/metadata-loop.ll	blob	100644	89357186409e33a4ab9dffe7a22347a2a87905b2
mlir/test/Target/LLVMIR/Import/metadata-mmra.ll	blob	100644	5e1ed37d559efece6a092e8802b6c973f5a34e39
mlir/test/Target/LLVMIR/Import/metadata-profiling.ll	blob	100644	5c53c28a9a5ec401855b07e41a64e12f49159e1b
mlir/test/Target/LLVMIR/Import/metadata-tbaa.ll	blob	100644	9e0c2830ba60fe6bc4c4dea0158b570b2082e80d
mlir/test/Target/LLVMIR/Import/module-asm.ll	blob	100644	38f6ea448acba37bdecfcd1a33e8f0be232c9a65
mlir/test/Target/LLVMIR/Import/module-flags.ll	blob	100644	e406bf985ff902deb14aebd586e2b0c87c568a2e
mlir/test/Target/LLVMIR/Import/mrecip.ll	blob	100644	01814cce70059e49d88ffa9b5c184170206a545d
mlir/test/Target/LLVMIR/Import/nneg.ll	blob	100644	07756b9f706bdb6e9873c6929d3e2c7a4d15d101
mlir/test/Target/LLVMIR/Import/nsw_nuw.ll	blob	100644	4af799da36dc088ea38f4518600ecc5620f873c0
mlir/test/Target/LLVMIR/Import/nvvmir.ll	blob	100644	3f013a1b7413d5ccdd69d1856917f5e32e142ed5
mlir/test/Target/LLVMIR/Import/prefer-vector-width.ll	blob	100644	e30ef04924b8135a6f72fe695883937fd1614a82
mlir/test/Target/LLVMIR/Import/struct.ll	blob	100644	dd94035e585f43e9569ba99ef5e222004cc1e93d
mlir/test/Target/LLVMIR/Import/tail-kind.ll	blob	100644	608ae4043b67196f8baae212629bba1b596f586c
mlir/test/Target/LLVMIR/Import/target-cpu.ll	blob	100644	84c0f96c267a11f0fdae80515de0d95257227a25
mlir/test/Target/LLVMIR/Import/target-ext-type.ll	blob	100644	8bf6046746dba9e24c336f4a2af2e93db8cae282
mlir/test/Target/LLVMIR/Import/target-features.ll	blob	100644	d3feeda85691a268cb49c7c89027a3b8715c8fa3
mlir/test/Target/LLVMIR/Import/target-triple.ll	blob	100644	a04b41a7aeb551f52d04040bf93ad6d170c7b98b
mlir/test/Target/LLVMIR/Import/test.ll	blob	100644	a3165d6020104754edfc8066a989d0ec7dc46d4e
mlir/test/Target/LLVMIR/Import/tune-cpu.ll	blob	100644	991a70ada473c5914bc445ddab4fa540e1605052
mlir/test/Target/LLVMIR/Import/unreachable-blocks.ll	blob	100644	8a84f4b5c19b8d06efc4a128ca4af4781f10b1f6
mlir/test/Target/LLVMIR/Import/use-sample-profile.ll	blob	100644	0df93194b07b61d749e2bd07133f0cd95a7d88e5
mlir/test/Target/LLVMIR/Import/uwtable.ll	blob	100644	e5f58842408578f284d690bd1a25223ebfa91d66
mlir/test/Target/LLVMIR/Import/vscale.ll	blob	100644	48a52e949bda36a95229de5c45a8ebe8211d32f8
mlir/test/Target/LLVMIR/Import/zeroinitializer.ll	blob	100644	02216dab0cc2f15e2f25a0a1c7249ef27753c2b1
mlir/test/Target/LLVMIR/alias.mlir	blob	100644	2ba9a2145eb32603312b862fe218fd069705df34
mlir/test/Target/LLVMIR/allocatable_gpu_reduction.mlir	blob	100644	ea1516d69f3e236b5172f3e54252b1be1e839e35
mlir/test/Target/LLVMIR/allocatable_gpu_reduction_teams.mlir	blob	100644	56d87fb58404f22a1b7180481109a52c102d03fc
mlir/test/Target/LLVMIR/amx.mlir	blob	100644	f41fc59cccd167e0d0090af2830722602a9eb1d3
mlir/test/Target/LLVMIR/anonymous-tbaa.mlir	blob	100644	9d8ecdb8b9d4dc0f4a7bfd26b4893f5ac24e3b45
mlir/test/Target/LLVMIR/arm-neon-2d.mlir	blob	100644	dfb4e4fd309a97a3d7b751538ecf84e07d5e5de9
mlir/test/Target/LLVMIR/arm-neon.mlir	blob	100644	e1328ad448f0a5763b5eef84c4e6637511e7458c
mlir/test/Target/LLVMIR/arm-sme-invalid.mlir	blob	100644	6f5b1d8c5d93db1e9586b634030a459c7d572a84
mlir/test/Target/LLVMIR/arm-sme.mlir	blob	100644	84dfcc96edd0f7c789e18755ef167a12ccb29949
mlir/test/Target/LLVMIR/arm-sve.mlir	blob	100644	b365e555c0b782f82ed525f1f9a8fd9f731260de
mlir/test/Target/LLVMIR/attribute-alias-scopes.mlir	blob	100644	09d781fbbb40448227ce9fcf1390d264828253ea
mlir/test/Target/LLVMIR/attribute-dereferenceable.mlir	blob	100644	6b36f6f4cfe40c86183f5351561ffc7e59c0c50c
mlir/test/Target/LLVMIR/attribute-tbaa.mlir	blob	100644	cbcdad698f888f896303fa1ebcff6349957ac58d
mlir/test/Target/LLVMIR/blockaddress.mlir	blob	100644	4473f91c4bdb502057e52a785497cf883e2600c8
mlir/test/Target/LLVMIR/call-argument-attributes.mlir	blob	100644	b3d286dcda50456df446e463e802cb6f7988c940
mlir/test/Target/LLVMIR/comdat.mlir	blob	100644	c77e433db46bb8d13c1f595bc6e76897c7f70d67
mlir/test/Target/LLVMIR/commandline.mlir	blob	100644	817a5ac2164e9f283ed5ee2a168127b507c22f5f
mlir/test/Target/LLVMIR/data-layout.mlir	blob	100644	deaed332a969bd6d432064116b458fed912a7fe2
mlir/test/Target/LLVMIR/disable-tail-calls.mlir	blob	100644	fc7ecd185b4924d09e4b35f7ec0d9c4b5a3fa7cb
mlir/test/Target/LLVMIR/disjoint.mlir	blob	100644	1f5a42e608ba4061cf67853b1d8276b380be1531
mlir/test/Target/LLVMIR/exact.mlir	blob	100644	b6c378c2fdcc94a0d50a25a5f711006981ee6c8d
mlir/test/Target/LLVMIR/external-func-dialect-attr.mlir	blob	100644	459859f5be47b2dd71714307e7c0ba5257d794cc
mlir/test/Target/LLVMIR/fp-math-function-attributes.mlir	blob	100644	c5f900a89651b8a5b55576d51e42bde7f0106713
mlir/test/Target/LLVMIR/frame-pointer.mlir	blob	100644	5224e97a40805518bd0e4ef94eb4aab86081feec
mlir/test/Target/LLVMIR/function-metadata.mlir	blob	100644	91ce21ce75e132ce59dfe5d595482ffc0ce7f3ca
mlir/test/Target/LLVMIR/global_float_array.mlir	blob	100644	eba7948d2c55e7e9a093a1daa6da80be8b8e5acb
mlir/test/Target/LLVMIR/gpu.mlir	blob	100644	140fabca444daa7e5d18ed52241772dc803f1f31
mlir/test/Target/LLVMIR/ident.mlir	blob	100644	e2c343df3c7f33962cd7f613884df6bec7b6e4cc
mlir/test/Target/LLVMIR/ifunc.mlir	blob	100644	6419692ee05c9441e1c54251e0fc05dba136a19c
mlir/test/Target/LLVMIR/indirectbr.mlir	blob	100644	538220721e9eb6e6bf455bb45be1b7380ce4c57c
mlir/test/Target/LLVMIR/invalid-module.mlir	blob	100644	5ed62449d413c3cf0f5d8fabd8f6eee7d9f61285
mlir/test/Target/LLVMIR/invoke-argument-attributes.mlir	blob	100644	ea8ed1d416435d33c6ae9eba5fd28f0679d4152e
mlir/test/Target/LLVMIR/llvmir-debug.mlir	blob	100644	27858cc0089561e6ec052a0212e9d7b7061f0de6
mlir/test/Target/LLVMIR/llvmir-global-addressof-leaf.mlir	blob	100644	93b43537ed71f9a886010add0e3d6cd9fb7dc927
mlir/test/Target/LLVMIR/llvmir-intrinsics.mlir	blob	100644	e5a7ec566268e8d5c81d700c4fb03d2553d230fc
mlir/test/Target/LLVMIR/llvmir-invalid.mlir	blob	100644	6e8301bb626e360b10bf939b96369c8d237a6da4
mlir/test/Target/LLVMIR/llvmir-le-specific.mlir	blob	100644	d2b96642c6428319ae5084dfaa0eb750ec02e9d4
mlir/test/Target/LLVMIR/llvmir-named-metadata.mlir	blob	100644	14769209930b6a0f7ead6db826b7260b9bb0aa5e
mlir/test/Target/LLVMIR/llvmir-phi-loc.mlir	blob	100644	fd0450260528484079c40b127ada3f61fd513f45
mlir/test/Target/LLVMIR/llvmir-types.mlir	blob	100644	5278e1492bb726a351712288133761f5ffd906c3
mlir/test/Target/LLVMIR/llvmir.mlir	blob	100644	d9bc379ade0a4880f4931754496588ed4cc97b2b
mlir/test/Target/LLVMIR/loop-metadata.mlir	blob	100644	12daaf6d5d282154388cf55c4c8880d771821774
mlir/test/Target/LLVMIR/masked-intrinsic-metadata.mlir	blob	100644	6ef0fa4a183afd521b13908b53e229c1c4e81c4a
mlir/test/Target/LLVMIR/mmra.mlir	blob	100644	5864e0e0759e61aa01b8bff4688d10192d9fc41e
mlir/test/Target/LLVMIR/module-asm.mlir	blob	100644	813eeeafdeb444a863296e7bbedf287e38cee271
mlir/test/Target/LLVMIR/mrecip.mlir	blob	100644	e0bc66c272f6a6c330ff690f45aea920424b1184
mlir/test/Target/LLVMIR/nneg.mlir	blob	100644	8afa765a510e24fe82534985a56ee77a90692511
mlir/test/Target/LLVMIR/nsw_nuw.mlir	blob	100644	584aa05a04f7cf4d5cf3cfad62e1541e09c57e7f
mlir/test/Target/LLVMIR/nvvm/addf/addf.mlir	blob	100644	17c7e3f36406b08e1fa332582248be877a640d8c
mlir/test/Target/LLVMIR/nvvm/addf/addf_invalid.mlir	blob	100644	58fb8814903adde06e3fccf24a71e1a5fce64a20
mlir/test/Target/LLVMIR/nvvm/addf/addf_vector.mlir	blob	100644	504b0e5cae6bf079c52c9c7929027f662865a1b7
mlir/test/Target/LLVMIR/nvvm/barrier.mlir	blob	100644	c64f0a5cbdffdf680544d38ef88db530e57f7b10
mlir/test/Target/LLVMIR/nvvm/clusterlaunchcontrol.mlir	blob	100644	6ff85fa38a0a0578d0392eef4b2dc21514ffc455
mlir/test/Target/LLVMIR/nvvm/convert_fp16x2.mlir	blob	100644	ddb6defe270bb277f13f017ab5bfdaac1f4cc745
mlir/test/Target/LLVMIR/nvvm/convert_fp4x2.mlir	blob	100644	75feb7176b7b387f84db2b46a6e9bef17066c52a
mlir/test/Target/LLVMIR/nvvm/convert_fp4x2_invalid.mlir	blob	100644	d179431fe93699f0c84fe5abd0e7ad34b02c0da3
mlir/test/Target/LLVMIR/nvvm/convert_fp6x2.mlir	blob	100644	21f23521405b1d68b4afab315d2bf8ea031a73bc
mlir/test/Target/LLVMIR/nvvm/convert_fp6x2_invalid.mlir	blob	100644	e993868cf1c9f8160d660921699380c45f9cf5dd
mlir/test/Target/LLVMIR/nvvm/convert_fp8x2.mlir	blob	100644	058e28be90283cf69ecd430fa0137cb4bb90105c
mlir/test/Target/LLVMIR/nvvm/convert_fp8x2_invalid.mlir	blob	100644	02a7600ec8304b4ec8b5bc2c18df594c27c5a0e8
mlir/test/Target/LLVMIR/nvvm/convert_s2f6x2.mlir	blob	100644	9261b83f9083533b94fc15840fcba13853bc43f5
mlir/test/Target/LLVMIR/nvvm/convert_stochastic_rounding.mlir	blob	100644	84d84d9c00e71db1faeff66c52e45bc8e769135e
mlir/test/Target/LLVMIR/nvvm/convert_tf32.mlir	blob	100644	858fdef55d8fef264bc0ec34264e65c2bc2f14f7
mlir/test/Target/LLVMIR/nvvm/divf/divf.mlir	blob	100644	5103ae6e4f3290ad2634bf3bd7aede4907b25057
mlir/test/Target/LLVMIR/nvvm/divf/divf_invalid.mlir	blob	100644	d011a32da06f3f8e31255b3a6543eb1a63836ad0
mlir/test/Target/LLVMIR/nvvm/elect.mlir	blob	100644	3c5cac4b650bb1395d6cdcfe1bdd95845aa1b803
mlir/test/Target/LLVMIR/nvvm/ex2_invalid.mlir	blob	100644	0ff00a258b96107eb7a5a7ea42f00ab3d368aeaa
mlir/test/Target/LLVMIR/nvvm/fence-invalid.mlir	blob	100644	c8ea7581515270e281dffbc0cada8819e0d20676
mlir/test/Target/LLVMIR/nvvm/fence.mlir	blob	100644	423a6e97d1d4a9a696fd3a5c557929ee402ab76e
mlir/test/Target/LLVMIR/nvvm/fma/fma.mlir	blob	100644	268da3fce6bd8028cfd488badc812fcae085f2c5
mlir/test/Target/LLVMIR/nvvm/fma/fma_invalid.mlir	blob	100644	d5f77c6321550028fdf116aa1fa243f81a69d6d9
mlir/test/Target/LLVMIR/nvvm/fma/fma_vector.mlir	blob	100644	211f0b0d9f153b55c78b94cfd6c603bd9646c335
mlir/test/Target/LLVMIR/nvvm/invalid_convert_fp16x2.mlir	blob	100644	4ec257f550f7fdbd55b85971cb369e42f598987d
mlir/test/Target/LLVMIR/nvvm/mbar_arr_drop_expect_tx.mlir	blob	100644	1820f5cd448641701b2aa53179443ed70d71afa9
mlir/test/Target/LLVMIR/nvvm/mbar_arr_expect_tx.mlir	blob	100644	1cc9539a850eccc27ec78eabcc52ab2df8a02bb5
mlir/test/Target/LLVMIR/nvvm/mbar_arrive.mlir	blob	100644	fe0139bf0b3c600b1d1f4dd9c7952f79b4533fcf
mlir/test/Target/LLVMIR/nvvm/mbar_arrive_drop.mlir	blob	100644	255367b5bb05125f67cc866aa4d89037caa80d76
mlir/test/Target/LLVMIR/nvvm/mbar_check_layout.mlir	blob	100644	b073aa745022b5d3f323727b292eb023c53f52bf
mlir/test/Target/LLVMIR/nvvm/mbar_complete_tx.mlir	blob	100644	6194ccbf193e07f99ae1fc8e6fb6febe13cea1d7
mlir/test/Target/LLVMIR/nvvm/mbar_expect_tx.mlir	blob	100644	9798c668634f102f02653435707911a6f823919b
mlir/test/Target/LLVMIR/nvvm/mbar_init.mlir	blob	100644	3934b8187073a1796639cfe2876ed80c14a34821
mlir/test/Target/LLVMIR/nvvm/mbar_invalid.mlir	blob	100644	af441a492c95480e18790d85dbdd1cf858fd2fba
mlir/test/Target/LLVMIR/nvvm/mbar_test_wait.mlir	blob	100644	b7b65ccc6f2d43b27f31075365d91cc608e4a48e
mlir/test/Target/LLVMIR/nvvm/mbar_try_wait.mlir	blob	100644	31a3e0c03e789dad7ca445e352f3845b746e374c
mlir/test/Target/LLVMIR/nvvm/membar.mlir	blob	100644	236b3ccecc1f64c5f7384b47c4ad152f668716e3
mlir/test/Target/LLVMIR/nvvm/mma-blockscale.mlir	blob	100644	ace3a50433d1ca81ae4e995b1caee1e8d411e691
mlir/test/Target/LLVMIR/nvvm/mma-sp-kind.mlir	blob	100644	fa69660117131e5510b72da309022c4eba2d7f78
mlir/test/Target/LLVMIR/nvvm/mma-sp-ordered.mlir	blob	100644	9e5b147071d6dd3d2a8a7a89649ea7dfecbd4fbe
mlir/test/Target/LLVMIR/nvvm/mma-sp.mlir	blob	100644	6815ef14e4e1a0099a96590a58d7c60c7e9b86b8
mlir/test/Target/LLVMIR/nvvm/mma-sparse-blockscale.mlir	blob	100644	38a8986e1c3a6fc64db69a05900b8536780142a9
mlir/test/Target/LLVMIR/nvvm/nvvmir-invalid/tma_reduce_override_invalid.mlir	blob	100644	2e85f142f73ba83baaf088708976259064b09e88
mlir/test/Target/LLVMIR/nvvm/nvvmir-invalid/tma_store_override_invalid.mlir	blob	100644	b609bd932b9d105761686138d88aa60d5f30f097
mlir/test/Target/LLVMIR/nvvm/permute_invalid.mlir	blob	100644	1d6c23cc29fbcb6720374d3a9d341f85b50c3b46
mlir/test/Target/LLVMIR/nvvm/permute_valid.mlir	blob	100644	d2baae79ce95e1e8718690ee4b3e08f85963cc8f
mlir/test/Target/LLVMIR/nvvm/pm_event.mlir	blob	100644	0092d32319a8355baf92b8ff54396ece4eea0b2f
mlir/test/Target/LLVMIR/nvvm/pm_event_invalid.mlir	blob	100644	783988fb36368a7bf5f6600b4b93dd992aa40205
mlir/test/Target/LLVMIR/nvvm/prefetch.mlir	blob	100644	5f8e8d06e1c2dc0a930171f4260b285f424968aa
mlir/test/Target/LLVMIR/nvvm/redux-sync-invalid.mlir	blob	100644	641f8f03c6fa6b287f592f293cdddd2a8d402e28
mlir/test/Target/LLVMIR/nvvm/rsqrt/rsqrt.mlir	blob	100644	665231049b574423c4d0f71dc234bf80c7bf549d
mlir/test/Target/LLVMIR/nvvm/shfl-sync-invalid.mlir	blob	100644	c7fedf36549eee781d5e66c9857dca60ba1c4b4f
mlir/test/Target/LLVMIR/nvvm/sqrt/sqrt.mlir	blob	100644	9699a31b0afe4dc168b1efe639ba122f902f220a
mlir/test/Target/LLVMIR/nvvm/sqrt/sqrt_invalid.mlir	blob	100644	4d4ee65205a2c7d052d920bfad72fe6f22ce9f69
mlir/test/Target/LLVMIR/nvvm/store_async_global.mlir	blob	100644	4124e202602ce8986e0fc0be500574eb9e054b33
mlir/test/Target/LLVMIR/nvvm/store_async_global_invalid.mlir	blob	100644	29cb9d26f2800f88ce1c62409682caef755a98de
mlir/test/Target/LLVMIR/nvvm/store_async_shared.mlir	blob	100644	a7aa611c58173861e5d8e9faf35320dae8add4b0
mlir/test/Target/LLVMIR/nvvm/subf/subf.mlir	blob	100644	7226b0e172d75fa0eda3bf2097991beac52a5623
mlir/test/Target/LLVMIR/nvvm/subf/subf_invalid.mlir	blob	100644	38a2ca14bfa907db80e760757cca7c3fad0af228
mlir/test/Target/LLVMIR/nvvm/subf/subf_vector.mlir	blob	100644	ee4ab35a0132fd9a98f21ee79786b7159319dae0
mlir/test/Target/LLVMIR/nvvm/tcgen05-alloc.mlir	blob	100644	0c45816c68817b615f7edc31705e0520b34b9559
mlir/test/Target/LLVMIR/nvvm/tcgen05-commit-smem-a-read.mlir	blob	100644	f3d174bf46da2b0f8e271396d6ba269afa93bf65
mlir/test/Target/LLVMIR/nvvm/tcgen05-commit.mlir	blob	100644	4b7c71a19d3176c494825fd08c4a233000757136
mlir/test/Target/LLVMIR/nvvm/tcgen05-cp.mlir	blob	100644	ec359d554bf9ac265550c33b439db96edde5dd3c
mlir/test/Target/LLVMIR/nvvm/tcgen05-fence-wait.mlir	blob	100644	ee4a517a4bffa753961937fe3dbaa5811b94ca54
mlir/test/Target/LLVMIR/nvvm/tcgen05-ld-invalid.mlir	blob	100644	bf4bc0c9e53b7e98bf191a1742e44fc8a6459d32
mlir/test/Target/LLVMIR/nvvm/tcgen05-ld-red-invalid.mlir	blob	100644	4cef43931b34aee22cc335a177131513f38505cf
mlir/test/Target/LLVMIR/nvvm/tcgen05-ld-red.mlir	blob	100644	6ae43496f2ee09ff024ce125c1ec2756fb523139
mlir/test/Target/LLVMIR/nvvm/tcgen05-ld.mlir	blob	100644	523801af0d527a2467e8fdb5e0da1a91e15bbc87
mlir/test/Target/LLVMIR/nvvm/tcgen05-mma-block-scale-shared-collector-b.mlir	blob	100644	cc101d66a1e67db5c85ec3a31ab820924f7fa663
mlir/test/Target/LLVMIR/nvvm/tcgen05-mma-block-scale-shared-decompress-b.mlir	blob	100644	5c394a465e290d307c806b968d971634af2508dc
mlir/test/Target/LLVMIR/nvvm/tcgen05-mma-block-scale-shared.mlir	blob	100644	a6633f317045b662c0303b639a32f93cd4662af5
mlir/test/Target/LLVMIR/nvvm/tcgen05-mma-block-scale-tensor-collector-b.mlir	blob	100644	8a9ef0bd2cba818b2088aa4405ec6d8f86b8595f
mlir/test/Target/LLVMIR/nvvm/tcgen05-mma-block-scale-tensor-decompress-b.mlir	blob	100644	55185329bb969cc93da049c9c9987c79f34aa7ba
mlir/test/Target/LLVMIR/nvvm/tcgen05-mma-block-scale-tensor.mlir	blob	100644	34cbfaaf3aa1e40ea8d144d74ef9ed3077d2306f
mlir/test/Target/LLVMIR/nvvm/tcgen05-mma-invalid-ti16.mlir	blob	100644	0964a3686b01b914cbf21831f66fecf5e724d523
mlir/test/Target/LLVMIR/nvvm/tcgen05-mma-invalid.mlir	blob	100644	fc316654fc9031d2faad954d25e855845453009a
mlir/test/Target/LLVMIR/nvvm/tcgen05-mma-shared-collector-b.mlir	blob	100644	7b3281a2d5a4de2e1703767efe144aecfdbcf6c1
mlir/test/Target/LLVMIR/nvvm/tcgen05-mma-shared-decompress-b.mlir	blob	100644	18ec6f47d86f21b5f028213b3c5f0f293e2a3d6e
mlir/test/Target/LLVMIR/nvvm/tcgen05-mma-shared-ti16.mlir	blob	100644	132779c8f63df508542f70ad62721b63a6f43395
mlir/test/Target/LLVMIR/nvvm/tcgen05-mma-shared.mlir	blob	100644	5226e0741ea897dbb0f5ad66e3dc80e1d345ed9e
mlir/test/Target/LLVMIR/nvvm/tcgen05-mma-sp-block-scale-shared-collector-b.mlir	blob	100644	5323dea2f160b369576111bb98a8497c14d30592
mlir/test/Target/LLVMIR/nvvm/tcgen05-mma-sp-block-scale-shared.mlir	blob	100644	1e7684735107e22c1c410e743a1dd63bc2629337
mlir/test/Target/LLVMIR/nvvm/tcgen05-mma-sp-block-scale-tensor-collector-b.mlir	blob	100644	a0950ea239f4a882816b65a902df41d411de1db3
mlir/test/Target/LLVMIR/nvvm/tcgen05-mma-sp-block-scale-tensor.mlir	blob	100644	5e02ebb95648cec9765772e5952c03102d5724cc
mlir/test/Target/LLVMIR/nvvm/tcgen05-mma-sp-shared-collector-b.mlir	blob	100644	89812705f35bd63aad42f4c1c7f072d41b5c17bd
mlir/test/Target/LLVMIR/nvvm/tcgen05-mma-sp-shared-ti16.mlir	blob	100644	eab0ced98452f8aa46bbff86fe10ad1f8737b500
mlir/test/Target/LLVMIR/nvvm/tcgen05-mma-sp-shared.mlir	blob	100644	a87d381c4a6c2fd1a02eecd938455eebd2b57cd4
mlir/test/Target/LLVMIR/nvvm/tcgen05-mma-sp-tensor-collector-b.mlir	blob	100644	6a132c4deb3483852f4a134d5955bfb420d14acb
mlir/test/Target/LLVMIR/nvvm/tcgen05-mma-sp-tensor-ti16.mlir	blob	100644	382a9bbb55c47a0540c80707d2925e860efba515
mlir/test/Target/LLVMIR/nvvm/tcgen05-mma-sp-tensor.mlir	blob	100644	15a27a1c92f3ebff1eb54dff0f1378b889589f82
mlir/test/Target/LLVMIR/nvvm/tcgen05-mma-tensor-collector-b.mlir	blob	100644	5132b4b3a58a133293dc7728a961ab97a09af8a1
mlir/test/Target/LLVMIR/nvvm/tcgen05-mma-tensor-decompress-b.mlir	blob	100644	214532de82d0705f815b66b5d64091ed38393b9e
mlir/test/Target/LLVMIR/nvvm/tcgen05-mma-tensor-ti16.mlir	blob	100644	c4115b3c71e40bf01c618a597b0405b322758da4
mlir/test/Target/LLVMIR/nvvm/tcgen05-mma-tensor.mlir	blob	100644	fa55053d631fc93ea8c81fae9f02d3aca64b8717
mlir/test/Target/LLVMIR/nvvm/tcgen05-mma-ws-shared-ti16.mlir	blob	100644	9c16961734f1118eb2f12f63d543cf13f453c741
mlir/test/Target/LLVMIR/nvvm/tcgen05-mma-ws-shared.mlir	blob	100644	a3a4916e9e755285d64226f2c097ae605ed2b242
mlir/test/Target/LLVMIR/nvvm/tcgen05-mma-ws-sp-shared-ti16.mlir	blob	100644	c219fb5fd6a7500d0b7b91582b3a71acc893d919
mlir/test/Target/LLVMIR/nvvm/tcgen05-mma-ws-sp-shared.mlir	blob	100644	243c70a51be9d74a6ff22c54ec0484e569dc2426
mlir/test/Target/LLVMIR/nvvm/tcgen05-mma-ws-sp-tensor-ti16.mlir	blob	100644	abade0631667b3920f2243721b916c46ca0a08d0
mlir/test/Target/LLVMIR/nvvm/tcgen05-mma-ws-sp-tensor.mlir	blob	100644	0b08343baf728d4e0dd743e33726557636e3e756
mlir/test/Target/LLVMIR/nvvm/tcgen05-mma-ws-tensor-ti16.mlir	blob	100644	db2c2ef1be17c617c8f377eb9acd69d9fc99c55b
mlir/test/Target/LLVMIR/nvvm/tcgen05-mma-ws-tensor.mlir	blob	100644	fd62148f31d69b2c6c92c2a2d7064b81e2454c24
mlir/test/Target/LLVMIR/nvvm/tcgen05-shift.mlir	blob	100644	ed30b1fbc388432ed8eeaae62c25e5743d8286b9
mlir/test/Target/LLVMIR/nvvm/tcgen05-smem-desc.mlir	blob	100644	5af79c6f1379b6320d466289cd5b035bc9a0435e
mlir/test/Target/LLVMIR/nvvm/tcgen05-st.mlir	blob	100644	90af63876f73744137e12bca7ab8b15fd2ca6bac
mlir/test/Target/LLVMIR/nvvm/tensormap_replace.mlir	blob	100644	67576d68abb92683fb6c8854f284d4cdf11a2153
mlir/test/Target/LLVMIR/nvvm/tensormap_replace_invalid.mlir	blob	100644	21454491f218adc5dcd2a403a4bb85de92aabf2f
mlir/test/Target/LLVMIR/nvvm/tma_bulk_copy.mlir	blob	100644	1d09dcf41bc52276277ea790b43ccb87f2d152d3
mlir/test/Target/LLVMIR/nvvm/tma_bulk_copy_invalid.mlir	blob	100644	d762ff3ff1e7634c7842b2e49214b2e9cfbd745b
mlir/test/Target/LLVMIR/nvvm/tma_load_cluster_im2col.mlir	blob	100644	540536b06c4752189d04113ed78a4e45ba45cb68
mlir/test/Target/LLVMIR/nvvm/tma_load_cluster_tile.mlir	blob	100644	03e2e8ec2053db30fc103117185a758a306e4287
mlir/test/Target/LLVMIR/nvvm/tma_load_cta_im2col.mlir	blob	100644	d02e846da1876f65c1f26a866543ace4f7d3395b
mlir/test/Target/LLVMIR/nvvm/tma_load_cta_tile.mlir	blob	100644	53d497541d2d0134958311cbfe906d03f585ffc4
mlir/test/Target/LLVMIR/nvvm/tma_load_invalid.mlir	blob	100644	9bedbc94e64b83306f6f1a1a835fc26849de8a41
mlir/test/Target/LLVMIR/nvvm/tma_prefetch.mlir	blob	100644	eeabb64e3bec935a9c5337142ac07f421a9b8d14
mlir/test/Target/LLVMIR/nvvm/tma_prefetch_invalid.mlir	blob	100644	1ad1b23efc1760a586fc19cdc78e04b9bedc1adc
mlir/test/Target/LLVMIR/nvvm/tma_store.mlir	blob	100644	a61ffed9bc59d3d42824023a055ef9ad49de3c50
mlir/test/Target/LLVMIR/nvvm/tma_store_im2colw.mlir	blob	100644	cd04339d716bb4bd6c6d5ec5cd32441b56e4593d
mlir/test/Target/LLVMIR/nvvm/tma_store_invalid.mlir	blob	100644	52b3444f0dc5463a01de20c0699850068d8a2cd4
mlir/test/Target/LLVMIR/nvvm/tma_store_override.mlir	blob	100644	1378524343a455dfb61c3bba72e4654f2f5fe327
mlir/test/Target/LLVMIR/nvvm/tma_store_reduce.mlir	blob	100644	a64ed0cdd01df339e684baf24112bdaaaa08b342
mlir/test/Target/LLVMIR/nvvm/tma_store_reduce_im2col_w.mlir	blob	100644	37ce66b641403f1e985d370deda1bb21b1486718
mlir/test/Target/LLVMIR/nvvm/tma_store_reduce_invalid.mlir	blob	100644	cfbc14003b29833423ae400a174d22bd96185f29
mlir/test/Target/LLVMIR/nvvm/tma_store_reduce_override.mlir	blob	100644	d5a18bf588cccc7be4facc5a5c7e504f3649c7c8
mlir/test/Target/LLVMIR/nvvm/transcendentals.mlir	blob	100644	06f5dafaf8b6a65686e245e3393baa570e2e5544
mlir/test/Target/LLVMIR/nvvmir-invalid.mlir	blob	100644	f48b7f48dad906ea1ac0197dfe82cbc0e2cc39b2
mlir/test/Target/LLVMIR/nvvmir.mlir	blob	100644	c3b9fb301c3f9b63ac7f0b6165804d75303cb68c
mlir/test/Target/LLVMIR/omp-target-call-with-repeated-parameter.mlir	blob	100644	0204eb98ddc850686027f7de7c01f04a2914001d
mlir/test/Target/LLVMIR/ompenmp-target-allocmem-freemem.mlir	blob	100644	1bc97609ccff46bf5fddd26857069c1135060ce6
mlir/test/Target/LLVMIR/omptarget-array-sectioning-host.mlir	blob	100644	10376183434b618e1dee5711c2f82d6429377966
mlir/test/Target/LLVMIR/omptarget-atomic-capture-control-options.mlir	blob	100644	0d9efc51a2a4995c3b43b477306abec70a4c7559
mlir/test/Target/LLVMIR/omptarget-atomic-update-control-options.mlir	blob	100644	8f91024608c41e5b51259e8e2b2c68a64196475d
mlir/test/Target/LLVMIR/omptarget-byref-bycopy-generation-device.mlir	blob	100644	44a381af78d54774f6c81445518e80627438da91
mlir/test/Target/LLVMIR/omptarget-byref-bycopy-generation-host.mlir	blob	100644	9640b7f867d4346680ff5baf6d792e5ad9b39fbc
mlir/test/Target/LLVMIR/omptarget-constant-alloca-raise.mlir	blob	100644	1b53ec3e058a868d3fa2277090794a4f15eb8471
mlir/test/Target/LLVMIR/omptarget-constant-indexing-device-region.mlir	blob	100644	db4fb3b88329a5afc78ca3e678a350db0f8dc4d4
mlir/test/Target/LLVMIR/omptarget-data-use-dev-ordering.mlir	blob	100644	19ed1496552d29fd6986ca2eb45ccf3696b9a979
mlir/test/Target/LLVMIR/omptarget-debug-147063.mlir	blob	100644	18235cb084f75d50fb134491b6835a942611843e
mlir/test/Target/LLVMIR/omptarget-debug-declare-mapper.mlir	blob	100644	0f7c0bcfb79e5fdd10dbfbebae588fc723f627bd
mlir/test/Target/LLVMIR/omptarget-debug-empty.mlir	blob	100644	cc7c8c395116dbe011bef010dd8ae46863c15820
mlir/test/Target/LLVMIR/omptarget-debug-loop-loc.mlir	blob	100644	f6dec6b0e5988651cd9daabb0a2e83116fb5d5ff
mlir/test/Target/LLVMIR/omptarget-debug-map-link-loc.mlir	blob	100644	eb0bb04d10e3007842d182e873deb2c56b158288
mlir/test/Target/LLVMIR/omptarget-debug-nowait.mlir	blob	100644	da33e5f4838d4e9d866790d473b6f6e266888ba3
mlir/test/Target/LLVMIR/omptarget-debug-record-pos.mlir	blob	100644	d725a533004f2f1940b904f75c526e6ef1c45404
mlir/test/Target/LLVMIR/omptarget-debug-reduc-fn-loc.mlir	blob	100644	0bac141bed4a0cb2529a748d5ec067cec626bbb5
mlir/test/Target/LLVMIR/omptarget-debug-runtime-call-loc.mlir	blob	100644	d78fd24488da45d687a5fbc18cf0a9523a014295
mlir/test/Target/LLVMIR/omptarget-debug-shared-alloc-loc.mlir	blob	100644	19f7fe573b4be3a2d9c43c93c023f94d4fcb2970
mlir/test/Target/LLVMIR/omptarget-debug-target-task.mlir	blob	100644	154ccef0d06065bca1c2ca5b6e9b32d2160a0520
mlir/test/Target/LLVMIR/omptarget-debug-var-1.mlir	blob	100644	4186434107813c31673c30b2d725b3adab4c5fb1
mlir/test/Target/LLVMIR/omptarget-debug-var-2.mlir	blob	100644	b74355caa8d25be5637d8a99d96641580322c865
mlir/test/Target/LLVMIR/omptarget-debug.mlir	blob	100644	d24732e92d3779a017d73abc6152c90e1128fc1c
mlir/test/Target/LLVMIR/omptarget-debug2.mlir	blob	100644	bd59bb7fc71f5f9b6fac62d70baeb37a6d59aa93
mlir/test/Target/LLVMIR/omptarget-declare-target-all-device-types-device.mlir	blob	100644	73ca99ef9483782341497a960a1e20bd8bf9bd0e
mlir/test/Target/LLVMIR/omptarget-declare-target-declaration.mlir	blob	100644	4dde5b9636683ec13ad6dbcb42eecf630d3f4a6e
mlir/test/Target/LLVMIR/omptarget-declare-target-func-visibility.mlir	blob	100644	fdbe2cf13d98dae083dbd73150fc7e5795c09fa1
mlir/test/Target/LLVMIR/omptarget-declare-target-llvm-device-2.mlir	blob	100644	0ab70b1003f9b58bfec07a14855a56978b95e638
mlir/test/Target/LLVMIR/omptarget-declare-target-llvm-device.mlir	blob	100644	e0540a530ed71e3c419e092a6ce7fbc9cad6804d
mlir/test/Target/LLVMIR/omptarget-declare-target-llvm-host.mlir	blob	100644	3e925e47453eb0d0deecdeccc8940917ea5d7ef1
mlir/test/Target/LLVMIR/omptarget-declare-target-module-rewrite-device.mlir	blob	100644	ab19b8eabe8d9b7f9b8d1e43b5b2866285b638c4
mlir/test/Target/LLVMIR/omptarget-declare-target-to-device.mlir	blob	100644	dfae4fd52567fea7b5796a489167060fce20fa71
mlir/test/Target/LLVMIR/omptarget-declare-target-to-host.mlir	blob	100644	cf0f332f45098307eeab8afd121d9bec4928f293
mlir/test/Target/LLVMIR/omptarget-depend-host-only.mlir	blob	100644	df9ec507ff1d0b2ffe12e4ff341ff5d7f49e42f1
mlir/test/Target/LLVMIR/omptarget-depend.mlir	blob	100644	0c4eb0dd0a6b023c8c74dfad0ace30a906679573
mlir/test/Target/LLVMIR/omptarget-device-shared-mem.mlir	blob	100644	3838ab7312cc6edda2ede8741ee45b0badd18efc
mlir/test/Target/LLVMIR/omptarget-device-shared-memory.mlir	blob	100644	e23d6b1bde526c156604470f74ce773c238b6223
mlir/test/Target/LLVMIR/omptarget-device.mlir	blob	100644	8ce40a6763f6b5da40f993cb0f738424df41279a
mlir/test/Target/LLVMIR/omptarget-fortran-common-block-host.mlir	blob	100644	fa7ce9c5f849f260ab228bae68d35d9cd830017b
mlir/test/Target/LLVMIR/omptarget-groupprivate.mlir	blob	100644	71834b8d50e825a115067c940a9d589e4f4906e4
mlir/test/Target/LLVMIR/omptarget-host-ref-semantics.mlir	blob	100644	76ab1ff96ed9bb0e2171f4cc5159ff5674f71f9f
mlir/test/Target/LLVMIR/omptarget-if-nowait.mlir	blob	100644	2b5e349aff2e2b04d3630a21ec1570b05ac5f0f2
mlir/test/Target/LLVMIR/omptarget-if.mlir	blob	100644	0614a6b9294aee79da8e3ae11d812fa61afd10f7
mlir/test/Target/LLVMIR/omptarget-llvm.mlir	blob	100644	2aaf916fa2978c62f307153c45549f0adb6ccaa7
mlir/test/Target/LLVMIR/omptarget-map-pointer-privatization.mlir	blob	100644	7adbabdb7c8acc3586b28f7081a45c8e49b84c95
mlir/test/Target/LLVMIR/omptarget-mapper-combined-entry.mlir	blob	100644	fbd6147c0a037567449d817019f2dcc6b62874de
mlir/test/Target/LLVMIR/omptarget-memcpy-align-metadata.mlir	blob	100644	c3b0f7b772508c0674fc56eae85e2823c5ece48b
mlir/test/Target/LLVMIR/omptarget-multi-block-reduction.mlir	blob	100644	67e6dc24a6df805bbc744f4635a01a70f49817f9
mlir/test/Target/LLVMIR/omptarget-multi-reduction.mlir	blob	100644	268c771651f6845921c998d8ba365915cfe97f59
mlir/test/Target/LLVMIR/omptarget-nested-ptr-record-type-mapping-host.mlir	blob	100644	82ed7872e29b0422e8189f8935eea27dd2cf4053
mlir/test/Target/LLVMIR/omptarget-nested-record-type-mapping-host.mlir	blob	100644	50073748f195e41fba8e7a5ad341b25fc6f279c2
mlir/test/Target/LLVMIR/omptarget-nowait-host-only.mlir	blob	100644	713601f4a371f54385398aca4c93cb04ce09497b
mlir/test/Target/LLVMIR/omptarget-nowait-llvm.mlir	blob	100644	5f729701e00392e2ec044d3ee6589be3b7333311
mlir/test/Target/LLVMIR/omptarget-nowait.mlir	blob	100644	39d5300552678c49e9f65cd88c164194fd29de43
mlir/test/Target/LLVMIR/omptarget-nullary-record-ptr-member-map.mlir	blob	100644	8036c7902eeb6fe02b67d816f80b371788ace84d
mlir/test/Target/LLVMIR/omptarget-overlapping-record-member-map.mlir	blob	100644	d5a806c2b12dac81fd0de6b006a3789d0108c88b
mlir/test/Target/LLVMIR/omptarget-parallel-llvm-debug.mlir	blob	100644	4977b5946528996de0eacd0e462d9ef6efdf29ce
mlir/test/Target/LLVMIR/omptarget-parallel-llvm.mlir	blob	100644	db220b222f6e18c5bfa5ae50faf4f04c044999cd
mlir/test/Target/LLVMIR/omptarget-parallel-wsloop.mlir	blob	100644	eca9117c096c8521a6faa2ab06ffbd7dcca871e1
mlir/test/Target/LLVMIR/omptarget-private-llvm.mlir	blob	100644	891df1b650146573583d0a14791d45db443649ef
mlir/test/Target/LLVMIR/omptarget-record-type-mapping-host.mlir	blob	100644	4df912e1284c73c4f744f9c6461d4ae8b99e8653
mlir/test/Target/LLVMIR/omptarget-record-type-with-ptr-member-host.mlir	blob	100644	c338761da39890d7e879ffd6d59b80df6da40c10
mlir/test/Target/LLVMIR/omptarget-region-device-llvm.mlir	blob	100644	04c372eaf185f6da083d16ea3c2dcfd2b0051674
mlir/test/Target/LLVMIR/omptarget-region-host-device-llvm.mlir	blob	100644	748b4b8affe2d2eac6220802c220e9d67b223a20
mlir/test/Target/LLVMIR/omptarget-region-host-only.mlir	blob	100644	c61d235e0146cd5e295440ec272e1b4bef16d2b3
mlir/test/Target/LLVMIR/omptarget-region-llvm.mlir	blob	100644	e40d7320279fa1d2f1dbd4411ab4aebed9fc9951
mlir/test/Target/LLVMIR/omptarget-region-parallel-llvm.mlir	blob	100644	a44ee6cc8c055cdf66dcae2b9ccc877d8ae0399a
mlir/test/Target/LLVMIR/omptarget-runtimecc.mlir	blob	100644	be68779a17141d7e93c2c5546265fe49cb0f1936
mlir/test/Target/LLVMIR/omptarget-target-cpu-features.mlir	blob	100644	f57bd38945aa090f43396d53bec72b52f9423f3d
mlir/test/Target/LLVMIR/omptarget-teams-distribute-reduction-array-descriptor.mlir	blob	100644	696b522234f3908cc0c76a84886e5fa7e52916f8
mlir/test/Target/LLVMIR/omptarget-teams-distribute-reduction.mlir	blob	100644	e59cba663a69d0d3f43f3060871254744d71f8da
mlir/test/Target/LLVMIR/omptarget-teams-llvm.mlir	blob	100644	c3db2e9c316581320f4aea8c79eb1b7c04eb7751
mlir/test/Target/LLVMIR/omptarget-teams-reduction.mlir	blob	100644	ef82f5c8b53f79c33b0cece2d72a0d2969c5b18e
mlir/test/Target/LLVMIR/omptarget-wsloop-collapsed.mlir	blob	100644	edcd304d6ea29214ef15274730ae258dfb48073a
mlir/test/Target/LLVMIR/omptarget-wsloop.mlir	blob	100644	acbb3ec9161132a46207a502fd99d2b12b9de237
mlir/test/Target/LLVMIR/omptargetdata-nowait-llvm.mlir	blob	100644	75356e0c00679569e781ffa93b7c0f3c09be00c5
mlir/test/Target/LLVMIR/omptask_if_false.mlir	blob	100644	7f71496b9a605319e456ccdaf3ddaa058ce34770
mlir/test/Target/LLVMIR/opaque-ptr.mlir	blob	100644	9d639a86cc889aa93044b1b03eb1cb97af8c2841
mlir/test/Target/LLVMIR/openmp-allocate-clause.mlir	blob	100644	8ae2ce9f4a183102ba1b8ed9b88249ca45383ee2
mlir/test/Target/LLVMIR/openmp-allocate-directive.mlir	blob	100644	b8a307f57cecaf1ec1b11d5a9185aaac56968869
mlir/test/Target/LLVMIR/openmp-atomic-compare-capture.mlir	blob	100644	22f559dc38776e8a6dfe367fabbef0546fc88901
mlir/test/Target/LLVMIR/openmp-barrier-cancel.mlir	blob	100644	6585549de7f96f4ca74ae13a2517c0160012c9cf
mlir/test/Target/LLVMIR/openmp-cancel-distribute-parallel-loop.mlir	blob	100644	13dcd7c5d8c0bd6d275df935578309dea979bf32
mlir/test/Target/LLVMIR/openmp-cancel.mlir	blob	100644	7712b02337b9f4f04efd16cd45da788250c10257
mlir/test/Target/LLVMIR/openmp-cancellation-point.mlir	blob	100644	c396aeacee90f49f7e00a28a275ce15036aaebc9
mlir/test/Target/LLVMIR/openmp-cli-canonical_loop.mlir	blob	100644	9abef003d6183241117c26fe1f57562b63ad01cc
mlir/test/Target/LLVMIR/openmp-cli-fuse01.mlir	blob	100644	0754572b24771d0a166dbaa3a6daa37c17ef9b19
mlir/test/Target/LLVMIR/openmp-cli-fuse02.mlir	blob	100644	298cf0c500353b0998a78e510da318ba8725dce2
mlir/test/Target/LLVMIR/openmp-cli-tile01.mlir	blob	100644	0d559b69a3ad1c3334fd0f62d5caafc528f3f709
mlir/test/Target/LLVMIR/openmp-cli-tile02.mlir	blob	100644	22c29731641595b3087742ec572cd577ca5fd0f8
mlir/test/Target/LLVMIR/openmp-cli-tile03.mlir	blob	100644	0747ff890936250b84fd7cccefe6e763f5f96657
mlir/test/Target/LLVMIR/openmp-cli-unroll-heuristic01.mlir	blob	100644	0f0448e15f983be001ddbef75a5ccd654ee82cbb
mlir/test/Target/LLVMIR/openmp-cli-unroll-heuristic02.mlir	blob	100644	f82b4990e378ec9717f9c55a1f68c31420034bfa
mlir/test/Target/LLVMIR/openmp-composite-simd-if.mlir	blob	100644	2f82bb68af8242894e3421ca6a87f5132105ca9d
mlir/test/Target/LLVMIR/openmp-data-target-device.mlir	blob	100644	3dd960784790c7421b826beae4dcb1f40d6d2533
mlir/test/Target/LLVMIR/openmp-dist_schedule.mlir	blob	100644	a0dd5560a15c417985ed2581e3a1d57bf1bc4306
mlir/test/Target/LLVMIR/openmp-dist_schedule_with_wsloop.mlir	blob	100644	90b937276e49b185c9e481aa4a11c260f4549a50
mlir/test/Target/LLVMIR/openmp-distribute-private.mlir	blob	100644	75e7714ec24fbb06d36e4742f0a0578aa5b1f81c
mlir/test/Target/LLVMIR/openmp-firstprivate.mlir	blob	100644	0358f713a324602fb57a524596b0de5d40f6c69d
mlir/test/Target/LLVMIR/openmp-integer-wrap-around.mlir	blob	100644	a2f42aa1f7bd92a45173ebd56825671e53da1b3f
mlir/test/Target/LLVMIR/openmp-interop-depend.mlir	blob	100644	59f4ad8685902ce48d59faab2da9462b33aa54b6
mlir/test/Target/LLVMIR/openmp-interop.mlir	blob	100644	7ef75ede3f414bf82df07754194a59b156a48e0e
mlir/test/Target/LLVMIR/openmp-iterator.mlir	blob	100644	7fdc6f15b031155ce33dbf6e36386e23b7cded23
mlir/test/Target/LLVMIR/openmp-llvm-invalid.mlir	blob	100644	f2a45c7ed7e32a50707a575197a09c0f718562e3
mlir/test/Target/LLVMIR/openmp-llvm.mlir	blob	100644	96b60d586baed8d4d23cddfe1b8a56c43207ed6f
mlir/test/Target/LLVMIR/openmp-nested-task-target-parallel.mlir	blob	100644	2869a40c0b2b749966f0f3668451ff3b1f8d7339
mlir/test/Target/LLVMIR/openmp-nested.mlir	blob	100644	cbb9d93f8b0147837340dce9cccd275a75568d85
mlir/test/Target/LLVMIR/openmp-nontemporal.mlir	blob	100644	5a2aac6c4f5c476343dc56f5fe9fc2fda51b2007
mlir/test/Target/LLVMIR/openmp-nsw-collapsed.mlir	blob	100644	3a801951c4be4d09a6a3b8d1cee3374261f66f84
mlir/test/Target/LLVMIR/openmp-omp.private-dealloc.mlir	blob	100644	97f4980b1782fb339e8f8c789b9ef2bddb03a9d4
mlir/test/Target/LLVMIR/openmp-outline-infinite-loop.mlir	blob	100644	fdc789c33d5f1a56381cbf7307484e816c394421
mlir/test/Target/LLVMIR/openmp-parallel-do-simd.mlir	blob	100644	70b5b4b0af0a80927f40d1262a8e90cdb5298dba
mlir/test/Target/LLVMIR/openmp-parallel-reduction-cleanup.mlir	blob	100644	81276732fa3a684adafae3a7fc2662d0811fe9f6
mlir/test/Target/LLVMIR/openmp-parallel-reduction-init.mlir	blob	100644	4a93ed39eb811a31b36c391c3c811534e37df072
mlir/test/Target/LLVMIR/openmp-parallel-reduction-multiblock.mlir	blob	100644	42000405e0558f8da31957fdd03e2914b4ffc32e
mlir/test/Target/LLVMIR/openmp-private-allloca-hoisting.mlir	blob	100644	45f341d965c14b79ba2624f9ceeb73775971d790
mlir/test/Target/LLVMIR/openmp-private-barrier-single.mlir	blob	100644	0c003db0903da8af6fa9005946214d9d2dbb57dc
mlir/test/Target/LLVMIR/openmp-private.mlir	blob	100644	f720835b8a8e438cbd83e334f92f3178dc11dd1f
mlir/test/Target/LLVMIR/openmp-reduction-array-sections.mlir	blob	100644	46f76ff28e7178797c26db62704d632f6e725814
mlir/test/Target/LLVMIR/openmp-reduction-barrier-debug-loc.mlir	blob	100644	dffbfc3e4a9a3b974703f74c8a9cea095a61e9b0
mlir/test/Target/LLVMIR/openmp-reduction-byref.mlir	blob	100644	cc7a52bcc41dd304f3394843bc9d747381aced2b
mlir/test/Target/LLVMIR/openmp-reduction-call.mlir	blob	100644	da240f4a6fff37f4766ad79d0861ee6a6dd85d71
mlir/test/Target/LLVMIR/openmp-reduction-debug-loc.mlir	blob	100644	aa366b5665a41a9624a6c12ce9dc89081300feb9
mlir/test/Target/LLVMIR/openmp-reduction-init-arg.mlir	blob	100644	d3be9ea2394c3a877cfe088dfb44b525683380a2
mlir/test/Target/LLVMIR/openmp-reduction-sections.mlir	blob	100644	c8394144708a1fb7db6596d4feacfa7649e92a74
mlir/test/Target/LLVMIR/openmp-reduction-task-modifier.mlir	blob	100644	386cc8ead158084efcb5bb0f17f5107a26e14e79
mlir/test/Target/LLVMIR/openmp-reduction.mlir	blob	100644	08473f243bcf1a60210cdfb30b80907797fc69d9
mlir/test/Target/LLVMIR/openmp-scope.mlir	blob	100644	cedd85cfa1b315cb5bf64b8c8c4f783752e4980b
mlir/test/Target/LLVMIR/openmp-simd-aligned.mlir	blob	100644	902548cb31d20aac61242a3f295fc9e2ca991ed1
mlir/test/Target/LLVMIR/openmp-simd-guided.mlir	blob	100644	e274918828af127ee9bab3239aac684d6cd12277
mlir/test/Target/LLVMIR/openmp-simd-linear.mlir	blob	100644	af31abb1de90f16732ef0069474e6fbc22fc89e1
mlir/test/Target/LLVMIR/openmp-simd-ordered.mlir	blob	100644	e7cd456c77119cf9018093a2e2f22a6643b81b4e
mlir/test/Target/LLVMIR/openmp-simd-private.mlir	blob	100644	935659924f062d90d94e154a10ebeb5141d3349e
mlir/test/Target/LLVMIR/openmp-simd-reduction-byref.mlir	blob	100644	0f2e20cc61aa79f7237d50e9e37a4f3ad8448201
mlir/test/Target/LLVMIR/openmp-simd-reduction-simple.mlir	blob	100644	865c489adbacedc96906765051c9f7360b5f3243
mlir/test/Target/LLVMIR/openmp-target-default-as.mlir	blob	100644	46604be4bc7eb13da4396e56dcdf5599c0634d25
mlir/test/Target/LLVMIR/openmp-target-dyn-groupprivate.mlir	blob	100644	42aea394061f032e10a4f73354f74af87b0db34b
mlir/test/Target/LLVMIR/openmp-target-generic-spmd.mlir	blob	100644	ffa66bf4fae706d98e6f4ffaa4e8f6dde0ef737a
mlir/test/Target/LLVMIR/openmp-target-has-device-addr.mlir	blob	100644	5093a82dee59030c02f4e0eee9b35e22b656591d
mlir/test/Target/LLVMIR/openmp-target-in-reduction-debug.mlir	blob	100644	3d6e62e1ba3faf7ed82e41d9bde08ebd34bef672
mlir/test/Target/LLVMIR/openmp-target-in-reduction-device.mlir	blob	100644	0e9611c27ddcc6a01685126dfedc2aa3574a1966
mlir/test/Target/LLVMIR/openmp-target-in-reduction-multi.mlir	blob	100644	c0df1a4e1d332dd2cd344817361d429e7ff2c9b0
mlir/test/Target/LLVMIR/openmp-target-in-reduction.mlir	blob	100644	5e52ee00efafae7956c8cabe27c2b211cc4ecff2
mlir/test/Target/LLVMIR/openmp-target-launch-device.mlir	blob	100644	e404d2bb02bcb7a3e1afa937d16582ae261e818f
mlir/test/Target/LLVMIR/openmp-target-launch-host.mlir	blob	100644	9521dbf9d8e5a00f543571b8a1e72d81203dcfca
mlir/test/Target/LLVMIR/openmp-target-multiple-private.mlir	blob	100644	733f0b776b97b18e9a052b8f088efe1b87f8754f
mlir/test/Target/LLVMIR/openmp-target-private-allocatable.mlir	blob	100644	b7f834a8be11c911f4be2ad05c9ed2e5a8d99dd3
mlir/test/Target/LLVMIR/openmp-target-private-shared-mem.mlir	blob	100644	775ae98ae0b51fea0c6386c800266798cde13f6e
mlir/test/Target/LLVMIR/openmp-target-private.mlir	blob	100644	c61d24afe9261188298849d7ed21dc94833e8aab
mlir/test/Target/LLVMIR/openmp-target-simd-on_device.mlir	blob	100644	387f2bd21a349bbbb298f20dc3e18c0f53770404
mlir/test/Target/LLVMIR/openmp-target-spmd-num-threads-i64.mlir	blob	100644	f191bc7b42da1117f52e24202aa75262defcad5e
mlir/test/Target/LLVMIR/openmp-target-spmd.mlir	blob	100644	190cd0ee48c99a66f55db71ad48551c349c10a8e
mlir/test/Target/LLVMIR/openmp-target-wsloop-private.mlir	blob	100644	359ae9a21d0ced410f98fedff7c0db5735e58e73
mlir/test/Target/LLVMIR/openmp-task-charbox.mlir	blob	100644	e84366c94b7f8612e14da5adf6c965ba96d7e3d6
mlir/test/Target/LLVMIR/openmp-task-depend-loc.mlir	blob	100644	2a6c5801a233a5a93b08ae6de61476598452da86
mlir/test/Target/LLVMIR/openmp-task-in-reduction.mlir	blob	100644	5735898d4782900839853f4604c9662d8fc0f8fc
mlir/test/Target/LLVMIR/openmp-task-no-context-struct.mlir	blob	100644	32ccac82966964886f031fb5b55b5bdfbe6d2ab7
mlir/test/Target/LLVMIR/openmp-task-privatization.mlir	blob	100644	a4e324695befa9c97e4913f0908548208642b58f
mlir/test/Target/LLVMIR/openmp-task-threadset.mlir	blob	100644	26aa1fb8ae0f25b8e06ae3071078ca5fff4053f5
mlir/test/Target/LLVMIR/openmp-taskgroup-task-reduction.mlir	blob	100644	6947cba01fb065a08325e7cdf4d24683714d4ccd
mlir/test/Target/LLVMIR/openmp-taskloop-bounds-cast.mlir	blob	100644	f32dfe2dcd1dc4e7d8085e22e30a911dbd796435
mlir/test/Target/LLVMIR/openmp-taskloop-cancel.mlir	blob	100644	a13880512f3f8617228a3250d98470ef4aeec51c
mlir/test/Target/LLVMIR/openmp-taskloop-cancellation-point.mlir	blob	100644	c08b66d561891c517b7b51b02dd36e2c8253734b
mlir/test/Target/LLVMIR/openmp-taskloop-charbox.mlir	blob	100644	2c5ed2ce1c33d89062c5403c964509c76dfb0f13
mlir/test/Target/LLVMIR/openmp-taskloop-collapse.mlir	blob	100644	aa02df28cd947a3287d3908a97bca83c18c7a506
mlir/test/Target/LLVMIR/openmp-taskloop-context-alloca.mlir	blob	100644	6b80698292911d459146bdfeb6f1d1f6f2784397
mlir/test/Target/LLVMIR/openmp-taskloop-final.mlir	blob	100644	875ab566d392e368e9d5a4e8bcffd555128a1b7c
mlir/test/Target/LLVMIR/openmp-taskloop-grainsize.mlir	blob	100644	de15c7e7052ae3d17b6f38c929c5dabf847201d8
mlir/test/Target/LLVMIR/openmp-taskloop-if.mlir	blob	100644	9ca692abafdd2e3b5a60ded9d2d7914f63888ee9
mlir/test/Target/LLVMIR/openmp-taskloop-local-bounds.mlir	blob	100644	5791be8888767558aee38a47403af81621c138fc
mlir/test/Target/LLVMIR/openmp-taskloop-mergeable.mlir	blob	100644	339e7aa865319449e234c70457e8a4a03b273260
mlir/test/Target/LLVMIR/openmp-taskloop-no-context-struct.mlir	blob	100644	6aa7e936973fb286ee981cd1e4b02999997daaea
mlir/test/Target/LLVMIR/openmp-taskloop-nogroup.mlir	blob	100644	11ac7f8a9075e252ba79ed9f5e247acf0cde6fd8
mlir/test/Target/LLVMIR/openmp-taskloop-num_tasks.mlir	blob	100644	fd11bbf55dd6c86139a923d57180076c09230b6e
mlir/test/Target/LLVMIR/openmp-taskloop-outer-bounds.mlir	blob	100644	f24c40eb4b3ab2fe336b379f6c72370a58e84f68
mlir/test/Target/LLVMIR/openmp-taskloop-priority.mlir	blob	100644	b283948058606892e7132136cc64e5bc3d9b1fa5
mlir/test/Target/LLVMIR/openmp-taskloop-reduction.mlir	blob	100644	23eec73ad9b34bc1cf43f416730194190453d90e
mlir/test/Target/LLVMIR/openmp-taskloop-threadset.mlir	blob	100644	332fee75ecdb661c09d576709826552678633129
mlir/test/Target/LLVMIR/openmp-taskloop-untied.mlir	blob	100644	089b73a564796a54d5af60a2e222850f0aab59ed
mlir/test/Target/LLVMIR/openmp-taskloop.mlir	blob	100644	be83ef88cec9751816a430ef71dfa77ed316e5fc
mlir/test/Target/LLVMIR/openmp-taskwait-depend.mlir	blob	100644	fd29efeca3b9f3ab1d7b1d2e4e7b86cfa2193c37
mlir/test/Target/LLVMIR/openmp-teams-clauses-trunc-ext.mlir	blob	100644	f13781960ebeb237619a74440825e78f6a8298af
mlir/test/Target/LLVMIR/openmp-teams-distribute-parallel-do-simd.mlir	blob	100644	553d56034d2c19c2c894ab3395878cfd0575a193
mlir/test/Target/LLVMIR/openmp-teams-distribute-reduction.mlir	blob	100644	066d40a020a2ba8f16b244e332be918d705be8e7
mlir/test/Target/LLVMIR/openmp-teams-reduction.mlir	blob	100644	45f0969d04ea2d16cab63648347be782b16d0ff8
mlir/test/Target/LLVMIR/openmp-teams.mlir	blob	100644	a7bc92f8b99b9ec8ed5d3929e33f7f756f1f7e21
mlir/test/Target/LLVMIR/openmp-todo.mlir	blob	100644	635665c653f8d6a328edaadb5605ae66ae7f29d4
mlir/test/Target/LLVMIR/openmp-unroll-full01.mlir	blob	100644	5d944da49c46708277957b7af639e452269e38ce
mlir/test/Target/LLVMIR/openmp-unroll-full02.mlir	blob	100644	1399c06453cae8e4fb4e9a3bb438cb9b035c0c01
mlir/test/Target/LLVMIR/openmp-unroll-partial01.mlir	blob	100644	b9938afea0c3070198c447a77f2cd098318f98b6
mlir/test/Target/LLVMIR/openmp-unroll-partial02.mlir	blob	100644	a62bc499255dbca2ac8fffa4bbaf706d6f9a5b66
mlir/test/Target/LLVMIR/openmp-wsloop-linear.mlir	blob	100644	503800c9d1a8fa1ca18aaf60e9c43b8ab029dff8
mlir/test/Target/LLVMIR/openmp-wsloop-private-cond_br.mlir	blob	100644	ea7706365b761077133e974ca0231e009ec5a7e2
mlir/test/Target/LLVMIR/openmp-wsloop-private.mlir	blob	100644	0cb7e57663f5702d1d09ec42598606b335f4280c
mlir/test/Target/LLVMIR/openmp-wsloop-reduction-cleanup.mlir	blob	100644	7dde3846da6495a2b9ae5a38cedcb89379853880
mlir/test/Target/LLVMIR/openmp-wsloop-simd-ordered.mlir	blob	100644	a31b05840a7df2e7599c8d7389e4c24fa4f560e1
mlir/test/Target/LLVMIR/openmp-wsloop-test-block-structure.mlir	blob	100644	01a9e81deac9506ddc006065773219d84426a485
mlir/test/Target/LLVMIR/prefer-vector-width.mlir	blob	100644	7410e8139fd31eee9cd4ea69c64c39ef0aa5ba47
mlir/test/Target/LLVMIR/ptr.mlir	blob	100644	94b662877263471451568262073a031db4a3155c
mlir/test/Target/LLVMIR/rocdl-invalid.mlir	blob	100644	3a3cff5f6226a7bb59d34e36a920965ba55cf73f
mlir/test/Target/LLVMIR/rocdl-module-flags.mlir	blob	100644	2f67770190b13b08f1a30f6a9ce0bf028f710e96
mlir/test/Target/LLVMIR/rocdl.mlir	blob	100644	b4a94cef770facd94c2045b52d522033cbd7d0c3
mlir/test/Target/LLVMIR/target-cpu.mlir	blob	100644	80f8172143259a4caab77efc4cb4813ef0ca99d2
mlir/test/Target/LLVMIR/target-ext-type.mlir	blob	100644	48a47e2045578c6e557de06a9a891c806914d011
mlir/test/Target/LLVMIR/target-features.mlir	blob	100644	7a69a2c78897809ef25b77d2f81c1fb5a230a9f2
mlir/test/Target/LLVMIR/target-to-data-layout-and-target-features.mlir	blob	100644	b6b297686054161386df03470e8b06fa15193516
mlir/test/Target/LLVMIR/target-to-data-layout-invalid.mlir	blob	100644	c0ff53457d17ee7ede339311b7c73cb812a18cb8
mlir/test/Target/LLVMIR/target-to-data-layout-no-init.mlir	blob	100644	2a9e9783eacb12dcb57baab9e7984336770bd5c3
mlir/test/Target/LLVMIR/target-to-target-features-dlti-query.mlir	blob	100644	9a1f49b0bca80025e462edd610334366421e5f8b
mlir/test/Target/LLVMIR/test.mlir	blob	100644	0ab1b7267d95989175056c82ffad32996ae26a67
mlir/test/Target/LLVMIR/tune-cpu.mlir	blob	100644	c7969f5eb4db03b576627516017d2981daaedfd2
mlir/test/Target/LLVMIR/use-sample-profile.mlir	blob	100644	646187ab47b362270b0cf13fa7dbd7e59e1c515d
mlir/test/Target/LLVMIR/uwtable.mlir	blob	100644	bd9a208ea75bb55ee2950ea01586a19bca7aab57
mlir/test/Target/LLVMIR/vcix-rv32.mlir	blob	100644	e70247235fef6335ca18e6caee5e5acb7c6c91cd
mlir/test/Target/LLVMIR/vcix-rv64.mlir	blob	100644	47215cd44893e64922ea2000a106aa7d8b04b6f2
mlir/test/Target/LLVMIR/vector-to-llvm-ir.mlir	blob	100644	9f3eeb569060c871bb3067310212d329af28c8b6
mlir/test/Target/LLVMIR/vscale.mlir	blob	100644	644cde73ca896774deeab94236f9cc581da6c6a1
mlir/test/Target/LLVMIR/x86.mlir	blob	100644	d4e393bb9a45b07313bb00509f0c62759ffeaa2a
mlir/test/Target/LLVMIR/xevm.mlir	blob	100644	7847113786789ff7c9987f1c888321118575a4e3
mlir/test/Target/SMTLIB/array.mlir	blob	100644	6d289eff1ea3d266db84c265280cb93e4f9159ce
mlir/test/Target/SMTLIB/attributes.mlir	blob	100644	2f534497d0afaddc261c22598be5809ecffc7cfb
mlir/test/Target/SMTLIB/bitvector-errors.mlir	blob	100644	ae403b0b59369c5c4a4f515c84afbfb295a5bd86
mlir/test/Target/SMTLIB/bitvector.mlir	blob	100644	c58992769d9b135dc10ab10c46e88143af2a9909
mlir/test/Target/SMTLIB/core-errors.mlir	blob	100644	691b4380da4d9b109203c06f409b81b2ca87f3cb
mlir/test/Target/SMTLIB/core.mlir	blob	100644	6506e17002bbeb64da486ccfc20035f7d19e5e46
mlir/test/Target/SMTLIB/integer-errors.mlir	blob	100644	4dc5f48f4fe5b947dbd6ca416c9d1ecbffdb7365
mlir/test/Target/SMTLIB/integer.mlir	blob	100644	aa8399aeb4ece0a0d2a73aa3d97804004d714ce9
mlir/test/Target/SPIRV/arithmetic-ops.mlir	blob	100644	3b4c48f8b7b98ade830f944cd9a743fea43c3886
mlir/test/Target/SPIRV/arm-tensor-constant.mlir	blob	100644	7fb8af190438830281e74d64d2cb40e93180bac2
mlir/test/Target/SPIRV/array-two-step-roundtrip.mlir	blob	100644	203b8589c9ad5273426c57bb5cdfd82eee942082
mlir/test/Target/SPIRV/array.mlir	blob	100644	095f744379e011f2a9b807bb229cfe8b693e1a4b
mlir/test/Target/SPIRV/atomic-ops.mlir	blob	100644	aecc60cbbc71f849938a4b268ad4a741716108fb
mlir/test/Target/SPIRV/barrier-ops.mlir	blob	100644	f23083032abc2186d5599d2412a4439937fde601
mlir/test/Target/SPIRV/bit-ops.mlir	blob	100644	3be4091580798258e3f644f93854863aee6ce05c
mlir/test/Target/SPIRV/cast-ops.mlir	blob	100644	317264d37b8c801152f8bcff6027313a9e16519c
mlir/test/Target/SPIRV/composite-op.mlir	blob	100644	014cca42a1b8f2c1fafa63ccdacc453d3c44f3a3
mlir/test/Target/SPIRV/consecutive-selection.spvasm	blob	100644	37520586d041bfd2e51c6860745862f43b20d1ce
mlir/test/Target/SPIRV/constant.mlir	blob	100644	816a6271759a55bbebf524d083aa43b3dbcc52e5
mlir/test/Target/SPIRV/debug.mlir	blob	100644	44ada56d2de5502eb394e949fa376773786da1d0
mlir/test/Target/SPIRV/decorations-id.mlir	blob	100644	9a54e49a08ba8d0979a0acaeaca4f33b6c93a29a
mlir/test/Target/SPIRV/decorations-intel-cache-controls.mlir	blob	100644	62d15de5ab03cb4f44b10933d9feb0a50b1c63f4
mlir/test/Target/SPIRV/decorations.mlir	blob	100644	bbbe02b598244c7e142f1bfdd223d426e3893596
mlir/test/Target/SPIRV/entry-point.mlir	blob	100644	a7ec5290151ef482e6f4c3dd30c65ea1e450505b
mlir/test/Target/SPIRV/execution-mode-id.mlir	blob	100644	f5975655fcda3e978f84531dc5d13f3810d9b133
mlir/test/Target/SPIRV/execution-mode.mlir	blob	100644	2178a8a77a22571e946f6dbd8bbb5cb5ecfb93b1
mlir/test/Target/SPIRV/expect-assume-ops.mlir	blob	100644	e742835462227f609b8e0885abd5e6779d201895
mlir/test/Target/SPIRV/experimental-ml-ops.mlir	blob	100644	5876f7339c330d7315f6149196afe3fafd34648e
mlir/test/Target/SPIRV/function-call.mlir	blob	100644	2e94ded3401cebe71098bfd57f593b85572efcfc
mlir/test/Target/SPIRV/function-decorations.mlir	blob	100644	a47b39b0b933977857b368f9a1056c6c05b74daf
mlir/test/Target/SPIRV/gl-ops.mlir	blob	100644	384aed540296bdd16d563a9eb0a19e1af6f35512
mlir/test/Target/SPIRV/global-variable.mlir	blob	100644	a425412989a83f73bc17cda8b95470d9702722ad
mlir/test/Target/SPIRV/graph-debug-info-negative.mlir	blob	100644	b6696edf81f1b5c3be5cb2b0aba84bd390246d01
mlir/test/Target/SPIRV/graph-debug-info.mlir	blob	100644	471f2d0f4994fc015830f4095c994acf12fb6578
mlir/test/Target/SPIRV/graph-ops.mlir	blob	100644	5bc7e532dc789344eacc709f0ab6a6d36b7ecf5e
mlir/test/Target/SPIRV/group-ops.mlir	blob	100644	6f19b3553dd376493535421a70a295e012cb4a94
mlir/test/Target/SPIRV/image-ops.mlir	blob	100644	b664561ce9b01f69edb286a7022442a059a00cf9
mlir/test/Target/SPIRV/image.mlir	blob	100644	ac3dfc3856426b1c349b8190c9dedbea9f2faf1f
mlir/test/Target/SPIRV/intel-ext-ops.mlir	blob	100644	b6c42747f5b68a35b18421376021e0f5c39dab29
mlir/test/Target/SPIRV/invalid-module.mlir	blob	100644	eb1b0bc43ebc9bde14baf359f224ee272184ef70
mlir/test/Target/SPIRV/khr-cooperative-matrix-ops.mlir	blob	100644	26fa075df385265c02703a64629a21088adb856f
mlir/test/Target/SPIRV/linkage-types.mlir	blob	100644	c2cc1029f2e8de0aff9c09a6df0f7ba0cc3c294d
mlir/test/Target/SPIRV/lit.local.cfg	blob	100644	9d158cf82b5be1d3fd8fa1b7b8c28ebd6da813ad
mlir/test/Target/SPIRV/logical-ops.mlir	blob	100644	fb3557c8300501bf583faa0051a5f7f99021f94c
mlir/test/Target/SPIRV/loop.mlir	blob	100644	b9a4295a04e7c3970d2cbcb8056ad254c2bf7d5d
mlir/test/Target/SPIRV/matrix.mlir	blob	100644	61b196a10e6449680736a1a916ee946275891f46
mlir/test/Target/SPIRV/memory-ops.mlir	blob	100644	91c5ccdf784645425fb12a7365aec2684f9795c4
mlir/test/Target/SPIRV/mesh-ops.mlir	blob	100644	e282f8916d4da473bd15e54c41aebea6eb808aff
mlir/test/Target/SPIRV/mlir-translate.mlir	blob	100644	b1966feeb457ecc731212d109df44cd8a620d95f
mlir/test/Target/SPIRV/module.mlir	blob	100644	fb4d9bcfaabd72a7368c789afa99f01fc7bab0fb
mlir/test/Target/SPIRV/non-uniform-ops.mlir	blob	100644	1e2b2633bd3eb655637b0dcb0f09703e971c845a
mlir/test/Target/SPIRV/ocl-ops.mlir	blob	100644	3359dfd4f04280f9758b3644341ea71be77b7f49
mlir/test/Target/SPIRV/phi.mlir	blob	100644	92a3387c2f8d464d79d34068644e8acd169322db
mlir/test/Target/SPIRV/physical-storage-buffer.mlir	blob	100644	2e724e837d909c135bd7bdcfe84acc6eca190f93
mlir/test/Target/SPIRV/primitive-ops.mlir	blob	100644	112acf4d7e4ac876ef7179da1058cfabce75da68
mlir/test/Target/SPIRV/replicated-composite-tosa-attr.spvasm	blob	100644	ec1d0767021164e2c2ab89a5c7851790c8c84946
mlir/test/Target/SPIRV/replicated-composites-constant.mlir	blob	100644	02a252f346fae004db140271db4c9852cda3445f
mlir/test/Target/SPIRV/sampled-image.mlir	blob	100644	4f6f3256acbac5ef1a1c56b0e505b882d818917e
mlir/test/Target/SPIRV/selection.mlir	blob	100644	317c951f2ba8d93697ea8b009e3694db43346d24
mlir/test/Target/SPIRV/selection.spvasm	blob	100644	9642d0a44fb599d6723119a2b2d27ceb28b51946
mlir/test/Target/SPIRV/selection_switch.spvasm	blob	100644	81fecf307eb7a03ac3c68786c35839b8bd511f00
mlir/test/Target/SPIRV/spec-constant.mlir	blob	100644	d476c247b2873d3e6573932c40875096c7786820
mlir/test/Target/SPIRV/struct.mlir	blob	100644	bd039ff565588258acf88a11d97995857e606364
mlir/test/Target/SPIRV/subgroup-block-intel.mlir	blob	100644	14060e632fffd527e2b20c2a380f537b1bf42d8d
mlir/test/Target/SPIRV/tensorARM.mlir	blob	100644	65a0fe62e8c8606fd2ecaeb283549236b3bb452c
mlir/test/Target/SPIRV/terminator.mlir	blob	100644	8e5b043800a2c946d49671afbc74e736d9db49bf
mlir/test/Target/SPIRV/tosa-ops.mlir	blob	100644	7c4c9c6816f4cf908902d8096adf5d26a3cafb8f
mlir/test/Target/SPIRV/undef.mlir	blob	100644	08ac1ff45efef7980ea47d34388ce53cd245a20a
mlir/test/Target/Wasm/abs.mlir	blob	100644	fe3602a521698cead582ee0c0f0279474d4a97de
mlir/test/Target/Wasm/add_div.mlir	blob	100644	015726d9fe81c079367a7bfe353b22883d94f423
mlir/test/Target/Wasm/and.mlir	blob	100644	323d41a522babee94a524430cb245af3c496e7fc
mlir/test/Target/Wasm/bad_wasm_version.yaml	blob	100644	f834afbef679d0b6c4cc244eeba7878633832bb4
mlir/test/Target/Wasm/block.mlir	blob	100644	c85fc1e12d647c837de9dcf29b5b9bcffedbf010
mlir/test/Target/Wasm/block_complete_type.mlir	blob	100644	67df1983687efe0c249e2ece8229051f7afa1ce2
mlir/test/Target/Wasm/block_value_type.mlir	blob	100644	fa30f082749563f0fafacaf95f2f15dccb34d044
mlir/test/Target/Wasm/branch_if.mlir	blob	100644	c91ff3755547849949c45eb734e7d28cd6f49391
mlir/test/Target/Wasm/call.mlir	blob	100644	c0169aa2387941acf1b3f8458c5085fd7c50bbd4
mlir/test/Target/Wasm/clz.mlir	blob	100644	858c09da6d8df90e65795e959b3a6f2431b13d6e
mlir/test/Target/Wasm/comparison_ops.mlir	blob	100644	91e3a6a0f6fc84e1b386311423235a90f7ade38c
mlir/test/Target/Wasm/const.mlir	blob	100644	adb792a70e3fe43f5427c6a147a3dbc13d81f460
mlir/test/Target/Wasm/convert.mlir	blob	100644	ddc29a798af287b2c8a5c53ffaba113d53bf28c4
mlir/test/Target/Wasm/copysign.mlir	blob	100644	90c5b119e9265377b051d43676cb8793f390f9ee
mlir/test/Target/Wasm/ctz.mlir	blob	100644	9e7cc5ef93e910864096cafd4614f1d31871649a
mlir/test/Target/Wasm/demote.mlir	blob	100644	3d2bc05b1760932698f973e155dac623cb4a3eff
mlir/test/Target/Wasm/div.mlir	blob	100644	4967d96971f2a644b74989aea4029716c648bdc8
mlir/test/Target/Wasm/double_nested_loop.mlir	blob	100644	8b3e4997e63e18cb030d8d4603369d57af5e0cd4
mlir/test/Target/Wasm/empty_blocks_list_and_stack.mlir	blob	100644	5c98f1a2676c7e97e5738e25f6bb5d0223a6c925
mlir/test/Target/Wasm/eq.mlir	blob	100644	ba3ae2f759c2fed45862a0e55d9958827cb04b23
mlir/test/Target/Wasm/eqz.mlir	blob	100644	55cf94adc92e0052447b01aa9296b08ecce0f959
mlir/test/Target/Wasm/extend.mlir	blob	100644	5d4446ac62c8147c2f501898916bb0377c187c43
mlir/test/Target/Wasm/function_export_out_of_scope.yaml	blob	100644	b08c2c87abdb36bbc43629cd55c36e09f31bcf78
mlir/test/Target/Wasm/global.mlir	blob	100644	1e4fe44742de711278e44832794bc1acfc689626
mlir/test/Target/Wasm/if.mlir	blob	100644	2d7bfbed6f754a9f5dbe1dc85beb6879f4776d70
mlir/test/Target/Wasm/import.mlir	blob	100644	65df468819f8d4c696dabf996db987d1a059ced1
mlir/test/Target/Wasm/inputs/abs.yaml.wasm	blob	100644	1cb6d21b2fdd4eebd8b0cf5aa864c19cc0365e42
mlir/test/Target/Wasm/inputs/add_div.yaml.wasm	blob	100644	865c31581a82f281a4699863ff5bb43f9eac39e1
mlir/test/Target/Wasm/inputs/and.yaml.wasm	blob	100644	926445b76108038b22645bd7cae4d83e0a43a377
mlir/test/Target/Wasm/inputs/block.yaml.wasm	blob	100644	dd5118a119fa213720ef6b73a5c4f4a7b397503a
mlir/test/Target/Wasm/inputs/block_complete_type.yaml.wasm	blob	100644	7a125bfa06d59a19671ca540c05b0e247b21b7e8
mlir/test/Target/Wasm/inputs/block_value_type.yaml.wasm	blob	100644	4ba291d6ac7a5c56fe5efe76eb243df127e18dc7
mlir/test/Target/Wasm/inputs/branch_if.yaml.wasm	blob	100644	40536ed3a87236453d3c5aab75f003990edeeefd
mlir/test/Target/Wasm/inputs/call.yaml.wasm	blob	100644	535a623edc6da27b8ee066e6f2c4143f54db5b75
mlir/test/Target/Wasm/inputs/clz.yaml.wasm	blob	100644	f537bdb359241454f2103d86bcea194468d02627
mlir/test/Target/Wasm/inputs/comparison_ops.yaml.wasm	blob	100644	cde9ee13e7f1f1e11e301ba4e4fb06537bb7bb33
mlir/test/Target/Wasm/inputs/const.yaml.wasm	blob	100644	be8f88e2f3be4d417e84eea8322c706d3a4c7da5
mlir/test/Target/Wasm/inputs/convert.yaml.wasm	blob	100644	c346a751bf93a6ce7ea973de32af716818553c9c
mlir/test/Target/Wasm/inputs/copysign.yaml.wasm	blob	100644	46c04124ac84a75d138274a8b6a02e7cd406fc02
mlir/test/Target/Wasm/inputs/ctz.yaml.wasm	blob	100644	51400852d3dcedf63c9ccfdea13654350b46b2e7
mlir/test/Target/Wasm/inputs/demote.yaml.wasm	blob	100644	3997045cd831554ebf9bab53aa377d6cb3322ba0
mlir/test/Target/Wasm/inputs/div.yaml.wasm	blob	100644	648e10c15cbedac11b83316dee04ec2e9abf30c1
mlir/test/Target/Wasm/inputs/double_nested_loop.yaml.wasm	blob	100644	41a2944249eba99d80b3ac375eea30270bc831cb
mlir/test/Target/Wasm/inputs/empty_blocks_list_and_stack.yaml.wasm	blob	100644	3171409dff95402ed39ae279a9f00c0ff239a2a9
mlir/test/Target/Wasm/inputs/eq.yaml.wasm	blob	100644	19983695c6854bce05690afd9f483fa69e746a49
mlir/test/Target/Wasm/inputs/eqz.yaml.wasm	blob	100644	894ac50a8dc9797428c4ecb9b82cd2847d2d5f3e
mlir/test/Target/Wasm/inputs/extend.yaml.wasm	blob	100644	7e872ba0b82964cf94824034e655872c16d8157d
mlir/test/Target/Wasm/inputs/global.yaml.wasm	blob	100644	4bbb434c0c51a6804a68d494b713edd5980265e5
mlir/test/Target/Wasm/inputs/if.yaml.wasm	blob	100644	ccc38f676e2e4e621d60676274e5f2c10356138f
mlir/test/Target/Wasm/inputs/import.yaml.wasm	blob	100644	7c467ff6fbc678033d2c76d6db7dfa6bbe9a0496
mlir/test/Target/Wasm/inputs/local.yaml.wasm	blob	100644	3e937f3e7402a866c8bf26e5a93d3caac745d9e5
mlir/test/Target/Wasm/inputs/loop.yaml.wasm	blob	100644	9d33894bfea5042b7eef2ce8029a82f1ebe819db
mlir/test/Target/Wasm/inputs/loop_with_inst.yaml.wasm	blob	100644	4b8cc545fe0e0f2ac7aec6347de2b9850060ca6b
mlir/test/Target/Wasm/inputs/max.yaml.wasm	blob	100644	fc04b019fe34ca4b3dae1af270c38c51015b59c7
mlir/test/Target/Wasm/inputs/memory_min_eq_max.yaml.wasm	blob	100644	f3edf5f2d0cc2fecae52e702f3a49c804b3976f7
mlir/test/Target/Wasm/inputs/memory_min_max.yaml.wasm	blob	100644	fe70fb686df378e7899f91ef9804e397c5ecfd3e
mlir/test/Target/Wasm/inputs/memory_min_no_max.yaml.wasm	blob	100644	8508ce38251a3e406533a1fd93dcb52d36408644
mlir/test/Target/Wasm/inputs/min.yaml.wasm	blob	100644	925a5e96b43c9bdd18f5b3e0f9537f6c0aa6003c
mlir/test/Target/Wasm/inputs/ne.yaml.wasm	blob	100644	0167519b27459c1a3da89a2385b2afd13e5b70bd
mlir/test/Target/Wasm/inputs/nearest.yaml.wasm	blob	100644	97b99530289a8793d50a344be0d1adcf75c169cc
mlir/test/Target/Wasm/inputs/neg.yaml.wasm	blob	100644	8392a2bf9a5fb48708f5be8fa22bff3e2ccdc217
mlir/test/Target/Wasm/inputs/or.yaml.wasm	blob	100644	9528ce8b3f9118c44598ca5b3f0544e528112d06
mlir/test/Target/Wasm/inputs/popcnt.yaml.wasm	blob	100644	03c57ad0841b943bab267277fe5cfba19c4edeef
mlir/test/Target/Wasm/inputs/promote.yaml.wasm	blob	100644	d38603e65dedaf0e910603f4ab74c59aae539d16
mlir/test/Target/Wasm/inputs/reinterpret.yaml.wasm	blob	100644	c01c1b10c3109f5b347d39bd64ca1d985bc6b55a
mlir/test/Target/Wasm/inputs/rem.yaml.wasm	blob	100644	468a9db6f05aed7c9a8e83555113a8ceadc138da
mlir/test/Target/Wasm/inputs/rotl.yaml.wasm	blob	100644	87466cb16393ff0294fe529bd76cef2b8b0fbd64
mlir/test/Target/Wasm/inputs/rotr.yaml.wasm	blob	100644	805a93fd55a8cc46429bfc344236a949b7966b70
mlir/test/Target/Wasm/inputs/rounding.yaml.wasm	blob	100644	c6e8bf6d24f96d2b2519e588cda634f6e471b5f2
mlir/test/Target/Wasm/inputs/shl.yaml.wasm	blob	100644	d07605e5994838c7db96d3abd50546a53d2cacc5
mlir/test/Target/Wasm/inputs/shr_s.yaml.wasm	blob	100644	d5d8013a2f743464c52ee63805d7b304ee3126e7
mlir/test/Target/Wasm/inputs/shr_u.yaml.wasm	blob	100644	cd815144432f7ef078dbf0c35c7ff0c3e82394be
mlir/test/Target/Wasm/inputs/sqrt.yaml.wasm	blob	100644	f8ab84be9255f480ea56c09209a6a927330f4a5b
mlir/test/Target/Wasm/inputs/stats.yaml.wasm	blob	100644	bf577688b3aed54adcff0e8bb5cc023283162057
mlir/test/Target/Wasm/inputs/sub.yaml.wasm	blob	100644	95b6bcc1d90217b1464a382d3184068289cdee8c
mlir/test/Target/Wasm/inputs/table.yaml.wasm	blob	100644	387f41820524f8823c0c80c1cff6f7acbb39f956
mlir/test/Target/Wasm/inputs/trunc_sat.yaml.wasm	blob	100644	e145072abb98a0ab65cd4d90fc32c11a7a2be99d
mlir/test/Target/Wasm/inputs/trunc_si.yaml.wasm	blob	100644	590122675aa1ff1f7d081ac8bb455cdd6208689b
mlir/test/Target/Wasm/inputs/trunc_ui.yaml.wasm	blob	100644	492b06d3dac958288c5f1e1fbedbfcaf72b6e40c
mlir/test/Target/Wasm/inputs/wrap.yaml.wasm	blob	100644	51c0b027e71583d2bf964ba0ea06b5199871e524
mlir/test/Target/Wasm/inputs/xor.yaml.wasm	blob	100644	45079c3b4fed3465d3fe8aa6991ff8ffa8a5f29c
mlir/test/Target/Wasm/invalid_block_type_index.yaml	blob	100644	5b83e2e32c8a2f5978175546bf7b22ca9518fb2c
mlir/test/Target/Wasm/invalid_function_type_index.yaml	blob	100644	2d2954aa32dda40d2fb1dcdf99a8dc19306d6648
mlir/test/Target/Wasm/local.mlir	blob	100644	9844f9c64a21220bbffa337d4e6ef57fd912d13b
mlir/test/Target/Wasm/loop.mlir	blob	100644	29ad5026772b89fc28c0ad5c10681ebab7f335e4
mlir/test/Target/Wasm/loop_with_inst.mlir	blob	100644	311d007226516dcf640b98cf5d338887f2d70d90
mlir/test/Target/Wasm/max.mlir	blob	100644	9160bde7779bb02cbf6b2680e229c29908238dcf
mlir/test/Target/Wasm/memory_min_eq_max.mlir	blob	100644	ea8f71948200f1851a2e431c3ec34dd2fba08dd5
mlir/test/Target/Wasm/memory_min_max.mlir	blob	100644	88782eca2b96c7d148891bb99536db9d34587874
mlir/test/Target/Wasm/memory_min_no_max.mlir	blob	100644	c10c5ccef3b6d9466305022deb3d78eaf90ad414
mlir/test/Target/Wasm/min.mlir	blob	100644	2372bcc8d25b6dead614a7ae3249e909f8b29294
mlir/test/Target/Wasm/missing_header.yaml	blob	100644	a9f812e0a77f84d5757f059140f315cc31eef9f7
mlir/test/Target/Wasm/ne.mlir	blob	100644	331df757f193433179ac1cbac3346c69cef6f8f0
mlir/test/Target/Wasm/nearest.mlir	blob	100644	9acd1c4569ebbdb3f14c2799ddc11668b16c1080
mlir/test/Target/Wasm/neg.mlir	blob	100644	dae8ee58767fc6912f31f80178480981c82caa21
mlir/test/Target/Wasm/or.mlir	blob	100644	be0b3d7c89173b5b926209a871365b314f73ece1
mlir/test/Target/Wasm/popcnt.mlir	blob	100644	bfaa8ebaee996757afe3b58b8d7b3112cbec6d7b
mlir/test/Target/Wasm/promote.mlir	blob	100644	44c31b60548a21b64ad8bf4208e599b8cac6780c
mlir/test/Target/Wasm/reinterpret.mlir	blob	100644	574d13f8d3f452db1da066113aa6164268ed2d84
mlir/test/Target/Wasm/rem.mlir	blob	100644	16c9c78d04e007d3b66a24b32daeaaee369d972d
mlir/test/Target/Wasm/rotl.mlir	blob	100644	4c2e5af22c47710afcc3d6177b301fd1f492b078
mlir/test/Target/Wasm/rotr.mlir	blob	100644	ec403d0e36e4d5d3f8fad43a20ab6b83032f349e
mlir/test/Target/Wasm/rounding.mlir	blob	100644	947637eb8aa275b3fcd805402851072aadc8aeea
mlir/test/Target/Wasm/shl.mlir	blob	100644	13631123776950203b429b71d7c86aade45cec3d
mlir/test/Target/Wasm/shr_s.mlir	blob	100644	da1a38f6397f698693f26950f3616fc549d197c0
mlir/test/Target/Wasm/shr_u.mlir	blob	100644	2991c2a724cb6db179870e9183b6ac9bed66209b
mlir/test/Target/Wasm/sqrt.mlir	blob	100644	6b968d6b9ff1ad2cf772ca6c39aea42758a6ab94
mlir/test/Target/Wasm/sub.mlir	blob	100644	5b242f433a5ea5207ec4f5f459d2f46ccd66a558
mlir/test/Target/Wasm/trunc_sat.mlir	blob	100644	4fa531caab74dc8a1b7856609e12a839e5b7a1db
mlir/test/Target/Wasm/trunc_si.mlir	blob	100644	2d246ccc27ea1bac35974fe34bad45dac94d6485
mlir/test/Target/Wasm/trunc_ui.mlir	blob	100644	9e929b648e745aac36c6a0e2dcce0104cbd454f7
mlir/test/Target/Wasm/wrap.mlir	blob	100644	1266758c565949f323c7c95bbc0f2defd96e0043
mlir/test/Target/Wasm/xor.mlir	blob	100644	56407db501c0d709b37e3173fb254e5e7bea028d
mlir/test/Transforms/buffer-results-to-out-params-add-result-attr.mlir	blob	100644	8faacdb00d556d8d329c7a33701d2e13c13be785
mlir/test/Transforms/buffer-results-to-out-params-hosit-dynamic-allocs.mlir	blob	100644	6c08c9cc124d3285ad7d9f72827d8ea51355109e
mlir/test/Transforms/buffer-results-to-out-params-hosit-static-allocs.mlir	blob	100644	f15ac2f4f2921127ea798a42ba6b304c5ef9b891
mlir/test/Transforms/buffer-results-to-out-params-modify-public-functions.mlir	blob	100644	c99bde3f34986d39944ccf4cd9f2036f8bee3931
mlir/test/Transforms/buffer-results-to-out-params.mlir	blob	100644	1462e120fad24317779969746e94f070a379a560
mlir/test/Transforms/canonicalize-block-merge.mlir	blob	100644	84a4647a6ef4c9f6d7753c1d90d44d45ff2f4f02
mlir/test/Transforms/canonicalize-cse-between-iterations.mlir	blob	100644	36ad8f7fb4cac77f5c028e7b010f5075147a98cd
mlir/test/Transforms/canonicalize-dce.mlir	blob	100644	84631947970ded519a505646e4b6e9576ac5064b
mlir/test/Transforms/canonicalize-debuginfo.mlir	blob	100644	5af0023fed801db643f2bcf28d150f6375eb8a4e
mlir/test/Transforms/canonicalize-filter-dialects.mlir	blob	100644	c84c98c21e50523877fa13cc9372edf662280cc5
mlir/test/Transforms/canonicalize-td.mlir	blob	100644	46fc4d085ba56520594e321c439ba57439f2cb0a
mlir/test/Transforms/canonicalize.mlir	blob	100644	8337cccbb7538557299bbea2a94fa9316cbcda1e
mlir/test/Transforms/compose-subview.mlir	blob	100644	d6fa442fe53005a1599f3b9842eb56515c7d38ae
mlir/test/Transforms/composite-pass-convergence-failure.mlir	blob	100644	48019dc949f26de24f44b10b258fa13178220a2a
mlir/test/Transforms/composite-pass.mlir	blob	100644	03c540d72185b30f5b0086a8061044362f2eaeb5
mlir/test/Transforms/constant-fold-debuginfo.mlir	blob	100644	4fa7fb6698a2b26961d3cef803f076710a415f29
mlir/test/Transforms/constant-fold.mlir	blob	100644	589a7cedb8a8fa6797d7fe362efaaa5480cf71f1
mlir/test/Transforms/control-flow-sink-test.mlir	blob	100644	ca7acb5b7da42e3b13ee519f66ccd1fb513f998c
mlir/test/Transforms/control-flow-sink.mlir	blob	100644	4efcac6cdbc29ad21b384387eaddcf1ef4da6626
mlir/test/Transforms/cse.mlir	blob	100644	4b2907287d89e23b64e54888a85e7c95921b956c
mlir/test/Transforms/dead-code-elimination.mlir	blob	100644	fa277c8a38b6434c3eb4cf6baa8459366fe376ef
mlir/test/Transforms/decompose-call-graph-types.mlir	blob	100644	55d78d9fedebb3ec6477464308843ece8fcf23c8
mlir/test/Transforms/gh-77420.mlir	blob	100644	0037cec0a96ab3b40f5b7dc425cde47aabbde24e
mlir/test/Transforms/inlining-dce.mlir	blob	100644	d167c1b4baae9898578b75e588a9e4178df20582
mlir/test/Transforms/inlining-dump-default-pipeline.mlir	blob	100644	ef5fac49c6ce2528142f8d7b6aae34ef2c3a56f6
mlir/test/Transforms/inlining-recursive-2.mlir	blob	100644	e50cf9695c4a3bea5e4f6158096a93ec52eb82ee
mlir/test/Transforms/inlining-recursive-self.mlir	blob	100644	01d5b8bd2a76c7843563620e56e6a6774232ebe8
mlir/test/Transforms/inlining-recursive.mlir	blob	100644	4ea72884a4d5906df38e852a809dc8b3ba90e846
mlir/test/Transforms/inlining-repeated-use.mlir	blob	100644	f08db3bc7e1cfbc7434f83d6045c993c0369b1b8
mlir/test/Transforms/inlining-threshold.mlir	blob	100644	649408aab577ac85be3a4404aac806eb1e25052d
mlir/test/Transforms/inlining.mlir	blob	100644	5b3b1d8cd211f461715328082518beb74dc09643
mlir/test/Transforms/invalid-outer-loop-size.mlir	blob	100644	7c1e92a4b7ba75c7c1de767b602f79df3d542980
mlir/test/Transforms/invalid-parallel-loop-collapsing.mlir	blob	100644	4a3e4dc35d4f1171caa899e7b7c2cac67840c522
mlir/test/Transforms/location-snapshot.mlir	blob	100644	aeddfedd08ae5fd94294085b02f4ba72521ab7e3
mlir/test/Transforms/loop-invariant-code-motion.mlir	blob	100644	31a4f64dd7de0aaeb2c1d73258fece561105b1d8
mlir/test/Transforms/loop-invariant-subset-hoisting.mlir	blob	100644	57e9f7e772373b66d6864d7d24baa40c58477f53
mlir/test/Transforms/make-composed-folded-affine-apply.mlir	blob	100644	138426827fa15dff3e61db024cd5f70fa008bc62
mlir/test/Transforms/make-isolated-from-above.mlir	blob	100644	3b0084d6e000758f81fc493a165464feb6be3edf
mlir/test/Transforms/mem2reg.mlir	blob	100644	da39bc356a109ff23e76f03eabde8986724949c3
mlir/test/Transforms/move-operation-deps.mlir	blob	100644	7f24eb02f030075da584772b736eb7544f4a8417
mlir/test/Transforms/parallel-loop-collapsing.mlir	blob	100644	dc4e042a3c4f56ce2888c1a70c5f9697d0dc9469
mlir/test/Transforms/parametric-mapping.mlir	blob	100644	b6ef0088d868b5f8d3ab6accddacd7f34a0dfdfb
mlir/test/Transforms/parametric-tiling.mlir	blob	100644	515d0af6c06dba367aef920fd92226f8acfcc8bb
mlir/test/Transforms/print-op-graph-back-edges.mlir	blob	100644	7950125e2f73546974f7fa3b1eb13eb1cde57af3
mlir/test/Transforms/print-op-graph-cycles.mlir	blob	100644	ba989544419f33bc9eb69c8cd5ed258954664f3b
mlir/test/Transforms/print-op-graph.mlir	blob	100644	6a24d914b65a5c69a060f4db764445e47684ae0c
mlir/test/Transforms/promote-buffers-to-stack.mlir	blob	100644	4c8a5659e5866ef1d8936acd48ca14d864856175
mlir/test/Transforms/remove-dead-values-call-segments.mlir	blob	100644	fed9cabbd2ee80f45a53a7572d97c8ce29694ca4
mlir/test/Transforms/remove-dead-values.mlir	blob	100644	863a0d450b7afa99172b21fd02fd216bfdfe31fc
mlir/test/Transforms/sccp-callgraph.mlir	blob	100644	f31f749b6e75a361b11234e8392901cd9f82516b
mlir/test/Transforms/sccp-structured.mlir	blob	100644	f17f5ff51cf3fefdb3fb08e8152d249b5409442f
mlir/test/Transforms/sccp.mlir	blob	100644	95f09617c2c70cacac229eb7ccce31b0b48ccc71
mlir/test/Transforms/scf-if-utils.mlir	blob	100644	fd59f5e9295e6e8eb2654db35d9784fcbf287166
mlir/test/Transforms/scf-loop-unroll.mlir	blob	100644	db96c659c49fbc7fbfc111b64bbb85e92ae46ba1
mlir/test/Transforms/scf-replace-with-new-yields.mlir	blob	100644	e5003327834866cefc92460f207765db41c4abe4
mlir/test/Transforms/single-parallel-loop-collapsing.mlir	blob	100644	1ef787bec1bb37f005b6ffe8aeff94cbf147265e
mlir/test/Transforms/sroa.mlir	blob	100644	f8dda68e2c8f4347c56826d8f1255737bc5ab58e
mlir/test/Transforms/strip-debuginfo.mlir	blob	100644	7d0d4df17a5caf3badf299cd5c9080a51770a69e
mlir/test/Transforms/test-block-legalization.mlir	blob	100644	ab6c15bcba7f715874b05bfdc9937f616f5b6d37
mlir/test/Transforms/test-bubble-down-memory-space-casts.mlir	blob	100644	a03c93b7148e146e364f5a34107517514dd69d5d
mlir/test/Transforms/test-canonicalize-filter.mlir	blob	100644	a61ebc2bbae8bc058593566e4dcb04ea494ef809
mlir/test/Transforms/test-canonicalize-merge-large-blocks.mlir	blob	100644	84df83619d28a79e80d03da94b0715b798137425
mlir/test/Transforms/test-canonicalize.mlir	blob	100644	8cad6b98441df1457fdb3015cfc8a0326b030c66
mlir/test/Transforms/test-commutativity-utils.mlir	blob	100644	c544f165990a2d8ab89c291731519f7a051038d0
mlir/test/Transforms/test-context-aware-type-converter.mlir	blob	100644	ae178b676a3920a78b64177eb118b7b07816be5a
mlir/test/Transforms/test-convert-call-op.mlir	blob	100644	d2788a72abd3bfe7fae885c54dd27bae4b6395de
mlir/test/Transforms/test-convert-func-op.mlir	blob	100644	180f16a32991b32767c33f8532157aa4247ebc46
mlir/test/Transforms/test-dialect-conversion-pdll.mlir	blob	100644	9abc7c83bff8c9570f2de9aa26e62a06ef2853ce
mlir/test/Transforms/test-inlining-callback.mlir	blob	100644	c012c31e7e490c59ef9fb23fd74bc9c6f970dcc3
mlir/test/Transforms/test-inlining.mlir	blob	100644	f6296064b36fbbe46d3d695f4c9f2ee27df1c43e
mlir/test/Transforms/test-legalize-erased-op-with-uses.mlir	blob	100644	031442b0ee2daf0d3c6c5f220944e01a78012821
mlir/test/Transforms/test-legalize-remapped-value.mlir	blob	100644	d0752405fa1095000ae6c051046330a73505ceb9
mlir/test/Transforms/test-legalize-target-materialization-no-uses.mlir	blob	100644	5e694a04af49a8e77a9cbdc376827eae49610590
mlir/test/Transforms/test-legalize-type-conversion.mlir	blob	100644	352483520ff742f521cc15b82f5484e751cf3574
mlir/test/Transforms/test-legalize-unknown-root.mlir	blob	100644	968d7e3763fb58ada7c4658a971033622d913530
mlir/test/Transforms/test-legalizer-analysis.mlir	blob	100644	5b070557e2811f90675f88a67cd2d20873a9bbd5
mlir/test/Transforms/test-legalizer-fold-after.mlir	blob	100644	7f80252dc9604a0b5b92e6c5cde5ba2e947d86f5
mlir/test/Transforms/test-legalizer-fold-before.mlir	blob	100644	fe6e29351a5d74f856dc3f71e31b502411f6b12f
mlir/test/Transforms/test-legalizer-full-rollback.mlir	blob	100644	c61847b55cf01fc0dcfdc295bb1da435b248b256
mlir/test/Transforms/test-legalizer-full.mlir	blob	100644	8da9109a3276234e4be149cc4036e6c7335800b2
mlir/test/Transforms/test-legalizer-no-fold.mlir	blob	100644	720d17f41943d898864c9fff9488558909260fff
mlir/test/Transforms/test-legalizer-no-materializations.mlir	blob	100644	82dd7422b22b29477cb606411e4a7ffeb0cc1c46
mlir/test/Transforms/test-legalizer-no-rollback.mlir	blob	100644	5f421a35d956bc080e3d874d5c0286ccd9df04bc
mlir/test/Transforms/test-legalizer-rollback.mlir	blob	100644	f6569201842b7b062ee14f56273c799b31a23680
mlir/test/Transforms/test-legalizer.mlir	blob	100644	1b20422298f74aa6cd1f5b58838c98ce8d7805d5
mlir/test/Transforms/test-merge-blocks.mlir	blob	100644	ec5af7fb932120127a8c552535f9a1afd628c72d
mlir/test/Transforms/test-operation-folder-commutative.mlir	blob	100644	55556c1ec584434cd8eb54ff1e95d69e2bfc57a4
mlir/test/Transforms/test-operation-folder.mlir	blob	100644	86ed6c25a227aacfb26b64477deaf3441fbf41da
mlir/test/Transforms/test-pattern-selective-replacement.mlir	blob	100644	2bab0b552d311e6e7e3ea92fc2f832c6166798c8
mlir/test/Transforms/test-rewrite-dynamic-op.mlir	blob	100644	19ab85876a86ed81944747c4c4254a978182a3d6
mlir/test/Transforms/test-strict-pattern-driver.mlir	blob	100644	c87444cba8e1a216845b59c588d5ab3c8253ccb6
mlir/test/Transforms/test-symbol-dce.mlir	blob	100644	90fe93f806d691a0cc3f9cc37a9ef8e6dd68f6bc
mlir/test/Transforms/test-symbol-privatize.mlir	blob	100644	d40c48e10ab0bc0587ae854476a6989ff42c24b5
mlir/test/Unit/lit.cfg.py	blob	100644	1898b72adf00280bbb0eae60151afe8f4c072f5f
mlir/test/Unit/lit.site.cfg.py.in	blob	100644	b1519f280be1931024f459a5783fa9cc4ce30a33
mlir/test/get_darwin_real_python.py	blob	100644	63bd08bcff89e1105daebba8e1d79b280f7fd8cc
mlir/test/lib/Analysis/CMakeLists.txt	blob	100644	c8927ab89d280fdc5ac7ecdc6fd704aa6e15b1c4
mlir/test/lib/Analysis/DataFlow/TestDeadCodeAnalysis.cpp	blob	100644	4ab2a3170ef613804396e50d2e4f26eeb59c4188
mlir/test/lib/Analysis/DataFlow/TestDenseBackwardDataFlowAnalysis.cpp	blob	100644	f969869b9248240e2b0f73cf9b69b2090e3b3505
mlir/test/lib/Analysis/DataFlow/TestDenseDataFlowAnalysis.h	blob	100644	9b0508660e9cd41c85814b6180eb3fd2ade95147
mlir/test/lib/Analysis/DataFlow/TestDenseForwardDataFlowAnalysis.cpp	blob	100644	c8b67b4ba61c007710f37741c4953cc1f9bcae08
mlir/test/lib/Analysis/DataFlow/TestIntegerDivisibilityAnalysis.cpp	blob	100644	6f7b0b3c89bde2a8095c2caf5cddd48a8b035347
mlir/test/lib/Analysis/DataFlow/TestLivenessAnalysis.cpp	blob	100644	22c2a6bffd52a5a3801a03522adc56114d5f2976
mlir/test/lib/Analysis/DataFlow/TestSparseBackwardDataFlowAnalysis.cpp	blob	100644	18c74093e518f8868ce2d8a41eb821869c7ab1c4
mlir/test/lib/Analysis/DataFlow/TestStridedMetadataRangeAnalysis.cpp	blob	100644	6ac09fdeed13665ac129eda88e74fb93792c7f7c
mlir/test/lib/Analysis/TestAliasAnalysis.cpp	blob	100644	f5eaed98f02689025f5fe812e5586e449766216a
mlir/test/lib/Analysis/TestAliasAnalysis.h	blob	100644	f84b2fabb092aa366271eaa6c4560b0d9438d1a9
mlir/test/lib/Analysis/TestCFGLoopInfo.cpp	blob	100644	a4a8bfbb2178fc155828114f6bc364e228a1f227
mlir/test/lib/Analysis/TestCallGraph.cpp	blob	100644	bdb11a2108968ee071a5cc80499a0cfab2a68b28
mlir/test/lib/Analysis/TestDataFlowFramework.cpp	blob	100644	afe614b317c4d62f8c51dfa123161e5ed4e36f47
mlir/test/lib/Analysis/TestLiveness.cpp	blob	100644	e4ea521484bf2ff0d686ab74d53fc7320ebf6386
mlir/test/lib/Analysis/TestMatchReduction.cpp	blob	100644	54aea8410388f4bdabc23b8a5edea44a8c631d41
mlir/test/lib/Analysis/TestMemRefBoundCheck.cpp	blob	100644	a036ae836c3cbbf4d8e90f7cb8438e4d5d86bcea
mlir/test/lib/Analysis/TestMemRefDependenceCheck.cpp	blob	100644	b3b9a590773b03f2b59d101c5185d9c01c31e720
mlir/test/lib/Analysis/TestMemRefStrideCalculation.cpp	blob	100644	f17f5db2fa22fe9cfa101db893c88c1e03952abd
mlir/test/lib/Analysis/TestSlice.cpp	blob	100644	e4b2009e33cb38a06c04cea35b7cc836014025de
mlir/test/lib/Analysis/TestTopologicalSort.cpp	blob	100644	f219c8cf0a34134ef93e0c7977a73fda596307be
mlir/test/lib/CMakeLists.txt	blob	100644	88e55e77a3fb93e4a218b748b73923298d56ccae
mlir/test/lib/Conversion/CMakeLists.txt	blob	100644	167cce225595b426a6b31a6094fbdea313cfd5c5
mlir/test/lib/Conversion/ConvertToSPIRV/CMakeLists.txt	blob	100644	fd557e0c989f52a9cfaac264d56739242d628698
mlir/test/lib/Conversion/ConvertToSPIRV/TestSPIRVFuncSignatureConversion.cpp	blob	100644	498779d99d09666e15e7a85138f53e30c1ac4675
mlir/test/lib/Conversion/ConvertToSPIRV/TestSPIRVVectorUnrolling.cpp	blob	100644	85245ea50782d6ee6461a77e13b0266d68f8bfe0
mlir/test/lib/Conversion/FuncToLLVM/CMakeLists.txt	blob	100644	f190b2da5a190c9e73b68007f9d2ba81b28efdbd
mlir/test/lib/Conversion/FuncToLLVM/TestConvertCallOp.cpp	blob	100644	3b29867cc32631cac93ccaa6a5153ea289a6b813
mlir/test/lib/Conversion/FuncToLLVM/TestConvertFuncOp.cpp	blob	100644	75168dde93130f6e05349df1e8ff4d7e7d933685
mlir/test/lib/Conversion/MathToVCIX/CMakeLists.txt	blob	100644	3726993b59692f755ceb9391346b2a15e228a66c
mlir/test/lib/Conversion/MathToVCIX/TestMathToVCIXConversion.cpp	blob	100644	016052cfefdb800c93fb7d648cb97cab0428613c
mlir/test/lib/Conversion/MemRefToLLVM/CMakeLists.txt	blob	100644	580c9ca4a6049026acc7531953eb742f19c1e964
mlir/test/lib/Conversion/MemRefToLLVM/TestMemRefToLLVMWithTransforms.cpp	blob	100644	65a1efaeb01d07508fc797dc9f632d195d2db55b
mlir/test/lib/Conversion/VectorToSPIRV/CMakeLists.txt	blob	100644	cb5ecc933ad82e4dccf1cd71dd619a4c91ee7632
mlir/test/lib/Conversion/VectorToSPIRV/TestVectorReductionToSPIRVDotProd.cpp	blob	100644	0742cd9aa3b2a1bce01da6bb67c75cbe69ec2bd6
mlir/test/lib/Dialect/Affine/CMakeLists.txt	blob	100644	885bc9b4c3afc997eecd75d9f78c71e06aded566
mlir/test/lib/Dialect/Affine/TestAccessAnalysis.cpp	blob	100644	751302550092d71ab0ebf18c6f212c1494a497f6
mlir/test/lib/Dialect/Affine/TestAffineDataCopy.cpp	blob	100644	b709569725d143d2a24d9e6cc1eb3b4fcd052b79
mlir/test/lib/Dialect/Affine/TestAffineLoopParametricTiling.cpp	blob	100644	4e83d2acae18d066e77c558743d098e8192d498a
mlir/test/lib/Dialect/Affine/TestAffineLoopUnswitching.cpp	blob	100644	7e4a3ca7b7c72f8378e6ef42160d85d9b364e685
mlir/test/lib/Dialect/Affine/TestDecomposeAffineOps.cpp	blob	100644	429784f26e03846f8d99143c867860e9bf0a54a3
mlir/test/lib/Dialect/Affine/TestLoopFusion.cpp	blob	100644	bf11d94596fa7f145e59e98f3a6ab0db915e9a77
mlir/test/lib/Dialect/Affine/TestLoopMapping.cpp	blob	100644	52a85b8c9faa08fa46f3260d36362f73ef97dbba
mlir/test/lib/Dialect/Affine/TestLoopPermutation.cpp	blob	100644	8bab9a0ef55b89107a35ccfe34b9643f9aa0bf06
mlir/test/lib/Dialect/Affine/TestReifyValueBounds.cpp	blob	100644	f11c14bc09fb66c8d452ba2a1859d4acf592a52f
mlir/test/lib/Dialect/Affine/TestVectorizationUtils.cpp	blob	100644	88d26d233c5cd8a1063eaaefbcf53cda857f369b
mlir/test/lib/Dialect/Arith/CMakeLists.txt	blob	100644	0c05ed5ce621076d9fccb6dafe4bc89c313bd858
mlir/test/lib/Dialect/Arith/TestEmulateWideInt.cpp	blob	100644	d097d3812879b68323f3e6987efe332473283982
mlir/test/lib/Dialect/ArmSME/CMakeLists.txt	blob	100644	9ee93dec65943cab05541b548dc80cd9fede0216
mlir/test/lib/Dialect/ArmSME/TestLowerToArmSME.cpp	blob	100644	ab38b3e1012b45967e0540f62f519b79932e7e04
mlir/test/lib/Dialect/Bufferization/CMakeLists.txt	blob	100644	2ee3222160d9133c32c9f6eab67707af896b4ef2
mlir/test/lib/Dialect/Bufferization/TestOneShotModuleBufferize.cpp	blob	100644	036e05bfc2e0213ed4799e6c22571efd7863e5cb
mlir/test/lib/Dialect/Bufferization/TestTensorCopyInsertion.cpp	blob	100644	97b92877f5bb496af8ad16e1010acdfdb4f28236
mlir/test/lib/Dialect/Bufferization/TestTensorLikeAndBufferLike.cpp	blob	100644	3e71175a344743a923fad0aafc71479905bdea23
mlir/test/lib/Dialect/CMakeLists.txt	blob	100644	e31140a6f6ba78c58e5391a5dc1f87d7bad63fee
mlir/test/lib/Dialect/ControlFlow/CMakeLists.txt	blob	100644	03ae3c749f991767c20a201f53d975c7ea1b5a1a
mlir/test/lib/Dialect/ControlFlow/TestAssert.cpp	blob	100644	904eef882e1721c349d78e1e2a00b0c6b58966a6
mlir/test/lib/Dialect/DLTI/CMakeLists.txt	blob	100644	98cf47c78866fcd2981c0e45a5d04a9ab1ebb2fa
mlir/test/lib/Dialect/DLTI/TestDataLayoutQuery.cpp	blob	100644	58c77cb94b47f8744f169759e749fd706ada7e8b
mlir/test/lib/Dialect/Func/CMakeLists.txt	blob	100644	1fbe1f59e2fe5d73703a9d3ba618c02e2272aff1
mlir/test/lib/Dialect/Func/TestDecomposeCallGraphTypes.cpp	blob	100644	c67bcd94ea0bd602c127b788e483d18012f4bc7c
mlir/test/lib/Dialect/GPU/CMakeLists.txt	blob	100644	882d5abc2eeb844d6fe7d051f861977b3e35fefa
mlir/test/lib/Dialect/GPU/TestGpuMemoryPromotion.cpp	blob	100644	54700703ca744a01584e380e7bd5041f4f84d979
mlir/test/lib/Dialect/GPU/TestGpuRewrite.cpp	blob	100644	72c3952f0f496b13efa8f58ad284a59801f4a4ee
mlir/test/lib/Dialect/LLVM/CMakeLists.txt	blob	100644	b4b0a71d129206271110f859791d54cc9f9b77d7
mlir/test/lib/Dialect/LLVM/TestLowerToLLVM.cpp	blob	100644	5a2529d626098c44de6fe88ddbbda97d5f52215c
mlir/test/lib/Dialect/LLVM/TestPatterns.cpp	blob	100644	97421eb2abffb1c616879ee24b4db8d62a170665
mlir/test/lib/Dialect/Linalg/CMakeLists.txt	blob	100644	6549c1fec10a7dfb1e76474d2a99cab790c123fe
mlir/test/lib/Dialect/Linalg/TestLinalgDecomposeOps.cpp	blob	100644	a5fcee1948edee48c6d6b150bb44d1077e01780e
mlir/test/lib/Dialect/Linalg/TestLinalgDropUnitDims.cpp	blob	100644	c8ddcc3237a13987c46ef13e82f780040cc5e542
mlir/test/lib/Dialect/Linalg/TestLinalgElementwiseFusion.cpp	blob	100644	565269a29d8cc2ab179b932b1731c17a0b54aaf4
mlir/test/lib/Dialect/Linalg/TestLinalgFusionTransforms.cpp	blob	100644	94907a5c8f971ab89233b9cf31dcd11d35679dd1
mlir/test/lib/Dialect/Linalg/TestLinalgRankReduceContractionOps.cpp	blob	100644	0eccfaac642e5129cb8abe2db981c9a84246ac3f
mlir/test/lib/Dialect/Linalg/TestLinalgTransforms.cpp	blob	100644	54d8a3e4381f3d493e05052151a9f2c89634241c
mlir/test/lib/Dialect/Linalg/TestPadFusion.cpp	blob	100644	e60a2e105da8339e2e332f5881ec79ad9c449dcc
mlir/test/lib/Dialect/Math/CMakeLists.txt	blob	100644	5d4724b9be985a983728336078e8a5dfa3dcbafa
mlir/test/lib/Dialect/Math/TestAlgebraicSimplification.cpp	blob	100644	c12cd175cc596f784454230cd21bcb0729b9f131
mlir/test/lib/Dialect/Math/TestPolynomialApproximation.cpp	blob	100644	486ccc0c3076552ec9fb9c01c6956e3b3267b552
mlir/test/lib/Dialect/MemRef/CMakeLists.txt	blob	100644	0f5eb68fc04eef5954886d6e8584b98e6e1c69e1
mlir/test/lib/Dialect/MemRef/TestComposeSubView.cpp	blob	100644	7da55f61c4fa9e214ca1dd219bf239b67230da22
mlir/test/lib/Dialect/MemRef/TestEmulateNarrowType.cpp	blob	100644	50769ca99f64bb6317cf539c7b7caa4217b6c21f
mlir/test/lib/Dialect/MemRef/TestMultiBuffer.cpp	blob	100644	e4cf1c2dc5f2e0bf4ae763deb16f17f618ced96c
mlir/test/lib/Dialect/NVGPU/CMakeLists.txt	blob	100644	025f1a0dbc488a09f3c30a049c21b4e503c4c29d
mlir/test/lib/Dialect/NVGPU/TestNVGPUTransforms.cpp	blob	100644	336d07d1f0a7241ffa9b366550898b70dbfaca3a
mlir/test/lib/Dialect/OpenACC/CMakeLists.txt	blob	100644	a54b642d4db420464b718a641c538fc96a25c192
mlir/test/lib/Dialect/OpenACC/TestOpenACC.cpp	blob	100644	e59d77777ee4006c7d343deabb851e68441b78b3
mlir/test/lib/Dialect/OpenACC/TestOpenACCSupport.cpp	blob	100644	7f9665516ad0ac32042e810bb47a67b251a2f860
mlir/test/lib/Dialect/OpenACC/TestPointerLikeTypeInterface.cpp	blob	100644	94ce99c36cdd3ac93e73fe0d65c2d5892e31b958
mlir/test/lib/Dialect/OpenACC/TestRecipePopulate.cpp	blob	100644	cf88a2627616f1a2379aceb45e6011dbec01d798
mlir/test/lib/Dialect/SCF/CMakeLists.txt	blob	100644	d2f97e816cc14c0514fc0b38773da6b9a9e97e8c
mlir/test/lib/Dialect/SCF/TestLoopParametricTiling.cpp	blob	100644	e7e2f70ba119736face382e67b983f93402a0500
mlir/test/lib/Dialect/SCF/TestLoopUnrolling.cpp	blob	100644	f92aa606f018fa48d83b73bf1fbfc3b903b9aad5
mlir/test/lib/Dialect/SCF/TestParallelLoopUnrolling.cpp	blob	100644	6f7e721825c5d1f2cbfa69aec3cdcd1185d8c464
mlir/test/lib/Dialect/SCF/TestSCFUtils.cpp	blob	100644	0778947a01c6294a8e91e5ebc027b8e162e59aa2
mlir/test/lib/Dialect/SCF/TestSCFWrapInZeroTripCheck.cpp	blob	100644	856cde19edd521576658ef16bd61ee2f3628f213
mlir/test/lib/Dialect/SCF/TestUpliftWhileToFor.cpp	blob	100644	cf123fe280242ac7d7681871e54b15e7bc9ec643
mlir/test/lib/Dialect/SCF/TestWhileOpBuilder.cpp	blob	100644	d3f7f0e6e33a3daff3251ac693eb1d38a3262859
mlir/test/lib/Dialect/SPIRV/CMakeLists.txt	blob	100644	0e2c1344782d9616d61b47f347a0a22a9363d540
mlir/test/lib/Dialect/SPIRV/TestAvailability.cpp	blob	100644	55e3581a3a58bf2115933675b121aff0dca1e8f2
mlir/test/lib/Dialect/SPIRV/TestEntryPointAbi.cpp	blob	100644	4126071c6b6f64347122caff2f72bdedb9c6ef21
mlir/test/lib/Dialect/SPIRV/TestModuleCombiner.cpp	blob	100644	3f5f094ed3afcdaa7d5960e0a02e3685fcd1dc8f
mlir/test/lib/Dialect/Shape/CMakeLists.txt	blob	100644	90c8c6cb223b8160c39bfbe34089ca92f4ce20e8
mlir/test/lib/Dialect/Shape/TestShapeFunctions.cpp	blob	100644	5239dc5388951b31613cfc63d0e777206fb62f45
mlir/test/lib/Dialect/Shape/TestShapeMappingAnalysis.cpp	blob	100644	391cb50c4bd48ca8c7ac7b12a874acc00042c298
mlir/test/lib/Dialect/Shard/CMakeLists.txt	blob	100644	a97839b6b1ffd31ede324e022a38cb7298e141f9
mlir/test/lib/Dialect/Shard/TestOpLowering.cpp	blob	100644	43f3b3f23918196b722cb78e7d2b047fc1166b71
mlir/test/lib/Dialect/Shard/TestReshardingPartition.cpp	blob	100644	e3103d7b6c49b9144a3f621032fa0eda1db8461c
mlir/test/lib/Dialect/Tensor/CMakeLists.txt	blob	100644	28eae8ffb670f22058ec9b99dd73a1b73de1413f
mlir/test/lib/Dialect/Tensor/TestTensorTransforms.cpp	blob	100644	2fb12a2f7f19806c842637657d30ef769a5040db
mlir/test/lib/Dialect/Test/CMakeLists.txt	blob	100644	4c4721193322b68e6086a4c7ec23d8a45baab9cf
mlir/test/lib/Dialect/Test/TestAttrDefs.td	blob	100644	2ec17e06628c9c26360af1bbd0d06d5cda0a4185
mlir/test/lib/Dialect/Test/TestAttributes.cpp	blob	100644	178029d3c5d904c2fb6b98516913c01ff7f2a0da
mlir/test/lib/Dialect/Test/TestAttributes.h	blob	100644	d4887ebd33c0adca6d58a4047419b9744401274c
mlir/test/lib/Dialect/Test/TestDialect.cpp	blob	100644	57bba2e5749a86a63ac9637954a5700e74e465e6
mlir/test/lib/Dialect/Test/TestDialect.h	blob	100644	bcf3b55d33cb917703e3f679ed7517b598f8d895
mlir/test/lib/Dialect/Test/TestDialect.td	blob	100644	37a263f1d10b8b121cea51e21e051be747b178d0
mlir/test/lib/Dialect/Test/TestDialectInterfaces.cpp	blob	100644	2b52978fe3636d8bcfe91aaa4b24a4ab2bf8dedd
mlir/test/lib/Dialect/Test/TestEnumDefs.td	blob	100644	c98be29a0489634193027fb215b7954d78b03324
mlir/test/lib/Dialect/Test/TestFormatUtils.cpp	blob	100644	70bab21b83256ea12c21190214c5277a0bd525e1
mlir/test/lib/Dialect/Test/TestFormatUtils.h	blob	100644	e914f9a27b79bdae00f934cbc5247d2e43422372
mlir/test/lib/Dialect/Test/TestFromLLVMIRTranslation.cpp	blob	100644	b98f6ce32cdceb4b7505ecf3f874d44809896287
mlir/test/lib/Dialect/Test/TestInterfaces.cpp	blob	100644	14099bb4bb16bad110fb37cb78cb4c1bec1d4e48
mlir/test/lib/Dialect/Test/TestInterfaces.h	blob	100644	d58d1aafbe66c2e27818ba9af1c151e9771ed056
mlir/test/lib/Dialect/Test/TestInterfaces.td	blob	100644	c5787d00e853e5ceec0361c9d118499ba4e13d6f
mlir/test/lib/Dialect/Test/TestOpDefs.cpp	blob	100644	4c683358e71a536e80a76825311b25f066d278d9
mlir/test/lib/Dialect/Test/TestOps.cpp	blob	100644	47d5b1b19121efa92059b0939f51959e9f9d7005
mlir/test/lib/Dialect/Test/TestOps.h	blob	100644	3831301721990671469277a272160df6bcc2e78d
mlir/test/lib/Dialect/Test/TestOps.td	blob	100644	492cd448333801cfce6b2972b60e0bc696934cdb
mlir/test/lib/Dialect/Test/TestOpsSyntax.cpp	blob	100644	3a971e462e2b8a1415a22878cd9c66913029db42
mlir/test/lib/Dialect/Test/TestOpsSyntax.h	blob	100644	7f32a3bae6c5f517d6651ea8fd82d4a41a859a57
mlir/test/lib/Dialect/Test/TestOpsSyntax.td	blob	100644	3ab3c8b9db6e7b68de374cf72ba1fd3af9b12ad8
mlir/test/lib/Dialect/Test/TestPatterns.cpp	blob	100644	5fc7c1e80174192077773c3d5852bf1da84d8754
mlir/test/lib/Dialect/Test/TestToLLVMIRTranslation.cpp	blob	100644	19624c71f841e13e28e5f00c30f3c64a9bd821c5
mlir/test/lib/Dialect/Test/TestTraits.cpp	blob	100644	d8763f562cbefc2fc3a0704543391d12287a675c
mlir/test/lib/Dialect/Test/TestTraits.h	blob	100644	309d77a29032cbfd9a70699d9a87e0cbf57cf804
mlir/test/lib/Dialect/Test/TestTypeDefs.td	blob	100644	58c340a935bdb4a771cd21240dc94667c6328002
mlir/test/lib/Dialect/Test/TestTypes.cpp	blob	100644	7d1cfe8c9ba068c6c27aa9e81cd1fae1d4f9b7d8
mlir/test/lib/Dialect/Test/TestTypes.h	blob	100644	705fb86e9e9b3be53cedd0c0ec1bc3ad0df51b8d
mlir/test/lib/Dialect/Test/lit.local.cfg	blob	100644	65a7f202dc82a9c4fbd2b7ed2917e59eae27cab4
mlir/test/lib/Dialect/TestDyn/CMakeLists.txt	blob	100644	d94c2af47a96f83ce52e63619271e4b940e9bc8c
mlir/test/lib/Dialect/TestDyn/TestDynDialect.cpp	blob	100644	1757f1dbb873df1a08a588d85190ddbe95f726bd
mlir/test/lib/Dialect/TestIRDLToCpp/CMakeLists.txt	blob	100644	7d325778f09cb642bf99755154d2c84bd2ede31b
mlir/test/lib/Dialect/TestIRDLToCpp/TestIRDLToCppDialect.cpp	blob	100644	421db7e4c0094b447ca261cbf729ef9b9a374ee4
mlir/test/lib/Dialect/TestIRDLToCpp/TestIRDLToCppDialect.h	blob	100644	5d2e3d7b4cd4855d36c3be86daed577dffd04618
mlir/test/lib/Dialect/TestIRDLToCpp/test.testd.mlir	blob	100644	30f27934857a59103cd334a00b264c92d80b137b
mlir/test/lib/Dialect/TestIRDLToCpp/test_conversion.testd.mlir	blob	100644	1915324ccb45950f29dc702fb15cd9b0b921704c
mlir/test/lib/Dialect/TestIRDLToCpp/test_irdl_to_cpp.irdl.mlir	blob	100644	770cd36cdee339af7e72cae6bab7aacd65561d0c
mlir/test/lib/Dialect/TestIRDLToCpp/test_irdl_to_cpp_invalid_unsupported_types.irdl.mlir	blob	100644	cc2745643db7e39979e64d4d99fc470c6bcea2b7
mlir/test/lib/Dialect/Tosa/CMakeLists.txt	blob	100644	5f7a0a2d01e5a53fcda33067e0988b8d666b232c
mlir/test/lib/Dialect/Tosa/TosaTestPasses.cpp	blob	100644	26827efaa37b3362d9ed01d9ea52af0c75cf8df3
mlir/test/lib/Dialect/Transform/CMakeLists.txt	blob	100644	4d626461d63bf69aea9a59ab4233f3946231b711
mlir/test/lib/Dialect/Transform/TestPassStateExtensionCommunication.cpp	blob	100644	9ec99f70630a82746eb4ee28e90f2b7332b54b43
mlir/test/lib/Dialect/Transform/TestTransformDialectExtension.cpp	blob	100644	faf87316f14669cc89593f3b80ef5a6558117911
mlir/test/lib/Dialect/Transform/TestTransformDialectExtension.h	blob	100644	c4dc7c3a857b9e34a3de2a1306e7d55402809ea2
mlir/test/lib/Dialect/Transform/TestTransformDialectExtension.td	blob	100644	e59a09064a87b094b8ba016503e37cc165dd3f2b
mlir/test/lib/Dialect/Transform/TestTransformDialectInterpreter.cpp	blob	100644	bd2de68fb276d0ea78db48c0ecae9d3700ec10c0
mlir/test/lib/Dialect/Transform/TestTransformStateExtension.cpp	blob	100644	e88f4df2d75c8a3aac39cd049eb52a088e9819b9
mlir/test/lib/Dialect/Transform/TestTransformStateExtension.h	blob	100644	54d00c70cfd8d8013ea176daeb0579b15b313c73
mlir/test/lib/Dialect/Transform/lit.local.cfg	blob	100644	65a7f202dc82a9c4fbd2b7ed2917e59eae27cab4
mlir/test/lib/Dialect/Vector/CMakeLists.txt	blob	100644	385ef2f00ea5d795ff489309c0733393e9355fef
mlir/test/lib/Dialect/Vector/TestVectorTransforms.cpp	blob	100644	c1ae8f78b413a063098fefdaced49e82d6f40cde
mlir/test/lib/Dialect/XeGPU/CMakeLists.txt	blob	100644	a60d5250ffc3663149ec0e576428fff9be0667eb
mlir/test/lib/Dialect/XeGPU/TestXeGPUTransforms.cpp	blob	100644	a4813528e98dd0a6c447c00cc38bd452fe832f0f
mlir/test/lib/IR/CMakeLists.txt	blob	100644	1abcfc77d2d9b04e205c972df23fe4761940b33d
mlir/test/lib/IR/TestAffineWalk.cpp	blob	100644	68806567ad9bb00a54b2ae162c989a76c54a9562
mlir/test/lib/IR/TestBuiltinAttributeInterfaces.cpp	blob	100644	d055642bc550af6d4d4bb937769be5248c0c9a8c
mlir/test/lib/IR/TestBuiltinDistinctAttributes.cpp	blob	100644	924a8a91e390311763398fe56ce346a438a9fe5b
mlir/test/lib/IR/TestBytecodeRoundtrip.cpp	blob	100644	d7e224f8b04ea9a33904531aa0ddf787af24de70
mlir/test/lib/IR/TestClone.cpp	blob	100644	b742b316c77126da93febc31eea4d20f1f9b7264
mlir/test/lib/IR/TestDiagnostics.cpp	blob	100644	38126b48ea90ff4ab299dd47e2f8fea32f458a7f
mlir/test/lib/IR/TestDiagnosticsMetadata.cpp	blob	100644	07dc9cb43012811b6b65d447df3443be5b4f160a
mlir/test/lib/IR/TestDominance.cpp	blob	100644	60d37476b5bf912003eafab5e76dfc7c171aa939
mlir/test/lib/IR/TestFunc.cpp	blob	100644	7597f06db42f5898bae92b91812f0ee99088ddea
mlir/test/lib/IR/TestInterfaces.cpp	blob	100644	881019dbfd50d674dca99614d60e116855f71c87
mlir/test/lib/IR/TestLazyLoading.cpp	blob	100644	187b977c7daaac5aab955cf513497c278f31484b
mlir/test/lib/IR/TestMatchers.cpp	blob	100644	fdd786f4c0d3aa2c33336aee79eb8aad0fa257f0
mlir/test/lib/IR/TestOpaqueLoc.cpp	blob	100644	c0ce8965868ab0f7d0e7651bf44f0b06f289fe6c
mlir/test/lib/IR/TestOperationEquals.cpp	blob	100644	6e765e58b1f26987b87a342d1c729da48c5e49a6
mlir/test/lib/IR/TestPrintDefUse.cpp	blob	100644	b983366fc16dd089c4698dcedf457df07862d84e
mlir/test/lib/IR/TestPrintInvalid.cpp	blob	100644	25d1b19a5f14f09001162e95a12026c7731aeed5
mlir/test/lib/IR/TestPrintNesting.cpp	blob	100644	b1e878964c49c20bf9a10604e53d9607d4745c9c
mlir/test/lib/IR/TestRegions.cpp	blob	100644	e850691631be2f97973460871ac9ad8a69396ac4
mlir/test/lib/IR/TestSideEffects.cpp	blob	100644	7c6132c51f3106953600281771c137e9a7943108
mlir/test/lib/IR/TestSlicing.cpp	blob	100644	5a5ac450f91fbcb64d43685e5c0a543acc6c813d
mlir/test/lib/IR/TestSymbolUses.cpp	blob	100644	e8170b8531d1d8022d6391a5b77b4f3f2b619ca2
mlir/test/lib/IR/TestTypes.cpp	blob	100644	c6bce111d3ea7f7ce26b23da6ce2a2b805c71662
mlir/test/lib/IR/TestUseListOrders.cpp	blob	100644	78c5a19db072582d91a314fc767fa401429ecdf6
mlir/test/lib/IR/TestVisitors.cpp	blob	100644	603ee12a1aa4612a78ffa72423a32bd0929771dd
mlir/test/lib/IR/TestVisitorsGeneric.cpp	blob	100644	20193bd71a6f5d7ad8990c3a21cf4ca1c1bed546
mlir/test/lib/Interfaces/CMakeLists.txt	blob	100644	6a21ed10eec6f3bc727ba1fe6114e7f4f64b9944
mlir/test/lib/Interfaces/LoopLikeInterface/CMakeLists.txt	blob	100644	cb1e7adb412c5e3e692c74c4dbebe700d59f1e72
mlir/test/lib/Interfaces/LoopLikeInterface/TestBlockInLoop.cpp	blob	100644	303cc37cfc1db555960548adfde77e98cbec321b
mlir/test/lib/Interfaces/TilingInterface/CMakeLists.txt	blob	100644	657fcb76815bc63ec5bcc52fa48efae25d640aae
mlir/test/lib/Interfaces/TilingInterface/TestTilingInterfaceTransformOps.cpp	blob	100644	a641143dfce3d43bd00c2cbab82dc0f465b9d0de
mlir/test/lib/Interfaces/TilingInterface/TestTilingInterfaceTransformOps.td	blob	100644	fa7a0e58cfeb9134a452eb95b9660aee09398154
mlir/test/lib/Interfaces/TilingInterface/lit.local.cfg	blob	100644	65a7f202dc82a9c4fbd2b7ed2917e59eae27cab4
mlir/test/lib/Pass/CMakeLists.txt	blob	100644	04c91635def85cdbe489f3b1b76573c881bb893f
mlir/test/lib/Pass/TestConvertToSPIRVPass.cpp	blob	100644	fa07a94aba474fe0c5714afd26a8e533756f9b5b
mlir/test/lib/Pass/TestDynamicPipeline.cpp	blob	100644	b46bf08657d57a02d69398bc7a14103ebe180eaf
mlir/test/lib/Pass/TestPassManager.cpp	blob	100644	df2736bd666ca28bfbaa2d9f40da260f98b9fbca
mlir/test/lib/Pass/TestRemarksPass.cpp	blob	100644	b372d2cd6ad6bc1b4bc94ecc00aa8876391f3370
mlir/test/lib/Pass/TestSPIRVCPURunnerPipeline.cpp	blob	100644	bf2880aa022eed802082235c0c6af5bbc4340e61
mlir/test/lib/Pass/TestVulkanRunnerPipeline.cpp	blob	100644	e30c31693fae7a020c1995e72cadd683b20c9366
mlir/test/lib/Reducer/CMakeLists.txt	blob	100644	1ea33bdd0a5b99026fa20c40ea83d87cc18dca23
mlir/test/lib/Reducer/MLIRTestReducer.cpp	blob	100644	496facd3125d5cd40012fa69e3553e3bb5c51009
mlir/test/lib/Rewrite/CMakeLists.txt	blob	100644	75702ca89333a59db7f01c1138c1ff54ad6eadf4
mlir/test/lib/Rewrite/TestPDLByteCode.cpp	blob	100644	1e3d0186eb1c961f1ff0a8caf71a6f860f327a76
mlir/test/lib/Tools/CMakeLists.txt	blob	100644	5aa03a3833812ebade6f46c665279632e03b4140
mlir/test/lib/Tools/PDLL/CMakeLists.txt	blob	100644	60cf30b33e559944fa1913b6192419e31f853566
mlir/test/lib/Tools/PDLL/TestPDLL.cpp	blob	100644	d2c17fc63f17883818c62edc77458bdfce9863e9
mlir/test/lib/Tools/PDLL/TestPDLL.pdll	blob	100644	718ab95c4bab0c885768f9004370e61998c0b599
mlir/test/lib/Tools/PDLL/lit.local.cfg	blob	100644	8ffccee1d6d792e7ea4209f2c1155f54142306e5
mlir/test/lib/Transforms/CMakeLists.txt	blob	100644	ddc0a779e8f6955f2872f93762fb6a20f1f8dfe8
mlir/test/lib/Transforms/TestCommutativityUtils.cpp	blob	100644	5ea35759bb7298656c662b43afda785439e36889
mlir/test/lib/Transforms/TestCompositePass.cpp	blob	100644	9db2281162ce95b876eb476728089562f3e7a211
mlir/test/lib/Transforms/TestControlFlowSink.cpp	blob	100644	7e4decabb0832cbda5de49076bd177425ac27c2c
mlir/test/lib/Transforms/TestDialectConversion.cpp	blob	100644	dc0538eddda28f8e25efd45f26021ab94b9e73f2
mlir/test/lib/Transforms/TestDialectConversion.pdll	blob	100644	a6cd21159d7d60cb8839733805c573b42b9562ec
mlir/test/lib/Transforms/TestInlining.cpp	blob	100644	ae904a92a5d68deeedc6cd46285c06d9dcc8b9b3
mlir/test/lib/Transforms/TestInliningCallback.cpp	blob	100644	2888c3cf3dda84e5a1f743738b9c372ba28a0ac6
mlir/test/lib/Transforms/TestMakeIsolatedFromAbove.cpp	blob	100644	f7bde79274e9166bd6e51de91daa60bd3766188e
mlir/test/lib/Transforms/TestSingleFold.cpp	blob	100644	e55f36aea0a7cdf202a4aa98cc8217516cca1fea
mlir/test/lib/Transforms/TestTransformsOps.cpp	blob	100644	6ae6abf0e677e529138bab28946c8313b8291a76
mlir/test/lib/Transforms/TestTransformsOps.td	blob	100644	bc53b233fdad50ae21a5026e6d424b01ae06f62b
mlir/test/lib/Transforms/lit.local.cfg	blob	100644	7f4d25f1ba025b1cae28d1427be2870afa41f921
mlir/test/lit.cfg.py	blob	100644	3622fc0823fdfbe8da784111d7cc86f9b2178f46
mlir/test/lit.site.cfg.py.in	blob	100644	76dab98e2b51e4f69bc171607e021d6a8c7c7de4
mlir/test/mlir-linalg-ods-gen/test-linalg-ods-yaml-gen.yaml	blob	100644	e2c811d523da2b5b850086093836790cf10e7205
mlir/test/mlir-lsp-server/code-action.test	blob	100644	69e7773784b708e819681126c2002ebedcaf120f
mlir/test/mlir-lsp-server/completion.test	blob	100644	5f3c939fc97a4e5c6a88d3540ad444f0443be1f3
mlir/test/mlir-lsp-server/definition-split-file.test	blob	100644	9e59c60b6481d790e10fba128bd001080719d0dd
mlir/test/mlir-lsp-server/definition.test	blob	100644	d5e23299a511f5c07d65b9cf0820713bf5397472
mlir/test/mlir-lsp-server/diagnostics.test	blob	100644	45f0b9eb19c1ba8ed76265534881c60dc5456f88
mlir/test/mlir-lsp-server/document-symbols.test	blob	100644	bf8ad99bdb1fe5eddd034890d4bbdfc4f155cd08
mlir/test/mlir-lsp-server/exit-eof.test	blob	100644	4fdc173bfe9ab5f67460db50b7280e75410c9e1b
mlir/test/mlir-lsp-server/exit-with-shutdown.test	blob	100644	3d0e92802753976ed3e9d2d6378ff72f10c65f89
mlir/test/mlir-lsp-server/exit-without-shutdown.test	blob	100644	be33097ef1031801289b35cd5a1facd59ec5d34c
mlir/test/mlir-lsp-server/hover.test	blob	100644	edca346b8c733bf1772b094bcef2db971684860d
mlir/test/mlir-lsp-server/initialize-params-invalid.test	blob	100644	5cf317661ae1db413b6a11aa1f9db00e5c072b06
mlir/test/mlir-lsp-server/initialize-params.test	blob	100644	4712c1f1fd73373e290b796cc71b7f84860939fc
mlir/test/mlir-lsp-server/references.test	blob	100644	a94d752ab9d2a66286272b611073534acdf390c2
mlir/test/mlir-lsp-server/rooturi_rel_path.test	blob	100644	14dc7c192ed9b1212df5649cc467109a930b6077
mlir/test/mlir-lsp-server/uri-based-registration.test	blob	100644	d6d06692a8d7a3057644d8392bf3e9fd3ce56760
mlir/test/mlir-opt/async.mlir	blob	100644	7f504f9c90fef2ec45f2e61d707621c47a6177dc
mlir/test/mlir-opt/commandline.mlir	blob	100644	fb344880598c335b5861ad699c9dfc04e740037c
mlir/test/mlir-opt/debugcounter-invalid-cl-options.mlir	blob	100644	ab66fedede6e809acf9c2954bdc6c0fa5a50e8d0
mlir/test/mlir-opt/debugcounter.mlir	blob	100644	e724699e705b32d6336ac8a39d15c5e38c34ae6f
mlir/test/mlir-opt/debuggerhook.mlir	blob	100644	54f1bf98d66dfe8ef07b4fec61d00416c0352b9a
mlir/test/mlir-opt/expected-unknown-loc-unmatched.mlir	blob	100644	5a06d386dabf8789c012883f220c2cdb19ba4e31
mlir/test/mlir-opt/local-reproducer-with-threading.mlir	blob	100644	8e94f4edb91bf45eb64f6dcd697954c6fcf83d19
mlir/test/mlir-opt/outputfile.mlir	blob	100644	cd7135e94524b0ba8c0bf79a0fb5d72cfa688ea9
mlir/test/mlir-opt/split-markers.mlir	blob	100644	f372654bcc8d3fc1e7b427795236f50c1013a10f
mlir/test/mlir-pdll-lsp-server/compilation_database.test	blob	100644	b861d7902c60edc8d610eaf8db92beed4134084a
mlir/test/mlir-pdll-lsp-server/completion.test	blob	100644	76c062e474081f2c838a6518da3abfc2081872e6
mlir/test/mlir-pdll-lsp-server/definition-split-file.test	blob	100644	93ca94c7b578fe65b5f88c1feb4a5f04da8a51b4
mlir/test/mlir-pdll-lsp-server/definition.test	blob	100644	d978737102c563efdaf884deac30ea42f86165d2
mlir/test/mlir-pdll-lsp-server/document-links.test	blob	100644	7e07d22afdde3618282bd7fde36e7ba3418c4c0c
mlir/test/mlir-pdll-lsp-server/document-symbols.test	blob	100644	a62d5c8428685ad8086d4837f79b79697aa3b82a
mlir/test/mlir-pdll-lsp-server/exit-eof.test	blob	100644	6681d803f4ce13e97526488c2e87a626bff9a384
mlir/test/mlir-pdll-lsp-server/exit-with-shutdown.test	blob	100644	792868f060e745361bc2b3b48ecf6fd3d4cc6ec8
mlir/test/mlir-pdll-lsp-server/exit-without-shutdown.test	blob	100644	fade79b9fb93f30e5fe89626ba642cbcaeb83141
mlir/test/mlir-pdll-lsp-server/hover.test	blob	100644	22673fed2bd9fc6a51bf59d281d6f863d4c29255
mlir/test/mlir-pdll-lsp-server/include/included.pdll	blob	100644	dee1df0d080ac8bb0aa0de5b3e65ecfc452f1b6c
mlir/test/mlir-pdll-lsp-server/include/included.td	blob	100644	21ab1b300f8694b4354ebd40579542f8a84c9ec0
mlir/test/mlir-pdll-lsp-server/initialize-params-invalid.test	blob	100644	941144e36d72449417bd7d2e8a38161f7cf08369
mlir/test/mlir-pdll-lsp-server/initialize-params.test	blob	100644	554cb0bd5edab8d47fd98425d758288e82810cc1
mlir/test/mlir-pdll-lsp-server/inlay-hints.test	blob	100644	13c6e202dfd3fd2d975077527cb0d3ed03c04bd1
mlir/test/mlir-pdll-lsp-server/lit.local.cfg	blob	100644	aa35dbfa8c01ffccaad153ed59207964e3a63554
mlir/test/mlir-pdll-lsp-server/references.test	blob	100644	a0125f0ad8ec3508df2b63ce203aa848949e3daf
mlir/test/mlir-pdll-lsp-server/signature-help.test	blob	100644	d7e88d40d370de36265d9a8bf72c7386106bbd3d
mlir/test/mlir-pdll-lsp-server/textdocument-didchange.test	blob	100644	7ef362a28dba586eda6cd2816bfb566ff28290a8
mlir/test/mlir-pdll-lsp-server/view-output.test	blob	100644	c45ac2ed810fed680763dc5e1481d1458b1b29b5
mlir/test/mlir-pdll/CodeGen/CPP/general.pdll	blob	100644	4be30d86dda351a49b10d38aa8216f149377ee0d
mlir/test/mlir-pdll/CodeGen/CPP/include/ods.td	blob	100644	3eb57a43849cf3448c38c1354fd7c13f2d95ac70
mlir/test/mlir-pdll/CodeGen/MLIR/decl.pdll	blob	100644	14098f55dfb9e70a9c6779c461938aeec9627770
mlir/test/mlir-pdll/CodeGen/MLIR/expr.pdll	blob	100644	00ceaca31771ca9886c013e0caaa8d41a87cc37f
mlir/test/mlir-pdll/CodeGen/MLIR/include/ops.td	blob	100644	588b290c45784a4b21e27385ac4deabc97561c8c
mlir/test/mlir-pdll/CodeGen/MLIR/stmt.pdll	blob	100644	0fc13caca83a2d1d1deb5dd823a39f14c3a1c029
mlir/test/mlir-pdll/Integration/test-pdll.mlir	blob	100644	f9adcf5347da8cf2e31eac0f95f8846c7809f3ab
mlir/test/mlir-pdll/Parser/constraint-failure.pdll	blob	100644	48747d3fa2e681ef88ab216bd8bfbfd4254d2a50
mlir/test/mlir-pdll/Parser/constraint.pdll	blob	100644	e2a52ff130cc8413360fda67626b28646ab878ac
mlir/test/mlir-pdll/Parser/dependency-file.pdll	blob	100644	d0bbc0c1c30910157caf84066664b536636b2fbb
mlir/test/mlir-pdll/Parser/directive-failure.pdll	blob	100644	14f8db8aa5e2e37a145027df7e5c0a863807429a
mlir/test/mlir-pdll/Parser/expr-failure.pdll	blob	100644	a2e58017218f381ca7d5394f583698e9f66a0817
mlir/test/mlir-pdll/Parser/expr.pdll	blob	100644	712e8835477aa178b2696320b0a535e2e9312398
mlir/test/mlir-pdll/Parser/include.pdll	blob	100644	bda56692d38396866f33c1ad0673a54704fae604
mlir/test/mlir-pdll/Parser/include/included.pdll	blob	100644	a47dba63bb7c57545d43d8ea6b08c6f3e77a2c52
mlir/test/mlir-pdll/Parser/include/interfaces.td	blob	100644	eea8783545f03c55b74eefce272ca0a3206f0919
mlir/test/mlir-pdll/Parser/include/ops.td	blob	100644	6463a9bab04252c13de7ec472589a3d393213395
mlir/test/mlir-pdll/Parser/include_td.pdll	blob	100644	f8d78dd339f23161c3e9738d95f45ce7812b3d66
mlir/test/mlir-pdll/Parser/pattern-failure.pdll	blob	100644	8b104128f5204f06fa34dadf7b0344ba47776233
mlir/test/mlir-pdll/Parser/pattern.pdll	blob	100644	f0b2046e4b1b84aae24d662d138beba4194e83f1
mlir/test/mlir-pdll/Parser/rewrite-failure.pdll	blob	100644	dd8843d8f85d35a060940504a4cba7daa318b0af
mlir/test/mlir-pdll/Parser/rewrite.pdll	blob	100644	7ef7478319d4b7ee4d77e5c96b6546b188dc0982
mlir/test/mlir-pdll/Parser/stmt-failure.pdll	blob	100644	aaf45a96033520ee500e1e64559402e605da5b0f
mlir/test/mlir-pdll/Parser/stmt.pdll	blob	100644	872301ce327240655fb93b6851b47b9c1ec17240
mlir/test/mlir-pdll/Parser/string-eof.pdll	blob	100644	5265d3383fe952bda9c8730c383e3a9835eb6e83
mlir/test/mlir-pdll/lit.local.cfg	blob	100644	4cb5622aaa761038cfca73d5590d9c60073a4fc3
mlir/test/mlir-pdll/split-markers.pdll	blob	100644	2b314538004fa1f362ee8004385350ed49d4b07a
mlir/test/mlir-query/backward-slice-union.mlir	blob	100644	f8f88c20437499a64bfa20b1eac99bfdcdbcaf8b
mlir/test/mlir-query/forward-slice-by-predicate.mlir	blob	100644	e11378da89d9f1b962d27fa7c88fe1c307124b3e
mlir/test/mlir-query/function-extraction.mlir	blob	100644	a783f65c6761bcfea302dc8804cccc56768b3058
mlir/test/mlir-query/logical-operator-test.mlir	blob	100644	4e258c200b9a51ade75e5abdaba5104b3ea269f4
mlir/test/mlir-query/simple-test.mlir	blob	100644	a4d006598767b3f38d208eae31293f29b6dc0f4b
mlir/test/mlir-query/slice-function-extraction.mlir	blob	100644	e55d5e77c57361e7a7d2ae12dbd6a60378412041
mlir/test/mlir-reduce/opt-reduction/cse-test.mlir	blob	100644	e212f7e1022a52fad94178c281067be89043c586
mlir/test/mlir-reduce/opt-reduction/dce-pipeline	blob	100644	92fc1ea2acc0310f8fa928f1815ca4d0bd16708b
mlir/test/mlir-reduce/opt-reduction/dce-test.mlir	blob	100644	93ce10ba651ad2cf2215ff5d93e64fa97eed762a
mlir/test/mlir-reduce/reduction-tree/doc-example.mlir	blob	100644	7f194025a7ef069c9de36fbab397fa31a2d11006
mlir/test/mlir-reduce/reduction-tree/invalid.mlir	blob	100644	7e973520a657ac75c9e3269732cf72352de72389
mlir/test/mlir-reduce/reduction-tree/reduction-tree.mlir	blob	100644	b235ca14d693a177c0820e5bfbf8e92160073d5b
mlir/test/mlir-reduce/reduction-tree/simple-test.mlir	blob	100644	c9c62fec282345e47e3519a8e35a7ac5474c4416
mlir/test/mlir-reduce/reduction-tree/single-function.mlir	blob	100644	2c1213a87702f5c4330b22235e9d01ae22be50ad
mlir/test/mlir-reduce/reduction-tree/trivially-dead.mlir	blob	100644	b75021226afd0d4e412232936ffc182ae2c94010
mlir/test/mlir-reduce/script/failure-test.sh	blob	100755	db6a4720d2d56d6ef316690e92163ca56f730eb2
mlir/test/mlir-reduce/script/false.sh	blob	100755	94d855ab1e58f52fe560d004b5dde5f1bbedf260
mlir/test/mlir-reduce/script/grep-select.sh	blob	100755	e906ab6f887de231f038fa9ba28507277f34b31c
mlir/test/mlir-reduce/script/trivially-dead.sh	blob	100755	3a973c12f0486b8452745195da058b18ceb8661f
mlir/test/mlir-reduce/script/true.sh	blob	100755	a21bf96f0fe7d364be139decbddaeececf9e4a4f
mlir/test/mlir-rewrite/simple.mlir	blob	100644	66f17f093f5094b0db18c25d5d55cefd135e27c9
mlir/test/mlir-runner/X86/lit.local.cfg	blob	100644	34dc4c71a8039bdd33891d88a23765f37b4902fa
mlir/test/mlir-runner/X86/math-polynomial-approx-avx2.mlir	blob	100644	16b363de4d6304d499a28efadb9ce4ae38e86566
mlir/test/mlir-runner/async-error.mlir	blob	100644	9bf5b93d4e331e8b6123f9252a45e006f1932ccf
mlir/test/mlir-runner/async-func.mlir	blob	100644	9c88a872bb605aa1a90dea7942b13a5e696e89b0
mlir/test/mlir-runner/async-group.mlir	blob	100644	bc966bd7a4653bfcb7ab772ecb2e4bb87c04648e
mlir/test/mlir-runner/async-value.mlir	blob	100644	45cc8dab08c3d9b8a14aba3356194bcce20d1e51
mlir/test/mlir-runner/async.mlir	blob	100644	54e130e348d6b113ea477f89dcee1d93e0d0f611
mlir/test/mlir-runner/bare-ptr-call-conv.mlir	blob	100644	fd6ef05fcc19d18539433ab697dceeb87bb22db1
mlir/test/mlir-runner/copy.mlir	blob	100644	ae8d7e611353a91ff2e73024b42137fc64dc011e
mlir/test/mlir-runner/expand-arith-ops.mlir	blob	100644	1db03db40e45b628655c47ddbbb00d8058893cfc
mlir/test/mlir-runner/global-constructors.mlir	blob	100644	6da09e7594863dfcce0d719941a0d995e14e5923
mlir/test/mlir-runner/global-memref.mlir	blob	100644	c8b9aff30c54b80ae65908abe54bc85f2f063ef1
mlir/test/mlir-runner/invalid.mlir	blob	100644	d3b784ef109d2dbe4eb7a4a94977015f8f2d8a40
mlir/test/mlir-runner/lit.local.cfg	blob	100644	3c20d203b800fb868b844b56b193c084d61174be
mlir/test/mlir-runner/math-polynomial-approx.mlir	blob	100644	5bde6b41c3f86aae0fe49aa7fa5758cb8dfd7d10
mlir/test/mlir-runner/memref-reinterpret-cast.mlir	blob	100644	42cea6e0bf497e0c795530c2e48398654a4ec868
mlir/test/mlir-runner/memref-reshape.mlir	blob	100644	df401173c4e60fb1ce91d65b0de0a2c14f3c1341
mlir/test/mlir-runner/sgemm-naive-codegen.mlir	blob	100644	7f062b4357d60c2814dde7a5ec7f02aba73f9981
mlir/test/mlir-runner/simple.mlir	blob	100644	714115e0221ccad9954f99172c2bfe4a62e5a6c3
mlir/test/mlir-runner/test-expand-math-approx.mlir	blob	100644	06b3171a2349e73d86fb176efee19ba81eb1455a
mlir/test/mlir-runner/unranked-memref.mlir	blob	100644	bdf1b7b7fb8bc0062e2597c3e8787317aa30ef61
mlir/test/mlir-runner/utils.mlir	blob	100644	0682528821285e44f938e132f588897b6a595ce5
mlir/test/mlir-runner/verify-entry-point.mlir	blob	100644	18797f25a9efa21ca879adf0abb542ec2616a5b9
mlir/test/mlir-runner/verify-flags.mlir	blob	100644	838af564e3caa599edc206101a4ca263455c45a2
mlir/test/mlir-runner/x86-varargs.mlir	blob	100644	7e9d632304aa7297ecdab5ef8beace2f7d6d6523
mlir/test/mlir-tblgen/apint-param-error.td	blob	100644	602180790bbffb8eeea1fd107744d8840b9ad8aa
mlir/test/mlir-tblgen/attr-constraints.td	blob	100644	59bc5f25266035d94703636b666a5dafa0e8e03e
mlir/test/mlir-tblgen/attr-duplicated-builder-error.td	blob	100644	5f1c61a3a505dfb095462c38b015274f9f254bf1
mlir/test/mlir-tblgen/attr-duplicated-custom-builders-error.td	blob	100644	0e09f667c1ccd032ce34f17f8f3eeb395308f35f
mlir/test/mlir-tblgen/attr-or-type-builder-invalid.td	blob	100644	d16fcfc4cd09950c70b5d6b4a86842a52a52eb63
mlir/test/mlir-tblgen/attr-or-type-format-invalid.td	blob	100644	9a521a5053c0ff9f519e0897240f1413c2d6eb5f
mlir/test/mlir-tblgen/attr-or-type-format-roundtrip.mlir	blob	100644	5a9ce63540880048511a14586843eeb5f1060c31
mlir/test/mlir-tblgen/attr-or-type-format.mlir	blob	100644	907aad369a3444e1fe84b596b9a9777580203978
mlir/test/mlir-tblgen/attr-or-type-format.td	blob	100644	d908a2a4793bc7060b012839235d009de02ea0be
mlir/test/mlir-tblgen/attrdefs.td	blob	100644	a809611fd0aec1497124c3ad5f358bd641a84d8e
mlir/test/mlir-tblgen/bytecode-reserved.td	blob	100644	5162a6b36317c72d0415aa97b7671774861f9add
mlir/test/mlir-tblgen/bytecode-write.td	blob	100644	ab5a3eea0f0f1075f259aa51da5d507786b5625a
mlir/test/mlir-tblgen/constant-str-attr-invalid.mlir	blob	100644	1d0e62d5dec094f119220e393445a632d9fb625e
mlir/test/mlir-tblgen/constraint-unique.td	blob	100644	55d6a56e3fc80ca789ca43beaf5a2b91be07bb3e
mlir/test/mlir-tblgen/cpp-class-comments.td	blob	100644	0d3445d6647af523364c18bcfca289a0ce08d4e2
mlir/test/mlir-tblgen/default-type-attr-print-parser.td	blob	100644	c0eedb879bcda44f0cf81a5e6caaf96301266c42
mlir/test/mlir-tblgen/deprecation-transitive.td	blob	100644	2c496ec4b0bc3b5ddebed69bc2d6897f072f6b3f
mlir/test/mlir-tblgen/deprecation.td	blob	100644	b6e6d6548f7a50795c840feacf8ab67b01c3a57e
mlir/test/mlir-tblgen/dialect-interface.td	blob	100644	5e41fdedfa76139b66546fa2ac7b244ae2bec702
mlir/test/mlir-tblgen/dialect.td	blob	100644	9b454959a1da98cf313bb1e13f8de309a0615ad0
mlir/test/mlir-tblgen/directive-common.td	blob	100644	78747b82f1f4aa135a902352cad9f0705155a4e0
mlir/test/mlir-tblgen/enums-gen-empty.td	blob	100644	88777d0e112e94288583719f859dceeadf0a0c8e
mlir/test/mlir-tblgen/enums-gen.td	blob	100644	e64e50b2382cb014ce934c27ce187a32ec8ffcb0
mlir/test/mlir-tblgen/enums-python-bindings.td	blob	100644	487b60dbf91ce0d1a3f4427cf95919d98b53c12b
mlir/test/mlir-tblgen/expect-symbol.td	blob	100644	23407311165ac018a3d8b134f97d15655a9df377
mlir/test/mlir-tblgen/gen-dialect-doc.td	blob	100644	b279b518b85a9fadcbca0f13d21201eaf9f7b93e
mlir/test/mlir-tblgen/gen-op-doc.td	blob	100644	61b62b9bf8362f50d45bd3b0fefeb529a0987f68
mlir/test/mlir-tblgen/gen-pass-doc.td	blob	100644	fd8e9cccb5fb532887d109fc8ee233bd8680d337
mlir/test/mlir-tblgen/interface-method-arg-error.td	blob	100644	5bbaa93c1227fade114f43c8f3ea4b15589e05f5
mlir/test/mlir-tblgen/interfaces-as-constraints.td	blob	100644	b0438c2dfffe1edd51b2217e74ee51de9d11d0a2
mlir/test/mlir-tblgen/interfaces.mlir	blob	100644	b5d694f75734c0b888d7970dcaba2b12f466120f
mlir/test/mlir-tblgen/llvm-intrinsics.td	blob	100644	ed2fcf192079741fc2cd71383f90842a1476068d
mlir/test/mlir-tblgen/method-body-with-only-spaces.td	blob	100644	daa0067e062d52c3b9adf401cf2dc4910d911721
mlir/test/mlir-tblgen/op-attribute.td	blob	100644	ebba86d32d82fe45c6316a7d354c8e4c310158b1
mlir/test/mlir-tblgen/op-decl-and-defs.td	blob	100644	32c4bb88d188be3c660aae727d39d53905c585f6
mlir/test/mlir-tblgen/op-default-builder.td	blob	100644	9881f925a1922069208adf0fa936a518daa9c045
mlir/test/mlir-tblgen/op-derived-attribute.mlir	blob	100644	2b0e6ed4994b6d9203b7c13f2dc2b17ddc5fa8c7
mlir/test/mlir-tblgen/op-error.td	blob	100644	ec90891034fbef89ec0629dd53b4a5f43cb20484
mlir/test/mlir-tblgen/op-format-custom-properties-printer.td	blob	100644	091918594089ffd14e5f70d60bec2724f8b5194d
mlir/test/mlir-tblgen/op-format-invalid.td	blob	100644	c13bbedce37856e7c524173496203de87c9c3710
mlir/test/mlir-tblgen/op-format-spec.td	blob	100644	fac4386f92f8021aec052b77e58860af0ff518c9
mlir/test/mlir-tblgen/op-format-verify.td	blob	100644	a5dbd877860400d67e99b1addb1f1b795245ee28
mlir/test/mlir-tblgen/op-format.mlir	blob	100644	1c1e2c68ce0d34d7501d3a15d4fd03f07a40379e
mlir/test/mlir-tblgen/op-format.td	blob	100644	f7f0c1b212e0445df0480b8239c459506d417fec
mlir/test/mlir-tblgen/op-interface.td	blob	100644	aa71baddf58cded69c0ca279c672dc7c15774399
mlir/test/mlir-tblgen/op-operand.td	blob	100644	ab8d721ed54272ed047c51801e4d8827111fa973
mlir/test/mlir-tblgen/op-properties-predicates.td	blob	100644	dd3f4db7a72c36da943056f55276893182015413
mlir/test/mlir-tblgen/op-properties.td	blob	100644	cb9bd3dc868feadea5df4db1772650f7b0486b58
mlir/test/mlir-tblgen/op-python-bindings.td	blob	100644	f566290915dde082d638834546e5c6f967a802a8
mlir/test/mlir-tblgen/op-result.td	blob	100644	ddc1ef077d31c8b889826303eae487aeeaae950e
mlir/test/mlir-tblgen/op-side-effects.td	blob	100644	ca24c7f9cf520ff77c214f87da9c673222f14ae4
mlir/test/mlir-tblgen/openmp-clause-ops.td	blob	100644	3e5896a00182be749c261e6c3bff552062b3e580
mlir/test/mlir-tblgen/openmp-ops-verify.td	blob	100644	dc8bc4bdbe2e785b75161b874ba8c61d34c77594
mlir/test/mlir-tblgen/openmp-ops.td	blob	100644	1e841a15ebfc0895816069c78db9d042136b484b
mlir/test/mlir-tblgen/pattern.mlir	blob	100644	ffb78c28412cecba695f65881f89124ba901c0a6
mlir/test/mlir-tblgen/predicate.td	blob	100644	ae436885b421f0445688ef5029dffd308ab9fcd8
mlir/test/mlir-tblgen/return-types.mlir	blob	100644	24555034d26771e56a1d2bfd724fc38d8a53919f
mlir/test/mlir-tblgen/rewriter-attributes-properties.td	blob	100644	23ab24e7761611d5f90d21761320ce203aae7faa
mlir/test/mlir-tblgen/rewriter-errors.td	blob	100644	0b6d8c3fec613439a8adfeb4271a7ab703eeaa54
mlir/test/mlir-tblgen/rewriter-indexing.td	blob	100644	9bb6103584f23ecbd34849a8ae855a2cbb624b28
mlir/test/mlir-tblgen/rewriter-static-matcher.td	blob	100644	99a15921dab2e063c8409c76925497f647da62c8
mlir/test/mlir-tblgen/shard-op-defs.td	blob	100644	84ac6b0fbe9ebeea1cb4fba221bb0f8666f3c372
mlir/test/mlir-tblgen/testdialect-attrdefs.mlir	blob	100644	dca46a30e37f12599672ccd66c10602fdd933501
mlir/test/mlir-tblgen/testdialect-typedefs.mlir	blob	100644	c00d368fdab8ba8728c8b992c36426af39711b20
mlir/test/mlir-tblgen/trait.mlir	blob	100644	97279c374f7e3b95c875366352e82c37d1685d5e
mlir/test/mlir-tblgen/type-constraints.td	blob	100644	7ce806530777164cae74053ca1d57fe4ea198d87
mlir/test/mlir-tblgen/typedefs.td	blob	100644	b9e3a7954e361d609dd515778e5cb5626f1af4df
mlir/test/mlir-tblgen/types.mlir	blob	100644	30aea48e3e369a100bb35d8da0519d489e6f982d
mlir/test/mlir-tblgen/utils.td	blob	100644	28e0fecb2881bdd31ec07493a635e3391c6c6e39
mlir/test/mlir-translate/commandline.mlir	blob	100644	e55e7346cf48d790379e26b3049652ba2ba31b9c
mlir/test/mlir-translate/export-timing.mlir	blob	100644	f10cfb9bd815ba2d5f8e6b54cee1447cad5c8424
mlir/test/mlir-translate/import-diagnostics.ll	blob	100644	a945621c6acba842650c900050f84cd2e01eeb10
mlir/test/mlir-translate/import-timing.ll	blob	100644	60a21d4af54aa54a9f013994f29c06b703347df8
mlir/test/mlir-translate/split-markers.mlir	blob	100644	cf950eb12ec5a46bc40b8966c8ebf539a9cdb9c2
mlir/test/mlir-translate/unregistered-dialects.mlir	blob	100644	ac275ce6fec4e4859e6ce9c2ac7ee87fe5efd227
mlir/test/mlir-translate/verify-only-expected.mlir	blob	100644	9df3604132d807f8234108fa928d5bc3ea89c1b4
mlir/test/python/CMakeLists.txt	blob	100644	c81f75fc6a1af4e21222f176fb41bb1bdc734251
mlir/test/python/context_shutdown.py	blob	100644	cb7b12cd5a4d69cb1ccfb9788cca582407275a16
mlir/test/python/develoment_files.py	blob	100644	4dc3a0b700b1febeb351b020390ccb5a7f4cf449
mlir/test/python/dialects/affine.py	blob	100644	1b1655692f15c41a7e84dd60a1076ba6a1cc57b7
mlir/test/python/dialects/amdgpu.py	blob	100644	10415ec1e842ae071b11835d5638f8cfb88df8b3
mlir/test/python/dialects/arith_dialect.py	blob	100644	a4cfb302402313eca9e139d1251105885e1e4ead
mlir/test/python/dialects/arith_llvm.py	blob	100644	5645330f3174ec781a11584e46cca2b39174fa71
mlir/test/python/dialects/async_dialect.py	blob	100644	13e3c42e57c21eefe1fd082a6e92ec52b7b8b9d3
mlir/test/python/dialects/builtin.py	blob	100644	52ada96ee46f92335d9b3b220a9724bdf58a5594
mlir/test/python/dialects/cf.py	blob	100644	469e74d44a7dae7873b998a8c85d0f498f48c2e4
mlir/test/python/dialects/complex_dialect.py	blob	100644	afad21757bc3c2e2f60fd772aa2b1bdbdfa47840
mlir/test/python/dialects/emitc_dialect.py	blob	100644	0c42c2d4084f194e63ced4235ad3b34b869075a7
mlir/test/python/dialects/ext.py	blob	100644	d46060c654a7eb47c648f5460347c162c092d42e
mlir/test/python/dialects/func.py	blob	100644	3c56bd993aec46fe585f09a36d18cc61e637c4ce
mlir/test/python/dialects/gpu/dialect.py	blob	100644	0956805b274853cec08aa64360dcbf939430bd86
mlir/test/python/dialects/gpu/module-to-binary-nvvm.py	blob	100644	96e3f6efcc5d3c6d51e663d442043765612df318
mlir/test/python/dialects/gpu/module-to-binary-rocdl.py	blob	100644	f5ee2856f39502d5df5fc872db279f375b2b18b4
mlir/test/python/dialects/index_dialect.py	blob	100644	8da6a262cc441e0b60cbd2f86ee546f24556b988
mlir/test/python/dialects/irdl.py	blob	100644	fce5ad212e3749be36c8a903befab6fa826e4581
mlir/test/python/dialects/linalg/opdsl/arguments.py	blob	100644	7892d020d9067c5b00c5c960f3f966d54243fa89
mlir/test/python/dialects/linalg/opdsl/assignments.py	blob	100644	ad0a3eac5913e500a96f1df680e5c75f569e9356
mlir/test/python/dialects/linalg/opdsl/doctests.py	blob	100644	d2f9cec19d5708baff2c8964d107ec7ecef2c832
mlir/test/python/dialects/linalg/opdsl/emit_convolution.py	blob	100644	d666d313767b9d9b917fb4641ff9c3ded05d1fbb
mlir/test/python/dialects/linalg/opdsl/emit_fill.py	blob	100644	ffef737755e858e1212e39af6a6a2d058949d9f8
mlir/test/python/dialects/linalg/opdsl/emit_matmul.py	blob	100644	64df4e1276222f8fc9603677da934a60c89c5d6e
mlir/test/python/dialects/linalg/opdsl/emit_misc.py	blob	100644	f8e034fb0e48b318751279509050e6d2a86c500a
mlir/test/python/dialects/linalg/opdsl/emit_pooling.py	blob	100644	0df87de6393d8b0f6ed97c7ae4f1e7a883e60b51
mlir/test/python/dialects/linalg/opdsl/lit.local.cfg	blob	100644	18d2d458ed790000a50495f49623e52a9ba8e4c6
mlir/test/python/dialects/linalg/opdsl/metadata.py	blob	100644	9c940e1060cabe105ab5904a1bcbfd3138a5a343
mlir/test/python/dialects/linalg/opdsl/shape_maps_iteration.py	blob	100644	4f3569b7974d8955927e2d3e5c61c0516e780357
mlir/test/python/dialects/linalg/opdsl/test_core_named_ops.py	blob	100644	fad6c903ed1f8bb5c98933190194948f822687ba
mlir/test/python/dialects/linalg/ops.py	blob	100644	127a812dd83e3a7b2ada0bd8776832b66281353e
mlir/test/python/dialects/linalg/utils.py	blob	100644	e91b2408e1382e601f74c6a63eefc9f3e6b496ec
mlir/test/python/dialects/llvm.py	blob	100644	d63fea70d4259e3cc268995a57dbcd84f05c07ac
mlir/test/python/dialects/math_dialect.py	blob	100644	3d402c54a11e3676e2bf03d77c0f010f8cc2027a
mlir/test/python/dialects/memref.py	blob	100644	b91fdc367cf301629440a7b0364c649057933015
mlir/test/python/dialects/ml_program.py	blob	100644	edffcfbf0138d3790697c04d1445f32b53ebc448
mlir/test/python/dialects/nvgpu.py	blob	100644	fbf8f84b1bc9ac42471eb531431900b51c0c8c51
mlir/test/python/dialects/nvvm.py	blob	100644	18ee5384f446b1ab42c447875ab609660a58d9c6
mlir/test/python/dialects/ods_helpers.py	blob	100644	6f02153e08db5ef4c7ebc949e5c96895f63d3d22
mlir/test/python/dialects/openacc.py	blob	100644	7cb1c1dc51b36689cd2d87f8458e846dd7f9f476
mlir/test/python/dialects/openmp_ops.py	blob	100644	d1368535234022189a0134568b4c40a0616767e1
mlir/test/python/dialects/pdl_ops.py	blob	100644	95cb25c14873dbac0ea71c428a969dec80d900b6
mlir/test/python/dialects/pdl_types.py	blob	100644	58c9e74e95bffa2f5c7a43f868b8519d035d9872
mlir/test/python/dialects/python_test.py	blob	100644	655862f957771e097723863adca3f6dadf5646c8
mlir/test/python/dialects/quant.py	blob	100644	abccfc488780a487f3fe372ac4793c1678eb658c
mlir/test/python/dialects/rocdl.py	blob	100644	ed83504f3ac5c11c02f2010ed41f7a1a4364ef6a
mlir/test/python/dialects/scf.py	blob	100644	e53a299d1f869ac7f1f4a9af45ea742f3ad64e2b
mlir/test/python/dialects/shape.py	blob	100644	ad755852f5d37df1f405790f2b277386a0231d22
mlir/test/python/dialects/shard.py	blob	100644	c3ba60529634541f9ec8b51264a605e5ca7840e0
mlir/test/python/dialects/smt.py	blob	100644	6f0cd8835b65b96cc231184df265adc832b0e6a8
mlir/test/python/dialects/sparse_tensor/dialect.py	blob	100644	c72a69830a1e8eda2d5dfc3a72bc81b7fdd364c5
mlir/test/python/dialects/sparse_tensor/passes.py	blob	100644	c37c5207ebd9f8784ac8e09e736b327f5073958c
mlir/test/python/dialects/spirv_dialect.py	blob	100644	d5b9e6cedb5d31ad1214b5710002550270315f54
mlir/test/python/dialects/tensor.py	blob	100644	ca9066b239111ba1575d487d257601bd8df0dd63
mlir/test/python/dialects/tosa.py	blob	100644	29f63e030ee23de6f17b6a7d8d63974ddc92b130
mlir/test/python/dialects/transform.py	blob	100644	4b7a2bb39c8800f2f9f7c5ee6e3381e54d44746c
mlir/test/python/dialects/transform_bufferization_ext.py	blob	100644	9854f5aff14114bfeedc5577e32ab8dccf0c6ba5
mlir/test/python/dialects/transform_debug_ext.py	blob	100644	2dfdaed343865a49dc93a3aaa254fd324e9892c3
mlir/test/python/dialects/transform_extras.py	blob	100644	091eaea291c2b5810ec637d70b31cff857fc80b6
mlir/test/python/dialects/transform_gpu_ext.py	blob	100644	17f5a6d38f8c1a4079aae8422fc079e419533161
mlir/test/python/dialects/transform_interpreter.py	blob	100644	119ee8636e2094a034ef97abd2a3ca2d8d300a48
mlir/test/python/dialects/transform_loop_ext.py	blob	100644	90a499f78d197776fa882ba1e84f275cf1bf0571
mlir/test/python/dialects/transform_memref_ext.py	blob	100644	b4e68694c7f3e654a5df7b07648f27b4c71f01cf
mlir/test/python/dialects/transform_nvgpu_ext.py	blob	100644	1de8b25bab7a5c66bdb6497f7a5ce3cbbb9737a9
mlir/test/python/dialects/transform_op_interface.py	blob	100644	01c80826ce8b9fce54c178652e206fac8503524d
mlir/test/python/dialects/transform_pattern_descriptor_op_interface.py	blob	100644	e194547fdc33a3fd9d84c5d90797af85e0d3dca9
mlir/test/python/dialects/transform_smt_ext.py	blob	100644	11d5adb029eeb1e14a8368fba34e031c84bd8411
mlir/test/python/dialects/transform_sparse_tensor_ext.py	blob	100644	e11cc6bf1e074269dfc745082044c910180faa69
mlir/test/python/dialects/transform_structured_ext.py	blob	100644	b96c8edb177c4131f5b0f717c8796fa2513827fe
mlir/test/python/dialects/transform_tensor_ext.py	blob	100644	304932f87c7343d49d123b91a94a76b487223658
mlir/test/python/dialects/transform_tune_ext.py	blob	100644	eb2a083211ef7aee82ef1796466c40eaad35374d
mlir/test/python/dialects/transform_vector_ext.py	blob	100644	a3c53a45048b242abe6d6cd5f8d851bc4e3c0b3a
mlir/test/python/dialects/transform_x86_ext.py	blob	100644	b4034f02dc0b9eaeb002105d1f058be0bb0f1c34
mlir/test/python/dialects/transform_xegpu_ext.py	blob	100644	5d5db1919af1496ec513ff71dbd0ce8f11792029
mlir/test/python/dialects/ub.py	blob	100644	cbbd49d2ec6cc4b41d11e8f5cded05ef5c3f3a84
mlir/test/python/dialects/vector.py	blob	100644	77eaf94a830d9628e87c9dcdfe648d48c5a7453e
mlir/test/python/dialects/x86.py	blob	100644	9e528e57421c72d8890582ac3a0e353baf94eca7
mlir/test/python/execution_engine.py	blob	100644	858ee089042adfc44f74bc2d47fc07587ad13474
mlir/test/python/global_constructors.py	blob	100644	5020c00344a339d60e59f11bc900f85852702ce2
mlir/test/python/integration/dialects/bf.py	blob	100644	23632b7f4b9c9a4e29b121cb3a9fcd6c71e74fa9
mlir/test/python/integration/dialects/linalg/opsrun.py	blob	100644	8eff573f98ad3a543c78d9040c8f2198788177f2
mlir/test/python/integration/dialects/pdl.py	blob	100644	6a377a090fbb9d25a64194adb9f35152b2cbfe8a
mlir/test/python/integration/dialects/transform.py	blob	100644	8c3089f8cea5379d2244d0b1f8d6cc5331a3ae37
mlir/test/python/integration/lit.local.cfg	blob	100644	837d1b7c898d630d072a95ecf430fdcb0e61befc
mlir/test/python/ir/affine_expr.py	blob	100644	cf1d5258333d71cadc0e4916bf3957f5d497d7e7
mlir/test/python/ir/affine_map.py	blob	100644	672335e9bf8a7a5263070e4c0bde169e0b5ca357
mlir/test/python/ir/array_attributes.py	blob	100644	9b4249b0c686b4dc95f88aa2ee351de5079a18f1
mlir/test/python/ir/attributes.py	blob	100644	3ba3788023293ee3ab61a2a1cb802b5ba03d78ce
mlir/test/python/ir/auto_location.py	blob	100644	3af20739b0c46bc0a81a8e03a3c93b1b83c950bb
mlir/test/python/ir/auto_location_stable_abi.py	blob	100644	a55b9ffe68c0f0165aacc495ca678e655721db35
mlir/test/python/ir/blocks.py	blob	100644	1e6ecea310f198879f5a967c4d16d7ad36a1317f
mlir/test/python/ir/builtin_types.py	blob	100644	acfcc6eaa9bcd1ff4fff557fd22c95dc605bcd5c
mlir/test/python/ir/context_lifecycle.py	blob	100644	e8f1c86023147d897e9b9118a66e06bf22f15ecc
mlir/test/python/ir/context_managers.py	blob	100644	3a7410ef293ab7a983d62780a4e5510a228ef733
mlir/test/python/ir/custom_dialect/__init__.py	blob	100644	e69de29bb2d1d6434b8b29ae775ad8c2e48c5391
mlir/test/python/ir/custom_dialect/custom.py	blob	100644	388368ca6fe6bcd87e06b0a0fa1610976381ada1
mlir/test/python/ir/custom_dialect/lit.local.cfg	blob	100644	26ea63660d6a3bf338efcbcebadc2b337aa48cea
mlir/test/python/ir/debug.py	blob	100644	629a710e68585d91416c4c3066ca9c5b68c2a491
mlir/test/python/ir/diagnostic_handler.py	blob	100644	6d273e5092e42883cf6378f60e5f9ed6b1c0b084
mlir/test/python/ir/dialects.py	blob	100644	5a2ed684d298b3dc4db0f937d852887ca053dac7
mlir/test/python/ir/exception.py	blob	100644	74085cd349643b575fb769495a185b1156b11e82
mlir/test/python/ir/insertion_point.py	blob	100644	f48beb25f04b277ec6bead6c526988c824a5409f
mlir/test/python/ir/integer_set.py	blob	100644	9fe0480c33a2aefde774903240e8f2422bd1163c
mlir/test/python/ir/location.py	blob	100644	3a9d98e1f7214555a750ed509f6ad7f56b708681
mlir/test/python/ir/memory_effects_op_interface.py	blob	100644	4d979c61d34bcdfd169a719bfdfc4e9db074e6d8
mlir/test/python/ir/module.py	blob	100644	33959bea9ffb6ce7dd2b2beb5de658dd711cbe72
mlir/test/python/ir/operation.py	blob	100644	c6c2fb8219dd22e9c188a49380e8141fd2025c3c
mlir/test/python/ir/symbol_table.py	blob	100644	99d5fadfea10a914ace43e359f24f83457919866
mlir/test/python/ir/value.py	blob	100644	7761c2eb4a424e17767d39c5179b71085a05a941
mlir/test/python/lib/CMakeLists.txt	blob	100644	f51a7b44e64dd1fcf356fef051c3f91fdd231f40
mlir/test/python/lib/PythonTestCAPI.cpp	blob	100644	ee6a5ae2d9c3d4dda012e5add9ebd4b38f6e5a96
mlir/test/python/lib/PythonTestCAPI.h	blob	100644	5ffd0cbf6201ebd587880d5521cb08d386bb2726
mlir/test/python/lib/PythonTestDialect.cpp	blob	100644	a0ff31504c6918bbde52e225426f896fcfc6f6d7
mlir/test/python/lib/PythonTestDialect.h	blob	100644	889365e1136b4e3d4a87d86031000889b5a7511e
mlir/test/python/lib/PythonTestModuleNanobind.cpp	blob	100644	36fc7b433752d15fc5624a75a16ea96d9160f172
mlir/test/python/lit.local.cfg	blob	100644	12d6e1f22744a25f0e68e72fd45d70b9c14513a3
mlir/test/python/live_operations.py	blob	100644	892ed1715f6c734d6ff98f0cb2d490f856909b2c
mlir/test/python/multithreaded_tests.py	blob	100644	6e1a66834687291e94eb7c164fe187c66511e929
mlir/test/python/pass_manager.py	blob	100644	4a99b3245277be493efb1854551a80e9fb47ed42
mlir/test/python/python_pass.py	blob	100644	50c42102f66d33c585c3c8b21621c10319526fe8
mlir/test/python/python_test_ops.td	blob	100644	96e951424ca5120543d28d7ea546a6dd2bc705ed
mlir/test/python/rewrite.py	blob	100644	1cd3e70d3dfce67ed15fdf02e1b05d2e16651d2b
mlir/test/tblgen-lsp-server/compilation_database.test	blob	100644	d1a9412af61c7d958507eb6dbf22c65e476bff1c
mlir/test/tblgen-lsp-server/definition.test	blob	100644	e05e8d6196833f15be282958945302c93a3a0479
mlir/test/tblgen-lsp-server/diagnostics.test	blob	100644	792acb6e382d00ec30405d73c828733e5cf9fa62
mlir/test/tblgen-lsp-server/document-links.test	blob	100644	1dc0e0c0fa55ede2b3b31b178795cd7f55a7e43b
mlir/test/tblgen-lsp-server/exit-eof.test	blob	100644	a3e1e667dd74bd7c12b4fcab7b06528298ad0bd9
mlir/test/tblgen-lsp-server/exit-with-shutdown.test	blob	100644	f4295afe38232d0cc079bb1a3d97afe638248e35
mlir/test/tblgen-lsp-server/exit-without-shutdown.test	blob	100644	3fcac2b4138b28d8611c3db1bc027bc269e35bba
mlir/test/tblgen-lsp-server/hover.test	blob	100644	4e3c9a6b46eda0f7e4bf0c501b746d69a11fe8f9
mlir/test/tblgen-lsp-server/include/included.td	blob	100644	b5b0b93592fca2bd8881064a522aab7f3bcf9cdf
mlir/test/tblgen-lsp-server/initialize-params-invalid.test	blob	100644	bb53a7afea5f32f305b989ea6929cac250d2c0cc
mlir/test/tblgen-lsp-server/initialize-params.test	blob	100644	4623f2b87e062b92eaf7fff27848f7288be8365e
mlir/test/tblgen-lsp-server/lit.local.cfg	blob	100644	aa35dbfa8c01ffccaad153ed59207964e3a63554
mlir/test/tblgen-lsp-server/references.test	blob	100644	55aa96e8ed8b931dbc683458a0e05e7e324df861
mlir/test/tblgen-lsp-server/templ-arg-check.test	blob	100644	cda9b79a1f4633772d4a8d766e365ebe3be64c6a
mlir/test/tblgen-lsp-server/textdocument-didchange.test	blob	100644	06e22977bc8fca23921c35ab795e04e5339a51d3
mlir/test/tblgen-to-irdl/CMathDialect.td	blob	100644	3ed700c49741037814d0ba99b69b58e92802adfc
mlir/test/tblgen-to-irdl/TestDialect.td	blob	100644	4ab1750e30fb4d6f9b890988a72a387cd4b546d0
mlir/tools/CMakeLists.txt	blob	100644	a9d0eb106f18a870b8021679b10b2848dcf729b4
mlir/tools/mlir-irdl-to-cpp/CMakeLists.txt	blob	100644	5b69b364c6b32a15d2cf8a900e84be64edd25577
mlir/tools/mlir-irdl-to-cpp/mlir-irdl-to-cpp.cpp	blob	100644	4a512bd90874b1806fd216e8dc0bae3650d7c47e
mlir/tools/mlir-linalg-ods-gen/CMakeLists.txt	blob	100644	ef5ce8882ec76f15ebbfc8f20be7bdb6b4956c8f
mlir/tools/mlir-linalg-ods-gen/mlir-linalg-ods-yaml-gen.cpp	blob	100644	c84efc50caa68c139513e27d087d52c253c99b8b
mlir/tools/mlir-linalg-ods-gen/update_core_linalg_named_ops.sh.in	blob	100755	0bb6a209b6c18d7b55acd744316e3017b3af9dc3
mlir/tools/mlir-lsp-server/CMakeLists.txt	blob	100644	0518620699ae0389259123f0ab1be78a5fa8d50a
mlir/tools/mlir-lsp-server/mlir-lsp-server.cpp	blob	100644	712237bbbbca6bbdafcefdef5fb630094f4365b1
mlir/tools/mlir-opt/CMakeLists.txt	blob	100644	c607ccfa80e3ce00aabcfa6a0ce0b5abd8715ec9
mlir/tools/mlir-opt/mlir-opt.cpp	blob	100644	47dffb1b2d28bc1af0d8d61f17b937b93065a4a8
mlir/tools/mlir-parser-fuzzer/CMakeLists.txt	blob	100644	ea1d4aabf3d942e998dcefa28ec9845b9549f4a2
mlir/tools/mlir-parser-fuzzer/bytecode/CMakeLists.txt	blob	100644	e17b1588519898f46ab016e2a0b50558e12c306d
mlir/tools/mlir-parser-fuzzer/bytecode/DummyParserFuzzer.cpp	blob	100644	7d99f41a96c19dbb24c86038487715c22145e05f
mlir/tools/mlir-parser-fuzzer/bytecode/mlir-bytecode-parser-fuzzer.cpp	blob	100644	bb06c64d7215acc006c82fac5494785081c4d718
mlir/tools/mlir-parser-fuzzer/text/CMakeLists.txt	blob	100644	b4a2bacc0ee0be792bdc90f911f033e9750c4916
mlir/tools/mlir-parser-fuzzer/text/DummyParserFuzzer.cpp	blob	100644	7d99f41a96c19dbb24c86038487715c22145e05f
mlir/tools/mlir-parser-fuzzer/text/mlir-text-parser-fuzzer.cpp	blob	100644	faa578bc1fde899dcd55e86ec42ccea030bda056
mlir/tools/mlir-pdll-lsp-server/CMakeLists.txt	blob	100644	4dfcd13a65857e45112635b59578adc92604aec0
mlir/tools/mlir-pdll-lsp-server/mlir-pdll-lsp-server.cpp	blob	100644	ffda7c8a194a8d676acd8a6b25aae86718da9d9e
mlir/tools/mlir-pdll/CMakeLists.txt	blob	100644	35b8870a1b1a6c20e80b7e7b6b89107b0a041faa
mlir/tools/mlir-pdll/mlir-pdll.cpp	blob	100644	76122a0411513969311e7d34ca06ac01b41b8696
mlir/tools/mlir-query/CMakeLists.txt	blob	100644	1668bbac23d166ced061ef3043ef88959ea8d68f
mlir/tools/mlir-query/mlir-query.cpp	blob	100644	8a17a33c6183863dd3b979b2d716400bc2a97b87
mlir/tools/mlir-reduce/CMakeLists.txt	blob	100644	349d75b84df0e7bb16d0eb564160d79c1e2357b4
mlir/tools/mlir-reduce/mlir-reduce.cpp	blob	100644	44b21b805e8c3e2255de3278ced6033da3f631b1
mlir/tools/mlir-rewrite/CMakeLists.txt	blob	100644	4120b175da306cb9a094805c530bc6f08de9c7f5
mlir/tools/mlir-rewrite/mlir-rewrite.cpp	blob	100644	795766f933ddcdfcb5d755b2b93861e58147952a
mlir/tools/mlir-runner/CMakeLists.txt	blob	100644	2f34c3403261037de48f20c4b298e62ed0f0c875
mlir/tools/mlir-runner/mlir-runner.cpp	blob	100644	44ad660e346faedf082f3ec563bb2869e1300c91
mlir/tools/mlir-shlib/CMakeLists.txt	blob	100644	a33c70c5807bea99a5f6c76e10d9128b07e88152
mlir/tools/mlir-shlib/mlir-shlib.cpp	blob	100644	0093622e6a14375fdbfa8ba91989d38d32ab6f5a
mlir/tools/mlir-src-sharder/CMakeLists.txt	blob	100644	b5d90cfe238ed3864949b3abe6bf232565196f9d
mlir/tools/mlir-src-sharder/mlir-src-sharder.cpp	blob	100644	9ec9b7215020767e08e7dc9330fc026040fb8565
mlir/tools/mlir-tblgen/AttrOrTypeDefGen.cpp	blob	100644	64f35e7fef6d34abad965e8bba6d985178be3be2
mlir/tools/mlir-tblgen/AttrOrTypeFormatGen.cpp	blob	100644	eed05558447de2e5efba01f8ac4cc471730cafae
mlir/tools/mlir-tblgen/AttrOrTypeFormatGen.h	blob	100644	d4711532a79bb30ab58b93a3cc86a426c1419b8f
mlir/tools/mlir-tblgen/BytecodeDialectGen.cpp	blob	100644	031fe6cc94eb275f0ae936a37fbf02f03c923e97
mlir/tools/mlir-tblgen/CMakeLists.txt	blob	100644	936c84ef58b2b13f9e2b61c61c249256bc50fa82
mlir/tools/mlir-tblgen/CppGenUtilities.cpp	blob	100644	6c05d5336224db99f15efed677799c4099d02023
mlir/tools/mlir-tblgen/CppGenUtilities.h	blob	100644	69d8cd85ecf70b4cf346c83fe96d137b7ed0c126
mlir/tools/mlir-tblgen/DialectGen.cpp	blob	100644	d6977b1f225794b9f0e624e6d8d01901300ed0ce
mlir/tools/mlir-tblgen/DialectGenUtilities.h	blob	100644	979a9d67b404703b6fe83f9862484c422b233f7b
mlir/tools/mlir-tblgen/DialectInterfacesGen.cpp	blob	100644	e695b8c7618956ed752551131a1346fdba941876
mlir/tools/mlir-tblgen/DirectiveCommonGen.cpp	blob	100644	09e1bdafe7bc9891a2ffff456c916e228f401e22
mlir/tools/mlir-tblgen/DocGenUtilities.h	blob	100644	dd1dbbe243911fe0a3648cec256edecb5fb57557
mlir/tools/mlir-tblgen/EnumPythonBindingGen.cpp	blob	100644	6cef09d9958c7a3a60af113749b97e5d87ecff5d
mlir/tools/mlir-tblgen/EnumsGen.cpp	blob	100644	845f1ef46cf35820879d35790dd59eb526ba022e
mlir/tools/mlir-tblgen/FormatGen.cpp	blob	100644	31843fabd5f4ded77f8701c383dbe2ab40754541
mlir/tools/mlir-tblgen/FormatGen.h	blob	100644	b9600b9761992bf297b4fccc71d941fb20c1df79
mlir/tools/mlir-tblgen/LLVMIRConversionGen.cpp	blob	100644	11a2db4a1cc67289adcb0c0f746df509a8569eec
mlir/tools/mlir-tblgen/LLVMIRIntrinsicGen.cpp	blob	100644	ea72ae974c585660a3da826fda9c17dbf50dd4f7
mlir/tools/mlir-tblgen/OmpOpGen.cpp	blob	100644	e1be11a0d92edd019b6dbe37f342b7f67fa62031
mlir/tools/mlir-tblgen/OpClass.cpp	blob	100644	60fa1833ce625ef843f38373bcb00f08a4292e63
mlir/tools/mlir-tblgen/OpClass.h	blob	100644	20b96baf868c77b143ad8f8074c514c071e61ba6
mlir/tools/mlir-tblgen/OpDefinitionsGen.cpp	blob	100644	aa9ff159903bc6fc0face6f6ccc8d5853f79dbb7
mlir/tools/mlir-tblgen/OpDocGen.cpp	blob	100644	971039d31ed343b9b19f708a9e8ab24ba2b05fbc
mlir/tools/mlir-tblgen/OpFormatGen.cpp	blob	100644	becdcc825d5470861a55a9c55a462817f54e6160
mlir/tools/mlir-tblgen/OpFormatGen.h	blob	100644	88dbc99d9f78ef7e8a73c334d0470f0b59eb2299
mlir/tools/mlir-tblgen/OpGenHelpers.cpp	blob	100644	44dbacf19fffd4fccadd2e9ca42194b4cdac00c3
mlir/tools/mlir-tblgen/OpGenHelpers.h	blob	100644	3cd171d10c08abc9a39997f42d68c67342e635c7
mlir/tools/mlir-tblgen/OpInterfacesGen.cpp	blob	100644	8f4a2f3907a53c70f627ab87873bcbe719a49d88
mlir/tools/mlir-tblgen/OpPythonBindingGen.cpp	blob	100644	81c598ebbef0ad8281c689bdfda6b69fded771de
mlir/tools/mlir-tblgen/PassCAPIGen.cpp	blob	100644	8c13c9b03133521ebfcbb8c5a01bde91f4542d1a
mlir/tools/mlir-tblgen/PassDocGen.cpp	blob	100644	456f9ceffeb9b27fc003e777c3f91735ef1df6bd
mlir/tools/mlir-tblgen/PassGen.cpp	blob	100644	e4ae78f022405eac036d4abcb580a558be3a5cb5
mlir/tools/mlir-tblgen/RewriterGen.cpp	blob	100644	a53ced0e394cb0fc961aa1da3f9ece76fcf19eeb
mlir/tools/mlir-tblgen/SPIRVUtilsGen.cpp	blob	100644	d42aef47ba0663ff323b8b16f4e65dabb48d2fa5
mlir/tools/mlir-tblgen/mlir-tblgen.cpp	blob	100644	9c5cc6a6f6f4d1fd7b38de1c26bf45e2112b3006
mlir/tools/mlir-translate/CMakeLists.txt	blob	100644	b356e04bb1dc4a3ff4bc7ab3c200c8afefd14719
mlir/tools/mlir-translate/mlir-translate.cpp	blob	100644	2388ff79d9c879728e36f6b6304c326ff01d2a91
mlir/tools/tblgen-lsp-server/CMakeLists.txt	blob	100644	a96fa41180e0937b767792b7f3925b9ce986848a
mlir/tools/tblgen-lsp-server/tblgen-lsp-server.cpp	blob	100644	e8fdbfcc0fb1bea78fcc1c2a082783d0acea0220
mlir/tools/tblgen-to-irdl/CMakeLists.txt	blob	100644	a6621cb98ac6bdc1e4f8a48415e0e85551ac7d57
mlir/tools/tblgen-to-irdl/OpDefinitionsGen.cpp	blob	100644	66a92c7bcf2e0c668993f968ea1381d7f9bb7730
mlir/tools/tblgen-to-irdl/tblgen-to-irdl.cpp	blob	100644	33421b4e2ddd6fe276937b5495b53d193e30d2c8
mlir/unittests/ABI/ABIRewriteContextTest.cpp	blob	100644	789257d31868546765c20fb5b190b7777903fb06
mlir/unittests/ABI/ABITypeMapperTest.cpp	blob	100644	c702cf387b58aa84a9d26447abd53742c6344b49
mlir/unittests/ABI/CMakeLists.txt	blob	100644	1113ed9516f9c8a60d05f2ab8c4b58292647ded5
mlir/unittests/ABI/TestTargetTest.cpp	blob	100644	a83f2290b0b589db4625faa578e57f34bba08f9d
mlir/unittests/Analysis/CMakeLists.txt	blob	100644	a05d09f89070cffb945b29ffedf7e6b143390003
mlir/unittests/Analysis/Presburger/BarvinokTest.cpp	blob	100644	4ca999878df2c66a8fd54271b5fcb513c9a07a4d
mlir/unittests/Analysis/Presburger/CMakeLists.txt	blob	100644	c7d6dafbd84c95fc447bdf0f16cdd517a5a26a8c
mlir/unittests/Analysis/Presburger/FractionTest.cpp	blob	100644	c9fad953dacd56d183e2fdcb34748e64a258edcb
mlir/unittests/Analysis/Presburger/GeneratingFunctionTest.cpp	blob	100644	5e12181532e82b2a4f99615c4c2e17129166c1cd
mlir/unittests/Analysis/Presburger/IntegerPolyhedronTest.cpp	blob	100644	a4a48f0b8923deef77f022dda50b5263988df285
mlir/unittests/Analysis/Presburger/IntegerRelationTest.cpp	blob	100644	c3da1c1556d266af011e0e6c4867a76bdbd1f485
mlir/unittests/Analysis/Presburger/LinearTransformTest.cpp	blob	100644	388ac1174dcdc97901ca029b99454ce4a96bbbd1
mlir/unittests/Analysis/Presburger/MatrixTest.cpp	blob	100644	d40760fa8d894a489f52df8286c4b42d49005c02
mlir/unittests/Analysis/Presburger/PWMAFunctionTest.cpp	blob	100644	ee2931e78185cad77c15f0c353b192bbaee39f05
mlir/unittests/Analysis/Presburger/Parser.h	blob	100644	992e86c8b41a7cee39f864eaf2efb1904e5189eb
mlir/unittests/Analysis/Presburger/ParserTest.cpp	blob	100644	06b728cd1a8fa10dfc52d8a80cfe447fc34688eb
mlir/unittests/Analysis/Presburger/PresburgerRelationTest.cpp	blob	100644	ad71bb32a06880f2a502a962d792768c12f8d7f7
mlir/unittests/Analysis/Presburger/PresburgerSetTest.cpp	blob	100644	c89b528bc7f7b87f4e99ebf26a66867da34f4688
mlir/unittests/Analysis/Presburger/PresburgerSpaceTest.cpp	blob	100644	7229a8ab6b4c474dc45bc6862b5d32f62e791ce4
mlir/unittests/Analysis/Presburger/QuasiPolynomialTest.cpp	blob	100644	e9f3c577af97f82894d15479842f15cf847c39d5
mlir/unittests/Analysis/Presburger/SimplexTest.cpp	blob	100644	0955efdf2e988db4c077513bf3b217db8f7f6003
mlir/unittests/Analysis/Presburger/Utils.h	blob	100644	ef4355f9e380583caa29184b1b23a3532cb66a29
mlir/unittests/Analysis/Presburger/UtilsTest.cpp	blob	100644	d91a0f2da9ceee1285d80135dc053649b2e5ef0c
mlir/unittests/Bytecode/BytecodeTest.cpp	blob	100644	7e11aa14fda4418304cef49e2d1234c62dbc837c
mlir/unittests/Bytecode/CMakeLists.txt	blob	100644	92bb5fe3c158de11796a7e4dacb56c06c0b152d4
mlir/unittests/CMakeLists.txt	blob	100644	25514840c0f58af6acf391f2f97ffb0916735d95
mlir/unittests/Conversion/CMakeLists.txt	blob	100644	2dee5e7dac90c4dc85d89a00e6024f3ce3bbeada
mlir/unittests/Conversion/PDLToPDLInterp/CMakeLists.txt	blob	100644	cc5d3eef9a797dd92df0d0143b149eb7ae5a6d95
mlir/unittests/Conversion/PDLToPDLInterp/RootOrderingTest.cpp	blob	100644	020c0fe770bfc3f440084164e3aacab7867c2e93
mlir/unittests/Debug/CMakeLists.txt	blob	100644	d55282937956a9e277869743e90818a67cd91ee4
mlir/unittests/Debug/DebugCounterTest.cpp	blob	100644	eeeb538a94ba340a1865add52c907df5b5992689
mlir/unittests/Debug/ExecutionContextTest.cpp	blob	100644	1c442d4aa1acc1b541fc0d3a67905492fb11c867
mlir/unittests/Debug/FileLineColLocBreakpointManagerTest.cpp	blob	100644	a345aec72f583570c9d852630f2f07174ad59f10
mlir/unittests/Dialect/AMDGPU/AMDGPUUtilsTest.cpp	blob	100644	570d56f3c6ff139d17f1da7442da1c8bb66b0043
mlir/unittests/Dialect/AMDGPU/CMakeLists.txt	blob	100644	a5acbe60349af41db346d85f47395c509aac5a3b
mlir/unittests/Dialect/ArmSME/CMakeLists.txt	blob	100644	38bc0238d86a5463c7b2d1d9110277e84abb9d93
mlir/unittests/Dialect/ArmSME/TileTypeConversionTest.cpp	blob	100644	305f879489813e32c39b128ff95b2f3a4f772552
mlir/unittests/Dialect/BroadcastShapeTest.cpp	blob	100644	db8afe5bceeaf2150316f41416deb8b62b175b0f
mlir/unittests/Dialect/CMakeLists.txt	blob	100644	269eccb1f93c3b04af8040abf22fdc8eb138c418
mlir/unittests/Dialect/Index/CMakeLists.txt	blob	100644	34afa75861f955ddfe4ad28f38afb11750bf4988
mlir/unittests/Dialect/Index/IndexOpsFoldersTest.cpp	blob	100644	948033ddb5934a62e6379d4c9d22709862fee09f
mlir/unittests/Dialect/LLVMIR/CMakeLists.txt	blob	100644	dc0e82d7591e89eb2fe0b9c7533f31a082b7f984
mlir/unittests/Dialect/LLVMIR/LLVMAttrsTest.cpp	blob	100644	15b5464be7262d5c41cca95eefc91c651333345b
mlir/unittests/Dialect/LLVMIR/LLVMTestBase.h	blob	100644	1badc44ce2132cdc1b5744bdd35b51a35f0d5404
mlir/unittests/Dialect/LLVMIR/LLVMTypeTest.cpp	blob	100644	083dec819a0e05432a49411cfb9790a25c20a224
mlir/unittests/Dialect/Linalg/CMakeLists.txt	blob	100644	a7da4e07c25510f1a8cc6e96a3bd57f0077063da
mlir/unittests/Dialect/Linalg/InferConvolutionDimsTest.cpp	blob	100644	e4af32acb502b7985580d78896bec365a4637ee9
mlir/unittests/Dialect/MemRef/CMakeLists.txt	blob	100644	face68c587d39a90ab9a0f2b5dcb3fa1bdb0de87
mlir/unittests/Dialect/MemRef/InferShapeTest.cpp	blob	100644	3937095c119c3969b8f1ddd2e381dd659c42bd37
mlir/unittests/Dialect/MemRef/MemRefUtilsTest.cpp	blob	100644	92f447be969c22bc05268ea0e1574d70b8609abe
mlir/unittests/Dialect/OpenACC/CMakeLists.txt	blob	100644	0fe641c2da5566f1e9bf76a3ab830c2954c25e97
mlir/unittests/Dialect/OpenACC/OpenACCCGOpsTest.cpp	blob	100644	44283c9091b4d8fd22f7634afaef76ebe6481756
mlir/unittests/Dialect/OpenACC/OpenACCOpsInterfacesTest.cpp	blob	100644	7d52ef31b21edde890068db7f650465682e4b0e4
mlir/unittests/Dialect/OpenACC/OpenACCOpsTest.cpp	blob	100644	df1109d7f6dcfb5d30fa046055551fa0fa4cb6ed
mlir/unittests/Dialect/OpenACC/OpenACCRuntimeUtilsTest.cpp	blob	100644	b85217bbe24e6cc4821c49cea0c13ac4691db4da
mlir/unittests/Dialect/OpenACC/OpenACCTypeInterfacesTest.cpp	blob	100644	29407122049308e4453f3787637b1825433ccb9f
mlir/unittests/Dialect/OpenACC/OpenACCUtilsCGTest.cpp	blob	100644	097e34f6332ee9d4fd78d67216a779d1b23b00c9
mlir/unittests/Dialect/OpenACC/OpenACCUtilsGPUTest.cpp	blob	100644	e4243ed04f8f105f8f9f240c951e76f88105d8a2
mlir/unittests/Dialect/OpenACC/OpenACCUtilsLoopTest.cpp	blob	100644	e4d94855a06ec3619bf06e64e59ca17e1a8734a3
mlir/unittests/Dialect/OpenACC/OpenACCUtilsReductionTest.cpp	blob	100644	690b174b5ba03952de8aaef4f4a2169f47afdf09
mlir/unittests/Dialect/OpenACC/OpenACCUtilsTest.cpp	blob	100644	e83a26a184cb532d392f03dad3c4d2c57961c414
mlir/unittests/Dialect/OpenACC/OpenACCUtilsTilingTest.cpp	blob	100644	d4eeaec63e57a2494556e354bfbd3dfad5e31bab
mlir/unittests/Dialect/OpenACC/OpenACCUtilsTypeTest.cpp	blob	100644	586bda6416f90b3d53b00fa854f3a063345fcdb9
mlir/unittests/Dialect/SCF/CMakeLists.txt	blob	100644	83cefbcabf4d90efbd47d486e9472c33d3a4c90e
mlir/unittests/Dialect/SCF/LoopLikeSCFOpsTest.cpp	blob	100644	ef2312398265f773ef7427a0e2e5431fd5a613fb
mlir/unittests/Dialect/SMT/AttributeTest.cpp	blob	100644	4b4aada36bed5128b06a04f4493dce7b761a8148
mlir/unittests/Dialect/SMT/CMakeLists.txt	blob	100644	184e227c40327662d514913286a4d5af5119a3b8
mlir/unittests/Dialect/SMT/QuantifierTest.cpp	blob	100644	5cbc019989736d9967a27f8b75221ca11156c67d
mlir/unittests/Dialect/SPIRV/CMakeLists.txt	blob	100644	967fb6d402ff12d0435e14813f01f70a772b6cc5
mlir/unittests/Dialect/SPIRV/DeserializationTest.cpp	blob	100644	dd9fddc527fc66a5d9514702fd333e33b3a03800
mlir/unittests/Dialect/SPIRV/SPIRVTypeTest.cpp	blob	100644	d74d7db06408de20b92d41e90dfa7c3079510e5a
mlir/unittests/Dialect/SPIRV/SerializationTest.cpp	blob	100644	0d04e6ff2407f5eb6dd17c68410821bc9db4dc9a
mlir/unittests/Dialect/SparseTensor/CMakeLists.txt	blob	100644	15a61492a8bb21f728113c0bd72085690fef2741
mlir/unittests/Dialect/SparseTensor/MergerTest.cpp	blob	100644	2b92e47d9288ef800d10b47094a143ca5340f26f
mlir/unittests/Dialect/Transform/BuildOnlyExtensionTest.cpp	blob	100644	7ff2f9db717605ea838526c2fe7ee7080e69b0b7
mlir/unittests/Dialect/Transform/CMakeLists.txt	blob	100644	20cdc63966ec0b20415e47e2606e742d6d38f0f0
mlir/unittests/Dialect/Transform/Preload.cpp	blob	100644	8504928d85cb29383fbd7733b1156ae47a3419e8
mlir/unittests/Dialect/Utils/CMakeLists.txt	blob	100644	e921c8bcfb4e58262a5da78ef987408a6ec22961
mlir/unittests/Dialect/Utils/IndexingUtilsTest.cpp	blob	100644	4b68e4214e7718b2e1f39b3524dc4a6a5ba32a49
mlir/unittests/Dialect/Utils/ReshapeOpsUtilsTest.cpp	blob	100644	05f97e875e2dc3b08083cafdcc568e537d7fa233
mlir/unittests/Dialect/Utils/StructuredOpsUtilsTest.cpp	blob	100644	d257fc5d6e041d1b557623223b25f23297e64cc5
mlir/unittests/ExecutionEngine/CMakeLists.txt	blob	100644	b83163e39c01425532c9ad26c44e15776532e2a1
mlir/unittests/ExecutionEngine/DynamicMemRef.cpp	blob	100644	78a2440b59cbaabefb86472bc6f8554094291475
mlir/unittests/ExecutionEngine/Invoke.cpp	blob	100644	4061d16a8380775232aa95fbd6b62c7e9433f58b
mlir/unittests/ExecutionEngine/StridedMemRef.cpp	blob	100644	f5ffcc8fc911f10c67542f5b6afccae82302d346
mlir/unittests/IR/AdaptorTest.cpp	blob	100644	0a5fa8d3c475c3325f104baf52d87c33d256cf5f
mlir/unittests/IR/AffineExprTest.cpp	blob	100644	f8494ecb971c2155206a68cc1d0dab9a3bc245d1
mlir/unittests/IR/AffineMapTest.cpp	blob	100644	ff1f28235d409346cd26f2a6fe7a75a003ff5a6b
mlir/unittests/IR/AttrTypeReplacerTest.cpp	blob	100644	f17c7122ecf438dbccb74eda54cd6fa19a084f45
mlir/unittests/IR/AttributeTest.cpp	blob	100644	5db6a0c636aa384f9431942c66e2d6f626f3eac6
mlir/unittests/IR/BlobManagerTest.cpp	blob	100644	b32dc5a59bac4b6e5cf29390790046f7701437cc
mlir/unittests/IR/BuiltinDialectVersionTest.cpp	blob	100644	f78ac64d3d2bd565e079ba8dc9c1ba6722d2298c
mlir/unittests/IR/CMakeLists.txt	blob	100644	ce9b230222f6212c4e1ad4903601054222a822e1
mlir/unittests/IR/Diagnostic.cpp	blob	100644	96e09d33309263f3f37bc2c7cbf202c7d831823b
mlir/unittests/IR/DialectTest.cpp	blob	100644	7dd6a01c3389bc1085e1827819b9a7a3db4f35c2
mlir/unittests/IR/DistinctAttributeAllocatorTest.cpp	blob	100644	99067d09f7bed886f5a3f0411b9c85929b1f4d19
mlir/unittests/IR/IRMapping.cpp	blob	100644	983c41a6c4aef989daa0631e002deedcb893ae46
mlir/unittests/IR/InterfaceAttachmentTest.cpp	blob	100644	b8dc851cdc5011bcb11a9a98cd47eda1a649dcb2
mlir/unittests/IR/InterfaceTest.cpp	blob	100644	235163cbebb891a33aab256a7cb882cb2cb3fab9
mlir/unittests/IR/LocationTest.cpp	blob	100644	03374ee0b8467b826a16fb6fbca19b7c0c48f29b
mlir/unittests/IR/MLIRContextResetTest.cpp	blob	100644	44427d1cae3be9a62d1332e67466f9a6b6491aba
mlir/unittests/IR/MemrefLayoutTest.cpp	blob	100644	f243a76ee660c3809e29e9341ccd3f07393e87e0
mlir/unittests/IR/OpImplementationTest.cpp	blob	100644	9049e57cf6fc18a956712a81feb5ebf50788be4e
mlir/unittests/IR/OpPropertiesTest.cpp	blob	100644	ba966bfdc28ca7eac4d17eea27cf6b7c59c263ab
mlir/unittests/IR/OperationSupportTest.cpp	blob	100644	33f69a6e8f21aa850b3c7997d248868808b0916d
mlir/unittests/IR/PatternMatchTest.cpp	blob	100644	f4ca5c4c494543c7625bb93ca67be9cac45a07e5
mlir/unittests/IR/RemarkTest.cpp	blob	100644	c02f1e1c14bf513f903af30a368e72215d2dc4f6
mlir/unittests/IR/ShapedTypeTest.cpp	blob	100644	a013193b8dd9e045e69a394968d75a50ae60c2aa
mlir/unittests/IR/SymbolTableTest.cpp	blob	100644	fd96467e7c76e3acb51aee254647632082a602af
mlir/unittests/IR/TypeAttrNamesTest.cpp	blob	100644	488c164b23b4bdd6b0ecb5b54f4f0d8c3d50a8f4
mlir/unittests/IR/TypeTest.cpp	blob	100644	30f6642a9ca71d093d64af88d3d6a9742c7c8696
mlir/unittests/IR/ValueTest.cpp	blob	100644	df354a57fe474c742693f7c96b0dd0b419d83cb4
mlir/unittests/IR/VerifierTest.cpp	blob	100644	c4f4e1a71cf4132e3660374a25c6959f1d1cdfca
mlir/unittests/Interfaces/CMakeLists.txt	blob	100644	193edda6bf8d8a303b2746feae373f5113a7ad06
mlir/unittests/Interfaces/ControlFlowInterfacesTest.cpp	blob	100644	5b5da0534393b063207e53f6e2fa3a8630a14242
mlir/unittests/Interfaces/DataLayoutInterfacesTest.cpp	blob	100644	f72c00070bd01aadecc708c772662189695f6df1
mlir/unittests/Interfaces/InferIntRangeInterfaceTest.cpp	blob	100644	97c75b368056799d79f61eeb73b997074471e3cd
mlir/unittests/Interfaces/InferTypeOpInterfaceTest.cpp	blob	100644	5b4722478dded5f6e127dcf089311834e73bfebb
mlir/unittests/Interfaces/MemorySlotUtilsTest.cpp	blob	100644	ae38768435005acec6ec2754cb6f138f8b4e5ef9
mlir/unittests/Interfaces/SideEffectInterfacesTest.cpp	blob	100644	d7dbdd08f0416555f8664e47d59d3f3ef25b38dc
mlir/unittests/Parser/CMakeLists.txt	blob	100644	4b3fedbb638c0b21b63f7ba40f44238f1f9ee5b0
mlir/unittests/Parser/ParserTest.cpp	blob	100644	52b965bcc1326b15d91733614d935f9ea8755c3e
mlir/unittests/Parser/ResourceTest.cpp	blob	100644	b93e7a6d6c16d3df5a2b40de6832d7930f036349
mlir/unittests/Pass/AnalysisManagerTest.cpp	blob	100644	1a28659f47e645d1b67fc1d3fb348a584ade3fa7
mlir/unittests/Pass/CMakeLists.txt	blob	100644	a47d2eead6180489038c1e6a72fbefe7d62a05fb
mlir/unittests/Pass/PassManagerTest.cpp	blob	100644	c0b7dcbb7eaed7ce512173883989f20495f3d9ef
mlir/unittests/Pass/PassPipelineParserTest.cpp	blob	100644	4aa35af5c277c3e6a3d4861770f618268c90f8ec
mlir/unittests/Remark/CMakeLists.txt	blob	100644	af687a89537a6950d491da0d17f45086028329f7
mlir/unittests/Remark/LLVMRemarkImportTest.cpp	blob	100644	39a4b116ad844e609c88ab101ef82199401fe9ed
mlir/unittests/Rewrite/CMakeLists.txt	blob	100644	c9db1a86a39fcf47d76f2bb4dd17e15b5e97ca29
mlir/unittests/Rewrite/PatternBenefit.cpp	blob	100644	e4363f9f4b8bb4af91decdb35c092edfde4b9cf8
mlir/unittests/Support/CMakeLists.txt	blob	100644	f4a5ab7d5b9a03a9692522d9c31f8d9c9008765e
mlir/unittests/Support/ComplexTest.cpp	blob	100644	a91199727737e6980d69f8e05530a89105db0a50
mlir/unittests/Support/CyclicReplacerCacheTest.cpp	blob	100644	26f0709f7d83100924bf14e8409dc4f1bb148cb9
mlir/unittests/Support/IndentedOstreamTest.cpp	blob	100644	df1edb7c03b13839782e4aa6d8499e970863ee12
mlir/unittests/Support/StorageUniquerTest.cpp	blob	100644	f811a433713ddae8575079a5d5ef359a37c8816d
mlir/unittests/TableGen/CMakeLists.txt	blob	100644	4d8e508ecdf5bc8c4100fd1a294efc3ebd0ba832
mlir/unittests/TableGen/EnumsGenTest.cpp	blob	100644	3bc02fc2cb3ae72817f3399456eaaf2965ae582e
mlir/unittests/TableGen/FormatTest.cpp	blob	100644	ef00cb4a1c24b300f3f5c7a5d793da21ae21f7e9
mlir/unittests/TableGen/OpBuildGen.cpp	blob	100644	e0e1ac99884bad9c85b3b90ccfaad4044fb052bf
mlir/unittests/TableGen/PassGenTest.cpp	blob	100644	ac01d498790b78fa7a5e3c5ffbce65ed4cf20076
mlir/unittests/TableGen/enums.td	blob	100644	8500d7337a0e188f6ebcdb6716d13ef50654cdcc
mlir/unittests/TableGen/passes.td	blob	100644	79c57a97bba7c47d45ae3b1892f980313a522fc6
mlir/unittests/Target/CMakeLists.txt	blob	100644	8bd3107356c05683d6c66c8760c7eb844850de3f
mlir/unittests/Target/LLVM/CMakeLists.txt	blob	100644	0a77deb9ee9ea43056dd8966234eb00ea6f2cc36
mlir/unittests/Target/LLVM/SerializeNVVMTarget.cpp	blob	100644	fa795f3fcf8b6438e7991a2c978fb5700e210851
mlir/unittests/Target/LLVM/SerializeROCDLTarget.cpp	blob	100644	7d238494506b856bdee87f389688292e16215ed2
mlir/unittests/Target/LLVM/SerializeToLLVMBitcode.cpp	blob	100644	c2ca29932014a45504d886efa41efdf66edf49df
mlir/unittests/Transforms/CMakeLists.txt	blob	100644	dc5920087b505eb4c29b34736c37a9ecea2de95e
mlir/unittests/Transforms/Canonicalizer.cpp	blob	100644	74144ea39603df582fdf9531e1b28f686d8496db
mlir/unittests/Transforms/DialectConversion.cpp	blob	100644	d29a14abd47c851d641512f1527416aedae98813
mlir/utils/MLIRVisualizers/mlir.natvis	blob	100644	49332f34aa5f9a7674c86a2773b4ffcc3ae9c0a1
mlir/utils/clang-tidy/README.md	blob	100644	ca43a77c4a0e97f4f588b5c4c732bba6a474a4a5
mlir/utils/clang-tidy/apply-clang-tidy.sh	blob	100755	f0973dd73d7e5e7aeb96feacc97f69774d06e742
mlir/utils/emacs/mlir-lsp-client.el	blob	100644	4397a55e7206ac2ab7c23d1c3658fe930547beb8
mlir/utils/emacs/mlir-mode.el	blob	100644	46a85bed19cc41c0f24d53d5540776b6a8df3472
mlir/utils/emacs/tblgen-lsp-client.el	blob	100644	6830e328eb8de36092cf8e12092a21ea2631244d
mlir/utils/gdb-scripts/prettyprinters.py	blob	100644	d9d80398ffa677c1ebd494ed9115e23f6a7a27ee
mlir/utils/generate-test-checks.py	blob	100755	89f561f5858a4808319154c17d13ed93316b0848
mlir/utils/jupyter/.gitignore	blob	100644	3b62e6397412087f0d28c9060f77d1ac1a88c972
mlir/utils/jupyter/README.md	blob	100644	afed79fb77e64a20e66c07f73d6419ef0481cdd1
mlir/utils/jupyter/mlir_opt_kernel/__init__.py	blob	100644	7ed2bbe0ad4973f775b5c5c7d7e2fc2b574b1e1d
mlir/utils/jupyter/mlir_opt_kernel/__main__.py	blob	100644	21994ff6ec6fa9dc1cfdbf0ece20c031c32cbb16
mlir/utils/jupyter/mlir_opt_kernel/assets/kernel.js	blob	100644	55444f9cf568c0aaca37e3e83d5aab56efef1f1d
mlir/utils/jupyter/mlir_opt_kernel/assets/kernel.json	blob	100644	7ae515b1f7d6a54906330d7d93c4a9e9bd875dc9
mlir/utils/jupyter/mlir_opt_kernel/install.py	blob	100644	bd7b1d10b734fb8fc62639045040434336ef10c8
mlir/utils/jupyter/mlir_opt_kernel/kernel.py	blob	100644	c0e4fc1db4c8a834528a5000be1d4ec5f398ff1b
mlir/utils/lldb-scripts/action_debugging.py	blob	100644	2371967bf72a40011bbddfa1409292a7f8cd3839
mlir/utils/lldb-scripts/mlirDataFormatters.py	blob	100644	dec3a599c75e909e3141b9d56d6534f3e3fc8d27
mlir/utils/mbr/CMakeLists.txt	blob	100644	5ebbfd58b0564cff1ccbd6856890e8fba7ab1f1f
mlir/utils/mbr/README.md	blob	100644	0cbccdc20d32139ed3a13c8d9a90ddb339e244ca
mlir/utils/mbr/mbr/__init__.py	blob	100644	d01befd8fedbafbaef2bfd8ecf35af62c9872e26
mlir/utils/mbr/mbr/config.ini	blob	100644	1337f44a79da564a66597a63490f7a841e39cb5c
mlir/utils/mbr/mbr/discovery.py	blob	100644	6c9803e0d3c33490744397c11b4c176a653162c5
mlir/utils/mbr/mbr/main.py	blob	100644	5d301abcc2393e5c78105a986d69463acab92207
mlir/utils/mbr/mbr/stats.py	blob	100644	9b7a3dce23bfa5ff476c82d91d83b34f8c294a80
mlir/utils/mbr/mlir-mbr.in	blob	100644	858c8ca718b9669d11541cb9f1ba5dbd803b3281
mlir/utils/mbr/requirements.txt	blob	100644	e69de29bb2d1d6434b8b29ae775ad8c2e48c5391
mlir/utils/mbr/setup.py	blob	100644	98b148a248b8b92482c4d30910fb0f2e0089a675
mlir/utils/pygments/README.md	blob	100644	09c99b78d8880e2a289c5d07d03d7f0b4e88bf1e
mlir/utils/pygments/mlir_lexer.py	blob	100644	c493d20272cc651ffaf0806ea2450c7dfe73371d
mlir/utils/spirv/define_enum.sh	blob	100755	ca9d8642cd9027958b76ba400e7dec8b9a6abf3c
mlir/utils/spirv/define_inst.sh	blob	100755	eb37cef602a4ad2f60d5395b0ed4444d340d4079
mlir/utils/spirv/define_opcodes.sh	blob	100755	5284ce8e7db225673b704ef6d5eb250183530c06
mlir/utils/spirv/gen_spirv_dialect.py	blob	100755	d2d0b410f52dfd1366a0b36aa9191e5f5b968206
mlir/utils/spirv/refresh_inst.sh	blob	100755	fe08a06d557a8f3c09c5da420632a979697277d7
mlir/utils/spirv/report_coverage.sh	blob	100755	7ef1cf2a2140f7405ceda2e5125598d91a493928
mlir/utils/textmate/mlir.json	blob	100644	7c60f63f360dc594f47180c0cf268177dbad2a23
mlir/utils/tree-sitter-mlir/.gitignore	blob	100644	428ca81674582825ad476abe423c96f32eff8d6c
mlir/utils/tree-sitter-mlir/README.md	blob	100644	58555b83ef4aad6db25843a8c39f8bb8da7fabbc
mlir/utils/tree-sitter-mlir/dialect/affine.js	blob	100644	a8e3f0f56284ee4aab6628cdea759e1e39c94938
mlir/utils/tree-sitter-mlir/dialect/arith.js	blob	100644	f77e2a758edfd833c395235f2f7268c117362ca2
mlir/utils/tree-sitter-mlir/dialect/bufferization.js	blob	100644	d5c99263f8ec46d7df28fabe5311fe6e7b8680e1
mlir/utils/tree-sitter-mlir/dialect/builtin.js	blob	100644	fc7614c90b27a2ce4f8c9fdad78e52b26083b5a2
mlir/utils/tree-sitter-mlir/dialect/cf.js	blob	100644	62b1db91f00c45062b74de8f348f961538150751
mlir/utils/tree-sitter-mlir/dialect/func.js	blob	100644	b94cc98ce0a180fcd9a34643883dcebf8f73244d
mlir/utils/tree-sitter-mlir/dialect/linalg.js	blob	100644	f4658085ce6f3187d2a4e2693ea49e693c5fb635
mlir/utils/tree-sitter-mlir/dialect/llvm.js	blob	100644	f2e7c08c88be93b4754c178f9e17e662ae6d1eb7
mlir/utils/tree-sitter-mlir/dialect/math.js	blob	100644	c6eb2f9777133cd18762c575a1df3bc49bc73b24
mlir/utils/tree-sitter-mlir/dialect/memref.js	blob	100644	3ea9a60bdb8388d7715315f1e6ff575339b09ace
mlir/utils/tree-sitter-mlir/dialect/scf.js	blob	100644	c39d856d5807178c2beb11e3198fddd25662b023
mlir/utils/tree-sitter-mlir/dialect/tensor.js	blob	100644	6b69e6824d9b8357ca0c462674331cb943ee68da
mlir/utils/tree-sitter-mlir/dialect/vector.js	blob	100644	497ed7dc2cc8c206df05e13d5c20311e130f9935
mlir/utils/tree-sitter-mlir/grammar.js	blob	100644	8a8b8e8037c3f973a4dfe1deebf4553a928394ef
mlir/utils/tree-sitter-mlir/package-lock.json	blob	100644	5676fb892f12f221fcb9905a2323270390ac06c6
mlir/utils/tree-sitter-mlir/package.json	blob	100644	afb687a38e2b312524a700673989537bae583450
mlir/utils/tree-sitter-mlir/queries/highlights.scm	blob	100644	ca52bcce042f7ae694803b214b3c2b81dc8d8338
mlir/utils/tree-sitter-mlir/queries/locals.scm	blob	100644	d47354c8451badb663c728ec7a80ae9094d82d99
mlir/utils/tree-sitter-mlir/test/corpus/affine.txt	blob	100644	adb47cd9701717f347c82e303793461c8a7f39e9
mlir/utils/tree-sitter-mlir/test/corpus/attribute.txt	blob	100644	59fb13e0ce8298f5bde05ee61af393c7d1035942
mlir/utils/tree-sitter-mlir/test/corpus/controlflow.txt	blob	100644	89353d36630f7b8002d736b9c54afeb2868412bd
mlir/utils/tree-sitter-mlir/test/corpus/func.txt	blob	100644	632b50db935bddd4edd6205c0e5fa0e6a263bda9
mlir/utils/tree-sitter-mlir/test/corpus/op.txt	blob	100644	d2914e24e65f95ee473ff7752d23770d868e706c
mlir/utils/tree-sitter-mlir/test/corpus/type.txt	blob	100644	25bf80df65a438113469d594da8bfa51cea1cbcb
mlir/utils/tree-sitter-mlir/test/highlight/attribute.mlir	blob	100644	4fe2d42fc1e07d10a989720d5ef148e185900c04
mlir/utils/tree-sitter-mlir/test/highlight/controlflow.mlir	blob	100644	d3193838c3a7380f532d9b2836e0f10cd3154d81
mlir/utils/tree-sitter-mlir/test/highlight/downstream.mlir	blob	100644	3bbb21bdb5bb5f773b206a254a373a67e2437d6d
mlir/utils/tree-sitter-mlir/test/highlight/func.mlir	blob	100644	cc6f872cf7410c87563bd9ba6cdec2638a85c1fb
mlir/utils/tree-sitter-mlir/test/highlight/type.mlir	blob	100644	97b19dfea6185884cc019f6c927198df0876686e
mlir/utils/verify-canon/verify_canon.py	blob	100644	bfddba9577b9a28bee75c3663033a9166d088425
mlir/utils/vim/README	blob	100644	78cefde4c90dd9a0f9a1ee89ab8f152f231c7ddb
mlir/utils/vim/ftdetect/mlir.vim	blob	100644	f8b1de4830d22a1cc6bf7adff711577a0480d9a7
mlir/utils/vim/ftplugin/mlir.vim	blob	100644	2e3845cdddc3274190ccecc4ddcb552faa090153
mlir/utils/vim/indent/mlir.vim	blob	100644	2c5b4aea534c74c0b653a006aa273a956b6c3622
mlir/utils/vim/syntax/mlir.vim	blob	100644	070d81658ca3d27817a3117dacd9f2c8e799af3b
mlir/utils/vscode/.gitignore	blob	100644	9354f9119287ba0aa618651b4cda4fedb26912be
mlir/utils/vscode/.npmrc	blob	100644	b7d836e47bf5dd873f5d049bafe41a49ef116de7
mlir/utils/vscode/.vscode/launch.json	blob	100644	dfe1753e6a663d4f86792e3e4fdfcc43e9a5d443
mlir/utils/vscode/.vscode/tasks.json	blob	100644	5efd8048880a1897e9014a322538e00db30def48
mlir/utils/vscode/.vscodeignore	blob	100644	f369b5e55b684e5c99d8446581a52ab2d7fc0437
mlir/utils/vscode/cpp-grammar.json	blob	100644	36063c6a5210bd29db069cab579b994683578e0d
mlir/utils/vscode/language-configuration.json	blob	100644	ded00a40bab7034dc1aba1f9948cd45c7e484b19
mlir/utils/vscode/markdown-grammar.json	blob	100644	2a285a0705bcb092cb61c1466c3180f6393bd6c8
mlir/utils/vscode/package-lock.json	blob	100644	106c5d743f6c08a11b38dee4898e63aae9f9a1fa
mlir/utils/vscode/package.json	blob	100644	ff0aaa52db1337bd26649334c063345c8cf2a514
mlir/utils/vscode/pdll-grammar.json	blob	100644	308a250f352e51ab09481b7cee6988c453304fcc
mlir/utils/vscode/pdll-language-configuration.json	blob	100644	1357db8a9d4db172e563821296248f0cb3140d39
mlir/utils/vscode/src/MLIR/bytecodeProvider.ts	blob	100644	28ce02398a3123ade7bba366b7c55c3377bc0370
mlir/utils/vscode/src/MLIR/mlir.ts	blob	100644	bd026bd0a42e83f5da5b9e66b5a32b919090fa55
mlir/utils/vscode/src/PDLL/commands/viewOutput.ts	blob	100644	3c165ad1067d02c680b050fbc79b291ef4831cfe
mlir/utils/vscode/src/PDLL/pdll.ts	blob	100644	79262d9f9572f2f8c402289798db6a1a9db6862b
mlir/utils/vscode/src/command.ts	blob	100644	4623a5bed085ae8a2ff687e37e44f63f13f4d91d
mlir/utils/vscode/src/config.ts	blob	100644	04ff8f53c9e58612bf27d75c2de93b07f0764e93
mlir/utils/vscode/src/configWatcher.ts	blob	100644	68426873c18e6eebfb127eec40bcf2717097948f
mlir/utils/vscode/src/extension.ts	blob	100644	133fb8f6cf6ae04274173ca4d523403ecbe6974e
mlir/utils/vscode/src/mlirContext.ts	blob	100644	2738b41cb0ad622933af822d1bf2d812f53eab64
mlir/utils/vscode/tablegen-language-configuration.json	blob	100644	6a1455bf8ca7fdc4ad81f0db7af2b9fd513eaeb3
mlir/utils/vscode/tsconfig.json	blob	100644	5fb5c238652c3f39c63ccd2b8cbfccbd21eae553
