path	kind	mode	git_object
mlir/.clang-format	blob	100644	76cc928e64588688a724c895c71d407ad7914f47
mlir/.clang-tidy	blob	100644	0d4a4b1214837ff959a3782861569cc7370818dc
mlir/CMakeLists.txt	blob	100644	ec4b8f72934909a0b74ade7dea40076d1fad2037
mlir/LICENSE.TXT	blob	100644	53bb2e7fbc76434fe747bceffdfb5c19e1cca362
mlir/Maintainers.md	blob	100644	181541a0f3a935d2f52c08ce2c791b33912acde2
mlir/README.md	blob	100644	2d4d8de86ef324c8fcbccb37ba3e114c65f29984
mlir/benchmark/python/__init__.py	blob	100644	e69de29bb2d1d6434b8b29ae775ad8c2e48c5391
mlir/benchmark/python/benchmark_sparse.py	blob	100644	72b3ef1a3f4243437ea2640b3358a10667e0a8a8
mlir/benchmark/python/common.py	blob	100644	0b924172c8dad7430385ddc3d87522f962133ad1
mlir/cmake/modules/AddMLIR.cmake	blob	100644	d3f534a02f9de57d3d005b03c2919c40f9c6d0a8
mlir/cmake/modules/AddMLIRPython.cmake	blob	100644	7d47fd0bca34f4da5ce8b867cdc56b710dba4d35
mlir/cmake/modules/CMakeLists.txt	blob	100644	42362d864874c98ab70afdf2ae53402e12d7e703
mlir/cmake/modules/FindLevelZeroRuntime.cmake	blob	100644	2a8fb3a16d16f098997cab9a334cb99f5098f848
mlir/cmake/modules/FindSyclRuntime.cmake	blob	100644	5986895cb162801502a6343f517d09244c33d594
mlir/cmake/modules/Findocloc.cmake	blob	100644	5b433ff1fe5e403a79815678f19bd38fa946fdca
mlir/cmake/modules/IRDLToCpp.cmake	blob	100644	3fa1601c694d2e79f3323b1db6e93a19fd0244c7
mlir/cmake/modules/MLIRCheckHardwareFeatures.cmake	blob	100644	7bc13287cd655a895b0a40397432f3f983028b18
mlir/cmake/modules/MLIRConfig.cmake.in	blob	100644	fd04a64ce625b71f661679340b9a8fbe083f7d10
mlir/cmake/modules/MLIRConfigVersion.cmake.in	blob	100644	e9ac4ed2da7865ea2c80a3e4fb628f599e3e2999
mlir/cmake/modules/MLIRDetectPythonEnv.cmake	blob	100644	5ff28d88110d4ce1a6d00934dbb9ef3f793a5f44
mlir/docs/ActionTracing.md	blob	100644	984516d5c5e7e25e5b15b3f1c63123ea9411bbd3
mlir/docs/Bindings/Python.md	blob	100644	6ab08d435f4b201e3d1a1098f14484fcc086deb2
mlir/docs/Bufferization.md	blob	100644	e04934a120a0018b0b14fe9a96178d2fe5f261eb
mlir/docs/BytecodeFormat.md	blob	100644	f50ddeb25cc332d3df9d074ba82d812c70226139
mlir/docs/CAPI.md	blob	100644	71a674aacc5c0f27042ab45fd8e2522739ab3e4f
mlir/docs/CMakeLists.txt	blob	100644	447d4eb36ac70bb6f9e3eb9e6ec1a0356f4f4449
mlir/docs/Canonicalization.md	blob	100644	6fbcf09c51df3e037372ea3bada418844a55eb32
mlir/docs/DataLayout.md	blob	100644	21430c44ca95fb7aac64a49ccaf8a8f7c32df93c
mlir/docs/DeclarativeRewrites.md	blob	100644	b9c0a45bf4677fd5993dfece4ae54e379b4620f4
mlir/docs/DefiningDialects/Assembly.md	blob	100644	1c00d5ea9ee9b70b108f60b2ba7b492b78ef19be
mlir/docs/DefiningDialects/AttributesAndTypes.md	blob	100644	5d9744462a4b1a0e1e219e36472f5d24fd847f2c
mlir/docs/DefiningDialects/Constraints.md	blob	100644	40863e7aecf4a317da8ffd4f4a8d687007cfa41e
mlir/docs/DefiningDialects/Operations.md	blob	100644	4302edbddf22c069c65b37c7a6c32dbfff96b411
mlir/docs/DefiningDialects/_index.md	blob	100644	987b51b4ab4ef7d3b88baa3a781a93ad0761f38c
mlir/docs/Diagnostics.md	blob	100644	279682f9ff309b2641f6adfb8744f8c7ce299bf2
mlir/docs/DialectConversion.md	blob	100644	b73aa043981038041868b426b6caf5bc275b2009
mlir/docs/Dialects/Affine.md	blob	100644	90aa43a85d8773358040c21431e6515bf0769351
mlir/docs/Dialects/ArmSME.md	blob	100644	d38a3e581f48d1301fa96761cace0c20683d5b16
mlir/docs/Dialects/Builtin.md	blob	100644	0a9b7ae8919b55e5d2f1df2d302fd0e54a94cf3e
mlir/docs/Dialects/Func.md	blob	100644	4d94d1a2b0cd765df6c340770c7cdf3d64c007c4
mlir/docs/Dialects/GPU.md	blob	100644	ea939c74f77ab6dcc97d9bf6adab1d84016395ca
mlir/docs/Dialects/IRDL.md	blob	100644	c09457ac38634e102d89c35de74c2297202e4c55
mlir/docs/Dialects/LLVM.md	blob	100644	f8419d726fc33c60d158cb3ed9ea5dd1ef66e962
mlir/docs/Dialects/Linalg/OpDSL.md	blob	100644	5b766a31295cc2b049783fff480ceff3c04b7c54
mlir/docs/Dialects/Linalg/_index.md	blob	100644	976f0fd3c7e9118d6fd9f586b317184d953bf7e4
mlir/docs/Dialects/MemRef.md	blob	100644	1d926fc38523960f9c67eb75a32c1283194c22cb
mlir/docs/Dialects/NVVMDialect.md	blob	100644	b2f5e888b97725b874ca93b75a9c1e767c8d0dd1
mlir/docs/Dialects/OpenACCDialect.md	blob	100755	9e85d66ba340fd5b39f290154cff8064c3b725d4
mlir/docs/Dialects/OpenMPDialect/ODS.md	blob	100644	51c61c86ebc6e7dfdc85ce1992281877fa1e1b82
mlir/docs/Dialects/OpenMPDialect/_index.md	blob	100644	534a7567212b1bd39452d0d3260c7f3da7acd299
mlir/docs/Dialects/SPIR-V.md	blob	100644	dd68e6ec8b7b8bdd5e704459bc1468003a1e6def
mlir/docs/Dialects/ShapeDialect.md	blob	100644	0e7350df9fa92aea8d4e8c85937709cb35b32dc4
mlir/docs/Dialects/Shard.md	blob	100644	573e888e6541f7b844c0a82022d5fbf437a89790
mlir/docs/Dialects/TOSA.md	blob	100644	695d4d4210c78c314b4d33c4d52194543054fca5
mlir/docs/Dialects/Transform.md	blob	100644	2133b81ed87ba40cd5547f6233f99f54f7eea5cc
mlir/docs/Dialects/Vector.md	blob	100644	17c9fd7d818b43b516c74456aacf7f73a4cc437b
mlir/docs/Dialects/_index.md	blob	100644	99ffcb96a84d2296a4a75b5dcc49c16e47d8c917
mlir/docs/Dialects/emitc.md	blob	100644	6d09e93b895a984788160222a8f76594deb15ec2
mlir/docs/Interfaces.md	blob	100644	2de79eadd0052ad4e74cfeedad7e233cf49a3c35
mlir/docs/LangRef.md	blob	100644	fea34c093418d34dbe15913e658a4294dc112855
mlir/docs/OwnershipBasedBufferDeallocation.md	blob	100644	f5fa01c4c49ccaa55cab79d3c428fc55f6628f52
mlir/docs/PDLL.md	blob	100644	c6e352fd647dafc91f94ccceaa2dd16c42f22760
mlir/docs/PassManagement.md	blob	100644	8d20b496cd3a612cc372d12f576311e54893d8ba
mlir/docs/Passes.md	blob	100644	9e70da8a3ec9782f500db0d761d1457dedd1f5d1
mlir/docs/PatternRewriter.md	blob	100644	105a554b9585132aaae975d1840af3d856493399
mlir/docs/Quantization.md	blob	100644	475ddf55d718e7a976a51172daadfecc735cbc0d
mlir/docs/README.txt	blob	100644	52e11d6c6f472865b77674245bf748db19ae5575
mlir/docs/Rationale/MLIRForGraphAlgorithms.md	blob	100644	6d4962ead4b7f4aa327fe6da1509116ff4bd837f
mlir/docs/Rationale/Rationale.md	blob	100644	489456d4e328506652ba8608e8169eaca95f837b
mlir/docs/Rationale/RationaleGenericDAGRewriter.md	blob	100644	d586b1f7719c0c88a8276b24289b232e195b5bbb
mlir/docs/Rationale/RationaleLinalgDialect.md	blob	100644	fbe221732eeca0c650b869cfdc0e544d0be22e44
mlir/docs/Rationale/RationaleSimplifiedPolyhedralForm.md	blob	100644	f904b6e2120b23f8105a6f0989b49d84e62b3cb6
mlir/docs/Rationale/SideEffectsAndSpeculation.md	blob	100644	b17c04359b9405a8c6a0a26b733e8013e8fdb255
mlir/docs/Rationale/UsageOfConst.md	blob	100644	7a54a4e6de7f5bdf5ceefd0f9e4b92adb0092d55
mlir/docs/Rationale/_index.md	blob	100644	4fd0362ff55f5e3101f2893f22f8a332c7a04fe6
mlir/docs/ReleaseNotes.md	blob	100644	16b93c89096709844c77fcead244115dfbc2da27
mlir/docs/Remarks.md	blob	100644	b44ec2cc3f055f45c64124e24d9d2911b606c6fc
mlir/docs/SPIRVToLLVMDialectConversion.md	blob	100644	f4adbe5ca52ecb25c15ab5a58af943ac39b2a6c7
mlir/docs/ShapeInference.md	blob	100644	d3f4155337f627c7bd4c60d87ae6f48e09dde0f4
mlir/docs/SymbolsAndSymbolTables.md	blob	100644	aa7b1a71547bf3ff59f49b6e21e02af83b8fe6e2
mlir/docs/TargetLLVMIR.md	blob	100644	2bcacbb4ee9466fc8d6b51c0c80b2781d7b190e7
mlir/docs/Tokens.md	blob	100644	20df548ca9c7e6b6693261f2a154769c0b037ace
mlir/docs/Tools/MLIRLSP.md	blob	100644	8270f922fffe8653ad008a93591899a41f2caca6
mlir/docs/Tools/mlir-reduce.md	blob	100644	9b5c26257f5c7d887d4430aa3fbf1cf575cc5ed9
mlir/docs/Tools/mlir-rewrite.md	blob	100644	178f92f72cbb6e2b7d541d4c03323a2d5ccb9f94
mlir/docs/Traits/Broadcastable.md	blob	100644	3a968946c07948f10e1fa9875991ae26e031e8c6
mlir/docs/Traits/_index.md	blob	100644	7d01f8517477ae1cd507d51c36f1e59ddde99b7d
mlir/docs/Tutorials/CreatingADialect.md	blob	100644	e30b80bc5207cfffee0dcea33c21fbff86e57d8a
mlir/docs/Tutorials/DataFlowAnalysis.md	blob	100644	8a5b9c92810252e7546a3b4f43520d36771eb635
mlir/docs/Tutorials/ExternalTutorials.md	blob	100644	c14c20a11763ccda8375084842f400b2647157f7
mlir/docs/Tutorials/MlirOpt.md	blob	100644	c74f1716b6efb093684918d450b52f50b6c3aaae
mlir/docs/Tutorials/QuickstartRewrites.md	blob	100644	cbb6f03e93e658f214b284901423ab2134bb2379
mlir/docs/Tutorials/Toy/Ch-1.md	blob	100644	09cee88db419d869b4a7ae30b5c4536f83159005
mlir/docs/Tutorials/Toy/Ch-2.md	blob	100644	cdc30a6156264aac5c01c1ad2d71f20362ead082
mlir/docs/Tutorials/Toy/Ch-3.md	blob	100644	4cde64d781fc72bc8e6cc962be6bac54640297e4
mlir/docs/Tutorials/Toy/Ch-4.md	blob	100644	621f6a684285a84eb45314255061a439e0cbd88b
mlir/docs/Tutorials/Toy/Ch-5.md	blob	100644	17cd6bb412a9ae2cb68142b0d085a5f147aabb90
mlir/docs/Tutorials/Toy/Ch-6.md	blob	100644	13c28c6cb8dff49af654fe4475aac1181cf79dfb
mlir/docs/Tutorials/Toy/Ch-7.md	blob	100644	0f50c49a5f64d1dd344b1399f81a1aaa4fbe2685
mlir/docs/Tutorials/Toy/_index.md	blob	100644	c93eae3fa52f71f8857946ad03ff514ea3d1bcd6
mlir/docs/Tutorials/UnderstandingTheIRStructure.md	blob	100644	f7c62f23068e9fd6b2b5aada6a36ff87bff2353e
mlir/docs/Tutorials/_index.md	blob	100644	5834e86478769f75afc08bd6981618fe0b32ff0c
mlir/docs/Tutorials/transform/Ch0.md	blob	100644	0d7a70364742daa19813d5a992f4a5d0f9294cc7
mlir/docs/Tutorials/transform/Ch1.md	blob	100644	c9cb7d330c1e60a73b802522644339a378d44e5b
mlir/docs/Tutorials/transform/Ch2.md	blob	100644	08c4e0f9d859cec60c2ecdc402dfc9b30f1e7e93
mlir/docs/Tutorials/transform/Ch3.md	blob	100644	eeab77043a4ee16ace6efe84c65409bf544f852f
mlir/docs/Tutorials/transform/Ch4.md	blob	100644	f9a0dff5c90e3e326aeb1dcf7a31e72402dea8e5
mlir/docs/Tutorials/transform/ChH.md	blob	100644	ce24c5add631c230803d351c982ed4ae3080ff05
mlir/docs/Tutorials/transform/_index.md	blob	100644	8a5af56254500d5a4a2b56190ff5c7ba24d83149
mlir/docs/doxygen-mainpage.dox	blob	100644	a70654d8ed8b7c032e8b4950067935a0bedc3500
mlir/docs/doxygen.cfg.in	blob	100644	382ea8faaedcea8a1843e21c2e7be61b4a215826
mlir/docs/includes/img/DefUseChains.svg	blob	100644	2d5b75246772abc82bd7c4518b6ade324ff7de8b
mlir/docs/includes/img/Use-list.svg	blob	100644	4840619f067412e0c0c2fa6612270763bffbfb67
mlir/docs/includes/img/bufferization_dealloc_op.svg	blob	100644	3b72ae72c4eb9e3d62a83280602cd4c60117f09d
mlir/docs/includes/img/bufferization_passes.svg	blob	100644	835726569227738f4dbc31a9b76f06e715ccfa06
mlir/docs/includes/img/bufferization_tensor_insert_dst.svg	blob	100644	228b19e92299b8e044a706624c539da4bd264e41
mlir/docs/includes/img/index-map.svg	blob	100644	6004c2da362d1ec39b28cce73db3e937edc89a18
mlir/docs/includes/img/mlir-lsp-server-server_diagram.svg	blob	100644	457705858684d38dfbf7d09dd2b9fb98840b4aeb
mlir/docs/includes/img/view-operation.svg	blob	100644	f4d622ee263ce6db50358d42a34ab0177ea133e7
mlir/examples/CMakeLists.txt	blob	100644	2a1cac34d8c290cbca1a19188f0b460c382aacb9
mlir/examples/minimal-opt/CMakeLists.txt	blob	100644	dea9bd494c8a5b86bff62e081f17e84d71ec5a91
mlir/examples/minimal-opt/README.md	blob	100644	1bc54b8367cc5e8e353fe17bb537e9445ae6209a
mlir/examples/minimal-opt/mlir-cat.cpp	blob	100644	2bc89b807aa4b6be1b4ec7d0d19ad3051e6b048a
mlir/examples/minimal-opt/mlir-minimal-opt-canonicalize.cpp	blob	100644	9aead76dea7920bb231c55b2b6e6ef786049e519
mlir/examples/minimal-opt/mlir-minimal-opt.cpp	blob	100644	8da2dd3c58b0236c8990e4faa5135719dc78cb2b
mlir/examples/standalone/.gitignore	blob	100644	567609b1234a9b8806c5a05da6c866e480aa148d
mlir/examples/standalone/CMakeLists.txt	blob	100644	17d712f6a1064a0aab3f054fb64e708aa9237e1f
mlir/examples/standalone/README.md	blob	100644	6615f66bd1a089e312ed7fa864e335fdfc54fd8e
mlir/examples/standalone/include/CMakeLists.txt	blob	100644	da1107126859d55ddcf36e8f693f48e6164be80a
mlir/examples/standalone/include/Standalone-c/Dialects.h	blob	100644	5aa9e004cb9fe569d2d774f364e5faeef9f60bff
mlir/examples/standalone/include/Standalone/CMakeLists.txt	blob	100644	975a4ffaa2aa0f430d4b79419d5bcd0ef14d1475
mlir/examples/standalone/include/Standalone/StandaloneDialect.h	blob	100644	71bbefbc72c2f42d3e9b69d4cb5caa1f07f74b65
mlir/examples/standalone/include/Standalone/StandaloneDialect.td	blob	100644	598a8dfe35f3bcc909d272233e4edc463d6550c8
mlir/examples/standalone/include/Standalone/StandaloneOps.h	blob	100644	a9006e0de38130d0a339781d14e7d93033c075d0
mlir/examples/standalone/include/Standalone/StandaloneOps.td	blob	100644	9882a25558460e0604a76dcc4558700975f570db
mlir/examples/standalone/include/Standalone/StandalonePasses.h	blob	100644	75546d688fc1a0ce23b964eb8a69d16406a2b277
mlir/examples/standalone/include/Standalone/StandalonePasses.td	blob	100644	d5aad34f2f4574124b170b0889fe30dc97182012
mlir/examples/standalone/include/Standalone/StandaloneTypes.h	blob	100644	681bb5e1a0b5ca570ef9badb4a16630c76038d49
mlir/examples/standalone/include/Standalone/StandaloneTypes.td	blob	100644	05b4c45da476c9c9cb25620e6572bf9d28ae3791
mlir/examples/standalone/lib/CAPI/CMakeLists.txt	blob	100644	3124f55ba0fa69b0a880740ba39df5a8a818f140
mlir/examples/standalone/lib/CAPI/Dialects.cpp	blob	100644	4de55ba48549081a3631e27ce97a640dc7367eed
mlir/examples/standalone/lib/CMakeLists.txt	blob	100644	d91434bf5e62bd76a137a3155b95e5da12050b2c
mlir/examples/standalone/lib/Standalone/CMakeLists.txt	blob	100644	0f1705a25c8c8655c8ad12bd4e832f5918e5e2e4
mlir/examples/standalone/lib/Standalone/StandaloneDialect.cpp	blob	100644	1ea69f9059321ebddc1b1880677da060cb3ee3ca
mlir/examples/standalone/lib/Standalone/StandaloneOps.cpp	blob	100644	55b66b51232f2493697255ff403c6d19f981e289
mlir/examples/standalone/lib/Standalone/StandalonePasses.cpp	blob	100644	8c79a0753793331a77e75edd671eff9fe686616c
mlir/examples/standalone/lib/Standalone/StandaloneTypes.cpp	blob	100644	4ce4e00150f641c1eba8982e49dc0b4ffce6d6a4
mlir/examples/standalone/pyproject.toml	blob	100644	8fe29d6f897c4805f72b36d47a5180fd4da898de
mlir/examples/standalone/python/CMakeLists.txt	blob	100644	6a0d0db6dbf6c81e572eca777cc906814b26b32d
mlir/examples/standalone/python/StandaloneExtensionNanobind.cpp	blob	100644	78c96e8059a8afa37b276e5d6d392b759be8ac12
mlir/examples/standalone/python/mlir_standalone/_mlir_libs/_standaloneDialectsNanobind/py.typed	blob	100644	e69de29bb2d1d6434b8b29ae775ad8c2e48c5391
mlir/examples/standalone/python/mlir_standalone/dialects/StandaloneOps.td	blob	100644	7246582a1b52cd91d76cde939ef35ebac12ce4d8
mlir/examples/standalone/python/mlir_standalone/dialects/standalone_nanobind.py	blob	100644	6218720951c82a6ec453064ccecbcf8988ba74cb
mlir/examples/standalone/standalone-opt/CMakeLists.txt	blob	100644	4b38de7d12fbee1aea4d6b4517baa55b77d2b1b2
mlir/examples/standalone/standalone-opt/standalone-opt.cpp	blob	100644	eebfcb7b776b28ad1bda0514b8e9935cb84cc177
mlir/examples/standalone/standalone-plugin/CMakeLists.txt	blob	100644	16ac0ccf744592a58052ee98e9d9fc19c649c64b
mlir/examples/standalone/standalone-plugin/standalone-plugin.cpp	blob	100644	d2dcdc96b3cce3377e633134a32a4430252897f1
mlir/examples/standalone/standalone-translate/CMakeLists.txt	blob	100644	ff70c7c46e985154f3c70a850c268e97c99a70d2
mlir/examples/standalone/standalone-translate/standalone-translate.cpp	blob	100644	46b9c77d3324f02be9b17fcfc62cfc0794138499
mlir/examples/standalone/test/CAPI/CMakeLists.txt	blob	100644	9d5cda5eca5fc43873c84700afbff94f1b969e70
mlir/examples/standalone/test/CAPI/lit.local.cfg	blob	100644	bb0c17cdbada78ed695925b1200a2fc38db3514c
mlir/examples/standalone/test/CAPI/standalone-capi-test.c	blob	100644	62add133fd4c53fd9d9d727070e079aa91858141
mlir/examples/standalone/test/CMakeLists.txt	blob	100644	8864563df8a33f9239a29826e019818c5f31ae4d
mlir/examples/standalone/test/Standalone/dummy.mlir	blob	100644	60b169e51a7b499dac2c6c2324e21b9dc7b31d95
mlir/examples/standalone/test/Standalone/standalone-opt.mlir	blob	100644	101f9015f393d59cfbb56aea7a34afecaf3c89d7
mlir/examples/standalone/test/Standalone/standalone-pass-plugin.mlir	blob	100644	3020097dc164043cdacd623b18efd8ac7f113b4a
mlir/examples/standalone/test/Standalone/standalone-plugin.mlir	blob	100644	900b524c1feb7136a2aaecd472e3bfe3054f85bf
mlir/examples/standalone/test/Standalone/standalone-translate.mlir	blob	100644	16d49785ee16c9c4793ed072e2fd94500f490f64
mlir/examples/standalone/test/lit.cfg.py	blob	100644	016563fc569ef4ba48df6af61d711e17e2fb9a38
mlir/examples/standalone/test/lit.site.cfg.py.in	blob	100644	eae93d0b122e395d59ff88bc7207c9b80c7ba4ff
mlir/examples/standalone/test/python/lit.local.cfg	blob	100644	3394f180e51214ea5300f80a36372c959e431509
mlir/examples/standalone/test/python/smoketest.py	blob	100644	4a6be201ad2191386dc960f52dbc6379d5c58988
mlir/examples/toy/CMakeLists.txt	blob	100644	403236a5520289eb82039e557b7cafc6e1b072df
mlir/examples/toy/Ch1/CMakeLists.txt	blob	100644	fd71e1fbd11949f744273d0b1496c7a63d51e9a0
mlir/examples/toy/Ch1/include/toy/AST.h	blob	100644	d2ba101dea5a4125ace0cc38d3e2a801123cab47
mlir/examples/toy/Ch1/include/toy/Lexer.h	blob	100644	d420a7ebbf3b68a742a068a926013438ab6aac99
mlir/examples/toy/Ch1/include/toy/Parser.h	blob	100644	1f20616ac6b4e14344a18574cebeefbfb48669c0
mlir/examples/toy/Ch1/parser/AST.cpp	blob	100644	841642488db681efc1e62004e7dca9f79da52a37
mlir/examples/toy/Ch1/toyc.cpp	blob	100644	b9f3a2d3ae11f9bf63a71952daca759b64bd3cd8
mlir/examples/toy/Ch2/CMakeLists.txt	blob	100644	3fbff2fa2a6792972acccd18d670d8e7b62edc32
mlir/examples/toy/Ch2/include/CMakeLists.txt	blob	100644	37c89d0bae965cfc8665515de7e60ad7867a7d8b
mlir/examples/toy/Ch2/include/toy/AST.h	blob	100644	d2ba101dea5a4125ace0cc38d3e2a801123cab47
mlir/examples/toy/Ch2/include/toy/CMakeLists.txt	blob	100644	301baafb4412ddc8ad8312333c7e00b30cbe625d
mlir/examples/toy/Ch2/include/toy/Dialect.h	blob	100644	292f50ff698a52385231b90a7468d81bdfec34ac
mlir/examples/toy/Ch2/include/toy/Lexer.h	blob	100644	22822cc1059578089d7f56c311c56e5f3463962e
mlir/examples/toy/Ch2/include/toy/MLIRGen.h	blob	100644	fe9dbe55c28b8cbcf03634c834bf5a137cf63f47
mlir/examples/toy/Ch2/include/toy/Ops.td	blob	100644	91bf83a54df1ac29ca370eebe818571cd555e215
mlir/examples/toy/Ch2/include/toy/Parser.h	blob	100644	1f20616ac6b4e14344a18574cebeefbfb48669c0
mlir/examples/toy/Ch2/mlir/Dialect.cpp	blob	100644	489f348c8be52fce181426d65cac0b9ce1618bd0
mlir/examples/toy/Ch2/mlir/MLIRGen.cpp	blob	100644	a9592bcd7814a2c7f11a9779465d50ea0f9103e5
mlir/examples/toy/Ch2/parser/AST.cpp	blob	100644	841642488db681efc1e62004e7dca9f79da52a37
mlir/examples/toy/Ch2/toyc.cpp	blob	100644	a60738da9d4aebcd3e20174cd30a43d11cd45506
mlir/examples/toy/Ch3/CMakeLists.txt	blob	100644	565f3c41c5b80ef6b5f3da4305e6293a4f1b2b32
mlir/examples/toy/Ch3/include/CMakeLists.txt	blob	100644	37c89d0bae965cfc8665515de7e60ad7867a7d8b
mlir/examples/toy/Ch3/include/toy/AST.h	blob	100644	d2ba101dea5a4125ace0cc38d3e2a801123cab47
mlir/examples/toy/Ch3/include/toy/CMakeLists.txt	blob	100644	a233f5d6da08fba759fe7ab23b65cb3f38280048
mlir/examples/toy/Ch3/include/toy/Dialect.h	blob	100644	292f50ff698a52385231b90a7468d81bdfec34ac
mlir/examples/toy/Ch3/include/toy/Lexer.h	blob	100644	22822cc1059578089d7f56c311c56e5f3463962e
mlir/examples/toy/Ch3/include/toy/MLIRGen.h	blob	100644	fe9dbe55c28b8cbcf03634c834bf5a137cf63f47
mlir/examples/toy/Ch3/include/toy/Ops.td	blob	100644	027b076af9e633b2bbb5d4e36c3c58177698d793
mlir/examples/toy/Ch3/include/toy/Parser.h	blob	100644	1f20616ac6b4e14344a18574cebeefbfb48669c0
mlir/examples/toy/Ch3/mlir/Dialect.cpp	blob	100644	708855f18cf453a827ffb854a7f33de9fbc97170
mlir/examples/toy/Ch3/mlir/MLIRGen.cpp	blob	100644	8c21951948496203e80dfc837c15b43f1e226fc0
mlir/examples/toy/Ch3/mlir/ToyCombine.cpp	blob	100644	f8397c2e0649052de0c6f2fa5fca7cc06bedbd99
mlir/examples/toy/Ch3/mlir/ToyCombine.td	blob	100644	8bd2b442d69f2b473bd356737460d37f767366b1
mlir/examples/toy/Ch3/parser/AST.cpp	blob	100644	841642488db681efc1e62004e7dca9f79da52a37
mlir/examples/toy/Ch3/toyc.cpp	blob	100644	3094935567d94cc14342c84acd8e1a140291cd54
mlir/examples/toy/Ch4/CMakeLists.txt	blob	100644	9d33b7db66b6edcbbd50c11d76f48749df7e4560
mlir/examples/toy/Ch4/include/CMakeLists.txt	blob	100644	37c89d0bae965cfc8665515de7e60ad7867a7d8b
mlir/examples/toy/Ch4/include/toy/AST.h	blob	100644	d2ba101dea5a4125ace0cc38d3e2a801123cab47
mlir/examples/toy/Ch4/include/toy/CMakeLists.txt	blob	100644	acf7e311ffd9221cb6c498f79d8fc1a681e4f7c1
mlir/examples/toy/Ch4/include/toy/Dialect.h	blob	100644	5db325e8fe69c932e7b047bd3f31fa755516b1be
mlir/examples/toy/Ch4/include/toy/Lexer.h	blob	100644	22822cc1059578089d7f56c311c56e5f3463962e
mlir/examples/toy/Ch4/include/toy/MLIRGen.h	blob	100644	fe9dbe55c28b8cbcf03634c834bf5a137cf63f47
mlir/examples/toy/Ch4/include/toy/Ops.td	blob	100644	6c6b73937aaf880a8999f641f5297f7704e337a5
mlir/examples/toy/Ch4/include/toy/Parser.h	blob	100644	1f20616ac6b4e14344a18574cebeefbfb48669c0
mlir/examples/toy/Ch4/include/toy/Passes.h	blob	100644	0eafa08f82399179f88fecfc520144c46edf74f0
mlir/examples/toy/Ch4/include/toy/ShapeInferenceInterface.h	blob	100644	cfe5a872e7d6e372e746f182b6afb4ab73454d16
mlir/examples/toy/Ch4/include/toy/ShapeInferenceInterface.td	blob	100644	22790159ed5c6257fae32e304df36fcf679840e9
mlir/examples/toy/Ch4/mlir/Dialect.cpp	blob	100644	1e5e67296a753f8e303000242aa0248023e50d76
mlir/examples/toy/Ch4/mlir/MLIRGen.cpp	blob	100644	6b7ab40299be59adb22200d3ea27abe9ae53102b
mlir/examples/toy/Ch4/mlir/ShapeInferencePass.cpp	blob	100644	a552e1f08a84a07bbf2e6583fa6e0344784cae61
mlir/examples/toy/Ch4/mlir/ToyCombine.cpp	blob	100644	f8397c2e0649052de0c6f2fa5fca7cc06bedbd99
mlir/examples/toy/Ch4/mlir/ToyCombine.td	blob	100644	11d783150ebe1b401aba87818fcfe45a1bdb3566
mlir/examples/toy/Ch4/parser/AST.cpp	blob	100644	841642488db681efc1e62004e7dca9f79da52a37
mlir/examples/toy/Ch4/toyc.cpp	blob	100644	36816f0327deeb8f7b75773e0b4a556ca7dca57c
mlir/examples/toy/Ch5/CMakeLists.txt	blob	100644	454ca56c2dd47fb199f54a0f285163b263e28b03
mlir/examples/toy/Ch5/include/CMakeLists.txt	blob	100644	37c89d0bae965cfc8665515de7e60ad7867a7d8b
mlir/examples/toy/Ch5/include/toy/AST.h	blob	100644	d2ba101dea5a4125ace0cc38d3e2a801123cab47
mlir/examples/toy/Ch5/include/toy/CMakeLists.txt	blob	100644	7d51dd9c17c73fee889b9315798dd64326844291
mlir/examples/toy/Ch5/include/toy/Dialect.h	blob	100644	5db325e8fe69c932e7b047bd3f31fa755516b1be
mlir/examples/toy/Ch5/include/toy/Lexer.h	blob	100644	22822cc1059578089d7f56c311c56e5f3463962e
mlir/examples/toy/Ch5/include/toy/MLIRGen.h	blob	100644	fe9dbe55c28b8cbcf03634c834bf5a137cf63f47
mlir/examples/toy/Ch5/include/toy/Ops.td	blob	100644	6a136ec76e3d1de06ace69c0274c8b74571b38fb
mlir/examples/toy/Ch5/include/toy/Parser.h	blob	100644	1f20616ac6b4e14344a18574cebeefbfb48669c0
mlir/examples/toy/Ch5/include/toy/Passes.h	blob	100644	02a83cf483036655ca8e829924d4b657268d9b51
mlir/examples/toy/Ch5/include/toy/ShapeInferenceInterface.h	blob	100644	cfe5a872e7d6e372e746f182b6afb4ab73454d16
mlir/examples/toy/Ch5/include/toy/ShapeInferenceInterface.td	blob	100644	22790159ed5c6257fae32e304df36fcf679840e9
mlir/examples/toy/Ch5/mlir/Dialect.cpp	blob	100644	69fb69fd6e7ba03f8439871bd307add8294856b4
mlir/examples/toy/Ch5/mlir/LowerToAffineLoops.cpp	blob	100644	2969d3a795779f434d9b535728eafe360a1e81dd
mlir/examples/toy/Ch5/mlir/MLIRGen.cpp	blob	100644	6b7ab40299be59adb22200d3ea27abe9ae53102b
mlir/examples/toy/Ch5/mlir/ShapeInferencePass.cpp	blob	100644	a552e1f08a84a07bbf2e6583fa6e0344784cae61
mlir/examples/toy/Ch5/mlir/ToyCombine.cpp	blob	100644	f8397c2e0649052de0c6f2fa5fca7cc06bedbd99
mlir/examples/toy/Ch5/mlir/ToyCombine.td	blob	100644	11d783150ebe1b401aba87818fcfe45a1bdb3566
mlir/examples/toy/Ch5/parser/AST.cpp	blob	100644	841642488db681efc1e62004e7dca9f79da52a37
mlir/examples/toy/Ch5/toyc.cpp	blob	100644	d62a1c0042f625277c70f864cde0d16aad17dbe0
mlir/examples/toy/Ch6/CMakeLists.txt	blob	100644	73df6028329d5ca995341bcec29d495b5021444e
mlir/examples/toy/Ch6/include/CMakeLists.txt	blob	100644	37c89d0bae965cfc8665515de7e60ad7867a7d8b
mlir/examples/toy/Ch6/include/toy/AST.h	blob	100644	d2ba101dea5a4125ace0cc38d3e2a801123cab47
mlir/examples/toy/Ch6/include/toy/CMakeLists.txt	blob	100644	03e8a2a47007886ee79354aba9121e6472173881
mlir/examples/toy/Ch6/include/toy/Dialect.h	blob	100644	5db325e8fe69c932e7b047bd3f31fa755516b1be
mlir/examples/toy/Ch6/include/toy/Lexer.h	blob	100644	22822cc1059578089d7f56c311c56e5f3463962e
mlir/examples/toy/Ch6/include/toy/MLIRGen.h	blob	100644	fe9dbe55c28b8cbcf03634c834bf5a137cf63f47
mlir/examples/toy/Ch6/include/toy/Ops.td	blob	100644	897b36d6135f4a70247dc2345f835a09dfdb65c2
mlir/examples/toy/Ch6/include/toy/Parser.h	blob	100644	1f20616ac6b4e14344a18574cebeefbfb48669c0
mlir/examples/toy/Ch6/include/toy/Passes.h	blob	100644	62471dde46d85c4ad61eef163b59099a6fbc7e26
mlir/examples/toy/Ch6/include/toy/ShapeInferenceInterface.h	blob	100644	cfe5a872e7d6e372e746f182b6afb4ab73454d16
mlir/examples/toy/Ch6/include/toy/ShapeInferenceInterface.td	blob	100644	22790159ed5c6257fae32e304df36fcf679840e9
mlir/examples/toy/Ch6/mlir/Dialect.cpp	blob	100644	69fb69fd6e7ba03f8439871bd307add8294856b4
mlir/examples/toy/Ch6/mlir/LowerToAffineLoops.cpp	blob	100644	2969d3a795779f434d9b535728eafe360a1e81dd
mlir/examples/toy/Ch6/mlir/LowerToLLVM.cpp	blob	100644	987dfa1eb9e78b465c213fc44eef253e3ed03bfc
mlir/examples/toy/Ch6/mlir/MLIRGen.cpp	blob	100644	6b7ab40299be59adb22200d3ea27abe9ae53102b
mlir/examples/toy/Ch6/mlir/ShapeInferencePass.cpp	blob	100644	a552e1f08a84a07bbf2e6583fa6e0344784cae61
mlir/examples/toy/Ch6/mlir/ToyCombine.cpp	blob	100644	f8397c2e0649052de0c6f2fa5fca7cc06bedbd99
mlir/examples/toy/Ch6/mlir/ToyCombine.td	blob	100644	11d783150ebe1b401aba87818fcfe45a1bdb3566
mlir/examples/toy/Ch6/parser/AST.cpp	blob	100644	841642488db681efc1e62004e7dca9f79da52a37
mlir/examples/toy/Ch6/toyc.cpp	blob	100644	cfc10a7259180f3a7d8fdfb7f068b6a66cf01e9d
mlir/examples/toy/Ch7/CMakeLists.txt	blob	100644	a489ae5b2d3687d4a283ed8b9e357db2de12453a
mlir/examples/toy/Ch7/include/CMakeLists.txt	blob	100644	37c89d0bae965cfc8665515de7e60ad7867a7d8b
mlir/examples/toy/Ch7/include/toy/AST.h	blob	100644	42d64ed853add8fdb01de785edbd5521d70e20a7
mlir/examples/toy/Ch7/include/toy/CMakeLists.txt	blob	100644	7712e42ad809385ae610aac5075b31023daeadc5
mlir/examples/toy/Ch7/include/toy/Dialect.h	blob	100644	64094c3515915d3e58aef883bbe40ae81f8401d5
mlir/examples/toy/Ch7/include/toy/Lexer.h	blob	100644	f022c2f48ac8e8d81df84f2eaed22a44fe1cc0b8
mlir/examples/toy/Ch7/include/toy/MLIRGen.h	blob	100644	fe9dbe55c28b8cbcf03634c834bf5a137cf63f47
mlir/examples/toy/Ch7/include/toy/Ops.td	blob	100644	9151396c8aac73a5b5cee3490151919d7e08034d
mlir/examples/toy/Ch7/include/toy/Parser.h	blob	100644	7ba7b8f8d8e7940c05425ee2c609ec17f7f7b1d0
mlir/examples/toy/Ch7/include/toy/Passes.h	blob	100644	62471dde46d85c4ad61eef163b59099a6fbc7e26
mlir/examples/toy/Ch7/include/toy/ShapeInferenceInterface.h	blob	100644	cfe5a872e7d6e372e746f182b6afb4ab73454d16
mlir/examples/toy/Ch7/include/toy/ShapeInferenceInterface.td	blob	100644	22790159ed5c6257fae32e304df36fcf679840e9
mlir/examples/toy/Ch7/mlir/Dialect.cpp	blob	100644	4d2f063afd0fbfa693194ecb743ee1c0d2a87ecd
mlir/examples/toy/Ch7/mlir/LowerToAffineLoops.cpp	blob	100644	cbe4236050f57fafd61e1512b00444cb426be52e
mlir/examples/toy/Ch7/mlir/LowerToLLVM.cpp	blob	100644	8b48a8f798beb96a70d8eceee9f841a8c5661060
mlir/examples/toy/Ch7/mlir/MLIRGen.cpp	blob	100644	73133247335dcbba0527192320b63744ddf731a6
mlir/examples/toy/Ch7/mlir/ShapeInferencePass.cpp	blob	100644	a552e1f08a84a07bbf2e6583fa6e0344784cae61
mlir/examples/toy/Ch7/mlir/ToyCombine.cpp	blob	100644	1d8cf744739e1d0c833c34108c0b5c01abde5ae6
mlir/examples/toy/Ch7/mlir/ToyCombine.td	blob	100644	11d783150ebe1b401aba87818fcfe45a1bdb3566
mlir/examples/toy/Ch7/parser/AST.cpp	blob	100644	aa2c7846329c37b1a5f62e2361161572d7d92934
mlir/examples/toy/Ch7/toyc.cpp	blob	100644	ffd94bc8f71778d2afb139b5f1fe0f6f9d7c12da
mlir/examples/toy/README.md	blob	100644	3946a5d406da3e4d84c978aa37f95ab1a2918513
mlir/examples/transform-opt/CMakeLists.txt	blob	100644	07d58f612f3f98b22aed82d7974c4de9d8cbedda
mlir/examples/transform-opt/README.md	blob	100644	e9c8cc0173c7b2c6045625a01b791b35d2982092
mlir/examples/transform-opt/mlir-transform-opt.cpp	blob	100644	4b12e7610d0a8f584a78573358cd26197eec70dd
mlir/examples/transform/CMakeLists.txt	blob	100644	2b4208e4c0f723306455cf2810c6f2f6519eab9f
mlir/examples/transform/Ch2/CMakeLists.txt	blob	100644	56aefefff754c85974d632a8ad935cc9bc3be84b
mlir/examples/transform/Ch2/include/CMakeLists.txt	blob	100644	bb8935153e768c07d3711934f0d15a5c589aa67d
mlir/examples/transform/Ch2/include/MyExtension.h	blob	100644	5ab70a505aee454113c6e81daf5f626a262cd340
mlir/examples/transform/Ch2/include/MyExtension.td	blob	100644	1abd95237055670b1257dbf3cdfed30a3fc47924
mlir/examples/transform/Ch2/lib/CMakeLists.txt	blob	100644	9c2327284292ef5774d545b9c9dc3064c89d5d4c
mlir/examples/transform/Ch2/lib/MyExtension.cpp	blob	100644	b4b27e97d266ebe0beb8393a69ecce993b04c6c6
mlir/examples/transform/Ch2/transform-opt/transform-opt.cpp	blob	100644	874ad78c7e837781ff0d55595040164cad10e83d
mlir/examples/transform/Ch3/CMakeLists.txt	blob	100644	1bfe18b9c037361e2d2bce3945936cec0a908eb0
mlir/examples/transform/Ch3/include/CMakeLists.txt	blob	100644	59bd3be30538bd4c7cf063ae50636ea09dd17972
mlir/examples/transform/Ch3/include/MyExtension.h	blob	100644	086850403e1c5ba362dbf625b603fc42f6235e71
mlir/examples/transform/Ch3/include/MyExtension.td	blob	100644	49874a70c81785b41d4d80388e7f558062ae51dd
mlir/examples/transform/Ch3/include/MyExtensionTypes.td	blob	100644	8c4b8a9c782b9132bd2ade56e2c8cabb06b22dbb
mlir/examples/transform/Ch3/lib/CMakeLists.txt	blob	100644	2c04a8bab85a2a929445918a01aab16d9f19cae7
mlir/examples/transform/Ch3/lib/MyExtension.cpp	blob	100644	4b2123fa71d3185910141647203f2d237609bc04
mlir/examples/transform/Ch3/transform-opt/transform-opt.cpp	blob	100644	c9150c64a7163d07ac4eb15b475b5eda1dff3752
mlir/examples/transform/Ch4/CMakeLists.txt	blob	100644	c070a04a35a80c1f28811e3d21ffacfe96c60d36
mlir/examples/transform/Ch4/include/CMakeLists.txt	blob	100644	1f960e590529b39d512a608e71f160418ecdf926
mlir/examples/transform/Ch4/include/MyExtension.h	blob	100644	620ec8f398a5a73e9c6778fa6aba43f287327f73
mlir/examples/transform/Ch4/include/MyExtension.td	blob	100644	660680334178d9b15cc28aa95b2393ec54658f36
mlir/examples/transform/Ch4/lib/CMakeLists.txt	blob	100644	33338a679af3cec334ef18573f100af84a571a05
mlir/examples/transform/Ch4/lib/MyExtension.cpp	blob	100644	2159483675fed53f781045c430d5bedd89e7ba00
mlir/examples/transform/Ch4/transform-opt/transform-opt.cpp	blob	100644	03c84bdbccb8bac18a93292700a454a0cf896ed4
mlir/examples/transform/README.md	blob	100644	5109b6400392ddb9ff5fb093f0fa32621c192cb7
mlir/include/mlir-c/AffineExpr.h	blob	100644	161db6266cd305dee4ad9eb0393e7f30c301583a
mlir/include/mlir-c/AffineMap.h	blob	100644	c24c1ced3cbb65d74aec47eea7ccc2593b317320
mlir/include/mlir-c/Bindings/Python/Interop.h	blob	100644	a33190c380d37dee079fd0007045133613929367
mlir/include/mlir-c/BuiltinAttributes.h	blob	100644	5619970a1117a36a544847ca002904f51d624551
mlir/include/mlir-c/BuiltinTypes.h	blob	100644	0a56f126a6c131cbbd4a15c285c0570cc8950302
mlir/include/mlir-c/Conversion.h	blob	100644	88c5143ad4f05c689cbfc4c783a003fd1bac24eb
mlir/include/mlir-c/Debug.h	blob	100644	7dad73500858dd4100c36ebead1ec27d1f122928
mlir/include/mlir-c/Diagnostics.h	blob	100644	884c67942ef65988a089377e45b2180d3f22abed
mlir/include/mlir-c/Dialect/AMDGPU.h	blob	100644	8b98eebf3b201250fea46333b416f7361185f2cf
mlir/include/mlir-c/Dialect/Affine.h	blob	100644	a5359c7ffc157ec2850082c9881c9fb35f783ff1
mlir/include/mlir-c/Dialect/Arith.h	blob	100644	af2e7c2e69287ced4b90e717d8094a63390d1959
mlir/include/mlir-c/Dialect/ArmNeon.h	blob	100644	fdc859d9ff631b0b8625b3cea29f23769a4e678a
mlir/include/mlir-c/Dialect/ArmSME.h	blob	100644	e3c628f3a6df9319230cf0e4eb1d6e41dd2b4b6e
mlir/include/mlir-c/Dialect/ArmSVE.h	blob	100644	e9d63572c6ffff491d9f050ceeb23f08053ca910
mlir/include/mlir-c/Dialect/Async.h	blob	100644	e4e32f86a218bf8b52bf78d9cf38ed571fa9fb6f
mlir/include/mlir-c/Dialect/Bufferization.h	blob	100644	1bdbd146030288772b846729b9d0e9c2d2cb20e0
mlir/include/mlir-c/Dialect/Complex.h	blob	100644	777b77d4b72fe9707bf74fac8e38580a33624485
mlir/include/mlir-c/Dialect/ControlFlow.h	blob	100644	6d5ff8c3d82b721711e033f6296d90843ffe3c7e
mlir/include/mlir-c/Dialect/DLTI.h	blob	100644	d0f79d9c4bc6a746a0de74fc37b4417e3a9656c0
mlir/include/mlir-c/Dialect/EmitC.h	blob	100644	67b01a031efd905c6f1e6a479d8e6963ca24cf56
mlir/include/mlir-c/Dialect/Func.h	blob	100644	30204273bc774259f94d9efef022aa957df64ea4
mlir/include/mlir-c/Dialect/GPU.h	blob	100644	f87ac9924d355f8a6c11920b33ec36604738d9d1
mlir/include/mlir-c/Dialect/IRDL.h	blob	100644	16d1bc54822625c7c7a3dcf7b265bbffb785eddd
mlir/include/mlir-c/Dialect/Index.h	blob	100644	3f05694acf7a7163eb92cad3eb908f97357b56e0
mlir/include/mlir-c/Dialect/LLVM.h	blob	100644	30137faaaa8d8099907f0baf0c34a093adb81193
mlir/include/mlir-c/Dialect/Linalg.h	blob	100644	b75b9e9490f0007c7ada27bf9145f15bf2f6d955
mlir/include/mlir-c/Dialect/MLProgram.h	blob	100644	df3a1f28e6ac649baab583544281dac0d3fb7c0b
mlir/include/mlir-c/Dialect/MPI.h	blob	100644	c90c3db7bdcc6f4596958e84582d64ead70744a4
mlir/include/mlir-c/Dialect/Math.h	blob	100644	5dd975f1a86a4cba6d099283ff1ed29c80854329
mlir/include/mlir-c/Dialect/MemRef.h	blob	100644	327fe25143f8e8e8788ec23a689a88be6c142fe5
mlir/include/mlir-c/Dialect/NVGPU.h	blob	100644	115c73d394209a4305cdf153d4facf8ad54166d4
mlir/include/mlir-c/Dialect/NVVM.h	blob	100644	cf5d9301d4b284a7915343c6ab17bc151c183c44
mlir/include/mlir-c/Dialect/OpenACC.h	blob	100644	d552b8561b8d2861a0270dacdda48391c9cbc11b
mlir/include/mlir-c/Dialect/OpenMP.h	blob	100644	719ed702aad29acda57ed15215e08400a09cab3a
mlir/include/mlir-c/Dialect/PDL.h	blob	100644	e247c770438c605c4c98621afb619bb8b2b730dd
mlir/include/mlir-c/Dialect/PDLInterp.h	blob	100644	7212196f0168b077bbc558977dc4ae6b07e78973
mlir/include/mlir-c/Dialect/Ptr.h	blob	100644	ef3cf35fb1456520440ac62d05b69004d1ac548e
mlir/include/mlir-c/Dialect/Quant.h	blob	100644	ced5a75321631eab2b2a1d1c3e74909ee19ab698
mlir/include/mlir-c/Dialect/ROCDL.h	blob	100644	e5dbb55b581878c256c8aaa0c325db86c11a5761
mlir/include/mlir-c/Dialect/SCF.h	blob	100644	4d536b004f5eef36c0c04b72156f9c5b0617ce38
mlir/include/mlir-c/Dialect/SMT.h	blob	100644	a289172b9d0f2e7ee25572945e506b7ef866351d
mlir/include/mlir-c/Dialect/SPIRV.h	blob	100644	8b3af0f39b8b8c81c41170b7b1034bdaa5ab72b8
mlir/include/mlir-c/Dialect/Shape.h	blob	100644	5681fdf8cbe4ce638b7d2d24901fb086a465bf04
mlir/include/mlir-c/Dialect/Shard.h	blob	100644	ba85a80f2144f77d5b879b575a91ea4128cf6b84
mlir/include/mlir-c/Dialect/SparseTensor.h	blob	100644	60ae49f37d65385b4dd7eff796f7370def2b4484
mlir/include/mlir-c/Dialect/Tensor.h	blob	100644	6fb52fa00177cd974ba3bb042121b70f88988589
mlir/include/mlir-c/Dialect/Tosa.h	blob	100644	8550f47ee0bbfccbd63121df9b54186be86fd6cb
mlir/include/mlir-c/Dialect/Transform.h	blob	100644	cbda09cdbc37b9ee53338c71d96b3ea810136205
mlir/include/mlir-c/Dialect/Transform/Interpreter.h	blob	100644	fa320324234e8ddc627db4d6c88603bc937c9271
mlir/include/mlir-c/Dialect/UB.h	blob	100644	e9d64348a172762e271483ca78a25463d0c9869a
mlir/include/mlir-c/Dialect/VCIX.h	blob	100644	d0201633cc82fc98d175c876d76b9d43917d2c91
mlir/include/mlir-c/Dialect/Vector.h	blob	100644	0afb93b0d175e7513563738a8f16e73e2f427756
mlir/include/mlir-c/Dialect/WasmSSA.h	blob	100644	76ddb90469478bb83927b8d44a42fc33a11f17b3
mlir/include/mlir-c/Dialect/X86.h	blob	100644	6973fba33ebd65029843f811d43f7ef95f5cb11c
mlir/include/mlir-c/Dialect/XeGPU.h	blob	100644	7faf7297a141f4eabc631d66be274278e948cd64
mlir/include/mlir-c/Dialect/XeVM.h	blob	100644	d8560d1c279cc538b5bddebdf094830f0785756a
mlir/include/mlir-c/Dominance.h	blob	100644	0923e227c0b346bd036fe10b252cde7b881db1d8
mlir/include/mlir-c/ExecutionEngine.h	blob	100644	2a81798bdbf379d80d21e892b47ee9716f761fe2
mlir/include/mlir-c/ExtensibleDialect.h	blob	100644	f8dcb3f6800d338b36ed6b53612b3f303395ed97
mlir/include/mlir-c/IR.h	blob	100644	ac8ffbaf028b099c7804043586ebb95cfa01765d
mlir/include/mlir-c/IntegerSet.h	blob	100644	058be414d2ee2384e2b4929e0482c4055629da90
mlir/include/mlir-c/Interfaces.h	blob	100644	a416a6ab76f875a4d30570871e23abe79ffedcdd
mlir/include/mlir-c/Pass.h	blob	100644	1f63c6d0dcab806b367c3fdc86f0b8466c498f16
mlir/include/mlir-c/RegisterEverything.h	blob	100644	ea2ea86449727e88b3cb77c10e7ed3ea9a0872cb
mlir/include/mlir-c/Rewrite.h	blob	100644	0e5562477d4f430231b8363d657a850cd26feea6
mlir/include/mlir-c/Support.h	blob	100644	50cb65e0ac7f532d516198e08b6708de21aeafc8
mlir/include/mlir-c/Target/ExportSMTLIB.h	blob	100644	f6a52940e0ab670239b9da2e9ff6eef7d41d2c93
mlir/include/mlir-c/Target/LLVMIR.h	blob	100644	ec5ae88d485dccc33eee8c606a67cfa17438f752
mlir/include/mlir-c/Transforms.h	blob	100644	715de3ee4296d98b634ca3ca50965195e83372eb
mlir/include/mlir/ABI/ABIRewriteContext.h	blob	100644	8394aeccc75ce90e127d3b73924758eaeb014771
mlir/include/mlir/ABI/ABITypeMapper.h	blob	100644	2499e910ca79772ba8f3ed00a06df60afc9ce749
mlir/include/mlir/ABI/Targets/Test/TestTarget.h	blob	100644	8bf949bf3b67f04d0a82b49f69d8648e74e37e2b
mlir/include/mlir/Analysis/AliasAnalysis.h	blob	100644	0fdcf01d9b6a38713c1a293cf0ada7fb157d83ef
mlir/include/mlir/Analysis/AliasAnalysis/LocalAliasAnalysis.h	blob	100644	a9b4d5b2b66e52990dcab7f5b16faf2cf592db92
mlir/include/mlir/Analysis/CFGLoopInfo.h	blob	100644	7060a9df7de2ddc977adc3020fdf9e42e22e1ef5
mlir/include/mlir/Analysis/CallGraph.h	blob	100644	9808aea1239cfb91a60fa2a3e199f46a3b52772f
mlir/include/mlir/Analysis/DataFlow/ConstantPropagationAnalysis.h	blob	100644	d2d4ff9960ea36761a5c6ea590259bed987c1520
mlir/include/mlir/Analysis/DataFlow/DeadCodeAnalysis.h	blob	100644	3b2914cdd4c981ba60e85f285c604da3044607b1
mlir/include/mlir/Analysis/DataFlow/DenseAnalysis.h	blob	100644	82f86d06886b614dbe27ad71af0d10a7dfc23a2d
mlir/include/mlir/Analysis/DataFlow/IntegerDivisibilityAnalysis.h	blob	100644	3a877647490a3158bf0ad3516dc146ec234e113b
mlir/include/mlir/Analysis/DataFlow/IntegerRangeAnalysis.h	blob	100644	8d75c4016355b82d5dfc231b4f4706ec4d39d7f1
mlir/include/mlir/Analysis/DataFlow/LivenessAnalysis.h	blob	100644	90947d06e7999f6ea8f914df5ea4fc47d117e8d1
mlir/include/mlir/Analysis/DataFlow/SparseAnalysis.h	blob	100644	df50d8d193aebeaa59a77e2eb26aaa80415a1035
mlir/include/mlir/Analysis/DataFlow/StridedMetadataRangeAnalysis.h	blob	100644	72ac2477435dbc8d97cd28ee2baccf3d7e03322f
mlir/include/mlir/Analysis/DataFlow/Utils.h	blob	100644	e97f2f70f609ce4bd10a83b244c1dd8ba65aa6cb
mlir/include/mlir/Analysis/DataFlowFramework.h	blob	100644	30fed25befa5daff704c023e5bff242145683942
mlir/include/mlir/Analysis/DataLayoutAnalysis.h	blob	100644	cba7ee1b0169268d262959cb7fd6b2e587192ef7
mlir/include/mlir/Analysis/FlatLinearValueConstraints.h	blob	100644	79fb201935f0d3fe8ea9e26b927f621cef8632f0
mlir/include/mlir/Analysis/Liveness.h	blob	100644	ca4d8dfab3c919a837b09675c4b6f453ae3b2e86
mlir/include/mlir/Analysis/Presburger/Barvinok.h	blob	100644	b09617f0fe88e5a588bf0d1ce5006b3f4daf2378
mlir/include/mlir/Analysis/Presburger/Fraction.h	blob	100644	585a6d48506d245e610d7942ff869ee54f31fe16
mlir/include/mlir/Analysis/Presburger/GeneratingFunction.h	blob	100644	b81042b4e6f9d6efce5a130f646f50ab57df7e63
mlir/include/mlir/Analysis/Presburger/IntegerRelation.h	blob	100644	4b13085eceddfc4e8d4e60cae76269bbe3d60eb9
mlir/include/mlir/Analysis/Presburger/LinearTransform.h	blob	100644	eeac9f1dc39385517b6a79b9b26366c1a320d4e3
mlir/include/mlir/Analysis/Presburger/Matrix.h	blob	100644	96afef1bd3105f2d636a3690d81ae68706bda504
mlir/include/mlir/Analysis/Presburger/PWMAFunction.h	blob	100644	fcc39bf0e0537d810fedca24f0025dda3a903739
mlir/include/mlir/Analysis/Presburger/PresburgerRelation.h	blob	100644	f7e06a6b22a95d8686926fd53729ea8ea0920aad
mlir/include/mlir/Analysis/Presburger/PresburgerSpace.h	blob	100644	c7808e72014706c0897c38a4681e3d77a53079e5
mlir/include/mlir/Analysis/Presburger/QuasiPolynomial.h	blob	100644	5a0962df89d37a407497f9a998ffebd2c86130bb
mlir/include/mlir/Analysis/Presburger/Simplex.h	blob	100644	d89bbe37a6b3e0cb760eb4b7bec1779d796438ac
mlir/include/mlir/Analysis/Presburger/Utils.h	blob	100644	0e6d18279d67ed5a6cd0cd5fd4d1f77110281b19
mlir/include/mlir/Analysis/SliceAnalysis.h	blob	100644	18349d071bb2e4ca01ddb67065261d3104eafb91
mlir/include/mlir/Analysis/SliceWalk.h	blob	100644	eb9ced2ff63b68d2c9a4d0e0a4672816044d8e1f
mlir/include/mlir/Analysis/SymbolTableAnalysis.h	blob	100644	145627e43aee1232c0972d0d8d8a15ab52552575
mlir/include/mlir/Analysis/TopologicalSortUtils.h	blob	100644	ee98cd8cb380e4d539e89a8cca54f24adf7e0465
mlir/include/mlir/AsmParser/AsmParser.h	blob	100644	33daf7ca26f49ed2bbf15aa6f375d5fe1ca531be
mlir/include/mlir/AsmParser/AsmParserState.h	blob	100644	e47cb32ee4027fa62f228425f419ee8431437dac
mlir/include/mlir/AsmParser/CodeComplete.h	blob	100644	e59fe66826b7c9ce0da58c0dad63512b549a8cd5
mlir/include/mlir/Bindings/Python/Diagnostics.h	blob	100644	b18f5673f0e3b8870e7c904a41e87053f7f16126
mlir/include/mlir/Bindings/Python/Globals.h	blob	100644	87f63579392854833763e0c63282f2b8136919ba
mlir/include/mlir/Bindings/Python/IRAttributes.h	blob	100644	fcc003ab365fae27cf136f955b63c66d4101d8bc
mlir/include/mlir/Bindings/Python/IRCore.h	blob	100644	3314e0b2a8fcf60b8b1e68a6954649002d0ac84e
mlir/include/mlir/Bindings/Python/IRInterfaces.h	blob	100644	c1047c7e20ab7577a834d549b544525515edbbb5
mlir/include/mlir/Bindings/Python/IRTypes.h	blob	100644	2cd18099d55c4069beb63081f0cea330dd65efb9
mlir/include/mlir/Bindings/Python/Nanobind.h	blob	100644	f7cf8fd38981dcd39d3d77ba87e01d834fd9bf4f
mlir/include/mlir/Bindings/Python/NanobindAdaptors.h	blob	100644	68329e580975c34c22c964b02e661ba30d15080b
mlir/include/mlir/Bindings/Python/NanobindUtils.h	blob	100644	ea43356d2cf546455d13aae603a2f2c24d056a19
mlir/include/mlir/Bindings/Python/PythonBindings.td	blob	100644	b652b1381b6d65869f52442fbfad02a8e3fc33be
mlir/include/mlir/Bytecode/BytecodeDialectInterface.td	blob	100644	f06715e2339604592fff744345dc09f2e1e0915b
mlir/include/mlir/Bytecode/BytecodeImplementation.h	blob	100644	d8d0ca7b3b9f70863d655fae30d9eaec067aad7f
mlir/include/mlir/Bytecode/BytecodeOpInterface.h	blob	100644	98f1fee7f9d3a982415bf5606572fcc449fe0cd5
mlir/include/mlir/Bytecode/BytecodeOpInterface.td	blob	100644	54fb03e34ec5111c1a1a82815a0a2cbfe8f8e736
mlir/include/mlir/Bytecode/BytecodeReader.h	blob	100644	19f74a0750cc90df499edb6c9d6cbdaba4894996
mlir/include/mlir/Bytecode/BytecodeReaderConfig.h	blob	100644	c473b5779130f61aa87f519db6ad5c36cceff772
mlir/include/mlir/Bytecode/BytecodeWriter.h	blob	100644	8b883e32831a2a8c7874d20be0851b515dcb90a6
mlir/include/mlir/Bytecode/CMakeLists.txt	blob	100644	1e29c467c69eef60fa80854e400c43981791f2bf
mlir/include/mlir/Bytecode/Encoding.h	blob	100644	ac3826929ce7c1c6749c820c573db657642633a6
mlir/include/mlir/CAPI/AffineExpr.h	blob	100644	a31a0535c075842410bd110bf85deb61cd0a2c6d
mlir/include/mlir/CAPI/AffineMap.h	blob	100644	cea48ffae8b6d80686b8f10fd498a99333466c4d
mlir/include/mlir/CAPI/Diagnostics.h	blob	100644	a632b9b99499b28244df14563abf9ae284472bdb
mlir/include/mlir/CAPI/Dialect/Transform.h	blob	100644	792236cd8601fe6178c8f5d8da54f5ca6a1c64d1
mlir/include/mlir/CAPI/Dominance.h	blob	100644	b710087f32426e3ce39caf014261876be3969c0a
mlir/include/mlir/CAPI/ExecutionEngine.h	blob	100644	034c59f5847780343003991ed32c0ee63eb37a02
mlir/include/mlir/CAPI/IR.h	blob	100644	1836cb0acb67e7eeabd01ac85b03206461bad61d
mlir/include/mlir/CAPI/IRMapping.h	blob	100644	dc0a76490d8a690f78f7b040cbcf1f32367f2e6f
mlir/include/mlir/CAPI/IntegerSet.h	blob	100644	bb7f899042d8fd0b08f3742d8ab47eec9e39d21e
mlir/include/mlir/CAPI/Interfaces.h	blob	100644	55d850ccd01ebde168773862d0da2a0966e726b0
mlir/include/mlir/CAPI/Pass.h	blob	100644	f895da0c8257f50a5c9200be77ca5d5a1f7737a0
mlir/include/mlir/CAPI/Registration.h	blob	100644	355c4bcfeabcc9ee3ef1a6bcdda2f6449f3d6dee
mlir/include/mlir/CAPI/Rewrite.h	blob	100644	a172f59b3e3ce08d695441e6bd9d7d42cd924434
mlir/include/mlir/CAPI/Support.h	blob	100644	0951175c428d2bc25e530dd0db05cf4da5c34fd6
mlir/include/mlir/CAPI/Utils.h	blob	100644	d78cdbf31dbda93508ac5fb17812f35084b68bc3
mlir/include/mlir/CAPI/Wrap.h	blob	100644	fd5b6e18d49520d05f3048fe8a826dcb18371c86
mlir/include/mlir/CMakeLists.txt	blob	100644	f88a35ba1efc7cac5c7d1ff45c8d570680c2ac88
mlir/include/mlir/Config/mlir-config.h.cmake	blob	100644	3013ec4ba5637f738c9950df49365cd1a9d3ac72
mlir/include/mlir/Conversion/AMDGPUToROCDL/AMDGPUToROCDL.h	blob	100644	393658652dbac426eedbd0442b92638938af365f
mlir/include/mlir/Conversion/AffineToStandard/AffineToStandard.h	blob	100644	2811d5e4a0f84921989baefaeb6c15afbb523a7e
mlir/include/mlir/Conversion/ArithAndMathToAPFloat/ArithToAPFloat.h	blob	100644	6702aca045ba477df81507d75e917cc9caae6404
mlir/include/mlir/Conversion/ArithAndMathToAPFloat/MathToAPFloat.h	blob	100644	6cb44c89ecebb772dd248e76dcbf9003344b0585
mlir/include/mlir/Conversion/ArithCommon/AttrToLLVMConverter.h	blob	100644	feb74c86e349f5c1ad0090e29e350ff17b7198e4
mlir/include/mlir/Conversion/ArithToAMDGPU/ArithToAMDGPU.h	blob	100644	fd144edf77452a161125cd07aaea3272cd12fb17
mlir/include/mlir/Conversion/ArithToArmSME/ArithToArmSME.h	blob	100644	012e7fb5b0af2f8835526a4da7429ac79e3abe9a
mlir/include/mlir/Conversion/ArithToEmitC/ArithToEmitC.h	blob	100644	0dfd1412141801d80bdf6431ccc612c8396a3467
mlir/include/mlir/Conversion/ArithToEmitC/ArithToEmitCPass.h	blob	100644	6b98fed7185eada8f5e027d6b9941b10b054853d
mlir/include/mlir/Conversion/ArithToLLVM/ArithToLLVM.h	blob	100644	173fea7c352d93df11a846d5a5726abd1c7df6a4
mlir/include/mlir/Conversion/ArithToSPIRV/ArithToSPIRV.h	blob	100644	1a6ba1cf0db08d306b555039c2198a7626a9d476
mlir/include/mlir/Conversion/ArmNeon2dToIntr/ArmNeon2dToIntr.h	blob	100644	860880bcd4a4c301ee11ea578e04c650ba11603a
mlir/include/mlir/Conversion/ArmSMEToLLVM/ArmSMEToLLVM.h	blob	100644	403f811a2569a05aa878475e2c068ba82849d706
mlir/include/mlir/Conversion/ArmSMEToSCF/ArmSMEToSCF.h	blob	100644	0b9b066690b66c2c3f03ed628c109bbfad3d73cc
mlir/include/mlir/Conversion/AsyncToLLVM/AsyncToLLVM.h	blob	100644	60441f9faaa60e6fd0e91cb76fa5ac2e1590bd28
mlir/include/mlir/Conversion/BufferizationToMemRef/BufferizationToMemRef.h	blob	100644	4beb0a5c3ec59812aa34c5f3ad45929f09ffd5e9
mlir/include/mlir/Conversion/CMakeLists.txt	blob	100644	209f35d3774ec9b326e681ec034bc4e202c6f088
mlir/include/mlir/Conversion/ComplexCommon/DivisionConverter.h	blob	100644	df97dc2c4eb7d3eac4cc800e5bbbdfddf2371fa5
mlir/include/mlir/Conversion/ComplexToLLVM/ComplexToLLVM.h	blob	100644	1db75563fe304b6cfa45d39621b8fdeb096358a3
mlir/include/mlir/Conversion/ComplexToLibm/ComplexToLibm.h	blob	100644	475d0f3ce610b386705e97ef6fe623b74e6a3730
mlir/include/mlir/Conversion/ComplexToROCDLLibraryCalls/ComplexToROCDLLibraryCalls.h	blob	100644	daac2a99ed80f57c219f0a7da4bae3ab0f43a5d0
mlir/include/mlir/Conversion/ComplexToSPIRV/ComplexToSPIRV.h	blob	100644	777481f00b3592f579fc941e2ca7dca9bc89d0b4
mlir/include/mlir/Conversion/ComplexToSPIRV/ComplexToSPIRVPass.h	blob	100644	7644bb4953942a6b0f2c8150a66978744f050ab9
mlir/include/mlir/Conversion/ComplexToStandard/ComplexToStandard.h	blob	100644	509a68314f987431b18a23b1799c98fbc2e04c0e
mlir/include/mlir/Conversion/ControlFlowToLLVM/ControlFlowToLLVM.h	blob	100644	2dfb6b03bcfcd1dd78846d65514ee1bb18333a0a
mlir/include/mlir/Conversion/ControlFlowToSCF/ControlFlowToSCF.h	blob	100644	73ba1a8014a89d62f11ce5bbeab0ff31ef5bfcbf
mlir/include/mlir/Conversion/ControlFlowToSPIRV/ControlFlowToSPIRV.h	blob	100644	6de46960ff8029dd24a7b169285b124f20e1d0a6
mlir/include/mlir/Conversion/ControlFlowToSPIRV/ControlFlowToSPIRVPass.h	blob	100644	eb8c79291e3673d2f47db29e5f01340595f3772b
mlir/include/mlir/Conversion/ConvertToEmitC/CMakeLists.txt	blob	100644	d748d3bde2b76a7b5914fc9a7ae7733c729fe9c6
mlir/include/mlir/Conversion/ConvertToEmitC/ConvertToEmitCPass.h	blob	100644	ffced8366fd199c8923253d93cf532349a3d01cd
mlir/include/mlir/Conversion/ConvertToEmitC/ConvertToEmitCPatternInterface.td	blob	100644	9f494097e42514376709f95c773797f438de71b7
mlir/include/mlir/Conversion/ConvertToEmitC/ToEmitCInterface.h	blob	100644	1532f89984ea7d697abd793c831fb80fe7577c76
mlir/include/mlir/Conversion/ConvertToLLVM/CMakeLists.txt	blob	100644	be9eac921f2a5c0194aae86216b6154fa3d6d630
mlir/include/mlir/Conversion/ConvertToLLVM/ToLLVMInterface.h	blob	100644	9b72a65dd02036b68f45a4d8e1bf6e5e75b98833
mlir/include/mlir/Conversion/ConvertToLLVM/ToLLVMInterface.td	blob	100644	d597821058be2a6c71855751c75b70023a650d6f
mlir/include/mlir/Conversion/ConvertToLLVM/ToLLVMPass.h	blob	100644	7de03500f8aaa0ece92e0659eaacb7c76f007598
mlir/include/mlir/Conversion/EmitCCommon/TypeConverter.h	blob	100644	9db077d66284672808732da24afd97fc8b134047
mlir/include/mlir/Conversion/FuncToEmitC/FuncToEmitC.h	blob	100644	5e9e09bb14d74dbbba6e5e757b4de51f67a2daf9
mlir/include/mlir/Conversion/FuncToEmitC/FuncToEmitCPass.h	blob	100644	65936703ee13e6d825c451922dd280b8dc05bf5d
mlir/include/mlir/Conversion/FuncToLLVM/ConvertFuncToLLVM.h	blob	100644	e530b0a43b8e025c10e243eb34c10fa7d909624c
mlir/include/mlir/Conversion/FuncToLLVM/ConvertFuncToLLVMPass.h	blob	100644	07a3d9668e6283dd6ae9adf43ed1ad1486162334
mlir/include/mlir/Conversion/FuncToSPIRV/FuncToSPIRV.h	blob	100644	68728755a2fbdbd402270a4b82c99d1255f28933
mlir/include/mlir/Conversion/FuncToSPIRV/FuncToSPIRVPass.h	blob	100644	d903e8e20bc1e5529a98408305e73e1b777bc38a
mlir/include/mlir/Conversion/GPUCommon/AttrToSPIRVConverter.h	blob	100644	e1dcedba094c03d567eb00c9e5f98a90d0d24236
mlir/include/mlir/Conversion/GPUCommon/GPUCommonPass.h	blob	100644	25b094ebdecb211210e0bfe870a16acda3645339
mlir/include/mlir/Conversion/GPUCommon/GPUToLLVM.h	blob	100644	ad8c39fe676618c9525201dafe804cd8fa9f7fb3
mlir/include/mlir/Conversion/GPUToLLVMSPV/GPUToLLVMSPVPass.h	blob	100644	3bf30ae99f2bf1c0fdf1c5fba92fb9303ceb4f2e
mlir/include/mlir/Conversion/GPUToNVVM/GPUToNVVM.h	blob	100644	6311630a23c8f692d738b0d2cff6eec6ce495a5b
mlir/include/mlir/Conversion/GPUToNVVM/GPUToNVVMPass.h	blob	100644	9d85f04b40c72d4a5521b454d8127e8541d54002
mlir/include/mlir/Conversion/GPUToROCDL/GPUToROCDLPass.h	blob	100644	220da0ad3c08fec9fbe54c6d908c5bfa52029921
mlir/include/mlir/Conversion/GPUToROCDL/Runtimes.h	blob	100644	da47d4cf97e7ec1a62365174f4a3544f8fe5a2c8
mlir/include/mlir/Conversion/GPUToSPIRV/GPUToSPIRV.h	blob	100644	75d3050bc95d9cd31b12e412841d64b79cef785f
mlir/include/mlir/Conversion/GPUToSPIRV/GPUToSPIRVPass.h	blob	100644	b1a6de01111106846380d5b6359247a24c7f4f8f
mlir/include/mlir/Conversion/IndexToLLVM/IndexToLLVM.h	blob	100644	16d3d74b135588bd8bd908ddfc1c283c4512cd74
mlir/include/mlir/Conversion/IndexToSPIRV/IndexToSPIRV.h	blob	100644	e5e7d3318a871736f4e1fd3b77843b0636071f9b
mlir/include/mlir/Conversion/LLVMCommon/ConversionTarget.h	blob	100644	facd9f4e7e4e6051486f21df7a175f81666cdf6e
mlir/include/mlir/Conversion/LLVMCommon/LowerFunctionDiscardablesToLLVM.h	blob	100644	c936cbded29690a392eaabd2703b15e750edb21c
mlir/include/mlir/Conversion/LLVMCommon/LoweringOptions.h	blob	100644	c94892fd4f8164ce20d6e69e6c6e1c42aa35d0fe
mlir/include/mlir/Conversion/LLVMCommon/MemRefBuilder.h	blob	100644	8e86808cc424af83d3684b75c0b89862665a7ae5
mlir/include/mlir/Conversion/LLVMCommon/Pattern.h	blob	100644	2f468458addd31e725a5d64bc7ce274fb544512d
mlir/include/mlir/Conversion/LLVMCommon/PrintCallHelper.h	blob	100644	d7de40555bb6a9336a3668af182110eb8bd670a8
mlir/include/mlir/Conversion/LLVMCommon/StructBuilder.h	blob	100644	b6ff1d13abf1dae11c4de70df9be596238fccd88
mlir/include/mlir/Conversion/LLVMCommon/TypeConverter.h	blob	100644	2096bcb9896a5136796ad6ac79ce318cbaabca1e
mlir/include/mlir/Conversion/LLVMCommon/VectorPattern.h	blob	100644	65988a2466318c6792878632dd34505896db6cd2
mlir/include/mlir/Conversion/LinalgToStandard/LinalgToStandard.h	blob	100644	51b14953a95a7e28e1207b297c73419e38fbdf28
mlir/include/mlir/Conversion/MPIToLLVM/MPIToLLVM.h	blob	100644	3bae3a5f2224851525c16fb3047434041577e093
mlir/include/mlir/Conversion/MathToEmitC/MathToEmitC.h	blob	100644	c61773026ca53d7cef37cb33e0c0043fe5952198
mlir/include/mlir/Conversion/MathToEmitC/MathToEmitCPass.h	blob	100644	c3861db7764c358f43a3aa54ec07bb1fa25537ff
mlir/include/mlir/Conversion/MathToFuncs/MathToFuncs.h	blob	100644	d2fa66dd655c4b6e1dc50ee9b9cfc2723ac4b6b2
mlir/include/mlir/Conversion/MathToLLVM/MathToLLVM.h	blob	100644	0c1203e1e3c0e35d0e857655f99fa5d973ee1362
mlir/include/mlir/Conversion/MathToLibm/MathToLibm.h	blob	100644	75f077d9ab2865a099ee9bdd9fb315090d0f01b4
mlir/include/mlir/Conversion/MathToNVVM/MathToNVVM.h	blob	100644	856206810777bd0edc443b8d82ff6abf955794dc
mlir/include/mlir/Conversion/MathToROCDL/MathToROCDL.h	blob	100644	60f1888569362be2712876177dbc1b8c270eb2d0
mlir/include/mlir/Conversion/MathToSPIRV/MathToSPIRV.h	blob	100644	452b3f5df931e11cf4951ee575fa1f1f47a5602f
mlir/include/mlir/Conversion/MathToSPIRV/MathToSPIRVPass.h	blob	100644	bd6431ad8462379ec4d03ed18cc98f8ddfc20b8b
mlir/include/mlir/Conversion/MathToXeVM/MathToXeVM.h	blob	100644	1bc6b095f9ad06f7f63ef8535d15193cac6d2ddd
mlir/include/mlir/Conversion/MemRefToEmitC/MemRefToEmitC.h	blob	100644	061cf842e28ae5e4d2dd9a555ae10d163cdf1db8
mlir/include/mlir/Conversion/MemRefToEmitC/MemRefToEmitCPass.h	blob	100644	4a63014c19ad0e0bb0eaf69517c1accb9e30e36f
mlir/include/mlir/Conversion/MemRefToLLVM/MemRefToLLVM.h	blob	100644	e93d5bdce7bf21a0f471230f99992830e68d56be
mlir/include/mlir/Conversion/MemRefToSPIRV/MemRefToSPIRV.h	blob	100644	4aa2bac98a7bb93b8c6c4e92141908e6b32b47d1
mlir/include/mlir/Conversion/MemRefToSPIRV/MemRefToSPIRVPass.h	blob	100644	3df54fd8a47bd7c86168a2459180b2a24027b9fe
mlir/include/mlir/Conversion/NVGPUToNVVM/NVGPUToNVVM.h	blob	100644	bcdf58aec4bb9da47c67f0a5b517a997df583b9a
mlir/include/mlir/Conversion/NVVMToLLVM/NVVMToLLVM.h	blob	100644	ee93d73358ef7f940fdcd51bb0f19d36188bf967
mlir/include/mlir/Conversion/OpenACCToLLVM/ACCToLLVM.h	blob	100644	02bb6104a238d33b9df5eb6a79745a339b8abcf7
mlir/include/mlir/Conversion/OpenACCToLLVM/ACCToLLVMUtils.h	blob	100644	7e16cf17c4489f12d9000990a4e76d4af9502f8d
mlir/include/mlir/Conversion/OpenACCToSCF/ConvertOpenACCToSCF.h	blob	100644	75ded320e2f9e2e137493e8b6bff97b02c879c65
mlir/include/mlir/Conversion/OpenMPToLLVM/ConvertOpenMPToLLVM.h	blob	100644	4822d6836ded11b10ff670ed6c285c0a99874fee
mlir/include/mlir/Conversion/PDLToPDLInterp/PDLToPDLInterp.h	blob	100644	c6a647245f82b9ddf3ad44f01252d676792dccc4
mlir/include/mlir/Conversion/Passes.h	blob	100644	8758f5c96c3dbaa154c553a191c3d9c58286cb7a
mlir/include/mlir/Conversion/Passes.td	blob	100644	f13cb9a80113968fae5d0dd343245e8fe4eb848b
mlir/include/mlir/Conversion/PtrToLLVM/PtrToLLVM.h	blob	100644	0ff92bc85668c230cfa540d2459d18978117033d
mlir/include/mlir/Conversion/RaiseWasm/RaiseWasmMLIR.h	blob	100644	048eeb3149cf76782679f76083e9d790967c98e3
mlir/include/mlir/Conversion/ReconcileUnrealizedCasts/ReconcileUnrealizedCasts.h	blob	100644	01a6be8ea957c46be7ee634fd1b3ddb298ce87d8
mlir/include/mlir/Conversion/SCFToAffine/SCFToAffine.h	blob	100644	4f87ef8e6c6e4c39e6dde8f244eeb85dae8bafba
mlir/include/mlir/Conversion/SCFToControlFlow/SCFToControlFlow.h	blob	100644	2def01d208f728470946249ec48c23f8ca346fcf
mlir/include/mlir/Conversion/SCFToEmitC/SCFToEmitC.h	blob	100644	493da54e5294f07a691492347fae3e2a491250ca
mlir/include/mlir/Conversion/SCFToGPU/SCFToGPU.h	blob	100644	69e3f70f756cfa28d8cb4d2a8d2667c684a103b3
mlir/include/mlir/Conversion/SCFToGPU/SCFToGPUPass.h	blob	100644	3eac7c552c182cb6379852744b3f1fb7aa692f2f
mlir/include/mlir/Conversion/SCFToOpenMP/SCFToOpenMP.h	blob	100644	dfff8e66b066afb37fd5dc0d8760a64bfebfd376
mlir/include/mlir/Conversion/SCFToSPIRV/SCFToSPIRV.h	blob	100644	5b960cde1050cb0611df490afe624ab25abd8ad5
mlir/include/mlir/Conversion/SCFToSPIRV/SCFToSPIRVPass.h	blob	100644	8829997420c145824613b268e67780c6d8f8ff7c
mlir/include/mlir/Conversion/SPIRVCommon/AttrToLLVMConverter.h	blob	100644	a99dd0fe6f133eee0d53c1041f4ab2079da770ef
mlir/include/mlir/Conversion/SPIRVToLLVM/SPIRVToLLVM.h	blob	100644	e78b954d5e0d52964aaa783bfd3de21c44ed38bd
mlir/include/mlir/Conversion/SPIRVToLLVM/SPIRVToLLVMPass.h	blob	100644	d085b924ecde003df0f1fc62e84d5abde69ea298
mlir/include/mlir/Conversion/ShapeToStandard/ShapeToStandard.h	blob	100644	faef6bda83124f7d7ddb2ea00fe6d1430250dfce
mlir/include/mlir/Conversion/ShardToMPI/ShardToMPI.h	blob	100644	b1aa08c4322490b1eed040b3ed4aad0f6a11b336
mlir/include/mlir/Conversion/TensorToLinalg/TensorToLinalg.h	blob	100644	dd5191f078968da94cac170b7f6ef6ae61898290
mlir/include/mlir/Conversion/TensorToLinalg/TensorToLinalgPass.h	blob	100644	ed48df81d7cfd73fdf38fa2552fdd58d8f68da37
mlir/include/mlir/Conversion/TensorToSPIRV/TensorToSPIRV.h	blob	100644	49cb862f780514163d930dd18bb00368454c1eeb
mlir/include/mlir/Conversion/TensorToSPIRV/TensorToSPIRVPass.h	blob	100644	71532656347f3d603c5ab5e994e70e16bd538950
mlir/include/mlir/Conversion/TosaToArith/TosaToArith.h	blob	100644	a699b9e42906fd0d0879b5c61fb75bcda1307cab
mlir/include/mlir/Conversion/TosaToLinalg/TosaToLinalg.h	blob	100644	c1d28528a2f90d0504b026c9e0ba2a2091b361a0
mlir/include/mlir/Conversion/TosaToMLProgram/TosaToMLProgram.h	blob	100644	f11c543cc78824d6c458ecfa35fc4dbcc08efecc
mlir/include/mlir/Conversion/TosaToSCF/TosaToSCF.h	blob	100644	45616bd9e561630f5aad0c2e0bfa9908e0bd7829
mlir/include/mlir/Conversion/TosaToSPIRVTosa/TosaToSPIRVTosa.h	blob	100644	9a42cf75f187b23f87c6ab99c4e9ab361e936b3b
mlir/include/mlir/Conversion/TosaToTensor/TosaToTensor.h	blob	100644	50dcd9144986805729db2ab0d9cc5da7708294a5
mlir/include/mlir/Conversion/UBToLLVM/UBToLLVM.h	blob	100644	ff9cd4759b9e89c37d0c676c435f6364ef202dee
mlir/include/mlir/Conversion/UBToSPIRV/UBToSPIRV.h	blob	100644	5e6cf7fac6a2206f19a0380dd2a9a20c581c4566
mlir/include/mlir/Conversion/VectorToAMX/VectorToAMX.h	blob	100644	6b178e02684c0da3bc5a6c25693dc18526658c05
mlir/include/mlir/Conversion/VectorToArmSME/VectorToArmSME.h	blob	100644	edfd789c475243d6b21472078aa5decefbc3c4ee
mlir/include/mlir/Conversion/VectorToGPU/VectorToGPU.h	blob	100644	10467e61ad0836ed9e6f2b5e34f04a92d12b4caf
mlir/include/mlir/Conversion/VectorToLLVM/ConvertVectorToLLVM.h	blob	100644	021a644ddd8a6f03288d9bf8f17303022c74f948
mlir/include/mlir/Conversion/VectorToLLVM/ConvertVectorToLLVMPass.h	blob	100644	410b881db79590c0547d57b96d709c4bb8654305
mlir/include/mlir/Conversion/VectorToSCF/VectorToSCF.h	blob	100644	e0ef67c39a1013bff0f7be2b3fdf66d3a16d7870
mlir/include/mlir/Conversion/VectorToSPIRV/VectorToSPIRV.h	blob	100644	b64be4f733ec0789ff59e5a6c71ddc3f0afb17fa
mlir/include/mlir/Conversion/VectorToSPIRV/VectorToSPIRVPass.h	blob	100644	c7c69c1f9236947b37afb9acfdd65e91a1f9c052
mlir/include/mlir/Conversion/VectorToXeGPU/VectorToXeGPU.h	blob	100644	ff99d7ce96daf2b95c99b53ce37c0447e0880f3d
mlir/include/mlir/Conversion/XeGPUToXeVM/XeGPUToXeVM.h	blob	100644	ddaaae82e03be7ac71265c5d5c31e485f8b01c03
mlir/include/mlir/Conversion/XeVMToLLVM/XeVMToLLVM.h	blob	100644	f591407b602df97f612acda41a30a6f306b89666
mlir/include/mlir/Debug/BreakpointManager.h	blob	100644	cc4be60cb69a319382e10c115dbf43ae831712b8
mlir/include/mlir/Debug/BreakpointManagers/FileLineColLocBreakpointManager.h	blob	100644	e62b9c0bc0de58c061fff40338c8356712045c65
mlir/include/mlir/Debug/BreakpointManagers/TagBreakpointManager.h	blob	100644	af138da84e02820bc674c1999095ed92edd0062c
mlir/include/mlir/Debug/CLOptionsSetup.h	blob	100644	e7e9727e726bf60bf90f2869b4bb86dd3212abf6
mlir/include/mlir/Debug/Counter.h	blob	100644	e158cc648b4ee36c11c98373100448676e5eba39
mlir/include/mlir/Debug/DebuggerExecutionContextHook.h	blob	100644	ad2abcd852058e095f15ff3e0d2079a85ff076e7
mlir/include/mlir/Debug/ExecutionContext.h	blob	100644	93c26e0ce5f82ff5c75fc8a5c44953b556b356a5
mlir/include/mlir/Debug/Observers/ActionLogging.h	blob	100644	2e45ccf0adfbe6c4b1ddd6d668bb215b84439788
mlir/include/mlir/Debug/Observers/ActionProfiler.h	blob	100644	50ee4f0baf2b096ac945b7be6611b93b0eb38092
mlir/include/mlir/Dialect/AMDGPU/CMakeLists.txt	blob	100644	9f57627c321fb0c74b3e4a404e3c36bd435f64a7
mlir/include/mlir/Dialect/AMDGPU/IR/AMDGPU.td	blob	100644	c5afff7354ca362317f1490f90cf1b2c3fbcd840
mlir/include/mlir/Dialect/AMDGPU/IR/AMDGPUAttrs.td	blob	100644	65a5f044bf4d8106c6dc4a022e5509751d1769d9
mlir/include/mlir/Dialect/AMDGPU/IR/AMDGPUBase.td	blob	100644	639dbf6b4a128b81ee8949e00cd54d3bc4163559
mlir/include/mlir/Dialect/AMDGPU/IR/AMDGPUDialect.h	blob	100644	42d4a4e62f5e2dd8dd17ffea9034c629ae7a7430
mlir/include/mlir/Dialect/AMDGPU/IR/AMDGPUEnums.h	blob	100644	e2388570ea4b3686ae8644bffe0e7d1671c0f9db
mlir/include/mlir/Dialect/AMDGPU/IR/AMDGPUEnums.td	blob	100644	96bff45267af1440a0e24d6221070dbd0884f523
mlir/include/mlir/Dialect/AMDGPU/IR/AMDGPUOps.td	blob	100644	69a9adf3be8af39f4f5ac966ee0fd79408b07668
mlir/include/mlir/Dialect/AMDGPU/IR/AMDGPUTypes.td	blob	100644	169e6a16b19be006af5b2a1076f0b9dc942db1ee
mlir/include/mlir/Dialect/AMDGPU/IR/CMakeLists.txt	blob	100644	a2eab0359ec0546a6fb38bfa240931decea590d5
mlir/include/mlir/Dialect/AMDGPU/Transforms/CMakeLists.txt	blob	100644	81cb7e04a3c4d9612dcebfb7c33f980e7289695d
mlir/include/mlir/Dialect/AMDGPU/Transforms/MemoryAccessOpInterfacesImpl.h	blob	100644	96cf6b1d01259bc3327ecfe8b2ab69effe6598f8
mlir/include/mlir/Dialect/AMDGPU/Transforms/Passes.h	blob	100644	48e7658568f86f4ee530a192170e1014f973c0d6
mlir/include/mlir/Dialect/AMDGPU/Transforms/Passes.td	blob	100644	7dd7ac750a9eb2d51cb6e8316a94b719fb68dd76
mlir/include/mlir/Dialect/AMDGPU/Utils/Chipset.h	blob	100644	256065537aeb9b8cfa5200ed031beace6594a791
mlir/include/mlir/Dialect/AMDGPU/Utils/MemorySpaceUtils.h	blob	100644	ace4eac80a4a0156321077d50880908dc78560f9
mlir/include/mlir/Dialect/Affine/Analysis/AffineAnalysis.h	blob	100644	3e4b8648061ff23aba2a0d6c182c1613a0d3d32e
mlir/include/mlir/Dialect/Affine/Analysis/AffineStructures.h	blob	100644	49903c3c3f67215d45f059d00668c1bb94e05516
mlir/include/mlir/Dialect/Affine/Analysis/LoopAnalysis.h	blob	100644	3fcb63a4da885b5e136b2b0f105a6713164fd283
mlir/include/mlir/Dialect/Affine/Analysis/NestedMatcher.h	blob	100644	108f86226646ab21d92e86ebe03d0a45895d21a2
mlir/include/mlir/Dialect/Affine/Analysis/Utils.h	blob	100644	df4145db90a6167d30565388b1506b2c9565d472
mlir/include/mlir/Dialect/Affine/CMakeLists.txt	blob	100644	cb1e9d01821a2cf352b79c28c44da4ddd33dd3e9
mlir/include/mlir/Dialect/Affine/IR/AffineMemoryOpInterfaces.h	blob	100644	b9208ef937cf0c79fc9741fa002d27c56333c15f
mlir/include/mlir/Dialect/Affine/IR/AffineMemoryOpInterfaces.td	blob	100644	c07ab9deca48c1396623412c9d03a185efe28a95
mlir/include/mlir/Dialect/Affine/IR/AffineOps.h	blob	100644	c5cd8c6c31375c66b10c462f83bb96dffa1ce5ae
mlir/include/mlir/Dialect/Affine/IR/AffineOps.td	blob	100644	05db39eb571a6bbdcab577b1ea2648c2c3bf67a8
mlir/include/mlir/Dialect/Affine/IR/AffineValueMap.h	blob	100644	ac480d6997ef43034dc63873a06a0fcb3369a889
mlir/include/mlir/Dialect/Affine/IR/CMakeLists.txt	blob	100644	33287ff359b42a3076f31397105eeab1f5c4420c
mlir/include/mlir/Dialect/Affine/IR/ValueBoundsOpInterfaceImpl.h	blob	100644	642e99d963ef61deb5dcbd01631ac96a01428554
mlir/include/mlir/Dialect/Affine/LoopFusionUtils.h	blob	100644	0ef39fd7d1463ed2b3c2f308b21a01067a9c1f79
mlir/include/mlir/Dialect/Affine/LoopUtils.h	blob	100644	830c394f0bde67b5977fd1f9a06b937dbe9d6e2a
mlir/include/mlir/Dialect/Affine/TransformOps/AffineTransformOps.h	blob	100644	1001cb52b518b84d6f7145b8511292064011dc65
mlir/include/mlir/Dialect/Affine/TransformOps/AffineTransformOps.td	blob	100644	8edc531e11bb597d4e55f36dd4b4b46d595b927b
mlir/include/mlir/Dialect/Affine/TransformOps/CMakeLists.txt	blob	100644	3afb5b965f01c3cdf8fd03c98ddd500ca73f5082
mlir/include/mlir/Dialect/Affine/Transforms/CMakeLists.txt	blob	100644	a9e33e0e9b87d4d5c833537ccbdc1f754356f4af
mlir/include/mlir/Dialect/Affine/Transforms/Passes.h	blob	100644	ce764eb7505831ed4eed126eb3cae3145e045c09
mlir/include/mlir/Dialect/Affine/Transforms/Passes.td	blob	100644	f2008eeae9fcd3ec61596453fa5d12005f9cbc35
mlir/include/mlir/Dialect/Affine/Transforms/Transforms.h	blob	100644	f8f6d4f5928b0648d4102c20bb57e4ca2c293576
mlir/include/mlir/Dialect/Affine/Utils.h	blob	100644	d44d1389430baf6aacf8f15309d4134cf0ac59b6
mlir/include/mlir/Dialect/Affine/ViewLikeInterfaceUtils.h	blob	100644	a4ec4cec08873ae859d2f819596023ec538d605c
mlir/include/mlir/Dialect/Arith/CMakeLists.txt	blob	100644	9f57627c321fb0c74b3e4a404e3c36bd435f64a7
mlir/include/mlir/Dialect/Arith/IR/Arith.h	blob	100644	bf6eb18df2e8a66d92e5afeb92de9e7a768ca00e
mlir/include/mlir/Dialect/Arith/IR/ArithBase.td	blob	100644	985ae01008002ec7670d356607a3a5d946a69311
mlir/include/mlir/Dialect/Arith/IR/ArithOps.td	blob	100644	54481d323248356a110adadea3b1ff99d81dc82c
mlir/include/mlir/Dialect/Arith/IR/ArithOpsInterfaces.td	blob	100644	d1b8e250cdb599ec04e8b96a5290b8d9825b08b5
mlir/include/mlir/Dialect/Arith/IR/CMakeLists.txt	blob	100644	a2f24bdd94444db8842395ddedb8b49562de166a
mlir/include/mlir/Dialect/Arith/IR/ValueBoundsOpInterfaceImpl.h	blob	100644	d92278627da851c11ee45dc034f5bad1b7b306c6
mlir/include/mlir/Dialect/Arith/Transforms/BufferDeallocationOpInterfaceImpl.h	blob	100644	16cec1a82b5c86c01bf0863008634aac86f2bdbe
mlir/include/mlir/Dialect/Arith/Transforms/BufferViewFlowOpInterfaceImpl.h	blob	100644	a2b3a9bb655b8747fdbc7574c366259ed7e4d69a
mlir/include/mlir/Dialect/Arith/Transforms/BufferizableOpInterfaceImpl.h	blob	100644	241f3f7aa2799cefa1f17839064e4254e1d6ee74
mlir/include/mlir/Dialect/Arith/Transforms/CMakeLists.txt	blob	100644	c540241bd26677d85dadd8d945cd57c9bda124a3
mlir/include/mlir/Dialect/Arith/Transforms/NarrowTypeEmulationConverter.h	blob	100644	528bb51b214a57e0e106127e0499329d7beed69d
mlir/include/mlir/Dialect/Arith/Transforms/Passes.h	blob	100644	938c77c9dd5ef6c0444851568c43ee13f9beaf9b
mlir/include/mlir/Dialect/Arith/Transforms/Passes.td	blob	100644	34c28db9cb1617fe0270abc522562bab26a13bc6
mlir/include/mlir/Dialect/Arith/Transforms/ShardingInterfaceImpl.h	blob	100644	5addffbe571bee1dc397c845ecf1022df00ce567
mlir/include/mlir/Dialect/Arith/Transforms/Transforms.h	blob	100644	c079bb9aea6e17cedff1b9546afbbbe5b69e103a
mlir/include/mlir/Dialect/Arith/Transforms/WideIntEmulationConverter.h	blob	100644	5dbbfedcc70eee9cc3d87f538597420693a5dc53
mlir/include/mlir/Dialect/Arith/Utils/Utils.h	blob	100644	4ebb7e16239f76a20af6281696c91caed9f5a8d8
mlir/include/mlir/Dialect/ArmNeon/ArmNeon.td	blob	100644	ce86ff2cfd9222dafe20919444530971925d7fd8
mlir/include/mlir/Dialect/ArmNeon/ArmNeonDialect.h	blob	100644	923d04e82f97939ead0af00d732f8c79a5960c35
mlir/include/mlir/Dialect/ArmNeon/CMakeLists.txt	blob	100644	4d58c2ea16e03a711e9c5c575b17599a4182249c
mlir/include/mlir/Dialect/ArmNeon/TransformOps/ArmNeonVectorTransformOps.h	blob	100644	ad57e6e1f8ff4b3fa0d8eff5faba91a1c7656636
mlir/include/mlir/Dialect/ArmNeon/TransformOps/ArmNeonVectorTransformOps.td	blob	100644	35747126d3db1f4d03f2e70924bb1823b0b93148
mlir/include/mlir/Dialect/ArmNeon/TransformOps/CMakeLists.txt	blob	100644	68d8981de5c07b1750a0010f96f1f5a94f9ce224
mlir/include/mlir/Dialect/ArmNeon/Transforms.h	blob	100644	08065a3b2526675ec22e08f1e4bec7a1fc3e1a07
mlir/include/mlir/Dialect/ArmSME/CMakeLists.txt	blob	100644	9f57627c321fb0c74b3e4a404e3c36bd435f64a7
mlir/include/mlir/Dialect/ArmSME/IR/ArmSME.h	blob	100644	dac54712c7f47a6e77f76059ff7c66d35ceca25f
mlir/include/mlir/Dialect/ArmSME/IR/ArmSME.td	blob	100644	ffafb2569310ed16938296952c3f5abba98135e4
mlir/include/mlir/Dialect/ArmSME/IR/ArmSMEEnums.h	blob	100644	9ad112a5d354a2feb5b6116feb935f572e4f4b50
mlir/include/mlir/Dialect/ArmSME/IR/ArmSMEIntrinsicOps.td	blob	100644	0e3bb9e81f30b70378dd53877321941417e99f5f
mlir/include/mlir/Dialect/ArmSME/IR/ArmSMEOpInterfaces.h	blob	100644	9153fbb57ea88e8858fa0d0d3e98c68d69dbe1ac
mlir/include/mlir/Dialect/ArmSME/IR/ArmSMEOps.td	blob	100644	2f083b55d49049a4e7edb8f253f2e70d395d145e
mlir/include/mlir/Dialect/ArmSME/IR/CMakeLists.txt	blob	100644	b937f192c2515415c8ef2bd1ba34cad870f76051
mlir/include/mlir/Dialect/ArmSME/Transforms/CMakeLists.txt	blob	100644	964d91cd0c7ee6ce1b40076c0b7c3226c0ded4b4
mlir/include/mlir/Dialect/ArmSME/Transforms/Passes.h	blob	100644	167e5b787d1afaf4cb35b53317b4ca8a526cc74d
mlir/include/mlir/Dialect/ArmSME/Transforms/Passes.td	blob	100644	699022b07e768adf6479c5635da2128a88d698f6
mlir/include/mlir/Dialect/ArmSME/Transforms/Transforms.h	blob	100644	a25b844f01eaa6a64e87609fa37b81d75a9c077c
mlir/include/mlir/Dialect/ArmSME/Utils/Utils.h	blob	100644	b57b27de4e1deb167d3440af5fd0d9c99dbd45b2
mlir/include/mlir/Dialect/ArmSVE/CMakeLists.txt	blob	100644	cb1e9d01821a2cf352b79c28c44da4ddd33dd3e9
mlir/include/mlir/Dialect/ArmSVE/IR/ArmSVE.td	blob	100644	a38485ea30ff4eed3389590dc39e08fdef78a2a5
mlir/include/mlir/Dialect/ArmSVE/IR/ArmSVEDialect.h	blob	100644	a424e109b06d3e85dbf218389cf51cb0695040d2
mlir/include/mlir/Dialect/ArmSVE/IR/CMakeLists.txt	blob	100644	b9e46b2ccd63e2baab845b12a49ed13f9aaf5b85
mlir/include/mlir/Dialect/ArmSVE/TransformOps/ArmSVEVectorTransformOps.h	blob	100644	7f22cd1fe6435af0258c9dec78423b48678b8c8a
mlir/include/mlir/Dialect/ArmSVE/TransformOps/ArmSVEVectorTransformOps.td	blob	100644	7777e6060ea7685343aa0edf1393767d16db694a
mlir/include/mlir/Dialect/ArmSVE/TransformOps/CMakeLists.txt	blob	100644	10b29c0e9f40e190bc895cf203d66897c67142bc
mlir/include/mlir/Dialect/ArmSVE/Transforms/CMakeLists.txt	blob	100644	4999fd2cef1b5c3221d56aec6a58bc23613c006f
mlir/include/mlir/Dialect/ArmSVE/Transforms/Passes.h	blob	100644	66f30a67cb05b8afed0da99c298d5e93a388044d
mlir/include/mlir/Dialect/ArmSVE/Transforms/Passes.td	blob	100644	b9b06cec1f97790f5b97eac381455aa4db6e887e
mlir/include/mlir/Dialect/ArmSVE/Transforms/Transforms.h	blob	100644	26f5199b5f4d5974b6b144908c0518bfd8cb389d
mlir/include/mlir/Dialect/Async/CMakeLists.txt	blob	100644	6abdf5fd86b8cb8d3d1cb4d9b7c61341515021cc
mlir/include/mlir/Dialect/Async/IR/Async.h	blob	100644	fc0b086126f52fb000fde94dbf478b883278b61e
mlir/include/mlir/Dialect/Async/IR/AsyncDialect.td	blob	100644	eb1d76a180fe2452c0c64086c232ed701463d322
mlir/include/mlir/Dialect/Async/IR/AsyncOps.td	blob	100644	722370b8f3e290d888c456b6c1d17ff852153321
mlir/include/mlir/Dialect/Async/IR/AsyncTypes.h	blob	100644	ace182cc3d5a7ef5e238bdaa81a0d2497c8142af
mlir/include/mlir/Dialect/Async/IR/AsyncTypes.td	blob	100644	a9dced68aae52deee66f7bb025e2fd6b1728c4b3
mlir/include/mlir/Dialect/Async/IR/CMakeLists.txt	blob	100644	2525eee2a34ec94e855ffc488189d24f9ad5c83a
mlir/include/mlir/Dialect/Async/Passes.h	blob	100644	20831d2a7118762161a3f83d2e856a31ca515684
mlir/include/mlir/Dialect/Async/Passes.td	blob	100644	8bbb542d3acf4c2251abf405e8de5d1aa08ad398
mlir/include/mlir/Dialect/Async/Transforms.h	blob	100644	7e72762815463133ab3856984f86089e91d32054
mlir/include/mlir/Dialect/Bufferization/CMakeLists.txt	blob	100644	660deb21479d297fc1097f1b7d7032f907a1bc94
mlir/include/mlir/Dialect/Bufferization/Extensions/AllExtensions.h	blob	100644	e9f87c35a20f94b33943e98d4c222f52f02fd17f
mlir/include/mlir/Dialect/Bufferization/Extensions/ShardingExtensions.h	blob	100644	0fefd54c0255f5e48b2fd2ac7ecc6c626eb11a57
mlir/include/mlir/Dialect/Bufferization/IR/AllocationOpInterface.h	blob	100644	5e0d3ca244c79693b4bfed936b4a6c6a3bbc894c
mlir/include/mlir/Dialect/Bufferization/IR/AllocationOpInterface.td	blob	100644	f82be7bb582f27500003d6f79c2d36776a87777f
mlir/include/mlir/Dialect/Bufferization/IR/BufferDeallocationOpInterface.h	blob	100644	c961c2724d2a99689cba4b352d8312af205a0a5c
mlir/include/mlir/Dialect/Bufferization/IR/BufferDeallocationOpInterface.td	blob	100644	3e11432c65c5f086aa5d49ee152a91b8de21f3f1
mlir/include/mlir/Dialect/Bufferization/IR/BufferViewFlowOpInterface.h	blob	100644	84e67fe72b623b16bc30d07663b0684d23e5bccb
mlir/include/mlir/Dialect/Bufferization/IR/BufferViewFlowOpInterface.td	blob	100644	58885d742266476530e3589f322681e90b560034
mlir/include/mlir/Dialect/Bufferization/IR/BufferizableOpInterface.h	blob	100644	203680796a28917c83a241f337e4bc6a889f63cf
mlir/include/mlir/Dialect/Bufferization/IR/BufferizableOpInterface.td	blob	100644	34aaf7432bdfd7ab6ec3ea1ab6e933cf62041c56
mlir/include/mlir/Dialect/Bufferization/IR/Bufferization.h	blob	100644	e735651d5366db5290cf9028746bf6c8284c7eda
mlir/include/mlir/Dialect/Bufferization/IR/BufferizationBase.td	blob	100644	ac19f878656b5668d5b603aa228d643062198004
mlir/include/mlir/Dialect/Bufferization/IR/BufferizationEnums.td	blob	100644	a8cad26e9341b999742ea4928eb345a87008adb8
mlir/include/mlir/Dialect/Bufferization/IR/BufferizationOps.td	blob	100644	a9b2b9f39519d7e05086188f05d4b95d6e015a03
mlir/include/mlir/Dialect/Bufferization/IR/BufferizationTypeInterfaces.h	blob	100644	a2bfcb7ed2b75431ff67ba113fe8deae1c01fa78
mlir/include/mlir/Dialect/Bufferization/IR/BufferizationTypeInterfaces.td	blob	100644	6bbc6cb5177668a94b01fad0604ec948d83677e3
mlir/include/mlir/Dialect/Bufferization/IR/CMakeLists.txt	blob	100644	4e79862ec9a7bf14c562557a3ae05303954d32c2
mlir/include/mlir/Dialect/Bufferization/IR/DstBufferizableOpInterfaceImpl.h	blob	100644	bd0d1c9939795746c6f0817609fde881556a83ca
mlir/include/mlir/Dialect/Bufferization/IR/UnstructuredControlFlow.h	blob	100644	344d7a8f9408e3565640e9f36c04331617ad6fae
mlir/include/mlir/Dialect/Bufferization/Pipelines/Passes.h	blob	100644	e4d5b81f5257717a7001896b798e9d32b29c00b0
mlir/include/mlir/Dialect/Bufferization/TransformOps/BufferizationTransformOps.h	blob	100644	1dbe29b444134f5db56f0daf8974403cc5feed49
mlir/include/mlir/Dialect/Bufferization/TransformOps/BufferizationTransformOps.td	blob	100644	53b3b0505b399294218aafe31927f310bbd2480f
mlir/include/mlir/Dialect/Bufferization/TransformOps/CMakeLists.txt	blob	100644	b11d96b5350b427e22efd49b6d0e0857eafa94b8
mlir/include/mlir/Dialect/Bufferization/Transforms/BufferUtils.h	blob	100644	c08bd6c436133e4317d88e548005e6419a93adf8
mlir/include/mlir/Dialect/Bufferization/Transforms/BufferViewFlowAnalysis.h	blob	100644	534768cb9f09dca8400991e6dd91fefc420db1b5
mlir/include/mlir/Dialect/Bufferization/Transforms/Bufferize.h	blob	100644	2efa4df626dbf339a71160d8945fd59c42ca8702
mlir/include/mlir/Dialect/Bufferization/Transforms/CMakeLists.txt	blob	100644	09d0d2360b1f61f77e2aa3482e36643b2204c8a0
mlir/include/mlir/Dialect/Bufferization/Transforms/FuncBufferizableOpInterfaceImpl.h	blob	100644	51f3c0843569dcacb08d992b82040c1c7dc38a9a
mlir/include/mlir/Dialect/Bufferization/Transforms/OneShotAnalysis.h	blob	100644	34ce4fe456199bc1a376a2ba0457deaa984b3c13
mlir/include/mlir/Dialect/Bufferization/Transforms/OneShotModuleBufferize.h	blob	100644	09700f89686090c3ed4b43d209753694872c3b40
mlir/include/mlir/Dialect/Bufferization/Transforms/Passes.h	blob	100644	90857358437a16a91f7d909e4ebf63a853011d7f
mlir/include/mlir/Dialect/Bufferization/Transforms/Passes.td	blob	100644	e37b8a029aac636f5b31aff9201bbf8786fe3fc5
mlir/include/mlir/Dialect/Bufferization/Transforms/StaticMemoryPlanning.h	blob	100644	626e384ce4642be3342954b0ce1ac67c5c39cd89
mlir/include/mlir/Dialect/Bufferization/Transforms/Transforms.h	blob	100644	e17d5264a1a45744413cb394999ffc0b348a5c89
mlir/include/mlir/Dialect/CMakeLists.txt	blob	100644	d7ea0cc3df267e00784bf795fa1dacf0e5c603b4
mlir/include/mlir/Dialect/CommonFolders.h	blob	100644	736b16ed25d4492b02021f9a49b2c55d6b222ec7
mlir/include/mlir/Dialect/Complex/CMakeLists.txt	blob	100644	f33061b2d87cffc48b072763eb55d349e9070aba
mlir/include/mlir/Dialect/Complex/IR/CMakeLists.txt	blob	100644	c068941dc85019c045ca72ce83949c6bd3d76edb
mlir/include/mlir/Dialect/Complex/IR/Complex.h	blob	100644	be7e50d656385a434670e65e1952f15c858f3e4f
mlir/include/mlir/Dialect/Complex/IR/ComplexAttributes.td	blob	100644	a47dc9927dd8ce2a55536ea9e6b9cae99c8006e3
mlir/include/mlir/Dialect/Complex/IR/ComplexBase.td	blob	100644	c8af498f4482950c1d8f0a97407d0221afa0eacf
mlir/include/mlir/Dialect/Complex/IR/ComplexOps.td	blob	100644	c6a0b8e9dfeeae8e45050f2f9f906ef8ef301359
mlir/include/mlir/Dialect/ControlFlow/CMakeLists.txt	blob	100644	f33061b2d87cffc48b072763eb55d349e9070aba
mlir/include/mlir/Dialect/ControlFlow/IR/CMakeLists.txt	blob	100644	65e40632f45d012dc39c474819a76c26c73a66da
mlir/include/mlir/Dialect/ControlFlow/IR/ControlFlow.h	blob	100644	0ae076120018f21a3142c1a899d2de2a4e48f3cb
mlir/include/mlir/Dialect/ControlFlow/IR/ControlFlowOps.h	blob	100644	adbc2db59d013c712ee1df16a42a713503c690c3
mlir/include/mlir/Dialect/ControlFlow/IR/ControlFlowOps.td	blob	100644	a441fd82546e39ba66d3bd2b49e24be940fc60a2
mlir/include/mlir/Dialect/ControlFlow/Transforms/BufferDeallocationOpInterfaceImpl.h	blob	100644	c34ebd0494fec89599b3db3ea7de99a51682e044
mlir/include/mlir/Dialect/ControlFlow/Transforms/BufferizableOpInterfaceImpl.h	blob	100644	9b30ab4d98d27c7c8bd3f11da97bae2b03df37c0
mlir/include/mlir/Dialect/ControlFlow/Transforms/StructuralTypeConversions.h	blob	100644	a32d9e2025c76ff560ba30389e5e4509efdbd482
mlir/include/mlir/Dialect/DLTI/CMakeLists.txt	blob	100644	a7695e67e2d8a5ac7044a17ba99e831c8e70014d
mlir/include/mlir/Dialect/DLTI/DLTI.h	blob	100644	84cf6eabc5fa93913260c4b0d53e2d0dcd175644
mlir/include/mlir/Dialect/DLTI/DLTI.td	blob	100644	f6e6284d6f70e1ee8801560b7603cd4f3d70458f
mlir/include/mlir/Dialect/DLTI/DLTIAttrs.td	blob	100644	56bd704d306560b9acf2830108936b3974868325
mlir/include/mlir/Dialect/DLTI/DLTIBase.td	blob	100644	3754f3699c7fdc54fd8bc18e32176c8a6030d138
mlir/include/mlir/Dialect/DLTI/Traits.h	blob	100644	edfbdffbd1ba1b84bae7fae699749bd8db4b0293
mlir/include/mlir/Dialect/DLTI/TransformOps/CMakeLists.txt	blob	100644	9d350ab6879d87a904fedb20498c1aae9fd37992
mlir/include/mlir/Dialect/DLTI/TransformOps/DLTITransformOps.h	blob	100644	970f2597ef7ad3f6522ab930bc09e62126783d7e
mlir/include/mlir/Dialect/DLTI/TransformOps/DLTITransformOps.td	blob	100644	f25bb383912d45b07e58ae31fa1646fab48e1e05
mlir/include/mlir/Dialect/EmitC/CMakeLists.txt	blob	100644	9f57627c321fb0c74b3e4a404e3c36bd435f64a7
mlir/include/mlir/Dialect/EmitC/IR/CMakeLists.txt	blob	100644	db106b2df16cd6d53f30396f2dc5eced7599edf1
mlir/include/mlir/Dialect/EmitC/IR/EmitC.h	blob	100644	eb7ddeb3bfc54daea351b304ef281eb7a6321bee
mlir/include/mlir/Dialect/EmitC/IR/EmitC.td	blob	100644	49412d1dfb01c68019c1b13dbcfb64774b09b7fd
mlir/include/mlir/Dialect/EmitC/IR/EmitCAttributes.td	blob	100644	97cbd6aa7af31ad5642ad8e08d44c14a4578aba3
mlir/include/mlir/Dialect/EmitC/IR/EmitCBase.td	blob	100644	375dbcbce1d03662f4d7e93cd598382e1c4e2c89
mlir/include/mlir/Dialect/EmitC/IR/EmitCInterfaces.h	blob	100644	51efe76aceb5ccd5f5c118bd2e7318f9573ad873
mlir/include/mlir/Dialect/EmitC/IR/EmitCInterfaces.td	blob	100644	5e02d72252a230e07cd44c34c6752814102665c7
mlir/include/mlir/Dialect/EmitC/IR/EmitCTypes.td	blob	100644	134ef04f26dd4b212bd4e7405d438a308c6618c6
mlir/include/mlir/Dialect/EmitC/Transforms/CMakeLists.txt	blob	100644	3a35aa0a7c1b0f01f3e781260b32710f1439cba5
mlir/include/mlir/Dialect/EmitC/Transforms/Passes.h	blob	100644	4f46d637746258baf1350f684bdcdb0f65ba669d
mlir/include/mlir/Dialect/EmitC/Transforms/Passes.td	blob	100644	1958bdc59fe181b126b73f5d394544f89e64281d
mlir/include/mlir/Dialect/EmitC/Transforms/Transforms.h	blob	100644	e14ef39382676d140fdc90d570dc26a961cbb3e4
mlir/include/mlir/Dialect/EmitC/Transforms/TypeConversions.h	blob	100644	a03419f8ac0f72fa471be42bb9888c731e99ff83
mlir/include/mlir/Dialect/Func/CMakeLists.txt	blob	100644	cb1e9d01821a2cf352b79c28c44da4ddd33dd3e9
mlir/include/mlir/Dialect/Func/Extensions/AllExtensions.h	blob	100644	4ecd11d34a8cee012eb5d210f0db4e830d699716
mlir/include/mlir/Dialect/Func/Extensions/InlinerExtension.h	blob	100644	4f9f307bb877d6fc9fcf84e75466fac327ad95da
mlir/include/mlir/Dialect/Func/Extensions/ShardingExtensions.h	blob	100644	e22b24b3446bb6892635a0902c9539c99a5c12c0
mlir/include/mlir/Dialect/Func/IR/CMakeLists.txt	blob	100644	fecf04cb2036f3138f1e7100dc5575b5cd17ac8e
mlir/include/mlir/Dialect/Func/IR/FuncOps.h	blob	100644	e12c31855e918174039970dd49c5dea8f7acf56f
mlir/include/mlir/Dialect/Func/IR/FuncOps.td	blob	100644	a31b86027609981f010262c485fe36718150e208
mlir/include/mlir/Dialect/Func/TransformOps/CMakeLists.txt	blob	100644	d3bf76d37122ed15653e43f8a8fd6cee1389aec5
mlir/include/mlir/Dialect/Func/TransformOps/FuncTransformOps.h	blob	100644	15c36429263cb3cd8c75ac1e99c24ca7a1a0b6c6
mlir/include/mlir/Dialect/Func/TransformOps/FuncTransformOps.td	blob	100644	b64b3fcdb275b74085a760aa4d74a61a74cba0be
mlir/include/mlir/Dialect/Func/Transforms/CMakeLists.txt	blob	100644	3819bada90ee0daa3d1ed7de439a5a1e23826d43
mlir/include/mlir/Dialect/Func/Transforms/FuncConversions.h	blob	100644	fa078140eb5153cb45b631cc32ea3f38e1add7c3
mlir/include/mlir/Dialect/Func/Transforms/Passes.h	blob	100644	6fe9cc4bb29862cd1f52a676960cb3325ba9f829
mlir/include/mlir/Dialect/Func/Transforms/Passes.td	blob	100644	4163997515bb0c7be6201699a54719f72c8bde48
mlir/include/mlir/Dialect/Func/Utils/Utils.h	blob	100644	3cddc65f2f2a92232b649757f5134ffb11df702c
mlir/include/mlir/Dialect/GPU/CMakeLists.txt	blob	100644	cb1e9d01821a2cf352b79c28c44da4ddd33dd3e9
mlir/include/mlir/Dialect/GPU/IR/CMakeLists.txt	blob	100644	32323ab62332ab68e473b132f227571a0cd0f61c
mlir/include/mlir/Dialect/GPU/IR/CompilationAttrInterfaces.td	blob	100644	ec7468008ce32f4112caa10afd0e9d155726ec49
mlir/include/mlir/Dialect/GPU/IR/CompilationAttrs.td	blob	100644	07879a0dab07f4110ded1b47addbefe572618867
mlir/include/mlir/Dialect/GPU/IR/CompilationInterfaces.h	blob	100644	c6b5f7070b17e9c1ef0d93d9cbb6829809d780d4
mlir/include/mlir/Dialect/GPU/IR/GPUBase.td	blob	100644	d57312849313a51eae22cb7c9674c5d9192f2bc1
mlir/include/mlir/Dialect/GPU/IR/GPUDeviceMappingAttr.td	blob	100644	e745ef02d7034fb8f78d8c4d6057c6caa9891acb
mlir/include/mlir/Dialect/GPU/IR/GPUDialect.h	blob	100644	5880c78136566a91fd741fcb7eeabf586f5fb68b
mlir/include/mlir/Dialect/GPU/IR/GPUOps.td	blob	100644	de145960692ad7a2a7e400cf0ad7ef40277caa87
mlir/include/mlir/Dialect/GPU/IR/ParallelLoopMapperAttr.td	blob	100644	3386a60f1f1bc0dd9e940e9ba1e504511ed518ac
mlir/include/mlir/Dialect/GPU/IR/ValueBoundsOpInterfaceImpl.h	blob	100644	9a4e159ef76c83a531d60d7ff924fdd97b685ea8
mlir/include/mlir/Dialect/GPU/Pipelines/Passes.h	blob	100644	6327415d62769f9e2f391c354afd70b8f3657c7e
mlir/include/mlir/Dialect/GPU/TransformOps/CMakeLists.txt	blob	100644	db8ddaf0051004660dd5ded5b0dc16527b8e3f7d
mlir/include/mlir/Dialect/GPU/TransformOps/GPUTransformOps.h	blob	100644	804f4e01dbb4fac2b0222b40a542cba32b6ade40
mlir/include/mlir/Dialect/GPU/TransformOps/GPUTransformOps.td	blob	100644	3a8caf8aa42e2d5e50f9c0fda2434f177f3b9471
mlir/include/mlir/Dialect/GPU/TransformOps/Utils.h	blob	100644	9cbdfd2fa218c2ae5434b4a0fc7586bb38deb975
mlir/include/mlir/Dialect/GPU/Transforms/BufferDeallocationOpInterfaceImpl.h	blob	100644	16cf96980de136de04d683948b25f4871b11c7d7
mlir/include/mlir/Dialect/GPU/Transforms/CMakeLists.txt	blob	100644	7cc5eb0bf9bc161ad346cc663b0e7c0f2f282b9a
mlir/include/mlir/Dialect/GPU/Transforms/IndexedAccessOpInterfaceImpl.h	blob	100644	d8a56545fd1157b41043573695318ee21daedde6
mlir/include/mlir/Dialect/GPU/Transforms/MemoryPromotion.h	blob	100644	bf26286058ebd71502e4ed182a70c5250a74fbdf
mlir/include/mlir/Dialect/GPU/Transforms/ParallelLoopMapper.h	blob	100644	30511e7faa5825f4db9e225164cbab169e989c69
mlir/include/mlir/Dialect/GPU/Transforms/Passes.h	blob	100644	d5c253d6c9c08c9ed07fa43d9706193d1c217a87
mlir/include/mlir/Dialect/GPU/Transforms/Passes.td	blob	100644	3f44888dbd6a09044adab87be1335618d01e4e5a
mlir/include/mlir/Dialect/GPU/Utils/DistributionUtils.h	blob	100644	e6fbc590020610f21b906f49c1051d87ff503271
mlir/include/mlir/Dialect/GPU/Utils/GPUUtils.h	blob	100644	073493971e6b7cc8ad811269c442258683226023
mlir/include/mlir/Dialect/IRDL/CMakeLists.txt	blob	100644	f33061b2d87cffc48b072763eb55d349e9070aba
mlir/include/mlir/Dialect/IRDL/IR/CMakeLists.txt	blob	100644	1c08f0f7f9b1cabea191700ba2ff82859ab65540
mlir/include/mlir/Dialect/IRDL/IR/IRDL.h	blob	100644	0e72cee3c6e87994620463e9ae746fbcd76186e0
mlir/include/mlir/Dialect/IRDL/IR/IRDL.td	blob	100644	e822969fc575eb5773b8dd6c643251cc37fec77f
mlir/include/mlir/Dialect/IRDL/IR/IRDLAttributes.td	blob	100644	2f568e8b6c42a7c0b2279647e9e40c17ac493bdb
mlir/include/mlir/Dialect/IRDL/IR/IRDLInterfaces.h	blob	100644	554fccecdbd805731a153a6d8d14eb8265e91173
mlir/include/mlir/Dialect/IRDL/IR/IRDLInterfaces.td	blob	100644	d1545630dc337cd17661428ba3e3c8d84819e0e1
mlir/include/mlir/Dialect/IRDL/IR/IRDLOps.td	blob	100644	688ec9855fa38d3fbb8596c7acb7cf0b1ff95228
mlir/include/mlir/Dialect/IRDL/IR/IRDLTraits.h	blob	100644	98bedbfe5f51cdca5c12f731bd5841afc31633db
mlir/include/mlir/Dialect/IRDL/IR/IRDLTypes.td	blob	100644	9cde433cf33a6fc41ef7120a069db1a3a927765f
mlir/include/mlir/Dialect/IRDL/IRDLLoading.h	blob	100644	13c2799c6b28e502f046d4dec993cfb448cb8090
mlir/include/mlir/Dialect/IRDL/IRDLSymbols.h	blob	100644	4b7292c054ec24653aa2acccba5d62afc498c95f
mlir/include/mlir/Dialect/IRDL/IRDLVerifiers.h	blob	100644	bad52bb2d1436890ac2ce5514a2ba80346eb567b
mlir/include/mlir/Dialect/Index/CMakeLists.txt	blob	100644	f33061b2d87cffc48b072763eb55d349e9070aba
mlir/include/mlir/Dialect/Index/IR/CMakeLists.txt	blob	100644	0337b3cd1087126e10c73ef4dd8feafef5f0dbe6
mlir/include/mlir/Dialect/Index/IR/IndexAttrs.h	blob	100644	25ee50dc191e53fd0299ded452fed3808dd9f147
mlir/include/mlir/Dialect/Index/IR/IndexDialect.h	blob	100644	fb8aebfb240b21797606651accb5713c7307bc34
mlir/include/mlir/Dialect/Index/IR/IndexDialect.td	blob	100644	be0fea79ee3920b59ec6cf16ace2f644c15b2c48
mlir/include/mlir/Dialect/Index/IR/IndexEnums.td	blob	100644	90045c990739b84af31479bdd836f76e51cb2fad
mlir/include/mlir/Dialect/Index/IR/IndexOps.h	blob	100644	8984f979c1fee9438f27457b6ffa98759467aa4f
mlir/include/mlir/Dialect/Index/IR/IndexOps.td	blob	100644	d97d5be69803490937f65eea4ea4419bd22ab772
mlir/include/mlir/Dialect/LLVMIR/BasicPtxBuilderInterface.h	blob	100644	cb2489335a317e04bfab842f1290b2f0bdd482e5
mlir/include/mlir/Dialect/LLVMIR/BasicPtxBuilderInterface.td	blob	100644	2834ae160595d56e4e0717c9e959a9bc916a1d72
mlir/include/mlir/Dialect/LLVMIR/CMakeLists.txt	blob	100644	de9a3e1c93282325f4a82fdc6ee130f7b8cbf6c2
mlir/include/mlir/Dialect/LLVMIR/FunctionCallUtils.h	blob	100644	b09d32022e348202e60ed66dd36c5aea8d8211d8
mlir/include/mlir/Dialect/LLVMIR/LLVMAttrDefs.td	blob	100644	a5e4bc52c84a6948cb9f0e109a441e2bb691ee70
mlir/include/mlir/Dialect/LLVMIR/LLVMAttrs.h	blob	100644	19dced51e976f5eb458e134996631151cf3bb4c0
mlir/include/mlir/Dialect/LLVMIR/LLVMDialect.h	blob	100644	f3bd5c090803d7c2c3d479809b1237b6e6d89ef0
mlir/include/mlir/Dialect/LLVMIR/LLVMDialect.td	blob	100644	01a3c8e9a1bde11f6f65f73d8102354677a46a8a
mlir/include/mlir/Dialect/LLVMIR/LLVMDialectBytecode.td	blob	100644	fe63c106a3e7c023adb27f9aaa2e759122221bc0
mlir/include/mlir/Dialect/LLVMIR/LLVMEnums.td	blob	100644	4304ec207acf61dc775b9870fbfe5470c2945e3f
mlir/include/mlir/Dialect/LLVMIR/LLVMInterfaces.h	blob	100644	e0e98e167f501130b912ccad94526fff6b0cd804
mlir/include/mlir/Dialect/LLVMIR/LLVMInterfaces.td	blob	100644	c59b38c416956a8929af8e76a608d0610dc08432
mlir/include/mlir/Dialect/LLVMIR/LLVMIntrinsicOps.td	blob	100644	69f44e64b2de94a79c43ae432b4a9ae52fe89740
mlir/include/mlir/Dialect/LLVMIR/LLVMOpBase.td	blob	100644	a787840663171576791ba2698a14a7a7d6b267e6
mlir/include/mlir/Dialect/LLVMIR/LLVMOps.td	blob	100644	e670e6699e57d1e50adab131b43c6d66771df7ee
mlir/include/mlir/Dialect/LLVMIR/LLVMTypes.h	blob	100644	a54f83660ca9cad7d3e8a8675cda0ffb821ae105
mlir/include/mlir/Dialect/LLVMIR/LLVMTypes.td	blob	100644	910256aa4617b7a3bb1ffbbb8289b065f09ecb7d
mlir/include/mlir/Dialect/LLVMIR/NVVMDialect.h	blob	100644	6bd582d66ed252b6a48030c1a8a344c855c06565
mlir/include/mlir/Dialect/LLVMIR/NVVMDialect.td	blob	100644	025e093ebd8b61a2c53baca5f062f30e3f687aaf
mlir/include/mlir/Dialect/LLVMIR/NVVMEnums.td	blob	100644	42d196c5662d10d8cb8d987a12624b0082349149
mlir/include/mlir/Dialect/LLVMIR/NVVMOps.td	blob	100644	156d67c295344f0b0d40c3e4dcf41e259f610093
mlir/include/mlir/Dialect/LLVMIR/NVVMRequiresSMTraits.h	blob	100644	fa7eb4194dfacb4a896948274dbe4d871a5797c6
mlir/include/mlir/Dialect/LLVMIR/NVVMRequiresSMTraits.td	blob	100644	ab7a01346a1147b99e8dfbd7e4f59e54b6cd79be
mlir/include/mlir/Dialect/LLVMIR/ROCDLAttrs.td	blob	100644	4f84513d23576d8a4c78c52864bbcd8da9926b14
mlir/include/mlir/Dialect/LLVMIR/ROCDLDialect.h	blob	100644	58d35a4373656db62a5d309db5c1530a3f2c1984
mlir/include/mlir/Dialect/LLVMIR/ROCDLDialect.td	blob	100644	0807cf8cf04a4a95d4a68caecaf93b98d5ed70f0
mlir/include/mlir/Dialect/LLVMIR/ROCDLEnums.td	blob	100644	fb704ecf4c0de8eb924b1be43c00885edb7faf08
mlir/include/mlir/Dialect/LLVMIR/ROCDLOps.td	blob	100644	579e8ab6548c89600d8a9594d99af24946b1ef3e
mlir/include/mlir/Dialect/LLVMIR/Transforms/AddComdats.h	blob	100644	a7bc1a1d286deda5b80949200291e3fc3264ca14
mlir/include/mlir/Dialect/LLVMIR/Transforms/CMakeLists.txt	blob	100644	eaca9e9cc5f1de29793f268069c9df818786ca81
mlir/include/mlir/Dialect/LLVMIR/Transforms/DIExpressionLegalization.h	blob	100644	2faf19b788b3a20ff2c546003a8acdbd11f2ee00
mlir/include/mlir/Dialect/LLVMIR/Transforms/DIExpressionRewriter.h	blob	100644	2d9841518a633a018fc6f8e5064e949bac552be7
mlir/include/mlir/Dialect/LLVMIR/Transforms/InlinerInterfaceImpl.h	blob	100644	472a049d567fd2d5584f6d32ecfcf759e2c017ae
mlir/include/mlir/Dialect/LLVMIR/Transforms/LegalizeForExport.h	blob	100644	9b3754f582038ecb8a4325ecb334cdc0d8cda80f
mlir/include/mlir/Dialect/LLVMIR/Transforms/Passes.h	blob	100644	16076fe31481844291b998d842a2827bc555b9ac
mlir/include/mlir/Dialect/LLVMIR/Transforms/Passes.td	blob	100644	73fc9cae23ac546dd9c71b2fa1ed0a0106def69c
mlir/include/mlir/Dialect/LLVMIR/Transforms/RequestCWrappers.h	blob	100644	0becb4d6b785c4306a23868dd1b7c7ba0f0d8639
mlir/include/mlir/Dialect/LLVMIR/Transforms/UseDefaultVisibilityPass.h	blob	100644	e77ee8cb5de0b504fc301f6ca4e7a2d1d596c203
mlir/include/mlir/Dialect/LLVMIR/VCIXDialect.h	blob	100644	3c911d6bc8677b4d7ca3bf7585b0fcab4e25d341
mlir/include/mlir/Dialect/LLVMIR/VCIXOps.td	blob	100644	27d9a32dd8e031f1c1829389b83c2d9e8ba1935c
mlir/include/mlir/Dialect/LLVMIR/XeVMDialect.h	blob	100644	85bc19ad597948efce6b3e18c7d1a630fea9723c
mlir/include/mlir/Dialect/LLVMIR/XeVMOps.td	blob	100644	8c4e409e9c39522bd3de91f84fc5eb08570c579d
mlir/include/mlir/Dialect/Linalg/CMakeLists.txt	blob	100644	18b81746b4cf2cf32bbd3caf0a198374063895ee
mlir/include/mlir/Dialect/Linalg/IR/CMakeLists.txt	blob	100644	4ec880ab82b2001411d39482b1c7e410b387c291
mlir/include/mlir/Dialect/Linalg/IR/Linalg.h	blob	100644	9de6d8fd50983450f6ada75678f602bf0a00fc58
mlir/include/mlir/Dialect/Linalg/IR/LinalgBase.td	blob	100644	a459656b982e65453a4ad310b6b7e34efc372e2c
mlir/include/mlir/Dialect/Linalg/IR/LinalgDoc.td	blob	100644	fe08b9ec744ad526b9d5acdbfa643141d4ee26cb
mlir/include/mlir/Dialect/Linalg/IR/LinalgEnums.td	blob	100644	d18731ce790c439efaa45f203eb974fb9b751d9d
mlir/include/mlir/Dialect/Linalg/IR/LinalgInterfaces.h	blob	100644	9ff32216ce042940b049193c53ad7607c41e66b8
mlir/include/mlir/Dialect/Linalg/IR/LinalgInterfaces.td	blob	100644	9f1e88a040f5f0809e192f3c0e858c3d8aa04b19
mlir/include/mlir/Dialect/Linalg/IR/LinalgNamedStructuredOps.yaml	blob	100644	521afc991063f465c45581e5f07cf702d8d39e7c
mlir/include/mlir/Dialect/Linalg/IR/LinalgOps.td	blob	100644	2754ee3b4f586cd55bbdf5004883c3f4ca747755
mlir/include/mlir/Dialect/Linalg/IR/LinalgRelayoutOps.td	blob	100644	95383e6262f713723e9d0b13b71de974a44e5375
mlir/include/mlir/Dialect/Linalg/IR/LinalgStructuredOps.td	blob	100644	fa8125f280db22ea8f405f832d3aaa7082d557ad
mlir/include/mlir/Dialect/Linalg/IR/RelayoutOpInterface.h	blob	100644	bbf784063aa3fc2c402a428904c8af20840c963e
mlir/include/mlir/Dialect/Linalg/IR/RelayoutOpInterface.td	blob	100644	2dec2fc4396f45adbdcab1c0684acaf83098cc9d
mlir/include/mlir/Dialect/Linalg/IR/ValueBoundsOpInterfaceImpl.h	blob	100644	005ed4bf646062c76b3405e479ba6b7ecb9ff68f
mlir/include/mlir/Dialect/Linalg/Passes.h	blob	100644	f2955d55e59eca325cd817c8f87e43be1dd6fa5c
mlir/include/mlir/Dialect/Linalg/Passes.td	blob	100644	b94b0ab477c07c9b653fb11211efe13a4ec69935
mlir/include/mlir/Dialect/Linalg/TransformOps/CMakeLists.txt	blob	100644	94e4e5622495317a2593bd20b2ddd5dd8579283f
mlir/include/mlir/Dialect/Linalg/TransformOps/DialectExtension.h	blob	100644	b89fbc527d5647badc21f29085e3c279016e19b0
mlir/include/mlir/Dialect/Linalg/TransformOps/GPUHeuristics.h	blob	100644	c0c608511109487708c1a6e607335e16a02c74df
mlir/include/mlir/Dialect/Linalg/TransformOps/LinalgMatchOps.h	blob	100644	fdebcb031b113c20f67485abf749d42e6384a096
mlir/include/mlir/Dialect/Linalg/TransformOps/LinalgMatchOps.td	blob	100644	2da52bbf86166885d7d3e71ed804a18624a67615
mlir/include/mlir/Dialect/Linalg/TransformOps/LinalgTransformEnums.td	blob	100644	c72c04517db8d126960b7bef79f70b4f6f1706f9
mlir/include/mlir/Dialect/Linalg/TransformOps/LinalgTransformOps.h	blob	100644	9ede21e87cf530118e928a95dc3b4855980eba7d
mlir/include/mlir/Dialect/Linalg/TransformOps/LinalgTransformOps.td	blob	100644	09a6c4c4d652f4ecfe5afdfb7155f9329bc935ec
mlir/include/mlir/Dialect/Linalg/TransformOps/Syntax.h	blob	100644	595e8aac1045fe1d3927284fe6b651142da41360
mlir/include/mlir/Dialect/Linalg/Transforms/AllInterfaces.h	blob	100644	a69751e072b79784b45f4c57e57d25e6f9298974
mlir/include/mlir/Dialect/Linalg/Transforms/BufferizableOpInterfaceImpl.h	blob	100644	3afe2cd0d32f870a883e53cd0643f3dacfd0a176
mlir/include/mlir/Dialect/Linalg/Transforms/Hoisting.h	blob	100644	4edf432d9d97d4b372edfb5c00b8b500bfcc3640
mlir/include/mlir/Dialect/Linalg/Transforms/RuntimeOpVerification.h	blob	100644	6c3643f7835cbe86ec8bc3dd5f03a82b3b504810
mlir/include/mlir/Dialect/Linalg/Transforms/ShardingInterfaceImpl.h	blob	100644	dc21bc05a2dc114528522cf2468aec5d9df06e92
mlir/include/mlir/Dialect/Linalg/Transforms/SubsetInsertionOpInterfaceImpl.h	blob	100644	94b0fb25b506650e594f34d1093964ba846587bc
mlir/include/mlir/Dialect/Linalg/Transforms/TilingInterfaceImpl.h	blob	100644	3cc30123afb25f9156883f44b3c1bce5cddd0743
mlir/include/mlir/Dialect/Linalg/Transforms/Transforms.h	blob	100644	130f7f6fd2792c5fa7e2adc5d845940963d7f8e1
mlir/include/mlir/Dialect/Linalg/Utils/Utils.h	blob	100644	06e7a472a81828f37b535a51660767d26016b006
mlir/include/mlir/Dialect/MLProgram/CMakeLists.txt	blob	100644	9f57627c321fb0c74b3e4a404e3c36bd435f64a7
mlir/include/mlir/Dialect/MLProgram/IR/CMakeLists.txt	blob	100644	2013f344ceef479a67ba25ca8d10e299131e413d
mlir/include/mlir/Dialect/MLProgram/IR/MLProgram.h	blob	100644	a31e69f30d7a8add9ce3cc22be0c90358ef81580
mlir/include/mlir/Dialect/MLProgram/IR/MLProgramAttributes.h	blob	100644	3836684726cb313a8f40e589ec805543b7bfb848
mlir/include/mlir/Dialect/MLProgram/IR/MLProgramAttributes.td	blob	100644	9b0020e985cd25a9758811ade964d282979d15b3
mlir/include/mlir/Dialect/MLProgram/IR/MLProgramBase.td	blob	100644	a585059020eaf6b9c2c8420d7f138630acea27ae
mlir/include/mlir/Dialect/MLProgram/IR/MLProgramOps.td	blob	100644	095f6bee2c3450b16da32af2647ffc3d2770b34d
mlir/include/mlir/Dialect/MLProgram/IR/MLProgramTypes.h	blob	100644	c392ed6c3c2cae7f67755781bf0d726f544b3447
mlir/include/mlir/Dialect/MLProgram/IR/MLProgramTypes.td	blob	100644	1cc5f7f81e8d04d100318ddeb85611f2f28e8655
mlir/include/mlir/Dialect/MLProgram/Transforms/BufferizableOpInterfaceImpl.h	blob	100644	ca541238cf63b636c5ace74987a21205ead04bf7
mlir/include/mlir/Dialect/MLProgram/Transforms/CMakeLists.txt	blob	100644	657c86e401332d78d4d5271698a9372fcb6c4847
mlir/include/mlir/Dialect/MLProgram/Transforms/Passes.h	blob	100644	3acfb8373bc362bc62ff5d4a289c23d2bae9b5e4
mlir/include/mlir/Dialect/MLProgram/Transforms/Passes.td	blob	100644	1085a15d17ff1ab25bf2f55b779a9c952aabd71b
mlir/include/mlir/Dialect/MPI/CMakeLists.txt	blob	100644	f33061b2d87cffc48b072763eb55d349e9070aba
mlir/include/mlir/Dialect/MPI/IR/CMakeLists.txt	blob	100644	eeb3ca5b0e73f5e6b3b5e890d8367daa32c83d23
mlir/include/mlir/Dialect/MPI/IR/MPI.h	blob	100644	2b6743cd008c6cab2ed0b50c6d46f01e41324bb1
mlir/include/mlir/Dialect/MPI/IR/MPI.td	blob	100644	0c62a1794e19e90ac7eb293b6c7e643f26ad6a98
mlir/include/mlir/Dialect/MPI/IR/MPIOps.td	blob	100644	80d2ca66faca9e96e4c89247e82e5033e181761a
mlir/include/mlir/Dialect/MPI/IR/MPITypes.td	blob	100644	adc35a70b5837941a44e8e2179fcfb116215963f
mlir/include/mlir/Dialect/MPI/IR/Utils.h	blob	100644	76ff4841d89bc8399a289c1cb4bac00ad66a5588
mlir/include/mlir/Dialect/Math/CMakeLists.txt	blob	100644	9f57627c321fb0c74b3e4a404e3c36bd435f64a7
mlir/include/mlir/Dialect/Math/IR/CMakeLists.txt	blob	100644	0f98a1efbcb791f8d0f0707236498475f4da87d8
mlir/include/mlir/Dialect/Math/IR/Math.h	blob	100644	dcbcb1572fb80852ca29b67f802d23cdf83cbeba
mlir/include/mlir/Dialect/Math/IR/MathBase.td	blob	100644	19fb39d9fd51d5a433e76b5bc980c57e37d741f7
mlir/include/mlir/Dialect/Math/IR/MathOps.td	blob	100644	926bac1de2b0d3a06b059859af92a5f85044457c
mlir/include/mlir/Dialect/Math/Transforms/Approximation.h	blob	100644	ecfdb71817dffd960bc167f897d6e43380f70061
mlir/include/mlir/Dialect/Math/Transforms/CMakeLists.txt	blob	100644	497ac08964c7d652a2d79fabb3fe3d5665b9cd5b
mlir/include/mlir/Dialect/Math/Transforms/Passes.h	blob	100644	b3abbf728a3c681395060d988b8ad472fb2146c8
mlir/include/mlir/Dialect/Math/Transforms/Passes.td	blob	100644	4e7c0330e728714604241e95500a3f1fa95352dc
mlir/include/mlir/Dialect/MemRef/CMakeLists.txt	blob	100644	660deb21479d297fc1097f1b7d7032f907a1bc94
mlir/include/mlir/Dialect/MemRef/IR/CMakeLists.txt	blob	100644	acba41c7421d0bd7cdf6477e273dc07785ee8e47
mlir/include/mlir/Dialect/MemRef/IR/MemRef.h	blob	100644	8653eca0072b6db6b559b46f6200f3b391aaedf8
mlir/include/mlir/Dialect/MemRef/IR/MemRefBase.td	blob	100644	20dd45272898dcffbd0ed58fe00c2bfe092444b4
mlir/include/mlir/Dialect/MemRef/IR/MemRefMemorySlot.h	blob	100644	6b56311ed8840a1fb7c47568dbc807a5200f2f3c
mlir/include/mlir/Dialect/MemRef/IR/MemRefOps.td	blob	100644	8f530b2dbd62edad9d082372c6dd356ad06cf13f
mlir/include/mlir/Dialect/MemRef/IR/MemoryAccessOpInterfaces.h	blob	100644	0ed9fd99cb78aab45695226cfeb703e2ab3926c0
mlir/include/mlir/Dialect/MemRef/IR/MemoryAccessOpInterfaces.td	blob	100644	b599eca9f38d5884a09383607b0b6d83d5597c75
mlir/include/mlir/Dialect/MemRef/IR/ValueBoundsOpInterfaceImpl.h	blob	100644	eec43b7609c0dc5d0f6e11cd5e70bab068446d22
mlir/include/mlir/Dialect/MemRef/TransformOps/CMakeLists.txt	blob	100644	fc0eb60887b30b76bd5a120083ef689ac850179b
mlir/include/mlir/Dialect/MemRef/TransformOps/MemRefTransformOps.h	blob	100644	5ef901ade91d1184c707156d9ea292df0c576078
mlir/include/mlir/Dialect/MemRef/TransformOps/MemRefTransformOps.td	blob	100644	f4694a30a8a129c50ebdfaed01505189d2f2e3d1
mlir/include/mlir/Dialect/MemRef/Transforms/AllocationOpInterfaceImpl.h	blob	100644	aea05821fd1167cafdfb40388889aad7b59e39dd
mlir/include/mlir/Dialect/MemRef/Transforms/BufferViewFlowOpInterfaceImpl.h	blob	100644	714518a21e975db827426148cd1b80e900bfd1bb
mlir/include/mlir/Dialect/MemRef/Transforms/CMakeLists.txt	blob	100644	31437448a8bf4519e6d201f924a901b166af5074
mlir/include/mlir/Dialect/MemRef/Transforms/ComposeSubView.h	blob	100644	6a487d902cce9d480776cedb88d40805f5f7b137
mlir/include/mlir/Dialect/MemRef/Transforms/Passes.h	blob	100644	748248d45df261022d5c040a33ccc7feb12d14bb
mlir/include/mlir/Dialect/MemRef/Transforms/Passes.td	blob	100644	c6be600247696d0f96ecb75a53fd4ef9f81245d7
mlir/include/mlir/Dialect/MemRef/Transforms/RuntimeOpVerification.h	blob	100644	df6ce9f10762beaa49360041ebf0d953d99687a9
mlir/include/mlir/Dialect/MemRef/Transforms/Transforms.h	blob	100644	720677455ae5d3bc749bfce494b3ee7c9159a4ea
mlir/include/mlir/Dialect/MemRef/Utils/MemRefUtils.h	blob	100644	c93da6ebada7c4daafc10b27fe6060b46dfcbd9c
mlir/include/mlir/Dialect/NVGPU/CMakeLists.txt	blob	100644	660deb21479d297fc1097f1b7d7032f907a1bc94
mlir/include/mlir/Dialect/NVGPU/IR/CMakeLists.txt	blob	100644	02e7a5307b2011f2690bdf6af4ee4579a76fa28f
mlir/include/mlir/Dialect/NVGPU/IR/NVGPU.td	blob	100644	1c0d7bd1113ea60aba00aadc85fa43ead10ab205
mlir/include/mlir/Dialect/NVGPU/IR/NVGPUDialect.h	blob	100644	41f134fd12925718c0d3b069fa16f37c0939b6dd
mlir/include/mlir/Dialect/NVGPU/IR/NVGPUOps.td	blob	100644	69b6b57de54b873b6c3714e6a2c623d09fecfde1
mlir/include/mlir/Dialect/NVGPU/IR/NVGPUTypes.td	blob	100644	8836a1a9dfcd8ce08957242c16093d98dff76e62
mlir/include/mlir/Dialect/NVGPU/TransformOps/CMakeLists.txt	blob	100644	f8e7acdf7942abbf5d41d63b0a68c70a820b7c12
mlir/include/mlir/Dialect/NVGPU/TransformOps/NVGPUTransformOps.h	blob	100644	5179adeb09dbe90be35c314399395beca5787dce
mlir/include/mlir/Dialect/NVGPU/TransformOps/NVGPUTransformOps.td	blob	100644	0225562baa58cfeffbdb99825750c338fff6a105
mlir/include/mlir/Dialect/NVGPU/Transforms/CMakeLists.txt	blob	100644	12245fed8edee97c7b12942118d230c0eb2bbcf4
mlir/include/mlir/Dialect/NVGPU/Transforms/MemoryAccessOpInterfacesImpl.h	blob	100644	50d2223912a2784259d4f9cd9cb05c445e128898
mlir/include/mlir/Dialect/NVGPU/Transforms/Passes.h	blob	100644	cc90d0c2894af16640bae6cdf9ab04073f09a647
mlir/include/mlir/Dialect/NVGPU/Transforms/Passes.td	blob	100644	87b773134784bee378b473ded3aae0ed262439a8
mlir/include/mlir/Dialect/NVGPU/Transforms/Transforms.h	blob	100644	2ff9ac43851d84dca8ec70a61f9e006c3113db64
mlir/include/mlir/Dialect/NVGPU/Transforms/Utils.h	blob	100644	64bce441722af8368d483201d2d8018dd60d3683
mlir/include/mlir/Dialect/NVGPU/Utils/MMAUtils.h	blob	100644	faeba0e128db45438106931238fed150c42a3c74
mlir/include/mlir/Dialect/NVVM/CMakeLists.txt	blob	100644	e31af32661164a7b68a765a6eaff0af7797550d2
mlir/include/mlir/Dialect/NVVM/Transforms/CMakeLists.txt	blob	100644	4bf064bdbe2316584673adbfed69b3611b7b1cc1
mlir/include/mlir/Dialect/NVVM/Transforms/OptimizeForNVVM.h	blob	100644	f02d7dbe9778c2e37997e3c2869bdaff8e74196e
mlir/include/mlir/Dialect/NVVM/Transforms/Passes.h	blob	100644	b81e5ae99101643026d6a8c8b397f6f74c9acec4
mlir/include/mlir/Dialect/NVVM/Transforms/Passes.td	blob	100644	b69b368e93e4ec06b0e5082e903f25426bf8c452
mlir/include/mlir/Dialect/OpenACC/Analysis/OpenACCSupport.h	blob	100644	b004a5f83e3804771a04e18e463002b801770d52
mlir/include/mlir/Dialect/OpenACC/CMakeLists.txt	blob	100644	789cd709ff16d2d9e59f87c736920669e64ae9b8
mlir/include/mlir/Dialect/OpenACC/OpenACC.h	blob	100644	4abc3971f12c0e5fd76b0eb47f6974c3564f53d1
mlir/include/mlir/Dialect/OpenACC/OpenACCAttributes.td	blob	100644	f533fb42546fee154a027deea2497680ee2db042
mlir/include/mlir/Dialect/OpenACC/OpenACCBase.td	blob	100644	5810759c54298d4e506a8c5bf30e41cdaabc03f8
mlir/include/mlir/Dialect/OpenACC/OpenACCCGAttributes.td	blob	100644	696715f19739edcb6c9236c55c42878249fa95b9
mlir/include/mlir/Dialect/OpenACC/OpenACCCGOps.td	blob	100644	730ea1f73a3ac5e676a0c7f7a0438105a3708afd
mlir/include/mlir/Dialect/OpenACC/OpenACCOps.td	blob	100644	db2f0e0605db5de6ec813b9204281768457f7299
mlir/include/mlir/Dialect/OpenACC/OpenACCOpsInterfaces.td	blob	100644	eddd21a7e917bed0f0e056797e86d45bfb7fa594
mlir/include/mlir/Dialect/OpenACC/OpenACCOpsTypes.td	blob	100644	e942a49be1fb9ec2ff7374d9d4e3616376bfe94a
mlir/include/mlir/Dialect/OpenACC/OpenACCParMapping.h	blob	100644	09b700fe8ad4088e8b1896611cea35cdaab56d5c
mlir/include/mlir/Dialect/OpenACC/OpenACCRuntimeFunctions.def	blob	100644	338f3950216f563f02497c7a08f5483494085cd6
mlir/include/mlir/Dialect/OpenACC/OpenACCRuntimeUtils.h	blob	100644	4274bacd974eb8957bff400dcecd3ad996b6534d
mlir/include/mlir/Dialect/OpenACC/OpenACCTypeInterfaces.td	blob	100644	bbc145777b2951eaf931795fb4acd362fa3cd04c
mlir/include/mlir/Dialect/OpenACC/OpenACCUtils.h	blob	100644	925eefaf9c3652e3cf40324d7c63902d294f2848
mlir/include/mlir/Dialect/OpenACC/OpenACCUtilsCG.h	blob	100644	75812b00c4c3ea9e103738534e6c8c1a00b2c9b9
mlir/include/mlir/Dialect/OpenACC/OpenACCUtilsGPU.h	blob	100644	71e14a78a6925a73a0142745e90e6d99cca6ff4d
mlir/include/mlir/Dialect/OpenACC/OpenACCUtilsLoop.h	blob	100644	a08d11a7ec8ab7a3a05bf0b9ebc34c15156ec422
mlir/include/mlir/Dialect/OpenACC/OpenACCUtilsReduction.h	blob	100644	ba4c09c0aaf5f433311a1ff02fb0bb7ddeaa64d2
mlir/include/mlir/Dialect/OpenACC/OpenACCUtilsTiling.h	blob	100644	05ac37d1106ec1e2d27ded81b663d05d05a8e253
mlir/include/mlir/Dialect/OpenACC/OpenACCUtilsType.h	blob	100644	42915ac954e7deec889e6ff23e015b7cd43cf2f8
mlir/include/mlir/Dialect/OpenACC/OpenACCVariableInfo.h	blob	100644	95009fdb53fb412d6333bef2645b06f415932399
mlir/include/mlir/Dialect/OpenACC/Transforms/ACCSpecializePatterns.h	blob	100644	cde85fe839bf5589dcaf0e229c24566d34d6a854
mlir/include/mlir/Dialect/OpenACC/Transforms/CMakeLists.txt	blob	100644	81e987a4e89332d14af38e408772ceda7c637b52
mlir/include/mlir/Dialect/OpenACC/Transforms/Passes.h	blob	100644	2ecfa3171b57bdefd2d18293c8803c050bacacce
mlir/include/mlir/Dialect/OpenACC/Transforms/Passes.td	blob	100644	259f0f9da572203c2fa352852c72054d9e1e7075
mlir/include/mlir/Dialect/OpenACCMPCommon/CMakeLists.txt	blob	100644	3ac45c187158aa207e09030cd5abc34b183d6cad
mlir/include/mlir/Dialect/OpenACCMPCommon/Interfaces/AtomicInterfaces.h	blob	100644	c27ec7cf29c74e8773bd29822d139749a7fa0c9e
mlir/include/mlir/Dialect/OpenACCMPCommon/Interfaces/AtomicInterfaces.td	blob	100644	abb21705b3c1cb6775a0979762a3a4adcb9352bc
mlir/include/mlir/Dialect/OpenACCMPCommon/Interfaces/CMakeLists.txt	blob	100644	7753089fcc2f43e9e5fff1919c7530b4a5aef9b8
mlir/include/mlir/Dialect/OpenACCMPCommon/Interfaces/OpenACCMPOpsInterfaces.h	blob	100644	6576f874c9a30d54c9047ba38a88ecea2174113a
mlir/include/mlir/Dialect/OpenACCMPCommon/Interfaces/OpenACCMPOpsInterfaces.td	blob	100644	2c5fbbb795d7438307cef5a3bf02e743ffc2c626
mlir/include/mlir/Dialect/OpenMP/CMakeLists.txt	blob	100644	691163d9ce9ac6d8713c6e5c66596f929f9663bd
mlir/include/mlir/Dialect/OpenMP/OpenMPAttrDefs.td	blob	100644	8d8fcf9e381e83ce484d09a5c19dcae5b4966acc
mlir/include/mlir/Dialect/OpenMP/OpenMPClauseOperands.h	blob	100644	35b58375698f604b361a301494734382074e8994
mlir/include/mlir/Dialect/OpenMP/OpenMPClauses.td	blob	100644	22296338b79151c85a4a9599a1adf75b86caffae
mlir/include/mlir/Dialect/OpenMP/OpenMPDialect.h	blob	100644	a6854752f75b66e6468a7c928c03e41cde8e8640
mlir/include/mlir/Dialect/OpenMP/OpenMPDialect.td	blob	100644	459cc78435809c3144f7a0446ec6408d4d7c965e
mlir/include/mlir/Dialect/OpenMP/OpenMPEnums.td	blob	100644	c642792f67019e2a8c89c45976147bf198972dcd
mlir/include/mlir/Dialect/OpenMP/OpenMPInterfaces.h	blob	100644	5ebf7c8090c139e3d8f5e92f592b567c0336827d
mlir/include/mlir/Dialect/OpenMP/OpenMPOpBase.td	blob	100644	c1017826ab0c9c404e7b4e0507dec1a0e204ecc6
mlir/include/mlir/Dialect/OpenMP/OpenMPOps.td	blob	100644	23f4711c9c355ab17710f31daebb729453b94960
mlir/include/mlir/Dialect/OpenMP/OpenMPOpsAttributes.h	blob	100644	6d196decfad0334240010c25e2835446e6d1fbe6
mlir/include/mlir/Dialect/OpenMP/OpenMPOpsEnums.h	blob	100644	edf316ea9ca8bf7552525b241bb28d25ff1183a3
mlir/include/mlir/Dialect/OpenMP/OpenMPOpsInterfaces.td	blob	100644	51f925b17f47e9144ff6722c811d1c9ebc0b074f
mlir/include/mlir/Dialect/OpenMP/OpenMPTypeInterfaces.td	blob	100644	1a38a23c9f180de54530ea760753ec65e4d15553
mlir/include/mlir/Dialect/OpenMP/Transforms/CMakeLists.txt	blob	100644	f90f4ec07f09bfa0e112d5a74f1ae80653aec943
mlir/include/mlir/Dialect/OpenMP/Transforms/Passes.h	blob	100644	ddbe662be69fc3d895007ad392416bddb000ce59
mlir/include/mlir/Dialect/OpenMP/Transforms/Passes.td	blob	100644	da90ef508ce64303e9098621f411efd60043f6f2
mlir/include/mlir/Dialect/OpenMP/Utils/Utils.h	blob	100644	16b6970441ef6efcf28f04ba731af69ab9211f17
mlir/include/mlir/Dialect/PDL/CMakeLists.txt	blob	100644	f33061b2d87cffc48b072763eb55d349e9070aba
mlir/include/mlir/Dialect/PDL/IR/CMakeLists.txt	blob	100644	12c9c82e118583e05d54b470b2b0af2863d1c48c
mlir/include/mlir/Dialect/PDL/IR/PDL.h	blob	100644	bbc52301360d7a83a32a8de8aa065ed081d38497
mlir/include/mlir/Dialect/PDL/IR/PDLDialect.td	blob	100644	d405bec26634c539a670d489c4de8fbd53313a2a
mlir/include/mlir/Dialect/PDL/IR/PDLOps.h	blob	100644	22935827519d38393f64608ef2f397b89b9c682f
mlir/include/mlir/Dialect/PDL/IR/PDLOps.td	blob	100644	6ee638c19d1ad5e2557e2221aa4a5135d57a94e7
mlir/include/mlir/Dialect/PDL/IR/PDLTypes.h	blob	100644	a342dcc6233f506fb403fed0c4dbae15936b4f34
mlir/include/mlir/Dialect/PDL/IR/PDLTypes.td	blob	100644	721668edead62ff5f3d8e2e1e6dcf79e237d9b07
mlir/include/mlir/Dialect/PDLInterp/CMakeLists.txt	blob	100644	f33061b2d87cffc48b072763eb55d349e9070aba
mlir/include/mlir/Dialect/PDLInterp/IR/CMakeLists.txt	blob	100644	5328b121133a6ea0ee3724b86790ea8e6f865d20
mlir/include/mlir/Dialect/PDLInterp/IR/PDLInterp.h	blob	100644	2ae67ac2e7e95f8dd43f91e18945db5443315610
mlir/include/mlir/Dialect/PDLInterp/IR/PDLInterpOps.td	blob	100644	b8ad86b62e827ea4b8818d5d67ae9ae93c466b86
mlir/include/mlir/Dialect/Ptr/CMakeLists.txt	blob	100644	f33061b2d87cffc48b072763eb55d349e9070aba
mlir/include/mlir/Dialect/Ptr/IR/CMakeLists.txt	blob	100644	388d735843c4e9cbd5b3f6ef9c1a16ec30000648
mlir/include/mlir/Dialect/Ptr/IR/MemorySpaceInterfaces.h	blob	100644	4d65c8d807cb9aa6f5cd3134fbc4cb87c7729c14
mlir/include/mlir/Dialect/Ptr/IR/MemorySpaceInterfaces.td	blob	100644	5231231564fb105a1c3f56328e4158f1e750f62a
mlir/include/mlir/Dialect/Ptr/IR/PtrAttrDefs.td	blob	100644	78006d2dec40df6d6a6bc35d917c0945e08e869b
mlir/include/mlir/Dialect/Ptr/IR/PtrAttrs.h	blob	100644	c252f9efd0471ba5b8bf55332bf206f05c62829b
mlir/include/mlir/Dialect/Ptr/IR/PtrDialect.h	blob	100644	92f877c20dbf074522b66a9e7ae56afce8a301fa
mlir/include/mlir/Dialect/Ptr/IR/PtrDialect.td	blob	100644	c98df5775195add932bc9eb6a3942a4b5ce5c9fc
mlir/include/mlir/Dialect/Ptr/IR/PtrEnums.h	blob	100644	2e98df8654b71066563312dcb3adb076491f5d30
mlir/include/mlir/Dialect/Ptr/IR/PtrEnums.td	blob	100644	c97bd04d3289609be317ed4932d3c0ef483f37d2
mlir/include/mlir/Dialect/Ptr/IR/PtrOps.h	blob	100644	eaf1e6243a74dff60dd7c461781f8d2c8a6fef8d
mlir/include/mlir/Dialect/Ptr/IR/PtrOps.td	blob	100644	e14f64330c2949aacfb542878c2351c89a1caa7f
mlir/include/mlir/Dialect/Ptr/IR/PtrTypes.h	blob	100644	4fe1b5a1aa42304f908f320bb53baae5b77eb464
mlir/include/mlir/Dialect/Quant/CMakeLists.txt	blob	100644	9f57627c321fb0c74b3e4a404e3c36bd435f64a7
mlir/include/mlir/Dialect/Quant/IR/CMakeLists.txt	blob	100644	120ddaf30e8e004d3535c86e926dcd555db80292
mlir/include/mlir/Dialect/Quant/IR/Quant.h	blob	100644	eb207e8054c9b2f66aef56b8b630552d7df2784a
mlir/include/mlir/Dialect/Quant/IR/QuantBase.td	blob	100644	b129e4b57e3535e371d94b520ee06a8cd391a392
mlir/include/mlir/Dialect/Quant/IR/QuantDialectBytecode.td	blob	100644	8225e12754a6683b1626ac4c941bb38cd3757d65
mlir/include/mlir/Dialect/Quant/IR/QuantOps.td	blob	100644	6ef925146dce661aae1584c28105348ddf8a2628
mlir/include/mlir/Dialect/Quant/IR/QuantTypes.h	blob	100644	82914c631e42d28b03b2633ab0304762d7d2b23b
mlir/include/mlir/Dialect/Quant/Transforms/CMakeLists.txt	blob	100644	43120df51d931f81cb73fe94eab27f3da50df13a
mlir/include/mlir/Dialect/Quant/Transforms/Passes.h	blob	100644	84be2a21b34ed2c24bff2f292709b3d931603824
mlir/include/mlir/Dialect/Quant/Transforms/Passes.td	blob	100644	a62315c0395f79c41581d8771e7ab95c13ed0460
mlir/include/mlir/Dialect/Quant/Utils/FakeQuantSupport.h	blob	100644	6551efc6242a6097540c7899a72d2538831451b4
mlir/include/mlir/Dialect/Quant/Utils/UniformSupport.h	blob	100644	ac89b4327f898577d6e5f1431e8048275b98df79
mlir/include/mlir/Dialect/SCF/CMakeLists.txt	blob	100644	660deb21479d297fc1097f1b7d7032f907a1bc94
mlir/include/mlir/Dialect/SCF/IR/CMakeLists.txt	blob	100644	f6dfc0ef9e96d9ea6684e2e1dc0f321e14925706
mlir/include/mlir/Dialect/SCF/IR/DeviceMappingInterface.h	blob	100644	0a7fdbb4f39029d915e740b86cda5a0cc0c89e96
mlir/include/mlir/Dialect/SCF/IR/DeviceMappingInterface.td	blob	100644	24e3d5ceb45b5eb18b9722d8f53e54258feb68d5
mlir/include/mlir/Dialect/SCF/IR/SCF.h	blob	100644	44cbb458d94fe6265e38f1168216fb8e958338fc
mlir/include/mlir/Dialect/SCF/IR/SCFOps.td	blob	100644	c0d1ac501cc7781332ae588be12b61d2839324be
mlir/include/mlir/Dialect/SCF/IR/ValueBoundsOpInterfaceImpl.h	blob	100644	1d4e8c9799c688baa414cba243d5969a0bbfe715
mlir/include/mlir/Dialect/SCF/TransformOps/CMakeLists.txt	blob	100644	c9512abccb3396fe6173eae6ea0d104aef57c835
mlir/include/mlir/Dialect/SCF/TransformOps/SCFTransformOps.h	blob	100644	65ccd43b56c8d39d94dd1b33fedce3cfc3c4fe02
mlir/include/mlir/Dialect/SCF/TransformOps/SCFTransformOps.td	blob	100644	f97225477ef8bb57f3a2a310df4d2c823ec65dfe
mlir/include/mlir/Dialect/SCF/Transforms/BufferDeallocationOpInterfaceImpl.h	blob	100644	cbfb490c7ab098cd3ea6f59cb247acd0dbb57a31
mlir/include/mlir/Dialect/SCF/Transforms/BufferizableOpInterfaceImpl.h	blob	100644	bd6bcf5c32eb77c1313223533385e6c16698f928
mlir/include/mlir/Dialect/SCF/Transforms/CMakeLists.txt	blob	100644	ed4b365594628a2f8fa5e81e03e4b2e4902864a7
mlir/include/mlir/Dialect/SCF/Transforms/Passes.h	blob	100644	e5794dbfeabaea1b4f9310f2378e04503f627d5f
mlir/include/mlir/Dialect/SCF/Transforms/Passes.td	blob	100644	44e523fdfb8fe38ec6f5700dd458a53f8113b02c
mlir/include/mlir/Dialect/SCF/Transforms/Patterns.h	blob	100644	cfe68f61a7a42bdae32039d694347157ecafa2b4
mlir/include/mlir/Dialect/SCF/Transforms/TileUsingInterface.h	blob	100644	0bd5d19b136d036eb256e42be5563fc1980d91d0
mlir/include/mlir/Dialect/SCF/Transforms/Transforms.h	blob	100644	00e85723071519d41077bab7c48c34950699f8b4
mlir/include/mlir/Dialect/SCF/Utils/AffineCanonicalizationUtils.h	blob	100644	2913a74c6a9d6b9852800a1e841d4414dc5ba819
mlir/include/mlir/Dialect/SCF/Utils/Utils.h	blob	100644	316bf179e22c3ef13d0c50bee2a2adcdc74e2b73
mlir/include/mlir/Dialect/SMT/CMakeLists.txt	blob	100644	f33061b2d87cffc48b072763eb55d349e9070aba
mlir/include/mlir/Dialect/SMT/IR/CMakeLists.txt	blob	100644	9d50bc7f159521c9646eca90445256c957435876
mlir/include/mlir/Dialect/SMT/IR/SMT.td	blob	100644	6d0e0532ebe24ea5f1a29aec885363d4a1d63595
mlir/include/mlir/Dialect/SMT/IR/SMTArrayOps.td	blob	100644	ac1c2f3ed409a7853dd79215ccbf5a5e2ba93cea
mlir/include/mlir/Dialect/SMT/IR/SMTAttributes.h	blob	100644	8db8a1f198cf9c9c228fb03825f079b82bf0a27a
mlir/include/mlir/Dialect/SMT/IR/SMTAttributes.td	blob	100644	c1c5bfc76e05588bdd89402d7615c34d9ad3dc7c
mlir/include/mlir/Dialect/SMT/IR/SMTBitVectorOps.td	blob	100644	c7422dd11f634acbb20886fbba0ff63e41949340
mlir/include/mlir/Dialect/SMT/IR/SMTDialect.h	blob	100644	2c44ca802a2d51f891c4e14a7f22426b04f94120
mlir/include/mlir/Dialect/SMT/IR/SMTDialect.td	blob	100644	00f170659946ef98febda0076fc70cc7b7285639
mlir/include/mlir/Dialect/SMT/IR/SMTIntOps.td	blob	100644	4aa07a128346145de54d8d64ed860675a38f9b3a
mlir/include/mlir/Dialect/SMT/IR/SMTOps.h	blob	100644	1be7db605d91190993d3de5450dcb70471012132
mlir/include/mlir/Dialect/SMT/IR/SMTOps.td	blob	100644	99b22e5609c743757048e75410fbb28b72a10b0e
mlir/include/mlir/Dialect/SMT/IR/SMTTypes.h	blob	100644	7e50c8bb51f7222e1c07e084c94b342f806c3168
mlir/include/mlir/Dialect/SMT/IR/SMTTypes.td	blob	100644	b22fb0a6e7234cf5519a521695ad5533ef8ea94f
mlir/include/mlir/Dialect/SMT/IR/SMTVisitors.h	blob	100644	e6b1fe8e71a20d1badc7ef0a3fa34b8c87d9f4d0
mlir/include/mlir/Dialect/SPIRV/CMakeLists.txt	blob	100644	0e2b2af11346ff36fcee79ba3d36ed45fd0b747e
mlir/include/mlir/Dialect/SPIRV/IR/CMakeLists.txt	blob	100644	821211dcd08917c9667d65858c5b93a70940ebf2
mlir/include/mlir/Dialect/SPIRV/IR/SPIRVArithmeticOps.td	blob	100644	e1b94d6834f810ee7d5537092de2a788706dad8c
mlir/include/mlir/Dialect/SPIRV/IR/SPIRVAtomicOps.td	blob	100644	d756a923b744f9646fe02b42c978ac8268f846ff
mlir/include/mlir/Dialect/SPIRV/IR/SPIRVAttributes.h	blob	100644	2bdd7a5bf3dd83c402b81aad0e84bdacc2b6c53b
mlir/include/mlir/Dialect/SPIRV/IR/SPIRVAttributes.td	blob	100644	5f5c273b12dec8eca4b0c553945f53aad63bdb8b
mlir/include/mlir/Dialect/SPIRV/IR/SPIRVAvailability.td	blob	100644	46f637bfe2cf394c65479bac0176762fef429b29
mlir/include/mlir/Dialect/SPIRV/IR/SPIRVBarrierOps.td	blob	100644	9b361b6b4db711f317f96c7cfe56031a987aff96
mlir/include/mlir/Dialect/SPIRV/IR/SPIRVBase.td	blob	100644	68a0ee470709d13b142fc97fcd0a56d5f2937368
mlir/include/mlir/Dialect/SPIRV/IR/SPIRVBitOps.td	blob	100644	38639a175ab4dbb7f33b6bd56c5dd3f5d771da94
mlir/include/mlir/Dialect/SPIRV/IR/SPIRVCLOps.td	blob	100644	7c1ca28f728e9f43c561dc045d1ea0fabf0c7633
mlir/include/mlir/Dialect/SPIRV/IR/SPIRVCastOps.td	blob	100644	a434764750a56d1552a77aeb72427ecfefdc65a9
mlir/include/mlir/Dialect/SPIRV/IR/SPIRVCompositeOps.td	blob	100644	73f93522d142b03273c823cebbd00a57b7f9b6aa
mlir/include/mlir/Dialect/SPIRV/IR/SPIRVControlFlowOps.td	blob	100644	e7c314cb9acb952daf2ef36d9fb6c5598f9e19f8
mlir/include/mlir/Dialect/SPIRV/IR/SPIRVCooperativeMatrixOps.td	blob	100644	e8124b8b0bed9643ae6ba2728711032484cbbae9
mlir/include/mlir/Dialect/SPIRV/IR/SPIRVDialect.h	blob	100644	b3503fc732bb818631031caab78fcbee7242f794
mlir/include/mlir/Dialect/SPIRV/IR/SPIRVEnums.h	blob	100644	0ec78bfe3b9f5459d260dd6916e35c9a71c5466b
mlir/include/mlir/Dialect/SPIRV/IR/SPIRVExperimentalMLOps.td	blob	100644	ddd478881958b47e410ec2c308cb09d0864fb06c
mlir/include/mlir/Dialect/SPIRV/IR/SPIRVGLCanonicalization.h	blob	100644	1da39ec1493c398880452a3f04cfa89a6a899abe
mlir/include/mlir/Dialect/SPIRV/IR/SPIRVGLOps.td	blob	100644	34b49567deafe414ce32987b50b6df40e792910c
mlir/include/mlir/Dialect/SPIRV/IR/SPIRVGraphOps.td	blob	100644	b68a635253975c236071d5b41de92f0eb3c50546
mlir/include/mlir/Dialect/SPIRV/IR/SPIRVGroupOps.td	blob	100644	4cc7bb96cda88e5adf81d51b34293eca8de017fa
mlir/include/mlir/Dialect/SPIRV/IR/SPIRVImageOps.td	blob	100644	6d51d479f756232a1f5e2433f1210a848b2cdd2f
mlir/include/mlir/Dialect/SPIRV/IR/SPIRVIntegerDotProductOps.td	blob	100644	811d25d700960206c9cdfe5457bbd5244185fb69
mlir/include/mlir/Dialect/SPIRV/IR/SPIRVIntelExtOps.td	blob	100644	9d4d6a0785f1a2520170f27778cbc3b3593f3fa3
mlir/include/mlir/Dialect/SPIRV/IR/SPIRVLogicalOps.td	blob	100644	796d13c2f023e93491fa59567a3ad751a9c1686c
mlir/include/mlir/Dialect/SPIRV/IR/SPIRVMatrixOps.td	blob	100644	7e89a7fd16c5f1585c409573f87fb0c9a7125171
mlir/include/mlir/Dialect/SPIRV/IR/SPIRVMemoryOps.td	blob	100644	e13909e8eeeae9c93f52d9c289378083aceb878f
mlir/include/mlir/Dialect/SPIRV/IR/SPIRVMeshOps.td	blob	100755	a2e3d0509525fada52d6e5bb8df9dee7026b8977
mlir/include/mlir/Dialect/SPIRV/IR/SPIRVMiscOps.td	blob	100644	786dc23c2bdfe45b736962b11e12ea8d04ed59d1
mlir/include/mlir/Dialect/SPIRV/IR/SPIRVNonUniformOps.td	blob	100644	e473a8e0efb3c5862662a2ecec62324df146c578
mlir/include/mlir/Dialect/SPIRV/IR/SPIRVOpTraits.h	blob	100644	d0bbc1f7b6a00532f93fdf637ebe33db10476d62
mlir/include/mlir/Dialect/SPIRV/IR/SPIRVOps.h	blob	100644	34e2ff388bcea1b0bb759156a414d26b1769c040
mlir/include/mlir/Dialect/SPIRV/IR/SPIRVOps.td	blob	100644	14dc76aef57db6ee7e37e2231b7e6c03564ed5c0
mlir/include/mlir/Dialect/SPIRV/IR/SPIRVPrimitiveOps.td	blob	100755	c390ae52bb7e5b5b8f2f4480c960bedf62dca5b7
mlir/include/mlir/Dialect/SPIRV/IR/SPIRVStructureOps.td	blob	100644	43a0dbac17e6671fdab845536b6154429ef7beb2
mlir/include/mlir/Dialect/SPIRV/IR/SPIRVTosaOps.h	blob	100644	3d75bf1a6a659d760c75c7fbde7102d03783bb48
mlir/include/mlir/Dialect/SPIRV/IR/SPIRVTosaOps.td	blob	100644	bc3e55f9dfb428307d96749cefc382688fc5213c
mlir/include/mlir/Dialect/SPIRV/IR/SPIRVTosaTypes.td	blob	100644	777db957b4d197b1252184892e336ea7b22a55c1
mlir/include/mlir/Dialect/SPIRV/IR/SPIRVTypes.h	blob	100644	70060cfda5fde3b11b8fd37607891334d94f9eb3
mlir/include/mlir/Dialect/SPIRV/IR/TargetAndABI.h	blob	100644	6e302542bde35729ba7001b47ca393606000b9c1
mlir/include/mlir/Dialect/SPIRV/Interfaces/CMakeLists.txt	blob	100644	3343882039d84f603e0b20496fc985403402d242
mlir/include/mlir/Dialect/SPIRV/Interfaces/SPIRVImageInterfaces.h	blob	100644	0c70d4fafd24682fc85e29239c8affa7deca9781
mlir/include/mlir/Dialect/SPIRV/Interfaces/SPIRVImageInterfaces.td	blob	100644	fbb77a7ed2d68acd27d6e8ee4dc861472b69e65c
mlir/include/mlir/Dialect/SPIRV/Linking/ModuleCombiner.h	blob	100644	33f26c159501126f7c038c40daf68c1eeebabd44
mlir/include/mlir/Dialect/SPIRV/Transforms/CMakeLists.txt	blob	100644	a3eb69764a4cd8a039656cc80250afd1d9684f0d
mlir/include/mlir/Dialect/SPIRV/Transforms/Passes.h	blob	100644	f9636c3f0a6017dc5b2414f05c8f1904636d7a59
mlir/include/mlir/Dialect/SPIRV/Transforms/Passes.td	blob	100644	0651911e537ec0699ded335e4471d0f046d2b089
mlir/include/mlir/Dialect/SPIRV/Transforms/SPIRVConversion.h	blob	100644	03ae54a8ae30ab940d27f3861c9af89de0d03e17
mlir/include/mlir/Dialect/SPIRV/Transforms/SPIRVWebGPUTransforms.h	blob	100644	d0fc85ccc9de494f125325e0a4ea827f6e38447b
mlir/include/mlir/Dialect/SPIRV/Utils/LayoutUtils.h	blob	100644	72683d50d741177acc28203ea984d0043a7b36dd
mlir/include/mlir/Dialect/Shape/Analysis/ShapeMappingAnalysis.h	blob	100644	25befa359085618096c9b45835e3239441b3d7db
mlir/include/mlir/Dialect/Shape/CMakeLists.txt	blob	100644	9f57627c321fb0c74b3e4a404e3c36bd435f64a7
mlir/include/mlir/Dialect/Shape/IR/CMakeLists.txt	blob	100644	1a4729aa7ab92629b86ca3ba56847633cfbdebb7
mlir/include/mlir/Dialect/Shape/IR/Shape.h	blob	100644	1f75f9411d37b562bc1839e721d25c6e7dedd3a2
mlir/include/mlir/Dialect/Shape/IR/ShapeBase.td	blob	100644	9c0257954d3e877bc3570603e1f0a6017e161492
mlir/include/mlir/Dialect/Shape/IR/ShapeOps.td	blob	100644	fc9f498fdb8052d88996378026a0596e019d590b
mlir/include/mlir/Dialect/Shape/Transforms/BufferizableOpInterfaceImpl.h	blob	100644	bd898699de80051fb3366d494b4ab0a83d7dc03d
mlir/include/mlir/Dialect/Shape/Transforms/CMakeLists.txt	blob	100644	5f006d9cb34cab637b0d353e76f348c0b007be9b
mlir/include/mlir/Dialect/Shape/Transforms/Passes.h	blob	100644	6312a655290a22fc5bf5bc019fb92f16f48cfe15
mlir/include/mlir/Dialect/Shape/Transforms/Passes.td	blob	100644	0b8c465fdcbbe13a431e8b0b0be2cc5a56475862
mlir/include/mlir/Dialect/Shard/CMakeLists.txt	blob	100644	fa8842fb04fd721870a7c5be0ccd804087b10814
mlir/include/mlir/Dialect/Shard/IR/CMakeLists.txt	blob	100644	4432e01b069ad634438750c46c22ed1f01b3a88b
mlir/include/mlir/Dialect/Shard/IR/ShardBase.td	blob	100644	41ae31807c825529b622ad5a2ef9cfe0b3861d95
mlir/include/mlir/Dialect/Shard/IR/ShardDialect.h	blob	100644	4113a668d4b76b856bb6a18c7dbe0fb5f2e14396
mlir/include/mlir/Dialect/Shard/IR/ShardOps.h	blob	100644	e4ba0293d398f5117a2e1908601b27d64f0f17de
mlir/include/mlir/Dialect/Shard/IR/ShardOps.td	blob	100644	60f6d6fc1ffe4c80f9e73eb6ff18775a314f7fa6
mlir/include/mlir/Dialect/Shard/Interfaces/CMakeLists.txt	blob	100644	29ce6e40e32cac9240ed8ea391ccfc4ff1b2c8ea
mlir/include/mlir/Dialect/Shard/Interfaces/ShardingInterface.h	blob	100644	46f6ed410ebed417ab8c75b8ad6a5041ab0755d5
mlir/include/mlir/Dialect/Shard/Interfaces/ShardingInterface.td	blob	100644	8f5332b41ca726e589526e6da38a2d585abc27a4
mlir/include/mlir/Dialect/Shard/Interfaces/ShardingInterfaceImpl.h	blob	100644	d34ba79257ff8037ac1ece3e354d8e3c342caf9c
mlir/include/mlir/Dialect/Shard/Transforms/CMakeLists.txt	blob	100644	dec7d63c01974efc19aaad329d35ce55f9ed4d89
mlir/include/mlir/Dialect/Shard/Transforms/Partition.h	blob	100644	ba12002b9f1eb2ea0bb23859f97e5e4d06e700db
mlir/include/mlir/Dialect/Shard/Transforms/Passes.h	blob	100644	88bb460255728750452acea1382a247a053ad384
mlir/include/mlir/Dialect/Shard/Transforms/Passes.td	blob	100644	575c176217e61ed1a09cc3b761e09c78fa991f72
mlir/include/mlir/Dialect/Shard/Transforms/ReshardingPartitionDoc.md	blob	100644	cf5ae12b54b2cb741cfc4abe0d982ca085110f56
mlir/include/mlir/Dialect/Shard/Transforms/Simplify.h	blob	100644	f3f4feffd8a714fbac378602d2fbd47ae5be12d2
mlir/include/mlir/Dialect/Shard/Transforms/Transforms.h	blob	100644	1ddd1985389bcbb39f0af107ad1f53c93c4b4748
mlir/include/mlir/Dialect/SparseTensor/CMakeLists.txt	blob	100644	660deb21479d297fc1097f1b7d7032f907a1bc94
mlir/include/mlir/Dialect/SparseTensor/IR/CMakeLists.txt	blob	100644	12048b494cf430c2fd6696c32d439720f4b4d6ed
mlir/include/mlir/Dialect/SparseTensor/IR/Enums.h	blob	100644	96ee7111fea2cf2500c358b9ce63a0404c3e1427
mlir/include/mlir/Dialect/SparseTensor/IR/SparseTensor.h	blob	100644	43e48a6d34026ea035399957eccf54212bed2b27
mlir/include/mlir/Dialect/SparseTensor/IR/SparseTensorAttrDefs.td	blob	100644	b13a9928ae29d49b66cda42d6d254b1de5e69841
mlir/include/mlir/Dialect/SparseTensor/IR/SparseTensorBase.td	blob	100644	74e6783e260faf9bed998f29d0aa672935cdb919
mlir/include/mlir/Dialect/SparseTensor/IR/SparseTensorInterfaces.h	blob	100644	c0f31762ee071f92be7a28ccbe9aac5a88e7534e
mlir/include/mlir/Dialect/SparseTensor/IR/SparseTensorInterfaces.td	blob	100644	5c07e813ac49a67eddae1488e9a28a3d1dd8caac
mlir/include/mlir/Dialect/SparseTensor/IR/SparseTensorOps.td	blob	100644	d4901645c51d12c9fde08243b23c508421626d24
mlir/include/mlir/Dialect/SparseTensor/IR/SparseTensorStorageLayout.h	blob	100644	7aa9cb6119434ba141f256099ec136277e1f1623
mlir/include/mlir/Dialect/SparseTensor/IR/SparseTensorType.h	blob	100644	a6d904df78f0d370af83f6e847686a3236efe576
mlir/include/mlir/Dialect/SparseTensor/IR/SparseTensorTypes.td	blob	100644	79113d8778743c70f22983f94c478df76c7059ad
mlir/include/mlir/Dialect/SparseTensor/Pipelines/Passes.h	blob	100644	6bb46299738d5f4ea0bdd610e4054358a70dd67d
mlir/include/mlir/Dialect/SparseTensor/TransformOps/CMakeLists.txt	blob	100644	9871d7b03b80ec6a0ff3aad6f62e6cd434e51da1
mlir/include/mlir/Dialect/SparseTensor/TransformOps/SparseTensorTransformOps.h	blob	100644	8c31249090528fc7f167fe554834f345d86c5cdc
mlir/include/mlir/Dialect/SparseTensor/TransformOps/SparseTensorTransformOps.td	blob	100644	44eac878394b86ea0b9f76876b2f3f0db97241d8
mlir/include/mlir/Dialect/SparseTensor/Transforms/BufferizableOpInterfaceImpl.h	blob	100644	81ff534c18478de1c117bb9d63c8fdec6fc9d8db
mlir/include/mlir/Dialect/SparseTensor/Transforms/CMakeLists.txt	blob	100644	b7dc667f726e2b998e74d9a655fc2f9145884038
mlir/include/mlir/Dialect/SparseTensor/Transforms/Passes.h	blob	100644	40b37dc05e92e6553ccc21812b6013849743c49a
mlir/include/mlir/Dialect/SparseTensor/Transforms/Passes.td	blob	100644	b9cb492db9d22cf73ae16e90011da7ef0f013ebb
mlir/include/mlir/Dialect/SparseTensor/Utils/Merger.h	blob	100644	b8d278152dc05a60ba968c74846b30b0517505e4
mlir/include/mlir/Dialect/Tensor/CMakeLists.txt	blob	100644	cb1e9d01821a2cf352b79c28c44da4ddd33dd3e9
mlir/include/mlir/Dialect/Tensor/Extensions/AllExtensions.h	blob	100644	db0afa858b1fa0fd9ec654711f385d53821270fb
mlir/include/mlir/Dialect/Tensor/Extensions/ShardingExtensions.h	blob	100644	895e7e5939935ee7a1d232d8f36b4b52d8801a50
mlir/include/mlir/Dialect/Tensor/IR/CMakeLists.txt	blob	100644	cd14fe5c0456118188e41a5337a3db7423832545
mlir/include/mlir/Dialect/Tensor/IR/Tensor.h	blob	100644	e8e1342ef36fde00df079e152a51d8158e61f382
mlir/include/mlir/Dialect/Tensor/IR/TensorBase.td	blob	100644	9d0add92737f3c63d04e57d5e5e3f48a69fb5a4d
mlir/include/mlir/Dialect/Tensor/IR/TensorInferTypeOpInterfaceImpl.h	blob	100644	f806a5db45a98a3b1afd127c1058068572d1c1db
mlir/include/mlir/Dialect/Tensor/IR/TensorOps.td	blob	100644	c9b858519a592b95963e7035c2c95aa067437bfa
mlir/include/mlir/Dialect/Tensor/IR/TensorTilingInterfaceImpl.h	blob	100644	7228a5a297ad8188d1a0bff803e5097d43a395d9
mlir/include/mlir/Dialect/Tensor/IR/ValueBoundsOpInterfaceImpl.h	blob	100644	a75ee9df3217d0729b3d50e21a82cf67fb01e120
mlir/include/mlir/Dialect/Tensor/TransformOps/CMakeLists.txt	blob	100644	f68709ac2fa9247780da1294bd157a5b570118eb
mlir/include/mlir/Dialect/Tensor/TransformOps/TensorTransformOps.h	blob	100644	4fb777df340960a8a273cd3e8bf03f4d957436aa
mlir/include/mlir/Dialect/Tensor/TransformOps/TensorTransformOps.td	blob	100644	9f6387d985f77a4d2d01a31968fb855825eca649
mlir/include/mlir/Dialect/Tensor/Transforms/BufferizableOpInterfaceImpl.h	blob	100644	298c2259c1fab8072d74e0d2940d557e18672871
mlir/include/mlir/Dialect/Tensor/Transforms/CMakeLists.txt	blob	100644	e07a98f72d19265834c656e20c3b04eee53a2543
mlir/include/mlir/Dialect/Tensor/Transforms/Passes.h	blob	100644	c13294635610a09d4417ed4a53fd1938f0614b19
mlir/include/mlir/Dialect/Tensor/Transforms/Passes.td	blob	100644	4dc5ab91b4a41a910e1b4314acaad1c39cd719ff
mlir/include/mlir/Dialect/Tensor/Transforms/RuntimeOpVerification.h	blob	100644	812c4dd6d2cb705c2298627a6980543a3fb96bb9
mlir/include/mlir/Dialect/Tensor/Transforms/SubsetInsertionOpInterfaceImpl.h	blob	100644	019da189a8c991b933093f26a9a79b94701e0db6
mlir/include/mlir/Dialect/Tensor/Transforms/TransformUtils.h	blob	100644	040b2a5d413449cca523aa607a22405a3a37f615
mlir/include/mlir/Dialect/Tensor/Transforms/Transforms.h	blob	100644	341b3b1dc3472e597915173ba249579cb17e789b
mlir/include/mlir/Dialect/Tensor/Utils/Utils.h	blob	100644	da4c4ffb6d1bcd7f9470ca43855adc97b2d4b56b
mlir/include/mlir/Dialect/Tosa/CMakeLists.txt	blob	100644	9f57627c321fb0c74b3e4a404e3c36bd435f64a7
mlir/include/mlir/Dialect/Tosa/IR/CMakeLists.txt	blob	100644	c9300bfe42d9b3473a7c7b5d8c4c34efae0d92b9
mlir/include/mlir/Dialect/Tosa/IR/ShardingInterfaceImpl.h	blob	100644	16427919dace5da39c3e707b480d867646686792
mlir/include/mlir/Dialect/Tosa/IR/TargetEnv.h	blob	100644	704c02596d6e9c6b3775f4538272fa941ddd9cf2
mlir/include/mlir/Dialect/Tosa/IR/TosaComplianceData.h.inc	blob	100644	628f68924e007b5eb3e98fb3b8efa5c28ce37b6c
mlir/include/mlir/Dialect/Tosa/IR/TosaDialectBytecode.td	blob	100644	258841a312c62ca12735cd79d4085ab6907e07e9
mlir/include/mlir/Dialect/Tosa/IR/TosaInterfaces.td	blob	100644	5dfa1e681161d9b716113e448a64e06ff869bd4b
mlir/include/mlir/Dialect/Tosa/IR/TosaOpBase.td	blob	100644	63acbb09b7a04acf0315d2fb3d5bb2336e60dc3c
mlir/include/mlir/Dialect/Tosa/IR/TosaOps.h	blob	100644	db16c74e659cc0bff506b2d22d9b8f4c628b2eb3
mlir/include/mlir/Dialect/Tosa/IR/TosaOps.td	blob	100644	2d5ab85f6bfc906afd6c2b2c6a7fdc30b78a62d8
mlir/include/mlir/Dialect/Tosa/IR/TosaProfileCompliance.h	blob	100644	faff61c58a61207e1351dfd1f9c58d1f48412cd5
mlir/include/mlir/Dialect/Tosa/IR/TosaShapeOps.td	blob	100644	1bbfdc5776f2e9510c89791ced7401dac07cf5d1
mlir/include/mlir/Dialect/Tosa/IR/TosaTypesBase.td	blob	100644	b5701853aaf6834c1dbb0428dd769854c238419c
mlir/include/mlir/Dialect/Tosa/IR/TosaUtilOps.td	blob	100644	4c71089c50fbaf1217c4d988e88ff719be450d0d
mlir/include/mlir/Dialect/Tosa/Transforms/CMakeLists.txt	blob	100644	7913a1e30d2e042bac50953b6bcf3cb28dc18e5c
mlir/include/mlir/Dialect/Tosa/Transforms/Passes.h	blob	100644	e33d7c698856ce9b3c41619149f18e199a02172b
mlir/include/mlir/Dialect/Tosa/Transforms/Passes.td	blob	100644	005cbfab782df1bad512edff1f4566368456aaa2
mlir/include/mlir/Dialect/Tosa/Utils/ConversionUtils.h	blob	100644	df4dabc2afda81f8254240a3437758c6c9a8c5c7
mlir/include/mlir/Dialect/Tosa/Utils/QuantUtils.h	blob	100644	e9ad7869422c45c1850f9606f2f195a876afb9e8
mlir/include/mlir/Dialect/Tosa/Utils/ShapeUtils.h	blob	100644	bdacb98710d33ebd480ea7e14271390c29d95112
mlir/include/mlir/Dialect/Traits.h	blob	100644	b8764bbac0d7de90639ec3528f977a7f0fa0d561
mlir/include/mlir/Dialect/Transform/CMakeLists.txt	blob	100644	eb91ceccd4ef2af683a41303d73679ac3cd18ca0
mlir/include/mlir/Dialect/Transform/DebugExtension/CMakeLists.txt	blob	100644	5fe28dd84c03d93eb1e77d65e160d05fde9cc359
mlir/include/mlir/Dialect/Transform/DebugExtension/DebugExtension.h	blob	100644	5052f763335e83e8dbe6864d2359a13c88c7653d
mlir/include/mlir/Dialect/Transform/DebugExtension/DebugExtensionOps.h	blob	100644	ea541c9515b8328e7ea65575f578df69bdf7f6a6
mlir/include/mlir/Dialect/Transform/DebugExtension/DebugExtensionOps.td	blob	100644	4a6898e36d3438f12c9fab02bfe181b74496147e
mlir/include/mlir/Dialect/Transform/IR/CMakeLists.txt	blob	100644	7ec923bfa4a0e6c64a82708e4196ed06e26e80bb
mlir/include/mlir/Dialect/Transform/IR/TransformAttrs.h	blob	100644	379af932ca48474066455ec1997bb0134b7e04d5
mlir/include/mlir/Dialect/Transform/IR/TransformAttrs.td	blob	100644	e67a9444c24a8b0f949bd6f96761362f93cd44b0
mlir/include/mlir/Dialect/Transform/IR/TransformDialect.h	blob	100644	8fe94ebcf658fba9b8494feeae03962973133d1e
mlir/include/mlir/Dialect/Transform/IR/TransformDialect.td	blob	100644	ce0ad30ad2c8c37ec58503114f47357c1d1ac5ba
mlir/include/mlir/Dialect/Transform/IR/TransformOps.h	blob	100644	88185a07966d755485bf4b64ade27f37967fbfe5
mlir/include/mlir/Dialect/Transform/IR/TransformOps.td	blob	100644	2daa2ad655e343dee8327b721b3a896244bd5b22
mlir/include/mlir/Dialect/Transform/IR/TransformTypes.h	blob	100644	a0d54253c80d73fd2c898e8ade4c531147d3bc8b
mlir/include/mlir/Dialect/Transform/IR/TransformTypes.td	blob	100644	ac3e8c21ffb817358fa02987ae532b717141c315
mlir/include/mlir/Dialect/Transform/IR/Utils.h	blob	100644	5a878b33c946cf94e19b53d1431d93764d4760ca
mlir/include/mlir/Dialect/Transform/IRDLExtension/CMakeLists.txt	blob	100644	d4d581505a7977fdfda6561e518bbebb7b4b1c32
mlir/include/mlir/Dialect/Transform/IRDLExtension/IRDLExtension.h	blob	100644	19684e1ed4446840afa76477231d0123cbc3cdee
mlir/include/mlir/Dialect/Transform/IRDLExtension/IRDLExtensionOps.h	blob	100644	7e1d5cad1fbd8855921770eb5a3c466f366dbff3
mlir/include/mlir/Dialect/Transform/IRDLExtension/IRDLExtensionOps.td	blob	100644	6ca624aeda12c7fd878d1b74148bfcef889300df
mlir/include/mlir/Dialect/Transform/Interfaces/CMakeLists.txt	blob	100644	75e174941160b497874d22bc55275c48bcac6082
mlir/include/mlir/Dialect/Transform/Interfaces/MatchInterfaces.h	blob	100644	43abfbd6c070ac118f3a0c32e1ac9b022a238b82
mlir/include/mlir/Dialect/Transform/Interfaces/MatchInterfaces.td	blob	100644	56d2ac64859976ded6823d080fb4735bc2198c53
mlir/include/mlir/Dialect/Transform/Interfaces/TransformInterfaces.h	blob	100644	baf7d01e6811c230fccac91cde9d114fe8109a8b
mlir/include/mlir/Dialect/Transform/Interfaces/TransformInterfaces.td	blob	100644	61c673d173b71d7c75fd7b90a68ede4c7a587acf
mlir/include/mlir/Dialect/Transform/LoopExtension/CMakeLists.txt	blob	100644	8d6384c236261de006c8f472a978ff8790d0520f
mlir/include/mlir/Dialect/Transform/LoopExtension/LoopExtension.h	blob	100644	b62e6193d97affcf83dd41bfafd9386f76544920
mlir/include/mlir/Dialect/Transform/LoopExtension/LoopExtensionOps.h	blob	100644	f3f696bb0b9c6980cb5211182a3eda8a5503a81b
mlir/include/mlir/Dialect/Transform/LoopExtension/LoopExtensionOps.td	blob	100644	885b55811e62ce304ef4b03223da9974342dfd33
mlir/include/mlir/Dialect/Transform/PDLExtension/CMakeLists.txt	blob	100644	1a4fb937ddb94837e3205dadcb58f89bd568a8d0
mlir/include/mlir/Dialect/Transform/PDLExtension/PDLExtension.h	blob	100644	bf5a105bc9f29b05cacf54f2b9f535be8289abcb
mlir/include/mlir/Dialect/Transform/PDLExtension/PDLExtensionOps.h	blob	100644	7f52e00ec30b642845cb9afafb33312c0fdd0714
mlir/include/mlir/Dialect/Transform/PDLExtension/PDLExtensionOps.td	blob	100644	4c4d230d2ae4bf2909f4024d2c8b6ca0b2e39a6b
mlir/include/mlir/Dialect/Transform/SMTExtension/CMakeLists.txt	blob	100644	55e7c19fc3f146724ff4ed044e7bef1f44170aa2
mlir/include/mlir/Dialect/Transform/SMTExtension/SMTExtension.h	blob	100644	7079873cec0483717d9a2abcd0e328e296adcb63
mlir/include/mlir/Dialect/Transform/SMTExtension/SMTExtensionOps.h	blob	100644	f6353a995d7479a4bbf94d0e6e7d8db060e375a6
mlir/include/mlir/Dialect/Transform/SMTExtension/SMTExtensionOps.td	blob	100644	9d9783aa66ed92d875026859fa57c28de39ee081
mlir/include/mlir/Dialect/Transform/Transforms/CMakeLists.txt	blob	100644	057a9cefefff207e11f31aced593a5bcc380bdea
mlir/include/mlir/Dialect/Transform/Transforms/Passes.h	blob	100644	74e37d58074ce619fd182a5d71ae7f02356bd7f6
mlir/include/mlir/Dialect/Transform/Transforms/Passes.td	blob	100644	86a2b3c21faf0d5882fb66ac96d46002d4b34545
mlir/include/mlir/Dialect/Transform/Transforms/TransformInterpreterUtils.h	blob	100644	e78cf770d4a6695a4ff7e24e4d8b9cfcf154a599
mlir/include/mlir/Dialect/Transform/TuneExtension/CMakeLists.txt	blob	100644	72732251226ae485fcde02169eea8842397e61b9
mlir/include/mlir/Dialect/Transform/TuneExtension/TuneExtension.h	blob	100644	1453d1754297f72c1a160f88d34d4830adf42640
mlir/include/mlir/Dialect/Transform/TuneExtension/TuneExtensionOps.h	blob	100644	ba112597906763e840cf58dc926ed717e19ffa09
mlir/include/mlir/Dialect/Transform/TuneExtension/TuneExtensionOps.td	blob	100644	eeb32486433e1617d412a40e55ee680aac3b6fa1
mlir/include/mlir/Dialect/Transform/Utils/DiagnosedSilenceableFailure.h	blob	100644	fcf422a0b6aa3473a7e555cd8e098014f4bb0bed
mlir/include/mlir/Dialect/Transform/Utils/RaggedArray.h	blob	100644	3d4083bdd073e44835899f21a49023052378a6e6
mlir/include/mlir/Dialect/Transform/Utils/Utils.h	blob	100644	be31f5beea8cb4c55dc1ac19f657b3f2079df551
mlir/include/mlir/Dialect/UB/CMakeLists.txt	blob	100644	f33061b2d87cffc48b072763eb55d349e9070aba
mlir/include/mlir/Dialect/UB/IR/CMakeLists.txt	blob	100644	bb63a78567d9a3b8c923900d10230258a442dbe8
mlir/include/mlir/Dialect/UB/IR/UBMatchers.h	blob	100644	9dc29ac37691c81e28d2d1125dc9b4f5626924f4
mlir/include/mlir/Dialect/UB/IR/UBOps.h	blob	100644	21de5cb0c182adef9da9da1131517ad59166fe8b
mlir/include/mlir/Dialect/UB/IR/UBOps.td	blob	100644	1bff39add691e8f38bfd740f198523b1465414cd
mlir/include/mlir/Dialect/UB/IR/UBOpsInterfaces.td	blob	100644	28005061f9efdf05f777fd5fe50214a63813b1cc
mlir/include/mlir/Dialect/Utils/CMakeLists.txt	blob	100644	0945d7d3d8e7b348cadb3b0543ff381efe9db19a
mlir/include/mlir/Dialect/Utils/IndexingUtils.h	blob	100644	ae29a00d851eebe7845b1c9c6d49fd6ae4a468a6
mlir/include/mlir/Dialect/Utils/ReshapeOpsUtils.h	blob	100644	2e8c0e269995edc92ef24ca037dfab0380bdb731
mlir/include/mlir/Dialect/Utils/StaticValueUtils.h	blob	100644	511e9c5c2c76a0e892710ab7f548e74845aaa0de
mlir/include/mlir/Dialect/Utils/StructuredOpsUtils.h	blob	100644	929a2a7d396496b439983bbdc8aa082682888ab0
mlir/include/mlir/Dialect/Utils/StructuredOpsUtils.td	blob	100644	4200343ce3e132603eb05d97ea139aca7a26dac3
mlir/include/mlir/Dialect/Utils/VerificationUtils.h	blob	100644	b0f4102d15d62bcb421c79bcd9fd4fcef3582063
mlir/include/mlir/Dialect/Vector/CMakeLists.txt	blob	100644	f2f2fa4c092bfbbc9315d0d549e1f017de37d6fd
mlir/include/mlir/Dialect/Vector/IR/CMakeLists.txt	blob	100644	ede818b9b34969ebe46e13ce7005885c2563a8ee
mlir/include/mlir/Dialect/Vector/IR/ScalableValueBoundsConstraintSet.h	blob	100644	b32f4a777b90adb3e1df0fb4f96c3c1ebc834998
mlir/include/mlir/Dialect/Vector/IR/ValueBoundsOpInterfaceImpl.h	blob	100644	4794bc9016c6f949190bea39386a8c3f24b5f2fb
mlir/include/mlir/Dialect/Vector/IR/Vector.td	blob	100644	5125ae7c13717812e8bb26f1633507345b791a17
mlir/include/mlir/Dialect/Vector/IR/VectorAttributes.td	blob	100644	bcf53dafbce9bb6e484ada28663468a73282a18b
mlir/include/mlir/Dialect/Vector/IR/VectorOps.h	blob	100644	1a7d37d989f5aa1f775533ee6838fbdcf060e81f
mlir/include/mlir/Dialect/Vector/IR/VectorOps.td	blob	100644	24fdb4f0bb2587e6d520c26b66d84106d1d98f7d
mlir/include/mlir/Dialect/Vector/Interfaces/CMakeLists.txt	blob	100644	e97cb88e0a1e121de03369f7558edada6a398207
mlir/include/mlir/Dialect/Vector/Interfaces/MaskableOpInterface.h	blob	100644	01c968570b93dab445a2f2ddb2d322162c8fb824
mlir/include/mlir/Dialect/Vector/Interfaces/MaskableOpInterface.td	blob	100644	184ca68d24b6075b7d2a85d1302c8a3fcedd23f2
mlir/include/mlir/Dialect/Vector/Interfaces/MaskingOpInterface.h	blob	100644	5eb613a6024c376c1132981cd966ed2fc82cdf30
mlir/include/mlir/Dialect/Vector/Interfaces/MaskingOpInterface.td	blob	100644	6840f0af105fd18340ebadf5afcd64629ee57109
mlir/include/mlir/Dialect/Vector/TransformOps/CMakeLists.txt	blob	100644	8a90d2738f8fa3f79f4a54b93387d80f99d8a8ed
mlir/include/mlir/Dialect/Vector/TransformOps/VectorTransformOps.h	blob	100644	c43a8a0b02c67e20ff9bf4c59a69e751dfd32a9a
mlir/include/mlir/Dialect/Vector/TransformOps/VectorTransformOps.td	blob	100644	da3489e60415554de2f4f9fef550bf5c828bf495
mlir/include/mlir/Dialect/Vector/Transforms/BufferizableOpInterfaceImpl.h	blob	100644	bd1a7f3aa102e44108b0415f1db348129cfd8a8f
mlir/include/mlir/Dialect/Vector/Transforms/CMakeLists.txt	blob	100644	52e374188072534f3a3877d005be9637f3004e54
mlir/include/mlir/Dialect/Vector/Transforms/IndexedAccessOpInterfaceImpl.h	blob	100644	57fe661ad81f060726ecc900ff256b262879745e
mlir/include/mlir/Dialect/Vector/Transforms/LoweringPatterns.h	blob	100644	556979ad3e9be0bd8415bdce8a24c4debd2a6220
mlir/include/mlir/Dialect/Vector/Transforms/Passes.h	blob	100644	959c2fbf31f1a921b180e66da7e610ef617d0b3e
mlir/include/mlir/Dialect/Vector/Transforms/Passes.td	blob	100644	9431a4d8e240f76e7ceb1576b3d245a9264707f0
mlir/include/mlir/Dialect/Vector/Transforms/SubsetOpInterfaceImpl.h	blob	100644	74bde485fa17a990d50ff52533ba71c1e1c8d111
mlir/include/mlir/Dialect/Vector/Transforms/VectorDistribution.h	blob	100644	18dc72219ff9ffb6fdcbd80f323f6fc70340d7db
mlir/include/mlir/Dialect/Vector/Transforms/VectorRewritePatterns.h	blob	100644	6363279f6826bac65cb703b6d615f177da26c2c4
mlir/include/mlir/Dialect/Vector/Transforms/VectorTransforms.h	blob	100644	e815e026305fab4cee5a0a0ff5b79f030b40f670
mlir/include/mlir/Dialect/Vector/Transforms/VectorTransformsBase.td	blob	100644	34febf2c4ff4b193caef1f7510269f7ccce21ab5
mlir/include/mlir/Dialect/Vector/Utils/VectorUtils.h	blob	100644	edfbbf4ba6da05d9e0f067dad18828d5e1df5040
mlir/include/mlir/Dialect/WasmSSA/CMakeLists.txt	blob	100644	f33061b2d87cffc48b072763eb55d349e9070aba
mlir/include/mlir/Dialect/WasmSSA/IR/CMakeLists.txt	blob	100644	98f8966e85862c82529362c27111219b5e01be07
mlir/include/mlir/Dialect/WasmSSA/IR/WasmSSA.h	blob	100644	64d480c065b790e0368692468c401d3a1e9ec18e
mlir/include/mlir/Dialect/WasmSSA/IR/WasmSSABase.td	blob	100644	f2777a7b155eddc5ebd36611ed2c3750aa5be975
mlir/include/mlir/Dialect/WasmSSA/IR/WasmSSAInterfaces.h	blob	100644	d8948317477d0b98247d2e95b14a559bcbb1062d
mlir/include/mlir/Dialect/WasmSSA/IR/WasmSSAInterfaces.td	blob	100644	db4cf2d6f72b6b5dba06b862624e45aacad4f3dd
mlir/include/mlir/Dialect/WasmSSA/IR/WasmSSAOps.td	blob	100644	c206ea8c055835104e229edff7ae8be1a222bdbc
mlir/include/mlir/Dialect/WasmSSA/IR/WasmSSATypes.td	blob	100644	4d78836cce75e2c5979eef74e7b38f42d81bbdef
mlir/include/mlir/Dialect/X86/CMakeLists.txt	blob	100644	190573e043b1731ab4c2098ad76fa81e2347e9f1
mlir/include/mlir/Dialect/X86/TransformOps/CMakeLists.txt	blob	100644	d21bc07060d777096e1b300f32b7ba58f99f8d51
mlir/include/mlir/Dialect/X86/TransformOps/X86TransformOps.h	blob	100644	4d0031f6cf6910a2296e38488e36692d3dc180bc
mlir/include/mlir/Dialect/X86/TransformOps/X86TransformOps.td	blob	100644	48aabf90914e24aa9a137d72ee6bc1ea7e0a49d6
mlir/include/mlir/Dialect/X86/Transforms.h	blob	100644	8bcaf9a67feb0e8146a528fd196cb44354c52666
mlir/include/mlir/Dialect/X86/Utils/X86Utils.h	blob	100644	3e8b33f712b3567744b5cea9cd61d700a32e5aef
mlir/include/mlir/Dialect/X86/X86.td	blob	100644	a152b5e7ae6dba25ff46cf0e80629be084eb9245
mlir/include/mlir/Dialect/X86/X86Dialect.h	blob	100644	6b1358b31e666defe6fc19821e94bcab86ef6486
mlir/include/mlir/Dialect/X86/X86Interfaces.td	blob	100644	7570e742103dd463c12e672406d70d050ab1e6f9
mlir/include/mlir/Dialect/XeGPU/CMakeLists.txt	blob	100644	cb1e9d01821a2cf352b79c28c44da4ddd33dd3e9
mlir/include/mlir/Dialect/XeGPU/IR/CMakeLists.txt	blob	100644	b10219f71b531487209e657894ce5281cb3b51e7
mlir/include/mlir/Dialect/XeGPU/IR/XeGPU.h	blob	100644	f85dde0b98c8eb32366c7863788564de3f3d3979
mlir/include/mlir/Dialect/XeGPU/IR/XeGPU.td	blob	100644	232e962870716c63d2ef47bb562f2ec15172b7cc
mlir/include/mlir/Dialect/XeGPU/IR/XeGPUAttrs.td	blob	100644	2b977fc4185535e2c9175c7a4d914d577ae68f94
mlir/include/mlir/Dialect/XeGPU/IR/XeGPUDialect.td	blob	100644	b1490c7742a2693b8d818dc699817d48ec3180d0
mlir/include/mlir/Dialect/XeGPU/IR/XeGPUOps.td	blob	100644	49b98922cee4cab98bcc6efea36e9c47737f7bd3
mlir/include/mlir/Dialect/XeGPU/IR/XeGPUTypes.td	blob	100644	ec0e083aa207cdd2611bb75347982fef7cd05b7c
mlir/include/mlir/Dialect/XeGPU/TransformOps/CMakeLists.txt	blob	100644	318d0d9c8c86acd232b67b39589fd6c0d975db5a
mlir/include/mlir/Dialect/XeGPU/TransformOps/XeGPUTransformOps.h	blob	100644	3e16d1e4a7c94a84a4f75203040d13e44d00e50c
mlir/include/mlir/Dialect/XeGPU/TransformOps/XeGPUTransformOps.td	blob	100644	40b9136874e7cb00022809af422e797f941ca460
mlir/include/mlir/Dialect/XeGPU/Transforms/CMakeLists.txt	blob	100644	0f4b8d8d55ccc9d572b2372a7b7dd738c0ac0970
mlir/include/mlir/Dialect/XeGPU/Transforms/Passes.h	blob	100644	bf55bde4b25b1f43f08021c49969247acc9f373e
mlir/include/mlir/Dialect/XeGPU/Transforms/Passes.td	blob	100644	90aa15f75f55f8f22c5842ba588233b6d1d632f0
mlir/include/mlir/Dialect/XeGPU/Transforms/Transforms.h	blob	100644	388bd6145df21e34d0863493f03bfaa0eeebf00f
mlir/include/mlir/Dialect/XeGPU/Transforms/XeGPULayoutImpl.h	blob	100644	defc389006af5253894727846931fab37b7e38ed
mlir/include/mlir/Dialect/XeGPU/Utils/XeGPUUtils.h	blob	100644	0125dfc44196b66d92fc56ec7bd960c37644d75a
mlir/include/mlir/Dialect/XeGPU/uArch/IntelGpuXe2.h	blob	100644	ae042e71e362f269442c3c119953c9fca335c7e3
mlir/include/mlir/Dialect/XeGPU/uArch/IntelGpuXe3.h	blob	100644	6cd777519d950e4d6e4367c2eb7fce0bda544f6e
mlir/include/mlir/Dialect/XeGPU/uArch/uArchBase.h	blob	100644	e1879bb3ffe1c2790e3f9985f0778a6b98025a50
mlir/include/mlir/Dialect/XeGPU/uArch/uArchCommon.h	blob	100644	82cfb5538f23fee66f74d4800d4457c0eb150f4e
mlir/include/mlir/ExecutionEngine/AsyncRuntime.h	blob	100644	063381ba5d67c7fa5b5de6d73eac279891087947
mlir/include/mlir/ExecutionEngine/CRunnerUtils.h	blob	100644	812f719e723eb38b8fc2cfd7d2cdea0b5e6fd5c1
mlir/include/mlir/ExecutionEngine/ExecutionEngine.h	blob	100644	5bd71d68d253a19933200ce93dc20bd458739208
mlir/include/mlir/ExecutionEngine/Float16bits.h	blob	100644	ad409841b2a927a47ff0e6120c4ce6e97e7de807
mlir/include/mlir/ExecutionEngine/JitRunner.h	blob	100644	b4210f6a34020c27ed7829f31c44c733d3941363
mlir/include/mlir/ExecutionEngine/MemRefUtils.h	blob	100644	e9471731afe1396311b5252af6a44466ed27c4a4
mlir/include/mlir/ExecutionEngine/Msan.h	blob	100644	ee94660ae650c769f7539cc6f0e7833e372282af
mlir/include/mlir/ExecutionEngine/OptUtils.h	blob	100644	4cee8c6d60ff11ee044190814148e66ed5167b73
mlir/include/mlir/ExecutionEngine/RunnerUtils.h	blob	100644	9a748370c36e392ca75c13073bd3db57d4587fcd
mlir/include/mlir/ExecutionEngine/SparseTensor/ArithmeticUtils.h	blob	100644	32b7d6ef1f668c318c96023ac84571d4ac179a20
mlir/include/mlir/ExecutionEngine/SparseTensor/COO.h	blob	100644	721e9bc69adac2022f82997cf765e5cb2427addf
mlir/include/mlir/ExecutionEngine/SparseTensor/File.h	blob	100644	a6f199c0a0c1ebc1414c88a86161e7636dc94fca
mlir/include/mlir/ExecutionEngine/SparseTensor/MapRef.h	blob	100644	b0653913ff89d001116e302bc9458124fc76f4b9
mlir/include/mlir/ExecutionEngine/SparseTensor/Storage.h	blob	100644	80e3fec22694fbfdb0064770aa6cbe8c35172ffc
mlir/include/mlir/ExecutionEngine/SparseTensorRuntime.h	blob	100644	d53f2d86bc01d2968b8551617d8b7ea036e8f05b
mlir/include/mlir/IR/Action.h	blob	100644	2fad47768ceff9461c610ebcc90c0d8303d0aed0
mlir/include/mlir/IR/AffineExpr.h	blob	100644	51b5e972abd41c0349af8f156e4cb688c46e5723
mlir/include/mlir/IR/AffineExprVisitor.h	blob	100644	ccf62fc80f748897ba4a9d0f4de2e1677e07924a
mlir/include/mlir/IR/AffineMap.h	blob	100644	0643f0a4b308f1e537e0aa1797b0ff242db249da
mlir/include/mlir/IR/AsmState.h	blob	100644	5e9311742bd94a731174f066fceb915b68315598
mlir/include/mlir/IR/AttrTypeBase.td	blob	100644	ac7ac8fdb3039cb1e1d1c1f3598a0f53b6fb9f03
mlir/include/mlir/IR/AttrTypeSubElements.h	blob	100644	234767deea00afd3921d45270786f637b39d74d7
mlir/include/mlir/IR/AttributeSupport.h	blob	100644	9f36ee4aae2783a266ad5ace092510e4e493e516
mlir/include/mlir/IR/Attributes.h	blob	100644	a2f9c5fcda873f0b191ccc29287bfda61eed46dd
mlir/include/mlir/IR/Block.h	blob	100644	c84921db220af5ea4fcec7c439afe6467e0f82b6
mlir/include/mlir/IR/BlockSupport.h	blob	100644	782e977adbd7f22cb4015e304f1b9ce9ad19eba6
mlir/include/mlir/IR/Builders.h	blob	100644	ab5974770da090c8f77fb13b370e4c538fc91a52
mlir/include/mlir/IR/BuiltinAttributeInterfaces.h	blob	100644	b94a933b5c945f1dc2c98844ab3aa33211b73bc0
mlir/include/mlir/IR/BuiltinAttributeInterfaces.td	blob	100644	7bc7fbe8c50f24b69ec65fb309adbcc0c5457996
mlir/include/mlir/IR/BuiltinAttributes.h	blob	100644	8522ffc7abaab830ab01aebcbfffeb68435390d3
mlir/include/mlir/IR/BuiltinAttributes.td	blob	100644	ba2c374a9ab48b518d46fb263b43b58537728447
mlir/include/mlir/IR/BuiltinDialect.h	blob	100644	d06b63da6b892d4d746c74eeeee1d38dfa598e93
mlir/include/mlir/IR/BuiltinDialect.td	blob	100644	c770dd50f3622a1c8b40cca420d0369008fd9084
mlir/include/mlir/IR/BuiltinDialectBytecode.td	blob	100644	d098793989dc4a6d43587ae1041b9a2ba33c61a3
mlir/include/mlir/IR/BuiltinLocationAttributes.td	blob	100644	fe4e61100872f2ed73ef5fa97c4e8765386c6e1e
mlir/include/mlir/IR/BuiltinOps.h	blob	100644	bfecf63fe658d66416d257491e9f42488c2f4954
mlir/include/mlir/IR/BuiltinOps.td	blob	100644	cdc09afe0b67e0819c2055b30e0cd74c0255cc31
mlir/include/mlir/IR/BuiltinTypeInterfaces.h	blob	100644	9425d554b427c69a40f91920d732ff37e977cb76
mlir/include/mlir/IR/BuiltinTypeInterfaces.td	blob	100644	93c8c0694b467d76d6b6ca0f54e7d12cdd7cd0b3
mlir/include/mlir/IR/BuiltinTypes.h	blob	100644	d30cba29c98142c90f7e14d4d676dd1109e2e094
mlir/include/mlir/IR/BuiltinTypes.td	blob	100644	d5d53dc8b95328a5b04ddc040cadbb4264707d90
mlir/include/mlir/IR/BytecodeBase.td	blob	100644	3eab62493ffef2bd7efc97730710b1093054eca1
mlir/include/mlir/IR/CMakeLists.txt	blob	100644	54ebbd0b51bb539f37126939993a6924f4456bb9
mlir/include/mlir/IR/CommonAttrConstraints.td	blob	100644	ba6cf55a8fb9e9d14f4025ca19aa58e7031c32e8
mlir/include/mlir/IR/CommonTypeConstraints.td	blob	100644	8dbd7ac4b97604af1435c1b32326b9b600adf52f
mlir/include/mlir/IR/Constraints.td	blob	100644	0d59fffce9df9bff7ab89fcd9810e1566d23a969
mlir/include/mlir/IR/Diagnostics.h	blob	100644	3b8fb46b06a4843833fed5514c5e90cc23359836
mlir/include/mlir/IR/Dialect.h	blob	100644	fb24a6895dabdc444416d5b0c7e3b731024c4b7e
mlir/include/mlir/IR/DialectBase.td	blob	100644	efa09a43ec58195f1d1c2a59b05d0332dd56b34b
mlir/include/mlir/IR/DialectImplementation.h	blob	100644	0b4f91cd750b858da00292cd1bae8350cb028cf6
mlir/include/mlir/IR/DialectInterface.h	blob	100644	601c53f074f20bc78bca23a4f15d3b520e988c9f
mlir/include/mlir/IR/DialectRegistry.h	blob	100644	cd609603494a97520e391ae8c82a6ad3aa3f2576
mlir/include/mlir/IR/DialectResourceBlobManager.h	blob	100644	6c30efde306e40dfd66173b5443ea8d31bd63d58
mlir/include/mlir/IR/Dominance.h	blob	100644	70924a2e9ae59dcecc6864a9af1d4b70bd4cd69c
mlir/include/mlir/IR/EnumAttr.td	blob	100644	4b7ea55d089d6904da8aa91a621ea36992e7a59f
mlir/include/mlir/IR/ExtensibleDialect.h	blob	100644	2219d6fd57977677b5e5d0ad377f0f932e79876d
mlir/include/mlir/IR/IRMapping.h	blob	100644	bc4c2d82201ea73e281a0b0229a267a7ef6356bd
mlir/include/mlir/IR/ImplicitLocOpBuilder.h	blob	100644	1772dd83b29f5d701d7e98f2a7630e03a7bb69fa
mlir/include/mlir/IR/IntegerSet.h	blob	100644	3c84131e8ecd5aee267efe50953996e9164e0112
mlir/include/mlir/IR/Interfaces.td	blob	100644	e16de2942a043802e6dfed817e4cd97bc99ea144
mlir/include/mlir/IR/Iterators.h	blob	100644	12e74d1770a438225a57b6256bedb110ed8a8886
mlir/include/mlir/IR/Location.h	blob	100644	abc435b9b08ff2ba88fdc0688edc8527eaf1a41a
mlir/include/mlir/IR/MLIRContext.h	blob	100644	12cd00b60215e63c87b3d1525fdb6cb939f9e4e6
mlir/include/mlir/IR/Matchers.h	blob	100644	e577909621cb86a50baf2bc737210820f898f260
mlir/include/mlir/IR/ODSSupport.h	blob	100644	036ce4e5b725f4b417a2fc5539c31dd31517928f
mlir/include/mlir/IR/OpAsmDialectInterface.td	blob	100644	520f313d3e9e82a78d81f83d33c976307a223a1f
mlir/include/mlir/IR/OpAsmInterface.td	blob	100644	1838b248a2c7a60536a08605a788753ba0efab81
mlir/include/mlir/IR/OpAsmSupport.h	blob	100644	58528878d6a457ee5c809e36e4995785a4fdb146
mlir/include/mlir/IR/OpBase.td	blob	100644	0d0669e90c3f7ec255572f00cf9ee2d6b0bbe328
mlir/include/mlir/IR/OpDefinition.h	blob	100644	bd7fa1ffd4428da1e94cb8b381e70c1b906f3d6c
mlir/include/mlir/IR/OpImplementation.h	blob	100644	6e0f001f83ba9132aba2a0039c2f26d0e210c8e5
mlir/include/mlir/IR/Operation.h	blob	100644	793c046fbf2e52d5b4f477d0bdd724c4ab61782c
mlir/include/mlir/IR/OperationSupport.h	blob	100644	942b55e8f7a767e71b8986f84980ded8de145899
mlir/include/mlir/IR/OwningOpRef.h	blob	100644	0c35eae8de096412e448bf94d7bf814b0eb5c891
mlir/include/mlir/IR/PDLPatternMatch.h.inc	blob	100644	aa74202178a9bdb25f27d925fd33576760851e42
mlir/include/mlir/IR/PatternBase.td	blob	100644	33f8e2ac316d5c5a2f484e3ab8919d80769166aa
mlir/include/mlir/IR/PatternMatch.h	blob	100644	83477c79ff58213713a1b159d8424ca09adb43bb
mlir/include/mlir/IR/Properties.td	blob	100644	2830ba96fb78723ebad6af57b395ac04cc7935c9
mlir/include/mlir/IR/QuantStorageTypeInterface.h	blob	100644	4f5e102feea85d6d7a29500422f9166557b8caf4
mlir/include/mlir/IR/QuantStorageTypeInterface.td	blob	100644	22dabc58fca5488d2c4d7c812fb53170be9e3a99
mlir/include/mlir/IR/Region.h	blob	100644	a61eaaa54d401ac2235de28f175a6073c5d0b374
mlir/include/mlir/IR/RegionGraphTraits.h	blob	100644	bf21d9720169c9a597d161e35a6ba51b6161f281
mlir/include/mlir/IR/RegionKindInterface.h	blob	100644	d6d3aeeb9bd05262318b5b384efc41f1714ef73c
mlir/include/mlir/IR/RegionKindInterface.td	blob	100644	607001a89250ea09ed1f7ae2961d30d35576cd74
mlir/include/mlir/IR/Remarks.h	blob	100644	5cfb888be44a2f8df839555a951e224f3e2df4e2
mlir/include/mlir/IR/StorageUniquerSupport.h	blob	100644	85189b5793fc71063a5151dc9323d8435bdfd842
mlir/include/mlir/IR/SymbolInterfaces.td	blob	100644	292c355cbe1577e409e93084c5f15017b890623b
mlir/include/mlir/IR/SymbolTable.h	blob	100644	e4790037d37b233b26a996a7ef65b2e70adbde70
mlir/include/mlir/IR/TensorEncoding.h	blob	100644	5d98aefaeb92eab7d19ea040769585584e8aca33
mlir/include/mlir/IR/TensorEncoding.td	blob	100644	a9f93a966599fc0a64c472fb9ef3716c7720e493
mlir/include/mlir/IR/Threading.h	blob	100644	3ceab6b3e883a52b00d55d33d7367a98a836ab05
mlir/include/mlir/IR/Traits.td	blob	100644	221f8633ad954e0afc15dfca55d25a416bc29599
mlir/include/mlir/IR/TypeRange.h	blob	100644	916d5788c36faff67a7bba95a1ebc297ed1f8c7a
mlir/include/mlir/IR/TypeSupport.h	blob	100644	36ef696ba4f6fb1bb9f6f8cffa5f20b0c0944104
mlir/include/mlir/IR/TypeUtilities.h	blob	100644	06e04896a720fc31ba82c50ee908634dac7e1d15
mlir/include/mlir/IR/Types.h	blob	100644	70599b448f76e68f622c2227b88647286b8bcf36
mlir/include/mlir/IR/Unit.h	blob	100644	0e99f8e25f326e46b20ef21a068d819a5a8920da
mlir/include/mlir/IR/UseDefLists.h	blob	100644	2d60036716611b17f90bb3b7649161a8100b6eb2
mlir/include/mlir/IR/Utils.td	blob	100644	e75b3ae7a50d1718beaf49ec71052bbda50ca3eb
mlir/include/mlir/IR/Value.h	blob	100644	a34837bfcea1ad1791a25c16224cdd4f488c7d68
mlir/include/mlir/IR/ValueRange.h	blob	100644	c630d0c520b66c601973e364b459fed2617c3769
mlir/include/mlir/IR/VectorTypes.h	blob	100644	1f1d0f7a306698f4af469206b06af9d2ed73eca8
mlir/include/mlir/IR/Verifier.h	blob	100644	eb96d11443fc767d0f80e0037b286d2dce35b2aa
mlir/include/mlir/IR/Visitors.h	blob	100644	907f470c0d248d7314feab2035f7e7c0eda3cc0f
mlir/include/mlir/InitAllDialects.h	blob	100644	76281712a3df9212e75c908ebe44a257f5257711
mlir/include/mlir/InitAllExtensions.h	blob	100644	a7f64d9c1608343a1ee3c79bc4f33255ec44dfa8
mlir/include/mlir/InitAllPasses.h	blob	100644	455429030003f071a7878cebb69999c1cb1a7818
mlir/include/mlir/InitAllTranslations.h	blob	100644	622024db5a8a2cc9e68b68a67653bf7eb85bbde1
mlir/include/mlir/Interfaces/AlignmentAttrInterface.h	blob	100644	5b52c22d4a8247d4ddf03c6dfd1490aec6272f93
mlir/include/mlir/Interfaces/AlignmentAttrInterface.td	blob	100644	931af6990f40ad53132f2e97c5e6aa14b6392208
mlir/include/mlir/Interfaces/CMakeLists.txt	blob	100644	6461c68423c7350a62644418c7dd5aa61341fe68
mlir/include/mlir/Interfaces/CallInterfaces.h	blob	100644	2bf3a3ca5f8a899a969a6ed15e45a8a5838a2076
mlir/include/mlir/Interfaces/CallInterfaces.td	blob	100644	19d3afe8b924319f25ea15e158a9a0e51624f068
mlir/include/mlir/Interfaces/CastInterfaces.h	blob	100644	991b084b8b44d5e9b10d836bdaa27aba214d74bf
mlir/include/mlir/Interfaces/CastInterfaces.td	blob	100644	3b81eef8b864bc197a935a9f3c852b3c91d96bbb
mlir/include/mlir/Interfaces/ControlFlowInterfaces.h	blob	100644	48b80e2059e11925d8884140a89fb194c332f17a
mlir/include/mlir/Interfaces/ControlFlowInterfaces.td	blob	100644	d6aac2114e46708943483a3f8a71267949a9052c
mlir/include/mlir/Interfaces/DataLayoutInterfaces.h	blob	100644	20de0c6ba7e43f9801f0d230b6920a8141620682
mlir/include/mlir/Interfaces/DataLayoutInterfaces.td	blob	100644	9d35f78b218f8f320361ba1bc36f44e091032300
mlir/include/mlir/Interfaces/DerivedAttributeOpInterface.h	blob	100644	63cd09f5bc42c03b1077a2360584c4c8c8cf2cb7
mlir/include/mlir/Interfaces/DerivedAttributeOpInterface.td	blob	100644	0317d64ae0f4d6939a2f5698575799d957b1f28d
mlir/include/mlir/Interfaces/DestinationStyleOpInterface.h	blob	100644	6649371f3ed321e304ab52eaa841d9736d83b339
mlir/include/mlir/Interfaces/DestinationStyleOpInterface.td	blob	100644	9c0db9b3a5107642342e6615a79174724b93ed19
mlir/include/mlir/Interfaces/DialectFoldInterface.td	blob	100644	138be794f605c0273e9b1a8eb9e1bf0d8a7ecd33
mlir/include/mlir/Interfaces/FoldInterfaces.h	blob	100644	5a4247d848d1834417045ff0ad662f4857beb904
mlir/include/mlir/Interfaces/FunctionImplementation.h	blob	100644	374c2c534f87d6687cb73e6f1010f171f7392e6f
mlir/include/mlir/Interfaces/FunctionInterfaces.h	blob	100644	e10e9bd342702ab959bb4c667669867463751453
mlir/include/mlir/Interfaces/FunctionInterfaces.td	blob	100644	f701e828ed641c263479dce61bac77d8449c1dc8
mlir/include/mlir/Interfaces/IndexingMapOpInterface.h	blob	100644	40252613a21f4c9dc649bef42f7dfa661f9a56fb
mlir/include/mlir/Interfaces/IndexingMapOpInterface.td	blob	100644	fdcc183d99215132c86e675438585aa719ef0000
mlir/include/mlir/Interfaces/InferIntDivisibilityOpInterface.h	blob	100644	374acee05cb107a42f0ced4ac0c8663c64b62980
mlir/include/mlir/Interfaces/InferIntDivisibilityOpInterface.td	blob	100644	c665475e0fd7f5d7ef99cb8a1eb8580da5f3b86a
mlir/include/mlir/Interfaces/InferIntRangeInterface.h	blob	100644	a6de3d1885eecfe487a889b4af1af20e48334dc6
mlir/include/mlir/Interfaces/InferIntRangeInterface.td	blob	100644	6ee436ce4d6c2f9f51e830a9dc728ccd70f20d8a
mlir/include/mlir/Interfaces/InferStridedMetadataInterface.h	blob	100644	0c572e0196a037322a480c28f708506d402cefe5
mlir/include/mlir/Interfaces/InferStridedMetadataInterface.td	blob	100644	ee5b0942f683e61728e287136db9cb4a83063c68
mlir/include/mlir/Interfaces/InferTypeOpInterface.h	blob	100644	1bfb66e681d8dac5bf540443476be6fa0b2b0c99
mlir/include/mlir/Interfaces/InferTypeOpInterface.td	blob	100644	36397d596aed6c1dce5aaba9a272d43e5c0470f4
mlir/include/mlir/Interfaces/LoopLikeInterface.h	blob	100644	9925fc6ce6ca946d805d3bd4ae722243d7c35fbd
mlir/include/mlir/Interfaces/LoopLikeInterface.td	blob	100644	0bb82c1e4638e0b68efc141d0abbedf249981657
mlir/include/mlir/Interfaces/MemOpInterfaces.h	blob	100644	cdc423f5da1a594fe612490ab3d3ed50e51543dc
mlir/include/mlir/Interfaces/MemOpInterfaces.td	blob	100644	1a64e97c3412d787a1c0436327b49755a99b55cf
mlir/include/mlir/Interfaces/MemorySlotInterfaces.h	blob	100644	4ddacd67f99c2586d2f85747318ea42ee15af87d
mlir/include/mlir/Interfaces/MemorySlotInterfaces.td	blob	100644	3997c84963207e50bd9f1bcd80c115f28c33c787
mlir/include/mlir/Interfaces/ParallelCombiningOpInterface.h	blob	100644	82ab427699f64c0af05f0a1718486a2863143f67
mlir/include/mlir/Interfaces/ParallelCombiningOpInterface.td	blob	100644	ace26f723ef5314b4d5a6b84b405e9e2d530ed93
mlir/include/mlir/Interfaces/RuntimeVerifiableOpInterface.h	blob	100644	2995e4a9a24a17ddcb7c467d9d7fad55d8077049
mlir/include/mlir/Interfaces/RuntimeVerifiableOpInterface.td	blob	100644	21104834a9dc3c8711b291c6666aaae328e1e20e
mlir/include/mlir/Interfaces/ShapedOpInterfaces.h	blob	100644	eb9313f748ff0dd62d30c6239be75853f0945537
mlir/include/mlir/Interfaces/ShapedOpInterfaces.td	blob	100644	f1e175a578f1d0753fcf0973755b4b08592dc4f2
mlir/include/mlir/Interfaces/SideEffectInterfaceBase.td	blob	100644	c1b7372b75a6715e4ef5976958b2e0866560d92d
mlir/include/mlir/Interfaces/SideEffectInterfaces.h	blob	100644	dfffbcaf1bbab2d1e6c40ddf5b6119abd2c9b99c
mlir/include/mlir/Interfaces/SideEffectInterfaces.td	blob	100644	b292174fccb36c051f3339733b448ba335026dda
mlir/include/mlir/Interfaces/SubsetOpInterface.h	blob	100644	98c33ec65012fca18d03f4d2737888e085c5291a
mlir/include/mlir/Interfaces/SubsetOpInterface.td	blob	100644	7000e7dfc89cdbeb154d8204c90e465107606a54
mlir/include/mlir/Interfaces/TilingInterface.h	blob	100644	d432d926647a250c0238f649c52c634d72d0a814
mlir/include/mlir/Interfaces/TilingInterface.td	blob	100644	5845545ce686a3501a0d6464b0529ad5c3c525e5
mlir/include/mlir/Interfaces/Utils/InferIntRangeCommon.h	blob	100644	e369c80a26ea91840cd3d37e3888a6f7b1ee1328
mlir/include/mlir/Interfaces/Utils/MemorySlotUtils.h	blob	100644	66be79b5ad2858aa94719bba543c378bf71b29be
mlir/include/mlir/Interfaces/ValueBoundsOpInterface.h	blob	100644	f6dfa5855d011ebae66401c416ab3b9b405612a7
mlir/include/mlir/Interfaces/ValueBoundsOpInterface.td	blob	100644	a080209101a531f18a86012593d7d1aeebcea2c6
mlir/include/mlir/Interfaces/VectorInterfaces.h	blob	100644	551d2c1dbc445f0526ed56f700f8d1040c22e5c6
mlir/include/mlir/Interfaces/VectorInterfaces.td	blob	100644	3ba8ac4fc0a0a0ee709727c35f0ea35ea369e75b
mlir/include/mlir/Interfaces/ViewLikeInterface.h	blob	100644	c1c2269051efd12f60905c2d4d0dc95dad5bcbeb
mlir/include/mlir/Interfaces/ViewLikeInterface.td	blob	100644	131c1a0d92b24c9d52b41e6ba8319e366591d4de
mlir/include/mlir/Parser/Parser.h	blob	100644	2368cb3d49a39b696bfb16591144f2022c08e20e
mlir/include/mlir/Pass/AnalysisManager.h	blob	100644	45009d4b02a58c1d0030dcda392f935a40a79682
mlir/include/mlir/Pass/Pass.h	blob	100644	4e005e1ed5bf6c6f27d2df5c507de6efbf5238f6
mlir/include/mlir/Pass/PassBase.td	blob	100644	e37f9735e2241b8a4f9df943259edcd19e651498
mlir/include/mlir/Pass/PassInstrumentation.h	blob	100644	0247db6060e2e81c217de45233bca41b6d7bf907
mlir/include/mlir/Pass/PassManager.h	blob	100644	0f2a2bd060acd00a72a1fdb24ebfc5be2de65f7b
mlir/include/mlir/Pass/PassOptions.h	blob	100644	0c71f78b52d3dea92ae780e4cb08e346a8c44315
mlir/include/mlir/Pass/PassRegistry.h	blob	100644	f9cdee683d3ff7e34a5ec493bbfd112867962ed9
mlir/include/mlir/Query/Matcher/ErrorBuilder.h	blob	100644	08f1f415cbd3e593e008c76c97e15b7e70ada040
mlir/include/mlir/Query/Matcher/Marshallers.h	blob	100644	5fe6965f32efb9ac01dfd41465207d0ea139f28b
mlir/include/mlir/Query/Matcher/MatchFinder.h	blob	100644	6d06ca13d1344037b3b4462379517cf5b668546f
mlir/include/mlir/Query/Matcher/MatchersInternal.h	blob	100644	4e7375283486fad2e7ba48cad026228626bb5a3d
mlir/include/mlir/Query/Matcher/Registry.h	blob	100644	e929b4a04d151db2a8810e5670ab3236491f308c
mlir/include/mlir/Query/Matcher/SliceMatchers.h	blob	100644	43b699817927c580e03c2d36becfe9ed0dfc8fc7
mlir/include/mlir/Query/Matcher/VariantValue.h	blob	100644	1a47576de18414fcc9a6ca43ef377395db0973b9
mlir/include/mlir/Query/Query.h	blob	100644	18f2172c9510a351750aeecc8d1f971aa95317bd
mlir/include/mlir/Query/QuerySession.h	blob	100644	fe552d750fc7716f4a46001670fc3d7ded1bf035
mlir/include/mlir/Reducer/CMakeLists.txt	blob	100644	37a19a481adc4523f3b38785dd8053e88da02edb
mlir/include/mlir/Reducer/DialectReductionPatternInterface.td	blob	100644	8f33897d7a75db0406504a6fd97cbf21292617b4
mlir/include/mlir/Reducer/Passes.h	blob	100644	d961737aaffae3f03aae7f4cbb1d27aabb4654b9
mlir/include/mlir/Reducer/Passes.td	blob	100644	cce5c7570d4d954f88f7f06cbe49554ac86ccedf
mlir/include/mlir/Reducer/ReductionNode.h	blob	100644	6ca4e13d159ac41c408799edd87e28ddfd5266c3
mlir/include/mlir/Reducer/ReductionPatternInterface.h	blob	100644	7d7a1eeea27ac778e6e6eb3d3d422994ebb52601
mlir/include/mlir/Reducer/Tester.h	blob	100644	fe0b31f79090ab0c802ea62626cb7d2709d39617
mlir/include/mlir/Remark/RemarkStreamer.h	blob	100644	19a70fa4c4daade553a2cf7629c7ea22985c66fc
mlir/include/mlir/Rewrite/FrozenRewritePatternSet.h	blob	100644	d6c431206e06ee95ee46b9007be6462a6dac86ec
mlir/include/mlir/Rewrite/PassUtil.td	blob	100644	10a039590bfa39bf5232a663751014b1772dfa02
mlir/include/mlir/Rewrite/PatternApplicator.h	blob	100644	f7871f819a273b2a3becc8fe0011bfc62bc05fb2
mlir/include/mlir/Support/ADTExtras.h	blob	100644	51ec7ac25dbb5991cf474132b5bc9edf92783c81
mlir/include/mlir/Support/Complex.h	blob	100644	86c06f230b8ef960033075adc5037ece87ba5aea
mlir/include/mlir/Support/CyclicReplacerCache.h	blob	100644	786bc49040d7e9a7a0ee755210bd946cd5b39ace
mlir/include/mlir/Support/DebugStringHelper.h	blob	100644	43db6fd9fd2fc1da851be4a750eadfaaff1c3c00
mlir/include/mlir/Support/FileUtilities.h	blob	100644	fca17d82a2bf2b7a7487508d4e8650d3e007457e
mlir/include/mlir/Support/IndentedOstream.h	blob	100644	eeab36806c4ee70306c13d6d7634e1b0c0081c47
mlir/include/mlir/Support/InterfaceSupport.h	blob	100644	c70c081b7fcbc5a0a0fc94129eb7ec0a4fefaeb1
mlir/include/mlir/Support/LLVM.h	blob	100644	03509d4af2a2343fe51459453b9e4d441db1bf70
mlir/include/mlir/Support/LogicalResult.h	blob	100644	c7da8defc35ff8433bdfc8c1d3504a1aa2fcc225
mlir/include/mlir/Support/RawOstreamExtras.h	blob	100644	a3d8d25dac6085c47ff44d45cc7e0d8317fce623
mlir/include/mlir/Support/StateStack.h	blob	100644	ef0f5d198b4561ff6eb82b922f23c7d462dc9c4f
mlir/include/mlir/Support/StorageUniquer.h	blob	100644	b5f4df680ac698a3ab78d1f1f7a0cc7a9e445b61
mlir/include/mlir/Support/ThreadLocalCache.h	blob	100644	a1f88ec609e865fe128a05cec7141f2ba57ae8ed
mlir/include/mlir/Support/Timing.h	blob	100644	50ae84735dbf04c9ea0d5a2edb13d891ab2ca69b
mlir/include/mlir/Support/ToolUtilities.h	blob	100644	657f117d8d8b51dc58905f88fdbe755637a6b25d
mlir/include/mlir/Support/TypeID.h	blob	100644	a3844178e11a086bd18315240a0c0e8abe35d55b
mlir/include/mlir/Support/WalkResult.h	blob	100644	cd3b1e1562796a2db502467a8a7655bcf354150f
mlir/include/mlir/TableGen/Argument.h	blob	100644	a2c129b4f28d86e6d88eac204edc332ee7dd3dd8
mlir/include/mlir/TableGen/AttrOrTypeDef.h	blob	100644	65992f9fef5e95cad341510294720bc5f39a492e
mlir/include/mlir/TableGen/Attribute.h	blob	100644	dee81880bacabad763c0c1ad943f96b5a639565c
mlir/include/mlir/TableGen/Builder.h	blob	100644	a733bc569fb31954ae66ef34b628b85fb868daea
mlir/include/mlir/TableGen/Class.h	blob	100644	e6bedc7cc896d9c9f8ba29e04e518f43bff1dba5
mlir/include/mlir/TableGen/CodeGenHelpers.h	blob	100644	b56172f55a157ba430ebba1b409ab8d4bb55e4bf
mlir/include/mlir/TableGen/Constraint.h	blob	100644	641c6b9290856f54a7ca53335bca38ef586970cd
mlir/include/mlir/TableGen/Dialect.h	blob	100644	30f9d690b678d4802a8ca306e3493a21a5b39799
mlir/include/mlir/TableGen/EnumInfo.h	blob	100644	aea76c01e7e7a45c16bd7264c9f00237b49d6a80
mlir/include/mlir/TableGen/Format.h	blob	100644	bdecf491faf21dd6b524d6f1a85f5f20f4f477f5
mlir/include/mlir/TableGen/GenInfo.h	blob	100644	9dec0e4f1bd919e3063d301f9202b2f371f6dd36
mlir/include/mlir/TableGen/GenNameParser.h	blob	100644	208866b29b80e8c522a009846d65d34894fe539e
mlir/include/mlir/TableGen/Interfaces.h	blob	100644	5b2bb34f8c153590e758f8000fd0d263b6a58eb2
mlir/include/mlir/TableGen/Operator.h	blob	100644	f0514d8e6174825bbf91701f07eb6e0cc4ea6666
mlir/include/mlir/TableGen/Pass.h	blob	100644	d2bb6e5304ee3fd250119dd633fd01aced36064b
mlir/include/mlir/TableGen/Pattern.h	blob	100644	16172fcfba6be28d9be6208043ff9b67dbab344e
mlir/include/mlir/TableGen/Predicate.h	blob	100644	2eeb253d56b2661352dfa72c0a124f3676687da0
mlir/include/mlir/TableGen/Property.h	blob	100644	81e6d8572082902135169b0ac9556584ac6cfe05
mlir/include/mlir/TableGen/Region.h	blob	100644	4b8dc92714ef0a3b0cbe0f0d6674657f8ef477e2
mlir/include/mlir/TableGen/SideEffects.h	blob	100644	14faae457f272877d095fc70ca5e8be0b670f0b6
mlir/include/mlir/TableGen/Successor.h	blob	100644	64f0386751891f725f020ace50ea12e9c6f3b3e0
mlir/include/mlir/TableGen/Trait.h	blob	100644	bebb5c8528a5ae36a9883d9c84e58cf576edd52b
mlir/include/mlir/TableGen/Type.h	blob	100644	b974ac281041bc89fcfa5403f1cd3da9ee5a1e59
mlir/include/mlir/Target/CMakeLists.txt	blob	100644	39d31dc9b5e9c8388a48b78ea6df6603a9c8ee94
mlir/include/mlir/Target/Cpp/CppEmitter.h	blob	100644	7c5747a88826160c89cf128a1a8d44cf505ba3b1
mlir/include/mlir/Target/IRDLToCpp/IRDLToCpp.h	blob	100644	940ce5632cb41a7f8ecbc36817582dbe24558919
mlir/include/mlir/Target/IRDLToCpp/TranslationRegistration.h	blob	100644	430c519570862ebc6cef035b7fab7db80496a4d4
mlir/include/mlir/Target/LLVM/ModuleToObject.h	blob	100644	7d232dcf9ab901ff7141adf570b16657742c11c1
mlir/include/mlir/Target/LLVM/NVVM/Target.h	blob	100644	e3cb758725c8f2715fc1e4065263a7b497342045
mlir/include/mlir/Target/LLVM/NVVM/Utils.h	blob	100644	ca4b6424a292c409c13d760d4cc453cc81cb5b6e
mlir/include/mlir/Target/LLVM/ROCDL/Target.h	blob	100644	4e39848bd4234261c2235ed3a3514fb9efaef5da
mlir/include/mlir/Target/LLVM/ROCDL/Utils.h	blob	100644	f189fc26e5a756ab012b7bc650344233411725e6
mlir/include/mlir/Target/LLVM/XeVM/Target.h	blob	100644	6aab15c9ba07e3d769166c003f85adcfab83c1e7
mlir/include/mlir/Target/LLVM/XeVM/Utils.h	blob	100644	b5fa0349839ee9224d9ea0e4a6a327681ab3adf0
mlir/include/mlir/Target/LLVMIR/CMakeLists.txt	blob	100644	8cf9a9cd864dae574bc589bceb6972d00ce33782
mlir/include/mlir/Target/LLVMIR/DataLayoutImporter.h	blob	100644	4d432df493c3f813021650cd0eaca4a2aa9ae50c
mlir/include/mlir/Target/LLVMIR/Dialect/All.h	blob	100644	95e90789e9580bb978e0fcea73e22e78d35bf2d5
mlir/include/mlir/Target/LLVMIR/Dialect/ArmNeon/ArmNeonToLLVMIRTranslation.h	blob	100644	0fc23cffc7d50192b7aa5d512200c54aa02075e2
mlir/include/mlir/Target/LLVMIR/Dialect/ArmSME/ArmSMEToLLVMIRTranslation.h	blob	100644	205d9b6326032ac9f94955166289b0389322ddca
mlir/include/mlir/Target/LLVMIR/Dialect/ArmSVE/ArmSVEToLLVMIRTranslation.h	blob	100644	a8871828ea3e3f55b82caf145b98f7d852084d46
mlir/include/mlir/Target/LLVMIR/Dialect/Builtin/BuiltinToLLVMIRTranslation.h	blob	100644	cfb262920bd693080adc0c59b2dc9c130dfc83e8
mlir/include/mlir/Target/LLVMIR/Dialect/GPU/GPUToLLVMIRTranslation.h	blob	100644	19a34c6c00742aa6dd95a6846bbc719b26075d0d
mlir/include/mlir/Target/LLVMIR/Dialect/LLVMIR/LLVMIRToLLVMTranslation.h	blob	100644	e3a0a31be9981611ab088335ae397d2d6d7547c1
mlir/include/mlir/Target/LLVMIR/Dialect/LLVMIR/LLVMToLLVMIRTranslation.h	blob	100644	8ecb035ea4aa022e58044365f6d3aee8b9c43764
mlir/include/mlir/Target/LLVMIR/Dialect/NVVM/LLVMIRToNVVMTranslation.h	blob	100644	02ee83284dd331574998bc6830f41d1d16954a6a
mlir/include/mlir/Target/LLVMIR/Dialect/NVVM/NVVMToLLVMIRTranslation.h	blob	100644	723bba678b089e6f1dcbdc9c5bfd103439441635
mlir/include/mlir/Target/LLVMIR/Dialect/OpenMP/OpenMPToLLVMIRTranslation.h	blob	100644	bda81227fa236b109e6dd9965ea92b581cb97744
mlir/include/mlir/Target/LLVMIR/Dialect/OpenMPCommon.h	blob	100644	914c79c35cd59231ad1e41e6002da78e6dbf0f69
mlir/include/mlir/Target/LLVMIR/Dialect/Ptr/PtrToLLVMIRTranslation.h	blob	100644	5c81762ba1a8a7ff05352e86fc2f504ff7433ad9
mlir/include/mlir/Target/LLVMIR/Dialect/ROCDL/ROCDLToLLVMIRTranslation.h	blob	100644	ad9061e8f725f30601864506ecf6944b24361f33
mlir/include/mlir/Target/LLVMIR/Dialect/SPIRV/SPIRVToLLVMIRTranslation.h	blob	100644	2b066a528deb58fda1dadbaef7c5c806ba13609d
mlir/include/mlir/Target/LLVMIR/Dialect/VCIX/VCIXToLLVMIRTranslation.h	blob	100644	7863597c21b1445333978d68516178dbce03b397
mlir/include/mlir/Target/LLVMIR/Dialect/XeVM/XeVMToLLVMIRTranslation.h	blob	100644	b4f6750718fe8d3d817341d37302e370f08a91d0
mlir/include/mlir/Target/LLVMIR/Export.h	blob	100644	49cac420c26bfc237a053bf4f7838b26413bad66
mlir/include/mlir/Target/LLVMIR/Import.h	blob	100644	458361842ec81db65821d51ace58679c79571084
mlir/include/mlir/Target/LLVMIR/LLVMImportDialectInterface.td	blob	100644	93e6fcf327086b594ef3f81e9975b29360962de3
mlir/include/mlir/Target/LLVMIR/LLVMImportInterface.h	blob	100644	1c1d56b720a22670e9c9ec82f8b4d8ed0538b489
mlir/include/mlir/Target/LLVMIR/LLVMTranslationDialectInterface.td	blob	100644	01c1b3a3cfaa3239218440d1e44f68f094645e6c
mlir/include/mlir/Target/LLVMIR/LLVMTranslationInterface.h	blob	100644	58d3ee0ed213940d1ffe531811e70b5fef612511
mlir/include/mlir/Target/LLVMIR/ModuleImport.h	blob	100644	dba950c0b48b668e8c12a33099e6eaf94c90f591
mlir/include/mlir/Target/LLVMIR/ModuleTranslation.h	blob	100644	b23f78ff0f98a8275239c9cbad27a75f6baf9ec0
mlir/include/mlir/Target/LLVMIR/Transforms/CMakeLists.txt	blob	100644	662763bfed301d083ad24bb4874c014c7d6bec30
mlir/include/mlir/Target/LLVMIR/Transforms/Passes.h	blob	100644	22e6fadfb37e9da727b9d9355a5a220962eb1d92
mlir/include/mlir/Target/LLVMIR/Transforms/Passes.td	blob	100644	c858e9f4c34cb05f873647eafbd2129730bb7810
mlir/include/mlir/Target/LLVMIR/Transforms/TargetUtils.h	blob	100644	2930733ee83d9d29dd9b99599f737964efbebdf3
mlir/include/mlir/Target/LLVMIR/TypeFromLLVM.h	blob	100644	0a519534128d6cab050dfbd0fe909fad5ddd03e2
mlir/include/mlir/Target/LLVMIR/TypeToLLVM.h	blob	100644	1d852676525ad06c0b7d6ab7c3a791b7ef61cacd
mlir/include/mlir/Target/SMTLIB/ExportSMTLIB.h	blob	100644	f612252fcf8fdc1b235b7972491ed089a21b06c0
mlir/include/mlir/Target/SMTLIB/Namespace.h	blob	100644	09bd5cd2d407b586407ea5ada4e4c1bd77a7bfd5
mlir/include/mlir/Target/SMTLIB/SymCache.h	blob	100644	ed0bccef0e43346e8d4dca8c47672043557035db
mlir/include/mlir/Target/SPIRV/Deserialization.h	blob	100644	68eb863b4a6f2c17f375a1e5339460db7d394a7d
mlir/include/mlir/Target/SPIRV/SPIRVBinaryUtils.h	blob	100644	34aa7743103437c42ad5a49e608cf0c822e52f54
mlir/include/mlir/Target/SPIRV/SPIRVExtInstSets.h	blob	100644	f755ab259942007748be78fb7ed48aa0d88a28b6
mlir/include/mlir/Target/SPIRV/Serialization.h	blob	100644	e474101402e588b2a574ddd98db95790f40e9510
mlir/include/mlir/Target/SPIRV/Target.h	blob	100644	fea6471ced7c2fc5bcab7f217c8b170c43fe05c0
mlir/include/mlir/Target/Wasm/WasmBinaryEncoding.h	blob	100644	66506ed19b1a7a834ee46402c800f08f8b32c6cb
mlir/include/mlir/Target/Wasm/WasmImporter.h	blob	100644	3f05bbecefc8ab5ffcd386f085f4007ded2708d4
mlir/include/mlir/Tools/PDLL/AST/Context.h	blob	100644	f9a9424e125efaf6d3b9b8af435b1ce504777e53
mlir/include/mlir/Tools/PDLL/AST/Diagnostic.h	blob	100644	aaba8106b57d0e640557a741ccc8a642e2a5d48e
mlir/include/mlir/Tools/PDLL/AST/Nodes.h	blob	100644	07e265582e96b9df7e007ed802a57b052d29a761
mlir/include/mlir/Tools/PDLL/AST/Types.h	blob	100644	2a61ab22c8e3f386f42aa22d6d01bd8eb7025470
mlir/include/mlir/Tools/PDLL/CodeGen/CPPGen.h	blob	100644	58f4cef48baf7df82bfa03b8dd974b99b010d545
mlir/include/mlir/Tools/PDLL/CodeGen/MLIRGen.h	blob	100644	c106f6dcac91d85f0352018f58b17f15d9ceaecb
mlir/include/mlir/Tools/PDLL/ODS/Constraint.h	blob	100644	da73e00e2dd4b117c3e5a229ce70de04b387622e
mlir/include/mlir/Tools/PDLL/ODS/Context.h	blob	100644	8a57bb791e6390f8041d1884cf93721d397893f3
mlir/include/mlir/Tools/PDLL/ODS/Dialect.h	blob	100644	c5c60977dd2f14f0e707a80f81b8f38c74aa7f55
mlir/include/mlir/Tools/PDLL/ODS/Operation.h	blob	100644	e49db88ef9c93f5d098dba7e3598fcc653cec4ee
mlir/include/mlir/Tools/PDLL/Parser/CodeComplete.h	blob	100644	3c6d9413543174704684f01b8835b4edc21ccc48
mlir/include/mlir/Tools/PDLL/Parser/Parser.h	blob	100644	6f62aaf904fc4bd0687ad253d3c31cb748428cf5
mlir/include/mlir/Tools/ParseUtilities.h	blob	100644	f366f6826c9a1c18a86f11bec09ea57c2328ae04
mlir/include/mlir/Tools/Plugins/DialectPlugin.h	blob	100644	1373e76fbd959fcdd1365acef0ec89713eda4bf2
mlir/include/mlir/Tools/Plugins/PassPlugin.h	blob	100644	cd8cc38dcf13cbfd9da8f0ca38220ef12b76b2b2
mlir/include/mlir/Tools/lsp-server-support/CompilationDatabase.h	blob	100644	588c136790743a30817ee12c92425b87ad5ad263
mlir/include/mlir/Tools/lsp-server-support/SourceMgrUtils.h	blob	100644	920ce831e42b6d226aea14310181b9f155f4f050
mlir/include/mlir/Tools/mlir-lsp-server/MlirLspRegistryFunction.h	blob	100644	0d9ba2a0d1607f896bc8a8aa78409315f361ee92
mlir/include/mlir/Tools/mlir-lsp-server/MlirLspServerMain.h	blob	100644	a461fc47029468a3133bb7df0ccc8508c35b1c27
mlir/include/mlir/Tools/mlir-opt/MlirOptMain.h	blob	100644	7e0b7024608c91f27ec9eccea25e9fa2da1e5b3a
mlir/include/mlir/Tools/mlir-pdll-lsp-server/MlirPdllLspServerMain.h	blob	100644	c45ddb6e7da1d6c5996a5d42c36ac3479570aac8
mlir/include/mlir/Tools/mlir-query/MlirQueryMain.h	blob	100644	44d5c8d9a5fe8f899a9ed9b4f80ca6d9a687f3f2
mlir/include/mlir/Tools/mlir-reduce/MlirReduceMain.h	blob	100644	cb215b3ba3451cb24d47544d7a40209d9371d53b
mlir/include/mlir/Tools/mlir-tblgen/MlirTblgenMain.h	blob	100644	b824a9f1a0cf4499fe47e54e1cbec96fd0fea878
mlir/include/mlir/Tools/mlir-translate/MlirTranslateMain.h	blob	100644	c9bc58bacdace49bbc7b11d619583c0658b7ef02
mlir/include/mlir/Tools/mlir-translate/Translation.h	blob	100644	88c94a138715d419d97b4a57f588a7ab2a7cff4f
mlir/include/mlir/Tools/tblgen-lsp-server/TableGenLspServerMain.h	blob	100644	f0799c5ec76db41c03227808397bb7093337e502
mlir/include/mlir/Transforms/BubbleDownMemorySpaceCasts.h	blob	100644	99db092879a90516e269494ec1ae9e3a007734d9
mlir/include/mlir/Transforms/CFGToSCF.h	blob	100644	2ca019ddfe23d1a33a24fc05c4f6a292f1d8c528
mlir/include/mlir/Transforms/CMakeLists.txt	blob	100644	1b57a3482c1bb579561e5ea15c50522f04c97e6a
mlir/include/mlir/Transforms/CSE.h	blob	100644	4a87d585e0eb98219783b92c2035762a3a71e800
mlir/include/mlir/Transforms/CommutativityUtils.h	blob	100644	8306926160129cb40fee6121b7085112c934ffbe
mlir/include/mlir/Transforms/ControlFlowSinkUtils.h	blob	100644	68b0c0179bcc34c332b2f6e82ac6871a27d4bfd3
mlir/include/mlir/Transforms/DialectConversion.h	blob	100644	0f67b9eceab59cca70a32518d8cafe1c1aa33247
mlir/include/mlir/Transforms/DialectConversion.pdll	blob	100644	9c6ce7a2d2328808b9ecdc6044835e132578dfc5
mlir/include/mlir/Transforms/DialectInlinerInterface.td	blob	100644	0975b84179d3c9aa95ad3dbc0f568d9a7ff00a19
mlir/include/mlir/Transforms/EndomorphismSimplification.h	blob	100644	1aa5da2346f776b5bc3849ccb7fdee8ea7489eed
mlir/include/mlir/Transforms/FoldUtils.h	blob	100644	ee89e8d0e7c3f7f1ce5ffb4139cf2e382451be00
mlir/include/mlir/Transforms/GreedyPatternRewriteDriver.h	blob	100644	7fef17d806ef3b121e5236776f76cdfbdd5a0717
mlir/include/mlir/Transforms/HomomorphismSimplification.h	blob	100644	386a315b0e90a4f479460a2998cc7705434c1ef3
mlir/include/mlir/Transforms/Inliner.h	blob	100644	0d3d3d1a3f9f2a9fc9f070aded9a5effdbadb49f
mlir/include/mlir/Transforms/InliningUtils.h	blob	100644	b6c6da3ddcc9b5730dcc2f129033ab9847ff338b
mlir/include/mlir/Transforms/LocationSnapshot.h	blob	100644	cefe005d2c4c9357eff4b7c9799ab6bd9d5f772f
mlir/include/mlir/Transforms/LoopInvariantCodeMotionUtils.h	blob	100644	3ceef44d799e89351396c2a76eed3b5ca1fe2343
mlir/include/mlir/Transforms/Mem2Reg.h	blob	100644	6986cad9ae1208726799e5ecf1aa94812d6accf4
mlir/include/mlir/Transforms/Passes.h	blob	100644	313755fde347946643155fc863c90d9f6c9ab2b5
mlir/include/mlir/Transforms/Passes.td	blob	100644	74ac370ea950bcf697018513609e30be308e9c5b
mlir/include/mlir/Transforms/RegionUtils.h	blob	100644	ea0b9ba9614a47dedbeaee8441590380cf4e509d
mlir/include/mlir/Transforms/SROA.h	blob	100644	88e4babd6b78a3d6d0209bc74ef147e15fe5fe93
mlir/include/mlir/Transforms/ViewOpGraph.h	blob	100644	c48844a85ec8347d23b537909fbcc58d77a58b44
mlir/include/mlir/Transforms/WalkPatternRewriteDriver.h	blob	100644	7d5c1d5cebb26c74838379242e6ac75049fa8818
mlir/lib/ABI/ABITypeMapper.cpp	blob	100644	fe63df659302a32ef0ba1ae9f7f0c0b865a98900
mlir/lib/ABI/CMakeLists.txt	blob	100644	caa353d26ece354300a92a74f47e1582d8753000
mlir/lib/ABI/Targets/Test/TestTarget.cpp	blob	100644	0cfdb2eb3fdb00353d0b2bd5f37ab20c78478812
mlir/lib/Analysis/AliasAnalysis.cpp	blob	100644	1382060f4dd9027592956a381e10a03e549f638e
mlir/lib/Analysis/AliasAnalysis/LocalAliasAnalysis.cpp	blob	100644	4a8c2de8562f8b91c96e19479eec11917fd6db0e
mlir/lib/Analysis/CFGLoopInfo.cpp	blob	100644	e03b664f9c72ed49970bc88370d1f0de9412521f
mlir/lib/Analysis/CMakeLists.txt	blob	100644	2712ab503663ea4a5c52c66acff16480ebef15aa
mlir/lib/Analysis/CallGraph.cpp	blob	100644	d6fe62d8e58d6e3dfb130f29a13491d0d5bda23c
mlir/lib/Analysis/DataFlow/ConstantPropagationAnalysis.cpp	blob	100644	e6e7491b041ee91a968fb760c085a9eab7339842
mlir/lib/Analysis/DataFlow/DeadCodeAnalysis.cpp	blob	100644	37aaf1f634a643e0a0ace0613c51b44ea172dcbf
mlir/lib/Analysis/DataFlow/DenseAnalysis.cpp	blob	100644	a2a9018b851ea010706e50b2b5e10eddd3f5020b
mlir/lib/Analysis/DataFlow/IntegerDivisibilityAnalysis.cpp	blob	100644	ba10a8b5a0060f3116f0d0d74b0d6df2d95444e8
mlir/lib/Analysis/DataFlow/IntegerRangeAnalysis.cpp	blob	100644	613772c2b74044f0f6daa35ef57055d73c259a84
mlir/lib/Analysis/DataFlow/LivenessAnalysis.cpp	blob	100644	07e3c98e0bb603887b490fc1812de9f38ff030ed
mlir/lib/Analysis/DataFlow/SparseAnalysis.cpp	blob	100644	3d9a375bfb2b700536b8474d4150ff7d8b569b4a
mlir/lib/Analysis/DataFlow/StridedMetadataRangeAnalysis.cpp	blob	100644	01c9dafaddf100fe56bf9767b2bc8711c086bfda
mlir/lib/Analysis/DataFlowFramework.cpp	blob	100644	e51ae7a1d7ca7ed2c2ddc54bb39d6f9fdbc60e50
mlir/lib/Analysis/DataLayoutAnalysis.cpp	blob	100644	4c8e6708f89993887323dac9a457f3981aea536f
mlir/lib/Analysis/FlatLinearValueConstraints.cpp	blob	100644	6d28387b0e5c8159d099aca8bba3d347dbf2ca89
mlir/lib/Analysis/Liveness.cpp	blob	100644	3fcc0b5a6ffef239ddcd5ca9e9985f5042ff11db
mlir/lib/Analysis/Presburger/Barvinok.cpp	blob	100644	e27658a37ad123b6dd5b6e03b771a8904e772d73
mlir/lib/Analysis/Presburger/CMakeLists.txt	blob	100644	6b9842a6160ab709b05cc41c5ccbd2cc173c670b
mlir/lib/Analysis/Presburger/IntegerRelation.cpp	blob	100644	94a15dc3f8663dfd6fc8a73d144e5d8bc16cd890
mlir/lib/Analysis/Presburger/LinearTransform.cpp	blob	100644	1e389ca69e4e8ead359cce6e4b7274724834d96f
mlir/lib/Analysis/Presburger/Matrix.cpp	blob	100644	7c55caa767c4517096a0dc2822e01f60d7a0c638
mlir/lib/Analysis/Presburger/PWMAFunction.cpp	blob	100644	2c55e406463458c27009dfcc85040d3179856a84
mlir/lib/Analysis/Presburger/PresburgerRelation.cpp	blob	100644	ea7dfdcd93c0d4cda985c39b0d58c770169974fb
mlir/lib/Analysis/Presburger/PresburgerSpace.cpp	blob	100644	532c464925b1a12871df439df98c0c1b02465c5b
mlir/lib/Analysis/Presburger/QuasiPolynomial.cpp	blob	100644	4e374d0178d4c1a976fc1f4de4c355ff5f6362af
mlir/lib/Analysis/Presburger/Simplex.cpp	blob	100644	f2e6f83e99e57f160aa39b2a6e10bb9d10ebcae3
mlir/lib/Analysis/Presburger/Utils.cpp	blob	100644	a06a854fd14260553567d8082a3cd1caf133c222
mlir/lib/Analysis/SliceAnalysis.cpp	blob	100644	d7a083cef7cc07306fdf04d6222a1b84e18ad25c
mlir/lib/Analysis/SliceWalk.cpp	blob	100644	53aa8f4115e388889cbbcc33c5543a86114a8f34
mlir/lib/Analysis/TopologicalSortUtils.cpp	blob	100644	99546e71533ae865654f5232ce9830b0aeac5a06
mlir/lib/AsmParser/AffineParser.cpp	blob	100644	1797611858c06062096aba8aeddb6a3909336b8c
mlir/lib/AsmParser/AsmParserImpl.h	blob	100644	3c60287a09a0f93cfa7e969110e801e37270ed04
mlir/lib/AsmParser/AsmParserState.cpp	blob	100644	2684b425166704103fda0743eadf4e61bdd499d5
mlir/lib/AsmParser/AttributeParser.cpp	blob	100644	ca8e4ae2cecbcca887eeff22292e1b612762cc25
mlir/lib/AsmParser/CMakeLists.txt	blob	100644	c5dc64673fac805ad96d432f92f0b1c60cc10df2
mlir/lib/AsmParser/DialectSymbolParser.cpp	blob	100644	8b14e71118c3a25083a2082cc7304147404f0371
mlir/lib/AsmParser/Lexer.cpp	blob	100644	161dcb4ca27c03120e0afb33a79fb7b33c118278
mlir/lib/AsmParser/Lexer.h	blob	100644	670444eb1f5b43b3e4c9199fe496ad45894de6cc
mlir/lib/AsmParser/LocationParser.cpp	blob	100644	fb0999bed201d5f87723502e0da581a50709db94
mlir/lib/AsmParser/Parser.cpp	blob	100644	952d7e460c6e2368873710c7898240184e14689d
mlir/lib/AsmParser/Parser.h	blob	100644	ecc128cf767b36c93839be73e135987dd203adb2
mlir/lib/AsmParser/ParserState.h	blob	100644	159058a18fa4e1ef45ad44b700b2fc046631a91a
mlir/lib/AsmParser/Token.cpp	blob	100644	5bf25bac6a5c6126264dd87e84e1aa2903153092
mlir/lib/AsmParser/Token.h	blob	100644	9cae80fd51da0db245a77911171b39737abfc59e
mlir/lib/AsmParser/TokenKinds.def	blob	100644	e9a883bdee92dbe80889d34b99cf5d0ff9a587a6
mlir/lib/AsmParser/TypeParser.cpp	blob	100644	0617e733171841be03cd5bc0547bb7b7ef0637dd
mlir/lib/Bindings/Python/AsyncPasses.cpp	blob	100644	cfb8dcaaa72ae3812f3df475d1f3282300379fe0
mlir/lib/Bindings/Python/DialectAMDGPU.cpp	blob	100644	05418852d466d4b63d6eae2440ab7490a4c06a03
mlir/lib/Bindings/Python/DialectGPU.cpp	blob	100644	067abda53d0a864968b2a07e41ca1093317e007b
mlir/lib/Bindings/Python/DialectIRDL.cpp	blob	100644	85567d9986e3a8a968988740baeacce9ce6cc28f
mlir/lib/Bindings/Python/DialectLLVM.cpp	blob	100644	ebc9dda5ffdaf576cde0e2f850967053b46ce94d
mlir/lib/Bindings/Python/DialectLinalg.cpp	blob	100644	f53aaae58e442e46d55b25f7f00ac3666e7fe076
mlir/lib/Bindings/Python/DialectNVGPU.cpp	blob	100644	00072a2ae9933d840e268bbbd66d5c13d4c8f39d
mlir/lib/Bindings/Python/DialectPDL.cpp	blob	100644	b4c9bac8688298221073dcede5a73c383cbc95d3
mlir/lib/Bindings/Python/DialectQuant.cpp	blob	100644	eeb9a4c6dc5e92b40c8e391b0de76bd6fbd12b1f
mlir/lib/Bindings/Python/DialectSMT.cpp	blob	100644	3e7fc4fbffe446b34ec349f41fb1665191d20392
mlir/lib/Bindings/Python/DialectSparseTensor.cpp	blob	100644	87646c58ba4a85b3abdd69bdf63b4c26518aae27
mlir/lib/Bindings/Python/DialectTransform.cpp	blob	100644	a4a91b28522cf6018f0167a826e58d3082bc6fb0
mlir/lib/Bindings/Python/ExecutionEngineModule.cpp	blob	100644	76dbd54ef04670cc6584040480db2841caff9675
mlir/lib/Bindings/Python/GPUPasses.cpp	blob	100644	be474edbe9639ae86ddb7bb2e3ea4d019b0839a3
mlir/lib/Bindings/Python/Globals.cpp	blob	100644	73e08c6a8b1c15eaa82b3e81c23595cc819f3060
mlir/lib/Bindings/Python/IRAffine.cpp	blob	100644	85c6a849fdb1e22293f2b902bf4371ba52b47d74
mlir/lib/Bindings/Python/IRAttributes.cpp	blob	100644	7fada5bbc85029dd146d563e98fafd72f06a2207
mlir/lib/Bindings/Python/IRCore.cpp	blob	100644	75cfd2a0a1c0b1e8e8395e27ffc037c9e8fb95db
mlir/lib/Bindings/Python/IRInterfaces.cpp	blob	100644	d16015acaf3dc292fa0cf4b8a9e8627e88b24f1f
mlir/lib/Bindings/Python/IRTypes.cpp	blob	100644	28796b73367006394e2f8294eeb04f07d77bc1e3
mlir/lib/Bindings/Python/LinalgPasses.cpp	blob	100644	49f2ea94151a0130060fe56e17c5de606f1209a8
mlir/lib/Bindings/Python/MainModule.cpp	blob	100644	93ce34b2e89f5a5d3125e421a7d8f89fe647e480
mlir/lib/Bindings/Python/Pass.cpp	blob	100644	6cf5066b244ebc15d08642866cdbb81f0559dcbe
mlir/lib/Bindings/Python/Pass.h	blob	100644	1a311666ebecd26875986a60437d8d5264ec4837
mlir/lib/Bindings/Python/RegisterEverything.cpp	blob	100644	3edcb099c0a243bfb0067ef7ebb12605fc0d7c49
mlir/lib/Bindings/Python/Rewrite.cpp	blob	100644	f799dd33aa71e24233e9c04fbfca2a6b306acf78
mlir/lib/Bindings/Python/Rewrite.h	blob	100644	fc48e0a254832e0e389c187dca1c48646ccf3360
mlir/lib/Bindings/Python/SparseTensorPasses.cpp	blob	100644	8242f0973a446c711d2ff5049689fef88ba7d917
mlir/lib/Bindings/Python/TransformInterpreter.cpp	blob	100644	b263e65ff8cf84867fb3184b6513c09dbab81114
mlir/lib/Bytecode/BytecodeOpInterface.cpp	blob	100644	e767f57b9bb444990f059d4e2705e634360094fe
mlir/lib/Bytecode/CMakeLists.txt	blob	100644	c89415f60d12401e93fc509abeeafae81094bee5
mlir/lib/Bytecode/Reader/BytecodeReader.cpp	blob	100644	96ead28d0aa4065b3496459092032e677d5f7fee
mlir/lib/Bytecode/Reader/CMakeLists.txt	blob	100644	3386cee2acfa9fd4ac67b24511016029401e1a42
mlir/lib/Bytecode/Writer/BytecodeWriter.cpp	blob	100644	90a1de6691d99086849175b0a666d8a794e105c5
mlir/lib/Bytecode/Writer/CMakeLists.txt	blob	100644	45d7f2158097bec79b9aa680ad5dd4c2caa8dddc
mlir/lib/Bytecode/Writer/IRNumbering.cpp	blob	100644	04625628fa5a69ea57ba5e9624fbcc7c35ffe087
mlir/lib/Bytecode/Writer/IRNumbering.h	blob	100644	f236e4a31c40d27ed8ef831afc87bb17cb6e1806
mlir/lib/CAPI/CMakeLists.txt	blob	100644	6c438508425b7c344b494b5a8ed06894c55806e9
mlir/lib/CAPI/Conversion/CMakeLists.txt	blob	100644	8cafc09d363cd067dda1813f6e970dbbff44d99f
mlir/lib/CAPI/Conversion/Passes.cpp	blob	100644	8e95f2245ec87ef4ff65a7caf0fadf0fb9e55b73
mlir/lib/CAPI/Debug/CMakeLists.txt	blob	100644	7b32f3ae00a0db0fe60a6245288de012a2d8bf11
mlir/lib/CAPI/Debug/Debug.cpp	blob	100644	320ece4998e04de0098ae272bc39d14626fc2d17
mlir/lib/CAPI/Dialect/AMDGPU.cpp	blob	100644	c981731d48e601c0bc352291a72bd15a24eef993
mlir/lib/CAPI/Dialect/AMDGPUPasses.cpp	blob	100644	d76ef760b9252b638e40f0e5d60b0122a33a195e
mlir/lib/CAPI/Dialect/Affine.cpp	blob	100644	b796523390a29eed44b0b68a4f2ef87d8ef8d9fb
mlir/lib/CAPI/Dialect/AffinePasses.cpp	blob	100644	ee7c6f6ed53d0ebcc82286ee781948f21e486fda
mlir/lib/CAPI/Dialect/Arith.cpp	blob	100644	993f77e555ad9935e7060e879980c45135fd3a21
mlir/lib/CAPI/Dialect/ArithPasses.cpp	blob	100644	bd994925bd61bb733116692891dead0cba8d1e74
mlir/lib/CAPI/Dialect/ArmNeon.cpp	blob	100644	d2da71f5430cd9781f9f695df522de5dee9d253a
mlir/lib/CAPI/Dialect/ArmSME.cpp	blob	100644	11d18e19d97a3bfd36c83337068b15183a99368f
mlir/lib/CAPI/Dialect/ArmSMEPasses.cpp	blob	100644	44a4a35d242f09502de9260438aa326e68d123da
mlir/lib/CAPI/Dialect/ArmSVE.cpp	blob	100644	9bf779c7540407f0ec6660ae5425866363fd1b39
mlir/lib/CAPI/Dialect/ArmSVEPasses.cpp	blob	100644	780dd669d398495861139419ccc3d2debd1f3170
mlir/lib/CAPI/Dialect/Async.cpp	blob	100644	182cbf9dfd71b612aca21cf8ca90f677a4aa1805
mlir/lib/CAPI/Dialect/AsyncPasses.cpp	blob	100644	aa2074dcd173700b0e1deb276a4e13b234bd8007
mlir/lib/CAPI/Dialect/Bufferization.cpp	blob	100644	8a76b7c391bed6bfe77557c3784bca461375675f
mlir/lib/CAPI/Dialect/BufferizationPasses.cpp	blob	100644	2b914a04df955fd693d1144a8b3b8e2a6344a705
mlir/lib/CAPI/Dialect/CMakeLists.txt	blob	100644	551f5a5a3df771660bef3388513c10fa55e06177
mlir/lib/CAPI/Dialect/Complex.cpp	blob	100644	ddf648b8b705cd20567edf0a0cc76bf5d0c28c0c
mlir/lib/CAPI/Dialect/ControlFlow.cpp	blob	100644	1e5b2de1c2e58b2fc83dbae87055a7e690747db6
mlir/lib/CAPI/Dialect/DLTI.cpp	blob	100644	be17b28fca96a798acf7a5cfba6d64e635cdb38a
mlir/lib/CAPI/Dialect/EmitC.cpp	blob	100644	2c158744e48f9bd63d107e023ba1e293dc6efb82
mlir/lib/CAPI/Dialect/EmitCPasses.cpp	blob	100644	e07c13a862e2f00356a2ec63b438ae2b621ed1c2
mlir/lib/CAPI/Dialect/Func.cpp	blob	100644	8265b61b984269174744b9bf265df57cf9c49e73
mlir/lib/CAPI/Dialect/FuncPasses.cpp	blob	100644	96c957f510d2aa2227c769995402bb6b3cab0aad
mlir/lib/CAPI/Dialect/GPU.cpp	blob	100644	df41f3462942d78e69653f8b25a48ab4f8bc3d3f
mlir/lib/CAPI/Dialect/GPUPasses.cpp	blob	100644	5128c63ecb511f8d6a669e211894c6a6e7f368f2
mlir/lib/CAPI/Dialect/IRDL.cpp	blob	100644	0cd65abd2c505c6f5ca99f9205a16d3c888e6a4a
mlir/lib/CAPI/Dialect/Index.cpp	blob	100644	84579143605f99c23813dfeb5ddc839c34d2e503
mlir/lib/CAPI/Dialect/LLVM.cpp	blob	100644	9885ae7b2b77f0b05e1a25669813ce8cc03a8f3e
mlir/lib/CAPI/Dialect/LLVMPasses.cpp	blob	100644	ab39c6d5d6e2a02d8795c467463e246945ab76c1
mlir/lib/CAPI/Dialect/Linalg.cpp	blob	100644	92ead3eed9a954d0b8950efe05637803dfc0535b
mlir/lib/CAPI/Dialect/LinalgPasses.cpp	blob	100644	6677476d8a183be5badfe99ddb792fe81d3a990f
mlir/lib/CAPI/Dialect/MLProgram.cpp	blob	100644	525b958d995a76e961663c5ea7c0529654c72e78
mlir/lib/CAPI/Dialect/MLProgramPasses.cpp	blob	100644	ba8b33ffded4f6cd58cbb26fcf1ea102cfd0d107
mlir/lib/CAPI/Dialect/MPI.cpp	blob	100644	3f75008aab3c461dd1bf5bf8bef23cbab3eb26aa
mlir/lib/CAPI/Dialect/Math.cpp	blob	100644	483e549a3cda56b84ba665ea537641f3b788083b
mlir/lib/CAPI/Dialect/MathPasses.cpp	blob	100644	8b20a25fe35b8b5b8e363bed222767f152475a59
mlir/lib/CAPI/Dialect/MemRef.cpp	blob	100644	cfcdea9743ca3e06ecff5d20d44a3c2552087996
mlir/lib/CAPI/Dialect/MemRefPasses.cpp	blob	100644	fa258d459048c2a1a90ae4b6b1bdd01d5c4ba2a9
mlir/lib/CAPI/Dialect/NVGPU.cpp	blob	100644	044e6b09db83d8c61f1770bd30829eedd0c06462
mlir/lib/CAPI/Dialect/NVGPUPasses.cpp	blob	100644	7d225947a7494f07e0bb4f26f46471c8c7ff770b
mlir/lib/CAPI/Dialect/NVVM.cpp	blob	100644	a87581664bbabab2ba71703642261f8ad2040b06
mlir/lib/CAPI/Dialect/OpenACC.cpp	blob	100644	b304a8a5aacb1378a2d9aa599d103608620d0860
mlir/lib/CAPI/Dialect/OpenACCPasses.cpp	blob	100644	c81bfb66a25e35aa0c2e88a2454e9098beede436
mlir/lib/CAPI/Dialect/OpenMP.cpp	blob	100644	3ffa57ab575ffa14eb133925c69aa448470f55d8
mlir/lib/CAPI/Dialect/PDL.cpp	blob	100644	b0580816da2c49635ad2d66d9dab6a89ef95a9f9
mlir/lib/CAPI/Dialect/PDLInterp.cpp	blob	100644	3d57397d25c0a6fa80a5fc9274448b4fb1f0b444
mlir/lib/CAPI/Dialect/Ptr.cpp	blob	100644	89780d77c1f8ca01a45dff8a50a330ecb035701d
mlir/lib/CAPI/Dialect/Quant.cpp	blob	100644	f45bcc1832cbc6c7dac58786c57d2e7c37400475
mlir/lib/CAPI/Dialect/ROCDL.cpp	blob	100644	63e2fa881670d80be1e62c529fcc7cf9556b28f8
mlir/lib/CAPI/Dialect/SCF.cpp	blob	100644	17751b1c9d20a99b92d5c87986844ff932a5cf2d
mlir/lib/CAPI/Dialect/SCFPasses.cpp	blob	100644	7e904be5bf2fc967b55ab2e3251931918e19b2ab
mlir/lib/CAPI/Dialect/SMT.cpp	blob	100644	e90ca0130e298bd3c664b20257a8564f6533d850
mlir/lib/CAPI/Dialect/SPIRV.cpp	blob	100644	9bfe26b9598e23903d57aba8ff004b01e1595243
mlir/lib/CAPI/Dialect/SPIRVPasses.cpp	blob	100644	7201c837a3815e9748b2e9e03ead2b300fcf8c8f
mlir/lib/CAPI/Dialect/Shape.cpp	blob	100644	1f8e83a0c7294a2676d62a81ad017b124f293ce2
mlir/lib/CAPI/Dialect/ShapePasses.cpp	blob	100644	792bbc5cfb85e25dee73ee7c2d220b91ce406842
mlir/lib/CAPI/Dialect/Shard.cpp	blob	100644	4bf72b1d62ca263fa9110dd7e7071a042dea9596
mlir/lib/CAPI/Dialect/ShardPasses.cpp	blob	100644	032882b949e336e69adddaf61e096ee3407fbcc5
mlir/lib/CAPI/Dialect/SparseTensor.cpp	blob	100644	aab3b640bd9ccbc9acaade8bdf094e117004dafb
mlir/lib/CAPI/Dialect/SparseTensorPasses.cpp	blob	100644	5b2ba4ca7aa31044b11b66a970540c43e562ee47
mlir/lib/CAPI/Dialect/Tensor.cpp	blob	100644	266efc26b6f96584012190382c6f162a47601fed
mlir/lib/CAPI/Dialect/TensorPasses.cpp	blob	100644	6dae87713ecf8130623190d9786ae683ea59df7b
mlir/lib/CAPI/Dialect/Tosa.cpp	blob	100644	357717a2ed5a507ac17215969a464ea70e05c88d
mlir/lib/CAPI/Dialect/TosaPasses.cpp	blob	100644	be2e61bed65bf1c0f91bb77536f0d1d8b9777d93
mlir/lib/CAPI/Dialect/Transform.cpp	blob	100644	1ed14255bf5e0c71c0a4570fd139cac479afca3b
mlir/lib/CAPI/Dialect/TransformInterpreter.cpp	blob	100644	145455e1c1b3d2b287a140180ae09d59dce75791
mlir/lib/CAPI/Dialect/TransformPasses.cpp	blob	100644	957cc1984311a34fa28fb655c8f2fab1bde574df
mlir/lib/CAPI/Dialect/UB.cpp	blob	100644	6508a6a42c4b99b58cd06467205dac7092bd42e8
mlir/lib/CAPI/Dialect/VCIX.cpp	blob	100644	22a51ddb69d822d892b2e2c51f0288a1fa0fd29c
mlir/lib/CAPI/Dialect/Vector.cpp	blob	100644	c744b83b6990d90bc2ee4bf6b5f2f8d661149876
mlir/lib/CAPI/Dialect/VectorPasses.cpp	blob	100644	f9d71873f0c5a8e0a63b171a03f2edd82782091b
mlir/lib/CAPI/Dialect/WasmSSA.cpp	blob	100644	976d8924df82e07048fc5e0af2a57fd7c3300bd5
mlir/lib/CAPI/Dialect/X86.cpp	blob	100644	70cb7136d4c466e27be5ef0cb7c6d09de6b62af7
mlir/lib/CAPI/Dialect/XeGPU.cpp	blob	100644	e8768e3bf3951ba4611bc1f82f830456a359fa5b
mlir/lib/CAPI/Dialect/XeVM.cpp	blob	100644	4956714b15b1466c7479d123e682ea3fbc7926f1
mlir/lib/CAPI/ExecutionEngine/CMakeLists.txt	blob	100644	bf7dff897ab6d428ce5b19f84bd20fd5d0fbe6ac
mlir/lib/CAPI/ExecutionEngine/ExecutionEngine.cpp	blob	100644	ec6f89effb7092724fde5bb7e7dff429a81b4c3f
mlir/lib/CAPI/IR/AffineExpr.cpp	blob	100644	5a0a03b11ae45791486444939654fb22277516d7
mlir/lib/CAPI/IR/AffineMap.cpp	blob	100644	1889765ef8642116c4c12c8206b7a299d536afec
mlir/lib/CAPI/IR/BuiltinAttributes.cpp	blob	100644	4ced5fe111645efe2099fbf8ec38360ac17e1109
mlir/lib/CAPI/IR/BuiltinTypes.cpp	blob	100644	073fe112d614584a1cdfe33451f6c85e2d22f88c
mlir/lib/CAPI/IR/CMakeLists.txt	blob	100644	8bc76677d2bfd2f5f7affe62d21d253d444ef241
mlir/lib/CAPI/IR/Diagnostics.cpp	blob	100644	4a13ae57611d8e50d53ca9f9db978a06fa90017d
mlir/lib/CAPI/IR/DialectHandle.cpp	blob	100644	19f64d9482179e575ac1ed949323c9d0099fcf9c
mlir/lib/CAPI/IR/Dominance.cpp	blob	100644	83c4f5237aa16bde003d7024c806d2178ea5971f
mlir/lib/CAPI/IR/ExtensibleDialect.cpp	blob	100644	2b4d5af0c9f13f6e30638bcd7b5a2af6d7350881
mlir/lib/CAPI/IR/IR.cpp	blob	100644	ef730b26cdd5d833781cac21f957f1a245178a89
mlir/lib/CAPI/IR/IntegerSet.cpp	blob	100644	43d48e415d27a2613411132633d037dd63acf2f8
mlir/lib/CAPI/IR/Pass.cpp	blob	100644	72bec11f7c7deaa25d71789f72cd70242b1d4ea7
mlir/lib/CAPI/IR/Support.cpp	blob	100644	343f718ce7e7e93513d9b8d1d3e919c5233e9cf8
mlir/lib/CAPI/Interfaces/CMakeLists.txt	blob	100644	dbe3f3397598065d4ad62b2c7425cd11b72151ed
mlir/lib/CAPI/Interfaces/Interfaces.cpp	blob	100644	1bf8dffa9c43195f4d3dba25ca862702a9f7b581
mlir/lib/CAPI/RegisterEverything/CMakeLists.txt	blob	100644	ccda668ece3d48279bdca75c3f00c66e75238c54
mlir/lib/CAPI/RegisterEverything/RegisterEverything.cpp	blob	100644	c1c4a418b25526b24a326b025279453484e4f239
mlir/lib/CAPI/Target/CMakeLists.txt	blob	100644	8fbb7aa954d9e75480d55eb1ab0acfdc766e7ac7
mlir/lib/CAPI/Target/ExportSMTLIB.cpp	blob	100644	be17143ec9c4aa2d56432aae4d4d546ab5f6565e
mlir/lib/CAPI/Target/LLVMIR.cpp	blob	100644	00229dffafb6131fa76f0a82801d4dfb23faccc6
mlir/lib/CAPI/Transforms/CMakeLists.txt	blob	100644	6c67aa09fdf40290a1f6ee0fa57b1144b283d8f6
mlir/lib/CAPI/Transforms/Passes.cpp	blob	100644	af4f2011fa7783c5ae80316b7b3ba5744f93b38f
mlir/lib/CAPI/Transforms/Rewrite.cpp	blob	100644	e54c7dcd7271aa985f5dcabb931d1452955b3641
mlir/lib/CMakeLists.txt	blob	100644	576942b78f4a85cbb7006d21ddcd579f1c9d6dce
mlir/lib/Conversion/AMDGPUToROCDL/AMDGPUToROCDL.cpp	blob	100644	d0f7d2ba7236176254549d5aa517ac2cb1c3f22f
mlir/lib/Conversion/AMDGPUToROCDL/CMakeLists.txt	blob	100644	25cceb9d1d37f1dca1d57c67b47c2fd4440fe1e6
mlir/lib/Conversion/AffineToStandard/AffineToStandard.cpp	blob	100644	367826c93e243f3444e9e876d45d58fedbc59d43
mlir/lib/Conversion/AffineToStandard/CMakeLists.txt	blob	100644	cd8193aee8da3262434087e3dfa5be3826dd1bf5
mlir/lib/Conversion/ArithAndMathToAPFloat/ArithToAPFloat.cpp	blob	100644	bf80a12429bdfe41a1405f70f5b67694c2dc2faa
mlir/lib/Conversion/ArithAndMathToAPFloat/CMakeLists.txt	blob	100644	a7a89a0a463fca90388319b80da27dbf8efa39d7
mlir/lib/Conversion/ArithAndMathToAPFloat/MathToAPFloat.cpp	blob	100644	af4a42aa308b33f452d176bce9ca7df228566fe3
mlir/lib/Conversion/ArithAndMathToAPFloat/Utils.cpp	blob	100644	01f55a8da15a301e4d77350f052128315cf8e4ea
mlir/lib/Conversion/ArithAndMathToAPFloat/Utils.h	blob	100644	dfadf9449b497486e751c5f49e9c2f242ab5c63a
mlir/lib/Conversion/ArithCommon/AttrToLLVMConverter.cpp	blob	100644	cf60a048f782c6aa0caae292cc6b8229591f6098
mlir/lib/Conversion/ArithCommon/CMakeLists.txt	blob	100644	888c45f2e52fe1936e6826f7724d96981165e856
mlir/lib/Conversion/ArithToAMDGPU/ArithToAMDGPU.cpp	blob	100644	cf44c2a0033ac440194ae91547d9161f0dc304c5
mlir/lib/Conversion/ArithToAMDGPU/CMakeLists.txt	blob	100644	50be09ab5a7c5b60f049e934b782e361afb8dac5
mlir/lib/Conversion/ArithToArmSME/ArithToArmSME.cpp	blob	100644	ce929c14f66dd7dd6eada210184df6cf8724c9c7
mlir/lib/Conversion/ArithToArmSME/CMakeLists.txt	blob	100644	c2a6fe5398e7c80d4945d84416c45266bb6c6fc9
mlir/lib/Conversion/ArithToEmitC/ArithToEmitC.cpp	blob	100644	91dde9018a288cfd157ad7d3be407ea90f2bb8a0
mlir/lib/Conversion/ArithToEmitC/ArithToEmitCPass.cpp	blob	100644	e19a7b4d105cd982031cc34599c5efe914679018
mlir/lib/Conversion/ArithToEmitC/CMakeLists.txt	blob	100644	46f9aacbb14e188a79881013e0abf33534d11e24
mlir/lib/Conversion/ArithToLLVM/ArithToLLVM.cpp	blob	100644	4e8ef252a10c9fb54999e5690e139d1a0e53e007
mlir/lib/Conversion/ArithToLLVM/CMakeLists.txt	blob	100644	0a0e25e18b47afb6daed7dd825a8bb6e37809c23
mlir/lib/Conversion/ArithToSPIRV/ArithToSPIRV.cpp	blob	100644	614ac2b43b5f284a99288f1db59ade87c3f1cd50
mlir/lib/Conversion/ArithToSPIRV/CMakeLists.txt	blob	100644	a5385d9cee6afbaee62b2c8056d73a3b0e825e95
mlir/lib/Conversion/ArmNeon2dToIntr/ArmNeon2dToIntr.cpp	blob	100644	e34b3688e95d9ff11fc9a2f15768f32ede040b69
mlir/lib/Conversion/ArmNeon2dToIntr/CMakeLists.txt	blob	100644	bab9d6e289418fde5355934e181a1eab94bbd61c
mlir/lib/Conversion/ArmSMEToLLVM/ArmSMEToLLVM.cpp	blob	100644	9bc61c8284c6afb02128e23bcf5e28e263d471eb
mlir/lib/Conversion/ArmSMEToLLVM/CMakeLists.txt	blob	100644	d0a921296668d31a0e30e43db6f839a04007ab52
mlir/lib/Conversion/ArmSMEToSCF/ArmSMEToSCF.cpp	blob	100644	1002ebe6875b623fbfd6adff4dc9ac7c4291b3aa
mlir/lib/Conversion/ArmSMEToSCF/CMakeLists.txt	blob	100644	467c3b942e754f4ef14dfbf4c81e139ce268eb14
mlir/lib/Conversion/AsyncToLLVM/AsyncToLLVM.cpp	blob	100644	46e53e71d35f5844df41f646d8b0c345d887d6dd
mlir/lib/Conversion/AsyncToLLVM/CMakeLists.txt	blob	100644	ca692bb2a1b6d1b8d24939f8e9bbae8228ace129
mlir/lib/Conversion/BufferizationToMemRef/BufferizationToMemRef.cpp	blob	100644	3edcbb8d49ce06ac43bff8084af623925de594dd
mlir/lib/Conversion/BufferizationToMemRef/CMakeLists.txt	blob	100644	fc32d3dcf2cb64b5e9de74ffe282b5707e3fecd5
mlir/lib/Conversion/CMakeLists.txt	blob	100644	cee1a069ad3b1d3c66a9f15371890982d729ff7b
mlir/lib/Conversion/ComplexCommon/CMakeLists.txt	blob	100644	2560a4a5631f4429301ac0d2193cc4908dffcfbc
mlir/lib/Conversion/ComplexCommon/DivisionConverter.cpp	blob	100644	14fbb9bf09545ffd2433090925c2c199af34261f
mlir/lib/Conversion/ComplexToLLVM/CMakeLists.txt	blob	100644	074bc4bc3f0d7e6cd4646a3d9b2a8a4348b0ff2f
mlir/lib/Conversion/ComplexToLLVM/ComplexToLLVM.cpp	blob	100644	ceda3888360ceee867d1b43ba1d428dea1ac2405
mlir/lib/Conversion/ComplexToLibm/CMakeLists.txt	blob	100644	5465e4b9fd96949aa22e9f7031412dba612a6413
mlir/lib/Conversion/ComplexToLibm/ComplexToLibm.cpp	blob	100644	f83cac751ff0503ed23bed3085fbc73170665985
mlir/lib/Conversion/ComplexToROCDLLibraryCalls/CMakeLists.txt	blob	100644	695bb2dd0a82cf047584cc20a126da020305ef1d
mlir/lib/Conversion/ComplexToROCDLLibraryCalls/ComplexToROCDLLibraryCalls.cpp	blob	100644	12adfe13a5685e971ebe91b02ab8431dc25afeba
mlir/lib/Conversion/ComplexToSPIRV/CMakeLists.txt	blob	100644	59bc1a9538fd53da84e1e3e481806ccf9234e167
mlir/lib/Conversion/ComplexToSPIRV/ComplexToSPIRV.cpp	blob	100644	eb0f81dfecf3083d54f4fcaeba02d4d6eb643368
mlir/lib/Conversion/ComplexToSPIRV/ComplexToSPIRVPass.cpp	blob	100644	519a90e7f306a0f7fce250f7d155867ce4e20bdf
mlir/lib/Conversion/ComplexToStandard/CMakeLists.txt	blob	100644	c3cf92f57b48dcd95b8d7dc8290604c9f937adc5
mlir/lib/Conversion/ComplexToStandard/ComplexToStandard.cpp	blob	100644	53d820ea960a6afc2f6da2f31f7356bfc6a45d38
mlir/lib/Conversion/ControlFlowToLLVM/CMakeLists.txt	blob	100644	dcc78c8367a43f4af977ea012dbccb6e7576d721
mlir/lib/Conversion/ControlFlowToLLVM/ControlFlowToLLVM.cpp	blob	100644	fef78a46d69fc697a39e0518c4105f33a26b1362
mlir/lib/Conversion/ControlFlowToSCF/CMakeLists.txt	blob	100644	e2f1677b1d0695b0cfc86f9f1d03781ab6748203
mlir/lib/Conversion/ControlFlowToSCF/ControlFlowToSCF.cpp	blob	100644	987b4b7167164f788a28ffe7d09c2e5fa16e9126
mlir/lib/Conversion/ControlFlowToSPIRV/CMakeLists.txt	blob	100644	5be89822c0b0dd77ec8fd0225d85dacdd700351a
mlir/lib/Conversion/ControlFlowToSPIRV/ControlFlowToSPIRV.cpp	blob	100644	7fa6cb4448f80bc8846782502876f2f5ca528ce3
mlir/lib/Conversion/ControlFlowToSPIRV/ControlFlowToSPIRVPass.cpp	blob	100644	56b6181018153786f110ba7b63372fe0aa9d6980
mlir/lib/Conversion/ConvertToEmitC/CMakeLists.txt	blob	100644	e893d5cd1d35e25faf5d52540f48f83f95b5e707
mlir/lib/Conversion/ConvertToEmitC/ConvertToEmitCPass.cpp	blob	100644	ca66af051a4e8a19273bddd0c9d7b25350ff5f5b
mlir/lib/Conversion/ConvertToLLVM/CMakeLists.txt	blob	100644	c71711ba2ebedbe928d928bd9c8e974aeb03e3e7
mlir/lib/Conversion/ConvertToLLVM/ConvertToLLVMPass.cpp	blob	100644	ab558d9a93be8ba610239f91f49919b54473100b
mlir/lib/Conversion/ConvertToLLVM/ToLLVMInterface.cpp	blob	100644	c70b5f000107a590db021f3e9bb9711a16b1ed5a
mlir/lib/Conversion/EmitCCommon/CMakeLists.txt	blob	100644	a47f14bfda114ef2282b9e26e4d4f097ecdb22a4
mlir/lib/Conversion/EmitCCommon/TypeConverter.cpp	blob	100644	1722fb95524d59196e3bb1951780fc9ebabddc22
mlir/lib/Conversion/FuncToEmitC/CMakeLists.txt	blob	100644	c5d831f59379dbe3645cb903b15d22eaed5011aa
mlir/lib/Conversion/FuncToEmitC/FuncToEmitC.cpp	blob	100644	81d15be7d548e730fdbd20d3790c4eabaf6bb891
mlir/lib/Conversion/FuncToEmitC/FuncToEmitCPass.cpp	blob	100644	d7052ad9837c1d29df009d01d67720406495fb9e
mlir/lib/Conversion/FuncToLLVM/CMakeLists.txt	blob	100644	17d8dad335c55d8a46150ab47dcf627cf3fc736e
mlir/lib/Conversion/FuncToLLVM/FuncToLLVM.cpp	blob	100644	2686158f67e76c9ee74fb25a312fb8814c6a39b1
mlir/lib/Conversion/FuncToSPIRV/CMakeLists.txt	blob	100644	fca2c670915ad112a91aa1d3b9be13e8e0d64b58
mlir/lib/Conversion/FuncToSPIRV/FuncToSPIRV.cpp	blob	100644	7ceab394a67ff6667cced8c07a61db0a2bc0571c
mlir/lib/Conversion/FuncToSPIRV/FuncToSPIRVPass.cpp	blob	100644	ec6f4604f1a68122bfcdf99ed7eee537c7daeeb9
mlir/lib/Conversion/GPUCommon/AttrToSPIRVConverter.cpp	blob	100644	bc50879f7a8d3d193ec846761a5cf0a37193474c
mlir/lib/Conversion/GPUCommon/CMakeLists.txt	blob	100644	8bcde866ee00d59078b7686b6faffe0849354336
mlir/lib/Conversion/GPUCommon/GPUOpsLowering.cpp	blob	100644	eeb90a7ff8150020a1740cec8004a5c6f4772e9e
mlir/lib/Conversion/GPUCommon/GPUOpsLowering.h	blob	100644	dca4ee23ff3d1c0809e41f66b647c1b43c79a601
mlir/lib/Conversion/GPUCommon/GPUToLLVMConversion.cpp	blob	100644	80b9a15ac9a41ef1585be18213c7eeac04200b73
mlir/lib/Conversion/GPUCommon/IndexIntrinsicsOpLowering.cpp	blob	100644	c27236415abb1341e562533c1ee271b5e4b9b252
mlir/lib/Conversion/GPUCommon/IndexIntrinsicsOpLowering.h	blob	100644	777f3b92b941ca1f6d100ff25f0487a71852d9c7
mlir/lib/Conversion/GPUCommon/OpToFuncCallLowering.h	blob	100644	cb9b6da0718390aee9d1f85dd6e5c14a64b98093
mlir/lib/Conversion/GPUToLLVMSPV/CMakeLists.txt	blob	100644	f2381c623e20141af89c1c461716b487d27dad81
mlir/lib/Conversion/GPUToLLVMSPV/GPUToLLVMSPV.cpp	blob	100644	5df9193cf27f175d6f6be96166eb43efa3cd59e9
mlir/lib/Conversion/GPUToNVVM/CMakeLists.txt	blob	100644	06137bdb41d71fa4934281a5aa64cb4f1fa8a8aa
mlir/lib/Conversion/GPUToNVVM/LowerGpuOpsToNVVMOps.cpp	blob	100644	80420c26537c31d4037e0765da9d9e5ab6b7935e
mlir/lib/Conversion/GPUToNVVM/WmmaOpsToNvvm.cpp	blob	100644	6254de81780f58ee0485881e72733b4a4534b6c5
mlir/lib/Conversion/GPUToROCDL/CMakeLists.txt	blob	100644	945e3ccdfa87bbf79b4200878d76a99710f6029f
mlir/lib/Conversion/GPUToROCDL/GPUToROCDL.td	blob	100644	79ff2e0d3928801db9fb975b2514e12a1bc0d3d5
mlir/lib/Conversion/GPUToROCDL/LowerGpuOpsToROCDLOps.cpp	blob	100644	a3819df4f8a840499df8a8b970cddb0012b3560d
mlir/lib/Conversion/GPUToSPIRV/CMakeLists.txt	blob	100644	7e97eeb2e2496a86319e73087b03ef2b710e080b
mlir/lib/Conversion/GPUToSPIRV/GPUToSPIRV.cpp	blob	100644	609dbe57a9a461d6999748c13fdd20c5c74c3393
mlir/lib/Conversion/GPUToSPIRV/GPUToSPIRVPass.cpp	blob	100644	1b49e9d6305f1f12d2be831bfe7f304fa7b51bf1
mlir/lib/Conversion/GPUToSPIRV/WmmaOpsToSPIRV.cpp	blob	100644	f3d57cf317c2a9abe405de369d23c1abd2140fa1
mlir/lib/Conversion/IndexToLLVM/CMakeLists.txt	blob	100644	a33a61852d74874586b8d8ee72a06f8fe9cf7d26
mlir/lib/Conversion/IndexToLLVM/IndexToLLVM.cpp	blob	100644	ba7d2b6fb83aa78628832f9c3a7a3e84aa9347bb
mlir/lib/Conversion/IndexToSPIRV/CMakeLists.txt	blob	100644	a02d2d40a9a2fa4b2343b1e9c7368eca5b6c2999
mlir/lib/Conversion/IndexToSPIRV/IndexToSPIRV.cpp	blob	100644	92526da965157dd391ad930a466762d16781c17c
mlir/lib/Conversion/LLVMCommon/CMakeLists.txt	blob	100644	e7175445618c302bf6a447cc2b3c6c94a2b87d66
mlir/lib/Conversion/LLVMCommon/ConversionTarget.cpp	blob	100644	56b4bd7d30a1044d732c24675567a1f09f7eb0e8
mlir/lib/Conversion/LLVMCommon/LowerFunctionDiscardablesToLLVM.cpp	blob	100644	5427877fdfd8d79852c13ab25740a02a5626ff95
mlir/lib/Conversion/LLVMCommon/LoweringOptions.cpp	blob	100644	3ffbbafd0f23d0b7427028414416704cc9701d04
mlir/lib/Conversion/LLVMCommon/MemRefBuilder.cpp	blob	100644	522e91421ff554bc11f938e887e301021ff18669
mlir/lib/Conversion/LLVMCommon/MemRefDescriptor.h	blob	100644	d0471b6a9fe870c7201128217cd83e0a2dd05edb
mlir/lib/Conversion/LLVMCommon/Pattern.cpp	blob	100644	2e0d92c3ba84759cfc40898dad69b3fe079ab3aa
mlir/lib/Conversion/LLVMCommon/PrintCallHelper.cpp	blob	100644	da4443dc86053aaf3663cbd588cbf8c4f60f79a6
mlir/lib/Conversion/LLVMCommon/StructBuilder.cpp	blob	100644	13ed4628c3c9e086deb951d16e1cc291d9fca3fc
mlir/lib/Conversion/LLVMCommon/TypeConverter.cpp	blob	100644	b267623d9b80e994715e96295e4f1b84f16e768a
mlir/lib/Conversion/LLVMCommon/VectorPattern.cpp	blob	100644	24b01259f0499dd19683b61ccf7c7148bcde0710
mlir/lib/Conversion/LinalgToStandard/CMakeLists.txt	blob	100644	7fc4af54031855245a158e9ec0f9f8465b75a188
mlir/lib/Conversion/LinalgToStandard/LinalgToStandard.cpp	blob	100644	54c554eb6bd93b59cf0af00629146ae568cdd9a9
mlir/lib/Conversion/MPIToLLVM/CMakeLists.txt	blob	100644	51ffbd1fa42ab26dd7bd82bbe74c91b235b347a5
mlir/lib/Conversion/MPIToLLVM/MPIToLLVM.cpp	blob	100644	70aa735655e18b2a59715c0d817d4c82d075de41
mlir/lib/Conversion/MathToEmitC/CMakeLists.txt	blob	100644	12a99c31e2ba556c48ea8de0aa0e3b5ccb73cbb0
mlir/lib/Conversion/MathToEmitC/MathToEmitC.cpp	blob	100644	77d7ce236e4354396dd4f608e1ddfb75957306d3
mlir/lib/Conversion/MathToEmitC/MathToEmitCPass.cpp	blob	100644	87a27644210fae25b30608acdc1d90e467c2cfc0
mlir/lib/Conversion/MathToFuncs/CMakeLists.txt	blob	100644	2ac191cac22a03f0a2485725fe4bbf589d03e3da
mlir/lib/Conversion/MathToFuncs/MathToFuncs.cpp	blob	100644	2774adb071c91d44cd95dd99c43a0bf940cb7fb5
mlir/lib/Conversion/MathToLLVM/CMakeLists.txt	blob	100644	97393fc849691a949021d79c3510beadd3247ecb
mlir/lib/Conversion/MathToLLVM/MathToLLVM.cpp	blob	100644	1ed1ffd005d49ec8be2d5fcedddae3757b8c4c39
mlir/lib/Conversion/MathToLibm/CMakeLists.txt	blob	100644	0a4eb97474f3ab956cd8087073b45e14942c66ec
mlir/lib/Conversion/MathToLibm/MathToLibm.cpp	blob	100644	d43b70467cd04e2e4be05f9f95018dd23a29118c
mlir/lib/Conversion/MathToNVVM/CMakeLists.txt	blob	100644	589700d32646c085d25a5420478e83a5d595480b
mlir/lib/Conversion/MathToNVVM/MathToNVVM.cpp	blob	100644	80619f204df7063b748bd235f972898c2ea12f38
mlir/lib/Conversion/MathToROCDL/CMakeLists.txt	blob	100644	8cc3fde8278305498bbbbff27f0ae576f9a28a1e
mlir/lib/Conversion/MathToROCDL/MathToROCDL.cpp	blob	100644	a922338176f11f2aacb1761d8ebba5b01b20093a
mlir/lib/Conversion/MathToSPIRV/CMakeLists.txt	blob	100644	cbeb7a241b08d9c67999bbceaea277e300244c00
mlir/lib/Conversion/MathToSPIRV/MathToSPIRV.cpp	blob	100644	094caf7fcc2b1bfa7b8fdff69abfd66d9ad190e3
mlir/lib/Conversion/MathToSPIRV/MathToSPIRVPass.cpp	blob	100644	2f0ea2e523fa6ec948884685f16fbce7825119ab
mlir/lib/Conversion/MathToXeVM/CMakeLists.txt	blob	100644	e8551d5ba70f26102641a65ff6e4c4899e970325
mlir/lib/Conversion/MathToXeVM/MathToXeVM.cpp	blob	100644	7143dcc19ff10b8cd345615857746c79fcbd6032
mlir/lib/Conversion/MemRefToEmitC/CMakeLists.txt	blob	100644	23a40e7e48b8dd1738d86ba6e7ffed6c8e9a3147
mlir/lib/Conversion/MemRefToEmitC/MemRefToEmitC.cpp	blob	100644	9ac49e2eb1a143c8dc208dc859c3e5d05ef87d3c
mlir/lib/Conversion/MemRefToEmitC/MemRefToEmitCPass.cpp	blob	100644	6a3e096ac5a18f9ac4c01932db8721cf8fb93663
mlir/lib/Conversion/MemRefToLLVM/CMakeLists.txt	blob	100644	9da4b23d42f41368cd53c50b830a5bd92cef2d34
mlir/lib/Conversion/MemRefToLLVM/MemRefToLLVM.cpp	blob	100644	206dd5b992fc275ec3e0416125f5fd294fb5f4f7
mlir/lib/Conversion/MemRefToSPIRV/CMakeLists.txt	blob	100644	ca49f93748ce712270bcb2af6969e0af05e2c1d6
mlir/lib/Conversion/MemRefToSPIRV/MapMemRefStorageClassPass.cpp	blob	100644	1fbc5a03987e8c33abc96ce8727ce3b5009b19b6
mlir/lib/Conversion/MemRefToSPIRV/MemRefToSPIRV.cpp	blob	100644	88802b9e2e5584afb971feb3190870d1fa7f78ef
mlir/lib/Conversion/MemRefToSPIRV/MemRefToSPIRVPass.cpp	blob	100644	b06ab44d159af501b8cf8e5cbff7cefa297b4365
mlir/lib/Conversion/NVGPUToNVVM/CMakeLists.txt	blob	100644	2e0a417bd823d868447e24e8fb168e3f3091d310
mlir/lib/Conversion/NVGPUToNVVM/NVGPUToNVVM.cpp	blob	100644	b155505a2dae1c2cede5e75e5003baebca3d9899
mlir/lib/Conversion/NVVMToLLVM/CMakeLists.txt	blob	100644	23174d11287199130bafb4ed54f0f936e89618f7
mlir/lib/Conversion/NVVMToLLVM/NVVMToLLVM.cpp	blob	100644	fdbc75449453c9c4aad2060c0530ce29298f5077
mlir/lib/Conversion/OpenACCToLLVM/ACCExecutableDirectivePatterns.cpp	blob	100644	ae4090d00bd260b71058257be566fbd8e7664576
mlir/lib/Conversion/OpenACCToLLVM/ACCToLLVM.cpp	blob	100644	326f97b8aa2d65d148e2a37626e5b7b4e25f9a71
mlir/lib/Conversion/OpenACCToLLVM/ACCToLLVMUtils.cpp	blob	100644	96a306d24b49168f54e4244a854c2e3ca7d0b37b
mlir/lib/Conversion/OpenACCToLLVM/CMakeLists.txt	blob	100644	933ba3e921017936784c6ec2f3ae0a329fe3000f
mlir/lib/Conversion/OpenACCToSCF/CMakeLists.txt	blob	100644	aa90db92c582f39841e39c6b6536a4c371444c13
mlir/lib/Conversion/OpenACCToSCF/OpenACCToSCF.cpp	blob	100644	f5b3689c88d2640ee065cbc594ac211baa0d1691
mlir/lib/Conversion/OpenMPToLLVM/CMakeLists.txt	blob	100644	c5f84aa95e64fbec77d3e58e24eb2ab3ba32c2d5
mlir/lib/Conversion/OpenMPToLLVM/OpenMPToLLVM.cpp	blob	100644	2ab1575a510acef7af3a9e23daf0c9c3ad7a20d7
mlir/lib/Conversion/PDLToPDLInterp/CMakeLists.txt	blob	100644	fac84b14203bfb829d49d7ee55526f6259c6b491
mlir/lib/Conversion/PDLToPDLInterp/PDLToPDLInterp.cpp	blob	100644	5efe604bf47f419f897014b162e73be7c744b3cb
mlir/lib/Conversion/PDLToPDLInterp/Predicate.cpp	blob	100644	92524723754afc16622f3e5d1fdd3bb436070c26
mlir/lib/Conversion/PDLToPDLInterp/Predicate.h	blob	100644	12a752d4e7dbfb048a6c192eeef5b1f40f259ae9
mlir/lib/Conversion/PDLToPDLInterp/PredicateTree.cpp	blob	100644	4369baafe9b9bc9d3106699c2c9a73092bd194a0
mlir/lib/Conversion/PDLToPDLInterp/PredicateTree.h	blob	100644	5b3829d052f2e4c46d69f8ac1893be3db0141422
mlir/lib/Conversion/PDLToPDLInterp/RootOrdering.cpp	blob	100644	b36d5a774275d727bb02f6a299e07637ddfdeafd
mlir/lib/Conversion/PDLToPDLInterp/RootOrdering.h	blob	100644	553c5b2de21a4c7d93ed753c55c237ed27c5bfbe
mlir/lib/Conversion/PtrToLLVM/CMakeLists.txt	blob	100644	2d416be13ee3026f799dbbb72d6b56fc4fd73e27
mlir/lib/Conversion/PtrToLLVM/PtrToLLVM.cpp	blob	100644	cc1b3242c2619111997c1d9149541e987005cdf4
mlir/lib/Conversion/RaiseWasm/CMakeLists.txt	blob	100644	43b5fd79e49dfe78211616c22a1013d060f82511
mlir/lib/Conversion/RaiseWasm/RaiseWasmMLIR.cpp	blob	100644	c26a3b038e918430649d2491696ff7c6168fc86c
mlir/lib/Conversion/ReconcileUnrealizedCasts/CMakeLists.txt	blob	100644	1bed0d6944c08beeddad263c25ddd9b6fcb6dfef
mlir/lib/Conversion/ReconcileUnrealizedCasts/ReconcileUnrealizedCasts.cpp	blob	100644	b60d711a47367ca51c1011bdbc599ea1b2015bf8
mlir/lib/Conversion/SCFToAffine/CMakeLists.txt	blob	100644	f978d8309fc39fb49b1942b25cf2b9a2d30def5a
mlir/lib/Conversion/SCFToAffine/SCFToAffine.cpp	blob	100644	488aae4c714c5cffb408d36d4551663e81fd8388
mlir/lib/Conversion/SCFToControlFlow/CMakeLists.txt	blob	100644	9c635ad7e664ff2ff75ce178a9641bca2aae66bb
mlir/lib/Conversion/SCFToControlFlow/SCFToControlFlow.cpp	blob	100644	2972d79c4302ff943e3ebe234ce0d7c5285215c5
mlir/lib/Conversion/SCFToEmitC/CMakeLists.txt	blob	100644	453aa6c44c46797eb75d636fbd46dc3dd053d4a1
mlir/lib/Conversion/SCFToEmitC/SCFToEmitC.cpp	blob	100644	22afdf376bb7004fa459e8bafefce73b6424bd7a
mlir/lib/Conversion/SCFToGPU/CMakeLists.txt	blob	100644	b7853634bc44ec5dbae05534041e76855d72eca3
mlir/lib/Conversion/SCFToGPU/SCFToGPU.cpp	blob	100644	370457c85e7972d1f174ec371d28fbc8ae626355
mlir/lib/Conversion/SCFToGPU/SCFToGPUPass.cpp	blob	100644	c816356cf3f962ced99fb69d1285692f275d94ca
mlir/lib/Conversion/SCFToOpenMP/CMakeLists.txt	blob	100644	1ad175dd7d3ff25bd83fd283bb63ad22b5ead267
mlir/lib/Conversion/SCFToOpenMP/SCFToOpenMP.cpp	blob	100644	37a2b5046096a942ac06d9eec7327ac3e55a8d9c
mlir/lib/Conversion/SCFToSPIRV/CMakeLists.txt	blob	100644	e509fb025ee1964a3d364884e71f8650eb85d3bf
mlir/lib/Conversion/SCFToSPIRV/SCFToSPIRV.cpp	blob	100644	fc6b37798e42d88b9bd664f89e531815bd14c2be
mlir/lib/Conversion/SCFToSPIRV/SCFToSPIRVPass.cpp	blob	100644	32a6a1299b1fe7b0a4ed5d0bc2637a3f6bea55de
mlir/lib/Conversion/SPIRVCommon/AttrToLLVMConverter.cpp	blob	100644	7f83a474c3f93c6a4d392e2f4cf1bb38f916924f
mlir/lib/Conversion/SPIRVCommon/CMakeLists.txt	blob	100644	cd5a4c225efbf427c01340a8258fbd4160dba753
mlir/lib/Conversion/SPIRVCommon/Pattern.h	blob	100644	d947d483f2dd5550c5fa7c3c19871615d1991349
mlir/lib/Conversion/SPIRVToLLVM/CMakeLists.txt	blob	100644	e563315d95c9ca635ea9b97e1e39105f53391e90
mlir/lib/Conversion/SPIRVToLLVM/ConvertLaunchFuncToLLVMCalls.cpp	blob	100644	2491c7cbd3d22b0aa3d5e87b1d44aa712b0210e6
mlir/lib/Conversion/SPIRVToLLVM/SPIRVToLLVM.cpp	blob	100644	63f9188a4e4647269d5eb3b50c2b2278bc0a1528
mlir/lib/Conversion/SPIRVToLLVM/SPIRVToLLVMPass.cpp	blob	100644	38091e449c56ee8dc294e15a249be5e164d8ada4
mlir/lib/Conversion/ShapeToStandard/CMakeLists.txt	blob	100644	246f10b3899113c87e96b9036f21ab466b085b14
mlir/lib/Conversion/ShapeToStandard/ConvertShapeConstraints.cpp	blob	100644	245e60b04ec314a930ddb8e7451cd0668d15d93b
mlir/lib/Conversion/ShapeToStandard/ShapeToStandard.cpp	blob	100644	0ff9fb3f628ab172bf542cfef86168d063cbff54
mlir/lib/Conversion/ShapeToStandard/ShapeToStandard.td	blob	100644	c2751a0a3262d8ceb12805732c3a30166cb688cf
mlir/lib/Conversion/ShardToMPI/CMakeLists.txt	blob	100644	dfa8e77bb13efde11fa6cc5ada9b61328b2a3d75
mlir/lib/Conversion/ShardToMPI/ShardToMPI.cpp	blob	100644	6ad80619a66408d613324080ebf1ab5bd87f06a0
mlir/lib/Conversion/TensorToLinalg/CMakeLists.txt	blob	100644	0236dc6d397c452204c9600d6658efd517756bcd
mlir/lib/Conversion/TensorToLinalg/TensorToLinalg.cpp	blob	100644	55eb11c87d230dccd059486afc22671e31e1c7d4
mlir/lib/Conversion/TensorToLinalg/TensorToLinalgPass.cpp	blob	100644	5acfcfe1ece959d563a8d3846f6b7644f1b288e2
mlir/lib/Conversion/TensorToSPIRV/CMakeLists.txt	blob	100644	31266221f5b262a45573497765066c9d99fb98cb
mlir/lib/Conversion/TensorToSPIRV/TensorToSPIRV.cpp	blob	100644	f24972f6b6ee195ec72d2e72b31d3c83f21e7b3c
mlir/lib/Conversion/TensorToSPIRV/TensorToSPIRVPass.cpp	blob	100644	8cd650e649008be8cf50bb1f81b408253da9eded
mlir/lib/Conversion/TosaToArith/CMakeLists.txt	blob	100644	8f1640c3211450777a0e131fdd104a7114008653
mlir/lib/Conversion/TosaToArith/TosaToArith.cpp	blob	100644	67eb9fdb446d447da191be738f176ef3701fcb9a
mlir/lib/Conversion/TosaToArith/TosaToArithPass.cpp	blob	100644	46bdf2272ef01f54a86b371cbbe9910c2149b458
mlir/lib/Conversion/TosaToLinalg/CMakeLists.txt	blob	100644	5123c2a7cf91626be689111df912ef295095c77a
mlir/lib/Conversion/TosaToLinalg/TosaToLinalg.cpp	blob	100644	e3f40c57eb312d93c8a4430598041d50e3c2c828
mlir/lib/Conversion/TosaToLinalg/TosaToLinalgNamed.cpp	blob	100644	058b3de3a3788c1f3dc637055c61f2b1e3ea50c1
mlir/lib/Conversion/TosaToLinalg/TosaToLinalgNamedPass.cpp	blob	100644	3733d043f9ebcfb1790cd3ca2987cae89a0bb29f
mlir/lib/Conversion/TosaToLinalg/TosaToLinalgPass.cpp	blob	100644	32f487d03858d88378cb2a5951b846f3bac723e0
mlir/lib/Conversion/TosaToMLProgram/CMakeLists.txt	blob	100644	82941424f1d102529defa0c6fbf7cfa743cc5349
mlir/lib/Conversion/TosaToMLProgram/TosaToMLProgram.cpp	blob	100644	f8efb340ed37e6b65963cc614ec6d4ccd35ba587
mlir/lib/Conversion/TosaToMLProgram/TosaToMLProgramPass.cpp	blob	100644	dba6f79d840a1bac953103a8fe10241b8357f84f
mlir/lib/Conversion/TosaToSCF/CMakeLists.txt	blob	100644	017a2e8c921f246d3b78e93d45aeb39f4cebe792
mlir/lib/Conversion/TosaToSCF/TosaToSCF.cpp	blob	100644	7e9c9090c51df63be3f3c142e060b720cc60c244
mlir/lib/Conversion/TosaToSCF/TosaToSCFPass.cpp	blob	100644	14dfd98f5d47bb022e7b1d7c37aad033272d645b
mlir/lib/Conversion/TosaToSPIRVTosa/CMakeLists.txt	blob	100644	c4b71ed61f39b1fe37995d143f9c34d0df1b64a8
mlir/lib/Conversion/TosaToSPIRVTosa/TosaToSPIRVTosa.cpp	blob	100644	3ef57c1e2cd22b2ec858f63d2e1ae9f5c707d829
mlir/lib/Conversion/TosaToSPIRVTosa/TosaToSPIRVTosaConstants.cpp	blob	100644	c7174fd930782e2d4e7387e8c65e5f21d5894855
mlir/lib/Conversion/TosaToSPIRVTosa/TosaToSPIRVTosaCustom.cpp	blob	100644	14fa2fa12d2a87328ec4af69e5528c865e7fb18b
mlir/lib/Conversion/TosaToSPIRVTosa/TosaToSPIRVTosaOps.cpp	blob	100644	25fb4027c36034299c64ca1279d0bb1155f48f3c
mlir/lib/Conversion/TosaToSPIRVTosa/TosaToSPIRVTosaPass.cpp	blob	100644	815f2db74ffa66cf097e86d6f7f9e9055b965545
mlir/lib/Conversion/TosaToTensor/CMakeLists.txt	blob	100644	2870baa20757b576785a930052c53a89f65b1a5e
mlir/lib/Conversion/TosaToTensor/TosaToTensor.cpp	blob	100644	9bf9ca3ae7a89b76bbb52b7cfe75f8cc1300efa9
mlir/lib/Conversion/TosaToTensor/TosaToTensorPass.cpp	blob	100644	a7f415c574843e871ef2b7e1669d26c729c6a478
mlir/lib/Conversion/UBToLLVM/CMakeLists.txt	blob	100644	645614614ce61d456bcfa43a93bf5638d70efa2c
mlir/lib/Conversion/UBToLLVM/UBToLLVM.cpp	blob	100644	e0021b71774116ff234fb84332dab139e7168a85
mlir/lib/Conversion/UBToSPIRV/CMakeLists.txt	blob	100644	a7a26b0a8c606a92675077e9657a7d1daaa18422
mlir/lib/Conversion/UBToSPIRV/UBToSPIRV.cpp	blob	100644	3831387816eafa6d2c5a15abc50c5702c042c34d
mlir/lib/Conversion/VectorToAMX/CMakeLists.txt	blob	100644	2ed864c519cb6c828d758acf59663b5be98fc6b6
mlir/lib/Conversion/VectorToAMX/VectorToAMX.cpp	blob	100644	c6182379026dfc940a18c4b0304c427fa79a0f0e
mlir/lib/Conversion/VectorToArmSME/CMakeLists.txt	blob	100644	6a81a09776d373fc04c8333a6a1a7bf7ea9bd03c
mlir/lib/Conversion/VectorToArmSME/VectorToArmSME.cpp	blob	100644	778c616f1bf44face8a25605eed2de7eb7133c72
mlir/lib/Conversion/VectorToArmSME/VectorToArmSMEPass.cpp	blob	100644	6d1bc71cf707f897fca5556c56e8964bcf1cd8f1
mlir/lib/Conversion/VectorToGPU/CMakeLists.txt	blob	100644	b508dc71557d98122991a420849e398f867a2e85
mlir/lib/Conversion/VectorToGPU/VectorToGPU.cpp	blob	100644	975fe283996093ead38fc000c4b046d02932433f
mlir/lib/Conversion/VectorToLLVM/CMakeLists.txt	blob	100644	0d700ea65eb4ee00aced9a9f6e75542c8cd94641
mlir/lib/Conversion/VectorToLLVM/ConvertVectorToLLVM.cpp	blob	100644	54c117bae476bdc30904c50fcfbfaa5c45e0dba1
mlir/lib/Conversion/VectorToLLVM/ConvertVectorToLLVMPass.cpp	blob	100644	81fca0023a691b7ef29171d28b7710cb96c80578
mlir/lib/Conversion/VectorToSCF/CMakeLists.txt	blob	100644	0915270e453dfdbae0de50382fc646016a709ede
mlir/lib/Conversion/VectorToSCF/VectorToSCF.cpp	blob	100644	c9eba6962e6a48b72f316e8f949c848644831e33
mlir/lib/Conversion/VectorToSPIRV/CMakeLists.txt	blob	100644	f4cdb2cf95a30e1ea7fda57fbac5d10fe9df86d7
mlir/lib/Conversion/VectorToSPIRV/VectorToSPIRV.cpp	blob	100644	78693e924c4d9d8d01d9e8d91830a18d4034c0bc
mlir/lib/Conversion/VectorToSPIRV/VectorToSPIRVPass.cpp	blob	100644	b3ef23085c186da79bbc2570be0af845e274a192
mlir/lib/Conversion/VectorToXeGPU/CMakeLists.txt	blob	100644	dd699f5b1880ea78fde43bf209cc62aff015ac09
mlir/lib/Conversion/VectorToXeGPU/VectorToXeGPU.cpp	blob	100644	8a458364269318d2b018e9fa091d485e83da6c4c
mlir/lib/Conversion/XeGPUToXeVM/CMakeLists.txt	blob	100644	dd9edc43a16570127dca9c8f11b7f719613cfd64
mlir/lib/Conversion/XeGPUToXeVM/XeGPUToXeVM.cpp	blob	100644	78d99cf88b768196f7e4a1c9d52b9b6fb8631174
mlir/lib/Conversion/XeVMToLLVM/CMakeLists.txt	blob	100644	4ac60d8d43472d69768dc9d8ef97f496b3624d5c
mlir/lib/Conversion/XeVMToLLVM/XeVMToLLVM.cpp	blob	100644	c51da4d5d4d3d027951d88dbe906295f5863eed3
mlir/lib/Debug/BreakpointManagers/FileLineColLocBreakpointManager.cpp	blob	100644	4ad3e7f22a19af7d10d3cf2482540b4fd7052a20
mlir/lib/Debug/CLOptionsSetup.cpp	blob	100644	cb0b0e5c375e0b17826331cf51b7527ab483c36e
mlir/lib/Debug/CMakeLists.txt	blob	100644	d270eb2e7534fd1904e4e440d843167a85f1b172
mlir/lib/Debug/DebugCounter.cpp	blob	100644	879f6c9365cf6c1bd3a6fc0e24bd4fea17d62913
mlir/lib/Debug/DebuggerExecutionContextHook.cpp	blob	100644	863113928d5b4f776202f20a109797e132495d99
mlir/lib/Debug/ExecutionContext.cpp	blob	100644	cc72bac549ab025ffd560353b08804250e9e52dc
mlir/lib/Debug/Observers/ActionLogging.cpp	blob	100644	9c0d041b0d36faf522dceaffdcb8a8678cb1c32c
mlir/lib/Debug/Observers/ActionProfiler.cpp	blob	100644	88e6ae211a2d4c551c0d5fa5c5ad18bc38942b56
mlir/lib/Debug/Observers/CMakeLists.txt	blob	100644	78d8038f6f1265dfdf2a98ca376a3649fb7ebab8
mlir/lib/Dialect/AMDGPU/CMakeLists.txt	blob	100644	31167e6af908b9f76a1bf8e90a7528cd10acb2aa
mlir/lib/Dialect/AMDGPU/IR/AMDGPUAttrs.cpp	blob	100644	9428b166a8cf044c8272ac20cb90de35e9e5737d
mlir/lib/Dialect/AMDGPU/IR/AMDGPUDialect.cpp	blob	100644	92e05b397c0996a647de76f21fb0f35e384bd086
mlir/lib/Dialect/AMDGPU/IR/AMDGPUEnums.cpp	blob	100644	44107bd2b95fb8ee05481a134122b24faa2160cf
mlir/lib/Dialect/AMDGPU/IR/AMDGPUOps.cpp	blob	100644	ad0ff12c9307f6a4b0d4c78cc20b2fe5ce2d57da
mlir/lib/Dialect/AMDGPU/IR/AMDGPUTypes.cpp	blob	100644	a12695cbb2ba7d123fd2862d8b68ea5c6520a1e4
mlir/lib/Dialect/AMDGPU/IR/CMakeLists.txt	blob	100644	aef460904baaae1c4aff0eb62e453db474916f1c
mlir/lib/Dialect/AMDGPU/Transforms/CMakeLists.txt	blob	100644	29baef635ec8027b10a25a746e417b31286613a6
mlir/lib/Dialect/AMDGPU/Transforms/EmulateAtomics.cpp	blob	100644	332ac8cdb60c0434f7b18e97fd292f5f5f2a8674
mlir/lib/Dialect/AMDGPU/Transforms/MaskedloadToLoad.cpp	blob	100644	89ef51f922cad709a4a8b1f34293060ef460917f
mlir/lib/Dialect/AMDGPU/Transforms/MemoryAccessOpInterfacesImpl.cpp	blob	100644	dacb4af69ae110877b9de822498ceaa0b5f53342
mlir/lib/Dialect/AMDGPU/Transforms/ResolveStridedMetadata.cpp	blob	100644	f8bab8289cbc66e6287ac202dc6a02e0d19412f8
mlir/lib/Dialect/AMDGPU/Utils/CMakeLists.txt	blob	100644	cb67399b7386d471ab9a3c99cc6d4bfbfd784fa3
mlir/lib/Dialect/AMDGPU/Utils/Chipset.cpp	blob	100644	293738982e060c3bc5117944bcf9215f094c24b0
mlir/lib/Dialect/Affine/Analysis/AffineAnalysis.cpp	blob	100644	3d1a73417d1eaaae7621908417b16e06522c7ccd
mlir/lib/Dialect/Affine/Analysis/AffineStructures.cpp	blob	100644	209f783bdb503d6fb7ce66a046d304c32b1369d3
mlir/lib/Dialect/Affine/Analysis/CMakeLists.txt	blob	100644	3a1996349dbeddd6af09b87dba3d1ce082186430
mlir/lib/Dialect/Affine/Analysis/LoopAnalysis.cpp	blob	100644	40802cc6e85e57003505f4d3066359b4b753097b
mlir/lib/Dialect/Affine/Analysis/NestedMatcher.cpp	blob	100644	c0f9348693535dfe91706cc41126fba56426dc52
mlir/lib/Dialect/Affine/Analysis/Utils.cpp	blob	100644	321c8e34d907c866c00e678ade4e28cb5a408a68
mlir/lib/Dialect/Affine/CMakeLists.txt	blob	100644	a981040c761da2375fe39203dcc968cb75e24f29
mlir/lib/Dialect/Affine/IR/AffineMemoryOpInterfaces.cpp	blob	100644	4890d4f298c2e0cb7e0473089dce21129ca9d3f9
mlir/lib/Dialect/Affine/IR/AffineOps.cpp	blob	100644	8523c902d0a6fb95c1817d003df50170397a1149
mlir/lib/Dialect/Affine/IR/AffineValueMap.cpp	blob	100644	6d2d3212c696b503c245f7bddf128cc86c34d1ed
mlir/lib/Dialect/Affine/IR/CMakeLists.txt	blob	100644	1caf2fa396797bda16a1a535d6c0f1fc7bb4f622
mlir/lib/Dialect/Affine/IR/InferIntDivisibilityOpInterfaceImpl.cpp	blob	100644	451ec98ef37372716e5c18028be009cf50dde3ed
mlir/lib/Dialect/Affine/IR/InferIntRangeInterfaceImpls.cpp	blob	100644	1bf6829a04b6e97002cb79b642db84b224a6a663
mlir/lib/Dialect/Affine/IR/ValueBoundsOpInterfaceImpl.cpp	blob	100644	2244eb45a813a3215059fd81441667a18130dca0
mlir/lib/Dialect/Affine/TransformOps/AffineTransformOps.cpp	blob	100644	d5930d9e3d77f63f227bdda6cdfc6a45683f6fc6
mlir/lib/Dialect/Affine/TransformOps/CMakeLists.txt	blob	100644	4797cd973e8fb95d70d29bcac8346fb104383858
mlir/lib/Dialect/Affine/Transforms/AffineDataCopyGeneration.cpp	blob	100644	82923b2af5bdb4a4050d341fd3c4299c8e48f69e
mlir/lib/Dialect/Affine/Transforms/AffineExpandIndexOps.cpp	blob	100644	66c48d89068ec4748a478c7d47175202c1e29223
mlir/lib/Dialect/Affine/Transforms/AffineExpandIndexOpsAsAffine.cpp	blob	100644	4a5a09b07f28b850961f401d4591c1e1f55ce872
mlir/lib/Dialect/Affine/Transforms/AffineLoopInvariantCodeMotion.cpp	blob	100644	1887c321e206a6d2908690ddebc39a6aebdc8dfe
mlir/lib/Dialect/Affine/Transforms/AffineLoopNormalize.cpp	blob	100644	0d464631ad439ce0906109687b57df7a720d0452
mlir/lib/Dialect/Affine/Transforms/AffineParallelize.cpp	blob	100644	6175e52f96009dc63006368e5f448d67c0b60884
mlir/lib/Dialect/Affine/Transforms/AffineScalarReplacement.cpp	blob	100644	92a4cf3c0ad7678ecc92183b969051d72c1e72a3
mlir/lib/Dialect/Affine/Transforms/CMakeLists.txt	blob	100644	9d912139810b2610fe20c24401375aef0a499a44
mlir/lib/Dialect/Affine/Transforms/DecomposeAffineOps.cpp	blob	100644	11007a08f7edc08ef98bdb004eae7f02936eebbf
mlir/lib/Dialect/Affine/Transforms/FoldMemRefAliasOps.cpp	blob	100644	bb7b231ea02c2b3f2682459630488099a0223ad6
mlir/lib/Dialect/Affine/Transforms/LoopCoalescing.cpp	blob	100644	870db0b1debd642c1d15340700722858f40a0464
mlir/lib/Dialect/Affine/Transforms/LoopFusion.cpp	blob	100644	1ec5fbfef50c358cc6b3469c55c75883d49e646e
mlir/lib/Dialect/Affine/Transforms/LoopTiling.cpp	blob	100644	d3208d5c8f7eb59ed3f2e25a64d32efb10499684
mlir/lib/Dialect/Affine/Transforms/LoopUnroll.cpp	blob	100644	1006a7d2c3cca2293c31958867b4a1a4c4fa3e42
mlir/lib/Dialect/Affine/Transforms/LoopUnrollAndJam.cpp	blob	100644	f97174065a47526ee94e827a5159f7be3b07d347
mlir/lib/Dialect/Affine/Transforms/PipelineDataTransfer.cpp	blob	100644	9a1c731b5a97efc8cfef717526a42ba53e1023dc
mlir/lib/Dialect/Affine/Transforms/RaiseMemrefDialect.cpp	blob	100644	29cc256cb90f9e5c8d214a11123ded0fd502fe22
mlir/lib/Dialect/Affine/Transforms/ReifyValueBounds.cpp	blob	100644	1bd068d6151c69276a3f40fe191810548aa3fb48
mlir/lib/Dialect/Affine/Transforms/SimplifyAffineMinMax.cpp	blob	100644	ea7f3157c82eaad19d1a12a2f41f98d88872b524
mlir/lib/Dialect/Affine/Transforms/SimplifyAffineStructures.cpp	blob	100644	c09afc03c5257490f9bc78154c57830a200bbc93
mlir/lib/Dialect/Affine/Transforms/SimplifyAffineWithBounds.cpp	blob	100644	f0c16a05a3070009b3820d460c4b5c0bfc15d73a
mlir/lib/Dialect/Affine/Transforms/SuperVectorize.cpp	blob	100644	3158a113a76001e6681985c8d2ee75c310ae1824
mlir/lib/Dialect/Affine/Utils/CMakeLists.txt	blob	100644	ef6e0dbf45d3a9f6ede33c7fb816592cb95d2a54
mlir/lib/Dialect/Affine/Utils/LoopFusionUtils.cpp	blob	100644	68296ea3368a1fe1d4276170d50d07ac64013bfe
mlir/lib/Dialect/Affine/Utils/LoopUtils.cpp	blob	100644	90bc57e950cf1db20e3b0d0f5aeed0c75fe0b56e
mlir/lib/Dialect/Affine/Utils/Utils.cpp	blob	100644	70430832986155ad587e70696f4f512004ea696a
mlir/lib/Dialect/Affine/Utils/ViewLikeInterfaceUtils.cpp	blob	100644	0439c199b934e35ec4326c30576e6224a31b60a2
mlir/lib/Dialect/Arith/CMakeLists.txt	blob	100644	31167e6af908b9f76a1bf8e90a7528cd10acb2aa
mlir/lib/Dialect/Arith/IR/ArithCanonicalization.td	blob	100644	2615bcca23e35c58263e9c3da6a92b8505b88c2a
mlir/lib/Dialect/Arith/IR/ArithDialect.cpp	blob	100644	5584314140de10991bf3ede813fce12a74021d1b
mlir/lib/Dialect/Arith/IR/ArithOps.cpp	blob	100644	fc50284fc8a94b1a169fb03b5032ccbfc241470b
mlir/lib/Dialect/Arith/IR/CMakeLists.txt	blob	100644	3423e11a7d0f0d29fc0422affcd65286e4730560
mlir/lib/Dialect/Arith/IR/InferIntDivisibilityOpInterfaceImpl.cpp	blob	100644	b23ee108ca4a3dfc443c6fdaa8979b3d6d270f0c
mlir/lib/Dialect/Arith/IR/InferIntRangeInterfaceImpls.cpp	blob	100644	6e0269d1c92d8f0e9d5eb0283ee5cab8a8146618
mlir/lib/Dialect/Arith/IR/ValueBoundsOpInterfaceImpl.cpp	blob	100644	61e84e3cdae0f5076a5c5ed19fbdab16cbc1db5e
mlir/lib/Dialect/Arith/Transforms/BufferDeallocationOpInterfaceImpl.cpp	blob	100644	9199dccdcaff3d7eba53f1b1a14540f6d50b4bc2
mlir/lib/Dialect/Arith/Transforms/BufferViewFlowOpInterfaceImpl.cpp	blob	100644	9df9df86b64fb58a75a48c31c60b7307f58cb21f
mlir/lib/Dialect/Arith/Transforms/BufferizableOpInterfaceImpl.cpp	blob	100644	0fe7be82959a30c0f882e62e58d379010cf29e39
mlir/lib/Dialect/Arith/Transforms/CMakeLists.txt	blob	100644	637e16a3963d6026c2e04d07ceefc2387cd6cab8
mlir/lib/Dialect/Arith/Transforms/EmulateNarrowType.cpp	blob	100644	ba8311754b78c9b54346448389b9d37076996b1d
mlir/lib/Dialect/Arith/Transforms/EmulateUnsupportedFloats.cpp	blob	100644	b6e101952676a27fb8014a51b2592ebc067f3701
mlir/lib/Dialect/Arith/Transforms/EmulateWideInt.cpp	blob	100644	ec1e1851d8a843c57b038c71c9b90fa6530e8da1
mlir/lib/Dialect/Arith/Transforms/ExpandOps.cpp	blob	100644	02ed6ccd87a423c2d897d799f908920edb0dc199
mlir/lib/Dialect/Arith/Transforms/IntRangeOptimizations.cpp	blob	100644	298c0dc2f3bdaf84edec3bd0144fbc864b7e9604
mlir/lib/Dialect/Arith/Transforms/ReifyValueBounds.cpp	blob	100644	8a46762eb8e05bebe8c514c0975f8715e6537546
mlir/lib/Dialect/Arith/Transforms/ShardingInterfaceImpl.cpp	blob	100644	8b6d4c7fdd1c790ec15e97faece59445e09bf50b
mlir/lib/Dialect/Arith/Transforms/UnsignedWhenEquivalent.cpp	blob	100644	c9eaa66d6ea49df47c2d43fbc1342614dc45893e
mlir/lib/Dialect/Arith/Utils/CMakeLists.txt	blob	100644	b4760510fc96e69b98ebb16c59cdea6a2b736b7b
mlir/lib/Dialect/Arith/Utils/Utils.cpp	blob	100644	106d125de14b081d1dd4a1e4eb431efc40d374cc
mlir/lib/Dialect/ArmNeon/CMakeLists.txt	blob	100644	cb1e9d01821a2cf352b79c28c44da4ddd33dd3e9
mlir/lib/Dialect/ArmNeon/IR/ArmNeonDialect.cpp	blob	100644	4bcad5f4ece25060f026acc60f342e626dcb5f8c
mlir/lib/Dialect/ArmNeon/IR/CMakeLists.txt	blob	100644	b04919a3a3185865a51a7d82824fa9f39f322293
mlir/lib/Dialect/ArmNeon/TransformOps/ArmNeonVectorTransformOps.cpp	blob	100644	d069bde6d99795c415ef87733f7e1f13ede5f33f
mlir/lib/Dialect/ArmNeon/TransformOps/CMakeLists.txt	blob	100644	69d2143ad4e1f4c3a347cffe17951d3c28723c9c
mlir/lib/Dialect/ArmNeon/Transforms/CMakeLists.txt	blob	100644	368dacac7b83513bdd1a8634c530cdbd4bc09b7f
mlir/lib/Dialect/ArmNeon/Transforms/LowerContractToNeonPatterns.cpp	blob	100644	6b4285026ea04f8467de556d002bac17e0369ad0
mlir/lib/Dialect/ArmSME/CMakeLists.txt	blob	100644	9f57627c321fb0c74b3e4a404e3c36bd435f64a7
mlir/lib/Dialect/ArmSME/IR/ArmSME.cpp	blob	100644	bc505f936d6c5e2fb90bdadecc1bbfc3a942a49f
mlir/lib/Dialect/ArmSME/IR/CMakeLists.txt	blob	100644	ce0c2f4986fc66189c5bc254eb32dcd78cf3cbab
mlir/lib/Dialect/ArmSME/IR/Utils.cpp	blob	100644	c2bf4dc1a43326d2dd56d531b9f73f2e32e723b3
mlir/lib/Dialect/ArmSME/Transforms/CMakeLists.txt	blob	100644	a29624468ba2d6b37df7f198831a12190cf2a7af
mlir/lib/Dialect/ArmSME/Transforms/EnableArmStreaming.cpp	blob	100644	c5c90762eaa92499fcb4bb4744ab278a620f8b26
mlir/lib/Dialect/ArmSME/Transforms/OuterProductFusion.cpp	blob	100644	f1c36edac6094848be37102f32fc3bfa54c4004a
mlir/lib/Dialect/ArmSME/Transforms/TileAllocation.cpp	blob	100644	b9b2cecf8fd00419e79cd3246592328c70ed6004
mlir/lib/Dialect/ArmSME/Transforms/VectorLegalization.cpp	blob	100644	7a6c510920e2257ad943afe1b945ced2af905e03
mlir/lib/Dialect/ArmSVE/CMakeLists.txt	blob	100644	cb1e9d01821a2cf352b79c28c44da4ddd33dd3e9
mlir/lib/Dialect/ArmSVE/IR/ArmSVEDialect.cpp	blob	100644	6b25a209d8f93bb4ec1d2e5b1afe2da47c0ad87e
mlir/lib/Dialect/ArmSVE/IR/CMakeLists.txt	blob	100644	9ef7384fc54925a39b06970c892319e9281059a8
mlir/lib/Dialect/ArmSVE/TransformOps/ArmSVEVectorTransformOps.cpp	blob	100644	fe9de7817089e6f89bdaaf382cdc1e536114a4ed
mlir/lib/Dialect/ArmSVE/TransformOps/CMakeLists.txt	blob	100644	235fe8f5ca0ce2c23b173d1a9189dd574c8275f6
mlir/lib/Dialect/ArmSVE/Transforms/CMakeLists.txt	blob	100644	c29eaca244b4af996c98f59ed719812482fc2e51
mlir/lib/Dialect/ArmSVE/Transforms/LegalizeForLLVMExport.cpp	blob	100644	a7c69811fb7bda607a7e963566f25af53744a412
mlir/lib/Dialect/ArmSVE/Transforms/LegalizeVectorStorage.cpp	blob	100644	3a409ad9ed9d64cc4ffe01011c12367348765f65
mlir/lib/Dialect/ArmSVE/Transforms/LowerContractToSVEPatterns.cpp	blob	100644	b48a11bb2adf7a96242008310c34989d082ad5e3
mlir/lib/Dialect/Async/CMakeLists.txt	blob	100644	9f57627c321fb0c74b3e4a404e3c36bd435f64a7
mlir/lib/Dialect/Async/IR/Async.cpp	blob	100644	c759ba04eefaf1b1592227882d2ce8cb29983e83
mlir/lib/Dialect/Async/IR/CMakeLists.txt	blob	100644	e0e667500308aedb00fef32919e8cbd4db74b1a2
mlir/lib/Dialect/Async/Transforms/AsyncParallelFor.cpp	blob	100644	1db6f128f4c6979eae8ec8f12bb1d96acaed3055
mlir/lib/Dialect/Async/Transforms/AsyncRuntimeRefCounting.cpp	blob	100644	2a726f3fd2999c7d7d9b378d6b633321046a3f9a
mlir/lib/Dialect/Async/Transforms/AsyncRuntimeRefCountingOpt.cpp	blob	100644	303bbcacb6f2f52bb0a05b9d9e0e23766aeecb24
mlir/lib/Dialect/Async/Transforms/AsyncToAsyncRuntime.cpp	blob	100644	f4d37bd0e8f343a50a80de5212756494488d4757
mlir/lib/Dialect/Async/Transforms/CMakeLists.txt	blob	100644	7b59bc0de30a6107c608b5067b57cf11e978936c
mlir/lib/Dialect/Async/Transforms/PassDetail.cpp	blob	100644	eaac566716a4306371d95465867867ba20d07647
mlir/lib/Dialect/Async/Transforms/PassDetail.h	blob	100644	310e6385a316a6a63b19f0ed49ffd239a58e0bbb
mlir/lib/Dialect/Bufferization/CMakeLists.txt	blob	100644	9e4f1de15620c4bce8d80bbccb4aba5580b57248
mlir/lib/Dialect/Bufferization/Extensions/AllExtensions.cpp	blob	100644	1cff6352434d73fb8cf3dfdd47e03ae179129a27
mlir/lib/Dialect/Bufferization/Extensions/CMakeLists.txt	blob	100644	73a393e3a2b7648b29d7fb72c7929f91826d4d1f
mlir/lib/Dialect/Bufferization/Extensions/ShardingExtensions.cpp	blob	100644	40a26cf6334a21c183a1976877bc4a648dbafb9a
mlir/lib/Dialect/Bufferization/IR/AllocationOpInterface.cpp	blob	100644	76fc1fe72ada7a4cff0102d706f475c9b2fa9631
mlir/lib/Dialect/Bufferization/IR/BufferDeallocationOpInterface.cpp	blob	100644	ff4cad71110b6c556755435465d390a65e817829
mlir/lib/Dialect/Bufferization/IR/BufferViewFlowOpInterface.cpp	blob	100644	aeedeb3ecd2a554ae384af304b22f8b08c7018ec
mlir/lib/Dialect/Bufferization/IR/BufferizableOpInterface.cpp	blob	100644	e39b20492e5ed0c5e53c7f53937b24699e25eebc
mlir/lib/Dialect/Bufferization/IR/BufferizationDialect.cpp	blob	100644	3bf2df7a3eae9eda0c6431a5e273ba814df95a39
mlir/lib/Dialect/Bufferization/IR/BufferizationOps.cpp	blob	100644	80db89aa1b4bcc086a71e63896716bd8196927ed
mlir/lib/Dialect/Bufferization/IR/BufferizationTypeInterfaces.cpp	blob	100644	0e973915c6fc9e88f4e18cd1a077a5c8a47b9f3e
mlir/lib/Dialect/Bufferization/IR/CMakeLists.txt	blob	100644	5d8f0060f2c3fe5e7b53757a4f406e270e8cad83
mlir/lib/Dialect/Bufferization/IR/UnstructuredControlFlow.cpp	blob	100644	32a198c86167fb45cc1295f15748732e9286dc2c
mlir/lib/Dialect/Bufferization/Pipelines/BufferizationPipelines.cpp	blob	100644	f8eb45c7f323b80fa7112211dc8ee27adfedfbe1
mlir/lib/Dialect/Bufferization/Pipelines/CMakeLists.txt	blob	100644	d67b28b308fa10e79716b0872b3792dcbd225776
mlir/lib/Dialect/Bufferization/TransformOps/BufferizationTransformOps.cpp	blob	100644	7f495b0ac164c41d8cf83e2b157d9d05ec042d7f
mlir/lib/Dialect/Bufferization/TransformOps/CMakeLists.txt	blob	100644	be5eb73b91229f8710dac42be8ffabb3aa90f530
mlir/lib/Dialect/Bufferization/Transforms/BufferDeallocationSimplification.cpp	blob	100644	06e90333fe4690ab4e61d272ef16d71c982a2da0
mlir/lib/Dialect/Bufferization/Transforms/BufferOptimizations.cpp	blob	100644	21b9ed446fb29f6522d37ca4ccde14ac9c367dfd
mlir/lib/Dialect/Bufferization/Transforms/BufferResultsToOutParams.cpp	blob	100644	434501b030e4a6572af3844e48efe645dd94602d
mlir/lib/Dialect/Bufferization/Transforms/BufferUtils.cpp	blob	100644	c0e0809fa4111717552aee200280c0a6d5daae94
mlir/lib/Dialect/Bufferization/Transforms/BufferViewFlowAnalysis.cpp	blob	100644	ac94ef9d866fa42c131cc2aaaae25efe632e6dcc
mlir/lib/Dialect/Bufferization/Transforms/Bufferize.cpp	blob	100644	099f2a93722157a2ec0996210f33c77a651d70ee
mlir/lib/Dialect/Bufferization/Transforms/CMakeLists.txt	blob	100644	006fcd1ce0ec762b68fc163a14a1ceb8a5f5f326
mlir/lib/Dialect/Bufferization/Transforms/DropEquivalentBufferResults.cpp	blob	100644	e724af312652d5cc48e8f70b3e856832f2fce9a5
mlir/lib/Dialect/Bufferization/Transforms/EmptyTensorElimination.cpp	blob	100644	677c0ba288d401b3b3c2bfc2e0188a142223c532
mlir/lib/Dialect/Bufferization/Transforms/EmptyTensorToAllocTensor.cpp	blob	100644	baf55e1fdcddb6aff06926e252447cd10b3fb8cc
mlir/lib/Dialect/Bufferization/Transforms/FuncBufferizableOpInterfaceImpl.cpp	blob	100644	8ca968367b026639294c73c0133ca4e9892047a2
mlir/lib/Dialect/Bufferization/Transforms/LowerDeallocations.cpp	blob	100644	e9ad13f7ebfc632a9a8cb89a3972cf42251a0eeb
mlir/lib/Dialect/Bufferization/Transforms/OneShotAnalysis.cpp	blob	100644	57ef3b88b291cb6245a093a61f2b1074983dba40
mlir/lib/Dialect/Bufferization/Transforms/OneShotModuleBufferize.cpp	blob	100644	4d044bbb74df102c12c400fb677b98e012fb9ff3
mlir/lib/Dialect/Bufferization/Transforms/OptimizeAllocationLiveness.cpp	blob	100644	28ee5b8e32b9913ebdbb71ec09e83d01d1a421a4
mlir/lib/Dialect/Bufferization/Transforms/OwnershipBasedBufferDeallocation.cpp	blob	100644	7b8340e363e3927751aa12eaba2fb97d6e7ec16f
mlir/lib/Dialect/Bufferization/Transforms/StaticMemoryPlannerAnalysis.cpp	blob	100644	6d5a9f0aba6a96b6610b301a13aa896be18a0c02
mlir/lib/Dialect/Bufferization/Transforms/StaticMemoryPlanning.cpp	blob	100644	b0c237507d2f3b30b4c2c0573e9edf40157d3560
mlir/lib/Dialect/Bufferization/Transforms/TensorCopyInsertion.cpp	blob	100644	f0ddb506064fe0f2bb6b7b933e5efb36d675ff23
mlir/lib/Dialect/CMakeLists.txt	blob	100644	55e75f3f0b9ce06a2f2e8cbd7ffdca8c77bb53d1
mlir/lib/Dialect/Complex/CMakeLists.txt	blob	100644	f33061b2d87cffc48b072763eb55d349e9070aba
mlir/lib/Dialect/Complex/IR/CMakeLists.txt	blob	100644	a90f34ec1684d902e25ad88d8f17253872f98fa0
mlir/lib/Dialect/Complex/IR/ComplexDialect.cpp	blob	100644	0adfb51a228bb6906bafa126588dca6a5fea9938
mlir/lib/Dialect/Complex/IR/ComplexOps.cpp	blob	100644	c7c7d4584e8016036ac76094484cb56203e82df3
mlir/lib/Dialect/ControlFlow/CMakeLists.txt	blob	100644	9f57627c321fb0c74b3e4a404e3c36bd435f64a7
mlir/lib/Dialect/ControlFlow/IR/CMakeLists.txt	blob	100644	05a787fa53ec301580aa0d1d87245d6681aa6cb8
mlir/lib/Dialect/ControlFlow/IR/ControlFlowOps.cpp	blob	100644	435c37bc95aacbde756b31f30e78e59dc9919c23
mlir/lib/Dialect/ControlFlow/Transforms/BufferDeallocationOpInterfaceImpl.cpp	blob	100644	80dc0c597562ddcdcfa485725aec89b30687b1f3
mlir/lib/Dialect/ControlFlow/Transforms/BufferizableOpInterfaceImpl.cpp	blob	100644	a6281261092ac37e68a9bb38a981e12f62ee04e4
mlir/lib/Dialect/ControlFlow/Transforms/CMakeLists.txt	blob	100644	e9da135ed46f952a0d3b146c016e82075f79a893
mlir/lib/Dialect/ControlFlow/Transforms/StructuralTypeConversions.cpp	blob	100644	5e2a742c2d64cc085e0a3124fb75418037fd7c41
mlir/lib/Dialect/DLTI/CMakeLists.txt	blob	100644	7691a8a10a37ad3c8abafb3c74e058319dcae475
mlir/lib/Dialect/DLTI/DLTI.cpp	blob	100644	da572f123fdc153ef15fa277d042ba9490987d7f
mlir/lib/Dialect/DLTI/Traits.cpp	blob	100644	3f6dd2900a91588ae2a7f3eb2b667228ef5bfc93
mlir/lib/Dialect/DLTI/TransformOps/CMakeLists.txt	blob	100644	05734353f9d11d9efb1f2da5a2f48044022f1eb3
mlir/lib/Dialect/DLTI/TransformOps/DLTITransformOps.cpp	blob	100644	02c41b4fe8113f218677c3ffabdea58d1a090ce9
mlir/lib/Dialect/EmitC/CMakeLists.txt	blob	100644	9f57627c321fb0c74b3e4a404e3c36bd435f64a7
mlir/lib/Dialect/EmitC/IR/CMakeLists.txt	blob	100644	4cc54201d2745d653ec65a5ea379d9ca314e8fb3
mlir/lib/Dialect/EmitC/IR/EmitC.cpp	blob	100644	820c4ad578a9e05f9588ad516a340eaf4f0e397c
mlir/lib/Dialect/EmitC/Transforms/CMakeLists.txt	blob	100644	ede2cb5e208f0e3169c9e35aa7ffcba51741589c
mlir/lib/Dialect/EmitC/Transforms/FormExpressions.cpp	blob	100644	2f3e2618f4d740d9eb4a208550b5d26490668653
mlir/lib/Dialect/EmitC/Transforms/MLGOAddReflectionMap.cpp	blob	100644	6900e0d989b923cb5a1bf3b934941027a727d4aa
mlir/lib/Dialect/EmitC/Transforms/Transforms.cpp	blob	100644	a0e13de3c20c4c90b43b1ff9d754f9f4e5b5d0d3
mlir/lib/Dialect/EmitC/Transforms/TypeConversions.cpp	blob	100644	ab7be8d6cedd9636fa20099193ffe238aa93c322
mlir/lib/Dialect/EmitC/Transforms/WrapFuncInClass.cpp	blob	100644	4754ba19f3f7849f704ea0252cab938753085b4e
mlir/lib/Dialect/Func/CMakeLists.txt	blob	100644	a834aae8fbf81ed83e1bd85562e4d10b2bcec702
mlir/lib/Dialect/Func/Extensions/AllExtensions.cpp	blob	100644	1b18ef2dd04a73e8f35929797eb875c4bf6b6851
mlir/lib/Dialect/Func/Extensions/CMakeLists.txt	blob	100644	87ef51e63f1dad4db4e9b42c00d3dd6a5ab7cd83
mlir/lib/Dialect/Func/Extensions/InlinerExtension.cpp	blob	100644	c39e77d823b782b1e908436efc567242208fd83a
mlir/lib/Dialect/Func/Extensions/ShardingExtensions.cpp	blob	100644	dfd1348c24441217bed18cd6687dd2746ab99c23
mlir/lib/Dialect/Func/IR/CMakeLists.txt	blob	100644	329301c6fbafd2b1b87cf3709cf078b5571d1db9
mlir/lib/Dialect/Func/IR/FuncOps.cpp	blob	100644	42925ce4fd6a08ee0eb02278ce314df5d8811ddc
mlir/lib/Dialect/Func/TransformOps/CMakeLists.txt	blob	100644	968395c5bcfce18ceb82f377b6e22202872741c2
mlir/lib/Dialect/Func/TransformOps/FuncTransformOps.cpp	blob	100644	3a42d2a367d704f3f89c7f4ac9e4638757333e2e
mlir/lib/Dialect/Func/Transforms/CMakeLists.txt	blob	100644	0bed59e109503fc20ef550bc36174d8d31a1cd44
mlir/lib/Dialect/Func/Transforms/DuplicateFunctionElimination.cpp	blob	100644	c480e469fdcc8d4fb75a4dd31a85eea050f833bf
mlir/lib/Dialect/Func/Transforms/FuncConversions.cpp	blob	100644	216401a80c9f88aac3a162e33d5bc3ffcb947065
mlir/lib/Dialect/Func/Utils/CMakeLists.txt	blob	100644	99121d33dbc6ad23a26d4fdcefad43825968e1f8
mlir/lib/Dialect/Func/Utils/Utils.cpp	blob	100644	7dc12adad0531e282db091e3a78168fac9182b7f
mlir/lib/Dialect/GPU/CMakeLists.txt	blob	100644	547812da0ab97f7b6dae4b3a3bcf5466c6d6e77c
mlir/lib/Dialect/GPU/IR/GPUDialect.cpp	blob	100644	22c5e3c9b86ad777bcfb41f7133a2f1db0d007a2
mlir/lib/Dialect/GPU/IR/InferIntRangeInterfaceImpls.cpp	blob	100644	33695833b1ad8c0c09b8395356ef90054c1f9656
mlir/lib/Dialect/GPU/IR/ValueBoundsOpInterfaceImpl.cpp	blob	100644	c978aefe3f655d619f352742c81b955993c5bf17
mlir/lib/Dialect/GPU/Pipelines/CMakeLists.txt	blob	100644	3a0cd7ef5c39d2670a77456ea26256eff7555dd7
mlir/lib/Dialect/GPU/Pipelines/GPUToNVVMPipeline.cpp	blob	100644	5462cddd44718d753791ac8b89c70915d0cf6493
mlir/lib/Dialect/GPU/Pipelines/GPUToROCDLPipeline.cpp	blob	100644	1e5fd09a00a758ed684dde494d9c5dc61b53120c
mlir/lib/Dialect/GPU/Pipelines/GPUToXeVMPipeline.cpp	blob	100644	4dc9e2acfe235afac52d046ef6b1f6c93e4b1352
mlir/lib/Dialect/GPU/TransformOps/CMakeLists.txt	blob	100644	2d3dfdbfc11368fb373441d34ab376ca9c7231ba
mlir/lib/Dialect/GPU/TransformOps/GPUTransformOps.cpp	blob	100644	9591b76a5330ce1345251017657557ca0f0612a5
mlir/lib/Dialect/GPU/TransformOps/Utils.cpp	blob	100644	05bd917b3e40a14759bf834b16ad66eab936dc01
mlir/lib/Dialect/GPU/Transforms/AllReduceLowering.cpp	blob	100644	d76c3194f025e07b65bfccb7596cbacf01a8564b
mlir/lib/Dialect/GPU/Transforms/AsyncRegionRewriter.cpp	blob	100644	e2e63abe0a11a234d0f80967386b36fa9a34698f
mlir/lib/Dialect/GPU/Transforms/BufferDeallocationOpInterfaceImpl.cpp	blob	100644	8f0877be5825afce94c24aceb762202a0e3539b7
mlir/lib/Dialect/GPU/Transforms/DecomposeMemRefs.cpp	blob	100644	7b30906abc2fdc32207e564cb4b8de23a64dc067
mlir/lib/Dialect/GPU/Transforms/EliminateBarriers.cpp	blob	100644	21162546fe1b26f55b450d144a6167df5a39e78e
mlir/lib/Dialect/GPU/Transforms/GlobalIdRewriter.cpp	blob	100644	e55a695be13c82108833d54624d2064e691ed1d8
mlir/lib/Dialect/GPU/Transforms/IndexedAccessOpInterfaceImpl.cpp	blob	100644	a9503857090ab8e179f78f8238dfa7b6b6aa8b21
mlir/lib/Dialect/GPU/Transforms/KernelOutlining.cpp	blob	100644	831ac7fb0354ecd28d9d704e233fcbd4ae611166
mlir/lib/Dialect/GPU/Transforms/MemoryPromotion.cpp	blob	100644	6c90210b7cdbe3c0c49c32b3b64ee6fe53f2564b
mlir/lib/Dialect/GPU/Transforms/ModuleToBinary.cpp	blob	100644	93e07bef5af79ea044d30abf4da95df035b3eaae
mlir/lib/Dialect/GPU/Transforms/NVVMAttachTarget.cpp	blob	100644	daccb86e23f67bc59d6fefae75cb8fa9004c54e0
mlir/lib/Dialect/GPU/Transforms/ParallelLoopMapper.cpp	blob	100644	594c7a265667ea4ac37b9d110068f6cabc0f2835
mlir/lib/Dialect/GPU/Transforms/PromoteShuffleToAMDGPU.cpp	blob	100644	01da26f88a84d02cd837c4bb654f9445c007ffd4
mlir/lib/Dialect/GPU/Transforms/ROCDLAttachTarget.cpp	blob	100644	1f44ffa52e068e401fa63111cc543a3259b6906a
mlir/lib/Dialect/GPU/Transforms/SPIRVAttachTarget.cpp	blob	100644	e4468ed6d2884555623db494ce71d7060b5fcdad
mlir/lib/Dialect/GPU/Transforms/ShuffleRewriter.cpp	blob	100644	8e05436155b4c23b317719bbfb2adab04f954e91
mlir/lib/Dialect/GPU/Transforms/SubgroupIdRewriter.cpp	blob	100644	f34e1041a6709e0f3bc1b5e5e441c629467f910b
mlir/lib/Dialect/GPU/Transforms/SubgroupReduceLowering.cpp	blob	100644	ec1571a56fe4a8f1df16d319a8d8519930e665a8
mlir/lib/Dialect/GPU/Transforms/XeVMAttachTarget.cpp	blob	100644	6da76e9e7a331dbd429f2bd7df1e27fe834dbc9a
mlir/lib/Dialect/GPU/Utils/CMakeLists.txt	blob	100644	69094c518a159e5d2332cc563dbcff956756ba7e
mlir/lib/Dialect/GPU/Utils/DistributionUtils.cpp	blob	100644	572b74635837922a00747bb239b44aa702eccf25
mlir/lib/Dialect/GPU/Utils/Utils.cpp	blob	100644	1f09875b3e2732bd7a70b88f9bcfb78471e3a13e
mlir/lib/Dialect/IRDL/CMakeLists.txt	blob	100644	db4b98ef5308e30547785abfb1b72171d88226c6
mlir/lib/Dialect/IRDL/IR/IRDL.cpp	blob	100644	278113fc6e9661940b30e2cc5aa4efdb102e769a
mlir/lib/Dialect/IRDL/IR/IRDLOps.cpp	blob	100644	7ec3aa2741023c3ba7d23a95e20389fb75e9f3de
mlir/lib/Dialect/IRDL/IRDLLoading.cpp	blob	100644	54c7d17a97b509876bee3abdf5880777698d660e
mlir/lib/Dialect/IRDL/IRDLSymbols.cpp	blob	100644	ff2136df364d95106d63f05a458a44da1b0d404c
mlir/lib/Dialect/IRDL/IRDLVerifiers.cpp	blob	100644	9c128950c37c048d4add2e934d1b1a12540f4975
mlir/lib/Dialect/Index/CMakeLists.txt	blob	100644	f33061b2d87cffc48b072763eb55d349e9070aba
mlir/lib/Dialect/Index/IR/CMakeLists.txt	blob	100644	fce47d2ecc53174f6e0194cb5a47e970e41fc258
mlir/lib/Dialect/Index/IR/IndexAttrs.cpp	blob	100644	cd2885448524021691da5cd7eea47ced2b28dc0b
mlir/lib/Dialect/Index/IR/IndexDialect.cpp	blob	100644	887e8e1ae78b6c465eab69037a5c0ce18bd1a144
mlir/lib/Dialect/Index/IR/IndexOps.cpp	blob	100644	2b1baa8b446438fc835fe9ec975387e00d324d3c
mlir/lib/Dialect/Index/IR/InferIntRangeInterfaceImpls.cpp	blob	100644	afea481047f94c701c6e3c884d33a54522f914e5
mlir/lib/Dialect/LLVMIR/CMakeLists.txt	blob	100644	494a1e4c3ee9759c547d07c01a5fe39e7e6c8410
mlir/lib/Dialect/LLVMIR/IR/BasicPtxBuilderInterface.cpp	blob	100644	a8767611adb64f3f46c739bda7864a08bdbfb87c
mlir/lib/Dialect/LLVMIR/IR/FunctionCallUtils.cpp	blob	100644	ee46b3ebd28afbb1d126a4745a26068a304944cb
mlir/lib/Dialect/LLVMIR/IR/LLVMAttrs.cpp	blob	100644	3b26aa26213708b2b49299e2271aca1fe2ae483d
mlir/lib/Dialect/LLVMIR/IR/LLVMDialect.cpp	blob	100644	3bda6f52957472d3609dff41810c38acf0085eba
mlir/lib/Dialect/LLVMIR/IR/LLVMDialectBytecode.cpp	blob	100644	597690e7c77a2cc81acfda636060bc55d6cd540d
mlir/lib/Dialect/LLVMIR/IR/LLVMDialectBytecode.h	blob	100644	1a17cb462ccf3920651eaa1d17512421d8f0e308
mlir/lib/Dialect/LLVMIR/IR/LLVMInterfaces.cpp	blob	100644	ea46b21416e9f79e72cac6cea84b7313b818682a
mlir/lib/Dialect/LLVMIR/IR/LLVMMemorySlot.cpp	blob	100644	2416e01a679551aaef7bbabfb4c96f3caf1cc2a0
mlir/lib/Dialect/LLVMIR/IR/LLVMTypeSyntax.cpp	blob	100644	8ad623763bb922d6507efc1164f78fd341c20e67
mlir/lib/Dialect/LLVMIR/IR/LLVMTypes.cpp	blob	100644	ba2b8de4d7d8263ff285639167d7d72cc0991d39
mlir/lib/Dialect/LLVMIR/IR/NVVMDialect.cpp	blob	100644	86f0720ad91fcb793c765cf5a8cd61a1e0d31001
mlir/lib/Dialect/LLVMIR/IR/NVVMRequiresSMTraits.cpp	blob	100644	68bb3c6827bb30570a0703acf668a16a88143e41
mlir/lib/Dialect/LLVMIR/IR/ROCDLDialect.cpp	blob	100644	686b62f1dd80eef729eed4b08a70148e303c8a26
mlir/lib/Dialect/LLVMIR/IR/TypeDetail.h	blob	100644	081a89d0b5dc7bbca991ec0ee1b3ae97ccab93d3
mlir/lib/Dialect/LLVMIR/IR/VCIXDialect.cpp	blob	100644	1d4a0af4b045baaf3d763221d4a2054bfd6ef1ce
mlir/lib/Dialect/LLVMIR/IR/XeVMDialect.cpp	blob	100644	e8b3c7065f880067b4dd8a60db539ff1e1cefc64
mlir/lib/Dialect/LLVMIR/Transforms/AddComdats.cpp	blob	100644	1fb482b63670fb58bd221ce717d97408e85e030e
mlir/lib/Dialect/LLVMIR/Transforms/CMakeLists.txt	blob	100644	fff166d39dad9b6017c0fdbddc7c281336600122
mlir/lib/Dialect/LLVMIR/Transforms/DIExpressionLegalization.cpp	blob	100644	7d3170bb968219ff892d8d846d2199701a1a1e22
mlir/lib/Dialect/LLVMIR/Transforms/DIExpressionRewriter.cpp	blob	100644	23b41304823143e0b8ca3b1089a2c0a63e1dc3eb
mlir/lib/Dialect/LLVMIR/Transforms/DIScopeForLLVMFuncOp.cpp	blob	100644	e2285d57821c009822017ccb692e628d5116a7d0
mlir/lib/Dialect/LLVMIR/Transforms/InlinerInterfaceImpl.cpp	blob	100644	657835ae541494ec37684623eed18c33d142e647
mlir/lib/Dialect/LLVMIR/Transforms/LegalizeForExport.cpp	blob	100644	38a4bc844ea89695f1d8e5613d536e31b06f654b
mlir/lib/Dialect/LLVMIR/Transforms/RequestCWrappers.cpp	blob	100644	a5fccbdc368fe758a15bec44a7dc6dbd99732857
mlir/lib/Dialect/LLVMIR/Transforms/UseDefaultVisibilityPass.cpp	blob	100644	248400428cfc0138ac2f141755f29022087e2351
mlir/lib/Dialect/Linalg/CMakeLists.txt	blob	100644	c47e4c5495c17bcf85fec888b7a0944ab0552983
mlir/lib/Dialect/Linalg/IR/CMakeLists.txt	blob	100644	ec4fd82468dbb5b20c870e6f74fdab3731622590
mlir/lib/Dialect/Linalg/IR/LinalgDialect.cpp	blob	100644	5f7e5cc230286a3ccf26d98f475cb62213365e74
mlir/lib/Dialect/Linalg/IR/LinalgInterfaces.cpp	blob	100644	e3f4988b3ab76c915f631dd98c8ca4bfcb888bb0
mlir/lib/Dialect/Linalg/IR/LinalgOps.cpp	blob	100644	170e1edf8a55daf8c69264b658d9d654545cf80a
mlir/lib/Dialect/Linalg/IR/ValueBoundsOpInterfaceImpl.cpp	blob	100644	f56ef485069f85667b5f8d253ebe79364b434cfd
mlir/lib/Dialect/Linalg/TransformOps/CMakeLists.txt	blob	100644	b15a4704f52a26192ca93855e7d5c4f2726dd066
mlir/lib/Dialect/Linalg/TransformOps/DialectExtension.cpp	blob	100644	a1a91ca060b1d7a918089705fb3f4ce6f5a98860
mlir/lib/Dialect/Linalg/TransformOps/GPUHeuristics.cpp	blob	100644	f5dd102b707c1f5f85fa5fb9329b53b9440b178c
mlir/lib/Dialect/Linalg/TransformOps/LinalgMatchOps.cpp	blob	100644	9a3bc3f60710cf8ebf14be824ffa7ea9d46ea2a3
mlir/lib/Dialect/Linalg/TransformOps/LinalgTransformOps.cpp	blob	100644	8c5bd50bd6f8b4e73b8b789442312072cd0186db
mlir/lib/Dialect/Linalg/TransformOps/Syntax.cpp	blob	100644	e968c73d8e0753c9da4a77c9d2933e7aa62043be
mlir/lib/Dialect/Linalg/Transforms/AllInterfaces.cpp	blob	100644	ba94ad7906ab7eadb6e2f38bdbc9f58a99814ae6
mlir/lib/Dialect/Linalg/Transforms/BlockPackMatmul.cpp	blob	100644	1f4cda459e738ce34f6963fb105446dc90dab199
mlir/lib/Dialect/Linalg/Transforms/BubbleUpExtractSlice.cpp	blob	100644	9a16318342d102790a86bb8f034d91063db0b0be
mlir/lib/Dialect/Linalg/Transforms/BufferizableOpInterfaceImpl.cpp	blob	100644	ca5ee62e5ffebef551a83b4cc2c4d703a1456864
mlir/lib/Dialect/Linalg/Transforms/CMakeLists.txt	blob	100644	6dcc6e6d184291ba6f4e582fa3b91b169a435dda
mlir/lib/Dialect/Linalg/Transforms/CategoryToNamedOp.cpp	blob	100644	6d1f61100dbf5fc2dbca97715f09b3469c8755f6
mlir/lib/Dialect/Linalg/Transforms/ConstantFold.cpp	blob	100644	ba763ec2137e765ae5f70b91c7e072c561aa701e
mlir/lib/Dialect/Linalg/Transforms/ConvertConv2DToImg2Col.cpp	blob	100644	e2dd0a6d79a733cb922e92dcd5ee8c30a5de1117
mlir/lib/Dialect/Linalg/Transforms/ConvertToDestinationStyle.cpp	blob	100644	58a543a87ecd3c259c054ba2068e9636b9a7d49c
mlir/lib/Dialect/Linalg/Transforms/DataLayoutPropagation.cpp	blob	100644	d36ca43a6cbb36c50541c3400e0cc5bbb1ac402e
mlir/lib/Dialect/Linalg/Transforms/DecomposeGenericByUnfoldingPermutation.cpp	blob	100644	8ab0f67d9b7de764f63c5bdd2cc7c24dfffe44d2
mlir/lib/Dialect/Linalg/Transforms/DecomposeLinalgOps.cpp	blob	100644	3c8d2aadc8c754b1eee71088a9ccfc3357b3b9ee
mlir/lib/Dialect/Linalg/Transforms/DropUnitDims.cpp	blob	100644	c3dca148b7f9428f9aa4a5f4b9557768be8c00ce
mlir/lib/Dialect/Linalg/Transforms/ElementwiseOpFusion.cpp	blob	100644	db46de75abd1a2c54a85981e56195802c78c02e7
mlir/lib/Dialect/Linalg/Transforms/ElementwiseToLinalg.cpp	blob	100644	aea17d8de4a76c1aa18c31a17fbff336496fcb1a
mlir/lib/Dialect/Linalg/Transforms/EliminateEmptyTensors.cpp	blob	100644	b6c4b98301e4868e5656cac52a5ca7f0c6774534
mlir/lib/Dialect/Linalg/Transforms/EraseUnusedOperandsAndResults.cpp	blob	100644	cbd63576619b6ef3d1e540eb66e56d9a3a358332
mlir/lib/Dialect/Linalg/Transforms/FoldAddIntoDest.cpp	blob	100644	7a720073cfdaa2315c3c517a85a6af1070631b64
mlir/lib/Dialect/Linalg/Transforms/FoldIntoElementwise.cpp	blob	100644	94db259d662d46f7418743fade0f550bf093bd2a
mlir/lib/Dialect/Linalg/Transforms/FusePadOpWithLinalgProducer.cpp	blob	100644	0ca89040f34538f0ed47f32f723be6da8de589e0
mlir/lib/Dialect/Linalg/Transforms/Fusion.cpp	blob	100644	f11f230a8909bbca40a3248f90874c03a135111a
mlir/lib/Dialect/Linalg/Transforms/Generalization.cpp	blob	100644	35abdc027f194735c470d20f17f77349574425c5
mlir/lib/Dialect/Linalg/Transforms/HoistPadding.cpp	blob	100644	85ec1c19384dedab5e0cf3b840a9fefcfcf15fdd
mlir/lib/Dialect/Linalg/Transforms/Hoisting.cpp	blob	100644	a573b4a54dbba07a1f44e2bae93919bd4bc72225
mlir/lib/Dialect/Linalg/Transforms/InlineScalarOperands.cpp	blob	100644	39cc21df40583d8be6e03fe459f25cebc2e5f3a2
mlir/lib/Dialect/Linalg/Transforms/Interchange.cpp	blob	100644	1a293da883fd68cb0335284fce4d19296b60dc49
mlir/lib/Dialect/Linalg/Transforms/Loops.cpp	blob	100644	42160a15bc75584419686b72e52f4cf9e35edd52
mlir/lib/Dialect/Linalg/Transforms/MorphOps.cpp	blob	100644	7d360ee734249a160e1056683693dc3550a333b0
mlir/lib/Dialect/Linalg/Transforms/NamedToElementwise.cpp	blob	100644	c9045566473cbe7f0d4e6c8dc80c2e67a4e944c1
mlir/lib/Dialect/Linalg/Transforms/PackAndUnpackPatterns.cpp	blob	100644	c8e9f021938e56b2e473fa92cacf0a5a025ae7dc
mlir/lib/Dialect/Linalg/Transforms/PadTilingInterface.cpp	blob	100644	ab2629b41a4630e2f137af24fa579facc0e78323
mlir/lib/Dialect/Linalg/Transforms/Padding.cpp	blob	100644	9b8ec2f186a1b6ca5cb15713140384f54703f0a1
mlir/lib/Dialect/Linalg/Transforms/Promotion.cpp	blob	100644	cd71db7ec783aa435314ce85e5142f0e1b23d51c
mlir/lib/Dialect/Linalg/Transforms/RuntimeOpVerification.cpp	blob	100644	5e10ba3780607947e3b8b22658a283e2eaf66e32
mlir/lib/Dialect/Linalg/Transforms/ShardingInterfaceImpl.cpp	blob	100644	68d491443bde90b7945ebd711742caadd4ecf4af
mlir/lib/Dialect/Linalg/Transforms/SimplifyDepthwiseConv.cpp	blob	100644	c55a0bf7ef9a36a60cf09bbed17f78c63f9c27e3
mlir/lib/Dialect/Linalg/Transforms/Specialize.cpp	blob	100644	1bdcd0be3132931bde1bfbf199f9002bd3b6f1d3
mlir/lib/Dialect/Linalg/Transforms/Split.cpp	blob	100644	25881701bc44df2b5f9f8519f7fc0f4c811334f7
mlir/lib/Dialect/Linalg/Transforms/SplitReduction.cpp	blob	100644	b8f862001bccf73883e9c1933d64ed9760786355
mlir/lib/Dialect/Linalg/Transforms/SubsetInsertionOpInterfaceImpl.cpp	blob	100644	55a09622644ea1e83e535a07c0c4148b6b1b473b
mlir/lib/Dialect/Linalg/Transforms/SwapExtractSliceWithFillPatterns.cpp	blob	100644	792ca3e5123efbd625196d51b3a1ec94951b4f32
mlir/lib/Dialect/Linalg/Transforms/Tiling.cpp	blob	100644	39fdfa9cdbd47dd1fe1cab3a1557ed9c6c2bdc63
mlir/lib/Dialect/Linalg/Transforms/TilingInterfaceImpl.cpp	blob	100644	b00ab8a7d6ee71e789c26a95418efbb6d47a3da7
mlir/lib/Dialect/Linalg/Transforms/Transforms.cpp	blob	100644	0b6d067d13a165e92ec20b4eaac5d9c709942c47
mlir/lib/Dialect/Linalg/Transforms/TransposeConv2D.cpp	blob	100644	35453e2d2e1042169f4150d7aab761e5fd88ccf0
mlir/lib/Dialect/Linalg/Transforms/TransposeMatmul.cpp	blob	100644	2650488c17993f1bd98d4d305e3542c438ef5188
mlir/lib/Dialect/Linalg/Transforms/Vectorization.cpp	blob	100644	21ca3108efcd6e14b1720dbf8acc3b4446e01b39
mlir/lib/Dialect/Linalg/Transforms/WinogradConv2D.cpp	blob	100644	37bdd8b12af4db08f4017c9c9a32a7726d792004
mlir/lib/Dialect/Linalg/Utils/CMakeLists.txt	blob	100644	50221b56ec50474199bf5a070fd3caf18b84d696
mlir/lib/Dialect/Linalg/Utils/Utils.cpp	blob	100644	e626df6d710e3e8985c8266025e7678b1393c43d
mlir/lib/Dialect/MLProgram/CMakeLists.txt	blob	100644	9f57627c321fb0c74b3e4a404e3c36bd435f64a7
mlir/lib/Dialect/MLProgram/IR/CMakeLists.txt	blob	100644	725bb5fd9da9ede54707acba2f68a887a7fe4e0d
mlir/lib/Dialect/MLProgram/IR/MLProgramDialect.cpp	blob	100644	0b1561213165b7e9805c5da24d3c2f2d9c995856
mlir/lib/Dialect/MLProgram/IR/MLProgramOps.cpp	blob	100644	37ddca101f64b0d0509981cf3490190fb68c22f6
mlir/lib/Dialect/MLProgram/Transforms/BufferizableOpInterfaceImpl.cpp	blob	100644	a7c5934132b35ebfd00561922dabb9d549eba436
mlir/lib/Dialect/MLProgram/Transforms/CMakeLists.txt	blob	100644	988019f0b648a1f1426782a3652dd2e0d5a493ae
mlir/lib/Dialect/MLProgram/Transforms/PipelineGlobalOps.cpp	blob	100644	db06d2beed94a68270286f05df7aff19286cab10
mlir/lib/Dialect/MPI/CMakeLists.txt	blob	100644	f33061b2d87cffc48b072763eb55d349e9070aba
mlir/lib/Dialect/MPI/IR/CMakeLists.txt	blob	100644	86c53495f01a3b58388e8778e986f9deb125ed74
mlir/lib/Dialect/MPI/IR/MPI.cpp	blob	100644	789e1d94224d1633294c99304b40e046f9709e9e
mlir/lib/Dialect/MPI/IR/MPIOps.cpp	blob	100644	3c93029f0d37f3c24aea48dd357c990cb5e0abd6
mlir/lib/Dialect/Math/CMakeLists.txt	blob	100644	9f57627c321fb0c74b3e4a404e3c36bd435f64a7
mlir/lib/Dialect/Math/IR/CMakeLists.txt	blob	100644	ed95bf846cdeadecf4dd5aa6b29dcac747cbfd4a
mlir/lib/Dialect/Math/IR/MathDialect.cpp	blob	100644	6757894fea4a528343f97997736c224f9f68fa22
mlir/lib/Dialect/Math/IR/MathOps.cpp	blob	100644	2fd081282c2aa45433c286600b9e18780baa0d15
mlir/lib/Dialect/Math/Transforms/AlgebraicSimplification.cpp	blob	100644	7ce7b2153ffb4568b881bd4176dcafdbe8af78f3
mlir/lib/Dialect/Math/Transforms/CMakeLists.txt	blob	100644	3cbfe03d784ab1f27a25a07a2d0acd7acb09f33e
mlir/lib/Dialect/Math/Transforms/ExpandOps.cpp	blob	100644	41816abf073398206a40423386043422decc5cb6
mlir/lib/Dialect/Math/Transforms/ExtendToSupportedTypes.cpp	blob	100644	bc262f84b26acb9de71d4628578a28fe6475ef77
mlir/lib/Dialect/Math/Transforms/PolynomialApproximation.cpp	blob	100644	9b367e0f84cb8d94fdcfd97b385b7aa65c6dbac9
mlir/lib/Dialect/Math/Transforms/SincosFusion.cpp	blob	100644	4d8027c604cdf8fd629476edc24babd68a185e8e
mlir/lib/Dialect/Math/Transforms/UpliftToFMA.cpp	blob	100644	de950bac819c7dc0b09bc2767cae74ed83a1a42d
mlir/lib/Dialect/MemRef/CMakeLists.txt	blob	100644	c47e4c5495c17bcf85fec888b7a0944ab0552983
mlir/lib/Dialect/MemRef/IR/CMakeLists.txt	blob	100644	56d98dd431c8e12064748f7658f5acc4a6d1b5f8
mlir/lib/Dialect/MemRef/IR/MemRefDialect.cpp	blob	100644	8cecf5a4897e9f2e733ba4c4b4a5eeff325837a1
mlir/lib/Dialect/MemRef/IR/MemRefMemorySlot.cpp	blob	100644	6748e2cf71804ace5af63330cad9c87fb0cc6bc8
mlir/lib/Dialect/MemRef/IR/MemRefOps.cpp	blob	100644	0ef57172e380ca4d2e03f6ec98e9d3d352d8fc86
mlir/lib/Dialect/MemRef/IR/MemoryAccessOpInterfaces.cpp	blob	100644	9a76f07f96f23278dce87c9af28ebd59662d2258
mlir/lib/Dialect/MemRef/IR/ValueBoundsOpInterfaceImpl.cpp	blob	100644	8408b166a6b2af0987df176fcb1204380683ac64
mlir/lib/Dialect/MemRef/TransformOps/CMakeLists.txt	blob	100644	4c9e3d3c813f7a6722be475a530ed67dc06e78cd
mlir/lib/Dialect/MemRef/TransformOps/MemRefTransformOps.cpp	blob	100644	95eb2a9a95bc10a63d6f706c8784c83b9c794c87
mlir/lib/Dialect/MemRef/Transforms/AllocationOpInterfaceImpl.cpp	blob	100644	75cc39e61656aa4ec68153d5541d5108747261ce
mlir/lib/Dialect/MemRef/Transforms/BufferViewFlowOpInterfaceImpl.cpp	blob	100644	1939195f44ba551100a543d840721afc355db8a0
mlir/lib/Dialect/MemRef/Transforms/CMakeLists.txt	blob	100644	1a8b03dabcfb75cc6d4f7b801e35b98832808c64
mlir/lib/Dialect/MemRef/Transforms/ComposeSubView.cpp	blob	100644	cce80db4e0ab14dbc5ab18d4944efa0cac97cc40
mlir/lib/Dialect/MemRef/Transforms/ElideReinterpretCast.cpp	blob	100644	49f30a594e0ee70d87c8c869fa3b58c062ff7877
mlir/lib/Dialect/MemRef/Transforms/EmulateNarrowType.cpp	blob	100644	a11e14faa54757c0cbcd95db4ad9d06f37fc6527
mlir/lib/Dialect/MemRef/Transforms/EmulateWideInt.cpp	blob	100644	6f815ae46904ceb986caf60a5d1486bfa44512fd
mlir/lib/Dialect/MemRef/Transforms/ExpandOps.cpp	blob	100644	de5878407a683da65e09edef65fff2b31f31b430
mlir/lib/Dialect/MemRef/Transforms/ExpandRealloc.cpp	blob	100644	01d32621b2055ba4a03b7846309ae4a944d37bbc
mlir/lib/Dialect/MemRef/Transforms/ExpandStridedMetadata.cpp	blob	100644	20d543b7210b1fd4055a1bbf3c4d4e8602cdde9c
mlir/lib/Dialect/MemRef/Transforms/ExtractAddressComputations.cpp	blob	100644	6c66f246331ad80f4a81bfbdcf4e5f19db8eaa8a
mlir/lib/Dialect/MemRef/Transforms/FlattenMemRefs.cpp	blob	100644	5a4a67d8e9f2fdf4910b2d92612c12454be9b787
mlir/lib/Dialect/MemRef/Transforms/FoldMemRefAliasOps.cpp	blob	100644	e0d2e6d00b9f0104d817cec212d32c0a7ed8b8a3
mlir/lib/Dialect/MemRef/Transforms/IndependenceTransforms.cpp	blob	100644	e4ee029d93c44650dee62e06971f6f8bcdad217e
mlir/lib/Dialect/MemRef/Transforms/MultiBuffer.cpp	blob	100644	ce45f847ccaedf9fc3ff76ab4bfb287153edd212
mlir/lib/Dialect/MemRef/Transforms/NormalizeMemRefs.cpp	blob	100644	d5e0dace3c7754379cc953d17f79e13d8cf5c40a
mlir/lib/Dialect/MemRef/Transforms/ReifyResultShapes.cpp	blob	100644	d65825bbdf3914e77a7a67b7b583417d760c274d
mlir/lib/Dialect/MemRef/Transforms/ResolveShapedTypeResultDims.cpp	blob	100644	90a58cc1a807f6c4d4894c2b194f7b78012589e8
mlir/lib/Dialect/MemRef/Transforms/RuntimeOpVerification.cpp	blob	100644	8f49ed471fbf7d154d0d61e766ff59c6de3a3197
mlir/lib/Dialect/MemRef/Utils/CMakeLists.txt	blob	100644	f8c9f8a7cf3d240104e193fde8ce3d287197d1a3
mlir/lib/Dialect/MemRef/Utils/MemRefUtils.cpp	blob	100644	bc019d601dcd93780d8189bc378c7675234f53b7
mlir/lib/Dialect/NVGPU/CMakeLists.txt	blob	100644	63b4d8b99f53fd7fc0a7594666991edf204d6e39
mlir/lib/Dialect/NVGPU/IR/CMakeLists.txt	blob	100644	94776845c53216691b1a95cbcfe8dc8ca46ea426
mlir/lib/Dialect/NVGPU/IR/NVGPUDialect.cpp	blob	100644	642e5884886414daac2eb803e7f5410e5b7a1ee0
mlir/lib/Dialect/NVGPU/TransformOps/CMakeLists.txt	blob	100644	9a20f170b629bbe38f28c7ab47a84319ad3ceb71
mlir/lib/Dialect/NVGPU/TransformOps/NVGPUTransformOps.cpp	blob	100644	4e6b8ea43e6980835c21c5ca77e8576791a40179
mlir/lib/Dialect/NVGPU/Transforms/CMakeLists.txt	blob	100644	8852ed7fb30a8371e459abf885399d01cd2d05bf
mlir/lib/Dialect/NVGPU/Transforms/CreateAsyncGroups.cpp	blob	100644	050bbac2293e9e3942974d184e7fa5b817ac5cca
mlir/lib/Dialect/NVGPU/Transforms/MemoryAccessOpInterfacesImpl.cpp	blob	100644	5dc0a5f30b347b016e987ad024ee08a236ea149c
mlir/lib/Dialect/NVGPU/Transforms/MmaSyncTF32Transform.cpp	blob	100644	7f626a625aaeadda0949870d4abdd8c52eb0ecdd
mlir/lib/Dialect/NVGPU/Transforms/OptimizeSharedMemory.cpp	blob	100644	e06b15febf145ea50ba9c74ed3da6561d446cf72
mlir/lib/Dialect/NVGPU/Transforms/Utils.cpp	blob	100644	5904e42be090544e6a3f8a9ebcffcaea685cdbd1
mlir/lib/Dialect/NVGPU/Utils/CMakeLists.txt	blob	100644	181784379b134469483c4754818228568fe67991
mlir/lib/Dialect/NVGPU/Utils/MMAUtils.cpp	blob	100644	9e5ea93769cdce597f4f23efa7016cfa4f6bc004
mlir/lib/Dialect/NVVM/CMakeLists.txt	blob	100644	e31af32661164a7b68a765a6eaff0af7797550d2
mlir/lib/Dialect/NVVM/Transforms/CMakeLists.txt	blob	100644	935fa5700c7e5fd882d5d39cd8152b93068b8846
mlir/lib/Dialect/NVVM/Transforms/OptimizeForNVVM.cpp	blob	100644	0994946d096869be7ff9000f522a4aa79697583a
mlir/lib/Dialect/OpenACC/Analysis/CMakeLists.txt	blob	100644	f2c13608855b9f50a5f2f1dfa992eb0ab761e465
mlir/lib/Dialect/OpenACC/Analysis/OpenACCSupport.cpp	blob	100644	be97b2bb2fbec895ac4689bfedaf7f478faccc51
mlir/lib/Dialect/OpenACC/CMakeLists.txt	blob	100644	e8a916e824d7138e4027a799933b60b51ea3fb37
mlir/lib/Dialect/OpenACC/IR/CMakeLists.txt	blob	100644	b04a30b442de0697eb83b19b2faafc1025bd596d
mlir/lib/Dialect/OpenACC/IR/OpenACC.cpp	blob	100644	cdf34234f06df11db4379e8e76951707ebc3e5fd
mlir/lib/Dialect/OpenACC/IR/OpenACCCG.cpp	blob	100644	4f112b4002427281f94fe1a37d7e40bf72a3dbb1
mlir/lib/Dialect/OpenACC/Transforms/ACCBindRoutine.cpp	blob	100644	81b3cfb62795215689d02e37c77fbf0305bc49c5
mlir/lib/Dialect/OpenACC/Transforms/ACCCGToGPU.cpp	blob	100644	0dda217250e900c8ede034f0eaef538d52f65eed
mlir/lib/Dialect/OpenACC/Transforms/ACCComputeLowering.cpp	blob	100644	a275a794c9fd5f45137d9467c187d94d81784db9
mlir/lib/Dialect/OpenACC/Transforms/ACCDeclareGPUModuleInsertion.cpp	blob	100644	fc77accc415d74c8a9ec37a0882cdb17df613814
mlir/lib/Dialect/OpenACC/Transforms/ACCEmitRemarksData.cpp	blob	100644	eda3994d2ab093916e1a20c9dbdff420c6386b65
mlir/lib/Dialect/OpenACC/Transforms/ACCEmitRemarksLoop.cpp	blob	100644	29e71fe1e90977301bc79800d53f89aeaf708054
mlir/lib/Dialect/OpenACC/Transforms/ACCEmitRemarksPrivate.cpp	blob	100644	645080aea0b79f0e25c00c5b02e153ee7ec259f9
mlir/lib/Dialect/OpenACC/Transforms/ACCIfClauseLowering.cpp	blob	100644	8adf441f7bd443308ecbe4de82cf7070fc48c5b1
mlir/lib/Dialect/OpenACC/Transforms/ACCImplicitData.cpp	blob	100644	5aae7dfef7d58b8fd7a6abb954642cb6beb7a130
mlir/lib/Dialect/OpenACC/Transforms/ACCImplicitDeclare.cpp	blob	100644	4d77353c20f5691047cb7a2168c86e63cc9d6a5c
mlir/lib/Dialect/OpenACC/Transforms/ACCImplicitRoutine.cpp	blob	100644	e2ea3f1aed3b59dcf536758c44e76c02ad7b0573
mlir/lib/Dialect/OpenACC/Transforms/ACCLegalizeSerial.cpp	blob	100644	f41ce276f994f0d0c5fd3a9b2ee3a533ec28a986
mlir/lib/Dialect/OpenACC/Transforms/ACCLoopTiling.cpp	blob	100644	d5865bc98727e190b41096fe32e1051dde03ed23
mlir/lib/Dialect/OpenACC/Transforms/ACCRecipeMaterialization.cpp	blob	100644	70aacd251c329994f8fd19b99cf72bf75eaf5411
mlir/lib/Dialect/OpenACC/Transforms/ACCRoutineLowering.cpp	blob	100644	9d5f0fc434d7ed7b9471ec6c2408b4d24dce3acf
mlir/lib/Dialect/OpenACC/Transforms/ACCRoutineToGPUFunc.cpp	blob	100644	6bbb4b53cb5bb411a8e1368fb80840a7948f1384
mlir/lib/Dialect/OpenACC/Transforms/ACCSpecializeForDevice.cpp	blob	100644	9f114a2941fb75ea2440adbf1323382b890ced92
mlir/lib/Dialect/OpenACC/Transforms/ACCSpecializeForHost.cpp	blob	100644	aaa364bf866848d04b1a1457a8fbb41d6119e001
mlir/lib/Dialect/OpenACC/Transforms/CMakeLists.txt	blob	100644	efad2b45f66ed3f1046203387c91ffd52ba214db
mlir/lib/Dialect/OpenACC/Transforms/LegalizeDataValues.cpp	blob	100644	8b15d2c1cc7f2e76a3b4033df45d7ca5d0060784
mlir/lib/Dialect/OpenACC/Transforms/OffloadLiveInValueCanonicalization.cpp	blob	100644	4b57354b8b5d8a0cb9506adef9de189cde1108e0
mlir/lib/Dialect/OpenACC/Transforms/OffloadTargetVerifier.cpp	blob	100644	62941686890ada57923ce3ab1b4be42776ac0cf9
mlir/lib/Dialect/OpenACC/Utils/CMakeLists.txt	blob	100644	359cf23aa4abf5568a5a495c78c341ba4f5f9b7e
mlir/lib/Dialect/OpenACC/Utils/OpenACCRuntimeUtils.cpp	blob	100644	405b73a74d95dc49985ed079de5866df5369fed4
mlir/lib/Dialect/OpenACC/Utils/OpenACCUtils.cpp	blob	100644	5e04a4154adf336f55f8c83621911f31814e2aa5
mlir/lib/Dialect/OpenACC/Utils/OpenACCUtilsCG.cpp	blob	100644	d7ecb99e4943564872066fbef4562aee334dbe2c
mlir/lib/Dialect/OpenACC/Utils/OpenACCUtilsGPU.cpp	blob	100644	d0f454302a2a87b22626e144494c90ce79a69e89
mlir/lib/Dialect/OpenACC/Utils/OpenACCUtilsLoop.cpp	blob	100644	52f97e0867ee686c6ee48d0bfe97e5be08ae8de6
mlir/lib/Dialect/OpenACC/Utils/OpenACCUtilsReduction.cpp	blob	100644	df69714344f14a4fedf93f4e5a13dee40f320516
mlir/lib/Dialect/OpenACC/Utils/OpenACCUtilsTiling.cpp	blob	100644	32fd3957894fb16ddf0480efa5f6a6f04f10490d
mlir/lib/Dialect/OpenACC/Utils/OpenACCUtilsType.cpp	blob	100644	5761e853c650cf8e98f7ec3ec2fddefc23c3ad36
mlir/lib/Dialect/OpenACCMPCommon/CMakeLists.txt	blob	100644	3ac45c187158aa207e09030cd5abc34b183d6cad
mlir/lib/Dialect/OpenACCMPCommon/Interfaces/AtomicInterfaces.cpp	blob	100644	ca6a290b5a6dd716d4c3b8a972c9c8f183cf747a
mlir/lib/Dialect/OpenACCMPCommon/Interfaces/CMakeLists.txt	blob	100644	2a82ff2150287844d2b8aca3c79aa501af2c2870
mlir/lib/Dialect/OpenMP/CMakeLists.txt	blob	100644	31167e6af908b9f76a1bf8e90a7528cd10acb2aa
mlir/lib/Dialect/OpenMP/IR/CMakeLists.txt	blob	100644	1beea2098d3bb2e50107a7439de97fab41ac7ef6
mlir/lib/Dialect/OpenMP/IR/OpenMPDialect.cpp	blob	100644	4a9444ca40a30a02d0a3c283faf8190b2aac3b25
mlir/lib/Dialect/OpenMP/Transforms/CMakeLists.txt	blob	100644	bbdbc556fc52f84c455d41f93936c0b2773ea991
mlir/lib/Dialect/OpenMP/Transforms/HostOpFiltering.cpp	blob	100644	9c61b2717af570df4eadd69f5a47748f0377ecaf
mlir/lib/Dialect/OpenMP/Transforms/MarkDeclareTarget.cpp	blob	100644	84b0d40949dbafb242cb88b902d9fa849c195b75
mlir/lib/Dialect/OpenMP/Transforms/OpenMPOffloadPrivatizationPrepare.cpp	blob	100644	d3182a51b3a3f1b1264704b06be7bad08c0afbdc
mlir/lib/Dialect/OpenMP/Transforms/StackToShared.cpp	blob	100644	beffbeee5bbe62b2ddbef8edc487f0f2ac85d052
mlir/lib/Dialect/OpenMP/Utils/CMakeLists.txt	blob	100644	8fd8ba2622c68b8b4a57fe848d9ecb5043a1e11d
mlir/lib/Dialect/OpenMP/Utils/Utils.cpp	blob	100644	481efdba89e1e147d56860ea67f7e6b305b9ba79
mlir/lib/Dialect/PDL/CMakeLists.txt	blob	100644	f33061b2d87cffc48b072763eb55d349e9070aba
mlir/lib/Dialect/PDL/IR/CMakeLists.txt	blob	100644	a0bec9f51a62353ef4cffd81bd530091a6d4cbbb
mlir/lib/Dialect/PDL/IR/PDL.cpp	blob	100644	a28b365cdb4f56a1c6368799b0c1d435d84180ea
mlir/lib/Dialect/PDL/IR/PDLTypes.cpp	blob	100644	6f6c9d337066d06e65a76fab7ef645ddf506a65b
mlir/lib/Dialect/PDLInterp/CMakeLists.txt	blob	100644	f33061b2d87cffc48b072763eb55d349e9070aba
mlir/lib/Dialect/PDLInterp/IR/CMakeLists.txt	blob	100644	a2395872dca646719985cdada352efd1386e54f7
mlir/lib/Dialect/PDLInterp/IR/PDLInterp.cpp	blob	100644	1c713eb6f467ca97fc21082f113712f2b17eaac3
mlir/lib/Dialect/Ptr/CMakeLists.txt	blob	100644	f33061b2d87cffc48b072763eb55d349e9070aba
mlir/lib/Dialect/Ptr/IR/CMakeLists.txt	blob	100644	a6b0d416a416529d1fb90f313af3334cd57fb39c
mlir/lib/Dialect/Ptr/IR/MemorySpaceInterfaces.cpp	blob	100644	059e67ffb9f6665f06b7f94d2335351a7764f580
mlir/lib/Dialect/Ptr/IR/PtrAttrs.cpp	blob	100644	ac3bcd6cea87ebfbe7ca4aeb453a214080bb6764
mlir/lib/Dialect/Ptr/IR/PtrDialect.cpp	blob	100644	444197d12097f91bf8e09abb97876de19c6bf72f
mlir/lib/Dialect/Ptr/IR/PtrTypes.cpp	blob	100644	689de15a0415e5b9490e6f162b3881ee03b31596
mlir/lib/Dialect/Quant/CMakeLists.txt	blob	100644	31167e6af908b9f76a1bf8e90a7528cd10acb2aa
mlir/lib/Dialect/Quant/IR/CMakeLists.txt	blob	100644	c9e10ae52825e834677bde598d0974efeca6e5e1
mlir/lib/Dialect/Quant/IR/QuantDialectBytecode.cpp	blob	100644	870f13d4fb8c2c6d95778e7b0956f35db6e9504e
mlir/lib/Dialect/Quant/IR/QuantDialectBytecode.h	blob	100644	eef2b5bbefecc0f50b1ee79f4f7094554fb8a6d9
mlir/lib/Dialect/Quant/IR/QuantOps.cpp	blob	100644	36e660d6723815cc24b81983cb9eab17bf78a043
mlir/lib/Dialect/Quant/IR/QuantTypes.cpp	blob	100644	8dea51ac16b874d50d9d5bb90b7dcee88180ca98
mlir/lib/Dialect/Quant/IR/TypeDetail.h	blob	100644	8834ee7901c18d3a2bd15c5397f682b503337f08
mlir/lib/Dialect/Quant/IR/TypeParser.cpp	blob	100644	2a845bed0a535a9c09e4055de350e7144f0a66d6
mlir/lib/Dialect/Quant/Transforms/CMakeLists.txt	blob	100644	deb7109c904f4a8a12a678ea26c0ab6de888a693
mlir/lib/Dialect/Quant/Transforms/LowerQuantOps.cpp	blob	100644	9e37bc5163f7114985cd780852d6bb2c00212b6b
mlir/lib/Dialect/Quant/Transforms/NormalizeQuantTypes.cpp	blob	100644	966d7589d42c3903c89b800861a215ed53a62247
mlir/lib/Dialect/Quant/Transforms/StripFuncQuantTypes.cpp	blob	100644	1ffb18fb7ab96ce0a74513bdae1e582535bc9303
mlir/lib/Dialect/Quant/Utils/CMakeLists.txt	blob	100644	50381f053f85c8ae86a17adfa88f0c3c86b2e78b
mlir/lib/Dialect/Quant/Utils/FakeQuantSupport.cpp	blob	100644	fb27640bfd2784538ba6c1c38b7f2ac466cbc493
mlir/lib/Dialect/Quant/Utils/UniformSupport.cpp	blob	100644	8c4f80f13e2f6ed4db07522e03c480c55fd1639a
mlir/lib/Dialect/SCF/CMakeLists.txt	blob	100644	c47e4c5495c17bcf85fec888b7a0944ab0552983
mlir/lib/Dialect/SCF/IR/CMakeLists.txt	blob	100644	5e7d10e4a9d6a95ec578dd35883e37a2bfcc2b12
mlir/lib/Dialect/SCF/IR/DeviceMappingInterface.cpp	blob	100644	a90c638069f601e5979333113d00a5678a846a5b
mlir/lib/Dialect/SCF/IR/MemorySlot.cpp	blob	100644	92fc3452d4629b663491d25a926e79de9dea2c0f
mlir/lib/Dialect/SCF/IR/SCF.cpp	blob	100644	54d28783ddc4a146306971b3244a7a698901c373
mlir/lib/Dialect/SCF/IR/ValueBoundsOpInterfaceImpl.cpp	blob	100644	496a7b036e65d190bceb3571fc42be2bd8ab776d
mlir/lib/Dialect/SCF/TransformOps/CMakeLists.txt	blob	100644	06bccab80e7d80a28e1ebb89e44fa7628bd3f5ad
mlir/lib/Dialect/SCF/TransformOps/SCFTransformOps.cpp	blob	100644	d4e46ceb946d53b551cc3b8efd62d5cac25ee233
mlir/lib/Dialect/SCF/Transforms/BufferDeallocationOpInterfaceImpl.cpp	blob	100644	63216e7cc7fbaf9366696923afc7603c6af30dfc
mlir/lib/Dialect/SCF/Transforms/BufferizableOpInterfaceImpl.cpp	blob	100644	f8302126a4a4ed091fa785744506242dbb699b12
mlir/lib/Dialect/SCF/Transforms/CMakeLists.txt	blob	100644	fb9aa4018d2635286964bf633151249d8493bbcf
mlir/lib/Dialect/SCF/Transforms/ForToWhile.cpp	blob	100644	ddcbda86cf1f3cca54e706b144f881586b1ddd8d
mlir/lib/Dialect/SCF/Transforms/ForallToFor.cpp	blob	100644	20a64a3d2b4d74a7615e244941d2b7460a5d126c
mlir/lib/Dialect/SCF/Transforms/ForallToParallel.cpp	blob	100644	b95604fa44cb991a1539093b3e90980e82b4204b
mlir/lib/Dialect/SCF/Transforms/LoopCanonicalization.cpp	blob	100644	6eabf6becf5db7bc03f33d61fae11b62d2d12449
mlir/lib/Dialect/SCF/Transforms/LoopPipelining.cpp	blob	100644	7e7fba43fe9e0f2286f46a5b50e911ce5369b4df
mlir/lib/Dialect/SCF/Transforms/LoopRangeFolding.cpp	blob	100644	d4b4c4cfc063ffdd45febaae3fc344a11788faa5
mlir/lib/Dialect/SCF/Transforms/LoopSpecialization.cpp	blob	100644	a39e5520a144b3c46cba95ef53e71b618b6f7c6f
mlir/lib/Dialect/SCF/Transforms/ParallelForToNestedFors.cpp	blob	100644	c469a991fff64056bb6f143bc2dddd54c75902d9
mlir/lib/Dialect/SCF/Transforms/ParallelLoopCollapsing.cpp	blob	100644	0f00806870d8a4c42bab24032f3f118490456d18
mlir/lib/Dialect/SCF/Transforms/ParallelLoopFusion.cpp	blob	100644	1e879d81f35591b774f3cee2ab1d9523205750d0
mlir/lib/Dialect/SCF/Transforms/ParallelLoopTiling.cpp	blob	100644	081f5fb3dc8f2abd81e1fed2b389a589e6636206
mlir/lib/Dialect/SCF/Transforms/RotateWhileLoop.cpp	blob	100644	8707ec91328dc9a86a2228bfa66ea1a241aa5220
mlir/lib/Dialect/SCF/Transforms/StructuralTypeConversions.cpp	blob	100644	9468927021495d7eb24cb17e49c59a48c0071a00
mlir/lib/Dialect/SCF/Transforms/TileUsingInterface.cpp	blob	100644	ad4aff893a03a16e82337d7ed0fb83c438515ba1
mlir/lib/Dialect/SCF/Transforms/UpliftWhileToFor.cpp	blob	100644	ec1044aaa42ac3377abd8f8cc98b2b29edbdd108
mlir/lib/Dialect/SCF/Transforms/WrapInZeroTripCheck.cpp	blob	100644	db504fe157dc93b47a846bd6a9ae4717545ca85a
mlir/lib/Dialect/SCF/Utils/AffineCanonicalizationUtils.cpp	blob	100644	b73554cde74c303b32ed0a75232d40677cd1e28b
mlir/lib/Dialect/SCF/Utils/CMakeLists.txt	blob	100644	5ac6ed50659e773030c23dfc681e9918f4b24216
mlir/lib/Dialect/SCF/Utils/Utils.cpp	blob	100644	c789b4c8904d3789119c775de851a58d92e66eb4
mlir/lib/Dialect/SMT/CMakeLists.txt	blob	100644	f33061b2d87cffc48b072763eb55d349e9070aba
mlir/lib/Dialect/SMT/IR/CMakeLists.txt	blob	100644	e287613da9fd09e19ba8758cbac8e1863ed57b3a
mlir/lib/Dialect/SMT/IR/SMTAttributes.cpp	blob	100644	20d88a9d6872e6589101950c0174d54873afa22f
mlir/lib/Dialect/SMT/IR/SMTDialect.cpp	blob	100644	48c0b1ed8e14f9471ff130801b21d00df1273cdb
mlir/lib/Dialect/SMT/IR/SMTOps.cpp	blob	100644	06ad4ab51b88b088322ef8a61bd61e50894b9fd0
mlir/lib/Dialect/SMT/IR/SMTTypes.cpp	blob	100644	d9baef98aff3774057adda9f22c9ae0141ad8afb
mlir/lib/Dialect/SPIRV/CMakeLists.txt	blob	100644	211f67afd9fd036f3459b79a0b00078af3a34da3
mlir/lib/Dialect/SPIRV/IR/ArmGraphOps.cpp	blob	100644	47fe4d9c5b21c35f7f67e020ec3686da366879f6
mlir/lib/Dialect/SPIRV/IR/AtomicOps.cpp	blob	100644	70292681771286941a09a9d3e69d0c8729b1dc49
mlir/lib/Dialect/SPIRV/IR/CMakeLists.txt	blob	100644	f05f596aa9f23df7dc5c69094cc5dd0975c454a2
mlir/lib/Dialect/SPIRV/IR/CastOps.cpp	blob	100644	e8bbb8016baf66e7db1a745cf7d22ba522c1a74e
mlir/lib/Dialect/SPIRV/IR/ControlFlowOps.cpp	blob	100644	0ad88dee9fe9ea0d21fda4bc5b71ebcfa8fc3345
mlir/lib/Dialect/SPIRV/IR/CooperativeMatrixOps.cpp	blob	100644	eccc01137576ac69e342df26a1105da30ee9ceb2
mlir/lib/Dialect/SPIRV/IR/DotProductOps.cpp	blob	100644	dada8925b88e140bf69c1cfc30816eb2e4bbec9f
mlir/lib/Dialect/SPIRV/IR/GroupOps.cpp	blob	100644	fe6f00e9e5bca4d1b32259e94324c333b13f3f2b
mlir/lib/Dialect/SPIRV/IR/ImageOps.cpp	blob	100644	43d94c86013b1b4c86ece664a484f3aae467d6da
mlir/lib/Dialect/SPIRV/IR/MemoryOps.cpp	blob	100644	f9c03bf3b88c0ac77e4b06f5f14fc08b6a9c32cb
mlir/lib/Dialect/SPIRV/IR/MeshOps.cpp	blob	100644	a04f077606224d1119afba427964497fda8f2eb5
mlir/lib/Dialect/SPIRV/IR/SPIRVAttributes.cpp	blob	100644	f1940091ca23854e95fda2562ad75d79bb84288e
mlir/lib/Dialect/SPIRV/IR/SPIRVCanonicalization.cpp	blob	100644	2d5c4d7d3fd0e722e8cebd2bdf08c1717121b4f4
mlir/lib/Dialect/SPIRV/IR/SPIRVCanonicalization.td	blob	100644	e8d2274d29aa079e9535e36ff09e0bee734fb5b0
mlir/lib/Dialect/SPIRV/IR/SPIRVDialect.cpp	blob	100644	0e851fe68389c5faf91f5b65285c8a22521e9dd0
mlir/lib/Dialect/SPIRV/IR/SPIRVEnums.cpp	blob	100644	3cab289998763cd8b6f1d655f1ac5dabde9d31f1
mlir/lib/Dialect/SPIRV/IR/SPIRVGLCanonicalization.cpp	blob	100644	3ad8057a58dc94e64a1a8fc2b35efff371862e2d
mlir/lib/Dialect/SPIRV/IR/SPIRVOpAvailability.cpp	blob	100644	93c27c8701cabbb49744ace2f8163ebfba29001a
mlir/lib/Dialect/SPIRV/IR/SPIRVOpDefinition.cpp	blob	100644	b9075da95a6173aeded9fb20192a9e7382ed7ed8
mlir/lib/Dialect/SPIRV/IR/SPIRVOpUtils.h	blob	100644	d084fbcb8b3ae905383c9df3fc5a47f821d7e2ce
mlir/lib/Dialect/SPIRV/IR/SPIRVOps.cpp	blob	100644	fed2764080b011de7c8193637073bcaf0e361305
mlir/lib/Dialect/SPIRV/IR/SPIRVParsingUtils.cpp	blob	100644	726fb7ce9fdb749be6d5b109954d7ae5ed891648
mlir/lib/Dialect/SPIRV/IR/SPIRVParsingUtils.h	blob	100644	772219c8db6541200fd1ff260af672a5a71985dd
mlir/lib/Dialect/SPIRV/IR/SPIRVTosaOps.cpp	blob	100644	c927ef8c48d58670a736e9ceee83f4add70e65c9
mlir/lib/Dialect/SPIRV/IR/SPIRVTypes.cpp	blob	100644	f260b51902e9a90dc5158fea9d0f9fa89934bdbf
mlir/lib/Dialect/SPIRV/IR/TargetAndABI.cpp	blob	100644	c604fd087ba4621893b82c4c08c5c2fa9e48fd8d
mlir/lib/Dialect/SPIRV/Interfaces/CMakeLists.txt	blob	100644	2868e3b641b91fcbf9b1c320d51dd62231995c33
mlir/lib/Dialect/SPIRV/Interfaces/SPIRVImageInterfaces.cpp	blob	100644	eabcfcbfba93fe181f63f6ce472d7e24b50362b4
mlir/lib/Dialect/SPIRV/Linking/CMakeLists.txt	blob	100644	4cc016812701446bef7e32d1900bba2070c78142
mlir/lib/Dialect/SPIRV/Linking/ModuleCombiner/CMakeLists.txt	blob	100644	3239aa8407a1065babc420f29da82447462595ef
mlir/lib/Dialect/SPIRV/Linking/ModuleCombiner/ModuleCombiner.cpp	blob	100644	2b9c7296830dc83f79dbd0dc2eff70d9cda6635f
mlir/lib/Dialect/SPIRV/Transforms/CMakeLists.txt	blob	100644	b947447dad46a1ab65e7dd6a6ae63c60c76a54f6
mlir/lib/Dialect/SPIRV/Transforms/CanonicalizeGLPass.cpp	blob	100644	cb77a4c7f5860944212d2e76b1ba9c9801c45a9c
mlir/lib/Dialect/SPIRV/Transforms/ConvertToReplicatedConstantCompositePass.cpp	blob	100644	739c3092d36a760e2ccfa2b86109e6b9fc14bdba
mlir/lib/Dialect/SPIRV/Transforms/DecorateCompositeTypeLayoutPass.cpp	blob	100644	a517ca946f3a49b46a07e8f4ed63ea61f1cf896e
mlir/lib/Dialect/SPIRV/Transforms/LowerABIAttributesPass.cpp	blob	100644	b262e6b5d7f7501827ea77774008aa2944d28217
mlir/lib/Dialect/SPIRV/Transforms/RewriteInsertsPass.cpp	blob	100644	38ef547f0769f7a2450c4a3dc2aa6cefeee4847a
mlir/lib/Dialect/SPIRV/Transforms/SPIRVConversion.cpp	blob	100644	ef4d79c827bb26121f6658933b78f984fa6981dc
mlir/lib/Dialect/SPIRV/Transforms/SPIRVWebGPUTransforms.cpp	blob	100644	f14632c7ff66ccd6ab74d29cb62a5eb7d88582bc
mlir/lib/Dialect/SPIRV/Transforms/UnifyAliasedResourcePass.cpp	blob	100644	ecfce68db036b60fdd302b348cd1d98f64f61ee4
mlir/lib/Dialect/SPIRV/Transforms/UpdateVCEPass.cpp	blob	100644	68e41838a09526b1a39fb15adaef1d3945b436b2
mlir/lib/Dialect/SPIRV/Utils/CMakeLists.txt	blob	100644	9da83e02735d239af2282f47981b09473e4e89c5
mlir/lib/Dialect/SPIRV/Utils/LayoutUtils.cpp	blob	100644	2ca16cda1fa4cf38aa4e1f4f202e7816823f1ad2
mlir/lib/Dialect/Shape/CMakeLists.txt	blob	100644	9f57627c321fb0c74b3e4a404e3c36bd435f64a7
mlir/lib/Dialect/Shape/IR/CMakeLists.txt	blob	100644	32a86b483a49b109cd2918dc317694e24100a3d1
mlir/lib/Dialect/Shape/IR/Shape.cpp	blob	100644	0bb130eac1bffff0c263e0619dd994d205953bbd
mlir/lib/Dialect/Shape/IR/ShapeCanonicalization.td	blob	100644	829f3e0adfbedd41072c80f17891d506fe92b802
mlir/lib/Dialect/Shape/Transforms/BufferizableOpInterfaceImpl.cpp	blob	100644	f6bc22549f8e502992c8ef7bc191c4d61746ce05
mlir/lib/Dialect/Shape/Transforms/CMakeLists.txt	blob	100644	a51c6780c286656eef6a3daac632aaf9077a96ba
mlir/lib/Dialect/Shape/Transforms/OutlineShapeComputation.cpp	blob	100644	650a2396576fd963d3f88ea2333c79f00502382e
mlir/lib/Dialect/Shape/Transforms/RemoveShapeConstraints.cpp	blob	100644	b2992d252cf6e5386d0bc643220c074a1cde863b
mlir/lib/Dialect/Shape/Transforms/ShapeToShapeLowering.cpp	blob	100644	3c363f3b62cba02390816ef115ea510441ad528d
mlir/lib/Dialect/Shard/CMakeLists.txt	blob	100644	fa8842fb04fd721870a7c5be0ccd804087b10814
mlir/lib/Dialect/Shard/IR/CMakeLists.txt	blob	100644	70c6049884e128f2057653eec197a339313c4c9a
mlir/lib/Dialect/Shard/IR/ShardOps.cpp	blob	100644	ff790a0bf961d96eceaa4b88c29893171707f905
mlir/lib/Dialect/Shard/Interfaces/CMakeLists.txt	blob	100644	01e8e56dd391d7cc1425b5aa75b7e1dcd305fadc
mlir/lib/Dialect/Shard/Interfaces/ShardingInterface.cpp	blob	100644	cbdc274940d1e363419351da3c607c90566a854a
mlir/lib/Dialect/Shard/Transforms/CMakeLists.txt	blob	100644	4e3fb6db9966c5296a407034a3002a5b7eb5eaa5
mlir/lib/Dialect/Shard/Transforms/Partition.cpp	blob	100644	05b864dc5a29d1e7cb16754be1bbfa890f781186
mlir/lib/Dialect/Shard/Transforms/ShardingPropagation.cpp	blob	100644	a4f343c7c87b1ec576007bbef1a8a3652f67fd26
mlir/lib/Dialect/Shard/Transforms/Simplify.cpp	blob	100644	97c4c777d288beeabdcd1f75b345dbc1b4efb392
mlir/lib/Dialect/Shard/Transforms/Transforms.cpp	blob	100644	835bc443d4b2a57f44cc73a0e58412ff4601d05f
mlir/lib/Dialect/Shard/Transforms/TransformsDetail.h	blob	100644	60c9828ba736db7164ca618146c71c7217f38bcc
mlir/lib/Dialect/SparseTensor/CMakeLists.txt	blob	100644	c229ec184b5ba7c44ae2f01c120337a29c371a00
mlir/lib/Dialect/SparseTensor/IR/CMakeLists.txt	blob	100644	fe2cc90688d085dd11649360798ae174dd9f2119
mlir/lib/Dialect/SparseTensor/IR/Detail/DimLvlMap.cpp	blob	100644	b207dfe0d2be2f955b746db6320d682a2967f727
mlir/lib/Dialect/SparseTensor/IR/Detail/DimLvlMap.h	blob	100644	266fd7a3c5837b9aeade8f933d7cdf1b4ce5f3d8
mlir/lib/Dialect/SparseTensor/IR/Detail/DimLvlMapParser.cpp	blob	100644	bfb29a59255db0019d394654f39fdf589354d398
mlir/lib/Dialect/SparseTensor/IR/Detail/DimLvlMapParser.h	blob	100644	11f727c40644ae13cef5a7b0f36b9d520c8a832b
mlir/lib/Dialect/SparseTensor/IR/Detail/LvlTypeParser.cpp	blob	100644	13bf046f348d88bdf17eae36b951418035f8f31e
mlir/lib/Dialect/SparseTensor/IR/Detail/LvlTypeParser.h	blob	100644	1ac8254454ecf296f37044dad4edfc5de10db054
mlir/lib/Dialect/SparseTensor/IR/Detail/TemplateExtras.h	blob	100644	383fbcb8dc5205342273faaa36f660362d39d3ad
mlir/lib/Dialect/SparseTensor/IR/Detail/Var.cpp	blob	100644	069191c21b0919f1116a1c594ea4330a1baeb5ff
mlir/lib/Dialect/SparseTensor/IR/Detail/Var.h	blob	100644	dce8b003b013bb96be634aa5f5f074a763963a99
mlir/lib/Dialect/SparseTensor/IR/SparseTensorDialect.cpp	blob	100644	6c26a31bf88a0dacbcb2388c195d3adddb69f7f7
mlir/lib/Dialect/SparseTensor/IR/SparseTensorInterfaces.cpp	blob	100644	abb37a5e10b9a6910ef74285d476d69cc084627d
mlir/lib/Dialect/SparseTensor/Pipelines/CMakeLists.txt	blob	100644	c724b49762a1a324e06c9e3bec0ac21df0e8d750
mlir/lib/Dialect/SparseTensor/Pipelines/SparseTensorPipelines.cpp	blob	100644	d85966ec88f983370e577aa1d5eea6d2bf1079a0
mlir/lib/Dialect/SparseTensor/TransformOps/CMakeLists.txt	blob	100644	53ae92535b3251f25970185b1d7b88b13e8feee1
mlir/lib/Dialect/SparseTensor/TransformOps/SparseTensorTransformOps.cpp	blob	100644	bdec43825ddc2544bfd29d3367ad2d652294194a
mlir/lib/Dialect/SparseTensor/Transforms/BufferizableOpInterfaceImpl.cpp	blob	100644	3fc8a2313f3c2acaa83fc492e5e8a8913baa3383
mlir/lib/Dialect/SparseTensor/Transforms/CMakeLists.txt	blob	100644	43e5c3251c5258cb6aa42581e6db221405d0042c
mlir/lib/Dialect/SparseTensor/Transforms/SparseAssembler.cpp	blob	100644	4428339b38c5d3decc33ad944ab55c093aa4521a
mlir/lib/Dialect/SparseTensor/Transforms/SparseBufferRewriting.cpp	blob	100644	9db981463f6507f4ec2f7d595f6c71aa39e1e8ac
mlir/lib/Dialect/SparseTensor/Transforms/SparseGPUCodegen.cpp	blob	100644	d7f46e16762430c6ac93bd96e35714092729efbe
mlir/lib/Dialect/SparseTensor/Transforms/SparseIterationToScf.cpp	blob	100644	e4cecef2d44e5cf68cd9ccf2180300dcbd8b45ac
mlir/lib/Dialect/SparseTensor/Transforms/SparseReinterpretMap.cpp	blob	100644	85f64648c212eaaa61def94db066fa90e598bb3c
mlir/lib/Dialect/SparseTensor/Transforms/SparseSpaceCollapse.cpp	blob	100644	337eb279b7154c123a76e8b937ca732ef42f6acb
mlir/lib/Dialect/SparseTensor/Transforms/SparseStorageSpecifierToLLVM.cpp	blob	100644	6dfffbb6e74426e2abd7d25d08452bd9c8ffc8a6
mlir/lib/Dialect/SparseTensor/Transforms/SparseTensorCodegen.cpp	blob	100644	38558777d537c7a762ac5d160264aaa25123f32f
mlir/lib/Dialect/SparseTensor/Transforms/SparseTensorConversion.cpp	blob	100644	0e88d31dae8e84af014cfe7b45e6083fdd347a20
mlir/lib/Dialect/SparseTensor/Transforms/SparseTensorPasses.cpp	blob	100644	b660e221546887ac81512c27062f44e530657bd8
mlir/lib/Dialect/SparseTensor/Transforms/SparseTensorRewriting.cpp	blob	100644	73d3ec86775db94a6dd7736dc54a470fd84fe637
mlir/lib/Dialect/SparseTensor/Transforms/SparseVectorization.cpp	blob	100644	c60ca523d81f3800e4c393c99694c2839ea073e3
mlir/lib/Dialect/SparseTensor/Transforms/Sparsification.cpp	blob	100644	6004ab26f4663f28f573506b48a9c9c23cfe6759
mlir/lib/Dialect/SparseTensor/Transforms/SparsificationAndBufferizationPass.cpp	blob	100644	b38d43476efb7f16f9f51ad7fda2ed1164051c93
mlir/lib/Dialect/SparseTensor/Transforms/StageSparseOperations.cpp	blob	100644	684a2d418f66c392baffa643021e5c6e483abe6e
mlir/lib/Dialect/SparseTensor/Transforms/Utils/CodegenEnv.cpp	blob	100644	b94091cfa5f5857944277f26eafb15326f408964
mlir/lib/Dialect/SparseTensor/Transforms/Utils/CodegenEnv.h	blob	100644	34b793ee11e4ca926a6e06d07a225b3c085d6a51
mlir/lib/Dialect/SparseTensor/Transforms/Utils/CodegenUtils.cpp	blob	100644	3c6a905ebb696479433fa15b809248088b6b73fb
mlir/lib/Dialect/SparseTensor/Transforms/Utils/CodegenUtils.h	blob	100644	1c10dd5566184aaf6dff5a4b30c7499f7a1cd7d5
mlir/lib/Dialect/SparseTensor/Transforms/Utils/IterationGraphSorter.cpp	blob	100644	a0180d228a36ad6062f174ca2378c284f2e41587
mlir/lib/Dialect/SparseTensor/Transforms/Utils/IterationGraphSorter.h	blob	100644	35e58edeb2562c2254ed236de95e189a90bfebe7
mlir/lib/Dialect/SparseTensor/Transforms/Utils/LoopEmitter.cpp	blob	100644	94d6e640da4367a3259817c8f266b73f1023b8b7
mlir/lib/Dialect/SparseTensor/Transforms/Utils/LoopEmitter.h	blob	100644	355804bcc33fbbe09ef8ce0577ccd1f5802c3c9b
mlir/lib/Dialect/SparseTensor/Transforms/Utils/SparseTensorDescriptor.cpp	blob	100644	814d08f7c24be4d6c648e6fd2c0dc2972a06429b
mlir/lib/Dialect/SparseTensor/Transforms/Utils/SparseTensorDescriptor.h	blob	100644	45d142a807c36303b51699125b34cf00c4bbdedd
mlir/lib/Dialect/SparseTensor/Transforms/Utils/SparseTensorIterator.cpp	blob	100644	b25e095d4c418a789eb0bf240cc46beaa1c0ad2e
mlir/lib/Dialect/SparseTensor/Transforms/Utils/SparseTensorIterator.h	blob	100644	46378b9823f2732678b481af0d8a0148e94b6e3c
mlir/lib/Dialect/SparseTensor/Utils/CMakeLists.txt	blob	100644	ebcf5d79a7207d4cc8903fb5024f6aeea09d79d5
mlir/lib/Dialect/SparseTensor/Utils/Merger.cpp	blob	100644	5847fecc4540413828c26ee657448c061e4125e5
mlir/lib/Dialect/Tensor/CMakeLists.txt	blob	100644	a834aae8fbf81ed83e1bd85562e4d10b2bcec702
mlir/lib/Dialect/Tensor/Extensions/AllExtensions.cpp	blob	100644	0784615b8edb8771e31b13e77ca8c249a7c3859b
mlir/lib/Dialect/Tensor/Extensions/CMakeLists.txt	blob	100644	9266f0d1b5601663da6f6c0ec11a38e6631f6b87
mlir/lib/Dialect/Tensor/Extensions/ShardingExtensions.cpp	blob	100644	afdb938e157763672c19240fb34f6a4e13a1c480
mlir/lib/Dialect/Tensor/IR/CMakeLists.txt	blob	100644	66b73f9bead5d7240031cf76baa8cb6ae891352d
mlir/lib/Dialect/Tensor/IR/TensorDialect.cpp	blob	100644	2c9cd87f14af2598e303eaeefc39171c98cb03ec
mlir/lib/Dialect/Tensor/IR/TensorInferTypeOpInterfaceImpl.cpp	blob	100644	a53aa10a8b2eeed3c061114c832ff928aa599add
mlir/lib/Dialect/Tensor/IR/TensorOps.cpp	blob	100644	2241acdcbb960b6eb8b5a3b44277314056c8fd09
mlir/lib/Dialect/Tensor/IR/TensorTilingInterfaceImpl.cpp	blob	100644	782412557fe278975986be6e52e55dd54475e263
mlir/lib/Dialect/Tensor/IR/ValueBoundsOpInterfaceImpl.cpp	blob	100644	658bb0394862f998f03178fb0e17ea7a7abcbfd1
mlir/lib/Dialect/Tensor/TransformOps/CMakeLists.txt	blob	100644	113a29b31d0acd84a2863d8f79ac13261cd939d2
mlir/lib/Dialect/Tensor/TransformOps/TensorTransformOps.cpp	blob	100644	ba258402b61b330aff27c0a2af4af9be88cb600b
mlir/lib/Dialect/Tensor/Transforms/BufferizableOpInterfaceImpl.cpp	blob	100644	525d57341cee5b0559429ec7883d4bbe97225588
mlir/lib/Dialect/Tensor/Transforms/CMakeLists.txt	blob	100644	78e64c82544e09092ec2d9a69fc22a89366d14ba
mlir/lib/Dialect/Tensor/Transforms/ConcatOpPatterns.cpp	blob	100644	20bed05ecc11d15668986f98c4944114761807f5
mlir/lib/Dialect/Tensor/Transforms/DropRedundantRankExpansionPatterns.cpp	blob	100644	55ad6256b0f6c15b2262e3b5d5fa5f59b125f312
mlir/lib/Dialect/Tensor/Transforms/EmptyOpPatterns.cpp	blob	100644	930bab52f2e0dcacca501f86b7e58bf7c9b6140f
mlir/lib/Dialect/Tensor/Transforms/ExtractSliceFromReshapeUtils.cpp	blob	100644	840b4f31214289ff0d9cb430b1f919e5d8f3c842
mlir/lib/Dialect/Tensor/Transforms/FoldTensorSubsetOps.cpp	blob	100644	5f838eae95de9e86acb568f0330364e8fccc90c4
mlir/lib/Dialect/Tensor/Transforms/IndependenceTransforms.cpp	blob	100644	c80c7fb334f34537a90b89f93beaca00c397814b
mlir/lib/Dialect/Tensor/Transforms/ReshapePatterns.cpp	blob	100644	815ddaf630b2ab2f33bcb6c2822c6720bc4d5535
mlir/lib/Dialect/Tensor/Transforms/RewriteAsConstant.cpp	blob	100644	bc4f5a5ac7f23a194ec21bcd5ac5b3fe5af83008
mlir/lib/Dialect/Tensor/Transforms/RuntimeOpVerification.cpp	blob	100644	d35f458cbdb363848df8b9cf31457467f0c6ccf6
mlir/lib/Dialect/Tensor/Transforms/ScalarizeFunctionResult.cpp	blob	100644	60385d0c8b50d128c2bddbc242d18387910c904f
mlir/lib/Dialect/Tensor/Transforms/SubsetInsertionOpInterfaceImpl.cpp	blob	100644	b6fdba360deea6d6f8b7d18412f19a940d7f8934
mlir/lib/Dialect/Tensor/Transforms/SwapExtractSliceWithProducerPatterns.cpp	blob	100644	0e0262037f08dd0ae4c8b4fb8e848e60aac60885
mlir/lib/Dialect/Tensor/Utils/CMakeLists.txt	blob	100644	6de229b2fe14183a260248e3f36f20e6ae975b42
mlir/lib/Dialect/Tensor/Utils/Utils.cpp	blob	100644	fd75e1090174b0886d9586302f0c4ab020c3cd26
mlir/lib/Dialect/Tosa/CMakeLists.txt	blob	100644	6404ca8fc5a5615e081f5da67a0204a8215212f8
mlir/lib/Dialect/Tosa/IR/ShardingInterfaceImpl.cpp	blob	100644	45994a7ec679f1609d98a0819a868ac084bda21a
mlir/lib/Dialect/Tosa/IR/TargetEnv.cpp	blob	100644	56e4901811dcbc83f37a70546e6a651e47542dd7
mlir/lib/Dialect/Tosa/IR/TosaCanonicalizations.cpp	blob	100644	d4ae8e920f4890199d948946b0cd964890cbdfe2
mlir/lib/Dialect/Tosa/IR/TosaOps.cpp	blob	100644	6b76acb2752da4279ef5af5e7d529739d5c184a3
mlir/lib/Dialect/Tosa/Transforms/CMakeLists.txt	blob	100644	1fd18bb5a395ba99ed8081923b4c1ecef40e5886
mlir/lib/Dialect/Tosa/Transforms/TosaArithConstantToConst.cpp	blob	100644	73e1e2bee33996b3d8d02e315401eda0ea2981c5
mlir/lib/Dialect/Tosa/Transforms/TosaAttachTarget.cpp	blob	100644	410d55d63e5fd4b37639ea778b37ee599d53c413
mlir/lib/Dialect/Tosa/Transforms/TosaConvertIntegerTypeToSignless.cpp	blob	100644	5a293087dd5f0a149f78b006ce61bdaa4896c242
mlir/lib/Dialect/Tosa/Transforms/TosaDecomposeDepthwise.cpp	blob	100644	022476a2f44cf22842e4892bf97cc967c7abdb33
mlir/lib/Dialect/Tosa/Transforms/TosaDecomposeTransposeConv.cpp	blob	100644	8b23fd1341bc5047659d309658df74afdff97ba0
mlir/lib/Dialect/Tosa/Transforms/TosaDowngrade1p1To1p0.cpp	blob	100644	2bc99d7fab8a43935ba80999688c99c8b7fea518
mlir/lib/Dialect/Tosa/Transforms/TosaFolders.cpp	blob	100644	604965f7103b15759aa15daabac8594bab2b509d
mlir/lib/Dialect/Tosa/Transforms/TosaInferShapes.cpp	blob	100644	e8f34201b7d18b71990a95577c9e5bd4e0e9d47f
mlir/lib/Dialect/Tosa/Transforms/TosaInputShape.cpp	blob	100644	801542116358f3c4e5745b27a5513f2f3cca5d3d
mlir/lib/Dialect/Tosa/Transforms/TosaLayerwiseConstantFoldPass.cpp	blob	100644	aae1ba359e859ad8a34a3d5931f2300bc16cb319
mlir/lib/Dialect/Tosa/Transforms/TosaMakeBroadcastable.cpp	blob	100644	8f96fc1b80abea1841cc7abb92a7c97499519f09
mlir/lib/Dialect/Tosa/Transforms/TosaNarrowTypes.cpp	blob	100644	d441f90c2a0746e0fc444e46b030b248b7faa473
mlir/lib/Dialect/Tosa/Transforms/TosaOptionalDecompositions.cpp	blob	100644	ec1865a3bede18ffdd8146e9b754bd26b54b4417
mlir/lib/Dialect/Tosa/Transforms/TosaProfileCompliance.cpp	blob	100644	f0c484b02f414eb5084d58ab2ccaf722e2b68ce1
mlir/lib/Dialect/Tosa/Transforms/TosaReduceTransposes.cpp	blob	100644	ffd48e8ab16aeed95372ec1763ea537a2937564b
mlir/lib/Dialect/Tosa/Transforms/TosaTypeConverters.cpp	blob	100644	677d8e9904a6786c4ab77871a47cfe4b607425df
mlir/lib/Dialect/Tosa/Transforms/TosaValidation.cpp	blob	100644	83367fdf4e5f375705351b8e4302274fceb97335
mlir/lib/Dialect/Tosa/Utils/ConversionUtils.cpp	blob	100644	e0d4b3470c9816b449ab4e589acb0317913900fd
mlir/lib/Dialect/Tosa/Utils/QuantUtils.cpp	blob	100644	b3fe95eefe13fd38336a53d03c5b24d96d883b28
mlir/lib/Dialect/Traits.cpp	blob	100644	6e0a4eccb007c3e9ba1eafb9fa9020184156d34c
mlir/lib/Dialect/Transform/CMakeLists.txt	blob	100644	123c4b92271fee4c8aec564a6d1c77b55c4211ed
mlir/lib/Dialect/Transform/DebugExtension/CMakeLists.txt	blob	100644	38aca4c7340e97d77660229ecc6a8c84c811ce30
mlir/lib/Dialect/Transform/DebugExtension/DebugExtension.cpp	blob	100644	d69535169f956dd6703a737722c41841db2d755b
mlir/lib/Dialect/Transform/DebugExtension/DebugExtensionOps.cpp	blob	100644	9f9695b7d348ba10f252b09632c33c26bc60c44d
mlir/lib/Dialect/Transform/IR/CMakeLists.txt	blob	100644	5b4989f328e6909d7d9145d3ff8c4b49b3afc182
mlir/lib/Dialect/Transform/IR/TransformAttrs.cpp	blob	100644	05a91b8845ac0ab3fad48c1e341be37ecfa37f68
mlir/lib/Dialect/Transform/IR/TransformDialect.cpp	blob	100644	f12eab759a5830baa84e136f093c4de6049c2f62
mlir/lib/Dialect/Transform/IR/TransformOps.cpp	blob	100644	2f1648a0b0c3068e1ce3cea068fc78a36321b968
mlir/lib/Dialect/Transform/IR/TransformTypes.cpp	blob	100644	20b33b80c99e568fd1e039a54a2fdc032db1af9d
mlir/lib/Dialect/Transform/IR/Utils.cpp	blob	100644	44238e0b92ff2ad928bd00781471b776608a3967
mlir/lib/Dialect/Transform/IRDLExtension/CMakeLists.txt	blob	100644	9216a3d722021f30ef45c9f694778ee8516ef0dc
mlir/lib/Dialect/Transform/IRDLExtension/IRDLExtension.cpp	blob	100644	9dc95490b14bb169fe63307d5c5100af6392bbcb
mlir/lib/Dialect/Transform/IRDLExtension/IRDLExtensionOps.cpp	blob	100644	93b0bc591ca02f8de431439345c00ceeb4316db9
mlir/lib/Dialect/Transform/Interfaces/CMakeLists.txt	blob	100644	fc9cbfdc9a5bf347ad6b5d56ced445379427e2af
mlir/lib/Dialect/Transform/Interfaces/MatchInterfaces.cpp	blob	100644	38f0dcfa189ff96103d4e884d8bd8321ef3b1ee1
mlir/lib/Dialect/Transform/Interfaces/TransformInterfaces.cpp	blob	100644	00843278170755481564426257d6a8846a8d8f83
mlir/lib/Dialect/Transform/LoopExtension/CMakeLists.txt	blob	100644	9e1abdd1ca17b56dbec310e0b71eed079e40ccf0
mlir/lib/Dialect/Transform/LoopExtension/LoopExtension.cpp	blob	100644	0a099b5bc75ab299edc0049a7f1004bc031a7317
mlir/lib/Dialect/Transform/LoopExtension/LoopExtensionOps.cpp	blob	100644	95870e8ef87beb929fcd45b5060cef925de8baf9
mlir/lib/Dialect/Transform/PDLExtension/CMakeLists.txt	blob	100644	4a60ed48a1343abf30cc3524463f5cbbf25d34b2
mlir/lib/Dialect/Transform/PDLExtension/PDLExtension.cpp	blob	100644	27c5dc332a428fa1b6dd419928702fa3e9a684e8
mlir/lib/Dialect/Transform/PDLExtension/PDLExtensionOps.cpp	blob	100644	57ec4b69d04b413ef7e8cf0285663b29d6207cd3
mlir/lib/Dialect/Transform/SMTExtension/CMakeLists.txt	blob	100644	ba1cc464e506d816b8470eac7b8b27cc4b60b6e9
mlir/lib/Dialect/Transform/SMTExtension/SMTExtension.cpp	blob	100644	228e8d342a1f655dbd1277faaf49a24686bae155
mlir/lib/Dialect/Transform/SMTExtension/SMTExtensionOps.cpp	blob	100644	ae2e05456300997f49842b89a5af2f3b82aca8b3
mlir/lib/Dialect/Transform/Transforms/CMakeLists.txt	blob	100644	9fed8c6b5caa9bb03ae479856ce7e771d5f10396
mlir/lib/Dialect/Transform/Transforms/CheckUses.cpp	blob	100644	6ef8ca6c4b3af3d924caa0bce8590fcc35af4a0a
mlir/lib/Dialect/Transform/Transforms/InferEffects.cpp	blob	100644	364453431db7e79698bb0c61bd55aff5b548ab96
mlir/lib/Dialect/Transform/Transforms/InterpreterPass.cpp	blob	100644	19906f15ae85f6eacffa9f135117893badcc54ab
mlir/lib/Dialect/Transform/Transforms/PreloadLibraryPass.cpp	blob	100644	4ade414dba833a8e45e8d23231ec53f870228289
mlir/lib/Dialect/Transform/Transforms/TransformInterpreterUtils.cpp	blob	100644	9ab484ff6807881e656bcd1bbad2672d14d2e318
mlir/lib/Dialect/Transform/TuneExtension/CMakeLists.txt	blob	100644	56b90a9a04edf5ec255b0612159982c56eafa6b4
mlir/lib/Dialect/Transform/TuneExtension/TuneExtension.cpp	blob	100644	e18f1e274854058729fbcf400e6ecd67c949fc35
mlir/lib/Dialect/Transform/TuneExtension/TuneExtensionOps.cpp	blob	100644	7d8d958530f8b6e66336aa3166139f25f298a186
mlir/lib/Dialect/Transform/Utils/CMakeLists.txt	blob	100644	64aa27482cfb6067096d29cf5a2233f2d46af728
mlir/lib/Dialect/Transform/Utils/DiagnosedSilenceableFailure.cpp	blob	100644	44cc561485799ee6174b96b6b3eb9d133efa446d
mlir/lib/Dialect/Transform/Utils/Utils.cpp	blob	100644	2ce21fe8a9c12723da495b93152e8f15be85cf3b
mlir/lib/Dialect/UB/CMakeLists.txt	blob	100644	f33061b2d87cffc48b072763eb55d349e9070aba
mlir/lib/Dialect/UB/IR/CMakeLists.txt	blob	100644	84125ea0b571810aa60446918462f1e1d136283e
mlir/lib/Dialect/UB/IR/UBOps.cpp	blob	100644	ee523f9522953db3712e9960eaf8266be612d7ed
mlir/lib/Dialect/Utils/CMakeLists.txt	blob	100644	7673da5932304c0005fecab18c8147fa78852007
mlir/lib/Dialect/Utils/IndexingUtils.cpp	blob	100644	95ec2bc6ed82f3e3a445518d034f1d2b9a01dc6e
mlir/lib/Dialect/Utils/ReshapeOpsUtils.cpp	blob	100644	f09a1362654b6f2dbc2237e6a8c9c367ddd595d0
mlir/lib/Dialect/Utils/StaticValueUtils.cpp	blob	100644	4e30693353440b3a6dc865ad1a01b5567f9b7993
mlir/lib/Dialect/Utils/StructuredOpsUtils.cpp	blob	100644	bcff5d32a3d2c0ee40a8f526a6efa14e8d7ff566
mlir/lib/Dialect/Utils/VerificationUtils.cpp	blob	100644	bb51581e18cde10967ac008fa66daedd4d64732d
mlir/lib/Dialect/Vector/CMakeLists.txt	blob	100644	34613b0a36e91cd86e3e6d6396fcc6595d690654
mlir/lib/Dialect/Vector/IR/CMakeLists.txt	blob	100644	f45618cda8ece98ffce14549ed2879c8dc0f7ae4
mlir/lib/Dialect/Vector/IR/ScalableValueBoundsConstraintSet.cpp	blob	100644	ed41d19d627a3c9d7274601d91673a7ef6340be1
mlir/lib/Dialect/Vector/IR/ValueBoundsOpInterfaceImpl.cpp	blob	100644	ca95072d9bb0f274575c28c5f3bdd77887a3318c
mlir/lib/Dialect/Vector/IR/VectorOps.cpp	blob	100644	35e93ef81516d5b88ea1bfdeafe1d92d5c9cc78b
mlir/lib/Dialect/Vector/Interfaces/CMakeLists.txt	blob	100644	b93cefd525fe54ac6a286c95dd33d5cb79f134a3
mlir/lib/Dialect/Vector/Interfaces/MaskableOpInterface.cpp	blob	100644	b329671a1ffb02b72d881e3a1d394caa7fa612d2
mlir/lib/Dialect/Vector/Interfaces/MaskingOpInterface.cpp	blob	100644	fdcbecf2b228668549bdf039ddd86ae376a852c0
mlir/lib/Dialect/Vector/TransformOps/CMakeLists.txt	blob	100644	ab3205e623fb3c7a541a0b7a0e6026e47a4fe075
mlir/lib/Dialect/Vector/TransformOps/VectorTransformOps.cpp	blob	100644	f2a6fac7132ca16ee47645251918bcdac00b3346
mlir/lib/Dialect/Vector/Transforms/BufferizableOpInterfaceImpl.cpp	blob	100644	352f477a8746e25df793cdf92706a1d70065bf3b
mlir/lib/Dialect/Vector/Transforms/CMakeLists.txt	blob	100644	112a1db6fe93b7f84486bd4f3600dbd43a152f9a
mlir/lib/Dialect/Vector/Transforms/IndexedAccessOpInterfaceImpl.cpp	blob	100644	2e3a7872c7d8e34ef74302b0b3ad505586f8fe09
mlir/lib/Dialect/Vector/Transforms/LowerVectorBitCast.cpp	blob	100644	4c3a04cfb5bfa08f8915f3554bab9f7d489b4bf4
mlir/lib/Dialect/Vector/Transforms/LowerVectorBroadcast.cpp	blob	100644	ceeb258805c6a15a34fabea18bbbd6da283a07c6
mlir/lib/Dialect/Vector/Transforms/LowerVectorContract.cpp	blob	100644	f6fff0ffe323a69148f19d75e81111b94fc11657
mlir/lib/Dialect/Vector/Transforms/LowerVectorGather.cpp	blob	100644	5a8e473d39360b82422146d4a581e25df67e32a5
mlir/lib/Dialect/Vector/Transforms/LowerVectorInterleave.cpp	blob	100644	8f81dbb6363255fd4948e9626fa8934ffde8657e
mlir/lib/Dialect/Vector/Transforms/LowerVectorMask.cpp	blob	100644	7730c4e7c950a9c708ac8b5574fe2c2331be497c
mlir/lib/Dialect/Vector/Transforms/LowerVectorMultiReduction.cpp	blob	100644	76599822fbfe40e920cc0979cc4b26af6000c634
mlir/lib/Dialect/Vector/Transforms/LowerVectorScan.cpp	blob	100644	f3e239bedb7f75e3240b1d3e9088220632aff87a
mlir/lib/Dialect/Vector/Transforms/LowerVectorShapeCast.cpp	blob	100644	0eba0b12259ac53f35acbe952aec550c89de55b3
mlir/lib/Dialect/Vector/Transforms/LowerVectorShuffle.cpp	blob	100644	ef49c863683adc937a8e802070e07a603aa0ebf2
mlir/lib/Dialect/Vector/Transforms/LowerVectorStep.cpp	blob	100644	5c2f9e8af47046d1e419a55375b2dc4a90d4b073
mlir/lib/Dialect/Vector/Transforms/LowerVectorToFromElementsToShuffleTree.cpp	blob	100644	7521e2491335b84c6429cad0dbfe7f02c7d7248b
mlir/lib/Dialect/Vector/Transforms/LowerVectorTransfer.cpp	blob	100644	2cf8f0beaa4debf9c8959aa50c3f2f2c491f0beb
mlir/lib/Dialect/Vector/Transforms/LowerVectorTranspose.cpp	blob	100644	c3f7de0ac3c4e8f326252b31935672967997f76b
mlir/lib/Dialect/Vector/Transforms/SubsetOpInterfaceImpl.cpp	blob	100644	392bbb1c422013235f3248df52034edfaee3cbe2
mlir/lib/Dialect/Vector/Transforms/VectorDistribute.cpp	blob	100644	c500942af794240b9e3588e99ca3c00aeadef02d
mlir/lib/Dialect/Vector/Transforms/VectorDropLeadUnitDim.cpp	blob	100644	d86e9f224bf9da9fe2d1428177bc6e8e69504633
mlir/lib/Dialect/Vector/Transforms/VectorEmulateMaskedLoadStore.cpp	blob	100644	3ca08f3099bd31bf54192d0729e46acb7d9a44da
mlir/lib/Dialect/Vector/Transforms/VectorEmulateNarrowType.cpp	blob	100644	e237ae0568ae43373ecbc6cd165587d5890b4a41
mlir/lib/Dialect/Vector/Transforms/VectorInsertExtractStridedSliceRewritePatterns.cpp	blob	100644	9e49873a4b4b0a22e4edc7cbc0f8ff37e725be6f
mlir/lib/Dialect/Vector/Transforms/VectorLinearize.cpp	blob	100644	e6c28036ea1c595f980a9cd826315723fd60c5fc
mlir/lib/Dialect/Vector/Transforms/VectorMaskElimination.cpp	blob	100644	6f75ce7a0451172d8212904757f7a7e2ebe58a5b
mlir/lib/Dialect/Vector/Transforms/VectorTransferOpTransforms.cpp	blob	100644	74b1ec98afccae14789e17584895e2604e80623a
mlir/lib/Dialect/Vector/Transforms/VectorTransferSplitRewritePatterns.cpp	blob	100644	bd14e43747f8191099d4f4b6a51a8965cc351b43
mlir/lib/Dialect/Vector/Transforms/VectorTransforms.cpp	blob	100644	d7beb08d3333c7e1faa816dac0f20bf5c187f9e9
mlir/lib/Dialect/Vector/Transforms/VectorUnroll.cpp	blob	100644	62869111496d1993bc369c5e642961547c8075d1
mlir/lib/Dialect/Vector/Utils/CMakeLists.txt	blob	100644	fa3971695d4bf25d5a672ab9dc84d02af47e37d9
mlir/lib/Dialect/Vector/Utils/VectorUtils.cpp	blob	100644	c38213850c6ea5f6ec2e68a9d1025cd4cea6e403
mlir/lib/Dialect/WasmSSA/CMakeLists.txt	blob	100644	f33061b2d87cffc48b072763eb55d349e9070aba
mlir/lib/Dialect/WasmSSA/IR/CMakeLists.txt	blob	100644	9fc2d7b87abd7f48dd4ff448bd60bc8a0c0c297d
mlir/lib/Dialect/WasmSSA/IR/WasmSSADialect.cpp	blob	100644	98c3555b5324eda4ce204f0f87f662c8b3bda89c
mlir/lib/Dialect/WasmSSA/IR/WasmSSAInterfaces.cpp	blob	100644	61cdf6f70e188d7192ee7c6da61343edc98f2b1f
mlir/lib/Dialect/WasmSSA/IR/WasmSSAOps.cpp	blob	100644	eab9c7a9d53a77d5e70086b3af046b61fa4d39fb
mlir/lib/Dialect/WasmSSA/IR/WasmSSATypes.cpp	blob	100644	bee8c8167248d8aa4690e3ce2bafb04f158c6400
mlir/lib/Dialect/X86/CMakeLists.txt	blob	100644	329a6c3e80254f4ea1f4344d5fb8cae7a743db17
mlir/lib/Dialect/X86/IR/CMakeLists.txt	blob	100644	1385e55169f84d522df6525976fd0915619a3b51
mlir/lib/Dialect/X86/IR/X86Dialect.cpp	blob	100644	2ef061a27ddad63d9d782f71698074c8ccd833f5
mlir/lib/Dialect/X86/TransformOps/CMakeLists.txt	blob	100644	5fe2fbc233eae7863796844c46297005d10362af
mlir/lib/Dialect/X86/TransformOps/X86TransformOps.cpp	blob	100644	a52f08a5cd0617836493073b2deaa68f0b3937c4
mlir/lib/Dialect/X86/Transforms/AVXTranspose.cpp	blob	100644	bd649a555461f45df02338b9661edf6f97bfcc37
mlir/lib/Dialect/X86/Transforms/CMakeLists.txt	blob	100644	5118563c03f164fe207f624e916189e72db78f4f
mlir/lib/Dialect/X86/Transforms/LegalizeForLLVMExport.cpp	blob	100644	584b00da53473908a1edbfb59459ed631670c4e5
mlir/lib/Dialect/X86/Transforms/MoveAccumulatorForContractLoop.cpp	blob	100644	b580ef15923fc8b8270fde2722d163194163dce5
mlir/lib/Dialect/X86/Transforms/ShuffleVectorFMAOps.cpp	blob	100644	92a0209b91c1f110725de6fe0177b0c0937d1a3f
mlir/lib/Dialect/X86/Transforms/SinkVectorProducerOps.cpp	blob	100644	081b7cda03b215453f5ab9f76619f2279bd0168f
mlir/lib/Dialect/X86/Transforms/VectorContractBF16ToFMA.cpp	blob	100644	289a5c1ae8ef2696cbc89d983d161d9a1b876664
mlir/lib/Dialect/X86/Transforms/VectorContractToAMXDotProduct.cpp	blob	100644	c5ec8c8b660e57fa16959354b47c9b7f3badf4d2
mlir/lib/Dialect/X86/Transforms/VectorContractToFMA.cpp	blob	100644	8ae3d8f1a88f51e2d1709edb75b70451a26aba82
mlir/lib/Dialect/X86/Transforms/VectorContractToPackedTypeDotProduct.cpp	blob	100644	9ec9bb04570cf87ba48f2c453a362c518f212ad4
mlir/lib/Dialect/X86/Utils/CMakeLists.txt	blob	100644	0bc189cf9550651a9699f65dbe0bbaf9d81e239f
mlir/lib/Dialect/X86/Utils/X86Utils.cpp	blob	100644	74139cd219b182547c04cde41542ed55169f921e
mlir/lib/Dialect/XeGPU/CMakeLists.txt	blob	100644	46b8251a5779721307e2b37ad1c9b792fceaca78
mlir/lib/Dialect/XeGPU/IR/CMakeLists.txt	blob	100644	4ea73cda6de9526e9688fe43c4212086447447f7
mlir/lib/Dialect/XeGPU/IR/XeGPUDialect.cpp	blob	100644	0951350e2fe82684e6e875f79335a9d9fe3d7a74
mlir/lib/Dialect/XeGPU/IR/XeGPUOps.cpp	blob	100644	1bd5951c9f7f14dcfd57465166dd67ae7d446063
mlir/lib/Dialect/XeGPU/TransformOps/CMakeLists.txt	blob	100644	48fe841afaa831a91020b441753e7a4475c11ba8
mlir/lib/Dialect/XeGPU/TransformOps/XeGPUTransformOps.cpp	blob	100644	d10265772cacb935be5fefc1e9c117d839f1b746
mlir/lib/Dialect/XeGPU/Transforms/CMakeLists.txt	blob	100644	2ed81ae05ab34f22903b98cebf11fa86920fd97a
mlir/lib/Dialect/XeGPU/Transforms/XeGPUArrayLengthOptimization.cpp	blob	100644	590d1804167a55401ec481cc35e42460e61d1cf7
mlir/lib/Dialect/XeGPU/Transforms/XeGPUBlocking.cpp	blob	100644	9d1686403a4315eab44dde51d1cb05c483eeb0c2
mlir/lib/Dialect/XeGPU/Transforms/XeGPUContiguityAnalysis.cpp	blob	100644	3cc815256168177b2705b57d76fef9b07b361ce5
mlir/lib/Dialect/XeGPU/Transforms/XeGPULayoutImpl.cpp	blob	100644	eb3c3faf75572b3c205684abcc26780b69268984
mlir/lib/Dialect/XeGPU/Transforms/XeGPUPeepHoleOptimizer.cpp	blob	100644	1bf04f1f095a885d48e86008ec613c0ceeeecd08
mlir/lib/Dialect/XeGPU/Transforms/XeGPUPropagateLayout.cpp	blob	100644	c4a103fad6c560ae4fa259791ede19470fbd9539
mlir/lib/Dialect/XeGPU/Transforms/XeGPUSgToLaneDistribute.cpp	blob	100644	a5a998f9b4427dbdc895d0b8f5687e273e7907c5
mlir/lib/Dialect/XeGPU/Transforms/XeGPUUnroll.cpp	blob	100644	14061ab24ffe0d141500684866bdf1361c137eda
mlir/lib/Dialect/XeGPU/Transforms/XeGPUVectorLinearize.cpp	blob	100644	e31c37a2459ad3829326e2bbe2be11607c31a7ae
mlir/lib/Dialect/XeGPU/Transforms/XeGPUWgToSgDistribute.cpp	blob	100644	afea358dafe293b5ce222dcc61c46f7a4190b03e
mlir/lib/Dialect/XeGPU/Utils/CMakeLists.txt	blob	100644	6cd94aa5e65d070869178b0b68b249a8ec38a325
mlir/lib/Dialect/XeGPU/Utils/XeGPUUtils.cpp	blob	100644	07dcb438ca553029c5527d772741a10bb71a824b
mlir/lib/ExecutionEngine/APFloatWrappers.cpp	blob	100644	f23bcdda9ad1b52a0582feb0228195a66c993579
mlir/lib/ExecutionEngine/ArmRunnerUtils.cpp	blob	100644	9b1c39ecda1da1e5dc675a03c30d1ca428cef115
mlir/lib/ExecutionEngine/ArmSMEStubs.cpp	blob	100644	8abd2073494c325916bc8c04a806356d316f136c
mlir/lib/ExecutionEngine/AsyncRuntime.cpp	blob	100644	9e6f8a7216995617c6ad6e91f809606ab0fffbc3
mlir/lib/ExecutionEngine/CMakeLists.txt	blob	100644	3199c88313087dfdd33a03218955dd63fe989e66
mlir/lib/ExecutionEngine/CRunnerUtils.cpp	blob	100644	72f6f061b1444b2ca75e069690821dbb5c3eb1d8
mlir/lib/ExecutionEngine/CudaRuntimeWrappers.cpp	blob	100644	3d0c23a7c6e97353602a2cd88abc24ea0d5fad1b
mlir/lib/ExecutionEngine/ExecutionEngine.cpp	blob	100644	49a88e0000511bce74079602f100cddf66ff18f6
mlir/lib/ExecutionEngine/Float16bits.cpp	blob	100644	e5b4f18dd644b815872dad2d7828e06c3d1d0c64
mlir/lib/ExecutionEngine/JitRunner.cpp	blob	100644	db0516533afcb3643d05851c0baf9ae6a046c1d7
mlir/lib/ExecutionEngine/LevelZeroRuntimeWrappers.cpp	blob	100644	f38bd3275067a24279f118948b51a701d7e59ff6
mlir/lib/ExecutionEngine/OptUtils.cpp	blob	100644	c6962bb921b9dbb5cdd9d65bf04ac9e0f4fe8bb8
mlir/lib/ExecutionEngine/RocmRuntimeWrappers.cpp	blob	100644	42018b3722a8a71c2722529c3fd8dc11529a7281
mlir/lib/ExecutionEngine/RunnerUtils.cpp	blob	100644	eaa83bfc693f1146b130fee8a711826acd1f4be1
mlir/lib/ExecutionEngine/SparseTensor/CMakeLists.txt	blob	100644	98696c12ec92955d25bd8dcdf550d45192dacadf
mlir/lib/ExecutionEngine/SparseTensor/File.cpp	blob	100644	63b29ba34ba02c4dbcd411a0e5c42b7c2ece311e
mlir/lib/ExecutionEngine/SparseTensor/MapRef.cpp	blob	100644	ace6ac8152a29cbe6ac32efa939569a7a7c9b2f1
mlir/lib/ExecutionEngine/SparseTensor/Storage.cpp	blob	100644	fd61e9b83ec02483f653b477be423842c3a39b82
mlir/lib/ExecutionEngine/SparseTensorRuntime.cpp	blob	100644	f160b0f40fb0a357e35af95afc6b3e87f3c30a01
mlir/lib/ExecutionEngine/SpirvCpuRuntimeWrappers.cpp	blob	100644	e6594df3b1ee75eea13230b4b213e803d09bd555
mlir/lib/ExecutionEngine/SyclRuntimeWrappers.cpp	blob	100644	d93aadb098b2e39d0ae04e53659ae1a274f22af0
mlir/lib/ExecutionEngine/VulkanRuntime.cpp	blob	100644	9452a561ad2f119836f384920326e947836c1a38
mlir/lib/ExecutionEngine/VulkanRuntime.h	blob	100644	17db8d0620f792a8ea94aaa91495bb764f2e484c
mlir/lib/ExecutionEngine/VulkanRuntimeWrappers.cpp	blob	100644	ff0dd54b6aa35565741902802fea3cd6d5116d94
mlir/lib/IR/AffineExpr.cpp	blob	100644	da91066815ca4bf5833b319e904fc4ac30e52e46
mlir/lib/IR/AffineExprDetail.h	blob	100644	dfc10542b058958a2ea6b32aac3e1bf712711244
mlir/lib/IR/AffineMap.cpp	blob	100644	446bc9a6f6f87186ea6d2bd953721e130eb847d1
mlir/lib/IR/AffineMapDetail.h	blob	100644	b306462357a97ae210fcc7983186a42d80c6ee51
mlir/lib/IR/AsmPrinter.cpp	blob	100644	b95ab00bd5fddab8cbd9904f187b5db9a6292ab3
mlir/lib/IR/AttrTypeSubElements.cpp	blob	100644	863e1aa95f2fb71766a8cc1d1d6010db4dc97ce6
mlir/lib/IR/AttributeDetail.h	blob	100644	4b7e7dd5677e88ec139ba84b60770319bd9b1e2d
mlir/lib/IR/Attributes.cpp	blob	100644	ff1cd8432fb07dc8e2b2d78f009bd5caf1a28ad3
mlir/lib/IR/Block.cpp	blob	100644	1a06c576fd01c477e30a0623723499a2cd979471
mlir/lib/IR/Builders.cpp	blob	100644	98fdfb5dfd04297e8b472ad79f28770f4dfaec2d
mlir/lib/IR/BuiltinAttributeInterfaces.cpp	blob	100644	ebf44075479dce85c5a19a792c25c28d01af573f
mlir/lib/IR/BuiltinAttributes.cpp	blob	100644	0f84f7a682fcf609583f7a4b822ae956a89172f2
mlir/lib/IR/BuiltinDialect.cpp	blob	100644	c88b3282822757fc9b0318ae1e270cda2d33594d
mlir/lib/IR/BuiltinDialectBytecode.cpp	blob	100644	e5476082cd6a04b00b48acc3ae69c118518e34a8
mlir/lib/IR/BuiltinDialectBytecode.h	blob	100644	775e8e09871845b186f5039d46e54755a324305a
mlir/lib/IR/BuiltinTypeInterfaces.cpp	blob	100644	29303d95eb003ce3a31d884b116b19ca89f333f3
mlir/lib/IR/BuiltinTypes.cpp	blob	100644	1c3021940ef0213029c1eb1226e5c9219534178f
mlir/lib/IR/CMakeLists.txt	blob	100644	6cadc3131ccd4eaa7c47bbc1cf3137037cdd9a3f
mlir/lib/IR/Diagnostics.cpp	blob	100644	5caf826c84bdd076e08578cdf9ad161c651e36e3
mlir/lib/IR/Dialect.cpp	blob	100644	14b8c9c1bb6e3106a7cba6b4995674a4d72fa4d1
mlir/lib/IR/DialectResourceBlobManager.cpp	blob	100644	83cc1879241d1c1ffffa785ad997bac7dab8a952
mlir/lib/IR/Dominance.cpp	blob	100644	79fb41f2e6b30a295df3779f62f9a9c17ab46027
mlir/lib/IR/ExtensibleDialect.cpp	blob	100644	b51d3301606468e6e1e93bf726c065906f033aa2
mlir/lib/IR/IntegerSet.cpp	blob	100644	706580aa838b0ce241405ec64d4ddfae2f6c2b7c
mlir/lib/IR/IntegerSetDetail.h	blob	100644	262617dad167e398e0dd3372fc882213210a347c
mlir/lib/IR/Location.cpp	blob	100644	662681e19d26abed6a4bc3ec83c48448f57c9a5d
mlir/lib/IR/MLIRContext.cpp	blob	100644	da891a7e6e014ef9939df184737884419289d4ad
mlir/lib/IR/ODSSupport.cpp	blob	100644	2ce1bcef2849ec9e2c9acbfafb3b99e5f30de047
mlir/lib/IR/Operation.cpp	blob	100644	b7227d0802ea8d0591f9601beecfb9937f31e308
mlir/lib/IR/OperationSupport.cpp	blob	100644	32c6426429ae8ee8c56a2b6e9ef1157d7fd5d7fc
mlir/lib/IR/PDL/PDLPatternMatch.cpp	blob	100644	62a71aa2c1daa256a4818130a546ac6ab7cde552
mlir/lib/IR/PatternLoggingListener.cpp	blob	100644	0db13ab5b775dbc9b4d92b95d3a4562f0ab5682e
mlir/lib/IR/PatternMatch.cpp	blob	100644	cd067f2cc25b3129ceae1263dddaa86213601816
mlir/lib/IR/QuantStorageTypeInterface.cpp	blob	100644	e9c27187f3f337e9838ab898e789298ab08de775
mlir/lib/IR/Region.cpp	blob	100644	775485a3755e0f8fb25b7ce69b82ee8025b0db52
mlir/lib/IR/RegionKindInterface.cpp	blob	100644	007f4cf92dbc7aee2c869c7ead773e4112a7ffc8
mlir/lib/IR/Remarks.cpp	blob	100644	273918171746d54b9426f21e6e828d9fcab13d13
mlir/lib/IR/SymbolTable.cpp	blob	100644	100eba7146d81d043b3a6b3923d131ed0e7e45fd
mlir/lib/IR/TensorEncoding.cpp	blob	100644	2ab6788306049d2e52e79a6fef2b66f0b3777ae0
mlir/lib/IR/TypeDetail.h	blob	100644	0e952d5c14c7ef20fa56848172e7957579b634cd
mlir/lib/IR/TypeRange.cpp	blob	100644	e29c3156fdb2af760fc41138feebe2f1798ab1b3
mlir/lib/IR/TypeUtilities.cpp	blob	100644	199744d208143d37d2dd90c7344c354489394535
mlir/lib/IR/Types.cpp	blob	100644	ec10a5ce9e2e777dcee83c5f4a8aad57a4818585
mlir/lib/IR/Unit.cpp	blob	100644	158fa13bf9e5f143e5a5f040f9b5213f3f69ad39
mlir/lib/IR/Value.cpp	blob	100644	cf793680f7efdae16ac7ffeaa2ff710f0d894a96
mlir/lib/IR/ValueRange.cpp	blob	100644	a76c0c1f83cf13860b922b7e47755af6729b7d39
mlir/lib/IR/Verifier.cpp	blob	100644	11771e78d5f20e751a636b56c2ed97f3a5960240
mlir/lib/IR/Visitors.cpp	blob	100644	73235f0aa52445316277cc0dafe94ba1bda51422
mlir/lib/Interfaces/AlignmentAttrInterface.cpp	blob	100644	fe985adb5e79a4462085ddd9fc665f6c02e8b3a0
mlir/lib/Interfaces/CMakeLists.txt	blob	100644	d20d290c45c0110869bce09fbf6c7e34d7129a56
mlir/lib/Interfaces/CallInterfaces.cpp	blob	100644	e8ed4b339a0cba32b8a47d988361b3e3a3babe2b
mlir/lib/Interfaces/CastInterfaces.cpp	blob	100644	05c872daf5dab28fbcfc3921ba5c74948d7ac15d
mlir/lib/Interfaces/ControlFlowInterfaces.cpp	blob	100644	475969a7c0d0991975eb172dc1c8450120a33a87
mlir/lib/Interfaces/DataLayoutInterfaces.cpp	blob	100644	4aec320ddeff50acd2a01efd6b5fc71a27f93790
mlir/lib/Interfaces/DerivedAttributeOpInterface.cpp	blob	100644	df5a5526d07e0b378b5e8c0c03d22af3189c1afd
mlir/lib/Interfaces/DestinationStyleOpInterface.cpp	blob	100644	496238fcaa3ff164aed4df9b4ac589a3340565ed
mlir/lib/Interfaces/FunctionImplementation.cpp	blob	100644	90f32896e81813f7a3510e447a808828063cb019
mlir/lib/Interfaces/FunctionInterfaces.cpp	blob	100644	e0f1135e992acd63fcd6eac467f78b5d4b552e5f
mlir/lib/Interfaces/IndexingMapOpInterface.cpp	blob	100644	41e9b438fa98f5056209e04dcd8496a841443618
mlir/lib/Interfaces/InferIntDivisibilityOpInterface.cpp	blob	100644	acd7cd9530b5ce57f33a6ee28f17e60c67a44ad3
mlir/lib/Interfaces/InferIntRangeInterface.cpp	blob	100644	9d8e5f50a725b53ad1270f497dd4476af2bf8859
mlir/lib/Interfaces/InferStridedMetadataInterface.cpp	blob	100644	483e9f192cdcd455d137f573b56c865854b4b106
mlir/lib/Interfaces/InferTypeOpInterface.cpp	blob	100644	c31e0ae7470e2e4003eb164a0ec9744d637a674c
mlir/lib/Interfaces/LoopLikeInterface.cpp	blob	100644	201efdba8e037c8b6ede0a0167b1871559d2f1c0
mlir/lib/Interfaces/MemOpInterfaces.cpp	blob	100644	fe5c717f67bc41a7b43a0eabfe275fcaae06d080
mlir/lib/Interfaces/MemorySlotInterfaces.cpp	blob	100644	57c00aa031d372ab4f6fd6abb2b235dfb1d63ba2
mlir/lib/Interfaces/ParallelCombiningOpInterface.cpp	blob	100644	30b8191bf34b00ae50e2e5d30503f22dbcb61538
mlir/lib/Interfaces/RuntimeVerifiableOpInterface.cpp	blob	100644	f9a54f950d7ffbde6d028d64b3b2ad43608d2302
mlir/lib/Interfaces/ShapedOpInterfaces.cpp	blob	100644	5eda355f56d439e7b249a6b46187b0091be32199
mlir/lib/Interfaces/SideEffectInterfaces.cpp	blob	100644	b5a6888e5e1a4eef4a19fd1a3074d3915345ff83
mlir/lib/Interfaces/SubsetOpInterface.cpp	blob	100644	d0bdadf500f6f6ccd48441723bfc2fc4b26e9b7d
mlir/lib/Interfaces/TilingInterface.cpp	blob	100644	87e0af3b5cbc027cc4ca0e05bd498460adad75ca
mlir/lib/Interfaces/Utils/CMakeLists.txt	blob	100644	c722fbf4ece09877c4b3128fc54f4da9cbd8dc7e
mlir/lib/Interfaces/Utils/InferIntRangeCommon.cpp	blob	100644	c9f49fda726e73e0265b44447d4484fa6270d880
mlir/lib/Interfaces/Utils/MemorySlotUtils.cpp	blob	100644	c497970b8b1882e7a29ba628153d2d4014f4f73e
mlir/lib/Interfaces/ValueBoundsOpInterface.cpp	blob	100644	2ac5c8ffe46cbe0e57281fb44bd027a5644e19fc
mlir/lib/Interfaces/VectorInterfaces.cpp	blob	100644	c16fad25b642d7e81c14c89591b51260a50156c3
mlir/lib/Interfaces/ViewLikeInterface.cpp	blob	100644	0cddf658cce527d456cccb4edc3c558abb2b27a0
mlir/lib/Parser/CMakeLists.txt	blob	100644	9dcbb63dfdf72286064770fbddec9117d977db24
mlir/lib/Parser/Parser.cpp	blob	100644	310680bcfb34f4fbcd2975b976dc6c844bc4ecf1
mlir/lib/Pass/CMakeLists.txt	blob	100644	5ca9b4163bb8a8f7f2b6a769279f141fc4cb8da2
mlir/lib/Pass/IRPrinting.cpp	blob	100644	006ce3cbe794af999dd0b03f89b9bf4702a5dc87
mlir/lib/Pass/Pass.cpp	blob	100644	e3b39034fcb3874a087ccf701107c3a7a783937f
mlir/lib/Pass/PassCrashRecovery.cpp	blob	100644	70d1dc5b71d66a3b28ee5d942520f6a6d529ebf5
mlir/lib/Pass/PassDetail.h	blob	100644	5cc726295c9f114433544cb91271ca787bd39697
mlir/lib/Pass/PassManagerOptions.cpp	blob	100644	305bf72bb4799012cce503a5cccfac29fc746f91
mlir/lib/Pass/PassRegistry.cpp	blob	100644	3ed4dc7e93228052cf000de38f63e544476c24d4
mlir/lib/Pass/PassStatistics.cpp	blob	100644	01191aa8244403841f256439fdebd90bc5e88d87
mlir/lib/Pass/PassTiming.cpp	blob	100644	dab56f09a72ebe7d28ec3cfe9ce4528fa9f63e69
mlir/lib/Query/CMakeLists.txt	blob	100644	7ecbf6e628b3185b09951a52d8cde34c33c03f9c
mlir/lib/Query/Matcher/CMakeLists.txt	blob	100644	ba202762fdfbba3d879e409ecaa84bdd9de24538
mlir/lib/Query/Matcher/Diagnostics.cpp	blob	100644	2a137e8fdfab0d08852f6de4a77965739153a0cf
mlir/lib/Query/Matcher/Diagnostics.h	blob	100644	a58a435b16a9030b01725ee242388c1ef4584a2b
mlir/lib/Query/Matcher/ErrorBuilder.cpp	blob	100644	b55ae05dbee16ec023e11681e4712adbd6e36bed
mlir/lib/Query/Matcher/MatchFinder.cpp	blob	100644	48a24b98f9a4edf07613d6d4f92e795a32ab4fd8
mlir/lib/Query/Matcher/MatchersInternal.cpp	blob	100644	21524f05a446af241fe01ff32f215da5d0319a6d
mlir/lib/Query/Matcher/Parser.cpp	blob	100644	7bfe03d02a7fa4d350a224615903a0dd142eb50b
mlir/lib/Query/Matcher/Parser.h	blob	100644	2199a2335ba9ccbe31a76f9848bb7b20058efdc6
mlir/lib/Query/Matcher/RegistryManager.cpp	blob	100644	08b610453b11a7cbdb91e7b9c1cb307a33354e55
mlir/lib/Query/Matcher/RegistryManager.h	blob	100644	e2026e97f83dcb163f2f030cd69592536b8c4892
mlir/lib/Query/Matcher/VariantValue.cpp	blob	100644	ec18c4895cd6c08d059e7b86b7badcada36b00c7
mlir/lib/Query/Query.cpp	blob	100644	cf8a4d293299c76e75d5e9dd78c982b6beef94f9
mlir/lib/Query/QueryParser.cpp	blob	100644	31aead7d403d0dfebfef961a25746352282bd472
mlir/lib/Query/QueryParser.h	blob	100644	e9c30eccecab9e41a0ae6af015a9da93543395e5
mlir/lib/Reducer/CMakeLists.txt	blob	100644	68864e373c993bfad202110494d0a0b655943d76
mlir/lib/Reducer/OptReductionPass.cpp	blob	100644	69e1a105ef9a5703756d7caf716bb2fabb2d6281
mlir/lib/Reducer/ReductionNode.cpp	blob	100644	11aeaf77b46422d8b596316b9cd4185f6eaf3bb5
mlir/lib/Reducer/ReductionTreePass.cpp	blob	100644	2244475e268fe545fdde760939b5c4464caacc6a
mlir/lib/Reducer/Tester.cpp	blob	100644	0890c7d127752071286241bc576206a86b40a703
mlir/lib/RegisterAllDialects.cpp	blob	100644	974b5f533860a8002946ca3581122b47e9eb610b
mlir/lib/RegisterAllExtensions.cpp	blob	100644	27a89ef8712da039ceb4bf9db02c01827ea7bf3f
mlir/lib/RegisterAllPasses.cpp	blob	100644	76aac7ae1f1823983fb48064616805dfe68ce7b6
mlir/lib/Remark/CMakeLists.txt	blob	100644	920a95db4f07b45a835a1bb4b9ae07bc2b7d98bf
mlir/lib/Remark/RemarkStreamer.cpp	blob	100644	bf362862d24f6b60823d6f144be34abe66eef0b0
mlir/lib/Rewrite/ByteCode.cpp	blob	100644	2daf2635d96d56cf710756c5cb128106f18d3fc9
mlir/lib/Rewrite/ByteCode.h	blob	100644	566c1cb66bdbd168ceb0a54932606c24301cc157
mlir/lib/Rewrite/CMakeLists.txt	blob	100644	15b3739e4c633772ceaced5e11abe3362981a377
mlir/lib/Rewrite/FrozenRewritePatternSet.cpp	blob	100644	d4cd24372efbc72ffb1ace4719df72fcd60be0b9
mlir/lib/Rewrite/PatternApplicator.cpp	blob	100644	e1b56fd6efda0066fc93b832ad5252431e756a99
mlir/lib/Support/CMakeLists.txt	blob	100644	02b6c694a28fd0aef1622e7168a219355d4a5571
mlir/lib/Support/FileUtilities.cpp	blob	100644	a5c44d3a9c8eb0cdb6ccf93fb749640cc8f26605
mlir/lib/Support/InterfaceSupport.cpp	blob	100644	4f321457dd2c88a6e0e726b8202e4afb702d976b
mlir/lib/Support/RawOstreamExtras.cpp	blob	100644	80d1595d7f55ce374de3686c6e73659e625ee52a
mlir/lib/Support/StateStack.cpp	blob	100644	a9bb3ffb2e1b0574345164ae2088aef6f4692632
mlir/lib/Support/StorageUniquer.cpp	blob	100644	ef7f19b9918d9c9d294c6e601eb381392b7f3885
mlir/lib/Support/Timing.cpp	blob	100644	b0ac3798bc984fb56f1523ed1a01c648c727b425
mlir/lib/Support/ToolUtilities.cpp	blob	100644	2cf33eb30d06a5b63f6b359261d76c148e0c0aed
mlir/lib/Support/TypeID.cpp	blob	100644	2c6193e78743efc71c8e044ca40c86b82b3569dd
mlir/lib/TableGen/Argument.cpp	blob	100644	8dec21d9a354ccdd0add05534fc9eec78f0ca886
mlir/lib/TableGen/AttrOrTypeDef.cpp	blob	100644	bf835a860cd5b0b2a250aae7468d9b958ac0484b
mlir/lib/TableGen/Attribute.cpp	blob	100644	d53ccea576b8b44e654aa13c2c1a8ac309833aad
mlir/lib/TableGen/Builder.cpp	blob	100644	a94e1cca5fc59e16133f195caf2c299c94f9ec29
mlir/lib/TableGen/CMakeLists.txt	blob	100644	a90c55847718ed63e8859d8db18519c33bd383c6
mlir/lib/TableGen/Class.cpp	blob	100644	81f1aee73a7f0d8891b692b2df999bf86cd59c29
mlir/lib/TableGen/CodeGenHelpers.cpp	blob	100644	19439eddcb3339a6b88ed05baaa03954adecd80e
mlir/lib/TableGen/Constraint.cpp	blob	100644	ca356a90bf5347f8ab2bd1645d33ab91bf33cd5a
mlir/lib/TableGen/Dialect.cpp	blob	100644	7aaf4dd57c50ea8c3c8e8b61ab123382cc7b8e9d
mlir/lib/TableGen/EnumInfo.cpp	blob	100644	6128c53557cc437ba819922473c0de2470078a40
mlir/lib/TableGen/Format.cpp	blob	100644	2153de2af4797e4dedb28fe83508b1661b683fa7
mlir/lib/TableGen/GenInfo.cpp	blob	100644	62a3d5283ef52e9a8c7933297a6a49b022900aef
mlir/lib/TableGen/Interfaces.cpp	blob	100644	6cdacf16fbb6a7e1587f11fd9dd3bce14ab66863
mlir/lib/TableGen/Operator.cpp	blob	100644	82dfbcbfa4d4f0fe18957f8356482b7277028bf9
mlir/lib/TableGen/Pass.cpp	blob	100644	271332d1125e53d47a224d439f9f97a4efce5e2b
mlir/lib/TableGen/Pattern.cpp	blob	100644	ce09f5c3f5183c02956d628cf6aeba15b3265edd
mlir/lib/TableGen/Predicate.cpp	blob	100644	a48c7468251efb17467b1993fd0cd4422bd49c7e
mlir/lib/TableGen/Property.cpp	blob	100644	b003d74c7bdee68de159d4027d8699b23b10e37d
mlir/lib/TableGen/Region.cpp	blob	100644	d8380fa79158bb42682cd71e2ed5c42952910ebb
mlir/lib/TableGen/SideEffects.cpp	blob	100644	72595ee7f47946fbf6361d675de9164d9b58d96a
mlir/lib/TableGen/Successor.cpp	blob	100644	cd0677d832e81fa029caef9e3d77f4dbc0c1a878
mlir/lib/TableGen/Trait.cpp	blob	100644	8fb8c3472f43dde3b5644115de03e1bcb6ca7613
mlir/lib/TableGen/Type.cpp	blob	100644	39d6e64c91d095fdfb6bb7329fb1fef681aea2fc
mlir/lib/Target/CMakeLists.txt	blob	100644	f0c3ac4d511c17c14b54b017083112180e24af7d
mlir/lib/Target/Cpp/CMakeLists.txt	blob	100644	578cb2f22767aa4e0e591f7e6bba49b0b92904cb
mlir/lib/Target/Cpp/TranslateRegistration.cpp	blob	100644	7dae03e5789514128b50866b0fee58be3a80bc3a
mlir/lib/Target/Cpp/TranslateToCpp.cpp	blob	100644	d5815fafcd6a76292f8bd40dff62594a41892365
mlir/lib/Target/IRDLToCpp/CMakeLists.txt	blob	100644	731f3fea374519e32de416b78f0af67094eb7ec5
mlir/lib/Target/IRDLToCpp/IRDLToCpp.cpp	blob	100644	046c7dd0fccffb1f86e8b7028255153207d77fa2
mlir/lib/Target/IRDLToCpp/Templates/DialectDecl.txt	blob	100644	e0f85feadd196c367c1e47bbf2291d88593f0dae
mlir/lib/Target/IRDLToCpp/Templates/DialectDef.txt	blob	100644	cd52de11dd6b0aeeba31b80b78dde609113f3457
mlir/lib/Target/IRDLToCpp/Templates/Header.txt	blob	100644	c081d6431778a0c108b3301e2204166095dd109a
mlir/lib/Target/IRDLToCpp/Templates/PerOperationDecl.txt	blob	100644	18edc17f8a28a74fcc59e911c14d7a93cd2ba670
mlir/lib/Target/IRDLToCpp/Templates/PerOperationDef.txt	blob	100644	f4a1b7a99626354b6007efd48569c0e2a99c8606
mlir/lib/Target/IRDLToCpp/Templates/TypeDecl.txt	blob	100644	201a550a29ef07f9f6b77d06f25112c6ccf55f91
mlir/lib/Target/IRDLToCpp/Templates/TypeDef.txt	blob	100644	aaca4430507fb2f6449ee86ff8a92e68036f1130
mlir/lib/Target/IRDLToCpp/Templates/TypeHeaderDecl.txt	blob	100644	878bbdb7d3bd2af28792baa5f994ea3b160d7dfb
mlir/lib/Target/IRDLToCpp/Templates/TypeHeaderDef.txt	blob	100644	be5ba2f390fce53970295b0f3fd631de265034ae
mlir/lib/Target/IRDLToCpp/TemplatingUtils.h	blob	100644	be16a1f612c5bf0b15eac91634011743a974235e
mlir/lib/Target/IRDLToCpp/TranslationRegistration.cpp	blob	100644	55563e3480862effc80017bc9d74b9957088a9eb
mlir/lib/Target/LLVM/CMakeLists.txt	blob	100644	bd1d66d1e43af9e03826b3b0d26b240bdaa6e7d2
mlir/lib/Target/LLVM/ModuleToObject.cpp	blob	100644	8eaf8d9cadcd2f144f6cbc56622161b23485aa61
mlir/lib/Target/LLVM/NVVM/Target.cpp	blob	100644	076a2d4350fc3c96c1b39c8fc2f545b3cb56f011
mlir/lib/Target/LLVM/ROCDL/Target.cpp	blob	100644	56bf2a030760e7e040abcf3c0529524390331a54
mlir/lib/Target/LLVM/ROCDL/Utils.cpp	blob	100644	abcc3ddcda46382f773a497f6359094156e8cf5f
mlir/lib/Target/LLVM/XeVM/Target.cpp	blob	100644	18f6b7b3e67c872ea7de9de190be6f8b5105b793
mlir/lib/Target/LLVMIR/AttrKindDetail.h	blob	100644	02b1360a6c77b3561e41050bd718fb12ba6a18f5
mlir/lib/Target/LLVMIR/CMakeLists.txt	blob	100644	69fd5583fac2a11f3b254a49708975fb0847c6b4
mlir/lib/Target/LLVMIR/ConvertFromLLVMIR.cpp	blob	100644	5be33c4c78138a842babe378aca7e7db205af294
mlir/lib/Target/LLVMIR/ConvertToLLVMIR.cpp	blob	100644	fef191a302ac818a6e2873406e469fa43ace5b00
mlir/lib/Target/LLVMIR/DataLayoutImporter.cpp	blob	100644	8bd07cd4e2ed937afd02dfd4df5ac18526701446
mlir/lib/Target/LLVMIR/DebugImporter.cpp	blob	100644	82beb2984b043b3eac813dba5de2333ddee65ce0
mlir/lib/Target/LLVMIR/DebugImporter.h	blob	100644	b224ad3376be71d28283a72f1037b42ad6cc4897
mlir/lib/Target/LLVMIR/DebugTranslation.cpp	blob	100644	4dc9e91b4e1c213033759518ec5ac9bbdbacceeb
mlir/lib/Target/LLVMIR/DebugTranslation.h	blob	100644	c1fdbd89087daeb5e96b60347a326e6dc00cf686
mlir/lib/Target/LLVMIR/Dialect/ArmNeon/ArmNeonToLLVMIRTranslation.cpp	blob	100644	7098592d506e06d0584ef471377380baf752a5fa
mlir/lib/Target/LLVMIR/Dialect/ArmNeon/CMakeLists.txt	blob	100644	516fa179aa56eb7ba819c94dd5f6d876f8ee34cd
mlir/lib/Target/LLVMIR/Dialect/ArmSME/ArmSMEToLLVMIRTranslation.cpp	blob	100644	e6ee41188d594a0a71ddadb24901f03cec736506
mlir/lib/Target/LLVMIR/Dialect/ArmSME/CMakeLists.txt	blob	100644	d34cebf4872712b39a2bad5da5d458184095724d
mlir/lib/Target/LLVMIR/Dialect/ArmSVE/ArmSVEToLLVMIRTranslation.cpp	blob	100644	cd10811b68f028881310b24bb31c71f8ec03f70f
mlir/lib/Target/LLVMIR/Dialect/ArmSVE/CMakeLists.txt	blob	100644	66180f9e001d547ec8a3a7a6e08563a0dd8b98fb
mlir/lib/Target/LLVMIR/Dialect/Builtin/BuiltinToLLVMIRTranslation.cpp	blob	100644	51c304cfbb8e5f21f3735597abe188b9b01f13ab
mlir/lib/Target/LLVMIR/Dialect/Builtin/CMakeLists.txt	blob	100644	e4639694852d6372b901e9505f790f0439739275
mlir/lib/Target/LLVMIR/Dialect/CMakeLists.txt	blob	100644	d590b236cfc9156f615828231679c4257d914b94
mlir/lib/Target/LLVMIR/Dialect/GPU/CMakeLists.txt	blob	100644	11816ff5c2c1f1c78d7f19f79a52720fe57b8de1
mlir/lib/Target/LLVMIR/Dialect/GPU/GPUToLLVMIRTranslation.cpp	blob	100644	eecc8f1001ca4fc8c44f219cc38fb73a56faea84
mlir/lib/Target/LLVMIR/Dialect/GPU/SelectObjectAttr.cpp	blob	100644	016159391c33fc09d9ab4c2f1b99c540dc42615c
mlir/lib/Target/LLVMIR/Dialect/LLVMIR/CMakeLists.txt	blob	100644	616b9fc0fbbaf50b9051d9ab7bbbdb2a34fa6b7f
mlir/lib/Target/LLVMIR/Dialect/LLVMIR/LLVMIRToLLVMTranslation.cpp	blob	100644	b6dee4e89ee4cd895a3415250b9dd6afd3736b23
mlir/lib/Target/LLVMIR/Dialect/LLVMIR/LLVMToLLVMIRTranslation.cpp	blob	100644	3e0a228c773d5fdde7280a830e0c698a9cf2a31c
mlir/lib/Target/LLVMIR/Dialect/NVVM/CMakeLists.txt	blob	100644	a90de15798161250139552aa52bf87f4b1079871
mlir/lib/Target/LLVMIR/Dialect/NVVM/LLVMIRToNVVMTranslation.cpp	blob	100644	f15965e01761a61682055a9fe85deb2e5ac6e4c0
mlir/lib/Target/LLVMIR/Dialect/NVVM/NVVMToLLVMIRTranslation.cpp	blob	100644	4201aabc02c3da037188d4d1c748006e3c39ecf9
mlir/lib/Target/LLVMIR/Dialect/OpenMP/CMakeLists.txt	blob	100644	eb748d8b43630b28c131f16a26b0ad4f7b6eb690
mlir/lib/Target/LLVMIR/Dialect/OpenMP/OpenMPToLLVMIRTranslation.cpp	blob	100644	6f692e0c14db251c6c096260f4aa87424fe02b40
mlir/lib/Target/LLVMIR/Dialect/OpenMPCommon.cpp	blob	100644	586b74751c3b7c68fa0e7c0acdc7fb738be61d93
mlir/lib/Target/LLVMIR/Dialect/Ptr/CMakeLists.txt	blob	100644	f94410d1f8a783f42e40f0cb44f05458f86dbf3a
mlir/lib/Target/LLVMIR/Dialect/Ptr/PtrToLLVMIRTranslation.cpp	blob	100644	ca3301aa509a5f01de5921f8cc3ff9b218f35a12
mlir/lib/Target/LLVMIR/Dialect/ROCDL/CMakeLists.txt	blob	100644	9e69bcd4e94651db6e1288992524063399d88e48
mlir/lib/Target/LLVMIR/Dialect/ROCDL/ROCDLToLLVMIRTranslation.cpp	blob	100644	42393218f870523cb8b9c2e65d86b80228dbfe9f
mlir/lib/Target/LLVMIR/Dialect/SPIRV/CMakeLists.txt	blob	100644	850b95b8ddc77a07eccdc9dde77cfdcaadf5679d
mlir/lib/Target/LLVMIR/Dialect/SPIRV/SPIRVToLLVMIRTranslation.cpp	blob	100644	3cacbc4b364611bbd79df40b933f952dec36df2b
mlir/lib/Target/LLVMIR/Dialect/VCIX/CMakeLists.txt	blob	100644	d2622af16d93838b23e01ef249e86fbfe6f48b38
mlir/lib/Target/LLVMIR/Dialect/VCIX/VCIXToLLVMIRTranslation.cpp	blob	100644	4bf787faef8c2da49c7e4f8e5ea2ce8578ffd480
mlir/lib/Target/LLVMIR/Dialect/XeVM/CMakeLists.txt	blob	100644	6308d7e2e440435f5291269b04ccd678918673a5
mlir/lib/Target/LLVMIR/Dialect/XeVM/XeVMToLLVMIRTranslation.cpp	blob	100644	8603ef9cf32af571e5f1091bb4ae6b084024b949
mlir/lib/Target/LLVMIR/LLVMImportInterface.cpp	blob	100644	cb1f234aca50ba73c09227120963722fad3328f6
mlir/lib/Target/LLVMIR/LoopAnnotationImporter.cpp	blob	100644	1bf3400614cf5d2a9f6ef53eff4c5709dc3ef704
mlir/lib/Target/LLVMIR/LoopAnnotationImporter.h	blob	100644	6c71c625b4ebb36450f9c02f000a518c47d01e5e
mlir/lib/Target/LLVMIR/LoopAnnotationTranslation.cpp	blob	100644	cf0e56df2c2b3b3fd81d1d0c48b3d65ae5296f86
mlir/lib/Target/LLVMIR/LoopAnnotationTranslation.h	blob	100644	0766cc23926a46c71af6523a6e08de168ba88230
mlir/lib/Target/LLVMIR/ModuleImport.cpp	blob	100644	48e1b7d26ac67dcf57c61ed0190ec90f490b2b9f
mlir/lib/Target/LLVMIR/ModuleTranslation.cpp	blob	100644	536327e64bb9fa550f5170f0f8b4a163e7e32afe
mlir/lib/Target/LLVMIR/Transforms/CMakeLists.txt	blob	100644	044da1c44204911fa584326df60416d384455422
mlir/lib/Target/LLVMIR/Transforms/TargetToDataLayout.cpp	blob	100644	c0f9ceb6313d0b7f7380fbe8d5250d301246d8e7
mlir/lib/Target/LLVMIR/Transforms/TargetToTargetFeatures.cpp	blob	100644	24f37cce513af5f7c94cf6cabe2371ca087d6ef3
mlir/lib/Target/LLVMIR/Transforms/TargetUtils.cpp	blob	100644	3f414b6dc3cfe4b24b51dcadd2b232eb4fe55f50
mlir/lib/Target/LLVMIR/TypeFromLLVM.cpp	blob	100644	c2dd19e01ee8ea5abc2dcc1ef6fc1d3e9dcfe033
mlir/lib/Target/LLVMIR/TypeToLLVM.cpp	blob	100644	179a5459da4e1b4314277b044f857decd48b0aa0
mlir/lib/Target/SMTLIB/CMakeLists.txt	blob	100644	4f47bef8e26cee6d643ada8405e008f62a340a13
mlir/lib/Target/SMTLIB/ExportSMTLIB.cpp	blob	100644	189f766c444b06446e30647eb9a9e6479200e854
mlir/lib/Target/SPIRV/CMakeLists.txt	blob	100644	2926320ed286b8223a4ed802932adf6d819822f3
mlir/lib/Target/SPIRV/Deserialization/CMakeLists.txt	blob	100644	6b35a126af169e575920c936066d9bec6f770b9c
mlir/lib/Target/SPIRV/Deserialization/Deserialization.cpp	blob	100644	b82c61cafc8a722d4e52eb2503590f270308fd52
mlir/lib/Target/SPIRV/Deserialization/DeserializeOps.cpp	blob	100644	66c77c61597d5fd748d595636d3f3352ccb7f4c9
mlir/lib/Target/SPIRV/Deserialization/Deserializer.cpp	blob	100644	9e44f43ad889d42247471277f547c1094ba49100
mlir/lib/Target/SPIRV/Deserialization/Deserializer.h	blob	100644	d2b7dbaad46552c91fd903be3f2dabb49ed7d436
mlir/lib/Target/SPIRV/SPIRVBinaryUtils.cpp	blob	100644	cbd1d4255e99addb924e6c4a29e518b820924a85
mlir/lib/Target/SPIRV/Serialization/CMakeLists.txt	blob	100644	e912efee08763262f0f2436c2878061a4edff33c
mlir/lib/Target/SPIRV/Serialization/Serialization.cpp	blob	100644	f8527908b83e014ce9e407b0090c693f174d5f38
mlir/lib/Target/SPIRV/Serialization/SerializeOps.cpp	blob	100644	32fa603e6c23d5284b3838ac6fbb733836fde3b3
mlir/lib/Target/SPIRV/Serialization/Serializer.cpp	blob	100644	c3c065b6936230b9bea31658d0f260080dcfb8fc
mlir/lib/Target/SPIRV/Serialization/Serializer.h	blob	100644	235c050e7dc7e00b6171ad08a1d3804bb517714f
mlir/lib/Target/SPIRV/Target.cpp	blob	100644	be589b8292874acdf183371795c0f6d02db55b3f
mlir/lib/Target/SPIRV/TranslateRegistration.cpp	blob	100644	be2586f1c69ab6589b9f0b4e4fe7d6aa0862a117
mlir/lib/Target/Wasm/CMakeLists.txt	blob	100644	890fc0ecfbeb617869def96e4bc38fa11ac778da
mlir/lib/Target/Wasm/TranslateFromWasm.cpp	blob	100644	96448ed987629001b7e679281a9660a38b12fd15
mlir/lib/Target/Wasm/TranslateRegistration.cpp	blob	100644	03b97846d45d3eb0eee9ad63d35433a5dac0ac13
mlir/lib/Tools/CMakeLists.txt	blob	100644	01270fa4b0fc341cec24b92115032c901a38d586
mlir/lib/Tools/PDLL/AST/CMakeLists.txt	blob	100644	5e67ee02b9c7b2fa354b81310fdf5ea80dfefe5e
mlir/lib/Tools/PDLL/AST/Context.cpp	blob	100644	e82807f6322b00fff9385651b053944da80f3ed8
mlir/lib/Tools/PDLL/AST/Diagnostic.cpp	blob	100644	f4fc6c2094d50d32ba905375cffe632bfffb0c4d
mlir/lib/Tools/PDLL/AST/NodePrinter.cpp	blob	100644	f49d3d048a579de12ae3707afce7ce55da4816e2
mlir/lib/Tools/PDLL/AST/Nodes.cpp	blob	100644	4358cebf0e1e149e3555aa5702690fd19a132366
mlir/lib/Tools/PDLL/AST/Types.cpp	blob	100644	d5497b06ba935c5652c014a324199cf9d55d6901
mlir/lib/Tools/PDLL/CMakeLists.txt	blob	100644	522429b282e389b1c705db7165237267381a1aeb
mlir/lib/Tools/PDLL/CodeGen/CMakeLists.txt	blob	100644	f378a28af2db93a455942865844a911bd10c2545
mlir/lib/Tools/PDLL/CodeGen/CPPGen.cpp	blob	100644	3fda5a7a9334430509238f9be0950e333382bb01
mlir/lib/Tools/PDLL/CodeGen/MLIRGen.cpp	blob	100644	08c085b5f279c9ba7622c4fe741d659bd4548a9c
mlir/lib/Tools/PDLL/ODS/CMakeLists.txt	blob	100644	6a9abc903418abee666f7e326bd0c8659e7dcd97
mlir/lib/Tools/PDLL/ODS/Constraint.cpp	blob	100644	c9471f984e41413d3aab6e46a942b2e8cd6c2f90
mlir/lib/Tools/PDLL/ODS/Context.cpp	blob	100644	3f80b50f49e349dae13a0d38ed16c4a25f924803
mlir/lib/Tools/PDLL/ODS/Dialect.cpp	blob	100644	5e4ea5063b78d7a58cf9da645eed73a9217bf3a3
mlir/lib/Tools/PDLL/ODS/Operation.cpp	blob	100644	b836ece5071bbd646f51aa33997d60b06fe65262
mlir/lib/Tools/PDLL/Parser/CMakeLists.txt	blob	100644	7953677d1957efb9133973f55c1c43da1ac39e79
mlir/lib/Tools/PDLL/Parser/CodeComplete.cpp	blob	100644	9d241ea279641c0a6732944ed2d1093880cfa17d
mlir/lib/Tools/PDLL/Parser/Lexer.cpp	blob	100644	cc111a095af5e5575ddb96cf56c5bea4ea526ee4
mlir/lib/Tools/PDLL/Parser/Lexer.h	blob	100644	cd9c2b770f69a82826085c4b0565c957b54e7b58
mlir/lib/Tools/PDLL/Parser/Parser.cpp	blob	100644	3236b4f0af5b520f0c91cf3ea38634a9ec12ccff
mlir/lib/Tools/Plugins/CMakeLists.txt	blob	100644	59dc9e55346a5566c4ae77653d0f484357063515
mlir/lib/Tools/Plugins/DialectPlugin.cpp	blob	100644	14433993188e79e9406586dfcc3eb78c3b778c21
mlir/lib/Tools/Plugins/PassPlugin.cpp	blob	100644	1164996dcf0d79e90e081a00676f691a1c1119b8
mlir/lib/Tools/lsp-server-support/CMakeLists.txt	blob	100644	2fe29f1b9ec41b219b1d5cfe89dcfce864ee558c
mlir/lib/Tools/lsp-server-support/CompilationDatabase.cpp	blob	100644	67b8ef6a256bb13f84d1729a5235473d4fa6dcfd
mlir/lib/Tools/lsp-server-support/SourceMgrUtils.cpp	blob	100644	5cd1c85d054ab30847f1ebf969c1f0f6a1360664
mlir/lib/Tools/mlir-lsp-server/CMakeLists.txt	blob	100644	e2acba54e5624121f67a1c35d272e16320692385
mlir/lib/Tools/mlir-lsp-server/LSPServer.cpp	blob	100644	73ebe6a6b1f09b2c1616a1e7a521e476a52d1a1c
mlir/lib/Tools/mlir-lsp-server/LSPServer.h	blob	100644	d6528996332556bfb8334e292cd992c43e749dd6
mlir/lib/Tools/mlir-lsp-server/MLIRServer.cpp	blob	100644	fd0d1fc1df0391249f6765e7c5d5b6baca9cebc2
mlir/lib/Tools/mlir-lsp-server/MLIRServer.h	blob	100644	aafe36ba82e0e1772d77e8191ddf806b62ddd84a
mlir/lib/Tools/mlir-lsp-server/MlirLspServerMain.cpp	blob	100644	d4589b240e39e57e81b60d4e73d6f0ab488821e7
mlir/lib/Tools/mlir-lsp-server/Protocol.cpp	blob	100644	28aded304d3887aabed8029d08791dcb9378e948
mlir/lib/Tools/mlir-lsp-server/Protocol.h	blob	100644	ed0db4e591d8f5fd301f5453140ee602a1e6e346
mlir/lib/Tools/mlir-opt/CMakeLists.txt	blob	100644	858c9c1f97f9c4848cd90a997077adcc020ab960
mlir/lib/Tools/mlir-opt/MlirOptMain.cpp	blob	100644	8b49258e135d28fddb19416f2b14c1d4c168f1a9
mlir/lib/Tools/mlir-pdll-lsp-server/CMakeLists.txt	blob	100644	b41603fb67eb023138bae4bd717a9b29ba00944f
mlir/lib/Tools/mlir-pdll-lsp-server/LSPServer.cpp	blob	100644	7b23adcc7e2e1fc7495df3c7886e94575bfa46b0
mlir/lib/Tools/mlir-pdll-lsp-server/LSPServer.h	blob	100644	42c0a5d7b6d2bd39c6bfc9c7c1c4d2d99106d612
mlir/lib/Tools/mlir-pdll-lsp-server/MlirPdllLspServerMain.cpp	blob	100644	5dea130675cdbbfa68ede4efc425258a34564d82
mlir/lib/Tools/mlir-pdll-lsp-server/PDLLServer.cpp	blob	100644	1dbe7ecac925a0d28d4c41f7a060b1eae81687f4
mlir/lib/Tools/mlir-pdll-lsp-server/PDLLServer.h	blob	100644	d82014d6b0684a47c0053200a2da24c0aa34986d
mlir/lib/Tools/mlir-pdll-lsp-server/Protocol.cpp	blob	100644	ace460536aa1b2c1bf9c0fcb0134a01a9963dd9f
mlir/lib/Tools/mlir-pdll-lsp-server/Protocol.h	blob	100644	a2775f8cbadc2d4e21561c0fe14aea23af8579b2
mlir/lib/Tools/mlir-query/CMakeLists.txt	blob	100644	b81b02d42bfcaa44559b6813494c394d13c6fbc1
mlir/lib/Tools/mlir-query/MlirQueryMain.cpp	blob	100644	6945c096124fdfe425054e82aa408441f8009473
mlir/lib/Tools/mlir-reduce/CMakeLists.txt	blob	100644	8f574a27c55f7001bf0b8ce8d7e504110c2f9b16
mlir/lib/Tools/mlir-reduce/MlirReduceMain.cpp	blob	100644	6c1b6820707fafaad966d529c5fa2c04b86c9ab0
mlir/lib/Tools/mlir-tblgen/CMakeLists.txt	blob	100644	ed0033ff6d7cb37279d2eb6ab76abd73e62089b2
mlir/lib/Tools/mlir-tblgen/MlirTblgenMain.cpp	blob	100644	64e86f2a62073b55470a56612fdd8a36bfa7603f
mlir/lib/Tools/mlir-translate/CMakeLists.txt	blob	100644	55aea58b9bdd72ed3c3f88e05d762d947e7e14ad
mlir/lib/Tools/mlir-translate/MlirTranslateMain.cpp	blob	100644	e1c8afb7c3f2f403c2d7d2ae8f6897e4c98af032
mlir/lib/Tools/mlir-translate/Translation.cpp	blob	100644	61a247034c2db4da0ca8a6c2a808be41531e9bdb
mlir/lib/Tools/tblgen-lsp-server/CMakeLists.txt	blob	100644	b21650ed03b6f8a7e7a3c92b964f95c7df2b4e07
mlir/lib/Tools/tblgen-lsp-server/LSPServer.cpp	blob	100644	95a457f3144c592ef097351dd63935de8648d9fe
mlir/lib/Tools/tblgen-lsp-server/LSPServer.h	blob	100644	596688b62f8daa6c0e54bd9cd0f4ac881e0c564a
mlir/lib/Tools/tblgen-lsp-server/TableGenLspServerMain.cpp	blob	100644	8014b8d6dba4a7de0c590424dcee0bbd4c963d3d
mlir/lib/Tools/tblgen-lsp-server/TableGenServer.cpp	blob	100644	2d817bee72e20fa8d672249d9e3c45e138cbbbe9
mlir/lib/Tools/tblgen-lsp-server/TableGenServer.h	blob	100644	e54b8bcf35e246b3c8c4d9b141ea6dde591dca25
mlir/lib/Transforms/BubbleDownMemorySpaceCasts.cpp	blob	100644	00dac19e37171cebfa4cfd38cb9f4400ea0683bc
mlir/lib/Transforms/CMakeLists.txt	blob	100644	66b39f53c91dfb0a4b120e8363f7c44e5d4c18b7
mlir/lib/Transforms/CSE.cpp	blob	100644	f7afa03e2f02ba8956ef4e9298cfe607aef165e5
mlir/lib/Transforms/Canonicalizer.cpp	blob	100644	83829397adb619ef3b47723ed586c2ccb9b52dd4
mlir/lib/Transforms/CompositePass.cpp	blob	100644	cb806c65972a844bf0c3bac105355aeb0631ce25
mlir/lib/Transforms/ControlFlowSink.cpp	blob	100644	eed9c1cdab36df340ec76222cdf38c5dd8a180b7
mlir/lib/Transforms/GenerateRuntimeVerification.cpp	blob	100644	29512a5eebcc5f3a9f60a226adc387b8dcb3e18c
mlir/lib/Transforms/InlinerPass.cpp	blob	100644	423aad316be0d19b5f5fa8c3ef1ba19d119c52aa
mlir/lib/Transforms/LocationSnapshot.cpp	blob	100644	f701c8b4f0a9105eda5463d0fb1bd02dd7d84fe7
mlir/lib/Transforms/LoopInvariantCodeMotion.cpp	blob	100644	609d14d3b563883d26131903a274c6145f45b0b8
mlir/lib/Transforms/Mem2Reg.cpp	blob	100644	12f50d777e79c8c15102a4e01b5fc0beab39483f
mlir/lib/Transforms/OpStats.cpp	blob	100644	b5016d34b9c3191a3dc0c74c13ccd0b917c102c8
mlir/lib/Transforms/PrintIR.cpp	blob	100644	0d6c1112902c21387fac87b7a5c229c57816836b
mlir/lib/Transforms/RemoveDeadValues.cpp	blob	100644	6e55bc390be233ea12dccd044d2f50e35f9c96a0
mlir/lib/Transforms/SCCP.cpp	blob	100644	471fa64e78574df0f130fdbc9086411e4fbfb6d9
mlir/lib/Transforms/SROA.cpp	blob	100644	859c0302185e69ee42e3968bd8840dc105db29fa
mlir/lib/Transforms/StripDebugInfo.cpp	blob	100644	dd90cfcf0b3aff4b8fbb35f04eed137201766b4b
mlir/lib/Transforms/SymbolDCE.cpp	blob	100644	74e557bfc952d9bf388840cc42c104f77d376f16
mlir/lib/Transforms/SymbolPrivatize.cpp	blob	100644	e39f91c8cdb7d61094b42ef96d46a2070939f972
mlir/lib/Transforms/TopologicalSort.cpp	blob	100644	24f97759fc1781f804c04ebdafd670eebdb558c4
mlir/lib/Transforms/TrivialDeadCodeElimination.cpp	blob	100644	5cb9c4741098394f84be36718013101b7f4b61af
mlir/lib/Transforms/Utils/CFGToSCF.cpp	blob	100644	2cda4a26543bde72d9d670207354f57a7ee66e67
mlir/lib/Transforms/Utils/CMakeLists.txt	blob	100644	3ecf3859a7f4c1fd3b98477f7e0c5869365f67e4
mlir/lib/Transforms/Utils/CSE.cpp	blob	100644	5af76bc99e956d0d2120eb0ae2fc8b306a3e36ed
mlir/lib/Transforms/Utils/CommutativityUtils.cpp	blob	100644	8b132b5e484bb254f824a2fb371bb3afe0aa4f31
mlir/lib/Transforms/Utils/ControlFlowSinkUtils.cpp	blob	100644	19cf4646bddd48deb34613fb28f70a8ede18696b
mlir/lib/Transforms/Utils/DialectConversion.cpp	blob	100644	75d5620f0f2985521f540c5112c90574e3b6ca9f
mlir/lib/Transforms/Utils/FoldUtils.cpp	blob	100644	68ad3acf295c8f0bbbeb1916a7c581f591a00880
mlir/lib/Transforms/Utils/GreedyPatternRewriteDriver.cpp	blob	100644	b71194e783ba067d2d1955c014bcafc80dc58313
mlir/lib/Transforms/Utils/Inliner.cpp	blob	100644	40950312d566f57c4ed17c854f1358c841d5c464
mlir/lib/Transforms/Utils/InliningUtils.cpp	blob	100644	73107cfc36ea9d5cf480589abe971561d00a39b7
mlir/lib/Transforms/Utils/LoopInvariantCodeMotionUtils.cpp	blob	100644	aef81bf2e15a38e832004bd82e334fa22806f1d6
mlir/lib/Transforms/Utils/RegionUtils.cpp	blob	100644	b63a50f6af0a1832be3d63ea16eea0e7a517135d
mlir/lib/Transforms/Utils/WalkPatternRewriteDriver.cpp	blob	100644	1382550e0f7e669532a1bdbb1f09f910c89a8e40
mlir/lib/Transforms/ViewOpGraph.cpp	blob	100644	2d7e40d18efca25e92f66450e2109a7604131886
mlir/python/CMakeLists.txt	blob	100644	aa0adea66d2fedb39b479df76e025bed67bdb9bf
mlir/python/mlir/_mlir_libs/__init__.py	blob	100644	886f38a6bf793c234155955d30c6a408b3b2cde4
mlir/python/mlir/_mlir_libs/_mlir/dialects/pdl.pyi	blob	100644	d12c6839deabafb73b054d2e5a4d38c24aeec215
mlir/python/mlir/_mlir_libs/_mlir/dialects/quant.pyi	blob	100644	3f5304584edeff5b6d3bc694fc46838de58c908d
mlir/python/mlir/_mlir_libs/_mlir/dialects/transform/__init__.pyi	blob	100644	a3f1b09102379f4e25fafeee4093a4f4220631b7
mlir/python/mlir/_mlir_libs/_mlir/py.typed	blob	100644	e69de29bb2d1d6434b8b29ae775ad8c2e48c5391
mlir/python/mlir/_mlir_libs/_mlirExecutionEngine.pyi	blob	100644	4b82c7848929587410873e4a59bd1d87a15dd421
mlir/python/mlir/dialects/AMDGPUOps.td	blob	100644	fe9371971e105b82657cb7776305d71970c5b1a8
mlir/python/mlir/dialects/AffineOps.td	blob	100644	e12ffafb89930971583b2bf03ab37ba35bdde305
mlir/python/mlir/dialects/ArithOps.td	blob	100644	60dbb08a05758cc80c30c66849ff3e884ab10c8a
mlir/python/mlir/dialects/AsyncOps.td	blob	100644	2b05045cff1a25ba8161c22aaa6788c00a6e9482
mlir/python/mlir/dialects/BufferizationEnums.td	blob	100644	f676ce082e8a71d41f4802742bb06a1024f4728c
mlir/python/mlir/dialects/BufferizationOps.td	blob	100644	b2ac7e2813600eacee0348bebed7eda7c34323b2
mlir/python/mlir/dialects/BufferizationTransformOps.td	blob	100644	34213be22f90e136d1e0fbef4eff3e4c7e40a420
mlir/python/mlir/dialects/BuiltinOps.td	blob	100644	d1c595283b70a855f88210d6aac5f985e60ff02d
mlir/python/mlir/dialects/ComplexOps.td	blob	100644	17825b6beab1cc75b062841f94c53d0d4ac6415e
mlir/python/mlir/dialects/ControlFlowOps.td	blob	100644	c9610a3c69b039e1905399f94545834e8403e6c6
mlir/python/mlir/dialects/EmitC.td	blob	100644	ff0a56d15501483cac3893b60ce7bfb8eb28f0c0
mlir/python/mlir/dialects/FuncOps.td	blob	100644	0816d6a3f9f20f6fc98e3d5e82427517178e1b32
mlir/python/mlir/dialects/GPUOps.td	blob	100644	83b1f6cd4c5cfcf301b23ad51d36cc916bcc59b2
mlir/python/mlir/dialects/GPUTransformOps.td	blob	100644	08bd9537b459b0513c702ccd4563dd06cd69035e
mlir/python/mlir/dialects/IRDLOps.td	blob	100644	7b061fcf308363607560f169941e648c0f674686
mlir/python/mlir/dialects/IndexOps.td	blob	100644	13b1d782c8536c35352aad730a2dc88540458d3d
mlir/python/mlir/dialects/LLVMOps.td	blob	100644	30f047f21698e3dba8db905879b63fdac50eb01a
mlir/python/mlir/dialects/LinalgOps.td	blob	100644	89fb3f219e858164d21e9a28797f06b6dcb8f3d8
mlir/python/mlir/dialects/LinalgStructuredTransformEnums.td	blob	100644	e86c9b7dd274bee92e9d0f4f2ae3f1de685a5417
mlir/python/mlir/dialects/LinalgStructuredTransformOps.td	blob	100644	e11065bf82070973930f6de9f5944cf4f6758938
mlir/python/mlir/dialects/MLProgramOps.td	blob	100644	35b348d5f4946698007e6a080f6629e1ccb2f84e
mlir/python/mlir/dialects/MathOps.td	blob	100644	8f68467ea9aa793a12f0cdbffed49fc3ff09489a
mlir/python/mlir/dialects/MemRefOps.td	blob	100644	ed346d5a22a3dc5cc3a51c9a7b67eefec231bc49
mlir/python/mlir/dialects/MemRefTransformOps.td	blob	100644	a64c2e2387c432998c0fc1e43dd8dd354faf3c47
mlir/python/mlir/dialects/NVGPUOps.td	blob	100644	cdf651901e074fb010983924fb8b86691c4b0e40
mlir/python/mlir/dialects/NVGPUTransformOps.td	blob	100644	1f504e3220e92de3aba8c5ce8f89b62f34956e46
mlir/python/mlir/dialects/NVVMOps.td	blob	100644	f57d204a898e88d68273c0f26db18404881dc540
mlir/python/mlir/dialects/OpenACCOps.td	blob	100644	69a3002e73b813aeaa1883e96bcc4f56f0a181a6
mlir/python/mlir/dialects/OpenMPOps.td	blob	100644	b91179b0d90be21f388bca5bd0ba9a269b99e0d5
mlir/python/mlir/dialects/PDLOps.td	blob	100644	a8c2d6bdb89250421a811faab3870255ed3be7b2
mlir/python/mlir/dialects/ROCDLOps.td	blob	100644	fa5c9ebc32656700a23795d9064bb423a060af0b
mlir/python/mlir/dialects/SCFLoopTransformOps.td	blob	100644	4a904d5785771607700ad515dac00aaf9cc0d9a9
mlir/python/mlir/dialects/SCFOps.td	blob	100644	f1fc8a8db1419f3c2fa6eace6e23dc9c89840234
mlir/python/mlir/dialects/SMTOps.td	blob	100644	e143f071eb65895d6f7f1d1a54a87dd52369fc42
mlir/python/mlir/dialects/SPIRVOps.td	blob	100644	eaae0e609d623c69a3204cb19be6d49b3ed30eec
mlir/python/mlir/dialects/ShapeOps.td	blob	100644	e217b2edcf1967ec9eabd5c407586fc62b4331bc
mlir/python/mlir/dialects/ShardOps.td	blob	100644	f8527664df67b5f4e011d51d69aebb171d86962b
mlir/python/mlir/dialects/SparseTensorAttrDefs.td	blob	100644	5a86f55dfa2756af7247d891fb885cec5840f366
mlir/python/mlir/dialects/SparseTensorOps.td	blob	100644	3f0d522f371e9ac51686b7af4138d6fcf87e53be
mlir/python/mlir/dialects/SparseTensorTransformOps.td	blob	100644	f4c4464ee990557b1a3dd64bc2b50b00cfd04976
mlir/python/mlir/dialects/TensorOps.td	blob	100644	d68cd24477257ae74c8a681c4ce0173d73d73176
mlir/python/mlir/dialects/TensorTransformOps.td	blob	100644	87c5c7f398e898a846c58e4b494ff3159adc0926
mlir/python/mlir/dialects/TosaOps.td	blob	100644	b429780bca58ceebfc1e9e3d5b9a140deb0fe8eb
mlir/python/mlir/dialects/TransformAttrs.td	blob	100644	451118a5d968cb40298f50bc1e6ce24b11cb2f5f
mlir/python/mlir/dialects/TransformDebugExtensionOps.td	blob	100644	22a85d23669945c5d422aa3d0c3f259d04f43b8a
mlir/python/mlir/dialects/TransformOps.td	blob	100644	e2f6cf932aa3e683acece5ee20155fe27f6fc8d0
mlir/python/mlir/dialects/TransformPDLExtensionOps.td	blob	100644	56fadd0295c729952a980dc83eb4a2e92447e901
mlir/python/mlir/dialects/TransformSMTExtensionOps.td	blob	100644	3e92417a35d131b849864b9c2ee4d3e3866cca6a
mlir/python/mlir/dialects/TransformTuneExtensionOps.td	blob	100644	c622c31e2c73609f62f5c9108c5ef1d0bc89d3bd
mlir/python/mlir/dialects/UBOps.td	blob	100644	b84e7f15fa78fe5f3c85468125e73896b54ba275
mlir/python/mlir/dialects/Vector.td	blob	100644	f659f754b66a7f28c336e8c4c5530d29ee9f4a8b
mlir/python/mlir/dialects/VectorAttributes.td	blob	100644	038e0ba21c3b25ed28f6a20570f1887599a8c780
mlir/python/mlir/dialects/VectorOps.td	blob	100644	69a1028c9be61c9d8a21ad94fdd900b506c3ade0
mlir/python/mlir/dialects/VectorTransformOps.td	blob	100644	42aa8c006ca93987aeb8b329889442e360bbe464
mlir/python/mlir/dialects/VectorTransformsBase.td	blob	100644	acb4aecede7e878781070d62820577b22ce7a2a5
mlir/python/mlir/dialects/X86.td	blob	100644	dbb31676a05c7a319643bf229ad4ac877694edac
mlir/python/mlir/dialects/X86TransformOps.td	blob	100644	9b82020bacdcf599ae6aa7268423325563254d4b
mlir/python/mlir/dialects/XeGPUTransformOps.td	blob	100644	5a5e7b912c4a56a52681113c6e70f170b490533f
mlir/python/mlir/dialects/_ods_common.py	blob	100644	7f1bd2183a0c52e5f85132191d4183b4a0df94dd
mlir/python/mlir/dialects/affine.py	blob	100644	5767a0017681cee1ef7b704d66aae5dc3639d847
mlir/python/mlir/dialects/amdgpu.py	blob	100644	38d8aaf355e4aa67baf3b29dcd5a51b7be8fd0c4
mlir/python/mlir/dialects/arith.py	blob	100644	555fb4c5ef3ebaf4f264a5ba3b791c08cd333ed2
mlir/python/mlir/dialects/async_dialect/__init__.py	blob	100644	7f2e4e57211f5dd1e642f757704850d1fff54254
mlir/python/mlir/dialects/async_dialect/passes/__init__.py	blob	100644	851d5614881ed1cf3cbe2a309572cd9f66ded776
mlir/python/mlir/dialects/bufferization.py	blob	100644	a8139410deff6578e2ee519bad087eac0130c70a
mlir/python/mlir/dialects/builtin.py	blob	100644	1c69d6d7c3a0bde1354b5bc51f8052548dd6ee0c
mlir/python/mlir/dialects/cf.py	blob	100644	0b9f4c7ffdb2a1d3ee958643503f6cfaeec25367
mlir/python/mlir/dialects/complex.py	blob	100644	5861d86bc7fbcfe864ab58d6c5828e0255cf416e
mlir/python/mlir/dialects/emitc.py	blob	100644	94883e2ff7c47a2b97cd9dbbe3fffaf1ef0dec49
mlir/python/mlir/dialects/ext.py	blob	100644	4e8d30d82d5f86f060043bf2ca9daff08eee28cb
mlir/python/mlir/dialects/func.py	blob	100644	1898fc1565cd4928b717076b7cfa461411266f59
mlir/python/mlir/dialects/gpu/__init__.py	blob	100644	b75bd525c9487ecab7292329aca518fbdf4b1baf
mlir/python/mlir/dialects/gpu/passes/__init__.py	blob	100644	9b1ef076aa3c512c23f13eb11fc47bac8f39a2b1
mlir/python/mlir/dialects/index.py	blob	100644	17fda117cd11610703f78501ca38b587200c768a
mlir/python/mlir/dialects/irdl.py	blob	100644	1ec951b69b64683dd9edfaca3c092cfc02c740d3
mlir/python/mlir/dialects/linalg/__init__.py	blob	100644	1f6d1a68fbbb8cc49d391bade9610f6332885328
mlir/python/mlir/dialects/linalg/opdsl/__init__.py	blob	100644	e69de29bb2d1d6434b8b29ae775ad8c2e48c5391
mlir/python/mlir/dialects/linalg/opdsl/dump_oplib.py	blob	100644	2f651319930fcb02323cd45c0eb7317e8f92e519
mlir/python/mlir/dialects/linalg/opdsl/lang/__init__.py	blob	100644	cf85c885114166da186bce16e220a1aa8bc7104f
mlir/python/mlir/dialects/linalg/opdsl/lang/affine.py	blob	100644	9fa626dfa78b1b535fca8646ae97b4c128164c64
mlir/python/mlir/dialects/linalg/opdsl/lang/comprehension.py	blob	100644	4f81a3874650d7782544109da3d6926157240917
mlir/python/mlir/dialects/linalg/opdsl/lang/config.py	blob	100644	d522d5712d25332760676218a67fbbe0bebab357
mlir/python/mlir/dialects/linalg/opdsl/lang/dsl.py	blob	100644	8b8726f8f9a038edea24bd7d4fbf02ea4e194649
mlir/python/mlir/dialects/linalg/opdsl/lang/emitter.py	blob	100644	af90f3f8c4e3c330dd4bb86bd300eb60a6f59c77
mlir/python/mlir/dialects/linalg/opdsl/lang/scalar_expr.py	blob	100644	86853994c0a1c77d0454947910fd3bf0a3a06d47
mlir/python/mlir/dialects/linalg/opdsl/lang/types.py	blob	100644	4f36029b7fb88145168901ed040619299c197041
mlir/python/mlir/dialects/linalg/opdsl/lang/yaml_helper.py	blob	100644	2235bb2865c0dafb7ae7cc52e62b3c0f36200f5e
mlir/python/mlir/dialects/linalg/opdsl/ops/__init__.py	blob	100644	e69de29bb2d1d6434b8b29ae775ad8c2e48c5391
mlir/python/mlir/dialects/linalg/opdsl/ops/core_named_ops.py	blob	100644	9c24f94fcf612074b4b874c3caf596cc78801e9c
mlir/python/mlir/dialects/linalg/passes/__init__.py	blob	100644	0920e8ef490fb2258c47b0cadba2e1ac536ca223
mlir/python/mlir/dialects/llvm.py	blob	100644	23ed23997c3ba6d9fef25d8c6d5cee907ef5bd8e
mlir/python/mlir/dialects/math.py	blob	100644	5174764438f898e39da65281d38a93b0497fb4aa
mlir/python/mlir/dialects/memref.py	blob	100644	34f00a3292b79ac08b50192f8ba92142e0bb4fb7
mlir/python/mlir/dialects/ml_program.py	blob	100644	dfb6d7f2c03b1cf58cba427b992b3889f67a6eb5
mlir/python/mlir/dialects/nvgpu.py	blob	100644	436a144bda79e8686628b5ba01c8a3771cba0fba
mlir/python/mlir/dialects/nvvm.py	blob	100644	80bc9838541bab9f8db0cefb6b55a98ccd171bc3
mlir/python/mlir/dialects/openacc.py	blob	100644	4071ca27dbe405e0bb759d0c23923babc8749d95
mlir/python/mlir/dialects/openmp.py	blob	100644	879bbc61d797f487abc24632be3ac85a94792a46
mlir/python/mlir/dialects/pdl.py	blob	100644	b7b8430cebd07aca281412dad13f8c515061ab8e
mlir/python/mlir/dialects/python_test.py	blob	100644	f0bfcd8b68b35d20ed64f1c5107d8dc48c37ec59
mlir/python/mlir/dialects/quant.py	blob	100644	bf1fc5f2de3789eb2487840accc7cc5cb5eb79b1
mlir/python/mlir/dialects/rocdl.py	blob	100644	e4e604b5501d9a302282f9bd28630ecc578ddc0f
mlir/python/mlir/dialects/scf.py	blob	100644	27e8c6f5dd05f615e2b4c092788de4cd71d1f898
mlir/python/mlir/dialects/shape.py	blob	100644	c3966ff28d3a6918304a032c8e7b25d1746e73ee
mlir/python/mlir/dialects/shard.py	blob	100644	b5e5b475c5d90c405b0f8b65dd57fa9e54bd03c7
mlir/python/mlir/dialects/smt.py	blob	100644	c9227d7bcf4433d28d62af281d0831bb51845113
mlir/python/mlir/dialects/sparse_tensor.py	blob	100644	8f8167715c4586375e16d225c773939464f6da39
mlir/python/mlir/dialects/spirv.py	blob	100644	7cdfdb4c0092b1d9f9eaeff9efbceea0899942fd
mlir/python/mlir/dialects/tensor.py	blob	100644	146b5f85d07f535309498f8913d49bbbb44fe287
mlir/python/mlir/dialects/tosa.py	blob	100644	f2c1f99d222cbd8040dbb01a46ebfc33948a414f
mlir/python/mlir/dialects/transform/__init__.py	blob	100644	fbe40787829971b2c81ea3602e24cb511c723841
mlir/python/mlir/dialects/transform/bufferization.py	blob	100644	485a8a36b6305e9f0ffb119f9d3aae922a876da4
mlir/python/mlir/dialects/transform/debug.py	blob	100644	f7c04268dc03db010a8477f961ab61a84a8c32ba
mlir/python/mlir/dialects/transform/extras/__init__.py	blob	100644	b4d19878056dba94974123997274150dd7439436
mlir/python/mlir/dialects/transform/gpu.py	blob	100644	00cf0840eeae9e12fa846953568ab17b21e49ad8
mlir/python/mlir/dialects/transform/interpreter/__init__.py	blob	100644	e69aa963038f2301f635ff95af04302853d05b64
mlir/python/mlir/dialects/transform/loop.py	blob	100644	c4770b1c4067e405f02d9a2503a991c78561cc8d
mlir/python/mlir/dialects/transform/memref.py	blob	100644	56ea61eb817f89c296b12f28e7315a95f05393c7
mlir/python/mlir/dialects/transform/nvgpu.py	blob	100644	74ba4c9aeb6c10783836a6ed08ed7500de730989
mlir/python/mlir/dialects/transform/pdl.py	blob	100644	bb5fa7ffd30658346337bb79731f835bec66945d
mlir/python/mlir/dialects/transform/smt.py	blob	100644	af88fffcd3bba757bfd31016789a5e1f9be4d280
mlir/python/mlir/dialects/transform/sparse_tensor.py	blob	100644	8b33270dc23a119dd1e605bfb5a228331eb1bf79
mlir/python/mlir/dialects/transform/structured.py	blob	100644	a3c3057ddb83428a35d8339ce751571b761ba303
mlir/python/mlir/dialects/transform/tensor.py	blob	100644	4eb30398f087212846812d5fd98d062cac8d14b9
mlir/python/mlir/dialects/transform/tune.py	blob	100644	b3bfa8015c4d88de45656ff7d4177e5b7b794c09
mlir/python/mlir/dialects/transform/vector.py	blob	100644	af2435cb26cc4b569896e1b1f567a560b9466b45
mlir/python/mlir/dialects/transform/x86.py	blob	100644	325de07f5aea03c59ce1172e582a5331ddc680bc
mlir/python/mlir/dialects/transform/xegpu.py	blob	100644	6e27e5c8ecfa69042ed2471cafd0dad528de082d
mlir/python/mlir/dialects/ub.py	blob	100644	101846f5e6bb7762f4ea7e14e41ced983ebe486a
mlir/python/mlir/dialects/vector.py	blob	100644	f01192e12199cfc77253ae7cee7f9afb36e434e6
mlir/python/mlir/dialects/x86.py	blob	100644	20b4444074ca4494970e1171b0c35c912705b2fc
mlir/python/mlir/execution_engine.py	blob	100644	4739231c155ba1638d146a268a8f2811b2a2a1c5
mlir/python/mlir/extras/meta.py	blob	100644	3f2defadf79412a600bc9c4bc0ca8d53c951cfb2
mlir/python/mlir/extras/types.py	blob	100644	394dd9208871ecb0416b32e5b9324d599d660478
mlir/python/mlir/ir.py	blob	100644	011ecfffd355f14d373c30051a3f866fed2b6465
mlir/python/mlir/passmanager.py	blob	100644	22e86b8798dea398dcecd85474f431412205a654
mlir/python/mlir/rewrite.py	blob	100644	5bc1bba7ae9a72522e618af267254bb6459a16e7
mlir/python/mlir/runtime/__init__.py	blob	100644	8a28fd935a40b85083e1d6ed68f241985b465c46
mlir/python/mlir/runtime/np_to_memref.py	blob	100644	d65ba51afdb90d6ac08a173f557f7192d8ef15d6
mlir/python/requirements.txt	blob	100644	538929e1bbfd27f4abad7aa4bb65f6164dd67d07
mlir/test/APITest.h	blob	100644	b549a0bb7eca1c84191b6c33ceb9fb3038c8826d
mlir/test/Analysis/DataFlow/integer-divisibility.mlir	blob	100644	7f9466e949d4c650788f17e8bdb5b610a6d2f9c9
mlir/test/Analysis/DataFlow/test-dead-code-analysis-func.mlir	blob	100644	b9c1e72e5be56324c3991acd525c3ef2711e258c
mlir/test/Analysis/DataFlow/test-dead-code-analysis.mlir	blob	100644	4d3a61601a85c0ec08af0a0497c79e5bd3d316fc
mlir/test/Analysis/DataFlow/test-last-modified-callgraph.mlir	blob	100644	a5eba43ac68ab144dac83f167ba79b3ede88b148
mlir/test/Analysis/DataFlow/test-last-modified-error.mlir	blob	100644	57476e60d3c2a9137065bf27897d13cc677aeb12
mlir/test/Analysis/DataFlow/test-last-modified.mlir	blob	100644	da22fdbf56e842d644a3861b2edc0aea7c7b905d
mlir/test/Analysis/DataFlow/test-liveness-analysis.mlir	blob	100644	9c41a9bb7b6586a7631660f26f5a52b60dfd0b19
mlir/test/Analysis/DataFlow/test-next-access.mlir	blob	100644	700a23aa8bc409ee7c0ab32d8a0f989703c46338
mlir/test/Analysis/DataFlow/test-staged-analyses.mlir	blob	100644	740b648078f756da083f97d43a3c012f09606bbe
mlir/test/Analysis/DataFlow/test-strided-metadata-range-analysis.mlir	blob	100644	808c1c2bfd2a8704135c687070ca81c650909839
mlir/test/Analysis/DataFlow/test-written-to.mlir	blob	100644	8d951f4819985fb7547764ab01d2c16de71c365a
mlir/test/Analysis/invalid.mlir	blob	100644	899c095804a02d8dfac5957361385979c09a4efd
mlir/test/Analysis/test-alias-analysis-extending.mlir	blob	100644	20f2a7a3de171ec967915e98a7903d0797abd876
mlir/test/Analysis/test-alias-analysis-modref.mlir	blob	100644	2a9c612317d532c180debc75da4c68d3c8fcdb52
mlir/test/Analysis/test-alias-analysis.mlir	blob	100644	d71adee05c7a36f800e3fd239a404d671c97d54e
mlir/test/Analysis/test-callgraph.mlir	blob	100644	f6c9ff5006e0533fb3cc04c776038e658bbe1aef
mlir/test/Analysis/test-cfg-loop-info.mlir	blob	100644	cc1a5c39b4593b6be114565f993183e2ca7909b4
mlir/test/Analysis/test-dominance.mlir	blob	100644	a926a8271200a31728d8117d06f9224919a8eb99
mlir/test/Analysis/test-foo-analysis.mlir	blob	100644	edd153d43387809797eea62b695895f60bea9a6b
mlir/test/Analysis/test-liveness.mlir	blob	100644	47805e5d95dae3ae108cbc44c78b64dd0b29f85f
mlir/test/Analysis/test-match-reduction.mlir	blob	100644	7faddf902521b9f6cf3fe6c66b471e525632fff1
mlir/test/Analysis/test-shape-fn-report.mlir	blob	100644	fbf5c47c597a7651232ea41fc246362d9669caac
mlir/test/Analysis/test-topoligical-sort.mlir	blob	100644	150aff854fc8f61b77fbd0ea15775ddaf9b36de4
mlir/test/Analysis/test-toposort.mlir	blob	100644	c47b885dbec78b3314f5ee1a821548091fbe11e9
mlir/test/Bytecode/bytecode-lazy-loading.mlir	blob	100644	a1981fce0875fd8633bceedca34feb0fe8de4343
mlir/test/Bytecode/bytecode_callback.mlir	blob	100644	a3f6883f532367d1fbe9c27e4fc1fcf05ebed833
mlir/test/Bytecode/bytecode_callback_full_override.mlir	blob	100644	792f8f6e2959b702bc94c80325f1b231332df68e
mlir/test/Bytecode/bytecode_callback_with_custom_attribute.mlir	blob	100644	30f25d9865792a885fa0e613d0ac2f3c47928c80
mlir/test/Bytecode/bytecode_callback_with_custom_type.mlir	blob	100644	5d0819dcf4faff1e2910100ce38b125c4346c35e
mlir/test/Bytecode/bytecode_callback_with_spirv_and_custom_attr.mlir	blob	100644	e2bf0453f3f45115242fe9ab2173f378420f0b43
mlir/test/Bytecode/bytecode_callback_write_unowned_blob.mlir	blob	100644	6fa0d71db54521401bbc6639503eefd39982be64
mlir/test/Bytecode/bytecode_downgrade.mlir	blob	100644	fd98b9d7ee6a58c235abd20a799c0c885bc3fe2e
mlir/test/Bytecode/bytecode_producer.mlir	blob	100644	ba13dd3de9dd95ecaca21e30a7e948c9276d52dd
mlir/test/Bytecode/empty_attr.mlir	blob	100644	1a33cbd374066942fb79e41802832f99cc9d1691
mlir/test/Bytecode/external_resources.mlir	blob	100644	df064d7795338aa00401d932a9943e6aae258cd7
mlir/test/Bytecode/general.mlir	blob	100644	228072a0e0161ee4bb33c8740b54cdd54d056d65
mlir/test/Bytecode/i1_roundtrip.mlir	blob	100644	aa11b66b3c07336f89554e732ba245199e0918b9
mlir/test/Bytecode/invalid/invalid-attr_type_offset_section-large_offset.mlirbc	blob	100644	84bd1cc3aa073518acbcb003bce43dceef1bd1e5
mlir/test/Bytecode/invalid/invalid-attr_type_offset_section-trailing_data.mlirbc	blob	100644	ae7af203e2750d4cabf60cdf9812f7d7fc11545f
mlir/test/Bytecode/invalid/invalid-attr_type_section-index.mlirbc	blob	100644	e630416d404af616d23dc257fc43e046ca27a41b
mlir/test/Bytecode/invalid/invalid-attr_type_section-trailing_data.mlirbc	blob	100644	28b161b797d7958051aa4c549e14bf2409f57f7d
mlir/test/Bytecode/invalid/invalid-dialect_section-dialect_string.mlirbc	blob	100644	39d899217f256b209ab042d04eb9e9a962e4b5c5
mlir/test/Bytecode/invalid/invalid-dialect_section-opname_dialect.mlirbc	blob	100644	192d1ddcee441cf5dd7b12c99379a6da59557fa3
mlir/test/Bytecode/invalid/invalid-dialect_section-opname_string.mlirbc	blob	100644	49ef041768f4ac7cc381a6081aebdae627cfae1c
mlir/test/Bytecode/invalid/invalid-dialect_section.mlir	blob	100644	0508c0966710e04f85429f2a54071556680eac38
mlir/test/Bytecode/invalid/invalid-ir_section-attr.mlirbc	blob	100644	8e13750fa088ffa404cf93588a2fea2332dc1ab4
mlir/test/Bytecode/invalid/invalid-ir_section-forwardref.mlirbc	blob	100644	deecc35a2b49b6d9659e52ee0aed315ad3432eb0
mlir/test/Bytecode/invalid/invalid-ir_section-loc.mlirbc	blob	100644	8bc5331a3d6119ec3e0e3197aa6336b04219ef69
mlir/test/Bytecode/invalid/invalid-ir_section-operands.mlirbc	blob	100644	b8fc9de63b76a274901a6591e64b37b8892bfcc6
mlir/test/Bytecode/invalid/invalid-ir_section-opname.mlirbc	blob	100644	e6197bdf3523f251377cb60a9b3210b4e4beff8d
mlir/test/Bytecode/invalid/invalid-ir_section-results.mlirbc	blob	100644	004b1e9d92a30f6e910e9837b2d97ade9fec50d4
mlir/test/Bytecode/invalid/invalid-ir_section-successors.mlirbc	blob	100644	73e7832b4f022a8e5fbbeb82e92a10cba8c20908
mlir/test/Bytecode/invalid/invalid-ir_section.mlir	blob	100644	be87e81bdd5f30e6765f186ff02a5c57c7f2b53a
mlir/test/Bytecode/invalid/invalid-string_section-count.mlirbc	blob	100644	13e0f39f88f1dd798985c053a485161b723e5fe9
mlir/test/Bytecode/invalid/invalid-string_section-large_string.mlirbc	blob	100644	ecd4c53b38fc19211f6d47a9fc1c3db7577aa1c6
mlir/test/Bytecode/invalid/invalid-string_section-no_string.mlirbc	blob	100644	237d482b82afd33a9e7e1af0265dd58907dc421c
mlir/test/Bytecode/invalid/invalid-string_section-trailing_data.mlirbc	blob	100644	2e387908738150d5db4a2930a6f3f57b0e07f3cc
mlir/test/Bytecode/invalid/invalid-string_section.mlir	blob	100644	a39017c3375e577d1caff938a0b43ca9758403b4
mlir/test/Bytecode/invalid/invalid-structure-producer.mlirbc	blob	100644	91d523653dc4d4d3e509ca8946d063f125ea691b
mlir/test/Bytecode/invalid/invalid-structure-section-duplicate.mlirbc	blob	100644	c27d214baa736fd43b63506aab80fd3e4f9cad5b
mlir/test/Bytecode/invalid/invalid-structure-section-id-unknown.mlirbc	blob	100644	f59dd3ccdf9c77c2d91ec672e3a195ce89c84fd7
mlir/test/Bytecode/invalid/invalid-structure-section-length.mlirbc	blob	100644	e2e928c19f88aae8c292f32545c2c973b7488589
mlir/test/Bytecode/invalid/invalid-structure-section-missing.mlirbc	blob	100644	8cc405783a6836361c47b8bf77794cf05df96646
mlir/test/Bytecode/invalid/invalid-structure-version.mlirbc	blob	100644	9cbf7f8a8e38c604877f35d0604b4eb2477c24a5
mlir/test/Bytecode/invalid/invalid-structure.mlir	blob	100644	962dff33085da70ed791d17f9f87b89210290a42
mlir/test/Bytecode/invalid/invalid-type-remapping.mlir	blob	100644	44d0a4eb8bb4aeb8371edf79811f9c109cbe6b85
mlir/test/Bytecode/invalid/invalid_attr_type_offset_section.mlir	blob	100644	9a8bc08e6c25b87143f42db8f671fe8e538409a1
mlir/test/Bytecode/invalid/invalid_attr_type_section.mlir	blob	100644	87beaa6dd7a0565c53b433c291108172056857eb
mlir/test/Bytecode/op_with_properties_deeply_nested_attr.mlir	blob	100644	6feae31aee806b48cbe074902f509663ed0dfb09
mlir/test/Bytecode/operand_segment_sizes.mlir	blob	100644	c0379c2994f49f8f697c58dc9ae353c76247a246
mlir/test/Bytecode/resources.mlir	blob	100644	3ef220e890042c679f1a412f506521d4803074e7
mlir/test/Bytecode/resources_elision.mlir	blob	100644	bca70012f47a9499f3090069cdda3290f8b29573
mlir/test/Bytecode/unregistered_dialect.mlir	blob	100644	d645beb83776cabc4a04dfee10a66d9c79a53b74
mlir/test/Bytecode/uselist_orders.mlir	blob	100644	73049d5d66173f6a2063453ef26bf9f4e587d18a
mlir/test/Bytecode/versioning/versioned-attr-1.12.mlirbc	blob	100644	3645a2f37c4ba250c7cbbb0a663bb66863b46690
mlir/test/Bytecode/versioning/versioned-attr-2.0.mlirbc	blob	100644	83ff044d7f90716ecbcf6d32f9043fa3b6b7153c
mlir/test/Bytecode/versioning/versioned-op-1.12.mlirbc	blob	100644	688948257008f8b44fff51b7b4c9e363fdaa15b7
mlir/test/Bytecode/versioning/versioned-op-2.0.mlirbc	blob	100644	fdc8e0d28b2f06a8f9b91ceb4f3344e3607b4f1a
mlir/test/Bytecode/versioning/versioned-op-2.2.mlirbc	blob	100644	2dc4719ca49755b3cb57c68265a64528331e064e
mlir/test/Bytecode/versioning/versioned-op-with-native-prop-1.12.mlirbc	blob	100644	66d8f0013375478f0d2bc14df6b246ec154466c5
mlir/test/Bytecode/versioning/versioned-op-with-native-prop-2.0.mlirbc	blob	100644	9ba0fe83e26438c18f102bbb19cd71c497c68832
mlir/test/Bytecode/versioning/versioned-op-with-prop-1.12.mlirbc	blob	100644	30e7b7ab2556b351503cad8ea9a412a19e72e000
mlir/test/Bytecode/versioning/versioned-op-with-prop-2.0.mlirbc	blob	100644	68e90dfba910cb06691dd991657996a708f3cf36
mlir/test/Bytecode/versioning/versioned_attr.mlir	blob	100644	8ee1a1b4bf37652acd24c41d6183f8b8af0d83a6
mlir/test/Bytecode/versioning/versioned_bytecode.mlir	blob	100644	c7ea972daf367d80ed97eed5bd0e82195eb138a4
mlir/test/Bytecode/versioning/versioned_op.mlir	blob	100644	934bdf23c171c27e95359a7fa4a97734cca46b5c
mlir/test/Bytecode/versioning/versioned_op_with_native_properties.mlir	blob	100644	823a559cbca14658c8319b7fbe36fdf1a4586582
mlir/test/CAPI/CMakeLists.txt	blob	100644	3b3f15a825b38d25662a1659e0f9fdf5da6c8121
mlir/test/CAPI/execution_engine.c	blob	100644	7afb563df33e490c9f11f1d5f95cf459e47c65e1
mlir/test/CAPI/global_constructors.c	blob	100644	701ca611cf9fd4c7b136a59501464f12ead29f8a
mlir/test/CAPI/ir.c	blob	100644	bd9c8e0f5077800ad32756fec23a5defad474f2f
mlir/test/CAPI/irdl.c	blob	100644	4ee4bc0cc35b65eb57b285e174e5222a4f859f59
mlir/test/CAPI/lit.local.cfg	blob	100644	bb0c17cdbada78ed695925b1200a2fc38db3514c
mlir/test/CAPI/llvm.c	blob	100644	692a846d3b3c92ee6b4e2f4d0a9d865593962f6f
mlir/test/CAPI/pass.c	blob	100644	58f4d787ace63b78419bcec1ca590f59a159ca4c
mlir/test/CAPI/pdl.c	blob	100644	710d402b5ee771a02922b36acef2c69c2b985711
mlir/test/CAPI/quant.c	blob	100644	be4595fd39e8104842c4ace28923dee6d5780ba6
mlir/test/CAPI/rewrite.c	blob	100644	60f5dca31b9ef7a8c86ec510d95234caa362851a
mlir/test/CAPI/smt.c	blob	100644	3383b6ef6ed6152836cf0660062339e7b746f3c7
mlir/test/CAPI/sparse_tensor.c	blob	100644	22b7052b732aa2bcdf67a12267c85f8ee3799d78
mlir/test/CAPI/transform.c	blob	100644	24d31cc590a1087b5e29edb65d063e783ed3bc57
mlir/test/CAPI/transform_interpreter.c	blob	100644	a849b2f245264695906b21c0f3fe557dd3c7673a
mlir/test/CAPI/translation.c	blob	100644	8891c2a559b7e8a0d3dde45d753e7b52e53e8ae4
mlir/test/CMakeLists.txt	blob	100644	810e83c97bed4e50674a5141e69d56804ef3a63f
mlir/test/Conversion/AMDGPUToROCDL/8-bit-floats-ocp.mlir	blob	100644	464d47216c81becad0ef092574180743036da1f2
mlir/test/Conversion/AMDGPUToROCDL/8-bit-floats.mlir	blob	100644	03fcb266a2e8706a8d078028f5de90b46496ec8e
mlir/test/Conversion/AMDGPUToROCDL/amdgpu-to-rocdl.mlir	blob	100644	48e42088d6b67ea06639213714a929af0ecd39a8
mlir/test/Conversion/AMDGPUToROCDL/dot-gfx11.mlir	blob	100644	938b2d74cd9008632d5cf33041cb6c7f02752baa
mlir/test/Conversion/AMDGPUToROCDL/dot-gfx12.mlir	blob	100644	3213b5fa8f5c2f38643050152fc8f44e13e2170c
mlir/test/Conversion/AMDGPUToROCDL/dot-gfx9.mlir	blob	100644	b6f3b9e11c717f2cdef61ab0bf4c9fcdfd3fa35c
mlir/test/Conversion/AMDGPUToROCDL/dot-invalid.mlir	blob	100644	02519ac0c6dd17085468c1a3a79fa430eda94aec
mlir/test/Conversion/AMDGPUToROCDL/dpp.mlir	blob	100644	14691e73e62d78c1e02108950144190dc37e9667
mlir/test/Conversion/AMDGPUToROCDL/gfx1250.mlir	blob	100644	bc67513ff02a66bc13ee96203810bfcc41828a6b
mlir/test/Conversion/AMDGPUToROCDL/global-prefetch.mlir	blob	100644	f71de64cd071f21534c68a170de7ea73ef7c5859
mlir/test/Conversion/AMDGPUToROCDL/global_transpose_load.mlir	blob	100644	f378d7232d7b33c03854d7dbc1f2983ad16f3b25
mlir/test/Conversion/AMDGPUToROCDL/load_lds-gfx950.mlir	blob	100644	5bbbf8405105eaffa566887f0beadb34dff764cc
mlir/test/Conversion/AMDGPUToROCDL/load_lds.mlir	blob	100644	1e1ef32126b7fe34091655e54df587c30359efbd
mlir/test/Conversion/AMDGPUToROCDL/memory_counter_wait.mlir	blob	100644	537ef59b503a6e30eceb66931ba50697f25a8cad
mlir/test/Conversion/AMDGPUToROCDL/memory_counter_wait_tensor.mlir	blob	100644	5b29e01abebdbce21cdaf670cd2678b7b2222c6d
mlir/test/Conversion/AMDGPUToROCDL/memory_counter_wait_unsupported.mlir	blob	100644	1d2f692bee4882672275716e79c6b4b054128cea
mlir/test/Conversion/AMDGPUToROCDL/mfma-gfx950.mlir	blob	100644	4812be43fff8fb6b026e3f1296e8a010ed1bb59d
mlir/test/Conversion/AMDGPUToROCDL/mfma.mlir	blob	100644	0f8917841929ff22be671db5b43c33663b21496f
mlir/test/Conversion/AMDGPUToROCDL/packed-ext.mlir	blob	100644	ad2e7684afc4a3b2b7d9e65666fdab52c5fedc4b
mlir/test/Conversion/AMDGPUToROCDL/packed-trunc.mlir	blob	100644	e9764d34cefaf83a76c101ad011ede3f195f7a3e
mlir/test/Conversion/AMDGPUToROCDL/permlane-var.mlir	blob	100644	ddbffcc5a8cb9339c8c0f349a7d3c7cc92ef828f
mlir/test/Conversion/AMDGPUToROCDL/permlane.mlir	blob	100755	a92321da8f357dbbd4e5972d7ae2edf8f72444c5
mlir/test/Conversion/AMDGPUToROCDL/sparse-mfma-gfx950.mlir	blob	100644	acf9df948f26adad257c5520fb72183f6d73c537
mlir/test/Conversion/AMDGPUToROCDL/sparse-mfma.mlir	blob	100644	1a6fef6cf72da452c962c773868f4743b492f969
mlir/test/Conversion/AMDGPUToROCDL/swizzle.mlir	blob	100644	ef439efde1bd020845a9282303a558bbe2348aec
mlir/test/Conversion/AMDGPUToROCDL/swmmac-gfx12.mlir	blob	100644	97d8e5b5fef6185f0a2e620cee7d0f82162cc2d5
mlir/test/Conversion/AMDGPUToROCDL/swmmac-gfx1250.mlir	blob	100644	c70b1b83b1975f4c4d8dfd96511da71586fc94ee
mlir/test/Conversion/AMDGPUToROCDL/transpose_load.mlir	blob	100644	dcc6624cdb37b8178618c3a279f109e6ce94c046
mlir/test/Conversion/AMDGPUToROCDL/transpose_load_gfx1250.mlir	blob	100644	98ce6b7ea3001e9e767811821797fd043eff4c18
mlir/test/Conversion/AMDGPUToROCDL/transpose_load_gfx1250_invalid.mlir	blob	100644	61acdfe245c7cb7ea7e56c86d2b45a03cdb6c3ea
mlir/test/Conversion/AMDGPUToROCDL/transpose_load_gfx950_invalid.mlir	blob	100644	682f989ede83bed4b125fa6b9f63718e3062fa69
mlir/test/Conversion/AMDGPUToROCDL/transpose_load_reject.mlir	blob	100644	a41051c904ed8d8a5490eb843171ac13bd8957e3
mlir/test/Conversion/AMDGPUToROCDL/wmma-gfx11.mlir	blob	100644	4e6aa175223745ecd4549d3173e50b971e7249d8
mlir/test/Conversion/AMDGPUToROCDL/wmma-gfx12.mlir	blob	100644	978227b4d57914e8488cdf3e461649aaea72721e
mlir/test/Conversion/AMDGPUToROCDL/wmma-gfx1250.mlir	blob	100644	429e05e46275d84aae47cf2849b7968d926c569b
mlir/test/Conversion/AffineToStandard/lower-affine-gpu.mlir	blob	100644	d88f71eac44588d1caa4944913f6dffb8cf0a386
mlir/test/Conversion/AffineToStandard/lower-affine-invalid.mlir	blob	100644	a357b27a2430e87a915f7fb8d59c46590ed6910e
mlir/test/Conversion/AffineToStandard/lower-affine-to-vector.mlir	blob	100644	f2e0306073f27b4f2a2135c1a3746ea020f4e513
mlir/test/Conversion/AffineToStandard/lower-affine.mlir	blob	100644	943b8675d183cef7d509020ab52ebf3eda5bf2a9
mlir/test/Conversion/AffineToStandard/no-memref.mlir	blob	100644	b5af765024e1bc41e0719b210613c2336ca8c0c8
mlir/test/Conversion/ArithAndMathToAPFloat/arith-to-apfloat.mlir	blob	100644	1128e5c39c68f56211f32d6cc352e76cf765155b
mlir/test/Conversion/ArithAndMathToAPFloat/math-to-apfloat.mlir	blob	100644	2fe1d0cda1e38708fbcd240b2bd8da91b633f466
mlir/test/Conversion/ArithToAMDGPU/16-bit-floats.mlir	blob	100644	8991506dee1dfb0b9c0418e412bcbaefa1aba44f
mlir/test/Conversion/ArithToAMDGPU/8-bit-float-saturation-ocp.mlir	blob	100644	2df5f2fa1965fd10db4b2d51efeb2a55453520a1
mlir/test/Conversion/ArithToAMDGPU/8-bit-float-saturation.mlir	blob	100644	07a428566d48852f17e897a96cfd80160c2b2fc8
mlir/test/Conversion/ArithToAMDGPU/8-bit-floats-ocp.mlir	blob	100644	7fb5fbfe0c89eccf7788a7c95e76dab9ebadc0f5
mlir/test/Conversion/ArithToAMDGPU/8-bit-floats.mlir	blob	100644	59ed6bd95ae8bc96d1703fcf790915cec65fbc69
mlir/test/Conversion/ArithToAMDGPU/scaling-extf.mlir	blob	100644	a2b0aef594e61b40b83aa1c5f47c7f44768314e6
mlir/test/Conversion/ArithToAMDGPU/scaling-truncf-tensor.mlir	blob	100644	d22f35a6d07f1de31ba65353d140597d73d2dfa5
mlir/test/Conversion/ArithToAMDGPU/scaling-truncf.mlir	blob	100644	bc2c6a5aa027548f0e891b24904122450c30a34c
mlir/test/Conversion/ArithToArmSME/arith-to-arm-sme.mlir	blob	100644	0faac9c847f5ff9249a816ed1cb47258d496765a
mlir/test/Conversion/ArithToEmitC/arith-to-emitc-failed.mlir	blob	100644	79344bd0a7181bd61ea3c197a3e536d1f94b49dc
mlir/test/Conversion/ArithToEmitC/arith-to-emitc-unsupported.mlir	blob	100644	9850f336b5ad6110a93e4fe626d1d8b750360eb5
mlir/test/Conversion/ArithToEmitC/arith-to-emitc.mlir	blob	100644	e45adb7287ac4ac58b37e440f884e7e6f83f901f
mlir/test/Conversion/ArithToLLVM/arith-to-llvm.mlir	blob	100644	34a80eff42feded783058b7cb994d6757bc6b897
mlir/test/Conversion/ArithToLLVM/convert-nd-vector-to-llvmir.mlir	blob	100644	497574af2a2d86afc5d03906a6da9d81f02c67b0
mlir/test/Conversion/ArithToLLVM/type-conversion.mlir	blob	100644	e3a0c82a628baa46a0f63f63d36c9d9b448f4589
mlir/test/Conversion/ArithToSPIRV/arith-to-spirv-le-specific.mlir	blob	100644	72f8247b2af25859495396fd96e31c0cc05be7fb
mlir/test/Conversion/ArithToSPIRV/arith-to-spirv-unsupported.mlir	blob	100644	9ecebb502630cb7705ad52b6b54fc8e2a3056ae0
mlir/test/Conversion/ArithToSPIRV/arith-to-spirv.mlir	blob	100644	4cef06992727bb176d140850778e94c0d1bd8eca
mlir/test/Conversion/ArithToSPIRV/fast-math.mlir	blob	100644	e13bef977ddb7342fac9151c0fff63cb3848868e
mlir/test/Conversion/ArmSMEToLLVM/arm-sme-to-llvm.mlir	blob	100644	fd8910265cd89c06c6bb2c1fe8dfe47fd58a5da2
mlir/test/Conversion/ArmSMEToLLVM/tile-spills-and-fills.mlir	blob	100644	2a183cb4d056a938f2e442da180c1d35d85c94d2
mlir/test/Conversion/ArmSMEToLLVM/unsupported.mlir	blob	100644	b2c41f284fb86d4764c5f2f88607b13e4b788b28
mlir/test/Conversion/ArmSMEToSCF/arm-sme-to-scf.mlir	blob	100644	e7bbedc586012635dc29452cef8feee0e206ebb8
mlir/test/Conversion/AsyncToLLVM/convert-coro-to-llvm.mlir	blob	100644	7874aca75dc4cd3a3ecdd5bde9627dc0b7ea8953
mlir/test/Conversion/AsyncToLLVM/convert-runtime-to-llvm.mlir	blob	100644	4077edc7420dca1af021ab6b0920f2da585ceb1d
mlir/test/Conversion/AsyncToLLVM/convert-to-llvm.mlir	blob	100644	dd54bdb79872441deabc732b55e42c6246e42ab1
mlir/test/Conversion/BufferizationToMemRef/bufferization-to-memref.mlir	blob	100644	21d5f42158d096e210dad140921bbc4eff87bef2
mlir/test/Conversion/ComplexToLLVM/complex-range-option.mlir	blob	100644	78e8db795788a74c8f4aefa4c791e43d1b09cac6
mlir/test/Conversion/ComplexToLLVM/convert-to-llvm.mlir	blob	100644	e71104c4b445fbecb77c880150d1c2eddd3a0cbe
mlir/test/Conversion/ComplexToLLVM/full-conversion.mlir	blob	100644	6c4b04971f71c7f1de45685ff1841361cf2f60ce
mlir/test/Conversion/ComplexToLibm/convert-to-libm.mlir	blob	100644	ecf243c53a80ccddee1a01eae4adec61954a3aec
mlir/test/Conversion/ComplexToROCDLLibraryCalls/complex-to-rocdl-library-calls.mlir	blob	100644	cf177528e532c22a5939ca3d620fa7d7b3873691
mlir/test/Conversion/ComplexToSPIRV/complex-to-spirv.mlir	blob	100644	deb4eb6d9d08c5e620162286aa7c832de4a9fedc
mlir/test/Conversion/ComplexToStandard/complex-range-option.mlir	blob	100644	97f37d8ebe77e335a41d12140dd4ba6e3b0be6ee
mlir/test/Conversion/ComplexToStandard/convert-to-standard.mlir	blob	100644	1242b1b66ff7ba8583844794049f2442f07df37e
mlir/test/Conversion/ComplexToStandard/full-conversion.mlir	blob	100644	110a78631fb95a50fe3bf898c58f2587abcfd949
mlir/test/Conversion/ControlFlowToLLVM/assert.mlir	blob	100644	18d0526ecf1a93c24ea5c55211c802b4539d6978
mlir/test/Conversion/ControlFlowToLLVM/branch.mlir	blob	100644	7c78211d5901015db1d827f11f11372ff1691264
mlir/test/Conversion/ControlFlowToLLVM/switch.mlir	blob	100644	0bf4b02e8e3d70505a79c30e32a1c65dfe53e383
mlir/test/Conversion/ControlFlowToSCF/invalid.mlir	blob	100644	f3cf8980c91f0eaffa0707cfdbb9a97608b71395
mlir/test/Conversion/ControlFlowToSCF/test.mlir	blob	100644	f6e7fb265790b78edf74277223bbdda29c589394
mlir/test/Conversion/ControlFlowToSCF/unknown-cf-op.mlir	blob	100644	7aa47658153ea6659bad124a5cd54e9ed6c1c3b9
mlir/test/Conversion/ControlFlowToSCF/unreachable-blocks.mlir	blob	100644	4317e5a5a810263e18c20f42431a1dcf5bc7d752
mlir/test/Conversion/ControlFlowToSPIRV/cf-ops-to-spirv.mlir	blob	100644	4e2f6a12c8e7ee4f4069be2f56ae4c2275e2c074
mlir/test/Conversion/ConvertToEmitC/func-failed.mlir	blob	100644	a5a20b57d4997ad6c84ff3c5ba4f63ae1027da6c
mlir/test/Conversion/ConvertToEmitC/func.mlir	blob	100644	ef2095d67244657dc3cb525aea2807be679776dd
mlir/test/Conversion/ConvertToSPIRV/argmax-kernel.mlir	blob	100644	81ac2a04f3362aff9f96c119d8d2a128137f28c2
mlir/test/Conversion/ConvertToSPIRV/arith.mlir	blob	100644	fa204c4df8ace5cc34d44ac04f385cf19045e4b7
mlir/test/Conversion/ConvertToSPIRV/combined.mlir	blob	100644	3039ed58463eaeefb016e9a704a63175af1b28c1
mlir/test/Conversion/ConvertToSPIRV/convert-gpu-modules-nested.mlir	blob	100644	5b12a656a2bf88b56ca296d423ae3b45b757ac8c
mlir/test/Conversion/ConvertToSPIRV/convert-gpu-modules.mlir	blob	100644	96ad107d358178689143de1f86bf7b532ef82da9
mlir/test/Conversion/ConvertToSPIRV/detached-root.mlir	blob	100644	87bae9b777a628c3521272423a79553053d787c8
mlir/test/Conversion/ConvertToSPIRV/func-signature-vector-unroll.mlir	blob	100644	912cd308a8fbe1d39cc4fb6c1ac23aa712e38e1b
mlir/test/Conversion/ConvertToSPIRV/gpu.mlir	blob	100644	2b5c82e5bd877645468c2eed3ebce2d177998c00
mlir/test/Conversion/ConvertToSPIRV/index.mlir	blob	100644	a7b892e358acbf616d4839171f82e801ac705890
mlir/test/Conversion/ConvertToSPIRV/memref.mlir	blob	100644	f7d17d1ad16da8322fee71e05bd061107b176446
mlir/test/Conversion/ConvertToSPIRV/scf.mlir	blob	100644	fab45d47428501f9f2ea1649561b2b7c5239e458
mlir/test/Conversion/ConvertToSPIRV/simple.mlir	blob	100644	aa4a963d1d69a0f5d08195d7ac202f7f95204f30
mlir/test/Conversion/ConvertToSPIRV/ub.mlir	blob	100644	e8ffcd4237ed28b54dd7348529727bf72e9cc993
mlir/test/Conversion/ConvertToSPIRV/vector-unroll.mlir	blob	100644	6b013f96feb4dbb6a12374dc1b562c96cd20a2f2
mlir/test/Conversion/ConvertToSPIRV/vector.mlir	blob	100644	dfe0f9318a942d89d738a0699ecce2b191b274b2
mlir/test/Conversion/FuncToEmitC/func-to-emitc-failed.mlir	blob	100644	85410ec0134e6b0ad83847a137f589a28b8b831b
mlir/test/Conversion/FuncToEmitC/func-to-emitc.mlir	blob	100644	bedad2111dce152b364cb7b77843564ff5fc3d9d
mlir/test/Conversion/FuncToLLVM/calling-convention.mlir	blob	100644	3b52d8fd764641793849b13987b9aa1fe9886c1c
mlir/test/Conversion/FuncToLLVM/convert-argattrs.mlir	blob	100644	85c7cbddfdbf634185af485119bb57e28dadb942
mlir/test/Conversion/FuncToLLVM/convert-data-layout.mlir	blob	100644	c16702f0442ba94f784df34fa6e2a6a6ca59fa23
mlir/test/Conversion/FuncToLLVM/convert-funcs.mlir	blob	100644	a648c415bb0312f1c1f468056e85397a3db7fbff
mlir/test/Conversion/FuncToLLVM/emit-c-wrappers-for-external-callers.mlir	blob	100644	826ca9540ae565575ed8b0da041ecd682f7f1fd8
mlir/test/Conversion/FuncToLLVM/emit-c-wrappers-for-external-functions.mlir	blob	100644	28c2638c7be519c31d853e2194aaa9017c2090b5
mlir/test/Conversion/FuncToLLVM/func-duplicate-symbol.mlir	blob	100644	9fbd415f239b6c27340a26aee260b5b4fcb01491
mlir/test/Conversion/FuncToLLVM/func-memref-return.mlir	blob	100644	22ebbf8618bde930749d30a8e5e975bca5ce8aa1
mlir/test/Conversion/FuncToLLVM/func-memref.mlir	blob	100644	16ed4847c0d5850926e7d61c6c5ca9e7a432ba99
mlir/test/Conversion/FuncToLLVM/func-to-llvm-datalayout.mlir	blob	100644	36c3cf39d3822683f6d42045ed6950601122c553
mlir/test/Conversion/FuncToLLVM/func-to-llvm.mlir	blob	100644	6a04960e3513a70d6de88f81ed90256f99b73a35
mlir/test/Conversion/FuncToLLVM/invalid.mlir	blob	100644	e70252ff87ed133cac59ed1d3d0d117b5b68d6ea
mlir/test/Conversion/FuncToSPIRV/func-ops-to-spirv.mlir	blob	100644	69200cb02713d37f90b82cc0d608ad8b50901f4c
mlir/test/Conversion/FuncToSPIRV/types-to-spirv.mlir	blob	100644	b860838824fccb2533642fbb7cb135f8ade72f35
mlir/test/Conversion/GPUCommon/lower-2to4-sparse-to-gpu-runtime-calls.mlir	blob	100644	f448d35992333b3bf114cf50960e31e4cc4d7e96
mlir/test/Conversion/GPUCommon/lower-alloc-to-gpu-runtime-calls.mlir	blob	100644	5d5c0093edf719020197e323c9f6aff7a1c5d7d7
mlir/test/Conversion/GPUCommon/lower-async-to-gpu-runtime-calls.mlir	blob	100644	cbb9df1ad8af3389f1bb1fb6c30664baa091be37
mlir/test/Conversion/GPUCommon/lower-global-id.mlir	blob	100644	94b9f90052769e04369cebaaf8bd57f1811af58e
mlir/test/Conversion/GPUCommon/lower-launch-func-bare-ptr-intersperse-size.mlir	blob	100644	171b13da227136c6c15c4eface6a56d4f41ae376
mlir/test/Conversion/GPUCommon/lower-launch-func-bare-ptr-invalid.mlir	blob	100644	19dbdc94b6d92bbb8bb5a1d55954c0f129347867
mlir/test/Conversion/GPUCommon/lower-launch-func-bare-ptr.mlir	blob	100644	a13524432cfaec2c4c6dd67cbd96f0c703e5384d
mlir/test/Conversion/GPUCommon/lower-launch-func-to-gpu-runtime-calls.mlir	blob	100644	79baa8c894120767b34f90118c1794821882af3b
mlir/test/Conversion/GPUCommon/lower-memcpy-to-gpu-runtime-calls.mlir	blob	100644	b45d188a77e3f93f0112a20d9236b97d6360044d
mlir/test/Conversion/GPUCommon/lower-memory-space-attrs.mlir	blob	100644	771f3185904bb8367e0e3e7fda1c0fd66c3dfbdb
mlir/test/Conversion/GPUCommon/lower-memset-to-gpu-runtime-calls.mlir	blob	100644	3e5e499d82594ae08cf6436f5396534048b6eb13
mlir/test/Conversion/GPUCommon/lower-sparse-to-gpu-runtime-calls.mlir	blob	100644	d4c0a76088356f511e6c53626bc36d5dbc733953
mlir/test/Conversion/GPUCommon/lower-vector.mlir	blob	100644	b4e3da9d0dbfe3252cbb639780ba38bc111eee0d
mlir/test/Conversion/GPUCommon/lower-wait-to-gpu-runtime-calls.mlir	blob	100644	d15efe354cfa8b489cd5d90dee52fb7d4cd81ee1
mlir/test/Conversion/GPUCommon/memory-attrbution.mlir	blob	100644	a3a6f53e5c0ad090dbeddf97b4e3c548104c8fd3
mlir/test/Conversion/GPUCommon/memref-arg-attrs.mlir	blob	100644	e7c742067b4eb52d4125c50ad4831d2690ee6488
mlir/test/Conversion/GPUCommon/memref-arg-noalias-attrs.mlir	blob	100644	33cdc3348e5137ab76c5294e51ad719d011787bf
mlir/test/Conversion/GPUCommon/memref-arg-noalias-warning.mlir	blob	100644	793df7380d78bd7091ddac1b486bee6517ddf976
mlir/test/Conversion/GPUCommon/set-default-device.mlir	blob	100644	c23d8a33d988036df4ecb862566ba116a36e0f1b
mlir/test/Conversion/GPUCommon/transfer_write.mlir	blob	100644	4d2ae8c39240c54c2e2e180d0e59de4acdd8762c
mlir/test/Conversion/GPUToLLVMSPV/constant-address-space.mlir	blob	100644	4f43963b2208d15b31d798c7d2011e42189eb0bd
mlir/test/Conversion/GPUToLLVMSPV/gpu-to-llvm-spv.mlir	blob	100644	913c8b88d8e94e1d612699cc825fd81d21184530
mlir/test/Conversion/GPUToLLVMSPV/printf.mlir	blob	100644	74017e8354cf1f42b57f688c68751d2311fdbb78
mlir/test/Conversion/GPUToNVVM/constant-address-space.mlir	blob	100644	668e3aafab3563454a78d2d2816524d0a9610479
mlir/test/Conversion/GPUToNVVM/gpu-arith-ops-to-nvvm.mlir	blob	100644	2b1c5a7fef8fe3d0cdd1035f3c645097fb0d3a28
mlir/test/Conversion/GPUToNVVM/gpu-to-nvvm-32b.mlir	blob	100644	1bc7acfe46a4ad66dc1ab0567bd50d47586984ec
mlir/test/Conversion/GPUToNVVM/gpu-to-nvvm-debuginfo.mlir	blob	100644	5304abfb09a1ef2a56cf695b03eaf6a6c9521a0a
mlir/test/Conversion/GPUToNVVM/gpu-to-nvvm-invalid-ballot.mlir	blob	100644	d648fdca3b7b14d9979227d181eaa5b92176279e
mlir/test/Conversion/GPUToNVVM/gpu-to-nvvm-invalid-dialect.mlir	blob	100644	a293191e11567096323b506da7cce1deec2acf77
mlir/test/Conversion/GPUToNVVM/gpu-to-nvvm-invalid-named-barrier.mlir	blob	100644	faadafa6c4912d5cfcb74e011626b86a7d2db06d
mlir/test/Conversion/GPUToNVVM/gpu-to-nvvm-target-attr.mlir	blob	100644	0016db5084584a7311cafad25fd02c8810fcb4bc
mlir/test/Conversion/GPUToNVVM/gpu-to-nvvm.mlir	blob	100644	b96069ac41a444c28fefe24acfa2881d0c6c02c4
mlir/test/Conversion/GPUToNVVM/memref.mlir	blob	100644	a4e8ead344114dd827a739703e3916c317ab5285
mlir/test/Conversion/GPUToNVVM/wmma-ops-to-nvvm.mlir	blob	100644	a0801443057ead9c51d43efc46f5e46ab6c0137f
mlir/test/Conversion/GPUToROCDL/constant-address-space.mlir	blob	100644	738aece1769dab7c1119a9264290db0aeabb2324
mlir/test/Conversion/GPUToROCDL/gpu-to-rocdl-barrier.mlir	blob	100644	618d1889b847859e7471d70e7b7c4586170c4797
mlir/test/Conversion/GPUToROCDL/gpu-to-rocdl-barriers-gfx12.mlir	blob	100644	c6a9574ca43c198b933adbfcf8acc65b97962f6c
mlir/test/Conversion/GPUToROCDL/gpu-to-rocdl-hip.mlir	blob	100644	32da31202b6884b0eaf72b1f963bc0c6058df094
mlir/test/Conversion/GPUToROCDL/gpu-to-rocdl-invalid-ballot.mlir	blob	100644	a94ab3b5bb780b1a816643b1a6decab2408add5b
mlir/test/Conversion/GPUToROCDL/gpu-to-rocdl-invalid-dialect.mlir	blob	100644	117f7692669de811147bd9c4ba45cffa6c898765
mlir/test/Conversion/GPUToROCDL/gpu-to-rocdl-invalid-named-barrier.mlir	blob	100644	3f39f4abcf396a48797e04c5c1565701405ae8f8
mlir/test/Conversion/GPUToROCDL/gpu-to-rocdl-named-barrier-non-const.mlir	blob	100644	c9ce2794f1422aa974fcd4e03cc18d3db57fec6f
mlir/test/Conversion/GPUToROCDL/gpu-to-rocdl-opencl.mlir	blob	100644	00d1d7d8526809f007cb0876de9db749d1b964b9
mlir/test/Conversion/GPUToROCDL/gpu-to-rocdl-subgroup-id.mlir	blob	100644	9cab3ff48f5bf05b48b092f2d05d8794618219c3
mlir/test/Conversion/GPUToROCDL/gpu-to-rocdl.mlir	blob	100755	68a5328b8eb772fb0f428ac47764b62c2e7ef683
mlir/test/Conversion/GPUToROCDL/memref.mlir	blob	100644	e645481c8923080a20305ce4f5229dbfa2025240
mlir/test/Conversion/GPUToSPIRV/ballot.mlir	blob	100644	4e8d60e43237194dcab6de49aca41fb98024d43e
mlir/test/Conversion/GPUToSPIRV/broadcast.mlir	blob	100644	c50808e17cd9f0f3948104b6ccc85688ad944f39
mlir/test/Conversion/GPUToSPIRV/builtins-opencl.mlir	blob	100644	d4fe618b9df29c0595f5f584d9e44503b7302f56
mlir/test/Conversion/GPUToSPIRV/builtins-vulkan.mlir	blob	100644	29ae5f29d3b792337427450d0fd77efa7990e7ae
mlir/test/Conversion/GPUToSPIRV/entry-point.mlir	blob	100644	8b14d6569f486458e5dbe3918550f45c3cc65095
mlir/test/Conversion/GPUToSPIRV/gpu-to-spirv.mlir	blob	100644	5bcd180a37c16c477b4cd1c9c51eb63b3e4e337d
mlir/test/Conversion/GPUToSPIRV/load-store.mlir	blob	100644	4339799ccd5eaf1b8dab84a99bcd0df838734eaa
mlir/test/Conversion/GPUToSPIRV/lookup-target-env.mlir	blob	100644	983747be57995f44b746eda51d2a04ee73157b28
mlir/test/Conversion/GPUToSPIRV/module-opencl.mlir	blob	100644	4b8d17cd6449389c2f11d37c03399d5e578c1fe9
mlir/test/Conversion/GPUToSPIRV/printf.mlir	blob	100644	7fe9752b088dbadf489a5f618e60accec5b3708d
mlir/test/Conversion/GPUToSPIRV/reductions.mlir	blob	100644	2e09a75704b40ce47b26917f3aaadb6fd47689b5
mlir/test/Conversion/GPUToSPIRV/rotate.mlir	blob	100644	c71d22017698a33cc84203ae7d51a3a3e498df8a
mlir/test/Conversion/GPUToSPIRV/shuffle.mlir	blob	100644	e93f69704f25bc7dec0b006a37abaf9047b8fc57
mlir/test/Conversion/GPUToSPIRV/wmma-ops-to-spirv-khr-coop-matrix.mlir	blob	100644	c0115c4337f7f7eea0fa2253aac01ec63f03f234
mlir/test/Conversion/IndexToLLVM/index-to-llvm.mlir	blob	100644	007929ed677fa9ad938aa70a8a5ddcff862ea991
mlir/test/Conversion/IndexToSPIRV/index-to-spirv.mlir	blob	100644	2d00adff2e8baa6d3d02edfb3f8931f8ae32df26
mlir/test/Conversion/LLVMCommon/types.mlir	blob	100644	6d5cf562abe024afc0fee25e08c33f7d0032fe49
mlir/test/Conversion/MPIToLLVM/mpitollvm.mlir	blob	100644	73ad2d8f9299fe66de0567c450e504890c4a112b
mlir/test/Conversion/MathToEmitC/math-to-emitc-failed.mlir	blob	100644	f1de97c5465a9222568d1c53b7c2946770030c2a
mlir/test/Conversion/MathToEmitC/math-to-emitc.mlir	blob	100644	85e9a269f3f2b2e1122c89aed155e43a270a99d0
mlir/test/Conversion/MathToFuncs/ctlz.mlir	blob	100644	b7ef0a8928912daf077e1ba1c42e563e123b09ca
mlir/test/Conversion/MathToFuncs/fpowi.mlir	blob	100644	7b935e2d0ae993f54d0ee6f9032015aff34da368
mlir/test/Conversion/MathToFuncs/ipowi.mlir	blob	100644	2702a1e22e621de2cdd40adcc15ff194b40f2983
mlir/test/Conversion/MathToLLVM/math-to-llvm.mlir	blob	100644	638261bc6bde311464137fea013d1696f3b101b5
mlir/test/Conversion/MathToLibm/convert-to-libm.mlir	blob	100644	26b54566cb2cd1719b0b3d1224abcbed8e256e1e
mlir/test/Conversion/MathToROCDL/math-to-rocdl.mlir	blob	100644	455f886839604477828bd6e1a9605c69ec8b612d
mlir/test/Conversion/MathToSPIRV/math-to-core-spirv.mlir	blob	100644	586460fd5818055c35b201cd8398369fb4a57e47
mlir/test/Conversion/MathToSPIRV/math-to-fpclassify-spirv.mlir	blob	100644	5b875c97c17c948eb60b0235de6dbbec1cec5781
mlir/test/Conversion/MathToSPIRV/math-to-gl-spirv.mlir	blob	100644	45c921f0f7641d032dc26586c09f4af729c92c2b
mlir/test/Conversion/MathToSPIRV/math-to-opencl-spirv.mlir	blob	100644	faa509851a2e21ff5aef7bccfd964855adbced30
mlir/test/Conversion/MathToVCIX/math-to-vcix.mlir	blob	100644	9d4bf7bdb56556d0c4d347ed37eecaffa19645d1
mlir/test/Conversion/MathToXeVM/lit.local.cfg	blob	100644	cc1ce3535f2c705ca1257ab6589f3377191e20cf
mlir/test/Conversion/MathToXeVM/math-to-ocl.mlir	blob	100644	61efa3515657eb35820b5adeb404027e955f7cd9
mlir/test/Conversion/MathToXeVM/math-to-xevm.mlir	blob	100644	0ca8d14096d05b91565fb885aa13428f3ac48ea1
mlir/test/Conversion/MemRefToEmitC/memref-to-emitc-alloc-copy.mlir	blob	100644	be0b9baf502bcc419c8c6c9262df41b836093190
mlir/test/Conversion/MemRefToEmitC/memref-to-emitc-alloc-dealloc.mlir	blob	100644	3194a40c16eeb214e272d2151237bf53d9669f70
mlir/test/Conversion/MemRefToEmitC/memref-to-emitc-alloc-load-store.mlir	blob	100644	653220470bb5a2f8d7bad18dce33742a7809bfa4
mlir/test/Conversion/MemRefToEmitC/memref-to-emitc-copy.mlir	blob	100644	6105521d9326d4c546d9cb66f1d77ea83cabab34
mlir/test/Conversion/MemRefToEmitC/memref-to-emitc-failed.mlir	blob	100644	f2d0e9a5eee662dda41930315372cb24d1ecb7d9
mlir/test/Conversion/MemRefToEmitC/memref-to-emitc.mlir	blob	100644	1c832b3fba6eca3c79b2ef614c0cdc081110d781
mlir/test/Conversion/MemRefToEmitC/memref-with-custom-types.mlir	blob	100644	4cc874633d4569d71a2754fec8744c2f7c764bf0
mlir/test/Conversion/MemRefToLLVM/convert-alloca-scope.mlir	blob	100644	5fb3059626cdc1cbab8c08df02194d90dffe0d30
mlir/test/Conversion/MemRefToLLVM/convert-dynamic-memref-ops.mlir	blob	100644	02baff36ba155813914f3d723d91a3ce302701d5
mlir/test/Conversion/MemRefToLLVM/convert-static-memref-ops.mlir	blob	100644	040a27e16055779dae5662981ca49e916aacaac0
mlir/test/Conversion/MemRefToLLVM/expand-then-convert-to-llvm.mlir	blob	100644	eaa4c35b3c2bf24c0f473f5bb6559120b211eed4
mlir/test/Conversion/MemRefToLLVM/generic-functions.mlir	blob	100644	9256461eadcb30682d411a4cda8f68c528a10a78
mlir/test/Conversion/MemRefToLLVM/invalid.mlir	blob	100644	5462d3278d9e6ad3d48d93afa9233c8a55310555
mlir/test/Conversion/MemRefToLLVM/memory-space-cast-non-integer-addrspace.mlir	blob	100644	c01ac4e53e53056f3c04c3a1f72623d352213f7b
mlir/test/Conversion/MemRefToLLVM/memref-to-llvm-with-transforms.mlir	blob	100644	f6d0524fce39d7577b6a1eb79789372161da009d
mlir/test/Conversion/MemRefToLLVM/memref-to-llvm.mlir	blob	100644	0035e8407b9a97888bb26353403a517cc795a3ab
mlir/test/Conversion/MemRefToLLVM/type-conversion.mlir	blob	100644	6c6756f5097b4076a258cd159b8feff0096e9e24
mlir/test/Conversion/MemRefToSPIRV/alloc.mlir	blob	100644	1e7a45e5a893928c30421bb9422c9c99b41cd2b8
mlir/test/Conversion/MemRefToSPIRV/alloca.mlir	blob	100644	dd65c092695375135e7fc6176a9ebcde962b779c
mlir/test/Conversion/MemRefToSPIRV/atomic.mlir	blob	100644	fa416512aa144ea7ddc672169fa8a32af358997c
mlir/test/Conversion/MemRefToSPIRV/bitwidth-emulation.mlir	blob	100644	8679bf807240bdeaba85d01f36c197cc3f4fb424
mlir/test/Conversion/MemRefToSPIRV/map-storage-class-vk.mlir	blob	100644	3b2c1ae799c57f463944927c38b588e9114eb917
mlir/test/Conversion/MemRefToSPIRV/map-storage-class.mlir	blob	100644	fdc69b81199941fe5709ccb6c303e5e424b73b19
mlir/test/Conversion/MemRefToSPIRV/memref-to-spirv.mlir	blob	100644	5163120a8339ee3458a8b10f683be7dff6131771
mlir/test/Conversion/NVGPUToNVVM/nvgpu-extf-large.mlir	blob	100644	9f2ddc5270c5057d6c06afdfd3ff701d1f58a7bd
mlir/test/Conversion/NVGPUToNVVM/nvgpu-extf.mlir	blob	100644	5924f984f870d19e6fc8fd66f48a6ce30b1ca5c0
mlir/test/Conversion/NVGPUToNVVM/nvgpu-to-nvvm-mma-fp8.mlir	blob	100644	5e7c7f8109f9a9b826ec20f4935d82ae187f0190
mlir/test/Conversion/NVGPUToNVVM/nvgpu-to-nvvm.mlir	blob	100644	d6bc8d82537d144ae17394e122e40ff2e21eef67
mlir/test/Conversion/NVGPUToNVVM/nvgpu-truncf-large.mlir	blob	100644	c5a66ccc3751f8929f065ef3b28108fe49a7ee43
mlir/test/Conversion/NVGPUToNVVM/nvgpu-truncf.mlir	blob	100644	d34402fcf1ce02798e19fc8159b7a2130d83a6ed
mlir/test/Conversion/NVVMToLLVM/invalid.mlir	blob	100644	9ebe3a009adf258a6bded244264b6813c142066f
mlir/test/Conversion/NVVMToLLVM/nvvm-to-llvm.mlir	blob	100644	807681bf828d420afd8b90cbe260684cf0bb35c1
mlir/test/Conversion/OpenACCToLLVM/init-shutdown-set.mlir	blob	100644	cb522d71d2b94cc8148d9a91ee987c845e9c28d3
mlir/test/Conversion/OpenACCToLLVM/runtime-declaration-mismatch.mlir	blob	100644	453bc56871b105a0ce66015462c56091d0d397a2
mlir/test/Conversion/OpenACCToLLVM/wait.mlir	blob	100644	87aae3fb27bb778510a94ebedf1783932a42251c
mlir/test/Conversion/OpenACCToSCF/convert-openacc-to-scf.mlir	blob	100644	c08fd860e738bf7f0b43ddd021e12eba75927372
mlir/test/Conversion/OpenMPToLLVM/convert-to-llvmir.mlir	blob	100644	5be437b662b20aad234721a45c15ea36b81c6b73
mlir/test/Conversion/OpenMPToLLVM/map-info-type-conversion-fail.mlir	blob	100644	3bd9bb4aee7916e84bf1b216a967a5c00a057020
mlir/test/Conversion/PDLToPDLInterp/pdl-to-pdl-interp-matcher.mlir	blob	100644	ed6407a6323957b09e8ffdfe5a1aa99f52e588ba
mlir/test/Conversion/PDLToPDLInterp/pdl-to-pdl-interp-rewriter.mlir	blob	100644	cf0cefd3280a85efbed1a2b340f2beb242e8d5aa
mlir/test/Conversion/PDLToPDLInterp/use-constraint-result.mlir	blob	100644	4511baff2015a49bd2e96e971f265cffad1f22d5
mlir/test/Conversion/PtrToLLVM/ptr-to-llvm.mlir	blob	100644	d53fc19a47c90bdda26d5dceb40ca8e8720d63aa
mlir/test/Conversion/RaiseWasm/wasm-abs-to-math-abs.mlir	blob	100644	eee03772589b9df35acca07dda8718b62a55a59b
mlir/test/Conversion/RaiseWasm/wasm-add-to-arith-add.mlir	blob	100644	377be5d1a2f1e3b757d163472bf747798f511f6a
mlir/test/Conversion/RaiseWasm/wasm-and-to-arith-and.mlir	blob	100644	eebc76e7322aee82519a435699e06ebfa3479beb
mlir/test/Conversion/RaiseWasm/wasm-blocks-to-cf.mlir	blob	100644	fdce71cab096b8e4df6972211a2bf4f68afa62cb
mlir/test/Conversion/RaiseWasm/wasm-ceil-to-math-ceil.mlir	blob	100644	15875f60c1c43f4cb3fc8ae4d75169ee8b1cca58
mlir/test/Conversion/RaiseWasm/wasm-clz-to-math-clz.mlir	blob	100644	944cf24ff40c2ea6a01de4bf2a64e3de64d5b23c
mlir/test/Conversion/RaiseWasm/wasm-comparisons-to-arith-cmp.mlir	blob	100644	6643b0389f405920cb896f8eb7b92a0249e5ad66
mlir/test/Conversion/RaiseWasm/wasm-const-to-arith-const.mlir	blob	100644	06bd0acab4f966af1009fb2eaa48273531613d6e
mlir/test/Conversion/RaiseWasm/wasm-convert-to-arith-tofp.mlir	blob	100644	4eeea757d48d05755a3f68644a17c770e6735396
mlir/test/Conversion/RaiseWasm/wasm-copysign-to-math-copysign.mlir	blob	100644	9ab2b7990e7c05aa91a96178c8172fd98f17aacc
mlir/test/Conversion/RaiseWasm/wasm-ctz-to-math-ctz.mlir	blob	100644	6cc9394eea99cde1f2d32a5068e63709d85dccd7
mlir/test/Conversion/RaiseWasm/wasm-demote-to-arith-trunc.mlir	blob	100644	342886e3bda00c4f66cd18b7290636b56269facb
mlir/test/Conversion/RaiseWasm/wasm-div-to-arith-div.mlir	blob	100644	3d6fa9af95442b4bb8da263bfa5d552c2b458bfc
mlir/test/Conversion/RaiseWasm/wasm-eqz-to-arith-cmp.mlir	blob	100644	083a24c5f36a8b6eec33864ab90693029bfe776f
mlir/test/Conversion/RaiseWasm/wasm-extend-to-arith-ext.mlir	blob	100644	2b8bb651bbe5b077e5232f80829f35135a1a3ca6
mlir/test/Conversion/RaiseWasm/wasm-floor-to-math-floor.mlir	blob	100644	5ca4694bdb8244d83f88ebd838497589eebc0ece
mlir/test/Conversion/RaiseWasm/wasm-func-to-func.mlir	blob	100644	65a6831b442ca633c57359e826b2f99cf3d6860f
mlir/test/Conversion/RaiseWasm/wasm-global-set-to-memref.mlir	blob	100644	937f7efd006ba8f93070f7873aa90c6691283d81
mlir/test/Conversion/RaiseWasm/wasm-global-to-memref-global.mlir	blob	100644	45a6636d89c2254582cb7af97829f7506be48b7b
mlir/test/Conversion/RaiseWasm/wasm-local-to-memref.mlir	blob	100644	839975ab87daa4c8c9b1bf5370633107c652056d
mlir/test/Conversion/RaiseWasm/wasm-loop-to-cf.mlir	blob	100644	cdaf249d9ccf6cd48b4bd2f132ea712194452cc3
mlir/test/Conversion/RaiseWasm/wasm-max-to-arith-maximumf.mlir	blob	100644	2f0d10788f03ce9e29ba25ab867d27f46b8791fb
mlir/test/Conversion/RaiseWasm/wasm-memory-to-memref.mlir	blob	100644	09b07184d97fa2d5037b98c5c8a85640bd4224a3
mlir/test/Conversion/RaiseWasm/wasm-min-to-arith-minimumf.mlir	blob	100644	d6a0141a5199f0922af8033603121bb8341881b1
mlir/test/Conversion/RaiseWasm/wasm-mul-to-arith-mul.mlir	blob	100644	51c8b43d980b5d098d8dc14cc1e1d9ad4f671cb9
mlir/test/Conversion/RaiseWasm/wasm-neg-to-arith-neg.mlir	blob	100644	a15b9a6c25990546c13cd764f418557d38f53f7a
mlir/test/Conversion/RaiseWasm/wasm-or-to-arith-or.mlir	blob	100644	44ce35209511d6719e96ba3c3e42400e09e0fc20
mlir/test/Conversion/RaiseWasm/wasm-popcnt-to-math-ctpop.mlir	blob	100644	1c027cf1972e8ce7e4b8324aa43bbec575763935
mlir/test/Conversion/RaiseWasm/wasm-promote-to-arith-ext.mlir	blob	100644	5cf04a0ccbd3ca25503ef4b3e002ed6174acb786
mlir/test/Conversion/RaiseWasm/wasm-reinterpret-to-arith-bitcast.mlir	blob	100644	78e3984870d6badc8c9664025e3337357681bb40
mlir/test/Conversion/RaiseWasm/wasm-rem-to-arith-rem.mlir	blob	100644	05a5b5bd10cfac4592e67c1f514a9106b38f2db3
mlir/test/Conversion/RaiseWasm/wasm-rotl-to-arith.mlir	blob	100644	b69f88afd4d7c72d1c912082c165fcda5bc1c3b1
mlir/test/Conversion/RaiseWasm/wasm-rotr-to-arith.mlir	blob	100644	f0b77271c86dde2ae99bcf642a999238c0a78d58
mlir/test/Conversion/RaiseWasm/wasm-select-to-arith-select.mlir	blob	100644	ed5d15f87d70f3f22bc5d863d13a2ed1f2ba0efe
mlir/test/Conversion/RaiseWasm/wasm-shl-to-arith-shl.mlir	blob	100644	efc4b5ca4922595bb3110b0b51dda91537174f8a
mlir/test/Conversion/RaiseWasm/wasm-shr_s-to-arith-shrs.mlir	blob	100644	d0c3a94e611a85e38699b2e8863052ad6d43ef54
mlir/test/Conversion/RaiseWasm/wasm-shr_u-to-arith-shru.mlir	blob	100644	38925b6899c4ba0d26121d19e61efcb484d61ba1
mlir/test/Conversion/RaiseWasm/wasm-sqrt-to-math-sqrt.mlir	blob	100644	394dc9e3216af44271383d0697d8d12a2519d3b3
mlir/test/Conversion/RaiseWasm/wasm-sub-to-arith-sub.mlir	blob	100644	933d3d16add7b3c3dcaeb47e5224bc6131a0fcd7
mlir/test/Conversion/RaiseWasm/wasm-trunc-to-math-trunc.mlir	blob	100644	a120967bc3c0e141c957b743cd7810cfa3107c77
mlir/test/Conversion/RaiseWasm/wasm-wrap-to-arith-trunc.mlir	blob	100644	61645256260866f2872bea89309bc8b00789d7d0
mlir/test/Conversion/RaiseWasm/wasm-xor-to-arith-xor.mlir	blob	100644	810729d883c61ae225f04dd384eff898914ce90d
mlir/test/Conversion/ReconcileUnrealizedCasts/reconcile-unrealized-casts.mlir	blob	100644	ac5ca321c066f280ba07ee27062fb2e4cf7841ae
mlir/test/Conversion/SCFToAffine/scf-to-affine.mlir	blob	100644	67e56c45a4b77ce0455ecde6e300d7f0a7c8bbc3
mlir/test/Conversion/SCFToControlFlow/convert-to-cfg.mlir	blob	100644	7ad8d594a23abc919c2ba1fad95cf8ed11b07035
mlir/test/Conversion/SCFToEmitC/for.mlir	blob	100644	571517fe7bf1945f53f6d6645d715421154d177b
mlir/test/Conversion/SCFToEmitC/if.mlir	blob	100644	596a4872b303099b4a10de1d9a49bea44b6e8dbd
mlir/test/Conversion/SCFToEmitC/scf-to-emitc-failed.mlir	blob	100644	7f226c51323d8a41604c958a18ede11d697273c5
mlir/test/Conversion/SCFToEmitC/switch.mlir	blob	100644	0dab98c8cc341b4bd90a752bf55b78c7f33679bb
mlir/test/Conversion/SCFToEmitC/while.mlir	blob	100644	28524a01f5e51ad387fbc4d21bf3dfe159a75f03
mlir/test/Conversion/SCFToGPU/no_blocks_no_threads.mlir	blob	100644	79eef8ae7eb856ad36cf53bff5fb32008d5ab9c1
mlir/test/Conversion/SCFToGPU/no_iter_args.mlir	blob	100644	ab6cb7ffedf494badfd557287bb1b6507e9c2f1a
mlir/test/Conversion/SCFToGPU/parallel_loop.mlir	blob	100644	2f192df1dad2e6425efd9df6b44649eae481ac84
mlir/test/Conversion/SCFToGPU/step_one.mlir	blob	100644	be6fadfbd0ad32e8790f0927ab8dbffda444fea4
mlir/test/Conversion/SCFToGPU/step_positive.mlir	blob	100644	84e8454e56171dec81d0ad423157822f0d70b640
mlir/test/Conversion/SCFToOpenMP/non-llvm-reduction-type.mlir	blob	100644	46417c46af46d7661c114ebb63fa451680127a64
mlir/test/Conversion/SCFToOpenMP/reductions.mlir	blob	100644	8e2343df488773e80964a1dccfaa912b6fb9bab3
mlir/test/Conversion/SCFToOpenMP/scf-to-openmp.mlir	blob	100644	d362bb60924193d90da292c75a45e9950239080f
mlir/test/Conversion/SCFToOpenMP/vector-reduction.mlir	blob	100644	018f8a03c8e34c7c74a71794a604daf8d5f5fe24
mlir/test/Conversion/SCFToSPIRV/for.mlir	blob	100644	660f5eeaf93e6be193c3aae131040f4bdbe593a3
mlir/test/Conversion/SCFToSPIRV/func-signature.mlir	blob	100644	55f652229fa14a27bae1badd3802091babd1f9eb
mlir/test/Conversion/SCFToSPIRV/if.mlir	blob	100644	0b3df9a533302192d7ccc67b5828be2f0ce0dca0
mlir/test/Conversion/SCFToSPIRV/index-switch.mlir	blob	100644	5e017838e51bec84d6644ee176628af7c39338b3
mlir/test/Conversion/SCFToSPIRV/signed-vector.mlir	blob	100644	ebba34d57e36f483f45f592aeda39be0aa9a9efc
mlir/test/Conversion/SCFToSPIRV/unsupported.mlir	blob	100644	1a1c24a09aa8c1dccb85cf2ed3953035f5cdc25d
mlir/test/Conversion/SCFToSPIRV/use-indices.mlir	blob	100644	68a825fbd93ebde0cd5625e6516cf7383b218a9a
mlir/test/Conversion/SCFToSPIRV/while.mlir	blob	100644	29e12fc4ccbdf786ed68f12c9a8b5c77e19ca98f
mlir/test/Conversion/SPIRVToLLVM/arithmetic-ops-to-llvm.mlir	blob	100644	14ddfd64fefa97a1f433812d2c890570b76054f2
mlir/test/Conversion/SPIRVToLLVM/barrier-ops-to-llvm.mlir	blob	100644	359aa350ac90c6e6609007ba289853baed73d2ff
mlir/test/Conversion/SPIRVToLLVM/bitwise-ops-to-llvm.mlir	blob	100644	0f25c84673cebf23e0558c1bd818bcea62e7c6d0
mlir/test/Conversion/SPIRVToLLVM/cast-ops-to-llvm.mlir	blob	100644	586dea350336a994e401cd105aa08e5be23db6bf
mlir/test/Conversion/SPIRVToLLVM/cl-ops-to-llvm.mlir	blob	100644	e6fed930268d474ee9ce65d8aeaffe58703f3cad
mlir/test/Conversion/SPIRVToLLVM/comparison-ops-to-llvm.mlir	blob	100644	52359db3be7bdc0fb742d07c4ab75a3d322d81a1
mlir/test/Conversion/SPIRVToLLVM/constant-op-to-llvm.mlir	blob	100644	2d74022b344066a0a005436fa972e7fd9aa934d7
mlir/test/Conversion/SPIRVToLLVM/control-flow-ops-to-llvm.mlir	blob	100644	d9a721be7f2400ce208d2711f093140fb155ae48
mlir/test/Conversion/SPIRVToLLVM/func-ops-to-llvm.mlir	blob	100644	9af6900c386cc7c123e44909f7ce878e53a9162d
mlir/test/Conversion/SPIRVToLLVM/gl-ops-to-llvm.mlir	blob	100644	e0deafd2824b91b405afec790cf060301358a41b
mlir/test/Conversion/SPIRVToLLVM/group-ops-to-llvm.mlir	blob	100644	8c8fc50349e795c27bf234e3dc901d3909a8520e
mlir/test/Conversion/SPIRVToLLVM/logical-ops-to-llvm.mlir	blob	100644	209330421997b2d00d2085b630ba5f8d9ab72bc4
mlir/test/Conversion/SPIRVToLLVM/lower-host-to-llvm-calls.mlir	blob	100644	61944b9d047e49ba4d633e518990b5b2ae5e5fe5
mlir/test/Conversion/SPIRVToLLVM/lower-host-to-llvm-calls_fail.mlir	blob	100644	e36d30b434fc76ee0335ff20cac9be419e336f50
mlir/test/Conversion/SPIRVToLLVM/memory-ops-to-llvm.mlir	blob	100644	803722294b316d7de8adfd2e7aecbbdc741b855c
mlir/test/Conversion/SPIRVToLLVM/misc-ops-to-llvm.mlir	blob	100644	cb8d5ed3eff6f3f544bee956529ec9c536377a26
mlir/test/Conversion/SPIRVToLLVM/module-ops-to-llvm.mlir	blob	100644	894de8b9e90a924608cd8535a239c60e4127ffa2
mlir/test/Conversion/SPIRVToLLVM/non-uniform-ops-to-llvm.mlir	blob	100644	ab174ba2b41e482773ad861cd9956eb9dff55dcf
mlir/test/Conversion/SPIRVToLLVM/shift-ops-to-llvm.mlir	blob	100644	da4def7aeda82aee23407f5d33ade89b7803532b
mlir/test/Conversion/SPIRVToLLVM/spirv-storage-class-mapping-unsupported.mlir	blob	100644	626637386cca0931058f8f3f3df4ec677bb24652
mlir/test/Conversion/SPIRVToLLVM/spirv-storage-class-mapping.mlir	blob	100644	980406d775d1e9fb71950ffeb2e5ada71e0a207b
mlir/test/Conversion/SPIRVToLLVM/spirv-types-to-llvm-invalid.mlir	blob	100644	82c02b6c06c78262cb71af5c1659866de816ad4d
mlir/test/Conversion/SPIRVToLLVM/spirv-types-to-llvm.mlir	blob	100644	0f2dbf8ef115587dbbac0922757f1dc7e3fd17fa
mlir/test/Conversion/ShapeToStandard/convert-shape-constraints.mlir	blob	100644	7fa37b869473c8b243d2ae7f51702d1aa6bde58d
mlir/test/Conversion/ShapeToStandard/shape-to-standard.mlir	blob	100644	3b73c513b7955f686d6f56340374a9b61513950f
mlir/test/Conversion/ShardToMPI/convert-shard-to-mpi-invalid.mlir	blob	100644	4d93e131e14beac6c03ba9e21d08561f1ba4203a
mlir/test/Conversion/ShardToMPI/convert-shard-to-mpi.mlir	blob	100644	062f05b5c5e131c5f260eef55581e61ccb1244c4
mlir/test/Conversion/ShardToMPI/convert-shardshape-to-mpi.mlir	blob	100644	9729d2bfb384e246c57d0082e000673764498980
mlir/test/Conversion/TensorToLinalg/tensor-ops-to-linalg.mlir	blob	100644	b58d407733f23701d71ac69e2e0b8776c53b8b6c
mlir/test/Conversion/TensorToSPIRV/tensor-ops-to-spirv.mlir	blob	100644	65c6e0587129eb30d19fc02a79df0ec11b99ec51
mlir/test/Conversion/TosaToArith/tosa-to-arith-invalid.mlir	blob	100644	749c833398d47f6daad925cb186206b1bee14baa
mlir/test/Conversion/TosaToArith/tosa-to-arith.mlir	blob	100644	48d8d52ddc39a01a04c02d6c51f8eb7e3fb0c7d9
mlir/test/Conversion/TosaToLinalg/tosa-to-linalg-invalid.mlir	blob	100644	ecfd953f9ef1f4c7d10b12c7e58002ab26cce644
mlir/test/Conversion/TosaToLinalg/tosa-to-linalg-named.mlir	blob	100644	801144c01829a93eaaf6ebf50a0db144e310be25
mlir/test/Conversion/TosaToLinalg/tosa-to-linalg-pipeline-no-validation.mlir	blob	100644	3db371c836ca28cbfc8edb9e2dbc57b2ac5f3567
mlir/test/Conversion/TosaToLinalg/tosa-to-linalg-pipeline.mlir	blob	100644	373b5b71cb68b3bdbb0cd3d52f8d3d0f2d66f89b
mlir/test/Conversion/TosaToLinalg/tosa-to-linalg-resize.mlir	blob	100644	2959cf59e953ac4617ffce19a925b8c2462524ab
mlir/test/Conversion/TosaToLinalg/tosa-to-linalg.mlir	blob	100644	a803ee7d99153c107e3351c4dbc6ef426ed4b03d
mlir/test/Conversion/TosaToMLProgram/tosa-to-mlprogram.mlir	blob	100644	d2092753f1f580a518fc4771b9e2014f4713511f
mlir/test/Conversion/TosaToSCF/tosa-to-scf-invalid.mlir	blob	100644	c1bb458f421138a7ada16932b82cb93b33d5bd6d
mlir/test/Conversion/TosaToSCF/tosa-to-scf.mlir	blob	100644	b6f2383ac81fcb4f9d49ae0099503bc0df884e05
mlir/test/Conversion/TosaToSPIRVTosa/custom-op-domain-to-opcode-invalid.mlir	blob	100644	e300603d4844a6f131d45514043e7e02ac55d4c3
mlir/test/Conversion/TosaToSPIRVTosa/custom-op-domain-to-opcode.mlir	blob	100644	15161f584d2755239a9bad6de092a559541bb2d9
mlir/test/Conversion/TosaToSPIRVTosa/descriptor-set-and-bindings.mlir	blob	100644	bbbe72c00a15b3e6607dc0374837ccc8103999e1
mlir/test/Conversion/TosaToSPIRVTosa/graph-constant-invalid.mlir	blob	100644	a89648c961404d38ae07c2a50d60b2764970d2a8
mlir/test/Conversion/TosaToSPIRVTosa/graph-constant-mark-invalid.mlir	blob	100644	def5b3bc5c8f1ca90fc57f9cfb7e229fa4d578c8
mlir/test/Conversion/TosaToSPIRVTosa/graph-constant-mark.mlir	blob	100644	b788bf216380641f1b3438eb8e6c42508a62a9eb
mlir/test/Conversion/TosaToSPIRVTosa/op-nesting.mlir	blob	100644	11e76d7df163723b58c8a738fdf5181938eef15d
mlir/test/Conversion/TosaToSPIRVTosa/tosa-to-spirv.mlir	blob	100644	a0792bf15b724812a0c2a956e6528d8f774f914e
mlir/test/Conversion/TosaToSPIRVTosa/type-conversions.mlir	blob	100644	76ca038f5da2d53e5c3d1befae59370be7c0b8bb
mlir/test/Conversion/TosaToSPIRVTosa/unsupported-func-calls.mlir	blob	100644	52c1ad526727d974eaf85c703f130b846814921c
mlir/test/Conversion/TosaToTensor/tosa-to-tensor-invalid.mlir	blob	100644	3e7c72c974bbf3ade0b6d754c9502a19c2032742
mlir/test/Conversion/TosaToTensor/tosa-to-tensor.mlir	blob	100644	0a276e2a5c3d257ce00d4fdf5ccb328d3def2bd0
mlir/test/Conversion/UBToLLVM/ub-to-llvm.mlir	blob	100644	0fe63f5a3a89f855c5219b4aaa80c8b004c7f903
mlir/test/Conversion/UBToSPIRV/ub-to-spirv.mlir	blob	100644	9c277cf99b9a837350d8fe44f108b117d1425f0b
mlir/test/Conversion/VectorToAMX/contract-to-amx.mlir	blob	100644	745cb088ef3f21513bccf2749de2111688080b42
mlir/test/Conversion/VectorToAMX/transfer-to-amx.mlir	blob	100644	120f13bd5d87660675bbf4331855c1ffa7b01037
mlir/test/Conversion/VectorToArmSME/unsupported.mlir	blob	100644	ff7b4bcb5f65a8dfb831f541a17e7487fd1b44e9
mlir/test/Conversion/VectorToArmSME/vector-to-arm-sme.mlir	blob	100644	1735e087825284ec0a8f16dc59e1b90ea3d864cc
mlir/test/Conversion/VectorToGPU/fold-arith-vector-to-mma-ops-mma-sync.mlir	blob	100644	0afaa19d59d15d25d90427718773ef2a2cc89851
mlir/test/Conversion/VectorToGPU/vector-to-mma-ops-mma-sync.mlir	blob	100644	912f7fba59e60285294b1d6660c6fedb292581f1
mlir/test/Conversion/VectorToGPU/vector-to-mma-ops.mlir	blob	100644	5b316f3e9e21926f778c465d75ef3f5dcd98279a
mlir/test/Conversion/VectorToLLVM/pass-option-serialization.mlir	blob	100644	e457e318b0780135b654225e90c7273a1f946424
mlir/test/Conversion/VectorToLLVM/use-vector-alignment.mlir	blob	100644	12fe3552ce1b735f461fae2576ef83e2a57fb2ed
mlir/test/Conversion/VectorToLLVM/vector-load-store-to-llvm.mlir	blob	100644	cab462efee2b557d0feb4472cf716287b84906fd
mlir/test/Conversion/VectorToLLVM/vector-mask-to-llvm.mlir	blob	100644	5e3929931582aa9aad60d57a730e8f79407b0e72
mlir/test/Conversion/VectorToLLVM/vector-reduction-to-llvm.mlir	blob	100644	c7d9e22fb24234182ac264c40d1d106c8c8a5ea8
mlir/test/Conversion/VectorToLLVM/vector-scalable-memcpy.mlir	blob	100644	80e6caa05db5e514aa3d2ee23ecb342e8cac8c61
mlir/test/Conversion/VectorToLLVM/vector-to-llvm-interface.mlir	blob	100644	4cbea04e8076e9f1e58135e4b179ad99b13db258
mlir/test/Conversion/VectorToLLVM/vector-to-llvm.mlir	blob	100644	094353119e4931d054fdc11b0aa0f887d694db21
mlir/test/Conversion/VectorToLLVM/vector-xfer-to-llvm.mlir	blob	100644	18deadd0d7a7993a4474e8f5adfaf3cdeb85d89e
mlir/test/Conversion/VectorToSCF/tensor-transfer-ops.mlir	blob	100644	6ec74f6b32db944635217e801257a97282ddfad2
mlir/test/Conversion/VectorToSCF/unrolled-tensor-transfer-ops.mlir	blob	100644	f8def658e947f0f1b1ba95598745f317aa605917
mlir/test/Conversion/VectorToSCF/unrolled-vector-to-loops.mlir	blob	100644	7d97829c06599c80da30ac0e1baaf3f21390fe09
mlir/test/Conversion/VectorToSCF/vector-to-scf-mask-and-permutation-map.mlir	blob	100644	812c8d95f371cff30b716df262b2ded2bc06f61f
mlir/test/Conversion/VectorToSCF/vector-to-scf.mlir	blob	100644	1ed82954398f02878fa6fd0c261e8f241125bf2d
mlir/test/Conversion/VectorToSPIRV/vector-reduction-to-spirv-dot-prod.mlir	blob	100644	989108a7d8d0cfa5479a11e6a800837f7d8335db
mlir/test/Conversion/VectorToSPIRV/vector-to-spirv.mlir	blob	100644	f904dd9d35c37bf4186d570aa08aaffb8a531dcf
mlir/test/Conversion/VectorToXeGPU/contract-to-xegpu.mlir	blob	100644	98b3133465b3efef3e5eef7e86f6d9f229de996e
mlir/test/Conversion/VectorToXeGPU/gather-to-xegpu.mlir	blob	100644	9617d347af2b6ddcda4478457c68e219a3e858de
mlir/test/Conversion/VectorToXeGPU/load-to-xegpu.mlir	blob	100644	c77efa03f34839c097836d1ef0538a8cd48df84e
mlir/test/Conversion/VectorToXeGPU/scatter-to-xegpu.mlir	blob	100644	b9dd241990222cfa91370f18cfff32edb4f27ef7
mlir/test/Conversion/VectorToXeGPU/store-to-xegpu.mlir	blob	100644	8ff2e6ee7d13c34f14905e7207e73145df7b5161
mlir/test/Conversion/VectorToXeGPU/transfer-read-to-xegpu.mlir	blob	100644	4cc4a0db5b63c4e95b31878e2e7d14f183e060a0
mlir/test/Conversion/VectorToXeGPU/transfer-write-to-xegpu.mlir	blob	100644	dad2740f5c0eae9373684e4c0c196875de58e9e4
mlir/test/Conversion/XeGPUToXeVM/create_nd_tdesc.mlir	blob	100644	34654126ce8d27cf9973a695f327458cfb52971a
mlir/test/Conversion/XeGPUToXeVM/dpas.mlir	blob	100644	7cc59f4cfdcdf577cf8ebeee4d2a5802f59dcc89
mlir/test/Conversion/XeGPUToXeVM/dpas_mx.mlir	blob	100644	e3dd34f5c9e38b8d0a01794b7eed72451a609b2e
mlir/test/Conversion/XeGPUToXeVM/extf_truncf.mlir	blob	100644	b74c92f26b2f6ce8b866b746f4c2ac4b8bcbc4d8
mlir/test/Conversion/XeGPUToXeVM/failed_conversion.mlir	blob	100644	cabc65aa0e41d494bb1fc6d2b13d3f40114c40f5
mlir/test/Conversion/XeGPUToXeVM/fence.mlir	blob	100644	cedfcace398a6236b1711f2a28caadfb88f35bb0
mlir/test/Conversion/XeGPUToXeVM/loadstore_1d.mlir	blob	100644	d92f4f5f64df7782eee55f0f56e2382feb87155d
mlir/test/Conversion/XeGPUToXeVM/loadstore_matrix.mlir	blob	100644	07fb09fa2c24b9d34755277b939386b90fdea2cf
mlir/test/Conversion/XeGPUToXeVM/loadstore_nd.mlir	blob	100644	d45fa79bb2e6364fbd1c52784c6a84ca5893500e
mlir/test/Conversion/XeGPUToXeVM/loadstore_nd_sub_byte.mlir	blob	100644	a8b5e695d4c38786037ab8175c56a71ffcb89900
mlir/test/Conversion/XeGPUToXeVM/loadstore_nd_transpose.mlir	blob	100644	d77a72119613e9b7d4ab1850ff4d8f7a9c4048b7
mlir/test/Conversion/XeGPUToXeVM/loadstoreprefetch.mlir	blob	100644	39be929978d1ebcb6823f4dd138941cf13774746
mlir/test/Conversion/XeGPUToXeVM/materializecast.mlir	blob	100644	969c369cd17e82072a470f37d15c073ac5a0d423
mlir/test/Conversion/XeGPUToXeVM/prefetch_nd.mlir	blob	100644	4163fccc9934fd8fcc92943d254c91511abf30ba
mlir/test/Conversion/XeGPUToXeVM/prefetch_nd_sub_byte.mlir	blob	100644	1ae9e3b203b547ad42c49ecc356d6084bb80f924
mlir/test/Conversion/XeVMToLLVM/legalize_large_vector.mlir	blob	100644	b9721efd6e85ed0b4dd7649bef5ddf2dde1f0900
mlir/test/Conversion/XeVMToLLVM/rewrite_alloca.mlir	blob	100644	9f57db3dec016d81d30943c95f3a7aed12207dc0
mlir/test/Conversion/XeVMToLLVM/xevm-to-llvm.mlir	blob	100644	37064b1a9be9c41a6e33a07f75cfd3cfeb775bd0
mlir/test/Conversion/XeVMToLLVM/xevm_mx-to-llvm.mlir	blob	100644	2ac76ac1e73a0ce78fcdd6fc4f8975a0ec108e43
mlir/test/Dialect/AMDGPU/amdgpu-emulate-atomics.mlir	blob	100644	fc3782707a246ab73fbfc465cbc7a839a7eb3cf2
mlir/test/Dialect/AMDGPU/amdgpu-make-dma-descriptor-fold.mlir	blob	100644	06dc20deaf500ee5ac932d2417abfb7ce55f7823
mlir/test/Dialect/AMDGPU/amdgpu-resolve-strided-metadata.mlir	blob	100644	831bb5f0f66ec67d1bc8fdd7f4c42fa357c2b810
mlir/test/Dialect/AMDGPU/canonicalize.mlir	blob	100644	f0346c54202b5cdc5031ef67816d59db9afbd322
mlir/test/Dialect/AMDGPU/fold-memref-alias-ops.mlir	blob	100644	65834a66af7b66d252b29770b4b0580eb87be040
mlir/test/Dialect/AMDGPU/inlining.mlir	blob	100644	33fb635d0156b7df2a7a568a578bfdfdf4118c26
mlir/test/Dialect/AMDGPU/invalid.mlir	blob	100644	4077176a86370bc399ca9ff747893426670a13b5
mlir/test/Dialect/AMDGPU/maskedload-to-load.mlir	blob	100644	f1d0ad545539aa6d766f88c0f8ba244ee8388821
mlir/test/Dialect/AMDGPU/ops.mlir	blob	100644	3ae1f5df36ed0e3e8c308008095956f4a8140ead
mlir/test/Dialect/AMDGPU/resolve-shaped-type-result-dims.mlir	blob	100644	6c7351a8923f38c06a8e6f6a36c112b64eb66d05
mlir/test/Dialect/Affine/SuperVectorize/compose_maps.mlir	blob	100644	d998ed874f416fcc495359bbba4eee60baa700ee
mlir/test/Dialect/Affine/SuperVectorize/invalid-zero-size.mlir	blob	100644	396cc933e25bcf45a3397aedc5a76d979868bccb
mlir/test/Dialect/Affine/SuperVectorize/invalid_type.mlir	blob	100644	65df957a1d40630e1117152e448175d8012dc777
mlir/test/Dialect/Affine/SuperVectorize/transform_op.mlir	blob	100644	5734362ee855feaac7383eac7cf52a7bfd09b723
mlir/test/Dialect/Affine/SuperVectorize/uniform_divergent.mlir	blob	100644	545f2d0813484675e0ce15c089059778279ddeb2
mlir/test/Dialect/Affine/SuperVectorize/vector_utils.mlir	blob	100644	71d8314bb60d8b5c4834afd1ee387fe3e2908431
mlir/test/Dialect/Affine/SuperVectorize/vectorize_1d.mlir	blob	100644	e47c1d186ce40250d61f3c00278da56c9fbb67c1
mlir/test/Dialect/Affine/SuperVectorize/vectorize_2d.mlir	blob	100644	eb5120a49e3d4ba3eb3c1882b823b2621a091654
mlir/test/Dialect/Affine/SuperVectorize/vectorize_2d_inbounds.mlir	blob	100644	49ba1a0c31ee10d5b92d13a991978f2cd6590638
mlir/test/Dialect/Affine/SuperVectorize/vectorize_3d.mlir	blob	100644	17ff2c38c4eb500fe08239f0a7e156b130f8030a
mlir/test/Dialect/Affine/SuperVectorize/vectorize_affine_apply.mlir	blob	100644	08ebea37b159d95a52c157fb4cbab039e85f7566
mlir/test/Dialect/Affine/SuperVectorize/vectorize_inner_loop_dep_bounds.mlir	blob	100644	4c64a481a940a9dc70499d2f973965d21aff0048
mlir/test/Dialect/Affine/SuperVectorize/vectorize_outer_loop_2d.mlir	blob	100644	6b8f03ba9c6b5f6aaecb8f35b537b4e9fdcf6aba
mlir/test/Dialect/Affine/SuperVectorize/vectorize_outer_loop_transpose_2d.mlir	blob	100644	05465d734d0b3e6a0081cfa3d845df3b27fde1fe
mlir/test/Dialect/Affine/SuperVectorize/vectorize_reduction.mlir	blob	100644	9dacc316f10725d920bc8902220a539d291f0347
mlir/test/Dialect/Affine/SuperVectorize/vectorize_reduction_2d.mlir	blob	100644	9377cf61949b983d4b5076b19e508bbacb4b27fb
mlir/test/Dialect/Affine/SuperVectorize/vectorize_transpose_2d.mlir	blob	100644	f1662b78242ed0eb7f17cb1a699f7a93777b0725
mlir/test/Dialect/Affine/SuperVectorize/vectorize_unsupported.mlir	blob	100644	331252bb9fe4b7ea505266566471f9dd341cf726
mlir/test/Dialect/Affine/access-analysis.mlir	blob	100644	789de646a8f9e2aab7bf27ea12470cb30abfa30b
mlir/test/Dialect/Affine/affine-data-copy.mlir	blob	100644	a745271eb9ca80b2b731870ebcd29ea05c81f295
mlir/test/Dialect/Affine/affine-expand-index-ops-as-affine.mlir	blob	100644	d99b2605147c3faf564b5f7f6dbf4498cc8b41fc
mlir/test/Dialect/Affine/affine-expand-index-ops.mlir	blob	100644	f9c4c561e3a10ebfbf66fd147514032ff3373578
mlir/test/Dialect/Affine/affine-loop-invariant-code-motion.mlir	blob	100644	83313f303dbd1d90136ad5a445c428fef6c2a66e
mlir/test/Dialect/Affine/affine-loop-normalize.mlir	blob	100644	879ccd798eba3216bf68837de31863071fa28323
mlir/test/Dialect/Affine/canonicalize.mlir	blob	100644	90216f8dc2b8bd0f416f9579239f989e7504026e
mlir/test/Dialect/Affine/constant-fold.mlir	blob	100644	8bddacc0247513859591b93df7f961886a312148
mlir/test/Dialect/Affine/decompose-affine-ops.mlir	blob	100644	e5db5cd9181d17f12119fcad485bb9e2fe45f11c
mlir/test/Dialect/Affine/dma-generate.mlir	blob	100644	d01bf5d0a780564b85558f13a37cac4165a3531e
mlir/test/Dialect/Affine/dma.mlir	blob	100644	7a15206bff87211479c2828aa9978bf258b27758
mlir/test/Dialect/Affine/fold-memref-alias-ops.mlir	blob	100644	5e3e10753180236355399bae360a75d16b18888d
mlir/test/Dialect/Affine/inlining.mlir	blob	100644	b98d00a4a637834696455af074e13bede07fbdfe
mlir/test/Dialect/Affine/int-range-interface.mlir	blob	100644	ac64ad09ee244d1198ac0f6190756abf445a77b4
mlir/test/Dialect/Affine/invalid-reify-bound-dim.mlir	blob	100644	c2fe61b0b92f9a5bec2de8c38281f572c6e8ea4e
mlir/test/Dialect/Affine/invalid.mlir	blob	100644	3afebfcc07628550ff8ad46f884e48214907dfa3
mlir/test/Dialect/Affine/load-store-invalid.mlir	blob	100644	5e2789321fba89adf64557b18845c32dfdc1fbd5
mlir/test/Dialect/Affine/load-store.mlir	blob	100644	e214a0815746ddde0b896d88bbbc9d6b03e8d6d3
mlir/test/Dialect/Affine/loop-coalescing.mlir	blob	100644	d08d2bf79c781232a6e6c730d26b3cd7be3e9c6e
mlir/test/Dialect/Affine/loop-fusion-2.mlir	blob	100644	b26a539b2f7d5feb8a18fc9106285a89b6c3520c
mlir/test/Dialect/Affine/loop-fusion-3.mlir	blob	100644	70d6c82105543c9ed1bb8749eba4c5fa3904a683
mlir/test/Dialect/Affine/loop-fusion-4.mlir	blob	100644	cf530016c201a04776535b17077d129741010712
mlir/test/Dialect/Affine/loop-fusion-dependence-check.mlir	blob	100644	2c53852a8cec9f290122f082f07a792d5ea7bd58
mlir/test/Dialect/Affine/loop-fusion-inner.mlir	blob	100644	92d1ebf0feddd24d29540e48ba726b230cce4423
mlir/test/Dialect/Affine/loop-fusion-scf-mixed.mlir	blob	100644	cf67b71ff4a549073a13f5efe0a9da7fecb3a8ee
mlir/test/Dialect/Affine/loop-fusion-sibling.mlir	blob	100644	937c855b86b5061287b1a5f7eb874cefa8b36d2d
mlir/test/Dialect/Affine/loop-fusion-slice-computation.mlir	blob	100644	aa79ee26928e29c36740554fc050d4c452b48b64
mlir/test/Dialect/Affine/loop-fusion-utilities.mlir	blob	100644	11435ad2d020316a99ac5781808888a7635945f3
mlir/test/Dialect/Affine/loop-fusion.mlir	blob	100644	1ea42517988c3cdfb06848456953502f3591ed5e
mlir/test/Dialect/Affine/loop-permute.mlir	blob	100644	e38aeb543fceb172c947ffbb276898f0842da72f
mlir/test/Dialect/Affine/loop-tiling-parametric.mlir	blob	100644	c06f3af3431b13747d00d68bc28542b6ba3890d1
mlir/test/Dialect/Affine/loop-tiling-validity.mlir	blob	100644	cf2e12613ab92c5d3c51cd937b956d323b168e2b
mlir/test/Dialect/Affine/loop-tiling.mlir	blob	100644	d2aca48e615aebf17363ca48cc28e597a0ad73be
mlir/test/Dialect/Affine/loop-unswitch.mlir	blob	100644	c94f5515d49eaffff974ec0bb5637a420e2a1f1c
mlir/test/Dialect/Affine/memref-bound-check.mlir	blob	100644	80909abee51d6434e3f7ecc7c00b8cc749c70e1d
mlir/test/Dialect/Affine/memref-dependence-check.mlir	blob	100644	0a96d1ac65e0ae75f1f50999f77af27574e91e54
mlir/test/Dialect/Affine/memref-stride-calculation.mlir	blob	100644	29a5f5e0d5f4402da20800aca4c715dfcbdd3f47
mlir/test/Dialect/Affine/ops.mlir	blob	100644	148c130146f33cd80d1af2d8f3418f15b36bc8ba
mlir/test/Dialect/Affine/parallelize.mlir	blob	100644	bfd1720959861f1d3ce742caac328ffd26c40659
mlir/test/Dialect/Affine/pipeline-data-transfer.mlir	blob	100644	2abf28a7a92497447f9acf9d5cb68eccd90e6f7a
mlir/test/Dialect/Affine/raise-memref.mlir	blob	100644	8dc24d99db3e2c759344339bd78f7fd9d66eaa08
mlir/test/Dialect/Affine/scalrep.mlir	blob	100644	fb6eef941790a6e637e97689f601db61280f0cdd
mlir/test/Dialect/Affine/simplify-min-max-ops.mlir	blob	100644	300486eb1366b7746bf28c9faa62cb0941e9c285
mlir/test/Dialect/Affine/simplify-structures.mlir	blob	100644	653c2cb5216370ac9cc3d9bfe25835d7392b2fca
mlir/test/Dialect/Affine/simplify-with-bounds.mlir	blob	100644	6cf474076f6fab082a13b6cf7924d3a7a009c3aa
mlir/test/Dialect/Affine/slicing-utils.mlir	blob	100644	e1bfeee23d0d22f97a75ea8fdcb55c17340c6261
mlir/test/Dialect/Affine/transform-op-simplify-bounded-affine-ops.mlir	blob	100644	d8e77f6e5538e12757931597448edcb2010625b1
mlir/test/Dialect/Affine/transform-op-simplify-min-max-ops.mlir	blob	100644	aa9bdf2b34eb9eda9fcbc76a09c51db5071f0f61
mlir/test/Dialect/Affine/trip-count.mlir	blob	100644	e28e410fd2112385d66e04dc4c69078f007e8bf1
mlir/test/Dialect/Affine/unroll-jam.mlir	blob	100644	e48f8d45d5637027b755ec6e5ba5f487b5392f5e
mlir/test/Dialect/Affine/unroll.mlir	blob	100644	efdceed7c9a25f8c7e8d4e2876e6d84e9e6deade
mlir/test/Dialect/Affine/value-bounds-op-interface-impl.mlir	blob	100644	beb80229bf857c8122a8840d2642197bf60e26e1
mlir/test/Dialect/Affine/value-bounds-reification.mlir	blob	100644	2e801028057a183cac6b85b49eb06885f9c3f48d
mlir/test/Dialect/Arith/bufferize.mlir	blob	100644	d9d0cde642bef6c851f376209133dc8110d00e54
mlir/test/Dialect/Arith/canonicalize.mlir	blob	100644	89632305fa99d5213a29ea815800dcb24be1d640
mlir/test/Dialect/Arith/constant-fold.mlir	blob	100644	172945fafdaf3f17847e3f0ab72b07f4e57fa45c
mlir/test/Dialect/Arith/emulate-narrow-type.mlir	blob	100644	7120882b0c07c0b483b4b4d884c386b63019864c
mlir/test/Dialect/Arith/emulate-unsupported-floats.mlir	blob	100644	fcd004ac554aa46dc55b4682e976d298a02f6be6
mlir/test/Dialect/Arith/emulate-wide-int-canonicalization.mlir	blob	100644	75fd9eda08782d4863fa67252054abeef1a77fca
mlir/test/Dialect/Arith/emulate-wide-int-unsupported.mlir	blob	100644	30dae88a255d97926a2b2891b8134d35239cf17c
mlir/test/Dialect/Arith/emulate-wide-int-very-wide.mlir	blob	100644	e3c535538e2b3eb62a1f9a45e308cf05e7b0bdee
mlir/test/Dialect/Arith/emulate-wide-int.mlir	blob	100644	695d8fd453fd7557593a7d4b9343823bc5fec0a8
mlir/test/Dialect/Arith/expand-flush-denormals.mlir	blob	100644	69a8e6b789cc134d3a68149091eeeef3185e7634
mlir/test/Dialect/Arith/expand-ops-min-max.mlir	blob	100644	08d374a35fc20110e3f6e124977745ef1a7b9d56
mlir/test/Dialect/Arith/expand-ops.mlir	blob	100644	20f00b82505e7165677b10520489bcd3a567700b
mlir/test/Dialect/Arith/int-range-analysis-convergence.mlir	blob	100644	a932d4b699a89dfcd93a429cde6cee34d26b6bc8
mlir/test/Dialect/Arith/int-range-interface.mlir	blob	100644	dd8240299ef7e6a1fd94dab5c444c6b2d6c17db9
mlir/test/Dialect/Arith/int-range-loop-iter-args.mlir	blob	100644	24801875e257c8799c5924adc5ce55f7c8540f98
mlir/test/Dialect/Arith/int-range-narrowing.mlir	blob	100644	5938f24868cb959b4ef591c9756b335daa3f54c7
mlir/test/Dialect/Arith/int-range-opts-bug-119045.mlir	blob	100644	a2cf72a00e019e3a28b0c1726e7d711c23c99f3f
mlir/test/Dialect/Arith/int-range-opts-crash.mlir	blob	100644	99aa03714edb9c6c9aee60b7346959bed138ab2d
mlir/test/Dialect/Arith/int-range-opts.mlir	blob	100644	0cfbdf3e33c93156f8ecb1f7a4f869d06af5dad2
mlir/test/Dialect/Arith/invalid.mlir	blob	100644	49f55e855663d5c202cd91eded056eff24bc4fc1
mlir/test/Dialect/Arith/one-shot-bufferize-memory-space-invalid.mlir	blob	100644	3a6f3ce050e5158de30470d794e5d9e655a75811
mlir/test/Dialect/Arith/one-shot-bufferize.mlir	blob	100644	f6bdca7f4d9e56173729458992a60b06acdea922
mlir/test/Dialect/Arith/ops.mlir	blob	100644	76aef203a64fb1a2d96c7cf546e6237cd3bf5951
mlir/test/Dialect/Arith/shard-partition.mlir	blob	100644	833d371439bb5f17222de50eee0c301046caa15a
mlir/test/Dialect/Arith/sharding-propagation.mlir	blob	100644	762620d9dae0c8adb3a6efedb700b1df45c3062b
mlir/test/Dialect/Arith/test-emulate-wide-int-pass.mlir	blob	100644	9209e26d896fdc1eac5a2db2081e2cf36279562c
mlir/test/Dialect/Arith/unsigned-when-equivalent.mlir	blob	100644	0ea69de8b8f9af391388c24c483a8791b4656ab1
mlir/test/Dialect/Arith/value-bounds-op-interface-impl.mlir	blob	100644	ceb8256003b1eceb6d959d4b53376d7e8eeb6afa
mlir/test/Dialect/Arith/vscale_constants.mlir	blob	100644	324766f49980f444a0377f6351ab53022ddb5a50
mlir/test/Dialect/ArmNeon/invalid.mlir	blob	100644	00d489b63919132df1c9f8d5a3aaace8c926a1a7
mlir/test/Dialect/ArmNeon/lower-to-arm-neon.mlir	blob	100644	a8799028217dff88e3544248e1fce223f1890dd6
mlir/test/Dialect/ArmNeon/roundtrip.mlir	blob	100644	60133ce0fa6f363708798788c30548d7b5e9a892
mlir/test/Dialect/ArmNeon/vector-bfmmla.mlir	blob	100644	229c4e5b2dc3a93655cb91adbb8c5ae31bac1183
mlir/test/Dialect/ArmSME/basic-tile-allocation.mlir	blob	100644	8b46998d56b044c0be31a3ac9667abae31f96b21
mlir/test/Dialect/ArmSME/canonicalize.mlir	blob	100644	643dfd4a7cbd98d865465c674a819d6ef0322d11
mlir/test/Dialect/ArmSME/enable-arm-streaming-invalid.mlir	blob	100644	4e92f814c0ec83a9ad30d9d83b21f589d874739d
mlir/test/Dialect/ArmSME/enable-arm-streaming.mlir	blob	100644	087cc98edbdd69df514e386a76f2a200a3c55ec1
mlir/test/Dialect/ArmSME/enable-arm-za.mlir	blob	100644	71155594e4b7c791155c4518a9e6d69232fb5052
mlir/test/Dialect/ArmSME/invalid.mlir	blob	100644	f00945e18cc1f855480df71c9bc7a3d99d3acff5
mlir/test/Dialect/ArmSME/outer-product-fusion.mlir	blob	100644	90005517835764c965f7618032be45611ee2257b
mlir/test/Dialect/ArmSME/roundtrip.mlir	blob	100644	c326895aad698e49f91d9e1f50a498d39a7e042a
mlir/test/Dialect/ArmSME/tile-allocation-copies.mlir	blob	100644	2327f74e7a5f9318dffbd97391ec3396a9ee1adb
mlir/test/Dialect/ArmSME/tile-allocation-invalid.mlir	blob	100644	6b5e44365bf584dbf6a800334ffa64a5c5ec30f0
mlir/test/Dialect/ArmSME/tile-allocation-liveness.mlir	blob	100644	0b739feaf019d763a9bf05fc86415a5242ded758
mlir/test/Dialect/ArmSME/tile-allocation-nested-regions.mlir	blob	100644	782f392e7a21e577ca661c2d92efc81033366972
mlir/test/Dialect/ArmSME/tile-allocation-spills-with-mixed-tile-types.mlir	blob	100644	752e6b61b083485d832e8cba39c08c22b0709f5c
mlir/test/Dialect/ArmSME/tile-zero-masks.mlir	blob	100644	02128ed87318042c227c9fcdac185296cf47faf4
mlir/test/Dialect/ArmSME/vector-legalization.mlir	blob	100644	a31417f106a9604130a0fc898d1212e165d12082
mlir/test/Dialect/ArmSVE/invalid.mlir	blob	100644	1d2529be0560b7e20c204a612ebd166191b98272
mlir/test/Dialect/ArmSVE/legalize-for-llvm.mlir	blob	100644	8c658db009adf393d554c9e33196c3ebedb409bf
mlir/test/Dialect/ArmSVE/legalize-transfer-read.mlir	blob	100644	49bd2eddbdedd957521bdfb45dea95a2aafa5257
mlir/test/Dialect/ArmSVE/legalize-vector-storage.mlir	blob	100644	9a3df8376f1212a91c295183cb0b613b7d655cb5
mlir/test/Dialect/ArmSVE/roundtrip.mlir	blob	100644	b7b9329f1cb5a61b9c5dd38d683d6d060b76b5cf
mlir/test/Dialect/Async/async-parallel-for-async-dispatch.mlir	blob	100644	3f412ecd0c8f9b4cd4e476f4ce83e5fa07b95e1d
mlir/test/Dialect/Async/async-parallel-for-canonicalize.mlir	blob	100644	77b87ba91ce0b6d7d5dff2f4b4e8b3ee2575cad5
mlir/test/Dialect/Async/async-parallel-for-compute-fn.mlir	blob	100644	6f068c0e8d74cc77c11794c8420bb47212957acf
mlir/test/Dialect/Async/async-parallel-for-num-worker-threads.mlir	blob	100644	9f80cd8e74441a87cb986496bbf2ab9d915bce74
mlir/test/Dialect/Async/async-parallel-for-seq-dispatch.mlir	blob	100644	bfb01ca9efa86dd70557419406fad7683daffcb7
mlir/test/Dialect/Async/async-runtime-policy-based-ref-counting.mlir	blob	100644	d0afaf71decbf23512ee19967844fe731cb5a911
mlir/test/Dialect/Async/async-runtime-ref-counting-opt.mlir	blob	100644	622cdc88bbb2ef34289deac70eed059b0c895410
mlir/test/Dialect/Async/async-runtime-ref-counting.mlir	blob	100644	397de5e1d03a2c31cbc9daf33016479342d68227
mlir/test/Dialect/Async/async-to-async-runtime.mlir	blob	100644	c7734aa0445192e93c01e1c05f42ecd6276f4728
mlir/test/Dialect/Async/canonicalize.mlir	blob	100644	1a74eaa344e1695907408478679e38e48e082900
mlir/test/Dialect/Async/coro.mlir	blob	100644	d5413099a08880a9be8ca340abef0648c38b1a81
mlir/test/Dialect/Async/ops.mlir	blob	100644	36f40d5d074ffd419edf1a5c1004d7e6e6ca03e4
mlir/test/Dialect/Async/runtime.mlir	blob	100644	0ed7ff524909effa4299b8968471fdbf205e569c
mlir/test/Dialect/Async/verify.mlir	blob	100644	69387a77d9695f849b1a0caee3a078a7e744eef3
mlir/test/Dialect/Bufferization/Transforms/OwnershipBasedBufferDeallocation/dealloc-branchop-interface.mlir	blob	100644	3ce87f2fead216e042078ffa99e58b5b4b50504e
mlir/test/Dialect/Bufferization/Transforms/OwnershipBasedBufferDeallocation/dealloc-callop-interface.mlir	blob	100644	a77442dfe40e5b9bdfc4532f5282887d9aadf3aa
mlir/test/Dialect/Bufferization/Transforms/OwnershipBasedBufferDeallocation/dealloc-existing-deallocs.mlir	blob	100644	7a41ed205703139dddb3ce05692aaf6948199605
mlir/test/Dialect/Bufferization/Transforms/OwnershipBasedBufferDeallocation/dealloc-function-boundaries.mlir	blob	100644	a7735aa8ce11b584649c58219e66ced1d05299cf
mlir/test/Dialect/Bufferization/Transforms/OwnershipBasedBufferDeallocation/dealloc-helper-function-invalid.mlir	blob	100644	d22fc7d9b74e9e269593b87ad2c5676e8e6c2d62
mlir/test/Dialect/Bufferization/Transforms/OwnershipBasedBufferDeallocation/dealloc-helper-function.mlir	blob	100644	eaf6625c838c0fcf015d0de71080efa8c35121ea
mlir/test/Dialect/Bufferization/Transforms/OwnershipBasedBufferDeallocation/dealloc-loops.mlir	blob	100644	53b28c3aab6fd8814236deaebd178d54bc61c2f3
mlir/test/Dialect/Bufferization/Transforms/OwnershipBasedBufferDeallocation/dealloc-memoryeffect-interface.mlir	blob	100644	e8bb0c0f2eff630dc1704dede43f375142751b0f
mlir/test/Dialect/Bufferization/Transforms/OwnershipBasedBufferDeallocation/dealloc-other.mlir	blob	100644	2204c6fae50d0f5f45c54c0cfedf8a1cc780114c
mlir/test/Dialect/Bufferization/Transforms/OwnershipBasedBufferDeallocation/dealloc-region-branchop-interface.mlir	blob	100644	423fc4730b137e7c54c66836c24fe57887caf08a
mlir/test/Dialect/Bufferization/Transforms/OwnershipBasedBufferDeallocation/dealloc-subviews.mlir	blob	100644	35523319de1548e06e085ea019206e1125b912fc
mlir/test/Dialect/Bufferization/Transforms/OwnershipBasedBufferDeallocation/invalid-buffer-deallocation.mlir	blob	100644	c623891e48362fa424a652142f59d3acf4d65ec6
mlir/test/Dialect/Bufferization/Transforms/OwnershipBasedBufferDeallocation/misc-other.mlir	blob	100644	f57e3473d9452f21a913a34291c7d32ede727876
mlir/test/Dialect/Bufferization/Transforms/buffer-deallocation-simplification.mlir	blob	100644	3acc09d23b59ef86532818eafcbb709744593f9b
mlir/test/Dialect/Bufferization/Transforms/buffer-hoisting.mlir	blob	100644	4c07df951e2806869698b481dd97114ce8b29cb1
mlir/test/Dialect/Bufferization/Transforms/buffer-loop-hoisting.mlir	blob	100644	ee7571b2c846690c54ba2f22b26b61675f9d7864
mlir/test/Dialect/Bufferization/Transforms/drop-equivalent-buffer-results.mlir	blob	100644	b20188af43bf534d9b386277e294ef5ee3f678c3
mlir/test/Dialect/Bufferization/Transforms/lower-deallocations-func.mlir	blob	100644	3de3a6a693cfb2df8a26f72c66c4a63d1ac83258
mlir/test/Dialect/Bufferization/Transforms/lower-deallocations.mlir	blob	100644	edffcbdd0ba7d6267ce57e133ff2f1b3efcea1f4
mlir/test/Dialect/Bufferization/Transforms/one-shot-bufferize-allow-return-allocs.mlir	blob	100644	4c7683ec211e47605ef3c6590e0ed36d2748fef7
mlir/test/Dialect/Bufferization/Transforms/one-shot-bufferize-analysis-bottom-up-from-terminators.mlir	blob	100644	1b75edc4c157fc61d204656fd446cf36e7270044
mlir/test/Dialect/Bufferization/Transforms/one-shot-bufferize-analysis-empty-tensor-elimination.mlir	blob	100644	9150986f4c2a2a6cf2d17d68408c2fcf1d9643b2
mlir/test/Dialect/Bufferization/Transforms/one-shot-bufferize-analysis.mlir	blob	100644	4bbe75e1fe8ac46e33440cf6d25201f6c493c559
mlir/test/Dialect/Bufferization/Transforms/one-shot-bufferize-compat.mlir	blob	100644	b693c563859cc6d97b2c295d67587f64cfba493d
mlir/test/Dialect/Bufferization/Transforms/one-shot-bufferize-empty-tensor-elimination.mlir	blob	100644	3929f5be3b4ef9b3916aae8f1d0b15db876e57e5
mlir/test/Dialect/Bufferization/Transforms/one-shot-bufferize-encodings.mlir	blob	100644	e97777c3e3d137a61a5ab9feaafd383ee32b57d4
mlir/test/Dialect/Bufferization/Transforms/one-shot-bufferize-memory-space-invalid.mlir	blob	100644	5feeab0bc89ca82e0ddace2c07aa889ecbac3a3c
mlir/test/Dialect/Bufferization/Transforms/one-shot-bufferize-partial.mlir	blob	100644	908c760d9a0cd7c9a2dd3b6e21cd3961dbe26b00
mlir/test/Dialect/Bufferization/Transforms/one-shot-bufferize-pass-statistics.mlir	blob	100644	1d0c73156a19f7d9b75999768a9881b17cf5d2ee
mlir/test/Dialect/Bufferization/Transforms/one-shot-bufferize.mlir	blob	100644	4cb08b68fffa07570782f27c923d1897f0e3fd27
mlir/test/Dialect/Bufferization/Transforms/one-shot-module-bufferize-allow-return-allocs.mlir	blob	100644	21b508ee1dfc3df5402a57aad46e33128e1f7a48
mlir/test/Dialect/Bufferization/Transforms/one-shot-module-bufferize-analysis.mlir	blob	100644	c947407c63e74929c0dc937b8cd18ea3b200725a
mlir/test/Dialect/Bufferization/Transforms/one-shot-module-bufferize-call-copy-before-write.mlir	blob	100644	7addca2c9d6a532fe14bc564c74be70d1e80daaf
mlir/test/Dialect/Bufferization/Transforms/one-shot-module-bufferize-force-copy-before-write.mlir	blob	100644	3fb89aa1a00210a1a0538b072b2de0360c93851a
mlir/test/Dialect/Bufferization/Transforms/one-shot-module-bufferize-invalid.mlir	blob	100644	948739eface6a32516e0b5dfbcae569510d57b2d
mlir/test/Dialect/Bufferization/Transforms/one-shot-module-bufferize-out-params.mlir	blob	100644	75e9a8926ad15d3c5a6b97ac0c304708c733c585
mlir/test/Dialect/Bufferization/Transforms/one-shot-module-bufferize.mlir	blob	100644	fee3c23367d9c9a3af622a7793a19e8bb4766a76
mlir/test/Dialect/Bufferization/Transforms/one-shot-non-module-bufferize.mlir	blob	100644	09fdf8231b7cc75f9b8ed64e1bfdac9a1a7a8eef
mlir/test/Dialect/Bufferization/Transforms/optimize-allocation-liveness.mlir	blob	100644	63d33e3a88bedef207f40431cfe8994cbf95bdfe
mlir/test/Dialect/Bufferization/Transforms/static-memory-planner-analysis.mlir	blob	100644	5bf7b27133504738d2a21186587908e7f8f12444
mlir/test/Dialect/Bufferization/Transforms/static-memory-planner-arena-arg.mlir	blob	100644	1ad7e1a008e205d2283d9fd795c6d85f8ce43676
mlir/test/Dialect/Bufferization/Transforms/static-memory-planner-best-fit.mlir	blob	100644	6c261880140a5d5946ea75be8ad99b3222de9255
mlir/test/Dialect/Bufferization/Transforms/static-memory-planner-errors.mlir	blob	100644	cf7388cbe98c1c9b56e4175afe0decd5cd5b665a
mlir/test/Dialect/Bufferization/Transforms/tensor-copy-insertion-memory-space-invalid.mlir	blob	100644	b9ea67b1b7e5a4189a98ee1733a8db07fbe6cf16
mlir/test/Dialect/Bufferization/Transforms/tensor-copy-insertion-memory-space.mlir	blob	100644	78bd7adec3671d7a1855e94ca23cce6e01e8810c
mlir/test/Dialect/Bufferization/Transforms/tensor-copy-insertion.mlir	blob	100644	55dcca193cbe4955e9b76bed39a4fbc7c164592b
mlir/test/Dialect/Bufferization/Transforms/tensorlike-bufferlike.mlir	blob	100644	d8b1a00522ab6d0b5cc413c683b3e88198025ae6
mlir/test/Dialect/Bufferization/Transforms/test-one-shot-module-bufferize.mlir	blob	100644	ccc60d42ca23a58925effedd2ee3f942cfc95e24
mlir/test/Dialect/Bufferization/Transforms/transform-ops.mlir	blob	100644	5e9ccc9c190749c689ad12c09f024ffa029ab847
mlir/test/Dialect/Bufferization/canonicalize.mlir	blob	100644	ab3d8df892bc140ea231111b714bc0ab5e8ad0fa
mlir/test/Dialect/Bufferization/inlining.mlir	blob	100644	de5fe3bd4a029c71dfd3d870f26b0983ee913670
mlir/test/Dialect/Bufferization/invalid.mlir	blob	100644	f3368b9108d65a19cd2a87f2d8445f4378c63e3f
mlir/test/Dialect/Bufferization/ops.mlir	blob	100644	b0db1bb2d0389e9d4db2bc8d4d78870e8fb7b8e3
mlir/test/Dialect/Bufferization/shard-partition.mlir	blob	100644	720753227d99be50da0673d0b74f6bea16668626
mlir/test/Dialect/Bufferization/side-effects.mlir	blob	100644	129fc8b32c2706d74c824fbea0b3b853c65d155c
mlir/test/Dialect/Builtin/Bytecode/attrs.mlir	blob	100644	7dedfbdff10a71a1463ebddc59b98f207c8f1f0e
mlir/test/Dialect/Builtin/Bytecode/builtin_fixed.mlir	blob	100644	d42703543527779ce5a432a5992214ac22ea8ed1
mlir/test/Dialect/Builtin/Bytecode/builtin_fixed_0.mlirbc	blob	100644	95be4de8fd1ab202b51658ce69f8037276dd74e8
mlir/test/Dialect/Builtin/Bytecode/types.mlir	blob	100644	e1d4a18a33c73967da21e0f9cac19c2a8b8dbe11
mlir/test/Dialect/Builtin/canonicalize.mlir	blob	100644	2e36b7ee371c32283de0aac4874e4acdbbd9effc
mlir/test/Dialect/Builtin/invalid.mlir	blob	100644	74fffff86a584032cdd65629c4b32a3327f44e71
mlir/test/Dialect/Builtin/ops.mlir	blob	100644	4e8b1f7efde2385ff1f1b3caf343bbb26d30e7d8
mlir/test/Dialect/Builtin/types.mlir	blob	100644	80840ec32424e5b7a1cc47f84dc1efa3c43e085b
mlir/test/Dialect/Complex/attribute.mlir	blob	100644	070d942fd87e2bfe224f84dbf58f759c785a37e2
mlir/test/Dialect/Complex/canonicalize.mlir	blob	100644	3afe226dca03026ae94bb890146bd1e5911a0da3
mlir/test/Dialect/Complex/invalid.mlir	blob	100644	ba6995b727bc22cb0008a1d7f7686a80a260ceeb
mlir/test/Dialect/Complex/ops.mlir	blob	100644	96f17b2898c834e4dc9ef91356fa703c18d12ca0
mlir/test/Dialect/Complex/powi-simplify.mlir	blob	100644	c7bb6a9d81479127647dd069c1a8f6d8c8224977
mlir/test/Dialect/ControlFlow/canonicalize.mlir	blob	100644	c8cf5931a1297c0505503c525b2f1e9e5629f9a7
mlir/test/Dialect/ControlFlow/invalid.mlir	blob	100644	0a71c62ec31af06fff9bc308483d624a369499e7
mlir/test/Dialect/ControlFlow/one-shot-bufferize-analysis.mlir	blob	100644	bc8ac8d559aa4848c3befb380ddc1939ec91b0e2
mlir/test/Dialect/ControlFlow/one-shot-bufferize-invalid.mlir	blob	100644	e13ce690d30e925391fb71cd125b3949c0e61d1f
mlir/test/Dialect/ControlFlow/one-shot-bufferize.mlir	blob	100644	d2c026613d7dd1c76cb3bb395721fa6208039309
mlir/test/Dialect/ControlFlow/ops.mlir	blob	100644	160534240e0fa672a4b02fb29a493cc815274dee
mlir/test/Dialect/ControlFlow/value-bounds-op-interface-impl.mlir	blob	100644	e391967c7f91fa1e189bddbd44c07ff5a65a18c2
mlir/test/Dialect/DLTI/invalid.mlir	blob	100644	2436e4f7484f5a2fe3690c67d2c2ffd30a29b031
mlir/test/Dialect/DLTI/query.mlir	blob	100644	3825cee6f16164c76e34ddd36b724a070e59e30a
mlir/test/Dialect/DLTI/roundtrip.mlir	blob	100644	361c8bee78e1e4abbcc09e3be7acbdb9c571dd82
mlir/test/Dialect/DLTI/valid.mlir	blob	100644	4c24e80041003b72fa719caa3bda0d7eb33b1d88
mlir/test/Dialect/EmitC/arith/ops.mlir	blob	100644	16e6508bb3bec604a71c703028725a167784d0a9
mlir/test/Dialect/EmitC/attrs.mlir	blob	100644	cc01673c3803c7c198b788efd47b6bb0f87071db
mlir/test/Dialect/EmitC/canonicalize.mlir	blob	100644	29d2fd157229d134cdaf63bcc76986f37a6afa08
mlir/test/Dialect/EmitC/form-expressions.mlir	blob	100644	b233766b65a1c014fe8202868ed86381e8730206
mlir/test/Dialect/EmitC/invalid_ops.mlir	blob	100644	889138a22ede3736a08866608b7a21df53367903
mlir/test/Dialect/EmitC/invalid_types.mlir	blob	100644	f3f998ef56e0f035c954cecca516c63b9ac28673
mlir/test/Dialect/EmitC/math/ops.mlir	blob	100644	759e05b111edcf173c3d11607b5ec0019f40143a
mlir/test/Dialect/EmitC/member_call_opaque.mlir	blob	100644	5971d7826b27049c0dee3b03b89300064f8bcdf4
mlir/test/Dialect/EmitC/mlgo-add-reflection-map.mlir	blob	100644	5fe768953f050912c8376dd8902169cc87b406d8
mlir/test/Dialect/EmitC/ops.mlir	blob	100644	3261b2fa467da0a23ccb6310a17523e2422b351e
mlir/test/Dialect/EmitC/types.mlir	blob	100644	ce1e03a83e5d149ad04c9eee25a8fdd16a357ba6
mlir/test/Dialect/EmitC/wrap-func-in-class-static-name.mlir	blob	100644	d33f133a4e06ed92eb609618f53156b1e503b7b7
mlir/test/Dialect/EmitC/wrap-func-in-class.mlir	blob	100644	91010689e1e65935ccf0b9664192f96cd4b750bb
mlir/test/Dialect/Func/duplicate-function-elimination.mlir	blob	100644	b6588b39c5a87a9ef79b796aad02c71bae5a1b79
mlir/test/Dialect/Func/func-transform-invalid.mlir	blob	100644	29bd58ab52742e2d8a9dad69a40e498d22bf6bae
mlir/test/Dialect/Func/func-transform.mlir	blob	100644	8a71511e3ed5bdbff81c4170c64da97deafae42d
mlir/test/Dialect/Func/invalid.mlir	blob	100644	3143bda77ebba1083ca04b5b46043c03046ba0fa
mlir/test/Dialect/GPU/all-reduce-add.mlir	blob	100644	bca9ea3f50bd54f383c8893c5e6ff0bd46ff192b
mlir/test/Dialect/GPU/all-reduce-maxf.mlir	blob	100644	9c32249b2230f28ad1f134aa62ef5965a32f3c85
mlir/test/Dialect/GPU/async-region.mlir	blob	100644	00832c45de1146e0a6226228a433e7f2979ef19f
mlir/test/Dialect/GPU/barrier-elimination.mlir	blob	100644	dd134c150d746dad3b7bf623ee8fe8ee2ea4d376
mlir/test/Dialect/GPU/broadcast-speculatability.mlir	blob	100644	7062ce4e6f46f0b721e86e7eed01ef2f94fa9451
mlir/test/Dialect/GPU/bufferization-buffer-deallocation.mlir	blob	100644	57260c86efca2acf4397e65cb23faedcfa71eda0
mlir/test/Dialect/GPU/canonicalize.mlir	blob	100644	9943c8b3a572efb79b8e55bb56e328276bbc90f0
mlir/test/Dialect/GPU/constant-address-space.mlir	blob	100644	9dcef61dead82f4db57488f89f3427d783b478c3
mlir/test/Dialect/GPU/decompose-memrefs.mlir	blob	100644	1a1922194845170ed3623c369f85ad0c8ed70718
mlir/test/Dialect/GPU/dynamic-shared-memory.mlir	blob	100644	810f7d2c3ebda6eeced66f5c3e3d49df4e2feb0e
mlir/test/Dialect/GPU/fold-memref-alias-ops.mlir	blob	100644	f5ff5e29681f4b0ec66fb0854937dd5fa89ea2e4
mlir/test/Dialect/GPU/globalId-rewrite.mlir	blob	100644	d7d080a0093aaad612ed764082df62a57ce2606c
mlir/test/Dialect/GPU/indirect-device-func-call.mlir	blob	100644	85805da3ac10e15eef83eb8ee551b2f27b73e1c8
mlir/test/Dialect/GPU/int-range-interface-cluster.mlir	blob	100644	ff8ddd147ee91472e12791954be1f6332d40730e
mlir/test/Dialect/GPU/int-range-interface.mlir	blob	100644	628b668a659694144a22f670f6501602e5f50260
mlir/test/Dialect/GPU/invalid.mlir	blob	100644	f91923d5fe50364087e644b011a86a49da45f46f
mlir/test/Dialect/GPU/mapping.mlir	blob	100644	b313ab69cc00187fbe298fbfa3d3dc51131d29e3
mlir/test/Dialect/GPU/memref-to-llvm.mlir	blob	100644	81a96bf29e84f50ed41378709bff3bc614f4e2c5
mlir/test/Dialect/GPU/module-to-binary-invalid-format.mlir	blob	100644	57df49ab597f63691ca13b4e4096e40fa5ae0b48
mlir/test/Dialect/GPU/module-to-binary-invalid.mlir	blob	100644	7043c4fe49e1a6a29b2b6ba1bd646588fb44ac53
mlir/test/Dialect/GPU/module-to-binary-nvvm.mlir	blob	100644	dee680208bdf03286d4b47d242456f17f01c1493
mlir/test/Dialect/GPU/module-to-binary-rocdl.mlir	blob	100644	7c3223d4b99703e71490ec5635a948fcfdefd3f0
mlir/test/Dialect/GPU/module-to-binary-spirv.mlir	blob	100644	d62f439279801740bfab7584316324a0db49670b
mlir/test/Dialect/GPU/multiple-all-reduce.mlir	blob	100644	4153bfb7339b25e2f5876cdf24aaf501e9cdc4a3
mlir/test/Dialect/GPU/named-barrier.mlir	blob	100644	6aef0648d16f727701830e77d6af9345b7f1e67d
mlir/test/Dialect/GPU/nvvm-attach-target.mlir	blob	100644	f5febc7166d43416e09fbe53fb8856664b53a169
mlir/test/Dialect/GPU/ops.mlir	blob	100644	cf496fef1fca82dbec54fc6444128e9e85e53aa7
mlir/test/Dialect/GPU/outlining.mlir	blob	100644	f708561bc2f019735240ef5926f7715dec98a16b
mlir/test/Dialect/GPU/promote-shuffle-amdgpu.mlir	blob	100644	747c997a3b441b2f04a90ccff69e407dec664fc5
mlir/test/Dialect/GPU/promotion.mlir	blob	100644	2da1be597753bfd0e1fb35f8ae28d7976f0beccf
mlir/test/Dialect/GPU/shuffle-rewrite.mlir	blob	100644	5492ebee915cd72ee8fe862399c43ad07c6196e0
mlir/test/Dialect/GPU/sink-ops.mlir	blob	100644	8f5924f2e32655fbcdc84c8d69ad494a297cfcdc
mlir/test/Dialect/GPU/sparse-roundtrip.mlir	blob	100644	b88492433ba02e119b1032362cb9768cf6d6e614
mlir/test/Dialect/GPU/spirv-attach-targets.mlir	blob	100644	766a1bae8abc2391054d108aadd0466ddcc7b937
mlir/test/Dialect/GPU/subgroup-mma-vector-unroll.mlir	blob	100644	8b0a62e9c638743dc20ae461e91a93e5f0d91b02
mlir/test/Dialect/GPU/subgroup-reduce-lowering.mlir	blob	100644	1adc4181e05d3c1561c2d3f5afa32425834599cc
mlir/test/Dialect/GPU/subgroupId-rewrite.mlir	blob	100644	5fec8e55550e4e33f19175dd22d6df2ca3c74af7
mlir/test/Dialect/GPU/test-nvvm-pipeline.mlir	blob	100644	f02b26dba97d595e75ee7c413d7caa22807fe1f8
mlir/test/Dialect/GPU/transform-gpu-failing.mlir	blob	100644	98f20f0d507659384d446f0a4054d35265730529
mlir/test/Dialect/GPU/transform-gpu.mlir	blob	100644	7e4a02109227a40f1d3d642f4412169b5b876299
mlir/test/Dialect/GPU/value-bounds-op-interface-impl.mlir	blob	100644	d6a2e17e197045885e648f5b16acb988411a7983
mlir/test/Dialect/IRDL/attributes-op.irdl.mlir	blob	100644	89a059803a86fdcb863643fdf45ade041ebe25ac
mlir/test/Dialect/IRDL/cmath.irdl.mlir	blob	100644	1d6286ef5a4c1d2358f8848332545f5e4727a704
mlir/test/Dialect/IRDL/cpred.irdl.mlir	blob	100644	c0ce2b9023c30a2736177f84b7b8cc4516da85e6
mlir/test/Dialect/IRDL/cyclic-types.irdl.mlir	blob	100644	7c0b94e675a11a1d826df224d2d2c35b9c0146b8
mlir/test/Dialect/IRDL/cyclic-types.mlir	blob	100644	56dc2d61787b6f779bd934a82b3e3d18d0ecd6b7
mlir/test/Dialect/IRDL/invalid.irdl.mlir	blob	100644	4ff7445c80de89da6034e4e9f9064a95097d6ac0
mlir/test/Dialect/IRDL/invalid_names.irdl.mlir	blob	100644	20729e836866b855a0e274436985795a079f3967
mlir/test/Dialect/IRDL/regions-ops.irdl.mlir	blob	100644	e5f884c99e5f4b994e2b97d1726ee74ee6a0740d
mlir/test/Dialect/IRDL/test-cmath.mlir	blob	100644	b7370c4fae730c44505672d7111fd851910a5cd2
mlir/test/Dialect/IRDL/test-type.irdl.mlir	blob	100644	1d471a673d8d4a11bfd8ea8168b886f675651d2a
mlir/test/Dialect/IRDL/test-type.mlir	blob	100644	9f79ebe4ba03854bf4a1ec883641712e64e3bc46
mlir/test/Dialect/IRDL/testd.irdl.mlir	blob	100644	45156db867fcbcbdb215f75cf16c28f8965291e3
mlir/test/Dialect/IRDL/testd.mlir	blob	100644	333bb96eb2e60fe80d1d476641ac5f97dc712b79
mlir/test/Dialect/IRDL/variadics-error.irdl.mlir	blob	100644	3e29dd837916b0ed4ce0390c97598be5a87a8d34
mlir/test/Dialect/IRDL/variadics.irdl.mlir	blob	100644	5118320f6d2e8049ee4e7f2bd0e962dcff412594
mlir/test/Dialect/IRDL/variadics.mlir	blob	100644	873f2488bfd0dd78959b9b243d99967cf81b4a88
mlir/test/Dialect/Index/index-canonicalize.mlir	blob	100644	45da6ea57d796e476e90872ff543389ed5c9af5e
mlir/test/Dialect/Index/index-errors.mlir	blob	100644	b32eb6a87179249c350889c7395ae7f4105b5d32
mlir/test/Dialect/Index/index-ops.mlir	blob	100644	ee5577811c04f9e848d433a5f1b7181328298bb2
mlir/test/Dialect/Index/inliner-interface.mlir	blob	100644	4c3d106a4fa6779da62f856e4b23cd0177f8d41c
mlir/test/Dialect/Index/int-range-inference.mlir	blob	100644	951624d573a6469b45b63e22738fae08daa052b4
mlir/test/Dialect/LLVM/lower-to-llvm-e2e-with-target-tag.mlir	blob	100644	835ae01ffa8c17015767436af5411722077669b8
mlir/test/Dialect/LLVM/lower-to-llvm-e2e-with-top-level-named-sequence.mlir	blob	100644	864ebb2155740f08045b15830aa46249de0aa535
mlir/test/Dialect/LLVM/lower-to-llvm-transform-symbol-def.mlir	blob	100644	46fba4a517927848201e0fd6c85af23e7b812966
mlir/test/Dialect/LLVM/transform-e2e.mlir	blob	100644	bf7eba6e501745ae309696f9442476437715d630
mlir/test/Dialect/LLVMIR/add-debuginfo-func-scope.mlir	blob	100644	e75e0392d894fd8a85a469d801f774ba283eae4c
mlir/test/Dialect/LLVMIR/add-linkonce-comdat.mlir	blob	100644	01ebd6650496a87bcfafd0974f5c41453b6a2144
mlir/test/Dialect/LLVMIR/alias.mlir	blob	100644	32c795113a035b91fd5e15a23c064fb2c47afa55
mlir/test/Dialect/LLVMIR/attach-targets.mlir	blob	100644	eabea4c2bdab545c5e35f5a053376ab5fb2de7cc
mlir/test/Dialect/LLVMIR/block-merge-successor-operand-types.mlir	blob	100644	41313d16b76c4ba6bd7c57a7654bc454c79d7f6d
mlir/test/Dialect/LLVMIR/blockaddress-canonicalize.mlir	blob	100644	241a2ea2edc66a236f5c7266968083453c861f42
mlir/test/Dialect/LLVMIR/bytecode.mlir	blob	100644	02409c8adab94f0217f161ea561b5ec02c15805b
mlir/test/Dialect/LLVMIR/call-intrin.mlir	blob	100644	7a12e09eb6480fd40a3f4cc08a0fe35cd60b0a29
mlir/test/Dialect/LLVMIR/call-location.mlir	blob	100644	4a98c9e8d720ade44e048b517fef335abbd78e45
mlir/test/Dialect/LLVMIR/call-param.mlir	blob	100644	f64c233c47625c53cc69020b9c16d8e640c5438f
mlir/test/Dialect/LLVMIR/callgraph.mlir	blob	100644	5be0bc6252624e3cd8bb0151bbd9d48deb40cb4b
mlir/test/Dialect/LLVMIR/calling-conventions.mlir	blob	100644	153dfa18b4419c4578607f97da0504a723c900dc
mlir/test/Dialect/LLVMIR/canonicalize.mlir	blob	100644	11e28d52355cda2b0c9fbc4446428b2fd05fe11e
mlir/test/Dialect/LLVMIR/comdat.mlir	blob	100644	234ab0463fd7b65f61a2fa1cd582f2f17cf4286e
mlir/test/Dialect/LLVMIR/constant-folding.mlir	blob	100644	0616f19b8fddb445532547f334a704bfabffe448
mlir/test/Dialect/LLVMIR/cse-nvvm.mlir	blob	100644	8d24c3846f178c3eb0ea71097263510fd80cc9ed
mlir/test/Dialect/LLVMIR/debuginfo.mlir	blob	100644	020f3b3b0ee7a547c8ee2573941c782c1c5111cf
mlir/test/Dialect/LLVMIR/dereferenceable-invalid.mlir	blob	100644	f2129b7b00d02d2c47ef525d7957afbc200472ab
mlir/test/Dialect/LLVMIR/di-expression-legalization.mlir	blob	100644	800c3548e5ad5ef56d4bfa70422d7976cfd91620
mlir/test/Dialect/LLVMIR/dynamic-gep-index.mlir	blob	100644	be0ce2f068284e783d6d74801a008cafb5c2da11
mlir/test/Dialect/LLVMIR/func.mlir	blob	100644	8af1e52485425827b92ea15eac890667720dedc3
mlir/test/Dialect/LLVMIR/global.mlir	blob	100644	2e6459386389e106e25a142b8b68f8222b62442a
mlir/test/Dialect/LLVMIR/ifunc.mlir	blob	100644	33e21bab0d51b5fdbcad3726a90cf983ab4cc841
mlir/test/Dialect/LLVMIR/indirectbr.mlir	blob	100644	63bdfea0c30953e4fc152756b787cc1b4a7326e6
mlir/test/Dialect/LLVMIR/inline-byval-huge.mlir	blob	100644	ef39b96b27366171c7f327528dd1b904292c8fb3
mlir/test/Dialect/LLVMIR/inlining-alias-scopes.mlir	blob	100644	6b369c50121050fa9a4ed09ac053569cdcc729c4
mlir/test/Dialect/LLVMIR/inlining-debuginfo.mlir	blob	100644	97a9f9f0a3d06f69eb1ab0d2796e561c84dbcecb
mlir/test/Dialect/LLVMIR/inlining-loop-annotation.mlir	blob	100644	e218c151400c7ece31374aae6c16427f2dddb9a6
mlir/test/Dialect/LLVMIR/inlining-nvvm.mlir	blob	100644	6dc8ebb4315082132f012156235af09d37472b7a
mlir/test/Dialect/LLVMIR/inlining-rocdl.mlir	blob	100644	7fd97ef168e5b44b05f5f1fb7a96c4376050a95c
mlir/test/Dialect/LLVMIR/inlining.mlir	blob	100644	85cae992f01de837b23e1f49e567e9bcc146244d
mlir/test/Dialect/LLVMIR/invalid-call-location.mlir	blob	100644	38b4ed9f6e83dc18134abefceee44573b49c226f
mlir/test/Dialect/LLVMIR/invalid-cg-profile.mlir	blob	100644	bdc98ed30a06b2c727e2f710a1fe58863bdac33c
mlir/test/Dialect/LLVMIR/invalid.mlir	blob	100644	6265f67e594d0a3695233e4f2379f7c79b743b89
mlir/test/Dialect/LLVMIR/layout.mlir	blob	100644	c650ca3bc1a88a378e9ecdc760210de1ae50b34c
mlir/test/Dialect/LLVMIR/legalize-for-export.mlir	blob	100644	7b4557d47bde2f5b5b724a6d059ca8212399c786
mlir/test/Dialect/LLVMIR/loop-metadata.mlir	blob	100644	6b4c3217d5c72df44649d2b7c331a4f7e0cad6e8
mlir/test/Dialect/LLVMIR/mem2reg-dbginfo.mlir	blob	100644	cf979ee786861e55e9a26b9554952215a4f338cd
mlir/test/Dialect/LLVMIR/mem2reg-intrinsics.mlir	blob	100644	37c2f525a9dcb64e3e644c364f29d5bb034acae2
mlir/test/Dialect/LLVMIR/mem2reg.mlir	blob	100644	5f1029625b9b4ee28e875ba609cf7a9e528be18d
mlir/test/Dialect/LLVMIR/mmra.mlir	blob	100644	95da9666d053cf33e1b484dea64c8d52f6667426
mlir/test/Dialect/LLVMIR/module-roundtrip.mlir	blob	100644	aa1f99a76ce5d8ceb4598d54cf5fa319572432f1
mlir/test/Dialect/LLVMIR/nvvm-canonicalize.mlir	blob	100644	fe9afd840bab2f74751be81e4f02905e0f1c6ece
mlir/test/Dialect/LLVMIR/nvvm-mma-blockscale.mlir	blob	100644	0785e5b124b4555206eacfd436d77e3f61f89ef0
mlir/test/Dialect/LLVMIR/nvvm-mma-sp-kind.mlir	blob	100644	9236fbbaa6022d37faee968f1a4681fd32b71875
mlir/test/Dialect/LLVMIR/nvvm-mma-sp-ordered.mlir	blob	100644	3fc9643a39ae57f227007e46791003b2beff9463
mlir/test/Dialect/LLVMIR/nvvm-mma-sp.mlir	blob	100644	84aaa750981d455be2ba67ff0569207f933f54da
mlir/test/Dialect/LLVMIR/nvvm-mma-sparse-blockscale.mlir	blob	100644	c29a906b49eed92bbd390bed277f83374ccec0ac
mlir/test/Dialect/LLVMIR/nvvm-target-invalid.mlir	blob	100644	0f20e66dd201929eae5d4f8099ba340e5b3ea2f5
mlir/test/Dialect/LLVMIR/nvvm-test-range.mlir	blob	100644	68a3b72653b05529aeea67dde243b47a1a34f17f
mlir/test/Dialect/LLVMIR/nvvm-transcendentals.mlir	blob	100644	eaaedd335d3d22ed928e8c370f597928fdd8b4cf
mlir/test/Dialect/LLVMIR/nvvm.mlir	blob	100644	ae3d18ec468121a93a3fea4e4d9e3dc497a54f5e
mlir/test/Dialect/LLVMIR/nvvm/invalid-convert-stochastic-rounding.mlir	blob	100644	3e763a036f2d332c4f38d342dce435fe33ded0d0
mlir/test/Dialect/LLVMIR/nvvm_check_target_sm.mlir	blob	100644	34f7f5b87e72b2d4b186d7849e80aeafe9631a6d
mlir/test/Dialect/LLVMIR/nvvm_check_target_sm_trait.mlir	blob	100644	686b9671fb4eeac2d43ee82c2116e5a5139feae3
mlir/test/Dialect/LLVMIR/opaque-ptr.mlir	blob	100644	82c3e5bf2e2dbb97c7a6a28fb503c74ba646c9e9
mlir/test/Dialect/LLVMIR/optimize-for-nvvm.mlir	blob	100644	b98d2e08b75486336bf5b381e97d9197d2d1ffa6
mlir/test/Dialect/LLVMIR/parameter-attrs-invalid.mlir	blob	100644	1cf561ac6c6a59f42ba533f110a64115bd5e2b2f
mlir/test/Dialect/LLVMIR/ptr.mlir	blob	100644	3c208ae9d3211390dd5e4eba268038ba5b6ea25c
mlir/test/Dialect/LLVMIR/range-attr.mlir	blob	100644	5f2b67609743b3fbfe1d2410ac03af6b5153b378
mlir/test/Dialect/LLVMIR/request-c-wrappers.mlir	blob	100644	efc0a797220b7baae60e28304b40913644ad0be2
mlir/test/Dialect/LLVMIR/rocdl-cache-policy-invalid.mlir	blob	100644	354d1ef661b6e982b2bb88009a6a61b5bfb545bc
mlir/test/Dialect/LLVMIR/rocdl.mlir	blob	100644	addb03600afc48f66e8d1774e73c46a0facebbee
mlir/test/Dialect/LLVMIR/roundtrip.mlir	blob	100644	0f268cf6a5fe7a50e291e0bb3839b41addbc6411
mlir/test/Dialect/LLVMIR/sroa-intrinsics.mlir	blob	100644	3253077a76077e3eb8d4471e3bbb80e4f806fb7a
mlir/test/Dialect/LLVMIR/sroa-statistics.mlir	blob	100644	2905e8745ae02972491fee3cd3dd383b896dec79
mlir/test/Dialect/LLVMIR/sroa.mlir	blob	100644	b019e66d5a430c20ebb13fbc57035875205ccf2a
mlir/test/Dialect/LLVMIR/tail-call-kinds.mlir	blob	100644	73a6aa2f91cbaaf2546d4c69fadcd49628bf916f
mlir/test/Dialect/LLVMIR/tbaa-invalid.mlir	blob	100644	5a58e2098675be195adeea84bc9015a4fa69b6bb
mlir/test/Dialect/LLVMIR/tbaa-roundtrip.mlir	blob	100644	472ae609004c005662952b8f5a80b7db114b2b9d
mlir/test/Dialect/LLVMIR/terminator.mlir	blob	100644	86b70735d3efa9a8511b8962a20f99c881275b28
mlir/test/Dialect/LLVMIR/types-invalid.mlir	blob	100644	76a7259883e8fefdfe8f363a3b1c59120aa5f356
mlir/test/Dialect/LLVMIR/types.mlir	blob	100644	ddea95b3979bd27d93b37063f67683804e301f7f
mlir/test/Dialect/LLVMIR/use-default-visibility.mlir	blob	100644	112c465b5514a468930a45116b813327b5745381
mlir/test/Dialect/LLVMIR/xevm.mlir	blob	100644	fbce5355611d4671f392669c4996ee313046f5a3
mlir/test/Dialect/Linalg/affine.mlir	blob	100644	624909f4fee7380bc1c26b0695f05d8e610a4ba2
mlir/test/Dialect/Linalg/block-pack-matmul-layout.mlir	blob	100644	2f30e8b9d01e723de2d846388b67bbc75450c1f4
mlir/test/Dialect/Linalg/block-pack-matmul-padding.mlir	blob	100644	e667879ceea0e9bb579dc337221860bec53f4bdc
mlir/test/Dialect/Linalg/block-pack-matmul-scalable.mlir	blob	100644	ed0a7b0006eca5cd5747040d502b253657188487
mlir/test/Dialect/Linalg/block-pack-matmul.mlir	blob	100644	e16af1f6da0e336447332ee20b38fd75467a5229
mlir/test/Dialect/Linalg/bubble-up-extract-slice-op.mlir	blob	100644	4bf81820f0e80582bf6feba936709410255e48e1
mlir/test/Dialect/Linalg/bufferize.mlir	blob	100644	7b1af139f0f3e1ad7a68d2c7517e8befead2ec43
mlir/test/Dialect/Linalg/canonicalize.mlir	blob	100644	bb11ce0d4dfb863ee1f99650878d2c53614b7a72
mlir/test/Dialect/Linalg/collapse-dim.mlir	blob	100644	61c4234c301f8f620a4678a05645fb18a7ea9ade
mlir/test/Dialect/Linalg/constant-fold.mlir	blob	100644	3929c26a3382f42e5e96538e06e6a2b7d19543f3
mlir/test/Dialect/Linalg/continuous-tiling-full.mlir	blob	100644	e02aa0c4db44af2b983adb6cd273806cf101137b
mlir/test/Dialect/Linalg/continuous-tiling-multiway-split.mlir	blob	100644	12fe8a2a2b6b5c609d71a815af90248c04f2294a
mlir/test/Dialect/Linalg/conv-interface-invalid.mlir	blob	100644	e7d6dd9004b86146dad04ddc575437fe61f7a059
mlir/test/Dialect/Linalg/convert-conv2d-to-img2col.mlir	blob	100644	22a06451b0693884397087452b7e8bd1048ee889
mlir/test/Dialect/Linalg/convert-elementwise-to-linalg.mlir	blob	100644	cc7a5469ba73bb86f062b1665fc546f86e2b7c5b
mlir/test/Dialect/Linalg/convolution/roundtrip-convolution.mlir	blob	100644	1c4106cb75b1c88a394e877788a83055e94886c7
mlir/test/Dialect/Linalg/data-layout-propagation.mlir	blob	100644	af6f70637d65725e544763ceb4eedb3dd73703e7
mlir/test/Dialect/Linalg/decompose-generic-by-unfolding-projected-permutation.mlir	blob	100644	38e406a13ec08782252faa0cef9acf7b7212695f
mlir/test/Dialect/Linalg/decompose-ops.mlir	blob	100644	d5be02976a6632a1779755fb692d6797e0450c23
mlir/test/Dialect/Linalg/decompose-pack-tile.mlir	blob	100644	72fde5490a305eacc300f243d635a5c11b95cc2d
mlir/test/Dialect/Linalg/decompose-pack.mlir	blob	100644	12292ee573ceefb0021f00686870af7f5fe657df
mlir/test/Dialect/Linalg/decompose-pad-tensor.mlir	blob	100644	184361dfb30dfd25d0cd3421489e9017ff29105e
mlir/test/Dialect/Linalg/decompose-unpack-tile.mlir	blob	100644	03437223f0d45d2afeb0936d469831c3f4de2cb8
mlir/test/Dialect/Linalg/decompose-unpack.mlir	blob	100644	a53dde8d3dd05ea8f08c2813d7c5c6c33ae576e2
mlir/test/Dialect/Linalg/drop-unit-extent-dims.mlir	blob	100644	841d0e5f565125f6789a22ccc2686e2a6af200f7
mlir/test/Dialect/Linalg/elementwise/fold.mlir	blob	100644	3a0bec37d9463ec5366160a0f1fb14c2dd9c1fc9
mlir/test/Dialect/Linalg/elementwise/generalize-named-ops.mlir	blob	100644	e884858c016f4e217b2b8d9eb33c8c075345756c
mlir/test/Dialect/Linalg/elementwise/invalid.mlir	blob	100644	fe03519ae94b85d57a55e9527a41850ada436236
mlir/test/Dialect/Linalg/elementwise/named-to-elementwise.mlir	blob	100644	2332b287ace8d5172b6730ee8cee0024fa0a026c
mlir/test/Dialect/Linalg/elementwise/roundtrip.mlir	blob	100644	20ebdd992b5a12ef5eda625531e6ac40faba8bbe
mlir/test/Dialect/Linalg/erase-unused-operands-and-results.mlir	blob	100644	dea3c22be0015fa3aa1d3ec854529bac4ab51c31
mlir/test/Dialect/Linalg/fill-custom-scalar-type.mlir	blob	100644	a90867ab28977ed15ad47dfe05ba6d612a136d0a
mlir/test/Dialect/Linalg/fill-interface-invalid.mlir	blob	100644	0c96680a91b8526a6a65521e96304955c77be430
mlir/test/Dialect/Linalg/flatten-elementwise.mlir	blob	100644	ca06062f61840966281767639c1ba1716b2a8a06
mlir/test/Dialect/Linalg/flatten-unsupported.mlir	blob	100644	492211a5e5141dacb411621042b5d58eafd5e7b5
mlir/test/Dialect/Linalg/fold-add-into-dest.mlir	blob	100644	51a255fcc199b5b2b612a2cb77088955de8582cc
mlir/test/Dialect/Linalg/fold-empty-op.mlir	blob	100644	5ce19d709131836a7534486f531d9e21fec4fe9d
mlir/test/Dialect/Linalg/forward-vector-transfers.mlir	blob	100644	35307705807823743e253c7a8f3b0892267a809c
mlir/test/Dialect/Linalg/fuse-with-reshape-by-collapsing.mlir	blob	100644	77c7d7d69a77d90cff623848cb2f0aa00bc372c2
mlir/test/Dialect/Linalg/fusion-elementwise-ops.mlir	blob	100644	4f0d4bb0d8f5dc8c531449de0c22fe44be6dfc9f
mlir/test/Dialect/Linalg/fusion-elementwise-options.mlir	blob	100644	f11c58bb8ba8538523e6d76347b2518ce1c1e1de
mlir/test/Dialect/Linalg/fusion-elementwise.mlir	blob	100644	bd9977f1410b91a5289d2219e689e8c67c5b8988
mlir/test/Dialect/Linalg/fusion-multiuse-producer.mlir	blob	100644	ca788839a49275892bf1eb064f50b2bbb82f1952
mlir/test/Dialect/Linalg/fusion-push-reshape.mlir	blob	100644	fd3c3217225086283aff229c83b217903aa6f9a4
mlir/test/Dialect/Linalg/generalize-named-ops.mlir	blob	100644	e346bee901f1df5e48da7fcf83df05ec324cb817
mlir/test/Dialect/Linalg/generalize-named-polymorphic-ops.mlir	blob	100644	4526dc90fad2edeeabf94b13f19fe6f1093bb84b
mlir/test/Dialect/Linalg/hoisting.mlir	blob	100644	aa0b97a4787fa1068934d30631cf914f6cc24db8
mlir/test/Dialect/Linalg/inline-scalar-operands.mlir	blob	100644	8384b307d2dfbdb8b53081e52aa2a6f760d7e28a
mlir/test/Dialect/Linalg/inlining.mlir	blob	100644	660f59d186eabe35e20303f09a49c9773e88584c
mlir/test/Dialect/Linalg/invalid.mlir	blob	100644	a5ec1fcc588807a7aaf05fc5da803a6d4098164c
mlir/test/Dialect/Linalg/library-calls.mlir	blob	100644	77c9d4a911447be9af771b7b1f3a7248aaf63981
mlir/test/Dialect/Linalg/linalg-morph-category-ops.mlir	blob	100644	246902389bb9e5be7222563fd76aac8a7dfd4ccb
mlir/test/Dialect/Linalg/linalg-morph-elementwise-to-named.mlir	blob	100644	82365f5de8f9256d70e3bc78c77238fe59f46e78
mlir/test/Dialect/Linalg/linalg-morph-multi-step.mlir	blob	100644	0a0ddbcd85a0ab33079e0961b602c3562ff4842f
mlir/test/Dialect/Linalg/lit.local.cfg	blob	100644	62743008a3e3a6e0394aa9af24db6f3a13290b07
mlir/test/Dialect/Linalg/loops.mlir	blob	100644	efe8010cffc9168d6f2d01b159a94988ae4b80c9
mlir/test/Dialect/Linalg/match-ops-interpreter.mlir	blob	100644	66cae5cfd923df7d41ab9c5ffeed0bf36070be21
mlir/test/Dialect/Linalg/match-ops-invalid.mlir	blob	100644	9ff430a35036063e2bec013ddbfe3b94e492dd7d
mlir/test/Dialect/Linalg/match-ops.mlir	blob	100644	7d15a101446ec7d5fe4c00ede32d50e1e1c752d4
mlir/test/Dialect/Linalg/matmul-shared-memory-padding.mlir	blob	100644	6cab25b50460dd0709257a844fa29006d00f3f2a
mlir/test/Dialect/Linalg/multisize-tiling-full.mlir	blob	100644	af041db9eeffbf52bc1d95f284d3693d1db4010c
mlir/test/Dialect/Linalg/named-ops-fail.mlir	blob	100644	bf9c1b705f1576df1b272b1362841c986b34e122
mlir/test/Dialect/Linalg/named-ops.mlir	blob	100644	8068c23a4a0fd5e054eef3c1112b8dbecfd983b9
mlir/test/Dialect/Linalg/one-shot-bufferize-analysis-2fill-extract-matmul-all-perms.mlir	blob	100644	8e11adc5938d19fce6b720752fa04e50a1dd06be
mlir/test/Dialect/Linalg/one-shot-bufferize-analysis.mlir	blob	100644	a0922bdfcfbe4ba2d8140f4c845f9e671b5d66d3
mlir/test/Dialect/Linalg/one-shot-bufferize-empty-tensor-elimination.mlir	blob	100644	761b75d8183732160b79c1e15c9c1af5e0a72cdc
mlir/test/Dialect/Linalg/one-shot-bufferize.mlir	blob	100644	85cc1ffc2029e6cdaf48fead8d4f9c121be89a20
mlir/test/Dialect/Linalg/pad-to-specific-memory-space.mlir	blob	100644	9f52cf8aa862ab52af2a251b500f634c7a34bce5
mlir/test/Dialect/Linalg/pad_fusion.mlir	blob	100644	56951b365b299def3ece0d72cdfa59f0e98122e4
mlir/test/Dialect/Linalg/parallel-loops.mlir	blob	100644	c04f27608d44526aa2bb4f336fd90dc28c1b5c86
mlir/test/Dialect/Linalg/promote.mlir	blob	100644	bab606c3a816946d1902ef1797b59c12069fca3d
mlir/test/Dialect/Linalg/promotion_options.mlir	blob	100644	dbc073c2665f9f902ede0850d0b3f961a5e41562
mlir/test/Dialect/Linalg/rank-reduce-contraction-ops.mlir	blob	100644	704576de41960e56b227efb23a8addf5dc68d5bb
mlir/test/Dialect/Linalg/reshape_control_fusion.mlir	blob	100644	0f0337a3604e00dd3807a3a5195606b33f9521ea
mlir/test/Dialect/Linalg/reshape_fusion.mlir	blob	100644	3fb722506998300cfe973a14dcc2284db0303eb7
mlir/test/Dialect/Linalg/resolve-shaped-type-result-dims.mlir	blob	100644	7fbb123d4e16b5b3931c5cbafc1bedc877939e6f
mlir/test/Dialect/Linalg/roundtrip-broadcast.mlir	blob	100644	d6915ec8fbbf6f4714e5f5302901a7df79245df3
mlir/test/Dialect/Linalg/roundtrip-morphism-linalg-category-ops.mlir	blob	100644	b9d7db6227816599744726314d5bf6502247b275
mlir/test/Dialect/Linalg/roundtrip-morphism-linalg-named-ops.mlir	blob	100644	3ea6f9982748427dba69306925f4cf04ae2bb37a
mlir/test/Dialect/Linalg/roundtrip-transpose.mlir	blob	100644	21b7b348f1c7f8c7c6ab8f4090698e2c19a9a1b0
mlir/test/Dialect/Linalg/roundtrip.mlir	blob	100644	2ad69d654ab99de9d4ee3a9b9ccf66ad3b27d0f5
mlir/test/Dialect/Linalg/runtime-verification.mlir	blob	100644	287f0e081da51fad635c3a4478da3b008cd90504
mlir/test/Dialect/Linalg/scalable-pack-consumer-fusion.mlir	blob	100644	de619d1fb9aa4ce627a6bbedbfc8329ff44662a7
mlir/test/Dialect/Linalg/scalable-pack-producer-fusion.mlir	blob	100644	12544b04d8478f5ca68d80686b15f763454ea54f
mlir/test/Dialect/Linalg/scalable-pack-tiling.mlir	blob	100644	bc1e98fbc91c7ce5f8280343c750f57e9d21981b
mlir/test/Dialect/Linalg/scalable-unpack-consumer-fusion.mlir	blob	100644	f0605d36780ba5dcf0552496dd1e62d667ca4635
mlir/test/Dialect/Linalg/scalable-unpack-producer-fusion.mlir	blob	100644	96dc4937176fc910c9598f9db9dd0af708dd58fb
mlir/test/Dialect/Linalg/scalable-unpack-tiling.mlir	blob	100644	57bbc3af7949902004f10dcc262dc274f362beb2
mlir/test/Dialect/Linalg/shard-partition.mlir	blob	100644	b3ee6f8111f91f9986a7a69af7bf216f9cd738fc
mlir/test/Dialect/Linalg/sharding-propagation.mlir	blob	100644	e0ecefcf2d6bd717b6b91fdd767cf0bdd35f0edc
mlir/test/Dialect/Linalg/simplify-depthwise-conv.mlir	blob	100644	70e68e787242e0e1cd9f30243fd2c8db94da7c49
mlir/test/Dialect/Linalg/simplify-pack-unpack.mlir	blob	100644	f4f3cb233d45ec08f9c833e15894d46d43fee734
mlir/test/Dialect/Linalg/specialize-generic-ops-fail.mlir	blob	100644	f0792d7a696def3c076b0415d53593a7c14936f5
mlir/test/Dialect/Linalg/specialize-generic-ops.mlir	blob	100644	31b19439672820be3ce39825132913a5dbbb5082
mlir/test/Dialect/Linalg/standard.mlir	blob	100644	f50016f9ea477f77700cbae5767c39c6f3ee07df
mlir/test/Dialect/Linalg/subtensor-of-padtensor.mlir	blob	100644	6a056bab98807f919155424c757af7aa3da23cd3
mlir/test/Dialect/Linalg/swap-extract-slice-with-fill.mlir	blob	100644	030930162871424aaf91ca4b35d74441e400751c
mlir/test/Dialect/Linalg/td/decompose-pack.mlir	blob	100644	32054134266c744e5831fc09867c40dd0a451656
mlir/test/Dialect/Linalg/td/decompose-unpack.mlir	blob	100644	f5b8403af5e5800d0399516a3ff313a897e10d27
mlir/test/Dialect/Linalg/td/propagate-data-layout.mlir	blob	100644	5167cbe0f1f2ea2a198d672cfed1b80324f0ea62
mlir/test/Dialect/Linalg/td/vectorize-with-patterns.mlir	blob	100644	f8d1a50d7430df3869d867fa78ba68abc9442e55
mlir/test/Dialect/Linalg/test-drop-unit-dims.mlir	blob	100644	f24d37d7c6da035b8ad19f0ead20162ab127ca49
mlir/test/Dialect/Linalg/tile-and-fuse-tensors.mlir	blob	100644	94708701b9ad309b4881fc3c3645f97fdefe67e4
mlir/test/Dialect/Linalg/tile-conv.mlir	blob	100644	f674996e42f3335a051f1797d6b88087b58decf7
mlir/test/Dialect/Linalg/tile-indexed.mlir	blob	100644	d96a251b01ccb396017018ea7c3b44114f6235e7
mlir/test/Dialect/Linalg/tile-offset.mlir	blob	100644	41763dd688c1e9abf3eb7523ddc38cd2e088a9cf
mlir/test/Dialect/Linalg/tile-semi-affine-maps.mlir	blob	100644	555fc9206194da512c4abf0823fc0508535421cd
mlir/test/Dialect/Linalg/tile-softmax.mlir	blob	100644	7d201b58a8c3dfa3ff75fc71d3a2a1e1804c07f0
mlir/test/Dialect/Linalg/tile-tensors.mlir	blob	100644	557233d8aa3ec46965468a2c94a2eb40824c17a9
mlir/test/Dialect/Linalg/tile-to-forall.mlir	blob	100644	f0ba58c55e11f80f25e4db042c3279c71d4c9763
mlir/test/Dialect/Linalg/transform-lower-pack.mlir	blob	100644	8f5a810ff428fd365a5e726790fd81e616eb902b
mlir/test/Dialect/Linalg/transform-op-bufferize-to-allocation.mlir	blob	100644	15a0a94079b2e59b24ce8a798623aa77a754a91a
mlir/test/Dialect/Linalg/transform-op-compose-masked-vectorize-and-cleanups.mlir	blob	100644	61fe3da34e1d55e46cfb8dbb7c4e342f8f7b7af9
mlir/test/Dialect/Linalg/transform-op-decompose.mlir	blob	100644	3897f8502bb04efda441710557dfa7fb7ff9858d
mlir/test/Dialect/Linalg/transform-op-fuse-into-containing.mlir	blob	100644	ab38f9f2f59438b0c3a67b2d0e8443522b3447f8
mlir/test/Dialect/Linalg/transform-op-fuse.mlir	blob	100644	a9e3f0673617458126bfbe7ccb35869fcf07e9f2
mlir/test/Dialect/Linalg/transform-op-generalize.mlir	blob	100644	331c9c0fbbfd5e8411e6231b03a76f8e15c65af2
mlir/test/Dialect/Linalg/transform-op-gpu-map-copy-to-threads.mlir	blob	100644	ac8e2c9f575705d6c8e04deeadae1ec0a04459cb
mlir/test/Dialect/Linalg/transform-op-hoist-pad-build-packing-loop-nest.mlir	blob	100644	a6943cf338d42acf242741eae7fdf86485add25f
mlir/test/Dialect/Linalg/transform-op-hoist-pad.mlir	blob	100644	e075ff57666b0ce5418e8ffb155757c1da4eed33
mlir/test/Dialect/Linalg/transform-op-insert-slice-to-copy.mlir	blob	100644	8894f06334abc11a247cae992d0c4cf0112aa698
mlir/test/Dialect/Linalg/transform-op-interchange.mlir	blob	100644	1b49abe98999888352968404a4b1019c632bedf1
mlir/test/Dialect/Linalg/transform-op-linalg-copy-to-memref.mlir	blob	100644	7280ccbea2563e3d00f8c31e8ff5fba7cd8c41b3
mlir/test/Dialect/Linalg/transform-op-match.mlir	blob	100644	fd9d2aae3a9a7fbd7b919343f34b3c878eec0ea0
mlir/test/Dialect/Linalg/transform-op-matmul-to-outerproduct.mlir	blob	100644	a1a0c413da0c1c13b08fd036823b3566fd2c0b56
mlir/test/Dialect/Linalg/transform-op-multitile-sizes.mlir	blob	100644	e58ba94c7b1dd0014fa22c5d35d09102f7bbb6b9
mlir/test/Dialect/Linalg/transform-op-pack.mlir	blob	100644	13a07cc38e10bf43fc459ac77c7054ee53131de7
mlir/test/Dialect/Linalg/transform-op-pad-tiling-interface-multiple-of.mlir	blob	100644	981f5dc37c859dea79f51d9e92b68e116f5e5d52
mlir/test/Dialect/Linalg/transform-op-pad-tiling-interface.mlir	blob	100644	9a3dcf0b485d5cccaee826a6b46c2e0997cb5bf8
mlir/test/Dialect/Linalg/transform-op-pad.mlir	blob	100644	51bf4a23406d47ef3a3ffac29de8ab70a1492539
mlir/test/Dialect/Linalg/transform-op-peel-and-vectorize-conv.mlir	blob	100644	4660cc75a1940fd58ac41a001a0479f24ea513e2
mlir/test/Dialect/Linalg/transform-op-peel-and-vectorize.mlir	blob	100644	05a032b1ece062d0a6924b9535d4b4933fa3cb46
mlir/test/Dialect/Linalg/transform-op-replace.mlir	blob	100644	1a40912977dec293d87a22f3a9a6468f50835f64
mlir/test/Dialect/Linalg/transform-op-rewrite-in-destination-passing-style.mlir	blob	100644	38be8aad98de783659d0a0eab7eb511f199d8006
mlir/test/Dialect/Linalg/transform-op-scalarize.mlir	blob	100644	91949f58931a92446ef73439d53dbf6329868f64
mlir/test/Dialect/Linalg/transform-op-specialize-elemwise-binary.mlir	blob	100644	0f444a2d6a71bd0b43cd2fb5e814fe24ff64aa77
mlir/test/Dialect/Linalg/transform-op-specialize-elemwise-unary.mlir	blob	100644	3a2c7c996528760ef04af4d7c130c8c76297d9c3
mlir/test/Dialect/Linalg/transform-op-specialize-matmul.mlir	blob	100644	a7764da4b8a6688c88295767a1842a0033e9cc7b
mlir/test/Dialect/Linalg/transform-op-specialize.mlir	blob	100644	8ede2e0add10ba919e79505b987ea83408659bda
mlir/test/Dialect/Linalg/transform-op-split-reduction-by-scaling.mlir	blob	100644	bc5fffbdca44bcfd154fe89081abeafcdf0d26a9
mlir/test/Dialect/Linalg/transform-op-split-reduction.mlir	blob	100644	9849f36285b160df6ceb67f30474c8ef38730c44
mlir/test/Dialect/Linalg/transform-op-split.mlir	blob	100644	7f0ef401c8422b464cf89af4a662c19109aac366
mlir/test/Dialect/Linalg/transform-op-tile-pack-unpack.mlir	blob	100644	456a5ea453963d5ddd5c58d9dd692e53038062ea
mlir/test/Dialect/Linalg/transform-op-tile.mlir	blob	100644	3e442f311a8066bf3f0bdc046e2bbf42c9feea0c
mlir/test/Dialect/Linalg/transform-op-vectorize.mlir	blob	100644	0d59dbba8940d4f0541569b2c6b6e566ed183894
mlir/test/Dialect/Linalg/transform-ops-invalid.mlir	blob	100644	5a6e0cc62b95c9081f2e2ab8fefe79bdd92539d7
mlir/test/Dialect/Linalg/transform-ops.mlir	blob	100644	c92f29b441f725a57db65f915bf78cc0336fd311
mlir/test/Dialect/Linalg/transform-pack-greedily.mlir	blob	100644	5812c4db88247fe2cfb86fa33cf283f6eb6744f3
mlir/test/Dialect/Linalg/transform-patterns.mlir	blob	100644	176e55e3e6c4aae89c88d34116a724e8c9af88b5
mlir/test/Dialect/Linalg/transform-promotion.mlir	blob	100644	7c4cd623c742dd51ec0528b60cd71b0fa499a27a
mlir/test/Dialect/Linalg/transform-tile-and-fuse-pack-unpack.mlir	blob	100644	dc4d2e434c0db5e802959c318c5e5934f65b7c7d
mlir/test/Dialect/Linalg/transform-tile-and-fuse.mlir	blob	100644	49596f63b648a19b2a0403fc36c6eaedafb26e0c
mlir/test/Dialect/Linalg/transform-tile-and-winograd-rewrite.mlir	blob	100644	445ded4bfcafbb0310a782511685afed8f806d39
mlir/test/Dialect/Linalg/transform-tile-reduction.mlir	blob	100644	25af6796d1f63ac4c436fe14489639da8d062c20
mlir/test/Dialect/Linalg/transform-tile-winograd.mlir	blob	100644	beb8d0b12573843908f11af815a7757476eb3911
mlir/test/Dialect/Linalg/transform-winograd-conv2d.mlir	blob	100644	e0ead54c956fc4f0ab08feab98c5337eb272dd2e
mlir/test/Dialect/Linalg/transpose-conv2d.mlir	blob	100644	409c36778ab7b5d69e91faad89bee6e36f6cc5ab
mlir/test/Dialect/Linalg/transpose-matmul-a.mlir	blob	100644	b1f33cfa56327e71ad99f8c556ab36b686c34df3
mlir/test/Dialect/Linalg/transpose-matmul-b.mlir	blob	100644	41e64c04dc6e59c50362761157c9f204491e0e20
mlir/test/Dialect/Linalg/transpose-matmul.mlir	blob	100644	4ee87fb11d527d29976abf84cf798b6424587256
mlir/test/Dialect/Linalg/value-bounds-op-interface-impl.mlir	blob	100644	bcd330443cc449c448a4bb26883ec4e74977561e
mlir/test/Dialect/Linalg/vectorization/contraction-interface.mlir	blob	100644	d8f897cca958d96acc4705276673ac9c31621de4
mlir/test/Dialect/Linalg/vectorization/convolution-with-patterns-flatten.mlir	blob	100644	4198c1341c6fd689829aa06fe2d02bef7d4b5399
mlir/test/Dialect/Linalg/vectorization/convolution-with-patterns.mlir	blob	100644	97b27befd44e2a621411bcb59c298b2a02d191e2
mlir/test/Dialect/Linalg/vectorization/convolution.mlir	blob	100644	4f01e77039158bcd964f574ec4b79ecba8714235
mlir/test/Dialect/Linalg/vectorization/extract-with-patterns.mlir	blob	100644	e04a3f1a83d35fb0da3a812ec91fdc66af076fc8
mlir/test/Dialect/Linalg/vectorization/extract.mlir	blob	100644	fc0a11ef9810e8bac731786cb2a4132dd1bdb305
mlir/test/Dialect/Linalg/vectorization/insert-slice-with-patterns.mlir	blob	100644	f7764be9be73f450da466a82cb773b540b13cdf3
mlir/test/Dialect/Linalg/vectorization/insert-slice.mlir	blob	100644	91ceea3b394c3fd62e00abb499cf003365666fac
mlir/test/Dialect/Linalg/vectorization/linalg-ops-with-patterns.mlir	blob	100644	95959fcf085fc790f3c3f7b0569f90f64bb846f6
mlir/test/Dialect/Linalg/vectorization/linalg-ops.mlir	blob	100644	a5d94bc4f581c349d885387286605828c75e755f
mlir/test/Dialect/Linalg/vectorization/pad-patterns.mlir	blob	100644	65c30e052f4b2d0728e4ad9b92fa09d433a57074
mlir/test/Dialect/Linalg/vectorization/pad-with-patterns.mlir	blob	100644	4086d5458313ea82fd14852372dd97ecf91b4ba5
mlir/test/Dialect/Linalg/vectorization/pad.mlir	blob	100644	6bbb7abb4f8a82668ac044f521cd51489817ee87
mlir/test/Dialect/Linalg/vectorization/unsupported.mlir	blob	100644	59d51e432b743e5f1079068bbbb89431d05e7adf
mlir/test/Dialect/Linalg/winograd-conv2d-rewrite.mlir	blob	100644	8465e553166f102130c03c0587df659c2909bdc9
mlir/test/Dialect/Linalg/winograd-conv2d.mlir	blob	100644	e80fa6b4af94479c69f9f4367ab0a680b63a5e4e
mlir/test/Dialect/MLProgram/attrs.mlir	blob	100644	8e3c06ae10f7b90dcc500e5a0d7b2f955274e74f
mlir/test/Dialect/MLProgram/inlining.mlir	blob	100644	ac3677e1b9288217e5632378f35c6928d4d69dee
mlir/test/Dialect/MLProgram/invalid.mlir	blob	100644	79725a9bfbe186ed3785c2c63cf4a4e38c213a7e
mlir/test/Dialect/MLProgram/one-shot-bufferize.mlir	blob	100644	d0eb2606ec7f9bf2b7f241e8ee3f609d4a1f6c48
mlir/test/Dialect/MLProgram/ops.mlir	blob	100644	9a48497a3efc847037a80cc8f741e61a6ddec69f
mlir/test/Dialect/MLProgram/pipeline-globals.mlir	blob	100644	a7b52efe08ca39fb728337cd940246a2f4e917bc
mlir/test/Dialect/MPI/canonicalize.mlir	blob	100644	3523d46e212196eb9cc000f9d42d49024f431899
mlir/test/Dialect/MPI/mpiops.mlir	blob	100644	ee979d33c699d264f07bd01fe5755c499b403b60
mlir/test/Dialect/Math/algebraic-simplification.mlir	blob	100644	7342600748967cf8e5ab33ecf8b522836a252498
mlir/test/Dialect/Math/canonicalize.mlir	blob	100644	a73a15f34e5779308b1b1fdb36b81c4305c615df
mlir/test/Dialect/Math/canonicalize_ipowi.mlir	blob	100644	681209276ad6b58f66e0d70d9c69c3401d667d66
mlir/test/Dialect/Math/depends-on-arith.mlir	blob	100644	1f88258a349c8318e1e09a024aef029970d5880d
mlir/test/Dialect/Math/expand-math.mlir	blob	100644	84b0bb0aa314ae4bc1a79d15aa91ccfedc3c9aee
mlir/test/Dialect/Math/extend-to-supported-types-f16.mlir	blob	100644	3674a91ef425f8fbc487d0cbd784e270e1ac5064
mlir/test/Dialect/Math/extend-to-supported-types.mlir	blob	100644	ad7169d4cf4ae50f769db86b61ee903dc061f731
mlir/test/Dialect/Math/ops.mlir	blob	100644	b33f3d1eeea97d7347dfa5a097652019516ddba3
mlir/test/Dialect/Math/polynomial-approximation.mlir	blob	100644	c14ed47853411ee95859a44b0dce2b721f4eb6a2
mlir/test/Dialect/Math/sincos-fusion.mlir	blob	100644	cf16f9f02f63a87032bae8ee7267ab26bd51503d
mlir/test/Dialect/Math/uplift-to-fma.mlir	blob	100644	071ddd05284f3b3a54fb388f436ec4b9e57aafbc
mlir/test/Dialect/MemRef/alloc-to-alloca.mlir	blob	100644	2db374ad092a98927c2be62ffa829f7c3828d8f2
mlir/test/Dialect/MemRef/canonicalize.mlir	blob	100644	6c4fd6f8f58d629db6150f30b894ac0c88d0f53c
mlir/test/Dialect/MemRef/elide-reinterpret-cast-copy.mlir	blob	100644	cd3015aaba8d5e0095e15174284515bca522143d
mlir/test/Dialect/MemRef/elide-reinterpret-cast-load.mlir	blob	100644	ce505485c5715bb3cb79338fe8ef2e6937eaf0c2
mlir/test/Dialect/MemRef/emulate-narrow-type-cf-types.mlir	blob	100644	054091a49237d243f2bca1d1c84d783dc1152386
mlir/test/Dialect/MemRef/emulate-narrow-type-cf.mlir	blob	100644	dc67b776553a08dd1750334db5442e15e2ddc26e
mlir/test/Dialect/MemRef/emulate-narrow-type-no-assume-aligned.mlir	blob	100644	3625f91cedbd6a92cf0657f850e3ee5907c2810f
mlir/test/Dialect/MemRef/emulate-narrow-type-non-atomic.mlir	blob	100644	070d27993ca5e32666da46ded845d1ed9e052571
mlir/test/Dialect/MemRef/emulate-narrow-type.mlir	blob	100644	adc8fe3b36096cddbc6a8fb4bcb1f9bfc36bb686
mlir/test/Dialect/MemRef/emulate-wide-int.mlir	blob	100644	994e400bd73c1bbc2ba23da7eebe3fa4f305bd88
mlir/test/Dialect/MemRef/expand-ops.mlir	blob	100644	fc8db546d918d434718873267b33b388ff2d32af
mlir/test/Dialect/MemRef/expand-realloc.mlir	blob	100644	78236e84eb2dd52a634b980b4c1e47768e201c42
mlir/test/Dialect/MemRef/expand-strided-metadata.mlir	blob	100644	70c5e1aee85dcd51ecb2b0f10fe2a1991afb82a0
mlir/test/Dialect/MemRef/extract-address-computations.mlir	blob	100644	adf95bb1d7d542a4780af274f9c58053e11787d5
mlir/test/Dialect/MemRef/flatten_memref.mlir	blob	100644	5a87e9f90b9c10a46348eac06e62ec604e09ed60
mlir/test/Dialect/MemRef/fold-memref-alias-ops.mlir	blob	100644	a9904541daa0faadff4544c4f9d9a942ce65fad6
mlir/test/Dialect/MemRef/high-rank-overflow.mlir	blob	100644	2a6ec113c72614c63f424cc2ca0c6b625877308e
mlir/test/Dialect/MemRef/int-range-inference.mlir	blob	100644	34568d1d1d5200fd77a6c22a406718785e7ea155
mlir/test/Dialect/MemRef/invalid.mlir	blob	100644	ecffd683a98c2e77407b69182522781c5f0fc216
mlir/test/Dialect/MemRef/make-loop-independent.mlir	blob	100644	dca7bc1e67586ca3fd4aac02a6d98d4a604a932d
mlir/test/Dialect/MemRef/mem2reg-statistics.mlir	blob	100644	9e7f0d312c002259af0d1e0b42a0fd0cf0286508
mlir/test/Dialect/MemRef/mem2reg.mlir	blob	100644	8f937c4efe75e3e90f9bf07aa49fad68ccd225f0
mlir/test/Dialect/MemRef/multibuffer.mlir	blob	100644	b004ebfa1abd03dbae129f4bf95e97ddeb632519
mlir/test/Dialect/MemRef/normalize-memrefs-ops-dynamic.mlir	blob	100644	a3f256b30c6a055d65be6335e2e5d87950feb685
mlir/test/Dialect/MemRef/normalize-memrefs-ops.mlir	blob	100644	0a9204d4573c949d5afc9361241c02353daafa88
mlir/test/Dialect/MemRef/normalize-memrefs.mlir	blob	100644	d2924fb1ecf77c3a45cf0f067148a1b16f588413
mlir/test/Dialect/MemRef/ops.mlir	blob	100644	0434d657822d69e2988e80db3f3c22b9bf42e419
mlir/test/Dialect/MemRef/resolve-dim-ops.mlir	blob	100644	374e47fb34b4823053e6de4b174a87cbdce3a08c
mlir/test/Dialect/MemRef/runtime-verification.mlir	blob	100644	f449ac6e3b30c853436d238022801ce370e67d5b
mlir/test/Dialect/MemRef/sroa.mlir	blob	100644	40ab9b3483b833a42c6728c0942acfb4547a1b2a
mlir/test/Dialect/MemRef/subview.mlir	blob	100644	fd8aaaf86b2d86318e1c2cf3e81d3e4699b499a6
mlir/test/Dialect/MemRef/transform-ops.mlir	blob	100644	7fc84d419f18da0bd9253bfc10e0bc1c2d517be7
mlir/test/Dialect/MemRef/value-bounds-op-interface-impl.mlir	blob	100644	32af830aa1ea76f2b73d577e0af55919392ab7b7
mlir/test/Dialect/NVGPU/canonicalization.mlir	blob	100644	7f33a79cb102f1a3d7a6147830aa776aaf7a9ba0
mlir/test/Dialect/NVGPU/fold-memref-alias-ops.mlir	blob	100644	44dcffcc1f00d9e38a13c0051b089825dcaa46ca
mlir/test/Dialect/NVGPU/invalid.mlir	blob	100644	0341a08a2c77899f69e26ded68d0999ce30ca306
mlir/test/Dialect/NVGPU/mma-sync-f32-to-tf32.mlir	blob	100644	6d0cf348273c3e684af03d81744eb59d5d47ce82
mlir/test/Dialect/NVGPU/mma-sync-f32-to-tf32x3.mlir	blob	100644	7db60254d2ec8341baf886a1896c5b057f8811d5
mlir/test/Dialect/NVGPU/nvgpu-extf-invalid.mlir	blob	100644	ef659efb96f8e160b668f76501ba30ff6a3a88c6
mlir/test/Dialect/NVGPU/nvgpu-truncf-invalid.mlir	blob	100644	1b2fb3db5ceca0dabe586c0e256cf38e1010888a
mlir/test/Dialect/NVGPU/optimize-shared-memory.mlir	blob	100644	8c4381c2bcbf6d61f0f2fe5f21a2aba69220a9a2
mlir/test/Dialect/NVGPU/roundtrip.mlir	blob	100644	77586fc9b7abffd0b5ced0593897855e1e6a1773
mlir/test/Dialect/NVGPU/tmaload-transform.mlir	blob	100644	901f7732797d16872b525b5dfef412603df11749
mlir/test/Dialect/NVGPU/transform-create-async-groups.mlir	blob	100644	8290001c458567f1cce4b5e5556db479da2e75bf
mlir/test/Dialect/NVGPU/transform-matmul-to-nvvm.mlir	blob	100644	c6aa2039a95113e88a3e7f4f474213ff7e715281
mlir/test/Dialect/NVGPU/transform-pipeline-shared.mlir	blob	100644	e959949babd9eb9598cfc93fe8bf0f8947c2b678
mlir/test/Dialect/OpenACC/acc-bind-routine.mlir	blob	100644	6c49196249e287fede334e4ab5a5424116a2e3cc
mlir/test/Dialect/OpenACC/acc-cg-to-gpu-barrier-gang-private-init.mlir	blob	100644	dc77d77e61a7e40879b20787447ad14cfd08b563
mlir/test/Dialect/OpenACC/acc-cg-to-gpu-block-redundant-seq-gang-private.mlir	blob	100644	8f677f84326da7ac502e790f69d32816e823d460
mlir/test/Dialect/OpenACC/acc-cg-to-gpu-block-redundant.mlir	blob	100644	0f35ec92256e7204c8caba0f8ae1515dfc5498c8
mlir/test/Dialect/OpenACC/acc-cg-to-gpu-bound-routine-call.mlir	blob	100644	c55f87b73d18129a2013c2b52f4ed160245e0efa
mlir/test/Dialect/OpenACC/acc-cg-to-gpu-launch-mapping.mlir	blob	100644	54b6b19529caffb86f2a53bd2a8ae42a89dd26cb
mlir/test/Dialect/OpenACC/acc-cg-to-gpu-predicate-region-reuse-barrier.mlir	blob	100644	891ad37e39ab7486e06b0d1d018bef706558bbfb
mlir/test/Dialect/OpenACC/acc-cg-to-gpu-predicate-region.mlir	blob	100644	8fc9832424222479ac4b94a1cf655d9c19cff8c5
mlir/test/Dialect/OpenACC/acc-cg-to-gpu-private-local-gang-redundant.mlir	blob	100644	1fb4b444fe5c810165e1da4ebd8dab8c68c5f873
mlir/test/Dialect/OpenACC/acc-cg-to-gpu-privatize-local.mlir	blob	100644	9ac5385ec96744abeac07f8852992b1db32f3b6e
mlir/test/Dialect/OpenACC/acc-cg-to-gpu-privatize-routine-seq.mlir	blob	100644	2f67033adc03d9957dafc952c2c4a15d9d452c1c
mlir/test/Dialect/OpenACC/acc-cg-to-gpu-privatize-threadprivate.mlir	blob	100644	a92ff8bcd1be6ed56e82c2f9eef06bf6647c44dc
mlir/test/Dialect/OpenACC/acc-cg-to-gpu-reduction-array-shared.mlir	blob	100644	dfd092003b4f4a69c86af45b629fd2db1d21ddc7
mlir/test/Dialect/OpenACC/acc-cg-to-gpu-reduction-array.mlir	blob	100644	64eaec673dd1cf63a74759c20a24ef01189f5024
mlir/test/Dialect/OpenACC/acc-cg-to-gpu-reduction-block-combine-no-reload.mlir	blob	100644	70506c6b719b6fe72e5b09576f212bd50fe55548
mlir/test/Dialect/OpenACC/acc-cg-to-gpu-reduction-combine-region-private-dest.mlir	blob	100644	79137a42d9619eaefb4577dfca62a111e1e970c0
mlir/test/Dialect/OpenACC/acc-cg-to-gpu-reuse-barrier-sibling-region-privatize.mlir	blob	100644	e0f8d3391c0544ff43ff282cf4c4b45c2265d9db
mlir/test/Dialect/OpenACC/acc-cg-to-gpu-routine-call-nested-if.mlir	blob	100644	c4e5a0559f5ec63b8c3e92f3dbc25ca086e7079d
mlir/test/Dialect/OpenACC/acc-cg-to-gpu-routine-worker-call-with-thread-y-reduction.mlir	blob	100644	26bc974d45892b4e6504f18baa179fbbc8cf0db1
mlir/test/Dialect/OpenACC/acc-cg-to-gpu-worker-private-dynamic-nw.mlir	blob	100644	5df3d986fa5b0ae6a4758f49df5e9f62dae3d1de
mlir/test/Dialect/OpenACC/acc-cg-to-gpu-worker-private-foldable-nw.mlir	blob	100644	0ede030fe05ac1f96221beea6dfa3cc7ecb7e7b5
mlir/test/Dialect/OpenACC/acc-cg-to-gpu-worker-reduction-combine-mixed-scope.mlir	blob	100644	7f22fd20aa89e576ce9cdc2bbf5705f1927fe1a6
mlir/test/Dialect/OpenACC/acc-cg-to-gpu-worker-reduction-combine.mlir	blob	100644	0de030eda1e597e7a2d9f2824e46920e3b6362ad
mlir/test/Dialect/OpenACC/acc-cg-to-gpu-worker-reduction-private.mlir	blob	100644	3866c8057f1296fc5a00100ed62ee15fe867e911
mlir/test/Dialect/OpenACC/acc-cg-to-gpu-worker-vector-reuse-barrier.mlir	blob	100644	48670229b28f2d555335ee351d8528272e64f589
mlir/test/Dialect/OpenACC/acc-cg-to-gpu-worker-vector-subgroup-align.mlir	blob	100644	86db31c9f8136e19cd232946b5cd646728e79072
mlir/test/Dialect/OpenACC/acc-compute-lowering-compute-async-wait.mlir	blob	100644	de0d0c7d027943887610bd353954e931085ad989
mlir/test/Dialect/OpenACC/acc-compute-lowering-compute-device-type.mlir	blob	100644	572235b89106c4e2d7fe415d891cbba3a5927d80
mlir/test/Dialect/OpenACC/acc-compute-lowering-compute.mlir	blob	100644	c511d3e4270d1eeab2a8439b18d571b3b80cae91
mlir/test/Dialect/OpenACC/acc-compute-lowering-loop-device-type.mlir	blob	100644	fb7c9b35e0909bc4048da50481b13941454b494d
mlir/test/Dialect/OpenACC/acc-compute-lowering-loop.mlir	blob	100644	0772e6a2a536da9031226e0d3aca774f611d9a7b
mlir/test/Dialect/OpenACC/acc-compute-lowering-unstructured.mlir	blob	100644	f22d7872ecc3247bd9406a43e4e43911cd4cd78d
mlir/test/Dialect/OpenACC/acc-declare-gpu-module-insertion.mlir	blob	100644	2e5910d1556418f0843c064d3337b549c7c0cd92
mlir/test/Dialect/OpenACC/acc-emit-remarks-data.mlir	blob	100644	5ca798e5165304d775fba6f39a71c8747d208673
mlir/test/Dialect/OpenACC/acc-emit-remarks-loop-pipeline.mlir	blob	100644	c559ef68090e2b3b9f1c73a7eab4f11f1f141edc
mlir/test/Dialect/OpenACC/acc-emit-remarks-loop.mlir	blob	100644	0c310510652e7507adb496a686808f6746666643
mlir/test/Dialect/OpenACC/acc-emit-remarks-private.mlir	blob	100644	b388ad51208a225e2e9a47bb6cd0014e538ab957
mlir/test/Dialect/OpenACC/acc-if-clause-lowering.mlir	blob	100644	9cc0df1dfb107a9e2c413b3e0f6383080e477128
mlir/test/Dialect/OpenACC/acc-implicit-data-defaultnone.mlir	blob	100644	c8e550af001cf5c16d8683032bfd7af5c02636ea
mlir/test/Dialect/OpenACC/acc-implicit-data-reduction.mlir	blob	100644	fed0a4b98ee88e1902530155fd71e6d1d04c5e81
mlir/test/Dialect/OpenACC/acc-implicit-data.mlir	blob	100644	6551b2010000591fcb4d116fec225c3dc5811eb7
mlir/test/Dialect/OpenACC/acc-implicit-declare.mlir	blob	100644	b8ab5c89cd7a5b85c24ea043866285c72d1152c9
mlir/test/Dialect/OpenACC/acc-implicit-routine.mlir	blob	100644	41f4763d2bd8ad5ec7cc5f6c4f9f8f439b953b40
mlir/test/Dialect/OpenACC/acc-loop-tiling-invalid.mlir	blob	100644	53b04679766585552231aa17261aee88b37a5f49
mlir/test/Dialect/OpenACC/acc-loop-tiling-remarks.mlir	blob	100644	bff904744b315dc9ff7419ceea87f70f1b492ab2
mlir/test/Dialect/OpenACC/acc-loop-tiling.mlir	blob	100644	724fba48b75951e75d690cc80b1f15164ed09717
mlir/test/Dialect/OpenACC/acc-recipe-materialization-firstprivate-two-allocs.mlir	blob	100644	66c112b7ca841ff7090ee6841d63ad7d3f625168
mlir/test/Dialect/OpenACC/acc-recipe-materialization-firstprivate.mlir	blob	100644	e100ec2df139b3163c9c25289a19f19f8b7bb781
mlir/test/Dialect/OpenACC/acc-recipe-materialization-kernel-private.mlir	blob	100644	76a2cfb1750a3a2a5994e630b39c6b3c95cee33b
mlir/test/Dialect/OpenACC/acc-recipe-materialization-loc.mlir	blob	100644	87f07da1483fea89bcc5d28b7bdc606b9c95016a
mlir/test/Dialect/OpenACC/acc-recipe-materialization-parallel.mlir	blob	100644	bdce6f3c75653e1b1af5016393f5f29347e45ec5
mlir/test/Dialect/OpenACC/acc-recipe-materialization-private.mlir	blob	100644	c5b415a4f86012075ab5dc2ecb7fd5dfce7eedb0
mlir/test/Dialect/OpenACC/acc-recipe-materialization-reduction.mlir	blob	100644	e5dc884d37d2018c54ba8eab84ae78b384ab785c
mlir/test/Dialect/OpenACC/acc-routine-lowering.mlir	blob	100644	d2a57e7da5407bdd235d5206c3720d8a801ceb0a
mlir/test/Dialect/OpenACC/acc-routine-to-gpu-func.mlir	blob	100644	88d5fcd7f10e78d0413b21b35283b9e004ed7bab
mlir/test/Dialect/OpenACC/acc-specialize-for-device.mlir	blob	100644	9ec271485e5ad6f600aaa514d29ce493e40b09fe
mlir/test/Dialect/OpenACC/acc-specialize-for-host-deep-nesting.mlir	blob	100644	4d7940dbda4624dbcead5c7a43d1c1ab7909396d
mlir/test/Dialect/OpenACC/acc-specialize-for-host-fallback.mlir	blob	100644	b0f24cc936823111dd87cae068abdde99e75ff95
mlir/test/Dialect/OpenACC/acc-specialize-for-host.mlir	blob	100644	0ef76d076675930ac439d1f9798bc33115e86576
mlir/test/Dialect/OpenACC/canonicalize.mlir	blob	100644	8f25a67814ef99bde611ea7f12c8e57055401c1f
mlir/test/Dialect/OpenACC/compute-region-canonicalize.mlir	blob	100644	68b1193508ad6f76320298b585537aec97ab47df
mlir/test/Dialect/OpenACC/cse.mlir	blob	100644	1d617a77eede8510c2adc06f472f3ba0885170a3
mlir/test/Dialect/OpenACC/invalid-cg.mlir	blob	100644	16facc94efa54dde7aae5b2d3a123c42a5275587
mlir/test/Dialect/OpenACC/invalid.mlir	blob	100644	bbb3d41d74971f2a3cb5c4663882f03b548b8c2a
mlir/test/Dialect/OpenACC/legalize-data.mlir	blob	100644	c7ef47ccc7e97915c54684ee1041d11593c01d9c
mlir/test/Dialect/OpenACC/legalize-serial.mlir	blob	100644	774c6b6f65ce3a2b42bfdfaa73b4159cfb3d4507
mlir/test/Dialect/OpenACC/offload-livein-value-canonicalization.mlir	blob	100644	7be62a789e6fac2639e9fde0e8581fc07cc627d9
mlir/test/Dialect/OpenACC/offload-target-verifier.mlir	blob	100644	78b0018237d6886b5fdfd59c3802ef2d29b0e089
mlir/test/Dialect/OpenACC/ops-cg-privatization.mlir	blob	100644	2b0af1527a984aea884cf4fe886886afc0648f31
mlir/test/Dialect/OpenACC/ops-cg.mlir	blob	100644	cf1c3340870a5c771a04fee849b28585500cde58
mlir/test/Dialect/OpenACC/ops.mlir	blob	100644	a2775390bf12b5016f34197b3602d54205a63734
mlir/test/Dialect/OpenACC/pointer-like-interface-alloc.mlir	blob	100644	3d4bec7f4637eb4261f4f1564bbeb2d4039174ee
mlir/test/Dialect/OpenACC/pointer-like-interface-cast.mlir	blob	100644	2a0939a3020db79446e6a997625282f15e13bb73
mlir/test/Dialect/OpenACC/pointer-like-interface-copy.mlir	blob	100644	9220d84a29f94d9d9de373c81cc9b16cde087d6e
mlir/test/Dialect/OpenACC/pointer-like-interface-free.mlir	blob	100644	ecf4f75fe06d1a41ac9f0cd7f48693c57a821640
mlir/test/Dialect/OpenACC/pointer-like-interface-load.mlir	blob	100644	36df6a1d1bbe328b88fc12ebb512c2ec75b0ae88
mlir/test/Dialect/OpenACC/pointer-like-interface-store.mlir	blob	100644	0fee43102d6d9e235440f15d6d2c4fac4599f93f
mlir/test/Dialect/OpenACC/recipe-populate-firstprivate.mlir	blob	100644	8846c9e76a27a56937b366481f76865b187feba8
mlir/test/Dialect/OpenACC/recipe-populate-private-from-firstprivate.mlir	blob	100644	154d44e31d027369c9f78a6ba09756414ca4bd92
mlir/test/Dialect/OpenACC/recipe-populate-private.mlir	blob	100644	3d5a91839da0d34cc2e9190e1d3dad8f3eefd620
mlir/test/Dialect/OpenACC/region-branchop-interface.mlir	blob	100644	ea3bf6aec58ec3b75628eb30a9c779711fc047c6
mlir/test/Dialect/OpenACC/support-analysis-recipename.mlir	blob	100644	8ea53b5d0f4d4e11491aafe797a169938ec2dd6d
mlir/test/Dialect/OpenACC/support-analysis-unsupported.mlir	blob	100644	c4d5b81a1380a43d62cca545c3f3a53312264396
mlir/test/Dialect/OpenACC/support-analysis-varname.mlir	blob	100644	af52befb156e4deda9f03c883521bac13c2ba993
mlir/test/Dialect/OpenMP/attr.mlir	blob	100644	61a4e0df2f1ff68837493f62a33c846f9896f7d1
mlir/test/Dialect/OpenMP/canonicalize.mlir	blob	100644	cc42f2ed8618c760f2a0e32d2d173cadcd6a0e60
mlir/test/Dialect/OpenMP/cli-canonical_loop-invalid.mlir	blob	100644	345c53d2890b81683b0239628dcc0c707a5fac37
mlir/test/Dialect/OpenMP/cli-canonical_loop.mlir	blob	100644	0e9385ee75c477a49338dcbf389d23ae069f6351
mlir/test/Dialect/OpenMP/cli-fuse.mlir	blob	100644	df96810aadb4ff174f45906c2c8c20c34dbc370e
mlir/test/Dialect/OpenMP/cli-tile.mlir	blob	100644	d69019c9e7bbbf9bf94f0a5105a213f10a077b12
mlir/test/Dialect/OpenMP/cli-unroll-heuristic.mlir	blob	100644	16884f4245e768874156d82f0a0d703afb39279a
mlir/test/Dialect/OpenMP/cli-unroll-partial.mlir	blob	100644	5ac3a1557ba79407742f1144525efefd972a991e
mlir/test/Dialect/OpenMP/host-op-filtering.mlir	blob	100644	d4dde0cdef178ff74b80acb4ca38f086ad113df5
mlir/test/Dialect/OpenMP/invalid-fuse.mlir	blob	100644	ffd1c7300e79bda57b8f6c7dffd54b3a6df9673f
mlir/test/Dialect/OpenMP/invalid-interface.mlir	blob	100644	6fe64b0839e66b660477c350745b445a43d5d46a
mlir/test/Dialect/OpenMP/invalid-tile.mlir	blob	100644	868796730ef2b1a38d85fd546df316991ff21f92
mlir/test/Dialect/OpenMP/invalid.mlir	blob	100644	c43e4c41074527ab60a283c9a08d3ab16cce202d
mlir/test/Dialect/OpenMP/omp-offload-privatization-prepare-by-value.mlir	blob	100644	2f5e45bea72689c7078aeb40eb6356089b1530fc
mlir/test/Dialect/OpenMP/omp-offload-privatization-prepare.mlir	blob	100644	b7c7862486816162fa288d454748a997c4abf2ed
mlir/test/Dialect/OpenMP/ops.mlir	blob	100644	a035205a4d2b4a6a50642255be57559d8e0bb579
mlir/test/Dialect/OpenMP/stack-to-shared.mlir	blob	100644	972d3fe39e7bca1bae504b8ef753d9666ed572dd
mlir/test/Dialect/PDL/canonicalize.mlir	blob	100644	ee2a6f71f86cc7c7809a366b74864ab0cec41921
mlir/test/Dialect/PDL/invalid-types.mlir	blob	100644	a99cf3bdb238f68ce566a9a692710c8c65ca21f1
mlir/test/Dialect/PDL/invalid.mlir	blob	100644	c6b7fe1cc17898e62cfafbfef9e664ec441b1273
mlir/test/Dialect/PDL/ops.mlir	blob	100644	20e40deea5f863b4211ade75f8859628c9e9ae73
mlir/test/Dialect/PDLInterp/invalid.mlir	blob	100644	c201dda71ef7fbbb6aa888e9621edf822ffac78f
mlir/test/Dialect/PDLInterp/ops.mlir	blob	100644	ef9cefe813a5b1edf815e7573e73898033c05e19
mlir/test/Dialect/Ptr/canonicalize.mlir	blob	100644	e50cd1b76caf3ff2b736153ad59705d70e63dcef
mlir/test/Dialect/Ptr/invalid.mlir	blob	100644	83e1c880650c579c579f7a64f481c1954a45ab9f
mlir/test/Dialect/Ptr/layout.mlir	blob	100644	f904e729fcbe3d08be54c2091e00b069d10b0add
mlir/test/Dialect/Ptr/ops.mlir	blob	100644	0a906ad559e216e4f9b2dc6c11b4412f949d2f27
mlir/test/Dialect/Ptr/types.mlir	blob	100644	6f4e89eb3e19b352617d72d78bdb94e77e7d2e27
mlir/test/Dialect/Quant/Bytecode/types.mlir	blob	100644	848f15e3fb085375e4ee24e4d246408be242b650
mlir/test/Dialect/Quant/canonicalize.mlir	blob	100644	73c57e2a48212ac2e23f7ac845288df94b46040f
mlir/test/Dialect/Quant/inlining.mlir	blob	100644	6cb06efc8b6333e6c108d0ba23a973573d5ff917
mlir/test/Dialect/Quant/invalid-quantile-types.mlir	blob	100644	08a739d45e1206eadf5956c1edc211a0e89e69cb
mlir/test/Dialect/Quant/invalid.mlir	blob	100644	7bb50f352f9389c14ea6ca1c6739a4c8e298c98d
mlir/test/Dialect/Quant/lower-quant-ops.mlir	blob	100644	23c34b906dd465e5ed5e014b064d385724fbb6fb
mlir/test/Dialect/Quant/normalize-quant-types.mlir	blob	100644	573781c9ecc04a17ba673a07e4c23ae0b6392be5
mlir/test/Dialect/Quant/ops.mlir	blob	100644	33ff93ecbc1d7b8a47134212247e8c4c542a8c00
mlir/test/Dialect/Quant/parse-any-invalid.mlir	blob	100644	41c5f930707175d58712628a5b9868185ad9d46b
mlir/test/Dialect/Quant/parse-any.mlir	blob	100644	11b15755953cfdf6ac21172995b6d3c136b537fd
mlir/test/Dialect/Quant/parse-calibrated-invalid.mlir	blob	100644	643292815af07e222b4d2669b181fde6ecd149d5
mlir/test/Dialect/Quant/parse-calibrated.mlir	blob	100644	b3c5ec0cec443223c02e8ef18113707cf04d9086
mlir/test/Dialect/Quant/parse-uniform-invalid.mlir	blob	100644	5ff54a8804844ba8a6d107d730111f218043d06c
mlir/test/Dialect/Quant/parse-uniform.mlir	blob	100644	56219d2a3f4378d10bf3d63564cbd998089717e5
mlir/test/Dialect/Quant/quantile-types.mlir	blob	100644	a879acd7b31262ef6c10de20b56b7b6ab003133c
mlir/test/Dialect/Quant/strip-func-quant-types.mlir	blob	100644	e5f0d4921bed3ed52ad7e88a3dd2b3ed5e8db1a9
mlir/test/Dialect/SCF/buffer-deallocation.mlir	blob	100644	8451b1524fd2a0fb7a9a8176abce7501d5335220
mlir/test/Dialect/SCF/bufferize.mlir	blob	100644	20a640776b561bea87fcb78f44259dc26cc4d146
mlir/test/Dialect/SCF/canonicalize.mlir	blob	100644	c324d34942bf814af725117c1d98906fd4ce65f8
mlir/test/Dialect/SCF/control-flow-sink.mlir	blob	100644	2eb888b378ba1b3c30a7dcb97e158ce9b3e7e3c4
mlir/test/Dialect/SCF/for-loop-canonicalization.mlir	blob	100644	6fb475efcb6586fc0d47fa4b7a447540ad63d22a
mlir/test/Dialect/SCF/for-loop-peeling-front.mlir	blob	100644	1737c6b6f6c5f4dada6ad5519045b62e33be14ce
mlir/test/Dialect/SCF/for-loop-peeling.mlir	blob	100644	6caa4bd50bad819332fa6bbf32aa64b0c2001da2
mlir/test/Dialect/SCF/for-loop-specialization.mlir	blob	100644	ff66c6c1e47f5e4e49e562248d214ce72acf4046
mlir/test/Dialect/SCF/for-loop-to-while-loop.mlir	blob	100644	d2e14f3e25fa873d8e089e9b710a4357e5bcb894
mlir/test/Dialect/SCF/forall-to-for.mlir	blob	100644	d917cd1d8d2d4241db6f7408eaa73a9d624fb129
mlir/test/Dialect/SCF/forall-to-parallel.mlir	blob	100644	acde601d47259adf2ad051c58e2e70a179387225
mlir/test/Dialect/SCF/foreach-thread-canonicalization.mlir	blob	100644	9d0c65e06d3608e94db124a0f7391aeb19c9b9ee
mlir/test/Dialect/SCF/invalid.mlir	blob	100644	a81e912ab35a9c6edfc57212c7dc3a7ab8891cf7
mlir/test/Dialect/SCF/loop-pipelining.mlir	blob	100644	99f8d84a6af2ec352aff0f31d20754ad5516b8a4
mlir/test/Dialect/SCF/loop-range.mlir	blob	100644	79e74f430618af8da95f8f39ec9ccd89bace9f49
mlir/test/Dialect/SCF/loop-unroll.mlir	blob	100644	f764013ed50f9ed08b43601566b71c5c588a90cb
mlir/test/Dialect/SCF/mem2reg-reject.mlir	blob	100644	9497bf47ff09be2cda327e97d0e355e16cd2af0f
mlir/test/Dialect/SCF/mem2reg.mlir	blob	100644	82098b2d306b20779b2d8a15481af81641088853
mlir/test/Dialect/SCF/one-shot-bufferize-allow-return-allocs-no-deallocs.mlir	blob	100644	6e402d5392434557eb052de6d5aba8da03118955
mlir/test/Dialect/SCF/one-shot-bufferize-analysis.mlir	blob	100644	ed3685514dd0d32c9ba2b6228a9ac9a782f727e6
mlir/test/Dialect/SCF/one-shot-bufferize-encodings.mlir	blob	100644	6b6207395f14e389cf8b83ca3ac7a25d9f7918b5
mlir/test/Dialect/SCF/one-shot-bufferize-invalid.mlir	blob	100644	855ef00f6a6142ec08141959c7c5d5ba1b87ce90
mlir/test/Dialect/SCF/one-shot-bufferize-tensor-copy-insertion.mlir	blob	100644	92486b8ed72086efc9d6ca2b2d70ca15076ecbe3
mlir/test/Dialect/SCF/one-shot-bufferize.mlir	blob	100644	b431a9e75c669b87e04d348b2d51b2d8042d27fc
mlir/test/Dialect/SCF/ops.mlir	blob	100644	5930a1df04266e1aecbf936d9f8f66f18a29d32c
mlir/test/Dialect/SCF/parallel-loop-fusion.mlir	blob	100644	73e5094df526a31b8f19268d5d96e28bf4c4bc52
mlir/test/Dialect/SCF/parallel-loop-invalid.mlir	blob	100644	f031bc956f0d5ac6dcbebadb412e14fa11fc35a4
mlir/test/Dialect/SCF/parallel-loop-specialization.mlir	blob	100644	73c823ca8d55e8efa5d825b61336a33500f5d915
mlir/test/Dialect/SCF/parallel-loop-tiling-inbound-check.mlir	blob	100644	7491550c1dc7c20cb9e202dd57a30f6fa4b13382
mlir/test/Dialect/SCF/parallel-loop-tiling.mlir	blob	100644	41b0d85b3752e98836a803e8528d0e1360d9c40d
mlir/test/Dialect/SCF/parallel-loop-unroll.mlir	blob	100644	12b502e996c60012c12e5a6d9ffa54e28078c8fb
mlir/test/Dialect/SCF/parallel-to-nested-fors.mlir	blob	100644	47a8da8c244b20ef3f5bd0a25a6c012394d1bdfc
mlir/test/Dialect/SCF/transform-loop-fuse-sibling.mlir	blob	100644	54dd2bdf953caee6485c101c1a31ae923aed515b
mlir/test/Dialect/SCF/transform-op-coalesce.mlir	blob	100644	467020e3312955097ecb3a7c603e4cd7d5956a1a
mlir/test/Dialect/SCF/transform-op-forall-to-for.mlir	blob	100644	f09cae988a2fb4cc0a9617f6c400b3207cf6f7d8
mlir/test/Dialect/SCF/transform-op-forall-to-parallel.mlir	blob	100644	b64798e06a4d13645f07112faca80600abc675c5
mlir/test/Dialect/SCF/transform-op-parallel-to-nested-fors.mlir	blob	100644	496123b28803886d92d4c1c4980b13f2818ddb02
mlir/test/Dialect/SCF/transform-op-take-assumed-branch.mlir	blob	100644	6c2a356ed53dec7a1a6ee5a855c37b5eeef05e8f
mlir/test/Dialect/SCF/transform-ops-invalid.mlir	blob	100644	742b8a2861839704e9cede8c6feb04eb88b2894c
mlir/test/Dialect/SCF/transform-ops.mlir	blob	100644	c8be2d2b3a883a4cd2e9b9954d0977955d1c7342
mlir/test/Dialect/SCF/trip_count.mlir	blob	100644	7e74988b350197a78e718b89a28dd46345ba5e68
mlir/test/Dialect/SCF/uplift-while.mlir	blob	100644	cbe2ce5076ad28f2941e21d407f06a540c237ccd
mlir/test/Dialect/SCF/value-bounds-op-interface-impl.mlir	blob	100644	60fe96d52d20b22296a84d2c195084bedd0bd391
mlir/test/Dialect/SCF/while-op-builder.mlir	blob	100644	e96d8d074211b3ac7d86d10ea146d0326ad7f68b
mlir/test/Dialect/SCF/wrap-while-loop-in-zero-trip-check.mlir	blob	100644	43a4693ca3d2b8364f732cf229db0df05a159626
mlir/test/Dialect/SMT/array-errors.mlir	blob	100644	4e90948eed848e8043c93b7897e33c5ad1c6d3b1
mlir/test/Dialect/SMT/array.mlir	blob	100644	bbfe58cac1bfa8cb96a4bf5db7ff6bd0ea4fe5fd
mlir/test/Dialect/SMT/basic.mlir	blob	100644	38d8f4e8d7fb3022d61cc5a0c602f36e2991e227
mlir/test/Dialect/SMT/bitvector-errors.mlir	blob	100644	58226f4d55f62ce40b600a50be0e3da0c055dff4
mlir/test/Dialect/SMT/bitvectors.mlir	blob	100644	c6b8fb097404b440df54987abc9c667d2034ad0d
mlir/test/Dialect/SMT/core-errors.mlir	blob	100644	67bebda56b68ea10c4ba5fcf1f4a2139e41f03e6
mlir/test/Dialect/SMT/cse-test.mlir	blob	100644	ff254857f3b3359e30904fdd08df0f5077a152e0
mlir/test/Dialect/SMT/integers.mlir	blob	100644	8e1a355278eb0dfc4d952bd50d2a6b89cf082791
mlir/test/Dialect/SPIRV/IR/arithmetic-ops.mlir	blob	100644	52bb2d72bcebf9d5f30284e218e33988fbf75643
mlir/test/Dialect/SPIRV/IR/asm-op-interface.mlir	blob	100644	86ed6a865eaa8af720e28c2b8d8378d3bc0e1080
mlir/test/Dialect/SPIRV/IR/atomic-ops.mlir	blob	100644	feaa9123fd715832493163e0be5c01de673ecf29
mlir/test/Dialect/SPIRV/IR/availability.mlir	blob	100644	c0bf80b709ebdc7184ab2e9be8e74a2800c7f498
mlir/test/Dialect/SPIRV/IR/barrier-ops.mlir	blob	100644	5e05687887760e3956450b339b4dea3ee147dbe1
mlir/test/Dialect/SPIRV/IR/bit-ops.mlir	blob	100644	4bdac198a1e8f0e4595c02a57f728a88f16940e5
mlir/test/Dialect/SPIRV/IR/cast-ops.mlir	blob	100644	2bd992979e2abf6f658e950b577f618aae7f4a5c
mlir/test/Dialect/SPIRV/IR/composite-ops.mlir	blob	100644	22411fd7294cfcbfae1ea36b9935746bd0a4d35c
mlir/test/Dialect/SPIRV/IR/control-flow-ops.mlir	blob	100644	189040a0745fcd44e4bedb9a4246f3ae7a735167
mlir/test/Dialect/SPIRV/IR/experimental-ml-ops.mlir	blob	100644	caccb043d3af2dce794e6de6945b0ffb4cea562b
mlir/test/Dialect/SPIRV/IR/function-decorations.mlir	blob	100644	f09767a416f6b0a29f62b18f10ac682249b95cc1
mlir/test/Dialect/SPIRV/IR/gl-ops.mlir	blob	100644	627c764feb6e68146beb704ed27cc31ff6d5c8d7
mlir/test/Dialect/SPIRV/IR/graph-ops.mlir	blob	100644	798147df45a34c8083a86bbe245795087a8abc40
mlir/test/Dialect/SPIRV/IR/group-ops.mlir	blob	100644	7ecc57c315c4f72d00c7396c88868e8d67eb4d27
mlir/test/Dialect/SPIRV/IR/image-ops.mlir	blob	100644	bef0857a222c2e667f54819493e446f7a303eadb
mlir/test/Dialect/SPIRV/IR/integer-dot-product-ops.mlir	blob	100644	b04e5603019b41418c3cd1c6d225a81238dca72d
mlir/test/Dialect/SPIRV/IR/intel-ext-ops.mlir	blob	100644	3579fa76edcb3be3ba36602555400be4bec83ecc
mlir/test/Dialect/SPIRV/IR/invalid.mlir	blob	100644	e0100748a0d686caecb2a91d929b514ae62325fc
mlir/test/Dialect/SPIRV/IR/khr-cooperative-matrix-ops.mlir	blob	100644	69235eab8d0dc6d7a3878ab60eeeee8e0c17ce86
mlir/test/Dialect/SPIRV/IR/logical-ops.mlir	blob	100644	808382254f0ac9febc1e95cac1c0b38705b14023
mlir/test/Dialect/SPIRV/IR/matrix-ops.mlir	blob	100644	c32eade1dcf271a0c6d1ab66eb8e421eb2e90adb
mlir/test/Dialect/SPIRV/IR/memory-ops.mlir	blob	100644	a3b96c698a3443755bfcd767ad884f69ca67582b
mlir/test/Dialect/SPIRV/IR/mesh-ops.mlir	blob	100644	436f7d1c9fb157118494a5988390fe39e0d6fb0c
mlir/test/Dialect/SPIRV/IR/misc-ops.mlir	blob	100644	cfd19a683bebf1e3958821af6707983970ce6d54
mlir/test/Dialect/SPIRV/IR/non-uniform-ops.mlir	blob	100644	9c927331a08b489414cb8c57c7824d505d371fef
mlir/test/Dialect/SPIRV/IR/ocl-ops.mlir	blob	100644	da470f4e081098988a47d034f1626bc551d1b96e
mlir/test/Dialect/SPIRV/IR/primitive-ops.mlir	blob	100644	451c3345b4e0d5f93c3af44db13b9dc5dad96f8e
mlir/test/Dialect/SPIRV/IR/return-ops.mlir	blob	100644	2f945b24d24fd4cac30998c9ae6aacbe20eb3880
mlir/test/Dialect/SPIRV/IR/structure-ops.mlir	blob	100644	4acaa417501ac58099ccdded5327f844aed9797c
mlir/test/Dialect/SPIRV/IR/target-and-abi.mlir	blob	100644	3409458ac7a0e62a0bb9046d5f9d4921432c0670
mlir/test/Dialect/SPIRV/IR/target-env.mlir	blob	100644	7d807bbbfbd4f24af5f2ee462ccaf4e5c4990efe
mlir/test/Dialect/SPIRV/IR/target.mlir	blob	100644	6c60fe79f20bb953ce708dc286b4c150906de1f0
mlir/test/Dialect/SPIRV/IR/tosa-ops-dynamic.mlir	blob	100644	a2973c73ab362bfe78b175d0a91dbb09f082aebe
mlir/test/Dialect/SPIRV/IR/tosa-ops-verification.mlir	blob	100644	ca15b69303361c0a18e53d3a6bb22c16cf0be4cb
mlir/test/Dialect/SPIRV/IR/tosa-ops.mlir	blob	100644	e1fcf2e3ec0518b709dec705d5048359333f5230
mlir/test/Dialect/SPIRV/IR/types.mlir	blob	100644	3a36d95b9654c9421ea0d9b51606798fc2ca60fd
mlir/test/Dialect/SPIRV/Linking/ModuleCombiner/basic.mlir	blob	100644	4aed260420ae7e19eecf659a9077739ea95bdd60
mlir/test/Dialect/SPIRV/Linking/ModuleCombiner/conflict-resolution.mlir	blob	100644	0f2cf19210293502447170c5d9125f08b931bef9
mlir/test/Dialect/SPIRV/Linking/ModuleCombiner/deduplication.mlir	blob	100644	1e06051366c323930cfdb0153d36a0a619681aff
mlir/test/Dialect/SPIRV/Linking/ModuleCombiner/symbol-rename-listener.mlir	blob	100644	f49314a1b448eed3b089c79dfa98f8c0be1aa3c6
mlir/test/Dialect/SPIRV/Transforms/abi-interface-opencl.mlir	blob	100644	92efb0a8ad5e09e9dec5b3baab4e22b292ca3d1c
mlir/test/Dialect/SPIRV/Transforms/abi-interface.mlir	blob	100644	04667c828bbd1a8f86ea541f5b3d68bfdd43dede
mlir/test/Dialect/SPIRV/Transforms/abi-load-store.mlir	blob	100644	54e08ff3430075c074a160d177d776caaa385698
mlir/test/Dialect/SPIRV/Transforms/canonicalize.mlir	blob	100644	94d9c53db0bbc38f6f3bd51c39dcef539ea5af90
mlir/test/Dialect/SPIRV/Transforms/gl-canonicalize.mlir	blob	100644	c1447b38f0a4849eef12e9144c2ee5e06f82aab6
mlir/test/Dialect/SPIRV/Transforms/inlining.mlir	blob	100644	8eb48a34e61e89f573408a4354ee41ec10216a74
mlir/test/Dialect/SPIRV/Transforms/layout-decoration.mlir	blob	100644	656bd43c6ed9f89bfc3a3b23a0c044b86baebaea
mlir/test/Dialect/SPIRV/Transforms/replicated-const-composites.mlir	blob	100644	f0c0248bf694d5a9c91e55a4e58e49e226f2244d
mlir/test/Dialect/SPIRV/Transforms/rewrite-inserts.mlir	blob	100644	a83c3f7d34693609b06a269ab32289d8ca91f5d3
mlir/test/Dialect/SPIRV/Transforms/unify-aliased-resource.mlir	blob	100644	d7cc1d0cc1f84943c0a7d6088d8a34cc6d94eccb
mlir/test/Dialect/SPIRV/Transforms/vce-deduction.mlir	blob	100644	e4514835e8175b3ced55cf463399637e2fe5d683
mlir/test/Dialect/SPIRV/Transforms/webgpu-prepare.mlir	blob	100644	5a449589bfd3eaa3c67dbc0cdd7adbce0e2b2719
mlir/test/Dialect/Shape/arg_with_shape.mlir	blob	100644	fd46461417db0fe4a740385b787e6ff13c695f46
mlir/test/Dialect/Shape/bufferize.mlir	blob	100644	f6788f845a83309d30b9ae93cfba8135b3cb6f9f
mlir/test/Dialect/Shape/canonicalize.mlir	blob	100644	89aa16736016831babbb3a65e7b9f4ea8b09777d
mlir/test/Dialect/Shape/fold-div.mlir	blob	100644	9deac08bd85cc28b427633c7258c92b2dc2503bd
mlir/test/Dialect/Shape/invalid.mlir	blob	100644	572583edd59bdbbe1a931f2ededff3473e4f5452
mlir/test/Dialect/Shape/ops.mlir	blob	100644	8a90ed88ffd6805f237646cc7518240ff161434c
mlir/test/Dialect/Shape/outline-shape-computation.mlir	blob	100644	4aa15a927140e22198cc15b4974358f5e9ad7b2c
mlir/test/Dialect/Shape/remove-shape-constraints.mlir	blob	100644	425c69fec26ae18d9b4b574be9159b1234ac900d
mlir/test/Dialect/Shape/shape-to-shape.mlir	blob	100644	4edf8bdefe08473e54937a6f9e2e7bef9f6d64b1
mlir/test/Dialect/Shape/unranked-tensor-lowering.mlir	blob	100644	c1fcbd1ad045f7838b21e9c02cee5580c298b0af
mlir/test/Dialect/Shard/all-scatter-op-lowering.mlir	blob	100644	5b11078c32bbff63a869825b242ddd878217c0f3
mlir/test/Dialect/Shard/backward-sharding-propagation.mlir	blob	100644	8894c4aee49c035f33d3a949d2dcfb7d9e71ce62
mlir/test/Dialect/Shard/canonicalization.mlir	blob	100644	a3a9c592ff0aec60bdd24d3315797fd57ac12adc
mlir/test/Dialect/Shard/folding.mlir	blob	100644	7b6ba33f84fd9f280df6b14252bc8eac7b6f10af
mlir/test/Dialect/Shard/forward-backward-sharding-propagation.mlir	blob	100644	0d8d99752620a32e9cfb5863bf99648ef01cbcbf
mlir/test/Dialect/Shard/forward-sharding-propagation.mlir	blob	100644	3cda9eaa365fd9c68767565001f8e0679b145da9
mlir/test/Dialect/Shard/inlining.mlir	blob	100644	ce664b31abf7a014121faabb1dded62e63c1e2c5
mlir/test/Dialect/Shard/invalid.mlir	blob	100644	c92932a725d1c3f78e816447907eff7f3f278949
mlir/test/Dialect/Shard/invalid_annotated.mlir	blob	100644	06bc1eba5516b8ce474d861df2e481b8e60e85f8
mlir/test/Dialect/Shard/ops.mlir	blob	100644	5d9ea064bed440028b34c55e07f933f64b6f349f
mlir/test/Dialect/Shard/partition.mlir	blob	100644	a6cfc5e72eed698b470787ea761e7cc64f5c6781
mlir/test/Dialect/Shard/process-multi-index-op-lowering.mlir	blob	100644	33c7a8f96464dfe5aed7d8dcce30a7793a3a127a
mlir/test/Dialect/Shard/resharding-partition.mlir	blob	100644	01c47334856782a08821ff3942e8ec1772336ff2
mlir/test/Dialect/Shard/sharding-propagation-failed.mlir	blob	100644	3459c1c9f6edc621eabcb89facb735677cdb97dd
mlir/test/Dialect/Shard/sharding-propagation.mlir	blob	100644	34aaf0598b3f01450263fde3fcc240aa4bc9504b
mlir/test/Dialect/Shard/simplify.mlir	blob	100644	ab6e8201daf357368d553a238d92cd326aa65de9
mlir/test/Dialect/SparseTensor/GPU/gpu_codegen_out_buffer.mlir	blob	100644	e4ee818b0879912d956901e295d10cfa5c9ea324
mlir/test/Dialect/SparseTensor/GPU/gpu_combi.mlir	blob	100644	e2c341151ea13c634696dd1404d24d5ec2a89be9
mlir/test/Dialect/SparseTensor/GPU/gpu_matmul.mlir	blob	100644	c5498aec0f522bf8ef9d35ccfe221bde2fb1d83a
mlir/test/Dialect/SparseTensor/GPU/gpu_matmul24_lib.mlir	blob	100644	e20345f27b11ae82b4d30f47701a9701a2a7e560
mlir/test/Dialect/SparseTensor/GPU/gpu_matmul_lib.mlir	blob	100644	01906f4c4517192fb75498e2dc032fdbffc3920d
mlir/test/Dialect/SparseTensor/GPU/gpu_matvec.mlir	blob	100644	16af4eba879195ee559c68c685aee74bb329cbf3
mlir/test/Dialect/SparseTensor/GPU/gpu_matvec_lib.mlir	blob	100644	dea71fa03c777d876c6d242574dfa041d2a84222
mlir/test/Dialect/SparseTensor/GPU/gpu_sampled_matmul_lib.mlir	blob	100644	6675df2be0c53f178b7284d545c5f5b18991688e
mlir/test/Dialect/SparseTensor/GPU/gpu_sddmm_lib.mlir	blob	100644	7b7657a0e9ba50600df818c71296919f87302372
mlir/test/Dialect/SparseTensor/GPU/gpu_spgemm_lib.mlir	blob	100644	9688e886f69ca0eef8c4956ff2d6ddf0f8c87898
mlir/test/Dialect/SparseTensor/binary_valued.mlir	blob	100755	dd9b60a6488b6f5bd448d321c113b787fb5e59d5
mlir/test/Dialect/SparseTensor/buffer_rewriting.mlir	blob	100644	cafb431b7530638882e5a4fe8045dc883f4d7257
mlir/test/Dialect/SparseTensor/canonicalize.mlir	blob	100644	ceb82cab516ed285f05a1e2433212afebb29b65b
mlir/test/Dialect/SparseTensor/codegen.mlir	blob	100644	af78458f1093298099b9a0bb8dd23ac30b49e0f7
mlir/test/Dialect/SparseTensor/codegen_buffer_initialization.mlir	blob	100644	e6d9700ffe4f83871838efdf7b93dc662ab8a24a
mlir/test/Dialect/SparseTensor/codegen_invalid.mlir	blob	100644	792272796a2b5ca512a93d0b37b4610a20b54d30
mlir/test/Dialect/SparseTensor/codegen_sparse_alloc.mlir	blob	100644	50ad4a0a1ea247d9019b93b71f822081d22f3c0d
mlir/test/Dialect/SparseTensor/codegen_to_llvm.mlir	blob	100644	b0f7c62ef283aadcd26fab2ccf4c35070f0b24db
mlir/test/Dialect/SparseTensor/constant_index_map.mlir	blob	100644	6c6e4579d4f1184846cb459c28200c2e08a14d28
mlir/test/Dialect/SparseTensor/conversion.mlir	blob	100644	ff0fb22431d699ab9d41b9b3280a48c10e852848
mlir/test/Dialect/SparseTensor/conversion_invalid.mlir	blob	100644	7e95be495b333754085429507ea6e9b91f25dfb4
mlir/test/Dialect/SparseTensor/convert_dense2sparse.mlir	blob	100644	83dbc9568c7a36f0daf95d76d563e23d6e3b9891
mlir/test/Dialect/SparseTensor/convert_sparse2dense.mlir	blob	100644	730a5452df394495cc607929a4ccfe1b001c8e12
mlir/test/Dialect/SparseTensor/convert_sparse2sparse.mlir	blob	100644	0673f915a1cf6260f9d7e9a4f3e898e715716fb0
mlir/test/Dialect/SparseTensor/convert_sparse2sparse_element.mlir	blob	100644	19a789ea2449a816d555a30b7c3d986509c9153a
mlir/test/Dialect/SparseTensor/dense.mlir	blob	100644	c7022706f1e0596c995da9e2084564b16d013297
mlir/test/Dialect/SparseTensor/encoding_with_symbols.mlir	blob	100644	a019a0e9476b6800dc4ab26fc3a115958019e58e
mlir/test/Dialect/SparseTensor/external.mlir	blob	100644	435737fc0979b59f1499f230bb91992833a539ad
mlir/test/Dialect/SparseTensor/external_after_codegen.mlir	blob	100644	b217900c644984970ff5c9ff585ff62851bc283c
mlir/test/Dialect/SparseTensor/external_direct.mlir	blob	100644	78c4a295686b334a61247dca5fe83b7ed356293b
mlir/test/Dialect/SparseTensor/fold.mlir	blob	100644	0153d444215e3e95d5d6ff83b1da0c4060db1302
mlir/test/Dialect/SparseTensor/fuse_sparse_concat_with_extract_slice.mlir	blob	100644	5d93301bc8ca76489242024c51082272df45c0cb
mlir/test/Dialect/SparseTensor/fuse_sparse_convert_into_producer.mlir	blob	100644	4e4d2c27b096676cc5fb369e3893f3041adf7fa5
mlir/test/Dialect/SparseTensor/fuse_sparse_pad_with_consumer.mlir	blob	100644	8c7315736819e8a5bd6d8d303afb5e9079157e0d
mlir/test/Dialect/SparseTensor/invalid.mlir	blob	100644	3291141c3343d884fc43a9589e39e1c8507cf3ab
mlir/test/Dialect/SparseTensor/invalid_encoding.mlir	blob	100644	0d0234149fb3ea150084f09e1fd07f30cb4d5a83
mlir/test/Dialect/SparseTensor/minipipeline_parallel.mlir	blob	100644	d97d6e58a3df2d5b905c37507a57eac87e87ad6b
mlir/test/Dialect/SparseTensor/minipipeline_vector.mlir	blob	100755	b2dfbeb53fde8b6a1a44062050593019f3073fbb
mlir/test/Dialect/SparseTensor/no_lowering.mlir	blob	100644	4f21055a13d58a8cb283d671a85c51a133563525
mlir/test/Dialect/SparseTensor/one_shot_bufferize_invalid.mlir	blob	100644	bf2097b8012e2543d3a2a80161ae9e33c4840b6f
mlir/test/Dialect/SparseTensor/one_shot_bufferize_tensor_copy_insertion.mlir	blob	100644	b0a23302e0eda8ad52e4cecd9b6c4dc1b6608fb5
mlir/test/Dialect/SparseTensor/one_trip.mlir	blob	100644	9d2a125dbef171dfefb8a03243b6742345dbb4ec
mlir/test/Dialect/SparseTensor/pack_copy.mlir	blob	100644	ec8f0b531fb21818b59f6448adc607d880e5b984
mlir/test/Dialect/SparseTensor/pre_rewriting.mlir	blob	100644	5fdbb46e3d8b085b86f328b5b464c5e40f166721
mlir/test/Dialect/SparseTensor/rejected.mlir	blob	100644	c3cbde9703bb1ee5968f5153e7ecb1777eb2476d
mlir/test/Dialect/SparseTensor/rewriting_for_codegen.mlir	blob	100644	11fc502822539b045f2fc775d7fbad393f01ac01
mlir/test/Dialect/SparseTensor/roundtrip.mlir	blob	100644	ab861a2019dfae71ad82a14b1621ed498635ab7d
mlir/test/Dialect/SparseTensor/roundtrip_encoding.mlir	blob	100644	44710cad246c6a43c54d566bbe89b23c42c7bdff
mlir/test/Dialect/SparseTensor/scf_1_N_conversion.mlir	blob	100644	515de5502f322be483493e53eb05a4b3ebe89157
mlir/test/Dialect/SparseTensor/semi_ring.mlir	blob	100644	814acd67362284773e6c61732c3ea0355808256d
mlir/test/Dialect/SparseTensor/sorted_coo.mlir	blob	100644	81d300e851ec19ea6abe00d5fc4f20eed223db3e
mlir/test/Dialect/SparseTensor/sparse_1d.mlir	blob	100644	a2f3f7704ddde25fbc7ba4a771b05af723a5ecc3
mlir/test/Dialect/SparseTensor/sparse_2d.mlir	blob	100644	faf6404a96564254c881452930742a436845ded7
mlir/test/Dialect/SparseTensor/sparse_3d.mlir	blob	100644	f6ecfa0beba2604f5802fd2f2f03b352e1a64252
mlir/test/Dialect/SparseTensor/sparse_affine.mlir	blob	100644	973f8f575ed7d31c164ba6f234680d29b6cad39b
mlir/test/Dialect/SparseTensor/sparse_batch.mlir	blob	100644	88e93be62a9e602049610dfebda3027b1e292f9d
mlir/test/Dialect/SparseTensor/sparse_broadcast.mlir	blob	100644	f1cf90b2c06b21ebd7726b05891b9789a4cc3453
mlir/test/Dialect/SparseTensor/sparse_concat.mlir	blob	100644	5fd47971ea3be9c89381e44d2a04fc62bbea2646
mlir/test/Dialect/SparseTensor/sparse_conv_2d_slice_based.mlir	blob	100644	912f78a0b81fc4e6400713e781a06ba5afc4ea7c
mlir/test/Dialect/SparseTensor/sparse_expand.mlir	blob	100644	bdbbf52d86286ab4025f9e0f283f559205d71640
mlir/test/Dialect/SparseTensor/sparse_extract_slice.mlir	blob	100644	c501a09baa6eb88effb23b106826d1718d62bfcb
mlir/test/Dialect/SparseTensor/sparse_fill_zero.mlir	blob	100644	4b8a1a1ca3a9ad459c8e5e63b49a1f3554f674b2
mlir/test/Dialect/SparseTensor/sparse_foreach.mlir	blob	100644	c4ebec368a9cef19d64d285ffdc07e2805c9eade
mlir/test/Dialect/SparseTensor/sparse_foreach_rank0.mlir	blob	100644	bb0d51d71a4e0e15963cc0ccc678b2e346be63d2
mlir/test/Dialect/SparseTensor/sparse_fp_ops.mlir	blob	100644	69c0d8c84abbe28b5ad81616f8202e0df24f43a6
mlir/test/Dialect/SparseTensor/sparse_fusion.mlir	blob	100644	352a0fa242300c0dbbe156d73002fa3a7788805e
mlir/test/Dialect/SparseTensor/sparse_index.mlir	blob	100644	7fe662893f4b1808bbdf087f1bff8d0dad31b8f0
mlir/test/Dialect/SparseTensor/sparse_int_ops.mlir	blob	100644	be96dbf10242e866093dc0724f71840ddd538435
mlir/test/Dialect/SparseTensor/sparse_iteration_to_scf.mlir	blob	100644	855f1e99e73967fbe6d5c11db7e3194558bb2cda
mlir/test/Dialect/SparseTensor/sparse_itertion_licm.mlir	blob	100644	f70fab3b7251dfef7f1a8b04b0d2426a6ac824b3
mlir/test/Dialect/SparseTensor/sparse_kernels.mlir	blob	100644	5f2aa5e3a27367014497b17de8467b088a3d546f
mlir/test/Dialect/SparseTensor/sparse_kernels_to_iterator.mlir	blob	100644	7d789ce00a4ee1d67e22af3b03a36df0d4301330
mlir/test/Dialect/SparseTensor/sparse_loop_ordering.mlir	blob	100644	ec19b3cd84f6db9953db132abe4bb58991caecb0
mlir/test/Dialect/SparseTensor/sparse_lower.mlir	blob	100644	2866e115065d22c46c9d89f7cadf1673211e21cb
mlir/test/Dialect/SparseTensor/sparse_lower_col.mlir	blob	100644	17c3c29cf52119839589852d26def559a3b8683f
mlir/test/Dialect/SparseTensor/sparse_lower_inplace.mlir	blob	100644	f2a29a550ed01798908804e9c0dc0980e30f59c3
mlir/test/Dialect/SparseTensor/sparse_matmul_codegen.mlir	blob	100644	0362ab4607528beb6edfd72676859eb9feeca69f
mlir/test/Dialect/SparseTensor/sparse_matmul_one.mlir	blob	100755	be2172515d08bf2ba1d172783708b8ef6525874d
mlir/test/Dialect/SparseTensor/sparse_nd.mlir	blob	100644	8f06df3c9b98dda354d4086b4a6f8d59c78518a9
mlir/test/Dialect/SparseTensor/sparse_out.mlir	blob	100644	4dff06b8155dd771564f8691eab664467eb89711
mlir/test/Dialect/SparseTensor/sparse_outbuf.mlir	blob	100644	ebb5ab6075da21ccb610cfa130eb84a7176672bd
mlir/test/Dialect/SparseTensor/sparse_pack.mlir	blob	100644	d3c40573f439c9061db078e9e02483d2c4bd2761
mlir/test/Dialect/SparseTensor/sparse_parallel.mlir	blob	100644	1db7cf85ea5fb783fd1f127bef395c0c99b41827
mlir/test/Dialect/SparseTensor/sparse_parallel_reduce.mlir	blob	100644	1cfa8571a9f0f6564641b4796ab02264fb01d8ee
mlir/test/Dialect/SparseTensor/sparse_perm.mlir	blob	100644	289939fbfc16b9f66005afa43d50545d17b4ddf2
mlir/test/Dialect/SparseTensor/sparse_perm_lower.mlir	blob	100644	e2c841b1ac7d5f672100545d6d28ff41cfc22806
mlir/test/Dialect/SparseTensor/sparse_reinterpret_map.mlir	blob	100644	97c668716eecc32b282d056d006efda29533b30e
mlir/test/Dialect/SparseTensor/sparse_relu.mlir	blob	100644	25f0c790b43d77c56adfb93bb45cea6a9c3af041
mlir/test/Dialect/SparseTensor/sparse_reshape.mlir	blob	100644	846dd8560a998ae6b45ead58165289c512b217eb
mlir/test/Dialect/SparseTensor/sparse_scalars.mlir	blob	100644	8d1f62f69f0f6f4af0a56d5ec9850abce2825d85
mlir/test/Dialect/SparseTensor/sparse_sddmm.mlir	blob	100644	d653e144fb3bd1daec529f53d907d03b1b710b76
mlir/test/Dialect/SparseTensor/sparse_sddmm_org.mlir	blob	100644	39962b46d5d51c109edb2fc25a300059311af0af
mlir/test/Dialect/SparseTensor/sparse_space_collapse.mlir	blob	100644	73bd9dacf8c24854481ff7e8004ac88c3f323662
mlir/test/Dialect/SparseTensor/sparse_storage.mlir	blob	100644	cd55ba31a6bce78ad8d84c81af0c26f6e3e7d59e
mlir/test/Dialect/SparseTensor/sparse_tensor_codegen_expand.mlir	blob	100644	15cb2599ccda6f0b1eb76d4e7252eecf51c31140
mlir/test/Dialect/SparseTensor/sparse_tensor_reshape.mlir	blob	100644	ad4f8e08b3e3d2c7f9a91d3c6d56c9b786a01231
mlir/test/Dialect/SparseTensor/sparse_transpose.mlir	blob	100644	5038e977688dc90a43ad6cf13fcb19dbe41e8b46
mlir/test/Dialect/SparseTensor/sparse_vector.mlir	blob	100644	64235c722780039f7b3c6ce4c5a450d45ae798ac
mlir/test/Dialect/SparseTensor/sparse_vector_chain.mlir	blob	100644	0ab72897d7bc371bd7e3dee91f4f89ad445254ec
mlir/test/Dialect/SparseTensor/sparse_vector_concat.mlir	blob	100644	12b7f7cafc9b4f28dd335573d943f42dba132694
mlir/test/Dialect/SparseTensor/sparse_vector_coo.mlir	blob	100644	9b13b15a60e87c2f5c84a5a50aa780c320b623df
mlir/test/Dialect/SparseTensor/sparse_vector_index.mlir	blob	100644	e9587edef46788ebe137f8793112a84a36855a77
mlir/test/Dialect/SparseTensor/sparse_vector_mv.mlir	blob	100644	e25c3a02f91271ce9f00bfe9d1d3c129012faa37
mlir/test/Dialect/SparseTensor/sparse_vector_ops.mlir	blob	100644	fc6741c1f69a6cd764a0d13a57e8b088b5536a54
mlir/test/Dialect/SparseTensor/sparse_vector_peeled.mlir	blob	100644	35fd7c33e4cfedd12fcb8e8247705506356d06f2
mlir/test/Dialect/SparseTensor/specifier_to_llvm.mlir	blob	100644	8df8ac6b1675c0f3779f900a0fccd05852b320c6
mlir/test/Dialect/SparseTensor/spy_sddmm.mlir	blob	100644	328f217f8754e46f2818d91c91f0e46f4baa3832
mlir/test/Dialect/SparseTensor/spy_sddmm_bsr.mlir	blob	100755	a673b0dacf4af4529762f955cfc6c79c7eebb622
mlir/test/Dialect/SparseTensor/torch_linalg.mlir	blob	100644	4bb5938b2e44ecf80c34f50671fad94a788f011f
mlir/test/Dialect/SparseTensor/transform-ops.mlir	blob	100644	329c8c60bd315f88de009cd9e37c05d06f011120
mlir/test/Dialect/SparseTensor/unsparsifiable_dense_op.mlir	blob	100644	ea29f1d677eff7b3c40c0fd63376b955e4bed802
mlir/test/Dialect/SparseTensor/unused-tensor.mlir	blob	100644	526c3f4f8830c0c92bd8b7a3ed3d0496fb747e1e
mlir/test/Dialect/SparseTensor/vectorize_reduction.mlir	blob	100644	5eb428f197a756a95c92ef1986312531b6ff23d0
mlir/test/Dialect/Tensor/bubble-reshapes.mlir	blob	100644	81bf8e3f60e2c11afd38cca098924ce96516c86e
mlir/test/Dialect/Tensor/bubble-up-extract-slice-op.mlir	blob	100644	31232ee7151b2b418561a600fbd52db6dba718b9
mlir/test/Dialect/Tensor/bufferize.mlir	blob	100644	be8ce20d8f1544f3ffa46f5640116d762d712124
mlir/test/Dialect/Tensor/canonicalize.mlir	blob	100644	dab8c6e6ed2ec4bf5519d435b8fd1c23fdbced34
mlir/test/Dialect/Tensor/decompose-concat.mlir	blob	100644	2b1cb138ecda5bd4a45801455fa7008fa4bdf6ed
mlir/test/Dialect/Tensor/drop-redundant-insert-slice-rank-expansion.mlir	blob	100644	e21d85411b2a7ec4e9617f2cf6ed217b4af9d954
mlir/test/Dialect/Tensor/extract-from-collapse-shape.mlir	blob	100644	c301f494a7c87ddc20134ef8e4e0ed4f6cb34c36
mlir/test/Dialect/Tensor/extract-slice-from-collapse-shape.mlir	blob	100644	4bb099e3401ecfaf6a29f242dccb20f5334f3f62
mlir/test/Dialect/Tensor/fold-consecutive-insert-extract-slice.mlir	blob	100644	fb1d7398620962bce445d174e00123aea7e06cbb
mlir/test/Dialect/Tensor/fold-constant-extract-slice.mlir	blob	100644	ae1e0d4d481f1e0db3616ebedfd6b14c8d6e2e64
mlir/test/Dialect/Tensor/fold-empty-op.mlir	blob	100644	4a821b3f33b316cce3377c8b23e90c3118c8b81c
mlir/test/Dialect/Tensor/fold-into-pack-and-unpack.mlir	blob	100644	e0d9059a6f2d18bcd1ca8bb6c3f4a65edd1ae52f
mlir/test/Dialect/Tensor/fold-reassociative-reshapes.mlir	blob	100644	594d540dfca0aa2ff9676c782a19e8f1a2f78308
mlir/test/Dialect/Tensor/fold-tensor-subset-ops-into-vector-transfers.mlir	blob	100644	c2f21683d0cd68ab66f9707fd29198fa445d0b89
mlir/test/Dialect/Tensor/fold-tensor-subset-ops.mlir	blob	100644	2ef7c075ad5843886f49ff098d46ee7e740abd2e
mlir/test/Dialect/Tensor/int-range-inference.mlir	blob	100644	e90ebf5fccb8ea8648d9b7111e3fb1d12512c318
mlir/test/Dialect/Tensor/invalid.mlir	blob	100644	a526d7ed61722b0e6139c14ba6655405022a4282
mlir/test/Dialect/Tensor/one-shot-bufferize-encodings.mlir	blob	100644	7398fdf614e1a71efb6883dacddebd132d46cf2b
mlir/test/Dialect/Tensor/one-shot-bufferize-tensor-copy-insertion.mlir	blob	100644	69af46eddff0986fe61acf44d340532b4fd7db44
mlir/test/Dialect/Tensor/one-shot-bufferize.mlir	blob	100644	f66cf7ae532664a51febb99e0adbc1c8f8c0a991
mlir/test/Dialect/Tensor/ops.mlir	blob	100644	681a934ba0698ed40dcac2e528721bbf26a18d75
mlir/test/Dialect/Tensor/reify-shapes.mlir	blob	100644	5569d90f8b731ba85cb689f3ada675558df0f619
mlir/test/Dialect/Tensor/resolve-shaped-type-result-dims.mlir	blob	100644	1676c146773775c77a398e5a17dc20e08a36a871
mlir/test/Dialect/Tensor/rewrite-as-constant.mlir	blob	100644	35ee6f1caf0d9ba24aad1d5c4a75434a6e4badb5
mlir/test/Dialect/Tensor/scalarize-single-elem-return.mlir	blob	100644	0a80155a8ae6c7c314de2d5f35e892171e64d388
mlir/test/Dialect/Tensor/shard-partition.mlir	blob	100644	5918ee1eddf57784c4f7c30b6d53dc07130a81e8
mlir/test/Dialect/Tensor/tiling.mlir	blob	100644	32fb0c9e41c39b3ebf4b4d6ba52c74c274d0c56d
mlir/test/Dialect/Tensor/tracking-listener.mlir	blob	100644	5d06ca8135dbd0c734c8ca425472b6e059cfa8e2
mlir/test/Dialect/Tensor/transform-op-casting.mlir	blob	100644	16a1fa2b0ba9c7556d461f5805f5e5f02925dc51
mlir/test/Dialect/Tensor/transform-op-make-loop-independent.mlir	blob	100644	382dd25914b790d18e1d7c7961a633305ca073a5
mlir/test/Dialect/Tensor/value-bounds-op-interface-impl.mlir	blob	100644	864f8c97a1ee4c5d1506637b509dfa2f1ac2890d
mlir/test/Dialect/Tosa/canonicalize.mlir	blob	100644	0807e145b55ab5048822e309cb30972b41a15c3a
mlir/test/Dialect/Tosa/constant-reciprocal-fold.mlir	blob	100644	12a3aee428ac6efc810a84bac9c21e9d400786ec
mlir/test/Dialect/Tosa/constant_folding.mlir	blob	100644	a2a0cab592220379924a150011eff8f993958bda
mlir/test/Dialect/Tosa/constrained_shapes.mlir	blob	100644	e06efbbfa1ad9833c36b97f69e629b2c0ce4c586
mlir/test/Dialect/Tosa/controlflow.mlir	blob	100644	06312c7ba2df638f9663e80f24ec6358bda64a50
mlir/test/Dialect/Tosa/dynamic_extension.mlir	blob	100644	bb27f4bbbd8af15c1da345c91f3c6c8b12fdc95e
mlir/test/Dialect/Tosa/error_if_check.mlir	blob	100644	ab31657019674a53f07903225e294fb054ca7e6d
mlir/test/Dialect/Tosa/inlining.mlir	blob	100644	c97441a5016600eb17c4fd55ce3a4d3e16ee4033
mlir/test/Dialect/Tosa/invalid.mlir	blob	100644	40e7049bd62841f682fe24b48cf1da1957e5b9dc
mlir/test/Dialect/Tosa/invalid_extension.mlir	blob	100644	a1e5e28076349f7767092565497e9465b4467e68
mlir/test/Dialect/Tosa/level_check.mlir	blob	100644	8f91d2f40d37d6b6907d8b99d19aa238c05a12ef
mlir/test/Dialect/Tosa/ops.mlir	blob	100644	43aee928aee1f798764b334720b94f90fddb434c
mlir/test/Dialect/Tosa/profile_all_unsupported.mlir	blob	100644	1c2899151cf4e91938ec62d73781cf08701e5d06
mlir/test/Dialect/Tosa/profile_pro_fp_unsupported.mlir	blob	100644	3f0ffab5fcd7dee88a9e028a9395846b11446cda
mlir/test/Dialect/Tosa/profile_pro_int_unsupported.mlir	blob	100644	c6239d1bba72b805313752b28fdc34ffd2390740
mlir/test/Dialect/Tosa/quant-test.mlir	blob	100644	88dffe7fdd2e8d3e6d6bc49319c426d16d031bec
mlir/test/Dialect/Tosa/tosa-arith-const-to-tosa-const.mlir	blob	100644	79219510a239fa2b9ebd004003a7fd628042d0b5
mlir/test/Dialect/Tosa/tosa-attach-target-non-cooperative-profile.mlir	blob	100644	a72228896cd0ac82476720e79435b15fcf169a96
mlir/test/Dialect/Tosa/tosa-attach-target.mlir	blob	100644	558a599fbbc1e91c98911a9e44528ec6af6152f4
mlir/test/Dialect/Tosa/tosa-convert-integer-type-to-signless.mlir	blob	100644	e8cfc4562ea137cb98f128ff63ea3f7bfa92f0c8
mlir/test/Dialect/Tosa/tosa-decompose-depthwise.mlir	blob	100644	d4c4595e84ee0e07455fca2673be5bfb4df0bc89
mlir/test/Dialect/Tosa/tosa-decompose-transpose-conv.mlir	blob	100644	61ca0aedf6a4639130258ade3425d4add1a86cd5
mlir/test/Dialect/Tosa/tosa-downgrade-1-1-to-1-0.mlir	blob	100644	1532ec91d53e8ddb1e6b317d252b9f4484695262
mlir/test/Dialect/Tosa/tosa-infer-shapes-fold-shape-expressions.mlir	blob	100644	067f0efba9c86d6bf2b2b0b253314e6d5d4b2469
mlir/test/Dialect/Tosa/tosa-infer-shapes.mlir	blob	100644	d0d1906524f83261fa9256e793b2f90bb4df027d
mlir/test/Dialect/Tosa/tosa-input-shape.mlir	blob	100644	8b390a1826240629dfc1d756447755135b3c7734
mlir/test/Dialect/Tosa/tosa-layerwise-constant-fold-dense-resource.mlir	blob	100644	86c8f64adbc6b4871ca44b9d8153b70bd300adc9
mlir/test/Dialect/Tosa/tosa-layerwise-constant-fold.mlir	blob	100644	9f745d4f57640e5f05dd69d286fc8591e8d64d52
mlir/test/Dialect/Tosa/tosa-narrow-f64-to-f32-aggressive.mlir	blob	100644	2f02e3e9e7609efa2a0a59fb4a94af0a50a2fc56
mlir/test/Dialect/Tosa/tosa-narrow-f64-to-f32.mlir	blob	100644	7c78f0067ffca53102fed0626b5158bcfaa28913
mlir/test/Dialect/Tosa/tosa-narrow-i64-to-i32-aggressive.mlir	blob	100644	b7d0a025a04e7d614193432137c91ddcc8b7d7d3
mlir/test/Dialect/Tosa/tosa-narrow-i64-to-i32.mlir	blob	100644	f51c5b714378e4b1b8950485521d99e62ebd8561
mlir/test/Dialect/Tosa/tosa-reduce-transposes.mlir	blob	100644	46e4f504af0ecd0f27142ac5bab7952ce9029772
mlir/test/Dialect/Tosa/tosa-validation-valid-strict.mlir	blob	100644	8e0ad0a5e46a7e2ebbf1de43ff0a0378155199b4
mlir/test/Dialect/Tosa/tosa-validation-valid.mlir	blob	100644	d2d010d3a0845de19a45f4cddd73bdd999408585
mlir/test/Dialect/Tosa/tosa-validation-version-1p0-invalid.mlir	blob	100644	c8baf1effb344c95c1cb99582aa2449a71b1b28a
mlir/test/Dialect/Tosa/tosa-validation-version-1p0-pro-fp-invalid.mlir	blob	100644	fac82bf3bb97807fd5f6d867c27201766997bd33
mlir/test/Dialect/Tosa/tosa-validation-version-1p0-valid.mlir	blob	100644	6e8855878231651202f85be8366ff20bf5593461
mlir/test/Dialect/Tosa/tosa-validation-version-1p1-invalid.mlir	blob	100644	20e004077d29131fe45c9a91354ac65eddb43233
mlir/test/Dialect/Tosa/tosa-validation-version-1p1-pro-fp-valid.mlir	blob	100644	408ee86690154661106635c40b40e5f976944d23
mlir/test/Dialect/Tosa/tosa-validation-version-1p1-valid.mlir	blob	100644	071db7a1ffc1b51697331fa507e64019c39a63ae
mlir/test/Dialect/Tosa/transpose-fold.mlir	blob	100644	d29cb54eb2117c503d2db85f485dbc39a6c3f871
mlir/test/Dialect/Tosa/variables.mlir	blob	100644	0c104e8e8d7ea1e0215647fd774d10c9f1e7fc9f
mlir/test/Dialect/Tosa/verifier.mlir	blob	100644	061ea403a40b5b846ad6804bc0dda04bbe1b125a
mlir/test/Dialect/Transform/Library/lower-to-llvm-transform-symbol-def.mlir	blob	100644	0ba50bd2362b34d9cf0ab2186d8906a1a98d97c9
mlir/test/Dialect/Transform/apply-foreach-nested.mlir	blob	100644	23f45b97bc2f84770c1ce8d64a4fae9d53a8f097
mlir/test/Dialect/Transform/check-use-after-free.mlir	blob	100644	76f4b4fb6bd69be29720e2a1293902c80560b0d3
mlir/test/Dialect/Transform/expensive-checks.mlir	blob	100644	f932c6b05684eecf41d4872df5ce8b2beb1f8746
mlir/test/Dialect/Transform/foreach-match.mlir	blob	100644	a7cd8e9ff543ee5bd88a08e7e764f3a6aff0f651
mlir/test/Dialect/Transform/include-failure-propagation.mlir	blob	100644	94e9d8f27c23365c291685f973aeb62f9d327a19
mlir/test/Dialect/Transform/include/Library/lower-to-llvm.mlir	blob	100644	afd1c89dd2b52f6f5d632dffdbce3efd3d43acfb
mlir/test/Dialect/Transform/include/test-interpreter-external-concurrent-source.mlir	blob	100644	255ff5f31ed3f5a5549d52f0d9c0bba61da3f1ea
mlir/test/Dialect/Transform/include/test-interpreter-external-source.mlir	blob	100644	f6b7f787cc2c38d6cd1ab16da961ffc7081cf19b
mlir/test/Dialect/Transform/include/test-interpreter-external-symbol-def-invalid.mlir	blob	100644	c55a030c965e5669e8789a77f12466fa3b9390fd
mlir/test/Dialect/Transform/include/test-interpreter-library-invalid/definitions-invalid.mlir	blob	100644	5e906c50a0e66aa3054c26ea71226a1976be46d2
mlir/test/Dialect/Transform/include/test-interpreter-library/definitions-self-contained.mlir	blob	100644	6183e1f6f0ffa1e7710feb9b0e375f398da706d0
mlir/test/Dialect/Transform/include/test-interpreter-library/definitions-with-unresolved.mlir	blob	100644	a3b315952b309704dc6371dbb62ae0d43341c65b
mlir/test/Dialect/Transform/infer-effects.mlir	blob	100644	1b62c725ffb2f05a9573af4474c4b91624991075
mlir/test/Dialect/Transform/inliner-legality.mlir	blob	100644	c63385eb30321f976e87cec6fa5b745dddb0463f
mlir/test/Dialect/Transform/interpreter-entry-point-2.mlir	blob	100644	5c97c4c25ea413e41c0f7379d55f6ca3a41a012e
mlir/test/Dialect/Transform/interpreter-entry-point.mlir	blob	100644	ccd9bef3d506ddfb6d9e7170794932aa285fa82e
mlir/test/Dialect/Transform/interpreter.mlir	blob	100644	bb41420bef4d63c4bd4607cbb0d60b8d716be94a
mlir/test/Dialect/Transform/irdl.mlir	blob	100644	6c8c0bf50191a9f3e57734523e62c74438f0dc96
mlir/test/Dialect/Transform/multi-arg-top-level-ops.mlir	blob	100644	1c018b1b1f7796baad3d382a9bac2c8dc234e570
mlir/test/Dialect/Transform/multi-arg-top-level-params.mlir	blob	100644	6486bcae3294e4a2c56a10f6001b3eeefbb85de6
mlir/test/Dialect/Transform/multi-arg-top-level-values.mlir	blob	100644	dcc1079267dc7cecd09ec47e99e04b66c9af91ad
mlir/test/Dialect/Transform/normal-forms.mlir	blob	100644	ec421fe8809d4f4300a6c1508ba669c4ee2aa798
mlir/test/Dialect/Transform/ops-invalid.mlir	blob	100644	c50c773a1e8141be7027c3e4ad7b4fc5cf373f97
mlir/test/Dialect/Transform/ops.mlir	blob	100644	e9baffde262fafd033270ea019c9a7c2af3c7bda
mlir/test/Dialect/Transform/preload-library-invalid.mlir	blob	100644	9abb849e4d27eb172e1506d2ed48493048cb3afa
mlir/test/Dialect/Transform/preload-library.mlir	blob	100644	657bf50b35831fc47c6af5ad3900ec18ab7e215e
mlir/test/Dialect/Transform/selective-targeting.mlir	blob	100644	69342100935c780f673d57996e47a97941f9fe08
mlir/test/Dialect/Transform/test-dialect-injection.mlir	blob	100644	400ee8e6c7b8b6b911e44d37e9473234794c1588
mlir/test/Dialect/Transform/test-interpreter-debug.mlir	blob	100644	99301ea23c6f8d6d0a0cc5c7b7591337cbc0696d
mlir/test/Dialect/Transform/test-interpreter-external-concurrent.mlir	blob	100644	9884102c6c0ff5baad1d75544809b027efa574bc
mlir/test/Dialect/Transform/test-interpreter-external.mlir	blob	100644	599ce05fcc40b1a210112cd709c86d0bfce3b547
mlir/test/Dialect/Transform/test-interpreter-printing.mlir	blob	100644	a54c83d2b249eb473934da1c51e256771613175e
mlir/test/Dialect/Transform/test-interpreter.mlir	blob	100644	5e49ba784f79a5b503f12296a21334b4c0edfcf8
mlir/test/Dialect/Transform/test-loop-transforms.mlir	blob	100644	475be0169dc66659a5b99256ed0e32d148fe3ed1
mlir/test/Dialect/Transform/test-pass-application.mlir	blob	100644	4806daf7ce73fbab3a52f87d47f551755311b3e1
mlir/test/Dialect/Transform/test-pattern-application.mlir	blob	100644	f78b4b6f6798c5bf9bd3135f7ed45ec89bb3f28b
mlir/test/Dialect/Transform/test-pdl-extension.mlir	blob	100644	a3349c1ba5059421f56bf044ed688f67b7130f5d
mlir/test/Dialect/Transform/test-promote-tensors.mlir	blob	100644	bc9a05af641568b7be1da6c0ae1e692509b4bf5b
mlir/test/Dialect/Transform/test-smt-extension-invalid.mlir	blob	100644	d91d69a756458a81a4eb47ef6658015bbfe27153
mlir/test/Dialect/Transform/test-smt-extension.mlir	blob	100644	6cc41dd52473ecdf31471edf58ced22a8ac319d4
mlir/test/Dialect/Transform/test-tune-extension-invalid.mlir	blob	100644	efc3890288456799b91653aa9d11e6af431938e4
mlir/test/Dialect/Transform/test-tune-extension.mlir	blob	100644	5da48a2218ec67e6b2022202dd6188e311b6c774
mlir/test/Dialect/Transform/transform-state-extension-initializer.mlir	blob	100644	9fb4d1b8689164347711ee54d95f7543a1d46094
mlir/test/Dialect/Transform/transform-state-extension.mlir	blob	100644	e8c0b7a8a3aac001661b6b545584e447345fe687
mlir/test/Dialect/UB/canonicalize.mlir	blob	100644	c3f286e49b09bb9f6b93142f1d5fb5c63fc8873e
mlir/test/Dialect/UB/inlining.mlir	blob	100644	cb76750044a3b8f4bc81d7d1a06289806baf2c4a
mlir/test/Dialect/UB/ops.mlir	blob	100644	730c1bd1380b80d40f9977682d1242791ad54c46
mlir/test/Dialect/Vector/CPU/ArmSVE/vector-bfmmla.mlir	blob	100644	ca9d91576b5126d95393b66c23197f8eb2bc2cd9
mlir/test/Dialect/Vector/CPU/ArmSVE/vector-smmla.mlir	blob	100644	404ef87380c9c505bd01b9147490beff95e3a7c7
mlir/test/Dialect/Vector/CPU/ArmSVE/vector-summla.mlir	blob	100644	518e995b698adb4dd7edfdcdf30670ec6bc27590
mlir/test/Dialect/Vector/CPU/ArmSVE/vector-ummla.mlir	blob	100644	703182490f66040b3b4f9a25d22948af5f884f67
mlir/test/Dialect/Vector/CPU/ArmSVE/vector-usmmla.mlir	blob	100644	28156f6ef27006c38af4118ee0ed36ac7d454397
mlir/test/Dialect/Vector/CPU/X86/vector-transpose-lowering.mlir	blob	100644	949b90e247a2b1dd1a61fd12b91113e7628d2fac
mlir/test/Dialect/Vector/break-down-vector-reduction.mlir	blob	100644	8ef5383c98129ea85f936fb70b9f5c04503b8344
mlir/test/Dialect/Vector/bufferize-invalid.mlir	blob	100644	bcca50a0fe79a63954198721e568ef9b3b57a03c
mlir/test/Dialect/Vector/bufferize.mlir	blob	100644	70adefd0dc4ecdeaab08d58ce458e3fb2561a1a1
mlir/test/Dialect/Vector/canonicalize.mlir	blob	100644	bb1729cd7c3bc31491c27fe5c65b372b8704002a
mlir/test/Dialect/Vector/canonicalize/vector-extract.mlir	blob	100644	615d79dab77ab001e6640c8f6fa90273d94e1743
mlir/test/Dialect/Vector/canonicalize/vector-from-elements.mlir	blob	100644	aa6539e466c95b32e33b00b763ebb9fecd80ec11
mlir/test/Dialect/Vector/canonicalize/vector-step.mlir	blob	100644	7592e994449b7f3174a83da556ab626cd3cef018
mlir/test/Dialect/Vector/canonicalize/vector-to-elements.mlir	blob	100644	76be76a5312c98360db638ff732506c37a80e28a
mlir/test/Dialect/Vector/canonicalize/vector-to-shape-cast.mlir	blob	100644	7ae190d0b3c56c0f62829b7b333a10db1a23ba31
mlir/test/Dialect/Vector/canonicalize/vector-transfer-read-write.mlir	blob	100644	360e4e7b48e9c39f70a4504c4485876b46448b6c
mlir/test/Dialect/Vector/canonicalize/vector-transpose.mlir	blob	100644	f1e1c5e896c662e218a2055c472ea9c50126ba0b
mlir/test/Dialect/Vector/chained-vector-reduction-folding.mlir	blob	100644	3048f53345e5cd20a995db8389d93d61ba82e85b
mlir/test/Dialect/Vector/constant-fold.mlir	blob	100644	cbb159fd59ffca4554ca3ecda88172b480a73561
mlir/test/Dialect/Vector/drop-unit-dims-with-shape-cast.mlir	blob	100644	34a155fbf2fc15de466e1b30277c81fa01a91bfa
mlir/test/Dialect/Vector/eliminate-masks.mlir	blob	100644	88be7e529bb9e3090298407ee632dda5dff1a4cc
mlir/test/Dialect/Vector/emulate-narrow-type-unsupported.mlir	blob	100644	d3abccf641914604a265b0a9879f1c41a01a5b04
mlir/test/Dialect/Vector/flatten-memref-and-emulate-narrow-types.mlir	blob	100644	ef253624fe0b49a87ebdfdda672e42dad043e39f
mlir/test/Dialect/Vector/fold-arith-extf-into-vector-contract.mlir	blob	100644	6dbde7afbdd33bb52b3a25d308a049190dd23b67
mlir/test/Dialect/Vector/inlining.mlir	blob	100644	053a115613ff6414e6776f080c2f877feb80bdff
mlir/test/Dialect/Vector/int-range-interface.mlir	blob	100644	6e2aa064a67f844a35307ddc742f1712933f9823
mlir/test/Dialect/Vector/invalid.mlir	blob	100644	0097db39f6ed90005ab5d906d86d2c37510de0eb
mlir/test/Dialect/Vector/linearize-subject-to-bitwidth.mlir	blob	100644	739fb2fb8b68be22f6aba4bb937ca84987d728eb
mlir/test/Dialect/Vector/linearize.mlir	blob	100644	c2e64a6ec16e91b77bb9694d1980c17407541d16
mlir/test/Dialect/Vector/lit.local.cfg	blob	100644	3e9e8f84976246cd58818a258b4cb25dbd614bb7
mlir/test/Dialect/Vector/lower-vector-mask.mlir	blob	100644	a8a1164e2f762b820de115d53283e292dcaec6cb
mlir/test/Dialect/Vector/one-shot-bufferize.mlir	blob	100644	c2d699b9b013a104b39915803e5379cee6418d13
mlir/test/Dialect/Vector/ops.mlir	blob	100644	1b4109a3368ead962ac0ca5b8488ea590a508008
mlir/test/Dialect/Vector/scalar-vector-transfer-to-memref.mlir	blob	100644	7fec1c6ba564205895f93a3c005673e9d0cf0255
mlir/test/Dialect/Vector/shape-cast-folder.mlir	blob	100644	9550c5c4ae0561677a2d7afc4c87ca726e893e73
mlir/test/Dialect/Vector/side-effects.mlir	blob	100644	54c274a1a2a022e5ab6caae4f8ff930673b8b8a5
mlir/test/Dialect/Vector/single-fold.mlir	blob	100644	baccdc3f51c05fddcd9b606f1b996b787fa84f46
mlir/test/Dialect/Vector/td/flatten.mlir	blob	100644	870018d7dee0c74e2689ac2fb41424c1f19ae7ee
mlir/test/Dialect/Vector/td/unroll-elements.mlir	blob	100644	f7c69b503a561383cdccd638e95e2f5f6efad4f5
mlir/test/Dialect/Vector/td/xfer-drop-unit-dims.mlir	blob	100644	44a823801d1cdd43838a6e091167cfc719c1e0cc
mlir/test/Dialect/Vector/test-create-broadcast.mlir	blob	100644	f7af184da4f511821cebb2649ad286dec95586df
mlir/test/Dialect/Vector/test-scalable-bounds.mlir	blob	100644	ddbd805b1cdec36e95d6035fa78b16a9ae58d982
mlir/test/Dialect/Vector/transform-op-vector-to-llvm.mlir	blob	100644	271cdf0e059f4c38935fc09bbdab8b2e72f10c88
mlir/test/Dialect/Vector/transform-vector.mlir	blob	100644	4dc11c26e83f1c2dfdb6a3198e51660c3bdc4671
mlir/test/Dialect/Vector/value-bounds-op-interface-impl.mlir	blob	100644	1a94bbac9dff855e1bec2a72d6e946e704908734
mlir/test/Dialect/Vector/vector-bitcast-lowering-transforms.mlir	blob	100644	29e7007666e8786a3b8fa085c16a7f5b742bcb43
mlir/test/Dialect/Vector/vector-break-down-bitcast.mlir	blob	100644	173388f63ecda559908a103b7af8e9ca076036a8
mlir/test/Dialect/Vector/vector-broadcast-lowering-transforms.mlir	blob	100644	c2922cdbe55aa26d4330e945f2eead47f6723d1a
mlir/test/Dialect/Vector/vector-contract-matmul-transforms.mlir	blob	100644	ac190b4bec3cdb6595d012edb222eb1d93a597be
mlir/test/Dialect/Vector/vector-contract-to-dot-transforms.mlir	blob	100644	d00fe588f2b5bfc876e3f3dbbc858e61f78bcfe0
mlir/test/Dialect/Vector/vector-contract-to-matrix-intrinsics-transforms.mlir	blob	100644	11ca563c82d3f434469431828c1bd89811571265
mlir/test/Dialect/Vector/vector-contract-to-outerproduct-matmul-transforms.mlir	blob	100644	7a60ff8ea85897b593fe73da3a596e1653f0bdd6
mlir/test/Dialect/Vector/vector-contract-to-outerproduct-matvec-transforms.mlir	blob	100644	0b3636e3b196b9a567f7c07530441671746ce3a0
mlir/test/Dialect/Vector/vector-contract-to-parallel-arith-transforms.mlir	blob	100644	c5e116d326a78de9bfb4c14495f67b290e4cbceb
mlir/test/Dialect/Vector/vector-deinterleave-lowering-transforms.mlir	blob	100644	53f4a8970c7949725d4dc60fcb72683c3bd36805
mlir/test/Dialect/Vector/vector-dropleadunitdim-transforms.mlir	blob	100644	ab921b32c05df27bd6aa9bb67808232976ea40d2
mlir/test/Dialect/Vector/vector-emulate-masked-load-store.mlir	blob	100644	b904fb1ab3f7a926431722bb9fcef727d65b2a8a
mlir/test/Dialect/Vector/vector-emulate-narrow-type-aligned-store-only.mlir	blob	100644	2ef568fa6a7410e2125692cac23b30ac84f45ed2
mlir/test/Dialect/Vector/vector-emulate-narrow-type-unaligned-dynamic-store.mlir	blob	100644	518d825234502ce40c1e6bf0caa6a179f1ee3795
mlir/test/Dialect/Vector/vector-emulate-narrow-type-unaligned-non-atomic.mlir	blob	100644	d27e99a54529ceb0d4df108aa3fb7d325ff9d699
mlir/test/Dialect/Vector/vector-emulate-narrow-type-unaligned.mlir	blob	100644	bec7736b90973d1e3d114d3c034cc3a9466c19e2
mlir/test/Dialect/Vector/vector-emulate-narrow-type.mlir	blob	100644	72b355e0fed65e8c1b024386af664eaace2f3252
mlir/test/Dialect/Vector/vector-extract-strided-slice-lowering.mlir	blob	100644	d840b204e528838d6e83164f3d902185b461065c
mlir/test/Dialect/Vector/vector-from-elements-lowering.mlir	blob	100644	0d1bc662d09a01b0771b2b3b35f544df7d2595a1
mlir/test/Dialect/Vector/vector-gather-lowering.mlir	blob	100644	cee504078fe6db26ae3883114174505bb4151726
mlir/test/Dialect/Vector/vector-interleave-deinterleave-to-shuffle.mlir	blob	100644	13d1af28f9eb8625c47953078258e6838fb2270b
mlir/test/Dialect/Vector/vector-interleave-lowering-transforms.mlir	blob	100644	598f7d70b4f1b2f2c2672d6dec139ed9ee1d8bd9
mlir/test/Dialect/Vector/vector-mask-lowering-transforms.mlir	blob	100644	b5eb6e63f5a8dd69fa31e7c3ac393a456adfe49d
mlir/test/Dialect/Vector/vector-materialize-mask.mlir	blob	100644	a3fd6339492c4e2d1fd0baaf4d63c2252bffaa00
mlir/test/Dialect/Vector/vector-mem-transforms.mlir	blob	100644	cd7ea84cdb2eb4789d866d176254224280be80ed
mlir/test/Dialect/Vector/vector-multi-reduction-flattening.mlir	blob	100644	4ebcd60ccb13c8d83573df4c0b014973cb5e036f
mlir/test/Dialect/Vector/vector-multi-reduction-pass-lowering.mlir	blob	100644	ddbc5c7bdb2c081d9e26ce3efc6d6d4978e96399
mlir/test/Dialect/Vector/vector-multi-reduction-reorder.mlir	blob	100644	0a22205f61f90768ad131346fb3266074537f32a
mlir/test/Dialect/Vector/vector-multi-reduction-to-fma.mlir	blob	100644	75ac060bcc6660b38a791f7fc76d55e618d412d7
mlir/test/Dialect/Vector/vector-multi-reduction-unrolling.mlir	blob	100644	447416ccba637043431bf700d2fc348496ff5139
mlir/test/Dialect/Vector/vector-outerproduct-lowering-transforms.mlir	blob	100644	5a8125ed6717390d666e144da64288810264221b
mlir/test/Dialect/Vector/vector-reduce-to-contract.mlir	blob	100644	8e53a815f70f88fc77f8e0b8e900f50422ebe294
mlir/test/Dialect/Vector/vector-rewrite-narrow-types.mlir	blob	100644	a4af307b15da4aa2f0da9e2a8ef0125d7ac9ad20
mlir/test/Dialect/Vector/vector-rewrite-subbyte-ext-and-trunci.mlir	blob	100644	aa75e020052566cac3af40b3066cdf9f5199cd11
mlir/test/Dialect/Vector/vector-scalable-create-mask-lowering.mlir	blob	100644	772388b6490c6ea13730b888cacc8bdde6cefb4e
mlir/test/Dialect/Vector/vector-scan-transforms.mlir	blob	100644	27a36538095e091aa26955dea6f786ecb769ec9d
mlir/test/Dialect/Vector/vector-shape-cast-lowering-scalable-vectors.mlir	blob	100644	f4becad3c79c15b33dcbb17a89253cd872b6e532
mlir/test/Dialect/Vector/vector-shape-cast-lowering-transforms.mlir	blob	100644	5011d8b2b2ef65183b71337a85b1984f0f7f93b3
mlir/test/Dialect/Vector/vector-shuffle-lowering.mlir	blob	100644	a137811fa367c3e0821a7dfcd3ef949147e3e1a5
mlir/test/Dialect/Vector/vector-sink-transform.mlir	blob	100644	4d042767421646a252765fb09b4faf9ebf9d44d9
mlir/test/Dialect/Vector/vector-sink.mlir	blob	100644	6634f5d20cc854a302afb812bd73f2baaebc6357
mlir/test/Dialect/Vector/vector-step-lowering.mlir	blob	100644	7924e65a2b0a9b838713e7eb030bb0dafb391006
mlir/test/Dialect/Vector/vector-to-elements-lowering.mlir	blob	100644	c521bf0138f98198899dd14decd4f14932ee7d9f
mlir/test/Dialect/Vector/vector-tofrom-elements-to-shuffle-tree-transforms.mlir	blob	100644	3366d2708a36eaa99bd7f4ca4aba281095ab0f87
mlir/test/Dialect/Vector/vector-transfer-collapse-inner-most-dims.mlir	blob	100644	1bedce7ea6a678cb18f52c3367916d5c9c6c0a25
mlir/test/Dialect/Vector/vector-transfer-drop-unit-dims-patterns.mlir	blob	100644	e6c9fc297215cd3a1075ae30aa5f20d958708a2e
mlir/test/Dialect/Vector/vector-transfer-flatten.mlir	blob	100644	b048af24acfcd17e88d94ede4f538e85067ede9f
mlir/test/Dialect/Vector/vector-transfer-full-partial-split-copy-transform.mlir	blob	100644	483147c6f6a402fa35a7bb753139210ad7816247
mlir/test/Dialect/Vector/vector-transfer-full-partial-split.mlir	blob	100644	a9c7bf8e8b3279455747e3de3001ffa6192b85af
mlir/test/Dialect/Vector/vector-transfer-permutation-lowering.mlir	blob	100644	3ae18835c8367e78beb9a518001149f38ff1d24e
mlir/test/Dialect/Vector/vector-transfer-to-vector-load-store.mlir	blob	100644	8206c1a3ec865c43b901e752edcfc256192aa4b9
mlir/test/Dialect/Vector/vector-transfer-unroll.mlir	blob	100644	456277121c86c1ab42f6a85c80aa01313de703c0
mlir/test/Dialect/Vector/vector-transferop-opt.mlir	blob	100644	f4f7fb1ba030456b05e6180842efb8c720f0df4b
mlir/test/Dialect/Vector/vector-transforms.mlir	blob	100644	de12a87253a673f30bdb5bfb6f6b03b3489ab0d3
mlir/test/Dialect/Vector/vector-transpose-lowering.mlir	blob	100644	7838aad1825bc2f260239deef19acb529133fa33
mlir/test/Dialect/Vector/vector-transpose-to-matrix-intrinsics-transform.mlir	blob	100644	f68badaa122cd917e12cc20027b650db3b29c763
mlir/test/Dialect/Vector/vector-unroll-options.mlir	blob	100644	da058d5d2410d54dfcd504c4e51c778ca283a276
mlir/test/Dialect/Vector/vector-warp-distribute.mlir	blob	100644	691913b3bd5dc7bc28efe95149917151fb77a77e
mlir/test/Dialect/Vector/warp-distribute-scf-for-block-args.mlir	blob	100644	95a37959363407c0be426358d4518c073e12bec8
mlir/test/Dialect/WasmSSA/custom_parser/global.mlir	blob	100644	6441731a0a335d55fcd697927b2a9feb4fa63f95
mlir/test/Dialect/WasmSSA/custom_parser/if.mlir	blob	100644	cee3c695af2f0bb3402ad13a66567736c56ff167
mlir/test/Dialect/WasmSSA/custom_parser/import.mlir	blob	100644	dc232299afadd3c8841774832bf92221008b55b3
mlir/test/Dialect/WasmSSA/custom_parser/local.mlir	blob	100644	f613ebf07be1d54bdf6bd735ea61950fcacadb2b
mlir/test/Dialect/WasmSSA/custom_parser/memory.mlir	blob	100644	ca6ebe01b1f7e63ad06ae95bd62d58814fe4bcf1
mlir/test/Dialect/WasmSSA/custom_parser/select.mlir	blob	100644	80ced11c01bc36788a4f28b2aae833ceef14077c
mlir/test/Dialect/WasmSSA/custom_parser/table.mlir	blob	100644	ea630deaff69ce0809fc3b84b42c1d0d5f471540
mlir/test/Dialect/WasmSSA/extend-invalid.mlir	blob	100644	7687e5f32f799ee3f62ff2732e186da694b587b1
mlir/test/Dialect/WasmSSA/global-invalid.mlir	blob	100644	600b2f0715fdc33b55a39a87e6d4b6b64932f69a
mlir/test/Dialect/WasmSSA/locals-invalid.mlir	blob	100644	eaad80e19584d8221b6f5fe1a9d666f561c38ac9
mlir/test/Dialect/WasmSSA/reinterpret-invalid.mlir	blob	100644	1c6371b4875ae1071d01d909a95cf990e01d1f04
mlir/test/Dialect/X86/AMX/invalid.mlir	blob	100644	25033090808b4411c4a8e844d07bf9700d8135c7
mlir/test/Dialect/X86/AMX/legalize-for-llvm.mlir	blob	100644	3b45135be35a70155fa31af56f2cf7aa809b0595
mlir/test/Dialect/X86/AMX/roundtrip.mlir	blob	100644	300c3aa054a70eee14660e19c1be1d45a3c516a9
mlir/test/Dialect/X86/AMX/side-effects.mlir	blob	100644	fa475f34068e52ba96dc23e692644f3fbb847374
mlir/test/Dialect/X86/AMX/vector-contract-to-tiled-dp.mlir	blob	100644	2cada1d853772deb3bf1415dec4c4fdc146c997b
mlir/test/Dialect/X86/cvt-packed-f32-to-bf16.mlir	blob	100644	0cd7788e3b5610172f2c236bcb1a465e33541250
mlir/test/Dialect/X86/dot-bf16.mlir	blob	100644	77198d37da0a8194050dd213d91cb4fdea1d9f5b
mlir/test/Dialect/X86/legalize-for-llvm.mlir	blob	100644	e5163c02975976bcb68bbf7d3599688ef2503181
mlir/test/Dialect/X86/move-acc-for-contract-loop.mlir	blob	100644	8007f5cd8fc8d10698b29f772cc514a5e1cf722d
mlir/test/Dialect/X86/roundtrip.mlir	blob	100644	49f3ebe4415d1691e4e53de70dda2705193c33c1
mlir/test/Dialect/X86/shuffle-vector-fmas.mlir	blob	100644	eeca1ce00a40250c8ab0dcb0dbac51ab6d767dfd
mlir/test/Dialect/X86/sink-vector-producer-ops.mlir	blob	100644	599de534cebe0a073985c81cff4d13f8ac8bc7a8
mlir/test/Dialect/X86/vector-contract-bf16-to-fma.mlir	blob	100644	94abf950518546129ebb79afbb3383320473592f
mlir/test/Dialect/X86/vector-contract-to-fma.mlir	blob	100644	54c3d040b4752dfba15dfebe989e4cf1f009bb38
mlir/test/Dialect/X86/vector-contract-to-packed-type-dotproduct.mlir	blob	100644	181a789a9adc0091bfe6e4c892a2909e576752ef
mlir/test/Dialect/XeGPU/array-len-op-unit.mlir	blob	100644	340a10a99cb888f2c490443ff0fba3ca966d27a9
mlir/test/Dialect/XeGPU/canonicalize.mlir	blob	100644	755d27ec4287855266bed786bedb5ca92e01c8ba
mlir/test/Dialect/XeGPU/contiguity-analysis.mlir	blob	100644	f223b325c2f9edde30e416d40bb8445f058264e4
mlir/test/Dialect/XeGPU/invalid.mlir	blob	100644	dc68f5136b4a9a508d39e675efe244bc5c80a443
mlir/test/Dialect/XeGPU/layout.mlir	blob	100644	2cd5c70f590642b6dec88b37dc83eb711fa63a8b
mlir/test/Dialect/XeGPU/ops.mlir	blob	100644	f733491bfb7ee0c59743465444454a9e34f5fa00
mlir/test/Dialect/XeGPU/peephole-optimize.mlir	blob	100644	fa5ff9ca56d34eb4975bb26cd0473455300cb085
mlir/test/Dialect/XeGPU/propagate-layout-inst-data.mlir	blob	100644	2ab9d7e4f3f66c285292ddbb5a2a126c34cc982c
mlir/test/Dialect/XeGPU/propagate-layout-subgroup.mlir	blob	100644	b4f9483cab8950fb22c994f9aac4ae06d40e5555
mlir/test/Dialect/XeGPU/propagate-layout.mlir	blob	100644	5d45ec79a5a8a1d40030dc1c173d78433eb13859
mlir/test/Dialect/XeGPU/resolve-layout-conflicts.mlir	blob	100644	6a625ff515029f49240235f0c9a9e66f591beada
mlir/test/Dialect/XeGPU/sg-to-lane-distribute-unit.mlir	blob	100644	a7fe2d9534351b180a75974c636045c67e4a69a6
mlir/test/Dialect/XeGPU/sg-to-lane-distribute.mlir	blob	100644	9eed7160c0baa96defc8e1fcf966bfef5cdf05c2
mlir/test/Dialect/XeGPU/test-xegpu-coalesce-gather-scatter.mlir	blob	100644	fb32e0012679b249d38670376856c405802d8864
mlir/test/Dialect/XeGPU/transform-ops-invalid.mlir	blob	100644	ba259f311d76e34572bcefe286611f3bd936d450
mlir/test/Dialect/XeGPU/transform-ops.mlir	blob	100644	3daa74d223946d9f14ce264c566511baed263eb9
mlir/test/Dialect/XeGPU/xegpu-attr-interface.mlir	blob	100644	8ce6d4dfd439ea2942d82c586cdfaa9ebb5d9296
mlir/test/Dialect/XeGPU/xegpu-blocking.mlir	blob	100644	2dc177cf8aa69a6627c728c0e1b6c64524aab50c
mlir/test/Dialect/XeGPU/xegpu-propagate-layout-invalid.mlir	blob	100644	ded8a627f9f6ac6edf98f2b9a2bc5edd006decf8
mlir/test/Dialect/XeGPU/xegpu-recover-layout.mlir	blob	100644	e2a4897fac51994a07cd253e044ac161a24438f1
mlir/test/Dialect/XeGPU/xegpu-unroll-patterns.mlir	blob	100644	49fdf1cbee174888d42fceefc01e0a9bbd92e619
mlir/test/Dialect/XeGPU/xegpu-vector-linearize.mlir	blob	100644	e4244b807186021597f2c7ba541ae3fd3f109a9a
mlir/test/Dialect/XeGPU/xegpu-wg-to-sg-elemwise.mlir	blob	100644	918d587f12db526b9a53d0c2601f30a378dfeda6
mlir/test/Dialect/XeGPU/xegpu-wg-to-sg-rr.mlir	blob	100644	2969e551d93cb1f4bad69f74c4964eca38385ffc
mlir/test/Dialect/XeGPU/xegpu-wg-to-sg.mlir	blob	100644	cdc9392f02e0449f86e0fc28142b0505bfcd5c92
mlir/test/Dialect/common_folders.mlir	blob	100644	9e38c1479e2e7444ebd487d7cae7d76c21926197
mlir/test/Dialect/traits.mlir	blob	100644	ae48cadbf370f26013269ea2cf67750a54bb85f5
mlir/test/Examples/NVGPU/Ch0.py	blob	100644	4f1743bb5f17f4f3f176cd998ccc83ffa2014d39
mlir/test/Examples/NVGPU/Ch1.py	blob	100644	6e44e4d04fa06a663e8a994d1f8604614b8cf5ff
mlir/test/Examples/NVGPU/Ch2.py	blob	100644	aba610cee0b342d891697bf3f0e8c38fe7d99404
mlir/test/Examples/NVGPU/Ch3.py	blob	100644	815e16dc685533ec0d83eae8f157123cdfc85375
mlir/test/Examples/NVGPU/Ch4.py	blob	100644	c66259d1413368599c5c1c23accdb28732b2acdf
mlir/test/Examples/NVGPU/Ch5.py	blob	100644	4f06f971426204bf663f5616a5e4fa0d6dd8a22a
mlir/test/Examples/NVGPU/lit.local.cfg	blob	100644	af44b2e37c6716b87fb94a47bf450ba6eab4272d
mlir/test/Examples/NVGPU/tools/lit.local.cfg	blob	100644	d9f34f219c4d955fdf66804369eff8524edf60e2
mlir/test/Examples/NVGPU/tools/nvdsl.py	blob	100644	16dc12ca1625daf4dc8d8b295dccd7baf45830ed
mlir/test/Examples/NVGPU/tools/nvgpucompiler.py	blob	100644	4b661f8df6a9ff9a90420e6fab4b05875d1d310c
mlir/test/Examples/Toy/Ch1/ast.toy	blob	100644	4af2d25fe1821dda08d7f05b62d569c543dbc84e
mlir/test/Examples/Toy/Ch1/empty.toy	blob	100644	1e1e83ad31d93018445fe3f7c06e0f890521d14b
mlir/test/Examples/Toy/Ch2/ast.toy	blob	100644	48bd4432bf7275bb687d9516ab5bee4e98f1f409
mlir/test/Examples/Toy/Ch2/codegen.toy	blob	100644	12178d6afb3091da4b6c4d6af74495c8d07f2843
mlir/test/Examples/Toy/Ch2/empty.toy	blob	100644	36d092e328c07c2cb975257e821fe4c0f7012218
mlir/test/Examples/Toy/Ch2/invalid.mlir	blob	100644	b3ff353f9304108371a0edf5ad0534a690ade56a
mlir/test/Examples/Toy/Ch2/scalar.toy	blob	100644	b109898fb6d3cb0b51b31d78a42549e99970811b
mlir/test/Examples/Toy/Ch3/ast.toy	blob	100644	15ac2425390c81b9db4e1a44f6483b0f6843a068
mlir/test/Examples/Toy/Ch3/codegen.toy	blob	100644	b5d4c14dcc11ef7a023bf6aea8372d3183dac64b
mlir/test/Examples/Toy/Ch3/empty.toy	blob	100644	87baab2397e4fbb1ca83961db1dbb9b185b05025
mlir/test/Examples/Toy/Ch3/invalid.mlir	blob	100644	7e251cca5f1728a8d235f97d1645c6459563a9c1
mlir/test/Examples/Toy/Ch3/scalar.toy	blob	100644	958808a2d6a508787b5494a0e283314e946abe97
mlir/test/Examples/Toy/Ch3/transpose_transpose.toy	blob	100644	2f13a3fca3aee574d53bfa980870cc654f92015c
mlir/test/Examples/Toy/Ch3/trivial_reshape.toy	blob	100644	0bdbe22eee9c56ecd0c22b3fbe6d040e7471d0de
mlir/test/Examples/Toy/Ch4/ast.toy	blob	100644	d665be5e85ab9432d583e0bb6a78f0384bbce04f
mlir/test/Examples/Toy/Ch4/codegen.toy	blob	100644	594ddc07f079400cb51c4fa3b9de176ff4d7cd49
mlir/test/Examples/Toy/Ch4/empty.toy	blob	100644	5ad37f7f96d7a6702b855fe5431e8578ea4d6aa9
mlir/test/Examples/Toy/Ch4/invalid.mlir	blob	100644	2bdb6ef3616d518151fd9a1dee39ca610b83c10e
mlir/test/Examples/Toy/Ch4/scalar.toy	blob	100644	39cc7a6b61aef663c23025f07479d60212698c0c
mlir/test/Examples/Toy/Ch4/shape_inference.mlir	blob	100644	dbe859e3e8247852b4c5da6db619dbffb84b9742
mlir/test/Examples/Toy/Ch4/transpose_transpose.toy	blob	100644	e4f08f5d7c239608f926dfebde462066f923be87
mlir/test/Examples/Toy/Ch4/trivial_reshape.toy	blob	100644	d69299132a66d30710f30af985b3aac0c06a4eff
mlir/test/Examples/Toy/Ch5/affine-lowering.mlir	blob	100644	034474d905a08d13e982d3d6c9ff09d2785cfdab
mlir/test/Examples/Toy/Ch5/ast.toy	blob	100644	9840ea2c5663b9d73c8e0c3ed68a122f8b46c263
mlir/test/Examples/Toy/Ch5/codegen.toy	blob	100644	101050207c2630bf818caebeffde58e1cad40db2
mlir/test/Examples/Toy/Ch5/empty.toy	blob	100644	d43f34e7b8556176bf4eef0106e6f9266ad06b01
mlir/test/Examples/Toy/Ch5/invalid.mlir	blob	100644	05f818cf0fc03b03acd0fb73b670551f3fb9b0bc
mlir/test/Examples/Toy/Ch5/scalar.toy	blob	100644	b8f53849a35486d5ca0a2984bdd26c603b2eee35
mlir/test/Examples/Toy/Ch5/shape_inference.mlir	blob	100644	50cc4921c84404555861ca2a86c42940c884d166
mlir/test/Examples/Toy/Ch5/transpose_transpose.toy	blob	100644	df74fd4e1321593793795c55f3e453c41f240075
mlir/test/Examples/Toy/Ch5/trivial_reshape.toy	blob	100644	9fee8c6cc98f18a96809a3f47c84212f13035edf
mlir/test/Examples/Toy/Ch6/affine-lowering.mlir	blob	100644	51dedaf4463303e3f0b47a0b29955d7dbcac840f
mlir/test/Examples/Toy/Ch6/ast.toy	blob	100644	f5fc2789a2f5cf6c473fda83f84f54317cf3b03b
mlir/test/Examples/Toy/Ch6/codegen.toy	blob	100644	1d121cdb993782a1deda017c22e2ee8b4e164801
mlir/test/Examples/Toy/Ch6/empty.toy	blob	100644	f221f38a1a5c6729ebbad621f68ef23bf3cc10b4
mlir/test/Examples/Toy/Ch6/invalid.mlir	blob	100644	8d6d4974447f9217cc08ae902e77e061354be1ca
mlir/test/Examples/Toy/Ch6/jit.toy	blob	100644	c5be603bcb6dc2ba3b0a20dbb4a7c65615e62b60
mlir/test/Examples/Toy/Ch6/lit.local.cfg	blob	100644	0d9aa1006cf8b5ebbc30e91f788a67cb8e8598b5
mlir/test/Examples/Toy/Ch6/llvm-lowering.mlir	blob	100644	8e2f82cf15c5c056bef307a6e7aa27cf38abbbbc
mlir/test/Examples/Toy/Ch6/scalar.toy	blob	100644	351d1e785ca017f09f7c1cec1b447c43898b53ad
mlir/test/Examples/Toy/Ch6/shape_inference.mlir	blob	100644	7d23f8809a2bea89cc3f0ed8e167124424e83001
mlir/test/Examples/Toy/Ch6/transpose_transpose.toy	blob	100644	c17f2f4a7c5f9e154cbcfb09639b99f07fcbb687
mlir/test/Examples/Toy/Ch6/trivial_reshape.toy	blob	100644	2beb9e7e00a083883099d1fc85ccec62e235aff5
mlir/test/Examples/Toy/Ch7/affine-lowering.mlir	blob	100644	3cefd0e9970e3216e674ec60265e58a103fd9ef6
mlir/test/Examples/Toy/Ch7/ast.toy	blob	100644	878450a6affaa596c7e2cb017688fdc411a619a5
mlir/test/Examples/Toy/Ch7/codegen.toy	blob	100644	af6a3bd8294363bbca0644465d1994e3eb390035
mlir/test/Examples/Toy/Ch7/empty.toy	blob	100644	d9d4b8e8f4e5cdb97c24e1eb8efa09599ea24039
mlir/test/Examples/Toy/Ch7/invalid.mlir	blob	100644	c0aa70791893aef0ab9625693f6e3d71c6f9064a
mlir/test/Examples/Toy/Ch7/jit.toy	blob	100644	82469c78f53be591265404fef5b7c968173c8f44
mlir/test/Examples/Toy/Ch7/lit.local.cfg	blob	100644	0d9aa1006cf8b5ebbc30e91f788a67cb8e8598b5
mlir/test/Examples/Toy/Ch7/llvm-lowering.mlir	blob	100644	b4d25393b4ef0aca40c6349695c225a4a63ddfcd
mlir/test/Examples/Toy/Ch7/scalar.toy	blob	100644	f44902888f9540f4772ac0742e54568634888081
mlir/test/Examples/Toy/Ch7/shape_inference.mlir	blob	100644	083305f38722f6f4b910fbfe2ad12b0608c1c58d
mlir/test/Examples/Toy/Ch7/struct-ast.toy	blob	100644	d2ccc5accd1cb386acd3aac66b81323b99a3b264
mlir/test/Examples/Toy/Ch7/struct-codegen.toy	blob	100644	74dcad09b8d8ec0ab904e4316cbecaf661e2888e
mlir/test/Examples/Toy/Ch7/struct-opt.mlir	blob	100644	3faae88d2256612d1830b48e2fee77fac6cff208
mlir/test/Examples/Toy/Ch7/transpose_transpose.toy	blob	100644	571d7b1cba31b753a7ef5dc027a95bbbce2ca78a
mlir/test/Examples/Toy/Ch7/trivial_reshape.toy	blob	100644	06df1c1cc6e52fcd61b97479915eb01ff8bb8668
mlir/test/Examples/lit.local.cfg	blob	100644	1a51296e2b60a0ff38e7ffa724588b172b42500a
mlir/test/Examples/mlir-opt/ctlz.mlir	blob	100644	6e35010ca1c0b701d91866bee760721f99c68431
mlir/test/Examples/mlir-opt/ctlz_pipeline.mlir	blob	100644	5ba1f1f869688b49657de0de7d4bc48dc563eecf
mlir/test/Examples/mlir-opt/loop_fusion.mlir	blob	100644	eec0d3fa5709382a1e7439e60280075873766c15
mlir/test/Examples/mlir-opt/loop_fusion_default.mlir	blob	100644	e5c86b84e43e5a146b4b67d2c98b4642b29da84c
mlir/test/Examples/mlir-opt/loop_fusion_options.mlir	blob	100644	0475e162c38efec6f9396ffa8c95e35666522c4c
mlir/test/Examples/standalone/lit.local.cfg	blob	100644	6cf89358f8992750afb79d0a803071eea5a55920
mlir/test/Examples/standalone/test.toy	blob	100644	8836adde72ed8aa69e51ef35d2281f2449d62605
mlir/test/Examples/standalone/test.wheel.toy	blob	100644	cbc735d773117c47aca3e7d1822c4da48dfea193
mlir/test/Examples/transform-opt/empty.mlir	blob	100644	b525769db688221b85add810ce539186e3f3dab7
mlir/test/Examples/transform-opt/external-decl.mlir	blob	100644	5a73735892429b44885b94f88fa289b06c4b29c9
mlir/test/Examples/transform-opt/external-def.mlir	blob	100644	9dc4fbbdd6b6195fd54e7427769e965056683851
mlir/test/Examples/transform-opt/pass.mlir	blob	100644	5c7c8bf1e256dfd32d0d24c4b13add7f1a39099c
mlir/test/Examples/transform-opt/self-contained.mlir	blob	100644	b9a93af61b8bbcb76ac4b40985c9c71fa5312a03
mlir/test/Examples/transform-opt/syntax-error.mlir	blob	100644	89f1d472fe8952e66d701f85c28dda9810a0377c
mlir/test/Examples/transform/Ch1/invalidation-1.mlir	blob	100644	d8b8039631de974608917da2561fd84362ee7e4e
mlir/test/Examples/transform/Ch1/invalidation-2.mlir	blob	100644	e09aca31a90dad982565f16ac92de859d0ed37e9
mlir/test/Examples/transform/Ch1/sequence.mlir	blob	100644	f8dfd2de01d97056b5a0a0ee8b16801c6db92773
mlir/test/Examples/transform/Ch2/invalid.mlir	blob	100644	cb6738974fe27293268436ef9e0eddfae21e4c2a
mlir/test/Examples/transform/Ch2/ops.mlir	blob	100644	410a6e39a480c00d16e0891934cb26716cb126ba
mlir/test/Examples/transform/Ch2/sequence.mlir	blob	100644	8d6e129c25f7df0fa575f273f87d511f9487b1cf
mlir/test/Examples/transform/Ch3/invalid.mlir	blob	100644	acaabd5db30e409de6592b2cafc0f83d571d0813
mlir/test/Examples/transform/Ch3/ops.mlir	blob	100644	707a09fe251efc0865144bdb8d22f56503562d28
mlir/test/Examples/transform/Ch3/sequence.mlir	blob	100644	877b0064647d32cef13980304a5df958491934e6
mlir/test/Examples/transform/Ch4/features.mlir	blob	100644	d23b6e8435ef53db62c3c0b587481d59bfd6a82e
mlir/test/Examples/transform/Ch4/multiple.mlir	blob	100644	e6ab5ca65235de0500637c34bc9a6169a47f4ee5
mlir/test/Examples/transform/Ch4/sequence.mlir	blob	100644	7dd725dfe6884981b32b522a8ad2778ff4f69432
mlir/test/Examples/transform/ChH/full.mlir	blob	100644	1293406d72475c60afbd95ca26be8e1385f0dbd3
mlir/test/IR/affine-map.mlir	blob	100644	86bdaafd79f32affb3853e8d02c7823522171eee
mlir/test/IR/affine-set.mlir	blob	100644	7b022cc167e37199edac23f628863d4170b8f453
mlir/test/IR/affine-walk.mlir	blob	100644	0ee7abf9415cf321038aad06f3730e603ee986ba
mlir/test/IR/array-of-attr.mlir	blob	100644	2c7b5009f74a274dfdb3f6683558cc08692099b7
mlir/test/IR/attribute.mlir	blob	100644	b6b57e2d587ceeb080e2f212de5cbaa616b28d61
mlir/test/IR/check-help-output.mlir	blob	100644	c11ab12626add19b40793a27a51809bc3c664c2a
mlir/test/IR/core-ops.mlir	blob	100644	5d1583111541caa4e9b411af9b1873e3ca04c7ed
mlir/test/IR/custom-float-attr-roundtrip.mlir	blob	100644	a8da89ba7372d027220f4f934cd517f5fbb7353d
mlir/test/IR/custom-print-parse.mlir	blob	100644	0eadc2e4295601b546abdfa5595e3b708bf15b3d
mlir/test/IR/custom-struct-attr-roundtrip.mlir	blob	100644	a8873d01f1df7466fd3b3a0e3df5582e8cb34a6f
mlir/test/IR/dense-elements-hex.mlir	blob	100644	bd2a0276bce0a2a4cc0144748026d219482d1168
mlir/test/IR/dense-elements-type-interface.mlir	blob	100644	8749e562087c25ea42730f96ff389288e9318cad
mlir/test/IR/dense-resource-elements-attr.mlir	blob	100644	44cefc3aa1616db76b1a3214ba7ee1fa9e34d847
mlir/test/IR/diagnostic-handler-filter.mlir	blob	100644	39374a919fb95305041018cd7f39b66577721f60
mlir/test/IR/diagnostic-handler-metadata.mlir	blob	100644	c089185cc35701b591bb7f1dd3967fd856f9e16f
mlir/test/IR/diagnostic-handler-verify-regex.mlir	blob	100644	03486f366949c38a1fb2d7d355fc9d15467bd5e2
mlir/test/IR/diagnostic-handler.mlir	blob	100644	592656cefeb5f78cbdd8b29e5340e51749dde447
mlir/test/IR/diagnostic-nosplit.mlir	blob	100644	ecfb9c62469b59046ddfc56916e64a389c5ad982
mlir/test/IR/distinct-attr.mlir	blob	100644	e0727fec448913c350f1560d80357cabc58b57b4
mlir/test/IR/dynamic.mlir	blob	100644	3d261e6ca8efd46ea3562e3cf2b4b002a19b024d
mlir/test/IR/elements-attr-interface.mlir	blob	100644	aea87660c18a004337d8aedfd25da26ca80121f7
mlir/test/IR/enum-attr-invalid.mlir	blob	100644	2f240a56c987489e76f88cdfe7c18ff1fb3f0b12
mlir/test/IR/enum-attr-roundtrip.mlir	blob	100644	d02776e226c8008fe869cd8a3242b5ce2ad1ebde
mlir/test/IR/fail-invalid-tensor-encoding.mlir	blob	100644	a5d27038353e06e8f0488d73f5ccc1f3b4089ff3
mlir/test/IR/file-metadata-resources.mlir	blob	100644	dabee72611a31de5364d0fb44fbddf982ff500a5
mlir/test/IR/generic-block-visitors-interrupt.mlir	blob	100644	9479288e768edfb0208a765e6e25fc18ca491cd0
mlir/test/IR/generic-region-visitors-interrupt.mlir	blob	100644	8fa1fdf62c32715ccec8131b5ebaa4c38c881945
mlir/test/IR/generic-visitors-interrupt.mlir	blob	100644	4ca74aed77bacfa0f402ab21f5424333d69aad15
mlir/test/IR/generic-visitors.mlir	blob	100644	9600641316ba431ebe0ae73eb5978ad6ba136020
mlir/test/IR/greedy-pattern-rewrite-driver-bottom-up.mlir	blob	100644	d619eefd7210233679ee3a52cdd9dfecf1a8dc3a
mlir/test/IR/greedy-pattern-rewrite-driver-top-down.mlir	blob	100644	9f4a7924b725a2094484769dd2889e6a20293ffe
mlir/test/IR/invalid-affinemap.mlir	blob	100644	82aebf1235962ca2f6d090372627c840f9986718
mlir/test/IR/invalid-builtin-attributes.mlir	blob	100644	0d00b3141fbc634dae450a26362cfe28d9c5b5d7
mlir/test/IR/invalid-builtin-types.mlir	blob	100644	ef3412486d9f4f96afaba094b6819983b8771d23
mlir/test/IR/invalid-custom-print-parse.mlir	blob	100644	774af059438170932e88440396c43ae3be32e1f8
mlir/test/IR/invalid-dense-array-attr.mlir	blob	100644	97b99302385434a12e334a6b1a25f290396a23a1
mlir/test/IR/invalid-file-metadata.mlir	blob	100644	553bd43c6aeeb02b8ad6de6f7f2a1fa949b0dde0
mlir/test/IR/invalid-func-op.mlir	blob	100644	8fd7af22e9598beddeafff9e2ad5edfac5ebbcce
mlir/test/IR/invalid-locations.mlir	blob	100644	78f3def9380ae806886726ad3c1fc9bf39028b12
mlir/test/IR/invalid-module-op.mlir	blob	100644	819da8ee84dd25d301ac53b111a623d0785138ad
mlir/test/IR/invalid-ops.mlir	blob	100644	8f91d4e1d4c706a8d7271d441b41694271bd9ca7
mlir/test/IR/invalid-properties.mlir	blob	100644	27c5adbf78e69d2e3f3e6cee162a3e7b4dcfbbc2
mlir/test/IR/invalid-unregistered.mlir	blob	100644	5efcd3acbc5a3c2f911c454ddbceafec995c2b33
mlir/test/IR/invalid.mlir	blob	100644	89077ef0f4736c0aa92c7caa9f41534481c6c81a
mlir/test/IR/locations.mlir	blob	100644	2e2374629f0f937c4f950cd0a38956911957733b
mlir/test/IR/module-op.mlir	blob	100644	d99806c92a902be9bcaf50263920a4348fe79247
mlir/test/IR/op-asm-interface.mlir	blob	100644	b44302f4eef3d90ae7985e5ba704da724e15f63a
mlir/test/IR/op-stats-json.mlir	blob	100644	40b0602a95897412405e440457f8f20a007bcd1b
mlir/test/IR/op-stats.mlir	blob	100644	526ba6deeaa5216bf4236240aeb346ac18486137
mlir/test/IR/opaque_locations.mlir	blob	100644	e9f765bf15ed35136ed698b172e1e8c20c52394a
mlir/test/IR/operand.mlir	blob	100644	1ac12dc4b9556cee72f584724e7487916489162d
mlir/test/IR/operation-equality.mlir	blob	100644	ed51b610fbc46af73ee8d5bec9ad9d27da5fa10f
mlir/test/IR/parse-literal.mlir	blob	100644	36867c56075d044391f65c15c5e1b6eaab55b10a
mlir/test/IR/parser-string-literal-comment.mlir	blob	100644	9d3a5983bc3ea9c2640ecff29e91fbb17c6efda2
mlir/test/IR/parser-string-literal-url.mlir	blob	100644	c78d92c6355e7c28c243d181fbebccabab8ff437
mlir/test/IR/parser.mlir	blob	100644	e10dbf36e2797f4ecb1cfb5d4bd39af6ab5b7b07
mlir/test/IR/pretty-attributes.mlir	blob	100644	46b87fecdc2b9b933804726f1e2f9ccd2284c93e
mlir/test/IR/pretty-locations.mlir	blob	100644	598bebeb83aebd7130b79282780a73017cbe4c64
mlir/test/IR/pretty-region-args.mlir	blob	100644	f6420142b2372d912ea66bab3bc2e01272658337
mlir/test/IR/pretty-resources-print.mlir	blob	100644	980af80343d4754f35fb3423e912c188aff8d15a
mlir/test/IR/pretty_printed_region_op.mlir	blob	100644	0a81f9d53a3097a425148203baf60a859473e6d3
mlir/test/IR/print-attr-type-aliases.mlir	blob	100644	fcac62cab91f9c199eef360f43e9624c3c2142ea
mlir/test/IR/print-empty-attr-or-type.mlir	blob	100644	836467d6786a5441ed2e13bf99f1678e444da6d8
mlir/test/IR/print-ir-defuse.mlir	blob	100644	4f5cffe0206bf2b6b4f624449e64e4a9d6b04717
mlir/test/IR/print-ir-invalid.mlir	blob	100644	46b34e5f8b63e19d5b67116d4dfc964be4d4419d
mlir/test/IR/print-ir-nesting.mlir	blob	100644	7d5fa31bfde7943a4276998ed17ab0cb542f9938
mlir/test/IR/print-op-custom-or-generic.mlir	blob	100644	a82089b36ae9473b8577dda26a14d7ce6facf8f9
mlir/test/IR/print-op-local-scope.mlir	blob	100644	2ff201cf6debbfb15948c78992bc49365c6b3a4e
mlir/test/IR/print-op-on-diagnostic.mlir	blob	100644	9c814205452379b65a37701edbd02c0791d9e594
mlir/test/IR/print-skip-regions.mlir	blob	100644	19a66e94f7f0b03848b79c89745ee1eab72e0067
mlir/test/IR/print-unique-ssa-ids.mlir	blob	100644	a2d2d9bb79076c549cf89861a48c0b2aad5c7786
mlir/test/IR/print-unsafe-null-operand.mlir	blob	100644	8b910156cca6774ad94e9bbb4d60dba83b86cfd8
mlir/test/IR/print-use-nameloc-as-prefix.mlir	blob	100644	ddee8aed5586cfc12092e28a39ec2af313a4abe0
mlir/test/IR/print-value-users.mlir	blob	100644	8d029444598f3623508da8fb91bf5f418ab5c5df
mlir/test/IR/properties-bytecode-roundtrip.mlir	blob	100644	b4c364305542546768898cfc2092b77265d8f28f
mlir/test/IR/properties.mlir	blob	100644	4d83038f31cdd5dd9fc7cdeeb581ea76f065f243
mlir/test/IR/recursive-type.mlir	blob	100644	b8111d9601e48c194915a2e38a8d01e20423c347
mlir/test/IR/region.mlir	blob	100644	e2088817c520414a3ab2de64c781bac850bc39ec
mlir/test/IR/repro_b120295301.mlir	blob	100755	1e6b62ed56c201e8613d9e5e2813b82fb1dff43b
mlir/test/IR/result.mlir	blob	100644	cdeae4202f0ff84cc6939b7ced9446cc9396f9d1
mlir/test/IR/slice.mlir	blob	100644	87d446c8f415af38a2bc72f233123ca4762516b6
mlir/test/IR/slice_multiple_blocks.mlir	blob	100644	395a4e970d5d49653981bee5d9dffe786a27557a
mlir/test/IR/test-branch-types-compatible.mlir	blob	100644	b6840da663f54fe0a91647d0e6d9d926854ea02a
mlir/test/IR/test-builtin-distinct-attrs.mlir	blob	100644	000d3e5b203d83b8073554f5ddbab01a3baea997
mlir/test/IR/test-clone.mlir	blob	100644	f723efc1a2c530f7f9b5c3c045fb8ab8e3f8e4ce
mlir/test/IR/test-fold-adaptor.mlir	blob	100644	a7dec9bb871a9cf6ade1b34bfd5a61c4788b4645
mlir/test/IR/test-func-erase-arg-error.mlir	blob	100644	bf826517c0c4d7b699997cb3970a9a29ed39f640
mlir/test/IR/test-func-erase-arg.mlir	blob	100644	7a27bd219c21ff59dec4c797ad2f385fd9a02b94
mlir/test/IR/test-func-erase-result.mlir	blob	100644	c508daff3c44094eb903c6b4bec4a16fe43415e5
mlir/test/IR/test-func-insert-arg.mlir	blob	100644	a06670c3ce961d9d3e443a9b981ef138195d1365
mlir/test/IR/test-func-insert-result.mlir	blob	100644	27449b189cfdf7d382a2f8dc4a4e9f572faa2ec1
mlir/test/IR/test-func-set-type.mlir	blob	100644	ca943c078bbad93a84251379a6ed9fa879e6be0c
mlir/test/IR/test-manual-cpp-fold.mlir	blob	100644	7364b7ccb57623f29df5f26f0e4bd7015d153c7d
mlir/test/IR/test-matchers.mlir	blob	100644	589ea58c38470b33134e934f7eea577c638577be
mlir/test/IR/test-op-property-predicates.mlir	blob	100644	3a4e2972948a433a2cbdb3a9fce567d54d2e9fed
mlir/test/IR/test-pattern-logging-listener.mlir	blob	100644	d7d912065559626e570822d8e4249088c6cfbfbd
mlir/test/IR/test-region-branch-op-verifier.mlir	blob	100644	1c7a87c4f0356eef8feeac45fc6b8d6228492b5e
mlir/test/IR/test-side-effects.mlir	blob	100644	bc8801c8302ddae1bdbab930b661302592f64792
mlir/test/IR/test-successor-verifier.mlir	blob	100644	1eb5b1f396991219a36f46fd5416d49d74223451
mlir/test/IR/test-symbol-rauw.mlir	blob	100644	ba17cf9d104261a5484e8352533e578f047952b2
mlir/test/IR/test-symbol-uses.mlir	blob	100644	eb0c5c379bb314e2b7d3784fff41a0a84895692b
mlir/test/IR/test-take-body.mlir	blob	100644	7edb3b8625376f7ae4ed22ea99e8f9ae2729c624
mlir/test/IR/test-verification-order.mlir	blob	100644	d6d4c3acaf7e3b4c09def66da6b19525562400eb
mlir/test/IR/test-verifiers-attr.mlir	blob	100644	4cbf7babbcf60247d81b28b61f752a60a0dcc5ef
mlir/test/IR/test-verifiers-op.mlir	blob	100644	a6ae016244885a9cc60aede48828595a8e3be72c
mlir/test/IR/test-verifiers-symbol-user-type.mlir	blob	100644	b17b69e9f5ec7d6c16f9c3d8db33555a0d311c4d
mlir/test/IR/test-verifiers-type.mlir	blob	100644	a6a5fa3d4fc9fa2d90417da8121ce54c693402b9
mlir/test/IR/test-walk-pattern-rewrite-driver.mlir	blob	100644	c3063416b0360184b9c7c10295c90679211d8b0e
mlir/test/IR/token-type.mlir	blob	100644	0218ae6e81ac599003c177034c4c79777e9cc8aa
mlir/test/IR/top-level.mlir	blob	100644	53896911aaaa859f88e5c9e12bbf8b0215c06ee9
mlir/test/IR/traits.mlir	blob	100644	b20edde07a6c7058363dd33c67f77e96e5551c34
mlir/test/IR/visitors.mlir	blob	100644	705e353d27e6d04d374043d28e7e4afdc0c529f0
mlir/test/IR/wrapping_op.mlir	blob	100644	3f7a350ee654e7981682f82a40b0b6a23557301a
mlir/test/IR/zero_whitespace.mlir	blob	100644	124fc71cf1592134829bff56a50dd8624b4406a0
mlir/test/Integration/Dialect/Arith/CPU/test-apfloat-emulation-vector.mlir	blob	100644	cc773e60dda3edde0c94f67e4ca4b70384bc4348
mlir/test/Integration/Dialect/Arith/CPU/test-apfloat-emulation.mlir	blob	100644	6095a55ac89ca8d687e0cfda73acda48054f6d87
mlir/test/Integration/Dialect/Arith/CPU/test-arith-expand-ceildivsi.mlir	blob	100644	bb9cd1c4fa56f1cd4a4d9e505866bf7575b662e7
mlir/test/Integration/Dialect/Arith/CPU/test-arith-expand-truncf-extf.mlir	blob	100644	f2970618d5b6eca86df6d485e08c39de5fc18e08
mlir/test/Integration/Dialect/Arith/CPU/test-wide-int-emulation-addi-i16.mlir	blob	100644	11e3baea41181200b7a38b78ac5b0cd83a2b90d6
mlir/test/Integration/Dialect/Arith/CPU/test-wide-int-emulation-cmpi-i16.mlir	blob	100644	a96491360def9f72554642757866fecbf013fa2f
mlir/test/Integration/Dialect/Arith/CPU/test-wide-int-emulation-compare-results-i16.mlir	blob	100644	483c1e604dbcb0fe7062a0fa1f56b309aa9010d1
mlir/test/Integration/Dialect/Arith/CPU/test-wide-int-emulation-constants-i16.mlir	blob	100644	e3d363ef9ac6c926d3ae2a66bc90295e6e16b504
mlir/test/Integration/Dialect/Arith/CPU/test-wide-int-emulation-fptosi-i64.mlir	blob	100644	0bce669461d3bcc9447620b0690b7a1462d748bc
mlir/test/Integration/Dialect/Arith/CPU/test-wide-int-emulation-fptoui-i64.mlir	blob	100644	5d3de8c24e3fa3bbc5a3066761efc7817d600a5b
mlir/test/Integration/Dialect/Arith/CPU/test-wide-int-emulation-max-min-i16.mlir	blob	100644	2efbc3833a4e042078d456e3adbc3245aa9b8c9c
mlir/test/Integration/Dialect/Arith/CPU/test-wide-int-emulation-muli-i16.mlir	blob	100644	64039299600fb3cc4c4b3eeb6d6b9d657c3f811f
mlir/test/Integration/Dialect/Arith/CPU/test-wide-int-emulation-shli-i16.mlir	blob	100644	818a73b59262d0e1a130db43b1d95aa36deca3a9
mlir/test/Integration/Dialect/Arith/CPU/test-wide-int-emulation-shrsi-i16.mlir	blob	100644	fba3bac1441e3ad4ee267b516232c13919c7e835
mlir/test/Integration/Dialect/Arith/CPU/test-wide-int-emulation-shrui-i16.mlir	blob	100644	0a6ecc060ac775105881d9933d6e0dd4677c13bd
mlir/test/Integration/Dialect/Arith/CPU/test-wide-int-emulation-sitofp-i32.mlir	blob	100644	9670d486536c43e1a0cdc89dc0a4cec1efd04c57
mlir/test/Integration/Dialect/Arith/CPU/test-wide-int-emulation-subi-i32.mlir	blob	100644	05423b754b25826e0413aad3aaa233d9bda15b20
mlir/test/Integration/Dialect/Arith/CPU/test-wide-int-emulation-uitofp-i32.mlir	blob	100644	22a318edc863a30889f3bafd8018cd54d5536d66
mlir/test/Integration/Dialect/Async/CPU/lit.local.cfg	blob	100644	073f6373d8581862f60a0ce48d94a102680c3dbd
mlir/test/Integration/Dialect/Async/CPU/microbench-linalg-async-parallel-for.mlir	blob	100644	1561e6853ae702da8cce2702a5223905fd2b8707
mlir/test/Integration/Dialect/Async/CPU/microbench-scf-async-parallel-for.mlir	blob	100644	4543dca2207c86b84de37220ad773ab80111b11d
mlir/test/Integration/Dialect/Async/CPU/test-async-parallel-for-1d.mlir	blob	100644	79abe8c1ecc600c6a3b440a878bf8678e4c633c1
mlir/test/Integration/Dialect/Async/CPU/test-async-parallel-for-2d.mlir	blob	100644	afbb57415552c2c58dfc4ec25616d21a7b44b05f
mlir/test/Integration/Dialect/Complex/CPU/correctness.mlir	blob	100644	ea587e92674d7af09e90984f497fed58621f97e0
mlir/test/Integration/Dialect/ControlFlow/assert.mlir	blob	100644	0271598140a7dd4944428db779e93c8f6dd2d3bf
mlir/test/Integration/Dialect/EmitC/inline-oz-test-model-tosa.mlir	blob	100644	b2259563fdd08d09170d0e95954a7b668961adb2
mlir/test/Integration/Dialect/EmitC/lit.local.cfg	blob	100644	848972126d7e8cb3ff87fc9da82a06e46d12e1c7
mlir/test/Integration/Dialect/EmitC/regalloc-eviction-test-model-tosa.mlir	blob	100644	9e4767fd9b45072207198d9e556ca2737b28f210
mlir/test/Integration/Dialect/EmitC/td.mlir	blob	100644	97bb878dc7945727de5e13f6d36dca37bacec1cd
mlir/test/Integration/Dialect/EmitC/tosa.mlir	blob	100644	b23164c9c4b9e6d0685142162173185293e2a304
mlir/test/Integration/Dialect/LLVMIR/CPU/X86/lit.local.cfg	blob	100644	071a13c27769e6c4f73da8daa25b3282cb3aef73
mlir/test/Integration/Dialect/LLVMIR/CPU/X86/test-inline-asm-vector.mlir	blob	100644	f63aa880e4412ee21efcb5d6ee39d5b839594b71
mlir/test/Integration/Dialect/LLVMIR/CPU/X86/test-inline-asm.mlir	blob	100644	8059741d751117b68ef41cbf81de8bd5f2b0d4da
mlir/test/Integration/Dialect/LLVMIR/CPU/lit.local.cfg	blob	100644	3214a1101f08446165c831ca7edbfa423a574fa1
mlir/test/Integration/Dialect/LLVMIR/CPU/test-complex-sparse-constant.mlir	blob	100644	d540e640cf38ee4518e73c093ee9e2fb89b88a2c
mlir/test/Integration/Dialect/LLVMIR/CPU/test-vector-reductions-fp.mlir	blob	100644	053058fa774d8ce4d51d07a4ec06f36baf25a25f
mlir/test/Integration/Dialect/LLVMIR/CPU/test-vector-reductions-int.mlir	blob	100644	3e5220253ca87ec97dc1d1e17a55fae7c3acf24c
mlir/test/Integration/Dialect/LLVMIR/CPU/test-vp-intrinsic.mlir	blob	100644	84270ee132231af38f3ceeb841cd26d553014f85
mlir/test/Integration/Dialect/Linalg/CPU/ArmSME/fill-2d.mlir	blob	100644	ed4342b7d50afa2ec764140166fac72cac1e289d
mlir/test/Integration/Dialect/Linalg/CPU/ArmSME/lit.local.cfg	blob	100644	296b4419438e8a03e3e19cda944fd858f2d93e61
mlir/test/Integration/Dialect/Linalg/CPU/ArmSME/matmul-transpose-a.mlir	blob	100644	d26853d14aec797e562081d767c825441a9b6496
mlir/test/Integration/Dialect/Linalg/CPU/ArmSME/matmul.mlir	blob	100644	e2c0f1d22fea173133f7bbb02b2d8a027f9cf404
mlir/test/Integration/Dialect/Linalg/CPU/ArmSME/multi-tile-matmul-mixed-types.mlir	blob	100644	71798a6affbbc3f0aeb47c0ca5e781413147538e
mlir/test/Integration/Dialect/Linalg/CPU/ArmSME/multi-tile-matmul.mlir	blob	100644	207d29858be525f55745dc6164ad837542c19537
mlir/test/Integration/Dialect/Linalg/CPU/ArmSME/pack-unpack-mmt4d.mlir	blob	100644	73e286f9600088188b98563b0e3cd7197ec7531a
mlir/test/Integration/Dialect/Linalg/CPU/ArmSME/use-too-many-tiles.mlir	blob	100644	05eee31ccc6fafaa309c41c66665501ed7aecd4c
mlir/test/Integration/Dialect/Linalg/CPU/ArmSVE/1d-depthwise-conv.mlir	blob	100644	31931475525259b0a8e3b51b2bbf26f49d485d1e
mlir/test/Integration/Dialect/Linalg/CPU/ArmSVE/fill-1d.mlir	blob	100644	6099eea1910d959f6babbd48093e4ffa9fdfea7b
mlir/test/Integration/Dialect/Linalg/CPU/ArmSVE/lit.local.cfg	blob	100644	0a40e0a1eba28855a6a1a80bb695c25e6f8a96dd
mlir/test/Integration/Dialect/Linalg/CPU/ArmSVE/matmul.mlir	blob	100644	3368dd634d228ac977d58d4f3381bbd8e1698ffc
mlir/test/Integration/Dialect/Linalg/CPU/ArmSVE/pack-scalable-inner-tile.mlir	blob	100644	ee865d95c5ace1e464fc416fd5e30a27a6de5084
mlir/test/Integration/Dialect/Linalg/CPU/ArmSVE/pack-unpack-mmt4d.mlir	blob	100644	a5cc70119f5950cb7110b8ed1232875dab011983
mlir/test/Integration/Dialect/Linalg/CPU/ArmSVE/pack-unpack-scalable-inner-tile.mlir	blob	100644	76d6a83f4145196e26b2f9455b04a68d6a8c5496
mlir/test/Integration/Dialect/Linalg/CPU/ArmSVE/reduce_1d.mlir	blob	100644	a7b0b27ca5fb9a31c5a8f7767fef7dbf0be65659
mlir/test/Integration/Dialect/Linalg/CPU/ArmSVE/reduce_2d.mlir	blob	100644	4adc68966f17ab11ea9fe7c7505983753912e68b
mlir/test/Integration/Dialect/Linalg/CPU/ArmSVE/td/pack-unpack.mlir	blob	100644	80aa49ab4d9455aa5213e5d636951bc2784a1c36
mlir/test/Integration/Dialect/Linalg/CPU/matmul-vs-matvec.mlir	blob	100644	1950fe86215622883b43bf03503df161e53eb47b
mlir/test/Integration/Dialect/Linalg/CPU/mmt4d.mlir	blob	100644	cab345043e43f5c26fe5c4b4384bf085c203f113
mlir/test/Integration/Dialect/Linalg/CPU/pack-dynamic-inner-tile.mlir	blob	100644	187d7b862604bbd53adc8881c1b9927cfa878a06
mlir/test/Integration/Dialect/Linalg/CPU/pack-unpack-mmt4d.mlir	blob	100644	08dbe7c0ef3453988ed46bff16847f55af05f90a
mlir/test/Integration/Dialect/Linalg/CPU/rank-reducing-subview.mlir	blob	100644	fe261a7345697945b9eac4016cb36376a03ae62f
mlir/test/Integration/Dialect/Linalg/CPU/runtime-verification.mlir	blob	100644	c90476e1ff61d1aa77316056aa616ec03855c39f
mlir/test/Integration/Dialect/Linalg/CPU/test-collapse-tensor.mlir	blob	100644	d6214a6300bba4a138f41d3241274291d789cac4
mlir/test/Integration/Dialect/Linalg/CPU/test-conv-1d-call.mlir	blob	100644	a1b2fed671cee0c07ffaab9666869ba550cba18e
mlir/test/Integration/Dialect/Linalg/CPU/test-conv-1d-nwc-wcf-call.mlir	blob	100644	e1ad125b9966c79ccb7bc3c3a62f5ee1e98d5f7c
mlir/test/Integration/Dialect/Linalg/CPU/test-conv-2d-call.mlir	blob	100644	d44e43977e716900b8c802faf848341886c33305
mlir/test/Integration/Dialect/Linalg/CPU/test-conv-2d-nhwc-hwcf-call.mlir	blob	100644	240016f230650e4bd24e66fd920f131c696d24be
mlir/test/Integration/Dialect/Linalg/CPU/test-conv-3d-call.mlir	blob	100644	2e5b1cc3d44e6dc2319582444b773d3c05159e6f
mlir/test/Integration/Dialect/Linalg/CPU/test-conv-3d-ndhwc-dhwcf-call.mlir	blob	100644	2368b56827984d00d111298fbfe246c62f28d05c
mlir/test/Integration/Dialect/Linalg/CPU/test-elementwise.mlir	blob	100644	3056e08a4862109e4bc6568c1cfd591f5898d558
mlir/test/Integration/Dialect/Linalg/CPU/test-expand-tensor.mlir	blob	100644	e644c004751f35d25042f82f20be97f073f28385
mlir/test/Integration/Dialect/Linalg/CPU/test-matmul-masked-vec.mlir	blob	100644	0883e7b698f55e8a66aca24b97e2153d97a6f5bb
mlir/test/Integration/Dialect/Linalg/CPU/test-one-shot-bufferize.mlir	blob	100644	3675f8865a6858eb15d0359e13343725eda80101
mlir/test/Integration/Dialect/Linalg/CPU/test-padtensor.mlir	blob	100644	63db0def1cbc56ca677b8bcf83bf204dc01178d6
mlir/test/Integration/Dialect/Linalg/CPU/test-subtensor-insert-multiple-uses.mlir	blob	100644	ad6b7ed35a44cfc949e4d10f8afe39912a3fc23f
mlir/test/Integration/Dialect/Linalg/CPU/test-subtensor-insert.mlir	blob	100644	c050e5fa164dbd42de93e90f9f101dec4a12d8a0
mlir/test/Integration/Dialect/Linalg/CPU/test-tensor-e2e.mlir	blob	100644	43263ae88754bb7a11acea10b2b377b26b634326
mlir/test/Integration/Dialect/Linalg/CPU/test-tensor-matmul.mlir	blob	100644	f21b94308d6ed2c9f99f35e2ee25a6e2eade22aa
mlir/test/Integration/Dialect/Linalg/CPU/unpack-dynamic-inner-tile.mlir	blob	100644	b62ca21e236ff7a6f46a99c222dfe362453d13e8
mlir/test/Integration/Dialect/Math/CPU/mathtofuncs_ctlz.mlir	blob	100644	cd9483410138fdcc4f566bd0edb6c8bfc9580867
mlir/test/Integration/Dialect/Math/CPU/test-apfloat-emulation-vector.mlir	blob	100644	c0b2d858c1fec1f8effdcf7eba5668d13a993857
mlir/test/Integration/Dialect/Math/CPU/test-apfloat-emulation.mlir	blob	100644	0cc3d3f2218f0fca067bd152f80caeb1e6c27d6b
mlir/test/Integration/Dialect/MemRef/assume-alignment-runtime-verification.mlir	blob	100644	ae46de18e85728be30f1ef9f81631124d2168506
mlir/test/Integration/Dialect/MemRef/atomic-rmw-runtime-verification.mlir	blob	100644	6a7984ca88a1e32434955be37d9e27a9db37e553
mlir/test/Integration/Dialect/MemRef/cast-runtime-verification.mlir	blob	100644	b605c77deb6f0a7dfc807560da26562856cf77ea
mlir/test/Integration/Dialect/MemRef/copy-runtime-verification.mlir	blob	100644	413cb192200fbe84501d91d15f13c3cb46ce3d05
mlir/test/Integration/Dialect/MemRef/dim-runtime-verification.mlir	blob	100644	8f5a2c74f3b3668054b2391016252237c1d2adda
mlir/test/Integration/Dialect/MemRef/expand-shape-runtime-verification.mlir	blob	100644	805a416a01a52f21e6b32a83696bf1b8f570801b
mlir/test/Integration/Dialect/MemRef/load-runtime-verification.mlir	blob	100644	364880c0aee959d59534be6700292e6fa72ef010
mlir/test/Integration/Dialect/MemRef/memref_abi.c	blob	100644	110ab449b5a348e410788e54465637fcdba7c732
mlir/test/Integration/Dialect/MemRef/print-memref.mlir	blob	100644	b7a5dd3afccc1c1287225949c921df7ec1278a78
mlir/test/Integration/Dialect/MemRef/store-runtime-verification.mlir	blob	100644	760f2a78537a75a19cc8a19dda519ab79cf5c61d
mlir/test/Integration/Dialect/MemRef/subview-runtime-verification.mlir	blob	100644	09cfee16ccd001a164e18b99d2392749450ce237
mlir/test/Integration/Dialect/MemRef/verify-memref.mlir	blob	100644	9470f3bccd86a425c1228149d1933ccfa35baf13
mlir/test/Integration/Dialect/PDL/CPU/multiroot.mlir	blob	100644	eb04ceb1ce45631c39560439baf4ea77449c3ddd
mlir/test/Integration/Dialect/SparseTensor/CPU/Inputs/main_for_lli.ll	blob	100644	7b74618207b2f731642d209e2f1189b7d47c6400
mlir/test/Integration/Dialect/SparseTensor/CPU/block.mlir	blob	100644	0293e64b0a61db806a18b5e02eef3e852f758eae
mlir/test/Integration/Dialect/SparseTensor/CPU/block_majors.mlir	blob	100755	04196abf1d49d916a9cecec4e8d56a0ff08ace17
mlir/test/Integration/Dialect/SparseTensor/CPU/concatenate_dim_0.mlir	blob	100644	54d13393fc89056a349433e835f90829bc1eacab
mlir/test/Integration/Dialect/SparseTensor/CPU/concatenate_dim_0_permute.mlir	blob	100644	fe7c6d54bb0bbd47c4e9df578de100e02a40dc15
mlir/test/Integration/Dialect/SparseTensor/CPU/concatenate_dim_1.mlir	blob	100644	727296db4833b49b64e4cddc8944d4481a11f0ec
mlir/test/Integration/Dialect/SparseTensor/CPU/concatenate_dim_1_permute.mlir	blob	100644	f165556c5e50a1bc016d69c8e355c3061ae24fd0
mlir/test/Integration/Dialect/SparseTensor/CPU/dense_output.mlir	blob	100644	5cefb3e2ac852c18acf4d217e6fcbbd92cc39080
mlir/test/Integration/Dialect/SparseTensor/CPU/dense_output_bf16.mlir	blob	100644	40a0351a83ee9c76add2387301e82b5e1bf21e81
mlir/test/Integration/Dialect/SparseTensor/CPU/dense_output_f16.mlir	blob	100644	94fa5fb3713ff91e7dbd018c4a1565c8dd70c27f
mlir/test/Integration/Dialect/SparseTensor/CPU/dual_sparse_conv_2d.mlir	blob	100644	48c584ea7fbd5103dee6ad80dc0a92934bec03fd
mlir/test/Integration/Dialect/SparseTensor/CPU/iterator-based-kernel.mlir	blob	100644	406b0eb0234ec0c7bcc8d12d1c4acc5bd6cc24a6
mlir/test/Integration/Dialect/SparseTensor/CPU/lit.local.cfg	blob	100644	9caae19726cb114c58fe7f0cf68bc49beafdfcff
mlir/test/Integration/Dialect/SparseTensor/CPU/padded_sparse_conv_2d.mlir	blob	100644	e9aa71e8885798f2b8b43faa846eecdba2732744
mlir/test/Integration/Dialect/SparseTensor/CPU/reshape_dot.mlir	blob	100644	08e27d272529a617002af1a6b9ad3f46940713a2
mlir/test/Integration/Dialect/SparseTensor/CPU/sparse_abs.mlir	blob	100644	77450a30078274daba91a553782cb45ba3cf1fe5
mlir/test/Integration/Dialect/SparseTensor/CPU/sparse_binary.mlir	blob	100644	c640f34b4d38d0fbca19b25625fa271b641727c7
mlir/test/Integration/Dialect/SparseTensor/CPU/sparse_block3d.mlir	blob	100755	a4e402c746d2ebc6b9a5cb54e7ca84c446919f74
mlir/test/Integration/Dialect/SparseTensor/CPU/sparse_block_matmul.mlir	blob	100644	a79235a314f3f2cf5ff93d49e12d1e0c6090172d
mlir/test/Integration/Dialect/SparseTensor/CPU/sparse_cast.mlir	blob	100644	83139f8b700d87e6e31d54426b80d5f4cb72bfb3
mlir/test/Integration/Dialect/SparseTensor/CPU/sparse_cmp.mlir	blob	100644	505729cc86924450490aea0bd32295c88975946a
mlir/test/Integration/Dialect/SparseTensor/CPU/sparse_codegen_dim.mlir	blob	100644	6ed0214aa4d3809902b6eafd43d45b320ad975d1
mlir/test/Integration/Dialect/SparseTensor/CPU/sparse_codegen_foreach.mlir	blob	100644	5fa4548e31dfd96d9df4639cca624ba52ecbb6d3
mlir/test/Integration/Dialect/SparseTensor/CPU/sparse_collapse_shape.mlir	blob	100644	5a1a54182cfbc1dd9b47e0695dc15a040a96aaa5
mlir/test/Integration/Dialect/SparseTensor/CPU/sparse_complex32.mlir	blob	100644	2b8567ffc81deb613f348130e09ce88bcb473213
mlir/test/Integration/Dialect/SparseTensor/CPU/sparse_complex64.mlir	blob	100644	794fb516ab8548127caa36559d5655127258913a
mlir/test/Integration/Dialect/SparseTensor/CPU/sparse_complex_ops.mlir	blob	100644	e6b27ea1445dbe67a07f2234f443cff4c1b34593
mlir/test/Integration/Dialect/SparseTensor/CPU/sparse_constant_to_sparse_tensor.mlir	blob	100644	1d61e74b5ec5c586a98d14bad1290db90196b855
mlir/test/Integration/Dialect/SparseTensor/CPU/sparse_conv_1d_nwc_wcf.mlir	blob	100644	84f4e0dd7ebef7120770aab232bbd59fa73c420c
mlir/test/Integration/Dialect/SparseTensor/CPU/sparse_conv_2d.mlir	blob	100644	42ed78df1eca238b4a8371b42e98c8db476b20e6
mlir/test/Integration/Dialect/SparseTensor/CPU/sparse_conv_2d_55.mlir	blob	100755	564d869af80da216d787db4e6bc8e072825753aa
mlir/test/Integration/Dialect/SparseTensor/CPU/sparse_conv_2d_nchw_fchw.mlir	blob	100644	ea51a5d030c0ce391708fa32920e8fef4203207f
mlir/test/Integration/Dialect/SparseTensor/CPU/sparse_conv_2d_nhwc_hwcf.mlir	blob	100644	9e6626abea7d113a6b76a25f735519d1921f73c7
mlir/test/Integration/Dialect/SparseTensor/CPU/sparse_conv_3d.mlir	blob	100644	b6697038b84db010faa1e5ce82ed2db346632781
mlir/test/Integration/Dialect/SparseTensor/CPU/sparse_conv_3d_ndhwc_dhwcf.mlir	blob	100644	9f80cc8763d2a5f1b905f3fbf875cc5a932d857f
mlir/test/Integration/Dialect/SparseTensor/CPU/sparse_conversion.mlir	blob	100644	509ab9a0c86e7789a673afa0f8875b50b8444ffe
mlir/test/Integration/Dialect/SparseTensor/CPU/sparse_conversion_block.mlir	blob	100644	bc6fd9b75c0d419f4e7b804f865ca109eca45cf5
mlir/test/Integration/Dialect/SparseTensor/CPU/sparse_conversion_dyn.mlir	blob	100644	e0bf79c4f7a173cff6af5b3bbfbfec8ec6d876b6
mlir/test/Integration/Dialect/SparseTensor/CPU/sparse_conversion_element.mlir	blob	100644	398a35a67a94b2400228c2b2936b4125cd81f230
mlir/test/Integration/Dialect/SparseTensor/CPU/sparse_conversion_ptr.mlir	blob	100644	2f533f227c645c1977bf2f85a00ff7af616accee
mlir/test/Integration/Dialect/SparseTensor/CPU/sparse_conversion_sparse2dense.mlir	blob	100644	20e781a6b6328586e102b83d0134fa080765faa4
mlir/test/Integration/Dialect/SparseTensor/CPU/sparse_conversion_sparse2sparse.mlir	blob	100644	0aed6b5fa4930bdc949c6f8aaee2f7edec1c9f49
mlir/test/Integration/Dialect/SparseTensor/CPU/sparse_coo_test.mlir	blob	100644	c3a768041a2591d3e60c208a775852a83762719c
mlir/test/Integration/Dialect/SparseTensor/CPU/sparse_dilated_conv_2d_nhwc_hwcf.mlir	blob	100644	c9c346ad25d184d10a604a58883868d6a6f54f07
mlir/test/Integration/Dialect/SparseTensor/CPU/sparse_dot.mlir	blob	100644	a0409de5aa2930bfe23dd74eafd1f62dc9516fdc
mlir/test/Integration/Dialect/SparseTensor/CPU/sparse_ds.mlir	blob	100644	9ae716137269c6e98eb19a1ee780ceb1b6061424
mlir/test/Integration/Dialect/SparseTensor/CPU/sparse_empty.mlir	blob	100755	701d896079a5e4e66cb6b79a7eda20f321570924
mlir/test/Integration/Dialect/SparseTensor/CPU/sparse_expand.mlir	blob	100644	db35a4f4392ff526098b57fc39e556e3987840d4
mlir/test/Integration/Dialect/SparseTensor/CPU/sparse_expand_shape.mlir	blob	100644	3a3a7d816efbe2f5e114c459b6d08982901f51cd
mlir/test/Integration/Dialect/SparseTensor/CPU/sparse_filter_conv2d.mlir	blob	100644	3c0e0b163f43275d94de481cab5f35012d20e830
mlir/test/Integration/Dialect/SparseTensor/CPU/sparse_flatten.mlir	blob	100644	6e744e0a308dc2abae112db265b05b75c226dbb6
mlir/test/Integration/Dialect/SparseTensor/CPU/sparse_foreach_slices.mlir	blob	100644	e7df56ee39eb53f9c3fa101d5fbc5b7837d71e5c
mlir/test/Integration/Dialect/SparseTensor/CPU/sparse_generate.mlir	blob	100644	37e2f52c2f9e68eb39f889b51a5be5deeb38bcb3
mlir/test/Integration/Dialect/SparseTensor/CPU/sparse_index.mlir	blob	100644	92c9257d96dc5d4446d32167f49f6f2c8826d17e
mlir/test/Integration/Dialect/SparseTensor/CPU/sparse_index_dense.mlir	blob	100644	407c06077da9f7af28f04097300dfb6d86032003
mlir/test/Integration/Dialect/SparseTensor/CPU/sparse_insert_1d.mlir	blob	100644	be5cd55ae4a8216e7d242daf572ad85a5d3026ad
mlir/test/Integration/Dialect/SparseTensor/CPU/sparse_insert_2d.mlir	blob	100644	491052929992f75a303b152910982c4234b89a8b
mlir/test/Integration/Dialect/SparseTensor/CPU/sparse_insert_3d.mlir	blob	100644	d1125e3e972eab7ce79f4f016a99aa19ffb1417e
mlir/test/Integration/Dialect/SparseTensor/CPU/sparse_loose.mlir	blob	100644	1af9dc6cf20619c0e63bd8fb23a969150b3bfcac
mlir/test/Integration/Dialect/SparseTensor/CPU/sparse_matmul.mlir	blob	100644	357b9af854d3a8fc6aafe60eb76ef88f9b0a31ff
mlir/test/Integration/Dialect/SparseTensor/CPU/sparse_matmul_slice.mlir	blob	100644	f53699ab77e8abfe980f50f9c39415971bf8132c
mlir/test/Integration/Dialect/SparseTensor/CPU/sparse_matrix_ops.mlir	blob	100644	58592c9a0345c0ca8693d9f8aad07ba02acbe30a
mlir/test/Integration/Dialect/SparseTensor/CPU/sparse_matvec.mlir	blob	100644	26fbfaceb9b8bccaaabd11bf83a4247345a41a31
mlir/test/Integration/Dialect/SparseTensor/CPU/sparse_mttkrp.mlir	blob	100644	cf8b271c60164daf1690b5c38d9cbe4e5f049f5f
mlir/test/Integration/Dialect/SparseTensor/CPU/sparse_out_mult_elt.mlir	blob	100644	1283e1d9049437a500cc02b61147eaf8d29181f2
mlir/test/Integration/Dialect/SparseTensor/CPU/sparse_out_reduction.mlir	blob	100644	215b0caa8e7b25290e7ef11024c6314ff28727fb
mlir/test/Integration/Dialect/SparseTensor/CPU/sparse_out_simple.mlir	blob	100644	2a240286bb8dae36effccc4a04a67f46d40a2cdb
mlir/test/Integration/Dialect/SparseTensor/CPU/sparse_pack.mlir	blob	100644	c66561aa1bb31c3b895b7bf4d395e3917d0ec913
mlir/test/Integration/Dialect/SparseTensor/CPU/sparse_pack_d.mlir	blob	100755	0fe8f03c497fd7bb7ced3c34ff1ee07eb438e967
mlir/test/Integration/Dialect/SparseTensor/CPU/sparse_permute.mlir	blob	100644	62a5468a8c3e485dc2a85b4cbe17a5978e3b950c
mlir/test/Integration/Dialect/SparseTensor/CPU/sparse_pooling_nhwc.mlir	blob	100644	2d1f3a0e27ebd212856d0a7c531d74d02a407f35
mlir/test/Integration/Dialect/SparseTensor/CPU/sparse_print.mlir	blob	100755	b6d3e02468f135425307540762fb7e8fb58cdcf4
mlir/test/Integration/Dialect/SparseTensor/CPU/sparse_print_3d.mlir	blob	100755	a42a557d5e90a785415536ebea74fc1ec3c54969
mlir/test/Integration/Dialect/SparseTensor/CPU/sparse_quantized_matmul.mlir	blob	100644	6e4f9d0b5c4a218789d12d161fa68bc65af96c7e
mlir/test/Integration/Dialect/SparseTensor/CPU/sparse_re_im.mlir	blob	100644	f1e87a4b74350d30d868e58ddeb1139d1f1fb667
mlir/test/Integration/Dialect/SparseTensor/CPU/sparse_reduce_custom.mlir	blob	100644	25218b8e13583ba3d9d4e0dd1714b7bed38d5ed9
mlir/test/Integration/Dialect/SparseTensor/CPU/sparse_reduce_custom_prod.mlir	blob	100644	042715753c8b42cbae64fc0d79db162645b35a31
mlir/test/Integration/Dialect/SparseTensor/CPU/sparse_reduce_custom_sum.mlir	blob	100644	fbb9e743c5c4d9d04ed2c4875cc4d87a50c0ad96
mlir/test/Integration/Dialect/SparseTensor/CPU/sparse_reductions.mlir	blob	100644	64f82644ab3d54e19a5286e4d446d3b1b8f59714
mlir/test/Integration/Dialect/SparseTensor/CPU/sparse_reductions_min.mlir	blob	100644	75d3c76e87b90dc48c6391055b6071303e9db423
mlir/test/Integration/Dialect/SparseTensor/CPU/sparse_reductions_prod.mlir	blob	100644	a961045d26b26a5991783e10a0b6ed95c7b43b42
mlir/test/Integration/Dialect/SparseTensor/CPU/sparse_reshape.mlir	blob	100644	7fe4fcc1ad3567048c79fddbbcb075c59a00dd08
mlir/test/Integration/Dialect/SparseTensor/CPU/sparse_rewrite_push_back.mlir	blob	100644	42dec158835365c0a33728ab7f57af09eceb3170
mlir/test/Integration/Dialect/SparseTensor/CPU/sparse_rewrite_sort_coo.mlir	blob	100644	c45b169f82779bc4466f4dd2b6f3fd07588e0983
mlir/test/Integration/Dialect/SparseTensor/CPU/sparse_sampled_matmul.mlir	blob	100644	e0cc6ca871aa16b041b23c06e8387de155283d2b
mlir/test/Integration/Dialect/SparseTensor/CPU/sparse_sampled_mm_fusion.mlir	blob	100644	11b49e01cfa95b7450b16db8946fac5827adaba8
mlir/test/Integration/Dialect/SparseTensor/CPU/sparse_scale.mlir	blob	100644	29dd801ea1d029450c3eaba2dfca196950a020a4
mlir/test/Integration/Dialect/SparseTensor/CPU/sparse_scf_nested.mlir	blob	100644	3122a81f6dd3e1f7a180311dc09aaf0beabf7fa0
mlir/test/Integration/Dialect/SparseTensor/CPU/sparse_select.mlir	blob	100644	d30e5c3cdfe7cebb9ce92b8d1120691d3f7529e0
mlir/test/Integration/Dialect/SparseTensor/CPU/sparse_semiring_select.mlir	blob	100644	05d970f183c2e533ac106682cdbeb271d049c9b5
mlir/test/Integration/Dialect/SparseTensor/CPU/sparse_sign.mlir	blob	100644	7a5f9df606b52a13923aeeb426d520a1d96ee8f8
mlir/test/Integration/Dialect/SparseTensor/CPU/sparse_sorted_coo.mlir	blob	100644	33ecc460379bcfdd076d49d744a0be9315b80142
mlir/test/Integration/Dialect/SparseTensor/CPU/sparse_spmm.mlir	blob	100644	97a121e758ea9fce48b16a39148e3a3fa4f3963c
mlir/test/Integration/Dialect/SparseTensor/CPU/sparse_storage.mlir	blob	100644	78e906e8a8d6924ebd460dd592f593cd233785b5
mlir/test/Integration/Dialect/SparseTensor/CPU/sparse_strided_conv_2d_nhwc_hwcf.mlir	blob	100644	090323fbaabf91c46ad9adad8fdfff36125ca6c0
mlir/test/Integration/Dialect/SparseTensor/CPU/sparse_sum.mlir	blob	100644	015ac13504dcbd08ac1bca8ed9113424d22b7cc5
mlir/test/Integration/Dialect/SparseTensor/CPU/sparse_sum_bf16.mlir	blob	100644	440c1b63c8c280d2353906e503a6a797614b3336
mlir/test/Integration/Dialect/SparseTensor/CPU/sparse_sum_c32.mlir	blob	100644	5950b64393dfd7cf38b6cd23674ef82935a66ee4
mlir/test/Integration/Dialect/SparseTensor/CPU/sparse_sum_f16.mlir	blob	100644	2e6e51f5164de8dbd2966fb394fe9647452576f7
mlir/test/Integration/Dialect/SparseTensor/CPU/sparse_tanh.mlir	blob	100644	6dc6d7c7af10f27a560ef773918633d97461c0e3
mlir/test/Integration/Dialect/SparseTensor/CPU/sparse_tensor_mul.mlir	blob	100644	46786aa67cbd12bee804c9c46474f5d01441ff2f
mlir/test/Integration/Dialect/SparseTensor/CPU/sparse_tensor_ops.mlir	blob	100644	2b65cf5538b8c2981ff678176cd9ba45c3451a0f
mlir/test/Integration/Dialect/SparseTensor/CPU/sparse_transpose.mlir	blob	100644	ab9728e4c4dada1a80662792607e91948fd805d0
mlir/test/Integration/Dialect/SparseTensor/CPU/sparse_transpose_coo.mlir	blob	100644	43674f6e5fc0a5d25468df4c629cfb9462511df6
mlir/test/Integration/Dialect/SparseTensor/CPU/sparse_unary.mlir	blob	100644	d4162b54eb95c83474d06a2aee9c123d8272c881
mlir/test/Integration/Dialect/SparseTensor/CPU/sparse_vector_ops.mlir	blob	100644	9e59f6d1172bd0398f443ef5145f212ab6ff16b4
mlir/test/Integration/Dialect/SparseTensor/GPU/CUDA/lit.local.cfg	blob	100644	19f12d39c8428ad6f8a99e5a55c490a5f1e2b799
mlir/test/Integration/Dialect/SparseTensor/GPU/CUDA/sm80-lt/lit.local.cfg	blob	100644	d02a6719d82d8817542093fdf92bf37bcefb9bcc
mlir/test/Integration/Dialect/SparseTensor/GPU/CUDA/sm80-lt/sparse-matmul-2-4-hand.mlir	blob	100644	661639c50266f05d8144904137cd2bcbf4db37e3
mlir/test/Integration/Dialect/SparseTensor/GPU/CUDA/sm80-lt/sparse-matmul-2-4-lib.mlir	blob	100644	bfe4f75d16bc5a87fab61f6e73be847134582fbd
mlir/test/Integration/Dialect/SparseTensor/GPU/CUDA/sm80-lt/sparse-matmul-2-4-prune.mlir	blob	100644	ba200399f71513888336333c9f6b6978b739e092
mlir/test/Integration/Dialect/SparseTensor/GPU/CUDA/sparse-gemm-lib.mlir	blob	100644	4f7ee03b98f0cd370ffe9c54c6bdf5018d7e15e8
mlir/test/Integration/Dialect/SparseTensor/GPU/CUDA/sparse-matmul-lib.mlir	blob	100644	282ee1cd3ad464fc67845e3a981c3a3bc7043084
mlir/test/Integration/Dialect/SparseTensor/GPU/CUDA/sparse-matvec-const.mlir	blob	100644	4cb959557f15bef96f387be0ec31ec0c904b7e17
mlir/test/Integration/Dialect/SparseTensor/GPU/CUDA/sparse-matvec-lib.mlir	blob	100644	452bd0d89682cc5ec46647f9efa1c258c9bf1728
mlir/test/Integration/Dialect/SparseTensor/GPU/CUDA/sparse-matvec.mlir	blob	100644	32d48f7155bdf55823377e66bf1ed39f2e82feac
mlir/test/Integration/Dialect/SparseTensor/GPU/CUDA/sparse-mma-2-4-f16.mlir	blob	100644	d8d7c1c39db9174d96de023b6861e1431de32603
mlir/test/Integration/Dialect/SparseTensor/GPU/CUDA/sparse-sampled-matmul-lib.mlir	blob	100644	4494ee296ae1f438c97c6d6818f3375233b4d3d2
mlir/test/Integration/Dialect/SparseTensor/GPU/CUDA/sparse-sddmm-lib.mlir	blob	100644	39b0a04d388d81a84cd7161038f481c368e29c93
mlir/test/Integration/Dialect/SparseTensor/python/lit.local.cfg	blob	100644	361b657dd2d8346fe7f78b1f96b10313457e7985
mlir/test/Integration/Dialect/SparseTensor/python/test_SDDMM.py	blob	100644	b6f61a47dec1ec9bd1b8eb6fa8f5c641fe2315ec
mlir/test/Integration/Dialect/SparseTensor/python/test_SpMM.py	blob	100644	bf2e62b653339f279b5ee11fc7beb1fbdd48b376
mlir/test/Integration/Dialect/SparseTensor/python/test_all_dense.py	blob	100644	9ab374ac8207143f02f41ce2dc51eaa0bf86e368
mlir/test/Integration/Dialect/SparseTensor/python/test_output.py	blob	100644	b1438bd71055d67ec521df6069dcc3b5f427958e
mlir/test/Integration/Dialect/SparseTensor/python/test_stress.py	blob	100644	dfaa4f462660b7b397fb4a48ed3f1acacbe0e7f3
mlir/test/Integration/Dialect/SparseTensor/python/tools/lit.local.cfg	blob	100644	650ca33613cc6c03f08ddaf1dfd27bfbbe81b7ec
mlir/test/Integration/Dialect/SparseTensor/python/tools/sparsifier.py	blob	100644	91d1fb22542d4a4e75ba3df4cdbfee3a4aa38d5d
mlir/test/Integration/Dialect/Standard/CPU/test-ceil-floor-pos-neg.mlir	blob	100644	303511a2b45347a4535324dfe34084a600814b0e
mlir/test/Integration/Dialect/Standard/CPU/test_subview.mlir	blob	100644	a37a929182fc508af6b6b64b9292f134cdefa9a7
mlir/test/Integration/Dialect/Tensor/cast-runtime-verification.mlir	blob	100644	a96b2bec1e341ca8ec13c9b5d323b5b1f39e7772
mlir/test/Integration/Dialect/Tensor/dim-runtime-verification.mlir	blob	100644	1a26ebe29fe2742cba6e1535f78aaf3919dc0e57
mlir/test/Integration/Dialect/Tensor/extract-runtime-verification.mlir	blob	100644	cc252a2b79b9ec213b7af5a20200f6383f8b6d49
mlir/test/Integration/Dialect/Tensor/extract_slice-runtime-verification.mlir	blob	100644	745eea37f7fca7b2d260e6bd55625e8c4bc23770
mlir/test/Integration/Dialect/Tosa/CPU/test-maxpool-dynamic.mlir	blob	100644	06bc0e7ef44ec386d5f775d50e0cfb33d14e22f4
mlir/test/Integration/Dialect/Transform/match_batch_matmul.mlir	blob	100644	1d9203d9d34a94ee98bd51edfa0994528e249055
mlir/test/Integration/Dialect/Transform/match_matmul.mlir	blob	100644	e3fee917cdeaa98fe4eeeff7d7652ef4aee1358b
mlir/test/Integration/Dialect/Transform/match_matmul_common.mlir	blob	100644	78f92efae54fbb2ba57ef73ca630b68b87d394f0
mlir/test/Integration/Dialect/Transform/match_reduction.mlir	blob	100644	8a155aaafe777d1eff47675ec94b7b69d67ca439
mlir/test/Integration/Dialect/Vector/CPU/0-d-vectors.mlir	blob	100644	6c2183f979611cd78d9f2fac98b3df631335b045
mlir/test/Integration/Dialect/Vector/CPU/ArmNeon/vector-contract-bfmmla.mlir	blob	100644	25ec524d3310abc7c254995cb5a9605f48a76eae
mlir/test/Integration/Dialect/Vector/CPU/ArmNeon/vector-contract-i8mm.mlir	blob	100644	f6012bbd3d0b2c0f78f7a40cbc17dce50d410da0
mlir/test/Integration/Dialect/Vector/CPU/ArmSME/lit.local.cfg	blob	100644	296b4419438e8a03e3e19cda944fd858f2d93e61
mlir/test/Integration/Dialect/Vector/CPU/ArmSME/load-store-128-bit-tile.mlir	blob	100644	f4275fdde3c78c4c3654372770ef25bddb7dcd19
mlir/test/Integration/Dialect/Vector/CPU/ArmSME/load-vertical.mlir	blob	100644	8d4b4a07994e204255f8defcc19cf6a9a01da1e3
mlir/test/Integration/Dialect/Vector/CPU/ArmSME/multi-tile-transpose.mlir	blob	100644	7f1566d635cbb575f3442c276cb64196ac2a6d06
mlir/test/Integration/Dialect/Vector/CPU/ArmSME/outerproduct-f16f16f32.mlir	blob	100644	886a990125b4c95b1d6b492e132bfdeb221f3093
mlir/test/Integration/Dialect/Vector/CPU/ArmSME/outerproduct-f32.mlir	blob	100644	219367a41d51a403ec6ef881459da58b63160e0c
mlir/test/Integration/Dialect/Vector/CPU/ArmSME/outerproduct-f64.mlir	blob	100644	059f24adbe721e2d8f7573b549a36415348a9768
mlir/test/Integration/Dialect/Vector/CPU/ArmSME/outerproduct-i8i8i32.mlir	blob	100644	74ddbc63380b70e731268cec3ac1a801113130bb
mlir/test/Integration/Dialect/Vector/CPU/ArmSME/ssve.mlir	blob	100644	aa8a2aa45d65b32af142972e0f0cf1661062aae1
mlir/test/Integration/Dialect/Vector/CPU/ArmSME/test-setArmSVLBits.mlir	blob	100644	4a6c6f2ee528bb54c8be99ce58dc7724924f61a3
mlir/test/Integration/Dialect/Vector/CPU/ArmSME/tile-fill.mlir	blob	100644	b94345c70c7136fb90ef7e33a4cd0600af3f56c2
mlir/test/Integration/Dialect/Vector/CPU/ArmSME/transfer-read-2d.mlir	blob	100644	77f5a325728b326e0fca090c59878a8a196db427
mlir/test/Integration/Dialect/Vector/CPU/ArmSME/transfer-write-2d.mlir	blob	100644	bf6900ca810c28df3acda74c2fd8b7f0dee247fc
mlir/test/Integration/Dialect/Vector/CPU/ArmSME/transpose.mlir	blob	100644	8188e66ce0662c439959e9adc4845c4b39e07a71
mlir/test/Integration/Dialect/Vector/CPU/ArmSME/vector-load-store.mlir	blob	100644	eb9988666f4e5627730a72bde30a14728279a555
mlir/test/Integration/Dialect/Vector/CPU/ArmSME/vector-ops.mlir	blob	100644	ad8e321c0c8aeb1c12341a63ea5afc98cf771d1f
mlir/test/Integration/Dialect/Vector/CPU/ArmSVE/arrays-of-scalable-vectors.mlir	blob	100644	4ce6281d9fd45c6d7a7b851e24bb0d60703e549a
mlir/test/Integration/Dialect/Vector/CPU/ArmSVE/compress.mlir	blob	100644	eddc7c664d3f1879e7ff2cc9698a089c892a6867
mlir/test/Integration/Dialect/Vector/CPU/ArmSVE/contraction.mlir	blob	100644	192f2911a3ee2e9fbaf29b741c642e7893a6d031
mlir/test/Integration/Dialect/Vector/CPU/ArmSVE/lit.local.cfg	blob	100644	37d3a74874ce4d03081086b35da7cd921ae40b5c
mlir/test/Integration/Dialect/Vector/CPU/ArmSVE/scalable-interleave.mlir	blob	100644	2d8180abdfec9a3bef8d03e25e9abbecd54fb2cc
mlir/test/Integration/Dialect/Vector/CPU/ArmSVE/sve.mlir	blob	100644	84a8e10388b7c020f3ad1193ab3cc6a354ca6068
mlir/test/Integration/Dialect/Vector/CPU/ArmSVE/test-scalable-deinterleave.mlir	blob	100644	d9db3a888eb4c3b3063b9b3a64a86652b0afea0e
mlir/test/Integration/Dialect/Vector/CPU/ArmSVE/test-setArmVLBits.mlir	blob	100644	1a7908a3539a10acf920d5a784bae081d4b6937b
mlir/test/Integration/Dialect/Vector/CPU/ArmSVE/transfer-read-scalable-non-trailing.mlir	blob	100644	0b1dab9da39c29998a76da17e99784339ee29769
mlir/test/Integration/Dialect/Vector/CPU/ArmSVE/vector-contract-bfmmla.mlir	blob	100644	8b209d3f777b528758c4afa995479fcdc24237e2
mlir/test/Integration/Dialect/Vector/CPU/ArmSVE/vector-contract-i8mm.mlir	blob	100644	45fa35d207f44a96fa1a3aa164625551cf790457
mlir/test/Integration/Dialect/Vector/CPU/X86/AMX/lit.local.cfg	blob	100644	df9057d8933c8c92ccdc990a81062027668d4b32
mlir/test/Integration/Dialect/Vector/CPU/X86/AMX/mulf-full.mlir	blob	100644	bd67a50cffb2721a77e66a3ad2ec4466c8130531
mlir/test/Integration/Dialect/Vector/CPU/X86/AMX/mulf.mlir	blob	100644	f1ff2bdf902f7cac5a947ce3e18eebf71d6478dc
mlir/test/Integration/Dialect/Vector/CPU/X86/AMX/muli-ext.mlir	blob	100644	c572cff40f28306e53f2cf1cf03b5933d7c787c9
mlir/test/Integration/Dialect/Vector/CPU/X86/AMX/muli-full.mlir	blob	100644	7208389f4cbf3b031a0084b74483eb5a71c04ef1
mlir/test/Integration/Dialect/Vector/CPU/X86/AMX/muli.mlir	blob	100644	cd0b84c3a1886c7eadd6180b14674dd6e191042f
mlir/test/Integration/Dialect/Vector/CPU/X86/AMX/tilezero-block.mlir	blob	100644	e6676c4411246cfe2a22c9648f57baef60d2dcbb
mlir/test/Integration/Dialect/Vector/CPU/X86/AMX/tilezero.mlir	blob	100644	09ae8f1a951431dcac1b093150782115d5927195
mlir/test/Integration/Dialect/Vector/CPU/X86/dot.mlir	blob	100644	c375350de50d4a224aded7ef332233f0a3052f7c
mlir/test/Integration/Dialect/Vector/CPU/X86/inline-asm-vector-avx512.mlir	blob	100644	8376464cee42d2103f913ca4db9a959e2693e17d
mlir/test/Integration/Dialect/Vector/CPU/X86/lit.local.cfg	blob	100644	3659662635e11ed83f3a3632c4585b78881840c3
mlir/test/Integration/Dialect/Vector/CPU/X86/mask-compress.mlir	blob	100644	1e63c519b508ead5919772f22c648b35c05f2642
mlir/test/Integration/Dialect/Vector/CPU/X86/rsqrt.mlir	blob	100644	aa6cc653054e92cc686b864c6712e9167e07c584
mlir/test/Integration/Dialect/Vector/CPU/X86/sparse-dot-product.mlir	blob	100644	7b0f505a477804b83b6e02b6df8583d0a5785e4a
mlir/test/Integration/Dialect/Vector/CPU/X86/vp2intersect-i32.mlir	blob	100644	1eefd85d4af041a88484312a76cb00d671c03c7a
mlir/test/Integration/Dialect/Vector/CPU/broadcast.mlir	blob	100644	2acbc88fc00f8e76fa8ae686cb903a060a946c16
mlir/test/Integration/Dialect/Vector/CPU/compress.mlir	blob	100644	2c8680c9fa369278753ac80c8aad1fd93083298d
mlir/test/Integration/Dialect/Vector/CPU/constant-mask.mlir	blob	100644	758dd850fb099f8d0587f2e6f7eadc0b90ff6e45
mlir/test/Integration/Dialect/Vector/CPU/contraction.mlir	blob	100644	7f74264a48b9f24c5e380077dbc9bc386e463916
mlir/test/Integration/Dialect/Vector/CPU/create-mask-v4i1.mlir	blob	100644	3aff0ac6d156db2472130efe6272d5684e9dc1cb
mlir/test/Integration/Dialect/Vector/CPU/create-mask.mlir	blob	100644	6ef9ff32fc52d2c771907da5d2655eaa8643d16f
mlir/test/Integration/Dialect/Vector/CPU/expand.mlir	blob	100644	48f8862240776a7ea4a3c260f87f24c3a642eaf0
mlir/test/Integration/Dialect/Vector/CPU/extract-strided-slice.mlir	blob	100644	b439f61cfe500c62ba55575464b6fc4b0c95fef0
mlir/test/Integration/Dialect/Vector/CPU/flat-transpose-col.mlir	blob	100644	86bd0b1e09763725948b3cad603b4ba86bf90f04
mlir/test/Integration/Dialect/Vector/CPU/flat-transpose-row.mlir	blob	100644	55103bc686fb2ad0e156ba8959b356a36af1d706
mlir/test/Integration/Dialect/Vector/CPU/fma.mlir	blob	100644	61362f286fd1618ec33881f86a8f7a3c1c9011aa
mlir/test/Integration/Dialect/Vector/CPU/gather.mlir	blob	100644	03bf82a630478421ca5642a28260836ccffbc35e
mlir/test/Integration/Dialect/Vector/CPU/index-vectors.mlir	blob	100644	d261739274eb1fd3b98b7c23e5c0537a42a25351
mlir/test/Integration/Dialect/Vector/CPU/insert-strided-slice.mlir	blob	100644	5153b8417e6cecf8661c76a603fecf15d2172b05
mlir/test/Integration/Dialect/Vector/CPU/interleave.mlir	blob	100644	740c742863919053d02ed24b601e02af64c1f1ec
mlir/test/Integration/Dialect/Vector/CPU/maskedload.mlir	blob	100644	ce06dbbbf4cac1b0ad46989da19dd2dd6d438f13
mlir/test/Integration/Dialect/Vector/CPU/maskedstore.mlir	blob	100644	b4d3b2ac5d6e4214a38d0fd47dea40d0dee49437
mlir/test/Integration/Dialect/Vector/CPU/matrix-multiply-col.mlir	blob	100644	09941192cbc423071d88810cc3a5f9005cd00dd7
mlir/test/Integration/Dialect/Vector/CPU/matrix-multiply-row.mlir	blob	100644	d5f511c8ac11949da7ca9a2ff04b4160d4432f53
mlir/test/Integration/Dialect/Vector/CPU/outerproduct-f32.mlir	blob	100644	e25795ab5f14d08c5f22019c723e6a54b40e0a1b
mlir/test/Integration/Dialect/Vector/CPU/outerproduct-i64.mlir	blob	100644	0675102af2759346aba9907a931631fbf6219a54
mlir/test/Integration/Dialect/Vector/CPU/print-fp.mlir	blob	100644	a32118eaf3ccd5827a19e03549f03b2ce06fe774
mlir/test/Integration/Dialect/Vector/CPU/print-int.mlir	blob	100644	7b0bbeb43e6286d6a921feb755767eb4f7aa2682
mlir/test/Integration/Dialect/Vector/CPU/print-str.mlir	blob	100644	2b953f2537906d2b30f216451da2e610d507f07f
mlir/test/Integration/Dialect/Vector/CPU/realloc.mlir	blob	100644	a42b4bcbd68cedd00f36580c4197384b9f4e9784
mlir/test/Integration/Dialect/Vector/CPU/reductions-f32-reassoc.mlir	blob	100644	2bce9e6939d179e528def0f0ce78dee8fac13557
mlir/test/Integration/Dialect/Vector/CPU/reductions-f32.mlir	blob	100644	288b09251f97cb48b4a9414155b98cd62a396ca4
mlir/test/Integration/Dialect/Vector/CPU/reductions-f64-reassoc.mlir	blob	100644	661e7aeddadb46e1b790a07bc19610c15c349e8f
mlir/test/Integration/Dialect/Vector/CPU/reductions-f64.mlir	blob	100644	6a523605c570f72dacdecca421440cab033830be
mlir/test/Integration/Dialect/Vector/CPU/reductions-i32.mlir	blob	100644	5ff723ba7143b713b97d2c3be7910354acc8437e
mlir/test/Integration/Dialect/Vector/CPU/reductions-i4.mlir	blob	100644	1feecb25ef2a0274fa83e61274415273bf114d39
mlir/test/Integration/Dialect/Vector/CPU/reductions-i64.mlir	blob	100644	7b75f16538536761cee673e2b00bfddaecc436bc
mlir/test/Integration/Dialect/Vector/CPU/reductions-si4.mlir	blob	100644	842d2cf220c87ffa7a9df8faa04c4f6396b8c836
mlir/test/Integration/Dialect/Vector/CPU/reductions-ui4.mlir	blob	100644	940ede9620520a8831319e9c6cac1c4ff79b1b58
mlir/test/Integration/Dialect/Vector/CPU/rewrite-narrow-types.mlir	blob	100644	5f91ff5aacb1d4d4be6fd3db227454a694773ce2
mlir/test/Integration/Dialect/Vector/CPU/scan.mlir	blob	100644	8bf514903156ecee003e8d408f0e419ac46cf2de
mlir/test/Integration/Dialect/Vector/CPU/scatter.mlir	blob	100644	1f5410716d05ade2957293082f0ddf4c05472518
mlir/test/Integration/Dialect/Vector/CPU/shape-cast.mlir	blob	100644	ac90f84a032f0a986305bd6e31696a290e53305a
mlir/test/Integration/Dialect/Vector/CPU/shuffle.mlir	blob	100644	3257806c1246e00ab29f71db8fddd4581ce59b0a
mlir/test/Integration/Dialect/Vector/CPU/shuffle16x16.mlir	blob	100644	33a76b13c245ab37c397c507a388ca5aeff882b7
mlir/test/Integration/Dialect/Vector/CPU/sparse-dot-matvec.mlir	blob	100644	c1156a89c2a0cbd097ba8d3970d5cbdd1ec58941
mlir/test/Integration/Dialect/Vector/CPU/sparse-saxpy-jagged-matvec.mlir	blob	100644	e2a30cc7bdc0987e681e870e8b69d3b59083f455
mlir/test/Integration/Dialect/Vector/CPU/test-deinterleave.mlir	blob	100644	25ea8eb86d06b1c7e167624b20081c946636d8be
mlir/test/Integration/Dialect/Vector/CPU/transfer-read-1d.mlir	blob	100644	895b8818de767f4295c64e6b9f25d408fbb5291f
mlir/test/Integration/Dialect/Vector/CPU/transfer-read-2d.mlir	blob	100644	80dff9d791f4d84e2c038e88c28639a8a9148f09
mlir/test/Integration/Dialect/Vector/CPU/transfer-read-3d.mlir	blob	100644	93e6a12365268f45f16d957efc1c2be68e5cdc60
mlir/test/Integration/Dialect/Vector/CPU/transfer-read.mlir	blob	100644	18084e31c0ea0b35f6454271ed1feada63dc39aa
mlir/test/Integration/Dialect/Vector/CPU/transfer-to-loops.mlir	blob	100644	a7fec69b694921202eae299d0949d2cd44dff396
mlir/test/Integration/Dialect/Vector/CPU/transfer-write.mlir	blob	100644	225173869edb9ffd2ec20f4d9610dcd113bddcf7
mlir/test/Integration/Dialect/Vector/CPU/transpose.mlir	blob	100644	7a783aed83cad36105c9a21e717940a304cb0835
mlir/test/Integration/Dialect/Vector/GPU/CUDA/lit.local.cfg	blob	100644	acb8dd43f50b4cfb9f19ca73f07566d84b8bac5e
mlir/test/Integration/Dialect/Vector/GPU/CUDA/test-reduction-distribute.mlir	blob	100644	c35e8e5d92908e06ff74529bde816f6db88bbf01
mlir/test/Integration/Dialect/Vector/GPU/CUDA/test-warp-distribute.mlir	blob	100644	f4d02e3346d1671040824e36d64bf3e653bac26a
mlir/test/Integration/Dialect/XeGPU/LANE/lit.local.cfg	blob	100644	d0d51c60205884e873797ed35d931e66a13c8735
mlir/test/Integration/Dialect/XeGPU/LANE/load_store_subview.mlir	blob	100644	c4608acb7b7b5f439f2bba493bc21e7c51fa79ad
mlir/test/Integration/Dialect/XeGPU/LANE/no-xegpu-ops.mlir	blob	100644	cb2dce90fe668388a6fc7775a2b9848f835f40b3
mlir/test/Integration/Dialect/XeGPU/LANE/simple_gemm.mlir	blob	100644	ffe29ef35a5c952502931a1e0ec4d04967978548
mlir/test/Integration/Dialect/XeGPU/LANE/xegpu_dpas_mx_prepacked_bf8.mlir	blob	100644	d1a19556a1232b62cdf9372ad467b5d0630c4e34
mlir/test/Integration/Dialect/XeGPU/LANE/xegpu_dpas_mx_prepacked_e2m1.mlir	blob	100644	669c49053abde284224becec8fbd191c940261f3
mlir/test/Integration/Dialect/XeGPU/SG/lit.local.cfg	blob	100644	d0d51c60205884e873797ed35d931e66a13c8735
mlir/test/Integration/Dialect/XeGPU/SG/simple_gemm.mlir	blob	100644	877edf47fcd1582a9d093e71f2a3afa242036368
mlir/test/Integration/Dialect/XeGPU/WG/lit.local.cfg	blob	100644	d0d51c60205884e873797ed35d931e66a13c8735
mlir/test/Integration/Dialect/XeGPU/WG/load_store_matrix.mlir	blob	100644	9b71356cce9b8af2e7b831e3d131ee48e4256f53
mlir/test/Integration/Dialect/XeGPU/WG/simple_3d_gemm.mlir	blob	100644	e82f586c575272f1b164f0a1fe824483e9d1e4c9
mlir/test/Integration/Dialect/XeGPU/WG/simple_3d_mxfp_gemm.mlir	blob	100644	f8bcaeac67d0846c65c72e4659f872db33502d95
mlir/test/Integration/Dialect/XeGPU/WG/simple_gemm.mlir	blob	100644	37f6d33e8ac30e58f9e313863810c155bd2cf69f
mlir/test/Integration/Dialect/XeGPU/WG/simple_mxfp_gemm.mlir	blob	100644	3393b723d6721474b5224e19cecd7e7647dbaa70
mlir/test/Integration/Dialect/XeGPU/WG/simple_mxfp_gemm_dequantizeB_F4.mlir	blob	100644	cb5c5a7422e1b1d2b79af1626ee607464afc6e48
mlir/test/Integration/Dialect/XeGPU/WG/simple_mxfp_gemm_quantizeA_F4.mlir	blob	100644	87603594db5bfc1b08b780dc79351336837ad3c5
mlir/test/Integration/Dialect/XeVM/GPU/gpu_printf.mlir	blob	100644	d7c89ad9a8f01be8fd9dfce2024e444d4e0d20e1
mlir/test/Integration/Dialect/XeVM/GPU/lit.local.cfg	blob	100644	d0d51c60205884e873797ed35d931e66a13c8735
mlir/test/Integration/Dialect/XeVM/GPU/xevm_block_dpas.mlir	blob	100644	0bd3d3f4cc409da80d1229c24a6d892be0660bb1
mlir/test/Integration/Dialect/XeVM/GPU/xevm_block_load_store.mlir	blob	100644	a610e28a07e41f5c4e9bb0da92191b0521e81d2c
mlir/test/Integration/Dialect/XeVM/GPU/xevm_block_load_store_pack_register.mlir	blob	100644	cb8ab1cbd32d7a970a6e8c922c6547f0c088a6c5
mlir/test/Integration/Dialect/XeVM/GPU/xevm_block_load_store_transpose.mlir	blob	100644	1d164be300246cf31d624b922afc273858ffb048
mlir/test/Integration/Dialect/XeVM/GPU/xevm_block_scaled_dpas_bf16_to_bf8.mlir	blob	100644	49b99e341825878f2765c01ec17e6b3ef6eca038
mlir/test/Integration/Dialect/XeVM/GPU/xevm_block_scaled_dpas_bf16_to_f8.mlir	blob	100644	03778ef525399220f3372e6d1040fce25743117b
mlir/test/Integration/Dialect/XeVM/GPU/xevm_block_scaled_dpas_bf8.mlir	blob	100644	4c901304a63817c57330bc3c077a74a063cd4305
mlir/test/Integration/Dialect/XeVM/GPU/xevm_block_scaled_dpas_e2m1.mlir	blob	100644	a4e56fbaee3241c82d2b390ba75283d557afec91
mlir/test/Integration/Dialect/XeVM/GPU/xevm_block_scaled_dpas_f8.mlir	blob	100644	f72992151c25ccb2ece97dfdd0aa4dccce13c7ed
mlir/test/Integration/Dialect/XeVM/GPU/xevm_store_cst.mlir	blob	100644	c5f4cd5d0bda90e18741e3f2b8bd0dc5b2c112c7
mlir/test/Integration/Dialect/XeVM/GPU/xevm_truncf_extf_raw.mlir	blob	100644	7d78b37964e9b5a3fbdfe835eb6de86ce7feb968
mlir/test/Integration/Dialect/XeVM/GPU/xevm_truncf_extf_roundtrip.mlir	blob	100644	d5d7aa2abdccff49e58ccf5c827a4994e461fd14
mlir/test/Integration/Dialect/XeVM/GPU/xevm_truncf_extf_roundtrip_bf16.mlir	blob	100644	a2218c4174675e4cfcedb419b929a0996ebf9a49
mlir/test/Integration/Dialect/XeVM/GPU/xevm_truncf_extf_roundtrip_fp4.mlir	blob	100644	3d581a1792cf3369ece691c22aa588a123424665
mlir/test/Integration/Dialect/XeVM/GPU/xevm_truncf_extf_roundtrip_fp4_bf16.mlir	blob	100644	ee11ce8afa3a38744201dc3a79f4cee3a05356b6
mlir/test/Integration/GPU/CUDA/TensorCore/lit.local.cfg	blob	100644	3bd70245df7dfc18b8aba0aa170cf340c1768f13
mlir/test/Integration/GPU/CUDA/TensorCore/sm80/lit.local.cfg	blob	100644	6788ccea3a222c51e41cb3bdb7a39a81715bd155
mlir/test/Integration/GPU/CUDA/TensorCore/sm80/transform-mma-sync-matmul-f16-f16-accum.mlir	blob	100644	690c4d2636a44e6da972fa1963feb22fff736718
mlir/test/Integration/GPU/CUDA/TensorCore/sm80/transform-mma-sync-matmul-f32.mlir	blob	100644	2eef2ff8f35642640e1c452c106e6a4dcd4ffef1
mlir/test/Integration/GPU/CUDA/TensorCore/sm80/wmma-matmul-f64.mlir	blob	100644	c3dd35bf905dbe1046d06f24de3c698da56b8066
mlir/test/Integration/GPU/CUDA/TensorCore/wmma-matmul-f16.mlir	blob	100644	2d91aa8f12b5eaf1da9532a85bc05969972bfc4b
mlir/test/Integration/GPU/CUDA/TensorCore/wmma-matmul-f32-bare-ptr.mlir	blob	100644	18b1c1a1b0b45ba97136af99b2c9a91086c8c3f0
mlir/test/Integration/GPU/CUDA/TensorCore/wmma-matmul-f32.mlir	blob	100644	78895cda72c5a798d5e677dba740767fe9660b5b
mlir/test/Integration/GPU/CUDA/all-reduce-and.mlir	blob	100644	d0001f6ffc3760e1b1e6d720c9a7b73d8a9483d1
mlir/test/Integration/GPU/CUDA/all-reduce-maxsi.mlir	blob	100644	fcff5f40a6cc7c13c1a3e1f1554c8f8018330752
mlir/test/Integration/GPU/CUDA/all-reduce-minsi.mlir	blob	100644	4718ac94fa0f21b8acdc34cc8f848abbe2bed650
mlir/test/Integration/GPU/CUDA/all-reduce-op.mlir	blob	100644	5e3a7e7e7d72999fc9868611b2eef702e3a02e21
mlir/test/Integration/GPU/CUDA/all-reduce-or.mlir	blob	100644	f1a48ae0c19c52760cffd965b8cbbe8cf6c3245e
mlir/test/Integration/GPU/CUDA/all-reduce-region.mlir	blob	100644	f0a46cea7ceb95adcb0ed5b2864d8fc6081959fb
mlir/test/Integration/GPU/CUDA/all-reduce-xor.mlir	blob	100644	ddbabd4ddf9600b695c067c73527a900532cc9d5
mlir/test/Integration/GPU/CUDA/alloc-host-shared.mlir	blob	100644	5c56e2ddfbd519b62d4292da325874e21d03c4f4
mlir/test/Integration/GPU/CUDA/assert.mlir	blob	100644	83cf70cd170781803aeedfb8ab6b22596a512a9b
mlir/test/Integration/GPU/CUDA/async.mlir	blob	100644	3e45b5af5826cf354702d9960ad3549ee7607291
mlir/test/Integration/GPU/CUDA/command-line-arg.mlir	blob	100644	2a0ae2e34c64195227603362f7f5d7551f5421a0
mlir/test/Integration/GPU/CUDA/concurrent-kernels.mlir	blob	100644	51f6e36aaa9775b4d96c8a291b99af5c10faf1ad
mlir/test/Integration/GPU/CUDA/dump-ptx.mlir	blob	100644	5b40946ce35378a25a0022ae27cc4269d1ffdf55
mlir/test/Integration/GPU/CUDA/dump-sass.mlir	blob	100644	f81067856961583928dbfe7a06b5a150692cb39a
mlir/test/Integration/GPU/CUDA/gpu-to-cubin.mlir	blob	100644	fe3c2b1d93a1b100c9579213a6757df8ff223252
mlir/test/Integration/GPU/CUDA/lit.local.cfg	blob	100644	5f1e33e87df9cb92c1dec56b94da891a6b99d9b2
mlir/test/Integration/GPU/CUDA/module-to-binary-compiler-log.mlir	blob	100644	0b2adcf224f03fc7bfb81d2a383b8569ce11e032
mlir/test/Integration/GPU/CUDA/multiple-all-reduce.mlir	blob	100644	f8f1aa8aaa42ed38545f96318a02c04700789725
mlir/test/Integration/GPU/CUDA/printf.mlir	blob	100644	ef116760b69e58545139efed792d1d1d4b55c15d
mlir/test/Integration/GPU/CUDA/shuffle.mlir	blob	100644	a4be5223cd792865b2caa69f1c6a2893c5add468
mlir/test/Integration/GPU/CUDA/sm90/cga_cluster.mlir	blob	100644	b34809c891c484f3ed4b9a22c026a69ac866d15e
mlir/test/Integration/GPU/CUDA/sm90/gemm_f32_f16_f16_128x128x128.mlir	blob	100644	22474cbcd39f3ff113121dbfa9bebc39e0318824
mlir/test/Integration/GPU/CUDA/sm90/gemm_pred_f32_f16_f16_128x128x128.mlir	blob	100644	39bad38f36468537587460efeb2b960ea0054cb4
mlir/test/Integration/GPU/CUDA/sm90/lit.local.cfg	blob	100644	2d5a9d00e73226f731fe092228a619d239089dbf
mlir/test/Integration/GPU/CUDA/sm90/python/lit.local.cfg	blob	100644	2d5a9d00e73226f731fe092228a619d239089dbf
mlir/test/Integration/GPU/CUDA/sm90/python/matmul.py	blob	100644	cb7248ef23cd9e0796a9e71d1f03b72fdfc6a25e
mlir/test/Integration/GPU/CUDA/sm90/python/tools/lit.local.cfg	blob	100644	d9f34f219c4d955fdf66804369eff8524edf60e2
mlir/test/Integration/GPU/CUDA/sm90/python/tools/matmulBuilder.py	blob	100644	bf983d96e2ed8bed5ed3f45667ffa5bb84fe4e1c
mlir/test/Integration/GPU/CUDA/sm90/python/tools/nvgpucompiler.py	blob	100644	4b661f8df6a9ff9a90420e6fab4b05875d1d310c
mlir/test/Integration/GPU/CUDA/sm90/tma_load_128x128_stride_noswizzle.mlir	blob	100644	f281c028ebcae248da13cb5ffc68896a13a8a679
mlir/test/Integration/GPU/CUDA/sm90/tma_load_128x64_swizzle128b.mlir	blob	100644	69959893bed670b5a9593ac69c5163ffffbf9f43
mlir/test/Integration/GPU/CUDA/sm90/tma_load_64x64_swizzle128b.mlir	blob	100644	9c0988d8a129415a77354c9ceafd0d3824e48a18
mlir/test/Integration/GPU/CUDA/sm90/tma_load_64x8_8x128_noswizzle.mlir	blob	100644	fc9f6c3d17ab41502fa586c073bf7997e0f33a53
mlir/test/Integration/GPU/CUDA/sm90/transform-dialect/tma_load_64x8_8x128_noswizzle-transform.mlir	blob	100644	39f876bf5ccd892c26e8967c7f6949c2bc1230c1
mlir/test/Integration/GPU/CUDA/two-modules.mlir	blob	100644	3490003d6ba19973aeaa5d38199d6efbe550dd59
mlir/test/Integration/GPU/LevelZero/gpu-addf32-to-spirv.mlir	blob	100644	93730791e707f469f05dfc4724281c9f7126c616
mlir/test/Integration/GPU/LevelZero/gpu-addi64-to-spirv.mlir	blob	100644	e9305bbf114f0401e3148f7194ecc449fdd83a22
mlir/test/Integration/GPU/LevelZero/gpu-memcpy-addf32-to-spirv.mlir	blob	100644	ee7b61e0daaba51f19c80ecf7cbd841ddbd579e0
mlir/test/Integration/GPU/LevelZero/gpu-reluf32-to-spirv.mlir	blob	100644	6013682bd7bb54312527c6653f0dd12dbce57f0e
mlir/test/Integration/GPU/LevelZero/lit.local.cfg	blob	100644	36c7ad5f57c7e6c78f2fb0a03d282e5bd1d204b8
mlir/test/Integration/GPU/ROCM/gpu-lower-to-rocdl-pipeline.mlir	blob	100644	ee289b9cd5549114d0ddd284361aa85cc85b695a
mlir/test/Integration/GPU/ROCM/gpu-to-hsaco.mlir	blob	100644	5fa27eab3bba460ac6c648e10048ad7a9701f672
mlir/test/Integration/GPU/ROCM/lit.local.cfg	blob	100644	34139ebcc2acd5badaf6f9d5418bb9bfcd8ff466
mlir/test/Integration/GPU/ROCM/printf.mlir	blob	100644	8327ec428589dd639101b0707ea221c692edb623
mlir/test/Integration/GPU/ROCM/two-modules.mlir	blob	100644	f3062dbda86c8fac8deb88d89e08182a749aa449
mlir/test/Integration/GPU/ROCM/vecadd.mlir	blob	100644	c3f8b982a131a16899f97df9e2e5b418728c9bbd
mlir/test/Integration/GPU/ROCM/vector-transferops.mlir	blob	100644	fbfce3eb9e6eed61eefb74327c0383a6b56c9262
mlir/test/Integration/GPU/SPIRV/double.mlir	blob	100644	8101dbed843c0fe3472d33f43d804e53c3932c5b
mlir/test/Integration/GPU/SPIRV/lit.local.cfg	blob	100644	8717dd025498e7317265a93f3e5f686a9e6180af
mlir/test/Integration/GPU/SPIRV/simple_add.mlir	blob	100644	b3154d4b91516f6bafce6d3e035cc9c9894786c2
mlir/test/Integration/GPU/SYCL/gpu-addf32-to-spirv.mlir	blob	100644	7c369036e26ff31eb5bc2215ad0b28329ca5a36c
mlir/test/Integration/GPU/SYCL/gpu-addi64-to-spirv.mlir	blob	100644	12a9caf6f72bc467e22499e71a0041777c45f289
mlir/test/Integration/GPU/SYCL/gpu-memcpy-addf32-to-spirv.mlir	blob	100644	ada6dd548ed7837778fc01968d6a8e3ecdb86d77
mlir/test/Integration/GPU/SYCL/gpu-reluf32-to-spirv.mlir	blob	100644	24384e4a68a4947a0ef1a876598c26fe9c4f07c2
mlir/test/Integration/GPU/SYCL/lit.local.cfg	blob	100644	75bac1882eed5c9ce26cfb048b63a60e515ce81b
mlir/test/Integration/GPU/Vulkan/addf.mlir	blob	100644	011a206cd5812121b65e4a0ceab7fab9ddd1ac2a
mlir/test/Integration/GPU/Vulkan/addf_if.mlir	blob	100644	9fc056456c694e1cf9f8e39c785641b5ff7eb0bb
mlir/test/Integration/GPU/Vulkan/addi.mlir	blob	100644	e98fa2087b012eb7eb692b4f1a7b2cdf9fdc969a
mlir/test/Integration/GPU/Vulkan/addi8.mlir	blob	100644	581b9983ba8b8015cebadcbcfe3c816445c94377
mlir/test/Integration/GPU/Vulkan/addui_extended.mlir	blob	100644	6bbdeb3c04c1d5994d8a16668b51daaca4616374
mlir/test/Integration/GPU/Vulkan/lit.local.cfg	blob	100644	6da7fcdd610aaf9b17c6260fbe51bcb0f8d09deb
mlir/test/Integration/GPU/Vulkan/mulf.mlir	blob	100644	8e9f87600c0177abafb5fa8a47d17bebccf824f8
mlir/test/Integration/GPU/Vulkan/smul_extended.mlir	blob	100644	4dc3cb9f4e9884f883eb3275033128aca1c171fe
mlir/test/Integration/GPU/Vulkan/subf.mlir	blob	100644	4f63e7cdfc6aac91981cd85aa05d343f112f1b78
mlir/test/Integration/GPU/Vulkan/subui_extended.mlir	blob	100644	657a49f4562df929590cb127e13715a8e888abaa
mlir/test/Integration/GPU/Vulkan/time.mlir	blob	100644	802025d14063238de254ad62f463633fe6815231
mlir/test/Integration/GPU/Vulkan/umul_extended.mlir	blob	100644	754024d285642d8b155f16a88f105004fdf72212
mlir/test/Integration/GPU/Vulkan/vector-deinterleave.mlir	blob	100644	22d3d3fe67d8daaa47632e81dc2163966b756ec5
mlir/test/Integration/GPU/Vulkan/vector-interleave.mlir	blob	100644	731bd5a37b6394d93c9cb59569a9163eed48dd06
mlir/test/Integration/GPU/Vulkan/vector-shuffle.mlir	blob	100644	c1b7dbaa1c4ae0dd339ba5aa2244e740042ff671
mlir/test/Integration/data/block.mtx	blob	100755	9bb3ea7d50a104b319045cf0def8297faa0dfad5
mlir/test/Integration/data/ds.mtx	blob	100755	8acc2ce081b6b35e73d28b9c67c3ed42cdd4d1b4
mlir/test/Integration/data/mttkrp_b.tns	blob	100644	db3464343b383a222951361e70ca6fbe4bf27963
mlir/test/Integration/data/test.mtx	blob	100644	13a34fba67c7923d426629c24092371e241371a3
mlir/test/Integration/data/test.tns	blob	100644	e9faab3c3496c95da070e2711bf2fac6f692eba6
mlir/test/Integration/data/test_symmetric.mtx	blob	100644	71540d05fc55c5a0e0057bbd44eb6173dfb02f59
mlir/test/Integration/data/test_symmetric_complex.mtx	blob	100644	5e5d0702136b928a9640209e3e14ec02375eb4f9
mlir/test/Integration/data/wide.mtx	blob	100644	e92457d92b5f7390f072c7354d8ac1f01fa27b88
mlir/test/Integration/lit.local.cfg	blob	100644	5f16b1cc3cc4394a48a1fc4d5fc615013c16deef
mlir/test/Interfaces/DataLayoutInterfaces/module.mlir	blob	100644	97286ce758069c097281da68ee1eee4bac9bdc92
mlir/test/Interfaces/DataLayoutInterfaces/query.mlir	blob	100644	97ef8b2a8ae1ccdf4901281fd481d7ae011a989c
mlir/test/Interfaces/DataLayoutInterfaces/types.mlir	blob	100644	82ae02cf92adff5c1ed649c134d9ba5db6ab2aa8
mlir/test/Interfaces/DestinationStyleOpInterface/verify-destination-style-op-interface.mlir	blob	100644	82ec924477359d54e8e0e1537f1cfd4eeafc5234
mlir/test/Interfaces/InferIntRangeInterface/infer-int-range-test-ops-invalid.mlir	blob	100644	7392b9d2ec712dacc171fc2fc3825cc5e269973f
mlir/test/Interfaces/InferIntRangeInterface/infer-int-range-test-ops.mlir	blob	100644	c6344447d9f74e8621af3222a730d75d7b3ffbb7
mlir/test/Interfaces/InferShapedTypeOpInterface/resolve-shaped-type-result-dims.mlir	blob	100644	f41312839c094ffb53b8688baf67a5263d5ed37a
mlir/test/Interfaces/LoopLikeInterface/test-block-loop.mlir	blob	100644	0c807c44eacddd19c61823e1b83e08a29b808791
mlir/test/Interfaces/TilingInterface/lower-to-loops-using-interface.mlir	blob	100644	ec9b60649191076d45d16537354b76deed2f24e7
mlir/test/Interfaces/TilingInterface/query-fusability.mlir	blob	100644	d7b0528a764bbb6bbde7e6b461256bae8f11d5bf
mlir/test/Interfaces/TilingInterface/tile-and-fuse-consumer-using-slices.mlir	blob	100644	62dd7faec4eb7b909ae9789fc26923c9df60d086
mlir/test/Interfaces/TilingInterface/tile-and-fuse-consumer.mlir	blob	100644	0137e2a69a46ecaeb3a04dddb9b900ab22c6e6d0
mlir/test/Interfaces/TilingInterface/tile-and-fuse-using-interface.mlir	blob	100644	43a6705777623e624cd31e8683111aa9a717960e
mlir/test/Interfaces/TilingInterface/tile-and-fuse-using-scfforall.mlir	blob	100644	0bd2546e082b5afcc383c2c8f965436d3d73a5ec
mlir/test/Interfaces/TilingInterface/tile-and-fuse-with-reduction-tiling.mlir	blob	100644	13f023ec9002b39eaeab297bb125028bf4905a79
mlir/test/Interfaces/TilingInterface/tile-elementwise.mlir	blob	100644	dd574e9be6b91b20032a66efc04caf21e3731157
mlir/test/Interfaces/TilingInterface/tile-fuse-and-yield-using-interface.mlir	blob	100644	3c0ada9d2cabcf27465688c7f54794c6ae58e80b
mlir/test/Interfaces/TilingInterface/tile-fuse-and-yield-using-scfforall.mlir	blob	100644	3de6c9cb2b398d3c74d8d148ecc7a96eabe36a0f
mlir/test/Interfaces/TilingInterface/tile-pad-using-interface.mlir	blob	100644	9081f31613f16ca818a7f5445f84f5787efb43ed
mlir/test/Interfaces/TilingInterface/tile-using-custom-op.mlir	blob	100644	d335e9c3fb5d08ae8231b5e8e10e542e012fb232
mlir/test/Interfaces/TilingInterface/tile-using-interface.mlir	blob	100644	2d9d7e432d87532e63c0aeb8cd28c758f8c02ae9
mlir/test/Interfaces/TilingInterface/tile-using-scfforall.mlir	blob	100644	745a82fc0da75195dca93aad789a9d21dcc9f9af
mlir/test/Pass/action-logging-filter.mlir	blob	100644	174616391d45b10f3b34a8d40603b70086d90991
mlir/test/Pass/action-logging.mlir	blob	100644	158edd7c4862cfeb486441a88bbfef0e8df0509d
mlir/test/Pass/action-profiler.mlir	blob	100644	7735041d03c4a97102618afc1a7ceb4c6bd57845
mlir/test/Pass/crash-recovery-dynamic-failure.mlir	blob	100644	6d2bd6963910860c3732192ca94268896a581a92
mlir/test/Pass/crash-recovery.mlir	blob	100644	e5843d6207c67985364fa2a1cb9f607ad1a7014d
mlir/test/Pass/crashless-reproducer.mlir	blob	100644	9f4710d392759ba18fd46e50645653f11ca245fb
mlir/test/Pass/dynamic-pipeline-fail-on-parent.mlir	blob	100644	c429ad3afb05253b43f00cd859214ff062e3c190
mlir/test/Pass/dynamic-pipeline-nested.mlir	blob	100644	5f480e42b084f0a8431c3a88164c94b295223129
mlir/test/Pass/dynamic-pipeline.mlir	blob	100644	7cae9284f44d219eaefaa321f27fc41393fb5fd8
mlir/test/Pass/full_diagnostics.mlir	blob	100644	c355fd071bdb65a654c6982b2c9e777148769a1e
mlir/test/Pass/full_diagnostics_only_expected.mlir	blob	100644	de29693604b4f058140ef0a1cb6d4773213a8e57
mlir/test/Pass/generic-pipeline.mlir	blob	100644	dfd17d59dd27092b645cc95da98724e4907618c2
mlir/test/Pass/interface-pass.mlir	blob	100644	d02e8937f43aae59368f43e94e87b94a534a0617
mlir/test/Pass/invalid-interface-pass.mlir	blob	100644	8f58f39200308d5fe8e8a3adc1741d1d1ad8e3c2
mlir/test/Pass/invalid-ir-print-after-failure.mlir	blob	100644	6910abe20be92115924b2d3b751ae108b1f45319
mlir/test/Pass/invalid-parent.mlir	blob	100644	c6f54c43516fac822fbfe95798c7923619dc49b3
mlir/test/Pass/invalid-pass.mlir	blob	100644	253a14b015c494bcca29fb29d78d0365ff1a4ff8
mlir/test/Pass/invalid-unsupported-operation.mlir	blob	100644	1ee458412f924b3b6d9458232d33ebd769d17447
mlir/test/Pass/ir-printing-file-tree.mlir	blob	100644	46bf6a236cc31d28f9a65b78cd6f75bf9b452081
mlir/test/Pass/ir-printing.mlir	blob	100644	360b3470437224fbfb5db920fa4402d7ae3c9ada
mlir/test/Pass/pass-timing.mlir	blob	100644	a383d01c2dc626695faf37aa549665425fa24674
mlir/test/Pass/pipeline-invalid.mlir	blob	100644	bff2b1c1ea5bf2a75a6c096fb42180d56154bb2e
mlir/test/Pass/pipeline-options-parsing.mlir	blob	100644	03ac38ea16112f73ab3e4ebeaa3aa3a8a8a626a0
mlir/test/Pass/pipeline-parsing.mlir	blob	100644	7f368c6df2af56e767fe36a112603d45ce008ee7
mlir/test/Pass/pipeline-stats-nested.mlir	blob	100644	386dc366857f78d4db67af2937efbe018c1c1381
mlir/test/Pass/pipeline-stats.mlir	blob	100644	0f8b02c1057eac558fcfc91a715bde27c1b1645f
mlir/test/Pass/remark-final.mlir	blob	100644	325271e04cc5cd0c08ddabd0b63ce55293e4aeb5
mlir/test/Pass/remarks.mlir	blob	100644	f99a98e32ed1fa50e31e2450b9bc4102bbb85ac0
mlir/test/Pass/run-reproducer.mlir	blob	100644	5b3b21090d1698cd90674ce32af65f5939933432
mlir/test/Pass/scf-to-cf-and-print-liveness.mlir	blob	100644	ae1d461667fe5407fc7bc9ce1fc197548d54c28b
mlir/test/Rewrite/pdl-bytecode.mlir	blob	100644	844f832cd22c60b6ee7910039d0fa02817b062db
mlir/test/Target/Cpp/arithmetic_operators.mlir	blob	100644	540c473f26dde38d35f4e4ba5b481b1f540f018b
mlir/test/Target/Cpp/attrs.mlir	blob	100644	0a42570ecf2a8a217c44a7d19bdfc427d969355d
mlir/test/Target/Cpp/bitwise_operators.mlir	blob	100644	e666359fc82c913b49faec87ac7cc884170d7f0d
mlir/test/Target/Cpp/call.mlir	blob	100644	3dd71abdfa81ddd581bd41c5f6466ee094f11edf
mlir/test/Target/Cpp/cast.mlir	blob	100644	7254f84e237f40122aab9da60c44fc5e16858ba8
mlir/test/Target/Cpp/class.mlir	blob	100644	8ff9602c9a48026db5a62d3f66dc72ef63e07a39
mlir/test/Target/Cpp/common-cpp.mlir	blob	100644	041321db462901978aa90c4cf554a88124b7c9b2
mlir/test/Target/Cpp/comparison_operators.mlir	blob	100644	a3751214b9243343c02011fdccf817c76ab15554
mlir/test/Target/Cpp/conditional.mlir	blob	100644	2470fbeb33adaec99fbaf46b2788182c9015a254
mlir/test/Target/Cpp/const.mlir	blob	100644	2a5ff1a0f01770f8deefc3135f13ed72d67b9a94
mlir/test/Target/Cpp/control_flow.mlir	blob	100644	ce9a0ee7f9b66cf9c1b1977e83dd3a09e3692502
mlir/test/Target/Cpp/declare_func.mlir	blob	100644	0208b92b308602cd0ea7df00dcec9bd98bf9e319
mlir/test/Target/Cpp/do.mlir	blob	100644	38cbc8110a70cb31989c10d0de4190329e92e53d
mlir/test/Target/Cpp/expressions.mlir	blob	100644	43e43cda49477a72b74e17dcb9d3fd817304ca61
mlir/test/Target/Cpp/file.mlir	blob	100644	262d3cdac27d4ac776902fdc889e7b8326965f1e
mlir/test/Target/Cpp/for.mlir	blob	100644	73375d57823dea097f9b1a6c1e374a101cf28bc8
mlir/test/Target/Cpp/for_loop_induction_vars.mlir	blob	100644	aa85612aef36a4d2812175b8bed362be3d827384
mlir/test/Target/Cpp/func.mlir	blob	100644	e7aa2f5cbbdb097a7814d858f7a135cf4d0a1b9e
mlir/test/Target/Cpp/global.mlir	blob	100644	2b086ebc67b1c7c480dd39c371247d975b7252b9
mlir/test/Target/Cpp/if.mlir	blob	100644	9a7e12b891bc9218332680d7a4157d60d4b27d97
mlir/test/Target/Cpp/invalid.mlir	blob	100644	df4627a158319b2f67822ca1308ac3ff9c140961
mlir/test/Target/Cpp/invalid_declare_variables_at_top.mlir	blob	100644	8b87113e6d960ac26f770bc236dba6ff9e28472c
mlir/test/Target/Cpp/literal.mlir	blob	100644	eff787611197738c3db891ce2795ea72b8ed7f80
mlir/test/Target/Cpp/literal_call_operand.mlir	blob	100644	00adb441cedf50cb0a4b281036753223b97a0281
mlir/test/Target/Cpp/logical_operators.mlir	blob	100644	7083dc218fca9971484ba68a689143d8edacc24a
mlir/test/Target/Cpp/lvalue.mlir	blob	100644	e2d61a09bef447772b305ebf89f4afbe4148dc15
mlir/test/Target/Cpp/member.mlir	blob	100644	0fd25e440f7522a8c0079e0127a35766e5e59772
mlir/test/Target/Cpp/mlgo-add-reflection-map.mlir	blob	100644	489b6af79fe2f1240c7a3935d7c7148d7e0f53d8
mlir/test/Target/Cpp/no_extra_semicolon.mlir	blob	100644	4b1b55944434e22fc0342bc5d6919c40e5e07ed9
mlir/test/Target/Cpp/stdops.mlir	blob	100644	589e5f2e96affddd83b41cfebac2ab8cd93f9c4d
mlir/test/Target/Cpp/subscript.mlir	blob	100644	7f015c210796e7f9a45fea8d12fb3fbb09191f0a
mlir/test/Target/Cpp/switch.mlir	blob	100644	87e4cb8715c90ebb569557791cab84158686b8f4
mlir/test/Target/Cpp/types.mlir	blob	100644	e7f935c7374382f00f749b7e6e40fa97875907de
mlir/test/Target/Cpp/unary_operators.mlir	blob	100644	8a89437a41cc50b09cac273ce38f9a58eea56523
mlir/test/Target/Cpp/variable.mlir	blob	100644	a26d724127cf2513b2736879b602aa048cbc0499
mlir/test/Target/Cpp/verbatim.mlir	blob	100644	e1f225c112a43587b052930f499e7edbc60b8623
mlir/test/Target/ExportSMTLIB/attributes.mlir	blob	100644	2ecbd145acbe3be1bd50bf1770ee7bcf050a2872
mlir/test/Target/ExportSMTLIB/basic.mlir	blob	100644	81c23cde0f9fd4962db1a7d3b6d3f96e2265c504
mlir/test/Target/ExportSMTLIB/lit.local.cfg	blob	100644	ecc28e19f5b956fd2682128eff2ee399846b68fe
mlir/test/Target/LLVMIR/Import/alias.ll	blob	100644	7015d120a7252e3ab32c06da6d5d92d9de3e8230
mlir/test/Target/LLVMIR/Import/basic.ll	blob	100644	8ee797c49f519d32abfc745bcf64d4658b1c8ea4
mlir/test/Target/LLVMIR/Import/blockaddress.ll	blob	100644	2d5649100263d015e7b05994abe4d5d1eb840431
mlir/test/Target/LLVMIR/Import/call-argument-attributes.ll	blob	100644	842639df0d44beb9175468a5dc6805af91dc890a
mlir/test/Target/LLVMIR/Import/call-attributes.ll	blob	100644	24f96815ac4c331e1f629f8a0a095dab9acd9982
mlir/test/Target/LLVMIR/Import/calling-convention.ll	blob	100644	bf5dc6a694f2aaad5d96e7d2458e8d0292b04cad
mlir/test/Target/LLVMIR/Import/comdat.ll	blob	100644	e6ec77a21971765cacfe5f4a9c35952a1ccbe485
mlir/test/Target/LLVMIR/Import/commandline.ll	blob	100644	f31aec8cc5aac1b0f40765c249bd8cd6db961b21
mlir/test/Target/LLVMIR/Import/composite-type-fortran.ll	blob	100644	1a39748ada63fd71c1c93e7b036428e8846de249
mlir/test/Target/LLVMIR/Import/constant.ll	blob	100644	cd4f79ce741bc8e4dbac8684dd4fd4fbe85c0227
mlir/test/Target/LLVMIR/Import/control-flow.ll	blob	100644	6c5d043c84accec45b5dd71f8471b75bb316a63b
mlir/test/Target/LLVMIR/Import/data-layout.ll	blob	100644	a8ad4bdf2ff844c9bf2448987d49bb69c02526be
mlir/test/Target/LLVMIR/Import/debug-info-records.ll	blob	100644	077871e356774e0ba47a9a12f05cb243873a60e8
mlir/test/Target/LLVMIR/Import/debug-info.ll	blob	100644	f00fd792e77fa75640a90391702f760bffaf98c2
mlir/test/Target/LLVMIR/Import/disjoint.ll	blob	100644	36091c09043525f0ceae932728f49916c0cc3990
mlir/test/Target/LLVMIR/Import/exact.ll	blob	100644	528fee5091d2da308bf3fe16b9ca1976e99802d0
mlir/test/Target/LLVMIR/Import/exception.ll	blob	100644	6165032ae7c3996ad1ad70a29ba6ee92d9b3f23b
mlir/test/Target/LLVMIR/Import/fastmath.ll	blob	100644	a6f8f10a5f8f95e6ef6917fdfcb42cc62a771661
mlir/test/Target/LLVMIR/Import/frame-pointer.ll	blob	100644	7e811b635ebe057a681556b485acfbf99c2d3129
mlir/test/Target/LLVMIR/Import/function-attributes-generic.ll	blob	100644	d7f8400413b89632afc1d98c23ddce8b9f24b186
mlir/test/Target/LLVMIR/Import/function-attributes.ll	blob	100644	1c9c616ce3c5b19017126cd3342203c42b6bd03c
mlir/test/Target/LLVMIR/Import/global-struct.ll	blob	100644	5e72b380537d66d416b676877d0504a90cfcabb4
mlir/test/Target/LLVMIR/Import/global-variables.ll	blob	100644	bf2f48f26fdbc91ac130a40f8201bcf2e72a6fee
mlir/test/Target/LLVMIR/Import/ident.ll	blob	100644	1728fdf249ede75d77f257a92e8be4dcbef072cd
mlir/test/Target/LLVMIR/Import/ifunc.ll	blob	100644	0cec205dfce6823c13724da4ece2add99c412390
mlir/test/Target/LLVMIR/Import/ignore-composite-type-elements.ll	blob	100644	d92d07085610f30769bd2cfe44a0f2ba081f7676
mlir/test/Target/LLVMIR/Import/import-failure.ll	blob	100644	6600e201174cc96cf11365eee3166e0d76a40cea
mlir/test/Target/LLVMIR/Import/import-structs-as-literals.ll	blob	100644	40fd834817d049483d6a8eefb4d64b07a07354a3
mlir/test/Target/LLVMIR/Import/incorrect-constant-caching.ll	blob	100644	386709b3b09b3c4810001f3864714e3769a2515c
mlir/test/Target/LLVMIR/Import/incorrect-constexpr-inst-caching.ll	blob	100644	75ba51550b1ea0ced27913f4cce815ca2f0d69e7
mlir/test/Target/LLVMIR/Import/incorrect-instmap-assignment.ll	blob	100644	1af96ba85fab3b6dec0a75086e7f4f4ee2088e53
mlir/test/Target/LLVMIR/Import/incorrect-scalable-vector-check.ll	blob	100644	858f714b1f6406810560022db7f49edc081261d1
mlir/test/Target/LLVMIR/Import/indirectbr.ll	blob	100644	7c197a5281ddd08481cad45afd901890f2ee7f54
mlir/test/Target/LLVMIR/Import/instructions.ll	blob	100644	6fae74dcf9895392b0efe066805f6121fe8df618
mlir/test/Target/LLVMIR/Import/intrinsic-prefer-unregistered.ll	blob	100644	18c93191e3ae0a6705e7d5bf06ed5ef19133dda0
mlir/test/Target/LLVMIR/Import/intrinsic-unregistered.ll	blob	100644	e5d6a4391b124431aeaaf90340912197a89c03a4
mlir/test/Target/LLVMIR/Import/intrinsic.ll	blob	100644	5bbb920e423c8c100d93259f07d7235a250889cc
mlir/test/Target/LLVMIR/Import/invoke-argument-attributes.ll	blob	100644	42489832fd18470600b54b8d499affd4b223968c
mlir/test/Target/LLVMIR/Import/metadata-alias-scopes.ll	blob	100644	bf4c85786216fd632b5c1d6757c8d2e8875cb462
mlir/test/Target/LLVMIR/Import/metadata-dependent-libraries.ll	blob	100644	4a6d438046a36ed01ac7c94e8ad24ab98cc803ec
mlir/test/Target/LLVMIR/Import/metadata-dereferenceable.ll	blob	100644	198a476441348aa5339e8e9b55e506d57b102c83
mlir/test/Target/LLVMIR/Import/metadata-kernel.ll	blob	100644	963e40348c7954146c81da404390a4cadc4a96fd
mlir/test/Target/LLVMIR/Import/metadata-linker-options.ll	blob	100644	d936632031a5ca26300610a34a08bb4e66988f8a
mlir/test/Target/LLVMIR/Import/metadata-loop.ll	blob	100644	7b4a6d7fa52638672ff7e61de2dcb465b8a274a9
mlir/test/Target/LLVMIR/Import/metadata-mmra.ll	blob	100644	5e1ed37d559efece6a092e8802b6c973f5a34e39
mlir/test/Target/LLVMIR/Import/metadata-profiling.ll	blob	100644	328062545ed635bb489e4aecbd2887323298c176
mlir/test/Target/LLVMIR/Import/metadata-tbaa.ll	blob	100644	2a7685c4e024709601c4f1710e883f6f5ecdd99c
mlir/test/Target/LLVMIR/Import/module-asm.ll	blob	100644	38f6ea448acba37bdecfcd1a33e8f0be232c9a65
mlir/test/Target/LLVMIR/Import/module-flags.ll	blob	100644	e406bf985ff902deb14aebd586e2b0c87c568a2e
mlir/test/Target/LLVMIR/Import/mrecip.ll	blob	100644	01814cce70059e49d88ffa9b5c184170206a545d
mlir/test/Target/LLVMIR/Import/nneg.ll	blob	100644	07756b9f706bdb6e9873c6929d3e2c7a4d15d101
mlir/test/Target/LLVMIR/Import/nsw_nuw.ll	blob	100644	4af799da36dc088ea38f4518600ecc5620f873c0
mlir/test/Target/LLVMIR/Import/nvvmir.ll	blob	100644	b2529cc8fac6c80554ad0c621c4de7fc4568fe5a
mlir/test/Target/LLVMIR/Import/prefer-vector-width.ll	blob	100644	e30ef04924b8135a6f72fe695883937fd1614a82
mlir/test/Target/LLVMIR/Import/struct.ll	blob	100644	dd94035e585f43e9569ba99ef5e222004cc1e93d
mlir/test/Target/LLVMIR/Import/tail-kind.ll	blob	100644	608ae4043b67196f8baae212629bba1b596f586c
mlir/test/Target/LLVMIR/Import/target-cpu.ll	blob	100644	84c0f96c267a11f0fdae80515de0d95257227a25
mlir/test/Target/LLVMIR/Import/target-ext-type.ll	blob	100644	3c575b71038bf0dbed5f22cba886035fbf9e510f
mlir/test/Target/LLVMIR/Import/target-features.ll	blob	100644	d3feeda85691a268cb49c7c89027a3b8715c8fa3
mlir/test/Target/LLVMIR/Import/target-triple.ll	blob	100644	a04b41a7aeb551f52d04040bf93ad6d170c7b98b
mlir/test/Target/LLVMIR/Import/test.ll	blob	100644	a3165d6020104754edfc8066a989d0ec7dc46d4e
mlir/test/Target/LLVMIR/Import/tune-cpu.ll	blob	100644	991a70ada473c5914bc445ddab4fa540e1605052
mlir/test/Target/LLVMIR/Import/unreachable-blocks.ll	blob	100644	8a84f4b5c19b8d06efc4a128ca4af4781f10b1f6
mlir/test/Target/LLVMIR/Import/use-sample-profile.ll	blob	100644	0df93194b07b61d749e2bd07133f0cd95a7d88e5
mlir/test/Target/LLVMIR/Import/uwtable.ll	blob	100644	e5f58842408578f284d690bd1a25223ebfa91d66
mlir/test/Target/LLVMIR/Import/vscale.ll	blob	100644	48a52e949bda36a95229de5c45a8ebe8211d32f8
mlir/test/Target/LLVMIR/Import/zeroinitializer.ll	blob	100644	02216dab0cc2f15e2f25a0a1c7249ef27753c2b1
mlir/test/Target/LLVMIR/alias.mlir	blob	100644	2ba9a2145eb32603312b862fe218fd069705df34
mlir/test/Target/LLVMIR/allocatable_gpu_reduction.mlir	blob	100644	3a5ccec0d0c620708fa14ea6a45dd75b5b7302e9
mlir/test/Target/LLVMIR/allocatable_gpu_reduction_teams.mlir	blob	100644	8526dd573c886810f46a8db3827e153d72ec6f35
mlir/test/Target/LLVMIR/amx.mlir	blob	100644	be74dc199af72d22c67aa4bfbd9f3008652051c5
mlir/test/Target/LLVMIR/anonymous-tbaa.mlir	blob	100644	b54bfe47e0807e65ce406066f6700eeb22b31c68
mlir/test/Target/LLVMIR/arm-neon-2d.mlir	blob	100644	dfb4e4fd309a97a3d7b751538ecf84e07d5e5de9
mlir/test/Target/LLVMIR/arm-neon.mlir	blob	100644	e1328ad448f0a5763b5eef84c4e6637511e7458c
mlir/test/Target/LLVMIR/arm-sme-invalid.mlir	blob	100644	6f5b1d8c5d93db1e9586b634030a459c7d572a84
mlir/test/Target/LLVMIR/arm-sme.mlir	blob	100644	0a13a75618a231aca9f372d2dccc547b4b1eac9b
mlir/test/Target/LLVMIR/arm-sve.mlir	blob	100644	e0c4c48c5e9ab8fc1a15f7a7349f5e64ed9fd1d6
mlir/test/Target/LLVMIR/attribute-alias-scopes.mlir	blob	100644	ae399d4f7edef11495ee713720b6ac2aa0f0e831
mlir/test/Target/LLVMIR/attribute-dereferenceable.mlir	blob	100644	6e7f03110faa762588bc8759f3cac3a7be11f3ba
mlir/test/Target/LLVMIR/attribute-tbaa.mlir	blob	100644	69b666a1ec35380c86468d4bb6603fb18ef4d94e
mlir/test/Target/LLVMIR/blockaddress.mlir	blob	100644	4473f91c4bdb502057e52a785497cf883e2600c8
mlir/test/Target/LLVMIR/call-argument-attributes.mlir	blob	100644	b3d286dcda50456df446e463e802cb6f7988c940
mlir/test/Target/LLVMIR/comdat.mlir	blob	100644	c77e433db46bb8d13c1f595bc6e76897c7f70d67
mlir/test/Target/LLVMIR/commandline.mlir	blob	100644	817a5ac2164e9f283ed5ee2a168127b507c22f5f
mlir/test/Target/LLVMIR/data-layout.mlir	blob	100644	deaed332a969bd6d432064116b458fed912a7fe2
mlir/test/Target/LLVMIR/disjoint.mlir	blob	100644	1f5a42e608ba4061cf67853b1d8276b380be1531
mlir/test/Target/LLVMIR/exact.mlir	blob	100644	b6c378c2fdcc94a0d50a25a5f711006981ee6c8d
mlir/test/Target/LLVMIR/external-func-dialect-attr.mlir	blob	100644	459859f5be47b2dd71714307e7c0ba5257d794cc
mlir/test/Target/LLVMIR/fp-math-function-attributes.mlir	blob	100644	c5f900a89651b8a5b55576d51e42bde7f0106713
mlir/test/Target/LLVMIR/frame-pointer.mlir	blob	100644	5224e97a40805518bd0e4ef94eb4aab86081feec
mlir/test/Target/LLVMIR/global_float_array.mlir	blob	100644	eba7948d2c55e7e9a093a1daa6da80be8b8e5acb
mlir/test/Target/LLVMIR/gpu.mlir	blob	100644	da816bf24f63a303fa9e717c4adaf68e64afdb8c
mlir/test/Target/LLVMIR/ident.mlir	blob	100644	e2c343df3c7f33962cd7f613884df6bec7b6e4cc
mlir/test/Target/LLVMIR/ifunc.mlir	blob	100644	bba306c1e1ab387b2522fac1af723b15365d7c30
mlir/test/Target/LLVMIR/indirectbr.mlir	blob	100644	538220721e9eb6e6bf455bb45be1b7380ce4c57c
mlir/test/Target/LLVMIR/invalid-module.mlir	blob	100644	5ed62449d413c3cf0f5d8fabd8f6eee7d9f61285
mlir/test/Target/LLVMIR/invoke-argument-attributes.mlir	blob	100644	ea8ed1d416435d33c6ae9eba5fd28f0679d4152e
mlir/test/Target/LLVMIR/llvmir-debug.mlir	blob	100644	6628b2882a26c7f99a72650caf66925c41d7f7b0
mlir/test/Target/LLVMIR/llvmir-global-addressof-leaf.mlir	blob	100644	93b43537ed71f9a886010add0e3d6cd9fb7dc927
mlir/test/Target/LLVMIR/llvmir-intrinsics.mlir	blob	100644	13d4155e4ca04445f23380bf25d7791029bee654
mlir/test/Target/LLVMIR/llvmir-invalid.mlir	blob	100644	ef6681ca3821f62a0e68405972a41e84399b3203
mlir/test/Target/LLVMIR/llvmir-le-specific.mlir	blob	100644	d2b96642c6428319ae5084dfaa0eb750ec02e9d4
mlir/test/Target/LLVMIR/llvmir-named-metadata.mlir	blob	100644	abb6043b630cb936b86c3715e1dea561b5267794
mlir/test/Target/LLVMIR/llvmir-phi-loc.mlir	blob	100644	fd0450260528484079c40b127ada3f61fd513f45
mlir/test/Target/LLVMIR/llvmir-types.mlir	blob	100644	5278e1492bb726a351712288133761f5ffd906c3
mlir/test/Target/LLVMIR/llvmir.mlir	blob	100644	f27c0a46780f239131f5bf828a614354558b918e
mlir/test/Target/LLVMIR/loop-metadata.mlir	blob	100644	50293246d34d5e1e5e9cf0136403bd8c60886a44
mlir/test/Target/LLVMIR/mmra.mlir	blob	100644	5864e0e0759e61aa01b8bff4688d10192d9fc41e
mlir/test/Target/LLVMIR/module-asm.mlir	blob	100644	813eeeafdeb444a863296e7bbedf287e38cee271
mlir/test/Target/LLVMIR/mrecip.mlir	blob	100644	e0bc66c272f6a6c330ff690f45aea920424b1184
mlir/test/Target/LLVMIR/nneg.mlir	blob	100644	8afa765a510e24fe82534985a56ee77a90692511
mlir/test/Target/LLVMIR/nsw_nuw.mlir	blob	100644	584aa05a04f7cf4d5cf3cfad62e1541e09c57e7f
mlir/test/Target/LLVMIR/nvvm/addf/addf.mlir	blob	100644	fd05c85ae441fe51260b993411ab1b66a23093ed
mlir/test/Target/LLVMIR/nvvm/addf/addf_invalid.mlir	blob	100644	23ba79ee3d8aff33fd9f3912cdb3e44c55ef83cb
mlir/test/Target/LLVMIR/nvvm/addf/addf_vector.mlir	blob	100644	b472de739c92ab4e1d50b137cfa0ff445fbd2d4e
mlir/test/Target/LLVMIR/nvvm/barrier.mlir	blob	100644	994daa24048e613770c8b6a4253a5d65bf9aa291
mlir/test/Target/LLVMIR/nvvm/clusterlaunchcontrol.mlir	blob	100644	6ff85fa38a0a0578d0392eef4b2dc21514ffc455
mlir/test/Target/LLVMIR/nvvm/convert_fp16x2.mlir	blob	100644	a4bece83f832a18892393ef249063fc6fc6c8c9a
mlir/test/Target/LLVMIR/nvvm/convert_fp4x2.mlir	blob	100644	fc25a194ef236704585c5ed3002c49a8b2044a15
mlir/test/Target/LLVMIR/nvvm/convert_fp4x2_invalid.mlir	blob	100644	d179431fe93699f0c84fe5abd0e7ad34b02c0da3
mlir/test/Target/LLVMIR/nvvm/convert_fp6x2.mlir	blob	100644	e83f4fe6449dbc8534ccbc1e4b0c76f7f631666e
mlir/test/Target/LLVMIR/nvvm/convert_fp6x2_invalid.mlir	blob	100644	e993868cf1c9f8160d660921699380c45f9cf5dd
mlir/test/Target/LLVMIR/nvvm/convert_fp8x2.mlir	blob	100644	317e95dc3a75be248ae61e6d1e90808d795c89a7
mlir/test/Target/LLVMIR/nvvm/convert_fp8x2_invalid.mlir	blob	100644	747706dfc3418f352a699becbb0fcd88d0fb5180
mlir/test/Target/LLVMIR/nvvm/convert_s2f6x2.mlir	blob	100644	7c1aa406a47af9fd5b83d2b334a2c12a2f128515
mlir/test/Target/LLVMIR/nvvm/convert_stochastic_rounding.mlir	blob	100644	03abcddd96cb09bae1be0508e20531b0cb01470e
mlir/test/Target/LLVMIR/nvvm/convert_tf32.mlir	blob	100644	e9db648e42041eb5b11509dd3490483758e635e1
mlir/test/Target/LLVMIR/nvvm/divf/divf.mlir	blob	100644	4af14785e99a4daa0bfb6453498ff4f8a4a0f926
mlir/test/Target/LLVMIR/nvvm/divf/divf_invalid.mlir	blob	100644	fcce8fe57c0f39dce3eb836b0a6a7358f340e6c9
mlir/test/Target/LLVMIR/nvvm/elect.mlir	blob	100644	3c5cac4b650bb1395d6cdcfe1bdd95845aa1b803
mlir/test/Target/LLVMIR/nvvm/fence-invalid.mlir	blob	100644	d2e14637f094f54150858a732d7e6f5adb750a94
mlir/test/Target/LLVMIR/nvvm/fence.mlir	blob	100644	0ab4cb74b8f543709da84cc69269669a611f6536
mlir/test/Target/LLVMIR/nvvm/fma/fma.mlir	blob	100644	236175daff21eef553ccc2c18712dcb402bb4f4d
mlir/test/Target/LLVMIR/nvvm/fma/fma_invalid.mlir	blob	100644	ea92b707b65ded2f7bb5ec9307c3ca3887e0e263
mlir/test/Target/LLVMIR/nvvm/fma/fma_vector.mlir	blob	100644	020bdcfc27705bb01f3a9cf0fdd1a331040c6181
mlir/test/Target/LLVMIR/nvvm/invalid_convert_fp16x2.mlir	blob	100644	37756c8737f11806f1f522ef7c38ec328cc5abc7
mlir/test/Target/LLVMIR/nvvm/mbar_arr_drop_expect_tx.mlir	blob	100644	4b3cafec08a39b9f72be9c95e5256249669fcbf2
mlir/test/Target/LLVMIR/nvvm/mbar_arr_expect_tx.mlir	blob	100644	b5389bdd30267a9f91a207ecc5b28d2b20e75810
mlir/test/Target/LLVMIR/nvvm/mbar_arrive.mlir	blob	100644	96c910b193f127e7ba953f8e110f16cc80546363
mlir/test/Target/LLVMIR/nvvm/mbar_arrive_drop.mlir	blob	100644	c345c5d69edad4bef863e321261d0eb8ea3baa71
mlir/test/Target/LLVMIR/nvvm/mbar_complete_tx.mlir	blob	100644	99289fa03b22cce0091b7df20112abc84b5268d8
mlir/test/Target/LLVMIR/nvvm/mbar_expect_tx.mlir	blob	100644	dad7237e2f4cc1dd3189d30afa1a7377b5560269
mlir/test/Target/LLVMIR/nvvm/mbar_init.mlir	blob	100644	9c1d1cc0cdc31c4cc89862050932a77016b48d22
mlir/test/Target/LLVMIR/nvvm/mbar_invalid.mlir	blob	100644	4a7776d86b28e25464d9e215ba73e57cebd0ffbf
mlir/test/Target/LLVMIR/nvvm/mbar_test_wait.mlir	blob	100644	21ab72eeab167a12bade8eed25fc653bb42aa652
mlir/test/Target/LLVMIR/nvvm/mbar_try_wait.mlir	blob	100644	18aaf0e451e200367c9b47f90dcc18dfb6e6c918
mlir/test/Target/LLVMIR/nvvm/membar.mlir	blob	100644	1b794f663b5731300c049db8a54a33d8cb96162f
mlir/test/Target/LLVMIR/nvvm/mma-blockscale.mlir	blob	100644	edc59ed20193f32e5585f000f9e42476db3cfa6f
mlir/test/Target/LLVMIR/nvvm/mma-sp-kind.mlir	blob	100644	66dbaf5c6d766c3a5312ae2499259833cc2eb4ad
mlir/test/Target/LLVMIR/nvvm/mma-sp-ordered.mlir	blob	100644	33b4387ee83895bc895be4789bf5b2e5241a85bd
mlir/test/Target/LLVMIR/nvvm/mma-sp.mlir	blob	100644	9e238f0491627b0f33d774b82b34f94d31a3b224
mlir/test/Target/LLVMIR/nvvm/mma-sparse-blockscale.mlir	blob	100644	27d06b79a1796d31e049123f3e547d1fb6cdc798
mlir/test/Target/LLVMIR/nvvm/permute_invalid.mlir	blob	100644	1d6c23cc29fbcb6720374d3a9d341f85b50c3b46
mlir/test/Target/LLVMIR/nvvm/permute_valid.mlir	blob	100644	d2baae79ce95e1e8718690ee4b3e08f85963cc8f
mlir/test/Target/LLVMIR/nvvm/pm_event.mlir	blob	100644	0092d32319a8355baf92b8ff54396ece4eea0b2f
mlir/test/Target/LLVMIR/nvvm/pm_event_invalid.mlir	blob	100644	783988fb36368a7bf5f6600b4b93dd992aa40205
mlir/test/Target/LLVMIR/nvvm/prefetch.mlir	blob	100644	5f8e8d06e1c2dc0a930171f4260b285f424968aa
mlir/test/Target/LLVMIR/nvvm/redux-sync-invalid.mlir	blob	100644	f91f68852fb7ec69505c6a2cf3b3d985f7255e60
mlir/test/Target/LLVMIR/nvvm/rsqrt/rsqrt.mlir	blob	100644	a05531156721630f840024b75917e9a9e8ff0125
mlir/test/Target/LLVMIR/nvvm/shfl-sync-invalid.mlir	blob	100644	f2ccfe71a3f23dbefc57d0a4102ef4fa19b5d531
mlir/test/Target/LLVMIR/nvvm/sqrt/sqrt.mlir	blob	100644	4feddaeed22c13b1b7829d5af03a975fcc3a8968
mlir/test/Target/LLVMIR/nvvm/sqrt/sqrt_invalid.mlir	blob	100644	9a8f5557f30e804dd14abe90543bd2a2533d051f
mlir/test/Target/LLVMIR/nvvm/subf/subf.mlir	blob	100644	e21bcfb42023d9f97b97d55270cd9dec8b084520
mlir/test/Target/LLVMIR/nvvm/subf/subf_invalid.mlir	blob	100644	bf4bbd19cb39610915781dca8561e1a42249fc4a
mlir/test/Target/LLVMIR/nvvm/subf/subf_vector.mlir	blob	100644	3dca3fc41fa34119f8a06e1df39e0076eecf22c1
mlir/test/Target/LLVMIR/nvvm/tcgen05-alloc.mlir	blob	100644	a8f80296f20aec5f526e84c1d1f5e536c329b28a
mlir/test/Target/LLVMIR/nvvm/tcgen05-commit.mlir	blob	100644	6ef6f9914ffb4b56c61bfdcfac37d5ba38929e48
mlir/test/Target/LLVMIR/nvvm/tcgen05-cp.mlir	blob	100644	237b15ba36739cec07e03afaf8392684306e9a38
mlir/test/Target/LLVMIR/nvvm/tcgen05-fence-wait.mlir	blob	100644	ee4a517a4bffa753961937fe3dbaa5811b94ca54
mlir/test/Target/LLVMIR/nvvm/tcgen05-ld-invalid.mlir	blob	100644	1b93f20c15b99f0c964fbf4d330443af19dd70d6
mlir/test/Target/LLVMIR/nvvm/tcgen05-ld-red-invalid.mlir	blob	100644	07734bdaded1e0855291d7d44a5e88e472f95689
mlir/test/Target/LLVMIR/nvvm/tcgen05-ld-red.mlir	blob	100644	492c22ecf2fd3e79a1ebc861115237acf4d3da24
mlir/test/Target/LLVMIR/nvvm/tcgen05-ld.mlir	blob	100644	bcd342e2e6e9406c2b98956c7acb410c976178b2
mlir/test/Target/LLVMIR/nvvm/tcgen05-mma-block-scale-shared.mlir	blob	100644	a95c7888da04ed80145cef3b7c8091dc265bf84c
mlir/test/Target/LLVMIR/nvvm/tcgen05-mma-block-scale-tensor.mlir	blob	100644	b7345039f164650626b1b80d0d1548aff0c16db7
mlir/test/Target/LLVMIR/nvvm/tcgen05-mma-invalid.mlir	blob	100644	3dd0d7a6c9aaa7a7f90c1eab524b5151951fff87
mlir/test/Target/LLVMIR/nvvm/tcgen05-mma-shared.mlir	blob	100644	51099835d73f642ab3df9236d0bd4118036c7a60
mlir/test/Target/LLVMIR/nvvm/tcgen05-mma-sp-block-scale-shared.mlir	blob	100644	5eacd34b6202f367a29ce559d3355e14bfc4047d
mlir/test/Target/LLVMIR/nvvm/tcgen05-mma-sp-block-scale-tensor.mlir	blob	100644	6920e541bc2fd0d5f1e2fef885cd885dd71d39c5
mlir/test/Target/LLVMIR/nvvm/tcgen05-mma-sp-shared.mlir	blob	100644	c1907ad642bf9fe6af927c851e850459afe3903f
mlir/test/Target/LLVMIR/nvvm/tcgen05-mma-sp-tensor.mlir	blob	100644	fba75b1164e71702d57f3fee1d2cb2a079a06f35
mlir/test/Target/LLVMIR/nvvm/tcgen05-mma-tensor.mlir	blob	100644	8ce9065e77380f0b954255cbefaa0c2b0d63e095
mlir/test/Target/LLVMIR/nvvm/tcgen05-mma-ws-shared.mlir	blob	100644	5f1aeb05888bdbb45492dff651fe7f8ece73841d
mlir/test/Target/LLVMIR/nvvm/tcgen05-mma-ws-sp-shared.mlir	blob	100644	e390e350090ad1c942b4ac98660b26b94e475a4b
mlir/test/Target/LLVMIR/nvvm/tcgen05-mma-ws-sp-tensor.mlir	blob	100644	f7ce5484803e94b25e7de198bf9dceecd46056cb
mlir/test/Target/LLVMIR/nvvm/tcgen05-mma-ws-tensor.mlir	blob	100644	cecbb3fbd90af101218da4855a1106a54db443d7
mlir/test/Target/LLVMIR/nvvm/tcgen05-shift.mlir	blob	100644	b8c33516b91353b851f35bd727e77268a08ff0dc
mlir/test/Target/LLVMIR/nvvm/tcgen05-smem-desc.mlir	blob	100644	5af79c6f1379b6320d466289cd5b035bc9a0435e
mlir/test/Target/LLVMIR/nvvm/tcgen05-st.mlir	blob	100644	123c6308794a6538126c7299905567e11d458ba9
mlir/test/Target/LLVMIR/nvvm/tensormap_replace.mlir	blob	100644	67576d68abb92683fb6c8854f284d4cdf11a2153
mlir/test/Target/LLVMIR/nvvm/tensormap_replace_invalid.mlir	blob	100644	21454491f218adc5dcd2a403a4bb85de92aabf2f
mlir/test/Target/LLVMIR/nvvm/tma_bulk_copy.mlir	blob	100644	240fab5b639083c30a22a5cd0c9176b45056c095
mlir/test/Target/LLVMIR/nvvm/tma_bulk_copy_invalid.mlir	blob	100644	d762ff3ff1e7634c7842b2e49214b2e9cfbd745b
mlir/test/Target/LLVMIR/nvvm/tma_load_cluster_im2col.mlir	blob	100644	2fb98d3c1215e34054d408015f294660054e08e4
mlir/test/Target/LLVMIR/nvvm/tma_load_cluster_tile.mlir	blob	100644	de0b929e6db72eb012af80ca040ea5d0336c058b
mlir/test/Target/LLVMIR/nvvm/tma_load_cta_im2col.mlir	blob	100644	0ebae19a682bedcb040efc333abd1a85baae91ee
mlir/test/Target/LLVMIR/nvvm/tma_load_cta_tile.mlir	blob	100644	f11de711ca50a96302e6019f0418aef78527723b
mlir/test/Target/LLVMIR/nvvm/tma_load_invalid.mlir	blob	100644	d94ea41f6bb38c091b331d97cb0bb179827202e4
mlir/test/Target/LLVMIR/nvvm/tma_prefetch.mlir	blob	100644	536b52b034db89097a2b5506d6474f8f19a4bdbd
mlir/test/Target/LLVMIR/nvvm/tma_prefetch_invalid.mlir	blob	100644	23e47bd594b7864e3cb190ac2a232726e6366824
mlir/test/Target/LLVMIR/nvvm/tma_store.mlir	blob	100644	b77927fcfb47bd25b89cba2f64529868c3c6b712
mlir/test/Target/LLVMIR/nvvm/tma_store_im2colw.mlir	blob	100644	9ef91604c20e0873abad9f83527aa1fe6ca39edf
mlir/test/Target/LLVMIR/nvvm/tma_store_invalid.mlir	blob	100644	9d9dc8e35b5dbb6a42519d1b211374f8a23f5f87
mlir/test/Target/LLVMIR/nvvm/tma_store_reduce.mlir	blob	100644	2a6f5bedbd3e7c46dcf84199d6616051c7ac20dd
mlir/test/Target/LLVMIR/nvvm/tma_store_reduce_im2col_w.mlir	blob	100644	8d7a046c833df72616cbdab04e23979ab7ce4d63
mlir/test/Target/LLVMIR/nvvm/tma_store_reduce_invalid.mlir	blob	100644	577409916b0d68793fc926a7fa313d513c19e7b7
mlir/test/Target/LLVMIR/nvvm/transcendentals.mlir	blob	100644	5b7ecc9e1c87c7329feffc786d0510ca2332e126
mlir/test/Target/LLVMIR/nvvmir-invalid.mlir	blob	100644	07c34f10d0e3dca53e85a1938f6fbf27a5ab962a
mlir/test/Target/LLVMIR/nvvmir.mlir	blob	100644	778a5c2229225776537760de921c92e35f6e81f7
mlir/test/Target/LLVMIR/omp-target-call-with-repeated-parameter.mlir	blob	100644	92230f4af7fcb99d1b1a392c38c4d1028018987b
mlir/test/Target/LLVMIR/ompenmp-target-allocmem-freemem.mlir	blob	100644	1bc97609ccff46bf5fddd26857069c1135060ce6
mlir/test/Target/LLVMIR/omptarget-array-sectioning-host.mlir	blob	100644	0be82a64b85f97a7ab98e4ace2f3ed2682f84f60
mlir/test/Target/LLVMIR/omptarget-atomic-capture-control-options.mlir	blob	100644	bffcf8b5c4c71534ae0cd9d25ff00b55c30e8be5
mlir/test/Target/LLVMIR/omptarget-atomic-update-control-options.mlir	blob	100644	a083981ab4fa75a75b899f584efeb74b2a492e67
mlir/test/Target/LLVMIR/omptarget-byref-bycopy-generation-device.mlir	blob	100644	6db9ff20cc1f223ea117b7dc2f25121cd5854e99
mlir/test/Target/LLVMIR/omptarget-byref-bycopy-generation-host.mlir	blob	100644	12f56522948111a511e13470a5b9abfe02497800
mlir/test/Target/LLVMIR/omptarget-constant-alloca-raise.mlir	blob	100644	dae2d2daa7091cb0c8e7e8c159ea56a64167d63e
mlir/test/Target/LLVMIR/omptarget-constant-indexing-device-region.mlir	blob	100644	7d27a132dda4306aac99774591350227ecf765c3
mlir/test/Target/LLVMIR/omptarget-data-use-dev-ordering.mlir	blob	100644	121c6ee83b85fc123c42904eb7873a5fbadd1b64
mlir/test/Target/LLVMIR/omptarget-debug-147063.mlir	blob	100644	55e5398440391f91a9186e63cf878e79602f3df4
mlir/test/Target/LLVMIR/omptarget-debug-empty.mlir	blob	100644	cc7c8c395116dbe011bef010dd8ae46863c15820
mlir/test/Target/LLVMIR/omptarget-debug-loop-loc.mlir	blob	100644	08f18a1f3d23bc6b75044c2332420fccfee93066
mlir/test/Target/LLVMIR/omptarget-debug-map-link-loc.mlir	blob	100644	d8181b0c3fb178e8da4e86db39a566604ecfef4d
mlir/test/Target/LLVMIR/omptarget-debug-nowait.mlir	blob	100644	da33e5f4838d4e9d866790d473b6f6e266888ba3
mlir/test/Target/LLVMIR/omptarget-debug-record-pos.mlir	blob	100644	9d49c1ff71ced8a3460702595169c6340a94f0af
mlir/test/Target/LLVMIR/omptarget-debug-reduc-fn-loc.mlir	blob	100644	689446eee8de988b17ad3e6a966cec193f1c7ff2
mlir/test/Target/LLVMIR/omptarget-debug-var-1.mlir	blob	100644	4186434107813c31673c30b2d725b3adab4c5fb1
mlir/test/Target/LLVMIR/omptarget-debug-var-2.mlir	blob	100644	2c78ae4c33f7575c849885ad0b2f81e522de81f1
mlir/test/Target/LLVMIR/omptarget-debug.mlir	blob	100644	761f6af3989c572e07520d9438262a38281aab43
mlir/test/Target/LLVMIR/omptarget-debug2.mlir	blob	100644	7ed003ef506e3cc9f1fd990774584069688d8bab
mlir/test/Target/LLVMIR/omptarget-declare-target-all-device-types-device.mlir	blob	100644	2cd3fc3c44231f998479967e111997953b006ed4
mlir/test/Target/LLVMIR/omptarget-declare-target-func-visibility.mlir	blob	100644	f5f3c9f419f0b4b49a83a86aa41ae8ae68f84bea
mlir/test/Target/LLVMIR/omptarget-declare-target-llvm-device-2.mlir	blob	100644	c1826abcfdf9ea93127fd42eb7cc433df46dcb6a
mlir/test/Target/LLVMIR/omptarget-declare-target-llvm-device.mlir	blob	100644	745ab424fb5f8d6f7838096b19c25aca569500da
mlir/test/Target/LLVMIR/omptarget-declare-target-llvm-host.mlir	blob	100644	0d795eefa1f9de0c6b1cfd11ed54ca51634ad454
mlir/test/Target/LLVMIR/omptarget-declare-target-module-rewrite-device.mlir	blob	100644	a9c9a1f118a4f4b89947fd9bc0f50189b915da9f
mlir/test/Target/LLVMIR/omptarget-declare-target-to-device.mlir	blob	100644	fd4c024d5cdae8e283488bc70eeea1b9376525a3
mlir/test/Target/LLVMIR/omptarget-declare-target-to-host.mlir	blob	100644	47b0f5eb3be2e5d4c91c8088ad11cd90f8270ee1
mlir/test/Target/LLVMIR/omptarget-depend-host-only.mlir	blob	100644	e643331c1c731a2197ca51dfae96f297d15c5418
mlir/test/Target/LLVMIR/omptarget-depend.mlir	blob	100644	5ada9c0382aeb1aa221b8d90b27f67a0b158712d
mlir/test/Target/LLVMIR/omptarget-device-shared-mem.mlir	blob	100644	6fccc0127b3473850b33a0da399bcced062557f0
mlir/test/Target/LLVMIR/omptarget-device-shared-memory.mlir	blob	100644	279ff7a57015503253fd943639ff552a36edb9ef
mlir/test/Target/LLVMIR/omptarget-device.mlir	blob	100644	d060e512c4cd913256b2c32aacb477313e6deb4f
mlir/test/Target/LLVMIR/omptarget-fortran-common-block-host.mlir	blob	100644	5f953bec9148ca362a1bfb6ce0b9892f07a7b60c
mlir/test/Target/LLVMIR/omptarget-groupprivate.mlir	blob	100644	5a640622512edaa5d52d9175fffa7e933ab5ffde
mlir/test/Target/LLVMIR/omptarget-host-ref-semantics.mlir	blob	100644	a4500da480e94e67f7ca355bbf5031b4caa68b88
mlir/test/Target/LLVMIR/omptarget-if-nowait.mlir	blob	100644	a3003282e336569c0c6b5f5b8daacd2b7d7e32df
mlir/test/Target/LLVMIR/omptarget-if.mlir	blob	100644	0614a6b9294aee79da8e3ae11d812fa61afd10f7
mlir/test/Target/LLVMIR/omptarget-llvm.mlir	blob	100644	baf3404e468abc76bb45d395a3be5936ebd1fd74
mlir/test/Target/LLVMIR/omptarget-mapper-combined-entry.mlir	blob	100644	f5ec43a0b64ee71944479f40e3dabe9a00f27c0a
mlir/test/Target/LLVMIR/omptarget-memcpy-align-metadata.mlir	blob	100644	ec1a65bf059eb56f74f265d43d3bd0283476a6f6
mlir/test/Target/LLVMIR/omptarget-multi-block-reduction.mlir	blob	100644	6e21000031a2dfb70f015c6631b88b2bd20382fd
mlir/test/Target/LLVMIR/omptarget-multi-reduction.mlir	blob	100644	8ecd53d3f8dcdc0791cbe9041869050f6c4b27f7
mlir/test/Target/LLVMIR/omptarget-nested-ptr-record-type-mapping-host.mlir	blob	100644	7caf4d66239baea712833c7f241a91ce98f7c5d6
mlir/test/Target/LLVMIR/omptarget-nested-record-type-mapping-host.mlir	blob	100644	db744d10ce741305bddda29848a546fb14098b0d
mlir/test/Target/LLVMIR/omptarget-nowait-host-only.mlir	blob	100644	1b479d27503bfa1abcf6d1ce69e814e33aee325a
mlir/test/Target/LLVMIR/omptarget-nowait-llvm.mlir	blob	100644	5f729701e00392e2ec044d3ee6589be3b7333311
mlir/test/Target/LLVMIR/omptarget-nowait.mlir	blob	100644	ab180cdf5243411eac9e699045bb5fe5f78a45ca
mlir/test/Target/LLVMIR/omptarget-nullary-record-ptr-member-map.mlir	blob	100644	8036c7902eeb6fe02b67d816f80b371788ace84d
mlir/test/Target/LLVMIR/omptarget-overlapping-record-member-map.mlir	blob	100644	a2727b98211d92ec5c21879691937cac43491174
mlir/test/Target/LLVMIR/omptarget-parallel-llvm-debug.mlir	blob	100644	86fe7b87e6404ed4e05a143d50bc992efce2f39d
mlir/test/Target/LLVMIR/omptarget-parallel-llvm.mlir	blob	100644	2831890d3f578c7acbdb138ae44e1af0c33c5caf
mlir/test/Target/LLVMIR/omptarget-parallel-wsloop.mlir	blob	100644	838223b337fd1af2472b7b002931c8857588d63c
mlir/test/Target/LLVMIR/omptarget-private-llvm.mlir	blob	100644	278266bd9c94b360ffe6a49554999d3b5280bd8d
mlir/test/Target/LLVMIR/omptarget-record-type-mapping-host.mlir	blob	100644	45882af9052f90a0d49846a285bc4e993fe3b7d0
mlir/test/Target/LLVMIR/omptarget-record-type-with-ptr-member-host.mlir	blob	100644	a8e9d5855f7f959ec2be224eda91fb2ff51a20a3
mlir/test/Target/LLVMIR/omptarget-region-device-llvm.mlir	blob	100644	31e80cbdf608a6f64f48b0df5e4646914c7ba2e9
mlir/test/Target/LLVMIR/omptarget-region-host-device-llvm.mlir	blob	100644	748b4b8affe2d2eac6220802c220e9d67b223a20
mlir/test/Target/LLVMIR/omptarget-region-host-only.mlir	blob	100644	0edf94090055e098fbdaddb5cd8e3bb1202b223e
mlir/test/Target/LLVMIR/omptarget-region-llvm.mlir	blob	100644	57e409e70ce2d6f360e1d8bdb09d7c9b01b22e88
mlir/test/Target/LLVMIR/omptarget-region-parallel-llvm.mlir	blob	100644	132a10319d35a53f06ad1ef7cf63e4d1cb343aa7
mlir/test/Target/LLVMIR/omptarget-runtimecc.mlir	blob	100644	be68779a17141d7e93c2c5546265fe49cb0f1936
mlir/test/Target/LLVMIR/omptarget-target-cpu-features.mlir	blob	100644	f57bd38945aa090f43396d53bec72b52f9423f3d
mlir/test/Target/LLVMIR/omptarget-teams-distribute-reduction-array-descriptor.mlir	blob	100644	088a4611217e2cc87313631425f75190ac0e085a
mlir/test/Target/LLVMIR/omptarget-teams-distribute-reduction.mlir	blob	100644	08f53f98372da91c78965bde64244258ecf0d66a
mlir/test/Target/LLVMIR/omptarget-teams-llvm.mlir	blob	100644	c5f89eb2c3274cb5a10ce2401e33829a483bf406
mlir/test/Target/LLVMIR/omptarget-teams-reduction.mlir	blob	100644	a7ac3882aa3d396764ef164627a6496c7a22c021
mlir/test/Target/LLVMIR/omptarget-wsloop-collapsed.mlir	blob	100644	f120dde8131d624b3c3aaacbc54d52c285450413
mlir/test/Target/LLVMIR/omptarget-wsloop.mlir	blob	100644	04458af9654c3105c8669135babf837ab16b2e89
mlir/test/Target/LLVMIR/omptargetdata-nowait-llvm.mlir	blob	100644	f5c620a8942d71959d550b79e983ee69f4dc3489
mlir/test/Target/LLVMIR/omptask_if_false.mlir	blob	100644	7f71496b9a605319e456ccdaf3ddaa058ce34770
mlir/test/Target/LLVMIR/opaque-ptr.mlir	blob	100644	cd7c31a0945a85f2ee3f8f0ce0db42b51a41e656
mlir/test/Target/LLVMIR/openmp-allocate-clause.mlir	blob	100644	d6e0587ce5095fe3a437854821d9da66252ae910
mlir/test/Target/LLVMIR/openmp-allocate-directive.mlir	blob	100644	d8975eb512abec411479d9415e3b9b8df702b457
mlir/test/Target/LLVMIR/openmp-barrier-cancel.mlir	blob	100644	6585549de7f96f4ca74ae13a2517c0160012c9cf
mlir/test/Target/LLVMIR/openmp-cancel-distribute-parallel-loop.mlir	blob	100644	13dcd7c5d8c0bd6d275df935578309dea979bf32
mlir/test/Target/LLVMIR/openmp-cancel.mlir	blob	100644	7712b02337b9f4f04efd16cd45da788250c10257
mlir/test/Target/LLVMIR/openmp-cancellation-point.mlir	blob	100644	c396aeacee90f49f7e00a28a275ce15036aaebc9
mlir/test/Target/LLVMIR/openmp-cli-canonical_loop.mlir	blob	100644	9abef003d6183241117c26fe1f57562b63ad01cc
mlir/test/Target/LLVMIR/openmp-cli-fuse01.mlir	blob	100644	0754572b24771d0a166dbaa3a6daa37c17ef9b19
mlir/test/Target/LLVMIR/openmp-cli-fuse02.mlir	blob	100644	298cf0c500353b0998a78e510da318ba8725dce2
mlir/test/Target/LLVMIR/openmp-cli-tile01.mlir	blob	100644	0d559b69a3ad1c3334fd0f62d5caafc528f3f709
mlir/test/Target/LLVMIR/openmp-cli-tile02.mlir	blob	100644	22c29731641595b3087742ec572cd577ca5fd0f8
mlir/test/Target/LLVMIR/openmp-cli-tile03.mlir	blob	100644	0747ff890936250b84fd7cccefe6e763f5f96657
mlir/test/Target/LLVMIR/openmp-cli-unroll-heuristic01.mlir	blob	100644	0f0448e15f983be001ddbef75a5ccd654ee82cbb
mlir/test/Target/LLVMIR/openmp-cli-unroll-heuristic02.mlir	blob	100644	f82b4990e378ec9717f9c55a1f68c31420034bfa
mlir/test/Target/LLVMIR/openmp-composite-simd-if.mlir	blob	100644	f8ebe6c9ba16f3e3a998e489af05396a4cd64b5a
mlir/test/Target/LLVMIR/openmp-data-target-device.mlir	blob	100644	e42223bba760b12d1bdcfab97e4ae51c51228987
mlir/test/Target/LLVMIR/openmp-dist_schedule.mlir	blob	100644	a0dd5560a15c417985ed2581e3a1d57bf1bc4306
mlir/test/Target/LLVMIR/openmp-dist_schedule_with_wsloop.mlir	blob	100644	90b937276e49b185c9e481aa4a11c260f4549a50
mlir/test/Target/LLVMIR/openmp-distribute-private.mlir	blob	100644	75e7714ec24fbb06d36e4742f0a0578aa5b1f81c
mlir/test/Target/LLVMIR/openmp-firstprivate.mlir	blob	100644	0358f713a324602fb57a524596b0de5d40f6c69d
mlir/test/Target/LLVMIR/openmp-integer-wrap-around.mlir	blob	100644	a2f42aa1f7bd92a45173ebd56825671e53da1b3f
mlir/test/Target/LLVMIR/openmp-interop-depend.mlir	blob	100644	d362714add85632e392e716701b8bfff6008ced0
mlir/test/Target/LLVMIR/openmp-interop.mlir	blob	100644	85cadd241e23ddea7d92d28e25be5f17ca8c345d
mlir/test/Target/LLVMIR/openmp-iterator.mlir	blob	100644	ecd45b4d496181b6d9e17e2bf375242306c28079
mlir/test/Target/LLVMIR/openmp-llvm-invalid.mlir	blob	100644	234f404ff56907eac1ce7bf94cc4f4fa6b10eb80
mlir/test/Target/LLVMIR/openmp-llvm.mlir	blob	100644	1a9e6ac0a2bdd7a86daf4ff57c6fd348da0038f9
mlir/test/Target/LLVMIR/openmp-nested-task-target-parallel.mlir	blob	100644	0025769d919599bebfbde86ae297dd4440371ab7
mlir/test/Target/LLVMIR/openmp-nested.mlir	blob	100644	a5224540691f32bc5d6eae08d52bee25361b0e80
mlir/test/Target/LLVMIR/openmp-nontemporal.mlir	blob	100644	974cf674d547d9eef640279c9079b83f32b9aaff
mlir/test/Target/LLVMIR/openmp-nsw-collapsed.mlir	blob	100644	3a801951c4be4d09a6a3b8d1cee3374261f66f84
mlir/test/Target/LLVMIR/openmp-omp.private-dealloc.mlir	blob	100644	97f4980b1782fb339e8f8c789b9ef2bddb03a9d4
mlir/test/Target/LLVMIR/openmp-outline-infinite-loop.mlir	blob	100644	fdc789c33d5f1a56381cbf7307484e816c394421
mlir/test/Target/LLVMIR/openmp-parallel-do-simd.mlir	blob	100644	70b5b4b0af0a80927f40d1262a8e90cdb5298dba
mlir/test/Target/LLVMIR/openmp-parallel-reduction-cleanup.mlir	blob	100644	81276732fa3a684adafae3a7fc2662d0811fe9f6
mlir/test/Target/LLVMIR/openmp-parallel-reduction-init.mlir	blob	100644	4a93ed39eb811a31b36c391c3c811534e37df072
mlir/test/Target/LLVMIR/openmp-parallel-reduction-multiblock.mlir	blob	100644	42000405e0558f8da31957fdd03e2914b4ffc32e
mlir/test/Target/LLVMIR/openmp-private-allloca-hoisting.mlir	blob	100644	88b166f362cf3f827a47eb2963f60a4b1846c929
mlir/test/Target/LLVMIR/openmp-private-barrier-single.mlir	blob	100644	0c003db0903da8af6fa9005946214d9d2dbb57dc
mlir/test/Target/LLVMIR/openmp-private.mlir	blob	100644	e93f246f80f70a17a4977390091f53a775d2c448
mlir/test/Target/LLVMIR/openmp-reduction-array-sections.mlir	blob	100644	d218272830e710ce862e50991ca0f089e165cacd
mlir/test/Target/LLVMIR/openmp-reduction-byref.mlir	blob	100644	cc7a52bcc41dd304f3394843bc9d747381aced2b
mlir/test/Target/LLVMIR/openmp-reduction-call.mlir	blob	100644	da240f4a6fff37f4766ad79d0861ee6a6dd85d71
mlir/test/Target/LLVMIR/openmp-reduction-init-arg.mlir	blob	100644	d3be9ea2394c3a877cfe088dfb44b525683380a2
mlir/test/Target/LLVMIR/openmp-reduction-sections.mlir	blob	100644	84ef9050a7b7cae677bdbac00cf487500a5f93cd
mlir/test/Target/LLVMIR/openmp-reduction-task-modifier.mlir	blob	100644	a15b1ee701a4eedc6b72f226a95d6cc9fee57650
mlir/test/Target/LLVMIR/openmp-reduction.mlir	blob	100644	08473f243bcf1a60210cdfb30b80907797fc69d9
mlir/test/Target/LLVMIR/openmp-scope.mlir	blob	100644	cedd85cfa1b315cb5bf64b8c8c4f783752e4980b
mlir/test/Target/LLVMIR/openmp-simd-aligned.mlir	blob	100644	902548cb31d20aac61242a3f295fc9e2ca991ed1
mlir/test/Target/LLVMIR/openmp-simd-guided.mlir	blob	100644	496669c5b90d52b93d64ade2170e3a93b98feff4
mlir/test/Target/LLVMIR/openmp-simd-linear.mlir	blob	100644	4ab6e17386691601512e207149379896211ce3a2
mlir/test/Target/LLVMIR/openmp-simd-ordered.mlir	blob	100644	5454d177295a4c61255e970bf1ecfe0cd5b02c39
mlir/test/Target/LLVMIR/openmp-simd-private.mlir	blob	100644	15dfb6dbc0e87321af56f97d8d89385d80f197a5
mlir/test/Target/LLVMIR/openmp-simd-reduction-byref.mlir	blob	100644	0f2e20cc61aa79f7237d50e9e37a4f3ad8448201
mlir/test/Target/LLVMIR/openmp-simd-reduction-simple.mlir	blob	100644	a712b847e8557f611676a2d3d0bafd6d8c9dcd6d
mlir/test/Target/LLVMIR/openmp-target-default-as.mlir	blob	100644	d410785c8d6d22420dc41e20f4b480b58078b080
mlir/test/Target/LLVMIR/openmp-target-dyn-groupprivate.mlir	blob	100644	42aea394061f032e10a4f73354f74af87b0db34b
mlir/test/Target/LLVMIR/openmp-target-generic-spmd.mlir	blob	100644	ffa66bf4fae706d98e6f4ffaa4e8f6dde0ef737a
mlir/test/Target/LLVMIR/openmp-target-has-device-addr.mlir	blob	100644	05efd145d738d9a6f266272bb6b6831c1ea289ab
mlir/test/Target/LLVMIR/openmp-target-in-reduction-debug.mlir	blob	100644	55ca27f39d5ea9d9f5ed7bb7f9a93819d06723ae
mlir/test/Target/LLVMIR/openmp-target-in-reduction-device.mlir	blob	100644	0e9611c27ddcc6a01685126dfedc2aa3574a1966
mlir/test/Target/LLVMIR/openmp-target-in-reduction-multi.mlir	blob	100644	c0df1a4e1d332dd2cd344817361d429e7ff2c9b0
mlir/test/Target/LLVMIR/openmp-target-in-reduction.mlir	blob	100644	5e52ee00efafae7956c8cabe27c2b211cc4ecff2
mlir/test/Target/LLVMIR/openmp-target-launch-device.mlir	blob	100644	e8ca7567d3ae2985bef78381aea6ff0c4f436bec
mlir/test/Target/LLVMIR/openmp-target-launch-host.mlir	blob	100644	67f8c7c3eac0f425496f481a0a2d063f7244c785
mlir/test/Target/LLVMIR/openmp-target-multiple-private.mlir	blob	100644	8c9508ad74374e6b7c3d022d75b95e32dda62707
mlir/test/Target/LLVMIR/openmp-target-private-allocatable.mlir	blob	100644	5c71d875864389791b973afe10bf3c37b38e7e7d
mlir/test/Target/LLVMIR/openmp-target-private-shared-mem.mlir	blob	100644	4df2a504779bc7e7e76fe451aad851e299d5338a
mlir/test/Target/LLVMIR/openmp-target-private.mlir	blob	100644	49fb869ae70c3451fe7fd2e2472c2d3e28eb6549
mlir/test/Target/LLVMIR/openmp-target-simd-on_device.mlir	blob	100644	387f2bd21a349bbbb298f20dc3e18c0f53770404
mlir/test/Target/LLVMIR/openmp-target-spmd-num-threads-i64.mlir	blob	100644	95af15eced4122d89793235d63a3cda7f447431d
mlir/test/Target/LLVMIR/openmp-target-spmd.mlir	blob	100644	190cd0ee48c99a66f55db71ad48551c349c10a8e
mlir/test/Target/LLVMIR/openmp-target-wsloop-private.mlir	blob	100644	cffe71e684ebc3fc1e6fa61d9f856acc4684df37
mlir/test/Target/LLVMIR/openmp-task-charbox.mlir	blob	100644	7a448f74ed648ba650107196fa8560302ace0681
mlir/test/Target/LLVMIR/openmp-task-in-reduction.mlir	blob	100644	5735898d4782900839853f4604c9662d8fc0f8fc
mlir/test/Target/LLVMIR/openmp-task-no-context-struct.mlir	blob	100644	32ccac82966964886f031fb5b55b5bdfbe6d2ab7
mlir/test/Target/LLVMIR/openmp-task-privatization.mlir	blob	100644	f7a8b970f5f8080805fedfbc6ff48acd2f677d90
mlir/test/Target/LLVMIR/openmp-taskgroup-task-reduction.mlir	blob	100644	6947cba01fb065a08325e7cdf4d24683714d4ccd
mlir/test/Target/LLVMIR/openmp-taskloop-bounds-cast.mlir	blob	100644	f32dfe2dcd1dc4e7d8085e22e30a911dbd796435
mlir/test/Target/LLVMIR/openmp-taskloop-cancel.mlir	blob	100644	d4c53b6d0c3228a8d29a0a86f6308ab0dfc50ecc
mlir/test/Target/LLVMIR/openmp-taskloop-cancellation-point.mlir	blob	100644	19e1674ba788e393b74f77b9420ad5e0249dd9a3
mlir/test/Target/LLVMIR/openmp-taskloop-charbox.mlir	blob	100644	9c051092ebcee309b05a6d4322c722912bca65ee
mlir/test/Target/LLVMIR/openmp-taskloop-collapse.mlir	blob	100644	aa02df28cd947a3287d3908a97bca83c18c7a506
mlir/test/Target/LLVMIR/openmp-taskloop-context-alloca.mlir	blob	100644	6b80698292911d459146bdfeb6f1d1f6f2784397
mlir/test/Target/LLVMIR/openmp-taskloop-final.mlir	blob	100644	875ab566d392e368e9d5a4e8bcffd555128a1b7c
mlir/test/Target/LLVMIR/openmp-taskloop-grainsize.mlir	blob	100644	de15c7e7052ae3d17b6f38c929c5dabf847201d8
mlir/test/Target/LLVMIR/openmp-taskloop-if.mlir	blob	100644	9ca692abafdd2e3b5a60ded9d2d7914f63888ee9
mlir/test/Target/LLVMIR/openmp-taskloop-local-bounds.mlir	blob	100644	5791be8888767558aee38a47403af81621c138fc
mlir/test/Target/LLVMIR/openmp-taskloop-mergeable.mlir	blob	100644	339e7aa865319449e234c70457e8a4a03b273260
mlir/test/Target/LLVMIR/openmp-taskloop-no-context-struct.mlir	blob	100644	6aa7e936973fb286ee981cd1e4b02999997daaea
mlir/test/Target/LLVMIR/openmp-taskloop-nogroup.mlir	blob	100644	11ac7f8a9075e252ba79ed9f5e247acf0cde6fd8
mlir/test/Target/LLVMIR/openmp-taskloop-num_tasks.mlir	blob	100644	fd11bbf55dd6c86139a923d57180076c09230b6e
mlir/test/Target/LLVMIR/openmp-taskloop-outer-bounds.mlir	blob	100644	f24c40eb4b3ab2fe336b379f6c72370a58e84f68
mlir/test/Target/LLVMIR/openmp-taskloop-priority.mlir	blob	100644	b283948058606892e7132136cc64e5bc3d9b1fa5
mlir/test/Target/LLVMIR/openmp-taskloop-reduction.mlir	blob	100644	23eec73ad9b34bc1cf43f416730194190453d90e
mlir/test/Target/LLVMIR/openmp-taskloop-untied.mlir	blob	100644	089b73a564796a54d5af60a2e222850f0aab59ed
mlir/test/Target/LLVMIR/openmp-taskloop.mlir	blob	100644	30dd881f104679561a8912a2d1358e1b533b1cfd
mlir/test/Target/LLVMIR/openmp-taskwait-depend.mlir	blob	100644	24a26805df6184a25ed9769bf0752cc92cb827c6
mlir/test/Target/LLVMIR/openmp-teams-clauses-trunc-ext.mlir	blob	100644	1f6b5abbdc6e0e90e50cf8fa51a22e81ff1cfcf4
mlir/test/Target/LLVMIR/openmp-teams-distribute-parallel-do-simd.mlir	blob	100644	553d56034d2c19c2c894ab3395878cfd0575a193
mlir/test/Target/LLVMIR/openmp-teams-distribute-reduction.mlir	blob	100644	066d40a020a2ba8f16b244e332be918d705be8e7
mlir/test/Target/LLVMIR/openmp-teams-reduction.mlir	blob	100644	79110565455dd9433c4f1d714ba49479df728baa
mlir/test/Target/LLVMIR/openmp-teams.mlir	blob	100644	4690b51122bebaef5bced31dcc6f081cc9f3ede1
mlir/test/Target/LLVMIR/openmp-todo.mlir	blob	100644	2aedee1402798e4c2309e55a2a469960ef7e9701
mlir/test/Target/LLVMIR/openmp-unroll-partial01.mlir	blob	100644	b9938afea0c3070198c447a77f2cd098318f98b6
mlir/test/Target/LLVMIR/openmp-unroll-partial02.mlir	blob	100644	a62bc499255dbca2ac8fffa4bbaf706d6f9a5b66
mlir/test/Target/LLVMIR/openmp-wsloop-linear.mlir	blob	100644	03429617a58d28b8d308f9197a665c674a5131be
mlir/test/Target/LLVMIR/openmp-wsloop-private-cond_br.mlir	blob	100644	ea7706365b761077133e974ca0231e009ec5a7e2
mlir/test/Target/LLVMIR/openmp-wsloop-private.mlir	blob	100644	878c6fe1da20fa7d7641191c3814349279521150
mlir/test/Target/LLVMIR/openmp-wsloop-reduction-cleanup.mlir	blob	100644	7dde3846da6495a2b9ae5a38cedcb89379853880
mlir/test/Target/LLVMIR/openmp-wsloop-simd-ordered.mlir	blob	100644	907302cdf0134a9458e2dab25c7db530cc9a3998
mlir/test/Target/LLVMIR/openmp-wsloop-test-block-structure.mlir	blob	100644	19ae425e20403b49deb5eb7d560299b41b074c63
mlir/test/Target/LLVMIR/prefer-vector-width.mlir	blob	100644	7410e8139fd31eee9cd4ea69c64c39ef0aa5ba47
mlir/test/Target/LLVMIR/ptr.mlir	blob	100644	94b662877263471451568262073a031db4a3155c
mlir/test/Target/LLVMIR/rocdl-invalid.mlir	blob	100644	3a3cff5f6226a7bb59d34e36a920965ba55cf73f
mlir/test/Target/LLVMIR/rocdl-module-flags.mlir	blob	100644	8e1db326e7f281ef3727c215a51f0511c2e4b82e
mlir/test/Target/LLVMIR/rocdl.mlir	blob	100644	c6c4d173039f19b8bba661a830c66c4f33a4fb97
mlir/test/Target/LLVMIR/target-cpu.mlir	blob	100644	80f8172143259a4caab77efc4cb4813ef0ca99d2
mlir/test/Target/LLVMIR/target-ext-type.mlir	blob	100644	cee630163ca21506b8e9ba7efc50322061c6d5ab
mlir/test/Target/LLVMIR/target-features.mlir	blob	100644	7a69a2c78897809ef25b77d2f81c1fb5a230a9f2
mlir/test/Target/LLVMIR/target-to-data-layout-and-target-features.mlir	blob	100644	b6b297686054161386df03470e8b06fa15193516
mlir/test/Target/LLVMIR/target-to-data-layout-invalid.mlir	blob	100644	c0ff53457d17ee7ede339311b7c73cb812a18cb8
mlir/test/Target/LLVMIR/target-to-data-layout-no-init.mlir	blob	100644	2a9e9783eacb12dcb57baab9e7984336770bd5c3
mlir/test/Target/LLVMIR/target-to-target-features-dlti-query.mlir	blob	100644	9a1f49b0bca80025e462edd610334366421e5f8b
mlir/test/Target/LLVMIR/test.mlir	blob	100644	0ab1b7267d95989175056c82ffad32996ae26a67
mlir/test/Target/LLVMIR/tune-cpu.mlir	blob	100644	c7969f5eb4db03b576627516017d2981daaedfd2
mlir/test/Target/LLVMIR/use-sample-profile.mlir	blob	100644	646187ab47b362270b0cf13fa7dbd7e59e1c515d
mlir/test/Target/LLVMIR/uwtable.mlir	blob	100644	bd9a208ea75bb55ee2950ea01586a19bca7aab57
mlir/test/Target/LLVMIR/vcix-rv32.mlir	blob	100644	e70247235fef6335ca18e6caee5e5acb7c6c91cd
mlir/test/Target/LLVMIR/vcix-rv64.mlir	blob	100644	47215cd44893e64922ea2000a106aa7d8b04b6f2
mlir/test/Target/LLVMIR/vector-to-llvm-ir.mlir	blob	100644	9f3eeb569060c871bb3067310212d329af28c8b6
mlir/test/Target/LLVMIR/vscale.mlir	blob	100644	644cde73ca896774deeab94236f9cc581da6c6a1
mlir/test/Target/LLVMIR/x86.mlir	blob	100644	d4e393bb9a45b07313bb00509f0c62759ffeaa2a
mlir/test/Target/LLVMIR/xevm.mlir	blob	100644	7847113786789ff7c9987f1c888321118575a4e3
mlir/test/Target/SMTLIB/array.mlir	blob	100644	6d289eff1ea3d266db84c265280cb93e4f9159ce
mlir/test/Target/SMTLIB/attributes.mlir	blob	100644	2f534497d0afaddc261c22598be5809ecffc7cfb
mlir/test/Target/SMTLIB/bitvector-errors.mlir	blob	100644	ae403b0b59369c5c4a4f515c84afbfb295a5bd86
mlir/test/Target/SMTLIB/bitvector.mlir	blob	100644	c58992769d9b135dc10ab10c46e88143af2a9909
mlir/test/Target/SMTLIB/core-errors.mlir	blob	100644	691b4380da4d9b109203c06f409b81b2ca87f3cb
mlir/test/Target/SMTLIB/core.mlir	blob	100644	6506e17002bbeb64da486ccfc20035f7d19e5e46
mlir/test/Target/SMTLIB/integer-errors.mlir	blob	100644	4dc5f48f4fe5b947dbd6ca416c9d1ecbffdb7365
mlir/test/Target/SMTLIB/integer.mlir	blob	100644	aa8399aeb4ece0a0d2a73aa3d97804004d714ce9
mlir/test/Target/SPIRV/arithmetic-ops.mlir	blob	100644	3b4c48f8b7b98ade830f944cd9a743fea43c3886
mlir/test/Target/SPIRV/arm-tensor-constant.mlir	blob	100644	7fb8af190438830281e74d64d2cb40e93180bac2
mlir/test/Target/SPIRV/array-two-step-roundtrip.mlir	blob	100644	203b8589c9ad5273426c57bb5cdfd82eee942082
mlir/test/Target/SPIRV/array.mlir	blob	100644	095f744379e011f2a9b807bb229cfe8b693e1a4b
mlir/test/Target/SPIRV/atomic-ops.mlir	blob	100644	aecc60cbbc71f849938a4b268ad4a741716108fb
mlir/test/Target/SPIRV/barrier-ops.mlir	blob	100644	f23083032abc2186d5599d2412a4439937fde601
mlir/test/Target/SPIRV/bit-ops.mlir	blob	100644	3be4091580798258e3f644f93854863aee6ce05c
mlir/test/Target/SPIRV/cast-ops.mlir	blob	100644	317264d37b8c801152f8bcff6027313a9e16519c
mlir/test/Target/SPIRV/composite-op.mlir	blob	100644	014cca42a1b8f2c1fafa63ccdacc453d3c44f3a3
mlir/test/Target/SPIRV/consecutive-selection.spvasm	blob	100644	37520586d041bfd2e51c6860745862f43b20d1ce
mlir/test/Target/SPIRV/constant.mlir	blob	100644	816a6271759a55bbebf524d083aa43b3dbcc52e5
mlir/test/Target/SPIRV/debug.mlir	blob	100644	44ada56d2de5502eb394e949fa376773786da1d0
mlir/test/Target/SPIRV/decorations-id.mlir	blob	100644	9a54e49a08ba8d0979a0acaeaca4f33b6c93a29a
mlir/test/Target/SPIRV/decorations-intel-cache-controls.mlir	blob	100644	62d15de5ab03cb4f44b10933d9feb0a50b1c63f4
mlir/test/Target/SPIRV/decorations.mlir	blob	100644	bbbe02b598244c7e142f1bfdd223d426e3893596
mlir/test/Target/SPIRV/entry-point.mlir	blob	100644	a7ec5290151ef482e6f4c3dd30c65ea1e450505b
mlir/test/Target/SPIRV/execution-mode-id.mlir	blob	100644	f5975655fcda3e978f84531dc5d13f3810d9b133
mlir/test/Target/SPIRV/execution-mode.mlir	blob	100644	2178a8a77a22571e946f6dbd8bbb5cb5ecfb93b1
mlir/test/Target/SPIRV/expect-assume-ops.mlir	blob	100644	e742835462227f609b8e0885abd5e6779d201895
mlir/test/Target/SPIRV/experimental-ml-ops.mlir	blob	100644	5876f7339c330d7315f6149196afe3fafd34648e
mlir/test/Target/SPIRV/function-call.mlir	blob	100644	2e94ded3401cebe71098bfd57f593b85572efcfc
mlir/test/Target/SPIRV/function-decorations.mlir	blob	100644	a47b39b0b933977857b368f9a1056c6c05b74daf
mlir/test/Target/SPIRV/gl-ops.mlir	blob	100644	384aed540296bdd16d563a9eb0a19e1af6f35512
mlir/test/Target/SPIRV/global-variable.mlir	blob	100644	a425412989a83f73bc17cda8b95470d9702722ad
mlir/test/Target/SPIRV/graph-debug-info-negative.mlir	blob	100644	b6696edf81f1b5c3be5cb2b0aba84bd390246d01
mlir/test/Target/SPIRV/graph-debug-info.mlir	blob	100644	42edf4b3b7b0f4574ab443691d429ad906512fe9
mlir/test/Target/SPIRV/graph-ops.mlir	blob	100644	c956157bfa6c1e0493b5cbae8391f0255960e8cf
mlir/test/Target/SPIRV/group-ops.mlir	blob	100644	6f19b3553dd376493535421a70a295e012cb4a94
mlir/test/Target/SPIRV/image-ops.mlir	blob	100644	b664561ce9b01f69edb286a7022442a059a00cf9
mlir/test/Target/SPIRV/image.mlir	blob	100644	ac3dfc3856426b1c349b8190c9dedbea9f2faf1f
mlir/test/Target/SPIRV/intel-ext-ops.mlir	blob	100644	b6c42747f5b68a35b18421376021e0f5c39dab29
mlir/test/Target/SPIRV/invalid-module.mlir	blob	100644	eb1b0bc43ebc9bde14baf359f224ee272184ef70
mlir/test/Target/SPIRV/khr-cooperative-matrix-ops.mlir	blob	100644	26fa075df385265c02703a64629a21088adb856f
mlir/test/Target/SPIRV/linkage-types.mlir	blob	100644	c2cc1029f2e8de0aff9c09a6df0f7ba0cc3c294d
mlir/test/Target/SPIRV/lit.local.cfg	blob	100644	9d158cf82b5be1d3fd8fa1b7b8c28ebd6da813ad
mlir/test/Target/SPIRV/logical-ops.mlir	blob	100644	fb3557c8300501bf583faa0051a5f7f99021f94c
mlir/test/Target/SPIRV/loop.mlir	blob	100644	b9a4295a04e7c3970d2cbcb8056ad254c2bf7d5d
mlir/test/Target/SPIRV/matrix.mlir	blob	100644	61b196a10e6449680736a1a916ee946275891f46
mlir/test/Target/SPIRV/memory-ops.mlir	blob	100644	2d18394818611e5b64f353025186021e29f65360
mlir/test/Target/SPIRV/mesh-ops.mlir	blob	100644	e282f8916d4da473bd15e54c41aebea6eb808aff
mlir/test/Target/SPIRV/mlir-translate.mlir	blob	100644	b1966feeb457ecc731212d109df44cd8a620d95f
mlir/test/Target/SPIRV/module.mlir	blob	100644	fb4d9bcfaabd72a7368c789afa99f01fc7bab0fb
mlir/test/Target/SPIRV/non-uniform-ops.mlir	blob	100644	1e2b2633bd3eb655637b0dcb0f09703e971c845a
mlir/test/Target/SPIRV/ocl-ops.mlir	blob	100644	3359dfd4f04280f9758b3644341ea71be77b7f49
mlir/test/Target/SPIRV/phi.mlir	blob	100644	92a3387c2f8d464d79d34068644e8acd169322db
mlir/test/Target/SPIRV/physical-storage-buffer.mlir	blob	100644	2e724e837d909c135bd7bdcfe84acc6eca190f93
mlir/test/Target/SPIRV/primitive-ops.mlir	blob	100644	112acf4d7e4ac876ef7179da1058cfabce75da68
mlir/test/Target/SPIRV/replicated-composite-tosa-attr.spvasm	blob	100644	ec1d0767021164e2c2ab89a5c7851790c8c84946
mlir/test/Target/SPIRV/replicated-composites-constant.mlir	blob	100644	02a252f346fae004db140271db4c9852cda3445f
mlir/test/Target/SPIRV/sampled-image.mlir	blob	100644	4f6f3256acbac5ef1a1c56b0e505b882d818917e
mlir/test/Target/SPIRV/selection.mlir	blob	100644	317c951f2ba8d93697ea8b009e3694db43346d24
mlir/test/Target/SPIRV/selection.spvasm	blob	100644	9642d0a44fb599d6723119a2b2d27ceb28b51946
mlir/test/Target/SPIRV/selection_switch.spvasm	blob	100644	81fecf307eb7a03ac3c68786c35839b8bd511f00
mlir/test/Target/SPIRV/spec-constant.mlir	blob	100644	d476c247b2873d3e6573932c40875096c7786820
mlir/test/Target/SPIRV/struct.mlir	blob	100644	bd039ff565588258acf88a11d97995857e606364
mlir/test/Target/SPIRV/subgroup-block-intel.mlir	blob	100644	14060e632fffd527e2b20c2a380f537b1bf42d8d
mlir/test/Target/SPIRV/tensorARM.mlir	blob	100644	65a0fe62e8c8606fd2ecaeb283549236b3bb452c
mlir/test/Target/SPIRV/terminator.mlir	blob	100644	8e5b043800a2c946d49671afbc74e736d9db49bf
mlir/test/Target/SPIRV/tosa-ops.mlir	blob	100644	47e819636e98204fa69f83359bc26fe97f1bdf84
mlir/test/Target/SPIRV/undef.mlir	blob	100644	08ac1ff45efef7980ea47d34388ce53cd245a20a
mlir/test/Target/Wasm/abs.mlir	blob	100644	fe3602a521698cead582ee0c0f0279474d4a97de
mlir/test/Target/Wasm/add_div.mlir	blob	100644	8a87c6084892d9c16658f6b1f10a0e5374918b46
mlir/test/Target/Wasm/and.mlir	blob	100644	323d41a522babee94a524430cb245af3c496e7fc
mlir/test/Target/Wasm/bad_wasm_version.yaml	blob	100644	f834afbef679d0b6c4cc244eeba7878633832bb4
mlir/test/Target/Wasm/block.mlir	blob	100644	c85fc1e12d647c837de9dcf29b5b9bcffedbf010
mlir/test/Target/Wasm/block_complete_type.mlir	blob	100644	67df1983687efe0c249e2ece8229051f7afa1ce2
mlir/test/Target/Wasm/block_value_type.mlir	blob	100644	fa30f082749563f0fafacaf95f2f15dccb34d044
mlir/test/Target/Wasm/branch_if.mlir	blob	100644	c91ff3755547849949c45eb734e7d28cd6f49391
mlir/test/Target/Wasm/call.mlir	blob	100644	c0169aa2387941acf1b3f8458c5085fd7c50bbd4
mlir/test/Target/Wasm/clz.mlir	blob	100644	858c09da6d8df90e65795e959b3a6f2431b13d6e
mlir/test/Target/Wasm/comparison_ops.mlir	blob	100644	91e3a6a0f6fc84e1b386311423235a90f7ade38c
mlir/test/Target/Wasm/const.mlir	blob	100644	adb792a70e3fe43f5427c6a147a3dbc13d81f460
mlir/test/Target/Wasm/convert.mlir	blob	100644	ddc29a798af287b2c8a5c53ffaba113d53bf28c4
mlir/test/Target/Wasm/copysign.mlir	blob	100644	90c5b119e9265377b051d43676cb8793f390f9ee
mlir/test/Target/Wasm/ctz.mlir	blob	100644	9e7cc5ef93e910864096cafd4614f1d31871649a
mlir/test/Target/Wasm/demote.mlir	blob	100644	3d2bc05b1760932698f973e155dac623cb4a3eff
mlir/test/Target/Wasm/div.mlir	blob	100644	4967d96971f2a644b74989aea4029716c648bdc8
mlir/test/Target/Wasm/double_nested_loop.mlir	blob	100644	8b3e4997e63e18cb030d8d4603369d57af5e0cd4
mlir/test/Target/Wasm/empty_blocks_list_and_stack.mlir	blob	100644	5c98f1a2676c7e97e5738e25f6bb5d0223a6c925
mlir/test/Target/Wasm/eq.mlir	blob	100644	ba3ae2f759c2fed45862a0e55d9958827cb04b23
mlir/test/Target/Wasm/eqz.mlir	blob	100644	55cf94adc92e0052447b01aa9296b08ecce0f959
mlir/test/Target/Wasm/extend.mlir	blob	100644	5d4446ac62c8147c2f501898916bb0377c187c43
mlir/test/Target/Wasm/function_export_out_of_scope.yaml	blob	100644	b08c2c87abdb36bbc43629cd55c36e09f31bcf78
mlir/test/Target/Wasm/global.mlir	blob	100644	1e4fe44742de711278e44832794bc1acfc689626
mlir/test/Target/Wasm/if.mlir	blob	100644	2d7bfbed6f754a9f5dbe1dc85beb6879f4776d70
mlir/test/Target/Wasm/import.mlir	blob	100644	dcdfa52703539e7cd23b272d5a8c184930dc2eb8
mlir/test/Target/Wasm/inputs/abs.yaml.wasm	blob	100644	1cb6d21b2fdd4eebd8b0cf5aa864c19cc0365e42
mlir/test/Target/Wasm/inputs/add_div.yaml.wasm	blob	100644	865c31581a82f281a4699863ff5bb43f9eac39e1
mlir/test/Target/Wasm/inputs/and.yaml.wasm	blob	100644	926445b76108038b22645bd7cae4d83e0a43a377
mlir/test/Target/Wasm/inputs/block.yaml.wasm	blob	100644	dd5118a119fa213720ef6b73a5c4f4a7b397503a
mlir/test/Target/Wasm/inputs/block_complete_type.yaml.wasm	blob	100644	7a125bfa06d59a19671ca540c05b0e247b21b7e8
mlir/test/Target/Wasm/inputs/block_value_type.yaml.wasm	blob	100644	4ba291d6ac7a5c56fe5efe76eb243df127e18dc7
mlir/test/Target/Wasm/inputs/branch_if.yaml.wasm	blob	100644	40536ed3a87236453d3c5aab75f003990edeeefd
mlir/test/Target/Wasm/inputs/call.yaml.wasm	blob	100644	535a623edc6da27b8ee066e6f2c4143f54db5b75
mlir/test/Target/Wasm/inputs/clz.yaml.wasm	blob	100644	f537bdb359241454f2103d86bcea194468d02627
mlir/test/Target/Wasm/inputs/comparison_ops.yaml.wasm	blob	100644	cde9ee13e7f1f1e11e301ba4e4fb06537bb7bb33
mlir/test/Target/Wasm/inputs/const.yaml.wasm	blob	100644	be8f88e2f3be4d417e84eea8322c706d3a4c7da5
mlir/test/Target/Wasm/inputs/convert.yaml.wasm	blob	100644	c346a751bf93a6ce7ea973de32af716818553c9c
mlir/test/Target/Wasm/inputs/copysign.yaml.wasm	blob	100644	46c04124ac84a75d138274a8b6a02e7cd406fc02
mlir/test/Target/Wasm/inputs/ctz.yaml.wasm	blob	100644	51400852d3dcedf63c9ccfdea13654350b46b2e7
mlir/test/Target/Wasm/inputs/demote.yaml.wasm	blob	100644	3997045cd831554ebf9bab53aa377d6cb3322ba0
mlir/test/Target/Wasm/inputs/div.yaml.wasm	blob	100644	648e10c15cbedac11b83316dee04ec2e9abf30c1
mlir/test/Target/Wasm/inputs/double_nested_loop.yaml.wasm	blob	100644	41a2944249eba99d80b3ac375eea30270bc831cb
mlir/test/Target/Wasm/inputs/empty_blocks_list_and_stack.yaml.wasm	blob	100644	3171409dff95402ed39ae279a9f00c0ff239a2a9
mlir/test/Target/Wasm/inputs/eq.yaml.wasm	blob	100644	19983695c6854bce05690afd9f483fa69e746a49
mlir/test/Target/Wasm/inputs/eqz.yaml.wasm	blob	100644	894ac50a8dc9797428c4ecb9b82cd2847d2d5f3e
mlir/test/Target/Wasm/inputs/extend.yaml.wasm	blob	100644	7e872ba0b82964cf94824034e655872c16d8157d
mlir/test/Target/Wasm/inputs/global.yaml.wasm	blob	100644	4bbb434c0c51a6804a68d494b713edd5980265e5
mlir/test/Target/Wasm/inputs/if.yaml.wasm	blob	100644	ccc38f676e2e4e621d60676274e5f2c10356138f
mlir/test/Target/Wasm/inputs/import.yaml.wasm	blob	100644	7c467ff6fbc678033d2c76d6db7dfa6bbe9a0496
mlir/test/Target/Wasm/inputs/local.yaml.wasm	blob	100644	3e937f3e7402a866c8bf26e5a93d3caac745d9e5
mlir/test/Target/Wasm/inputs/loop.yaml.wasm	blob	100644	9d33894bfea5042b7eef2ce8029a82f1ebe819db
mlir/test/Target/Wasm/inputs/loop_with_inst.yaml.wasm	blob	100644	4b8cc545fe0e0f2ac7aec6347de2b9850060ca6b
mlir/test/Target/Wasm/inputs/max.yaml.wasm	blob	100644	fc04b019fe34ca4b3dae1af270c38c51015b59c7
mlir/test/Target/Wasm/inputs/memory_min_eq_max.yaml.wasm	blob	100644	f3edf5f2d0cc2fecae52e702f3a49c804b3976f7
mlir/test/Target/Wasm/inputs/memory_min_max.yaml.wasm	blob	100644	fe70fb686df378e7899f91ef9804e397c5ecfd3e
mlir/test/Target/Wasm/inputs/memory_min_no_max.yaml.wasm	blob	100644	8508ce38251a3e406533a1fd93dcb52d36408644
mlir/test/Target/Wasm/inputs/min.yaml.wasm	blob	100644	925a5e96b43c9bdd18f5b3e0f9537f6c0aa6003c
mlir/test/Target/Wasm/inputs/ne.yaml.wasm	blob	100644	0167519b27459c1a3da89a2385b2afd13e5b70bd
mlir/test/Target/Wasm/inputs/nearest.yaml.wasm	blob	100644	97b99530289a8793d50a344be0d1adcf75c169cc
mlir/test/Target/Wasm/inputs/neg.yaml.wasm	blob	100644	8392a2bf9a5fb48708f5be8fa22bff3e2ccdc217
mlir/test/Target/Wasm/inputs/or.yaml.wasm	blob	100644	9528ce8b3f9118c44598ca5b3f0544e528112d06
mlir/test/Target/Wasm/inputs/popcnt.yaml.wasm	blob	100644	03c57ad0841b943bab267277fe5cfba19c4edeef
mlir/test/Target/Wasm/inputs/promote.yaml.wasm	blob	100644	d38603e65dedaf0e910603f4ab74c59aae539d16
mlir/test/Target/Wasm/inputs/reinterpret.yaml.wasm	blob	100644	c01c1b10c3109f5b347d39bd64ca1d985bc6b55a
mlir/test/Target/Wasm/inputs/rem.yaml.wasm	blob	100644	468a9db6f05aed7c9a8e83555113a8ceadc138da
mlir/test/Target/Wasm/inputs/rotl.yaml.wasm	blob	100644	87466cb16393ff0294fe529bd76cef2b8b0fbd64
mlir/test/Target/Wasm/inputs/rotr.yaml.wasm	blob	100644	805a93fd55a8cc46429bfc344236a949b7966b70
mlir/test/Target/Wasm/inputs/rounding.yaml.wasm	blob	100644	c6e8bf6d24f96d2b2519e588cda634f6e471b5f2
mlir/test/Target/Wasm/inputs/shl.yaml.wasm	blob	100644	d07605e5994838c7db96d3abd50546a53d2cacc5
mlir/test/Target/Wasm/inputs/shr_s.yaml.wasm	blob	100644	d5d8013a2f743464c52ee63805d7b304ee3126e7
mlir/test/Target/Wasm/inputs/shr_u.yaml.wasm	blob	100644	cd815144432f7ef078dbf0c35c7ff0c3e82394be
mlir/test/Target/Wasm/inputs/sqrt.yaml.wasm	blob	100644	f8ab84be9255f480ea56c09209a6a927330f4a5b
mlir/test/Target/Wasm/inputs/stats.yaml.wasm	blob	100644	bf577688b3aed54adcff0e8bb5cc023283162057
mlir/test/Target/Wasm/inputs/sub.yaml.wasm	blob	100644	95b6bcc1d90217b1464a382d3184068289cdee8c
mlir/test/Target/Wasm/inputs/table.yaml.wasm	blob	100644	387f41820524f8823c0c80c1cff6f7acbb39f956
mlir/test/Target/Wasm/inputs/trunc_sat.yaml.wasm	blob	100644	e145072abb98a0ab65cd4d90fc32c11a7a2be99d
mlir/test/Target/Wasm/inputs/trunc_si.yaml.wasm	blob	100644	590122675aa1ff1f7d081ac8bb455cdd6208689b
mlir/test/Target/Wasm/inputs/trunc_ui.yaml.wasm	blob	100644	492b06d3dac958288c5f1e1fbedbfcaf72b6e40c
mlir/test/Target/Wasm/inputs/wrap.yaml.wasm	blob	100644	51c0b027e71583d2bf964ba0ea06b5199871e524
mlir/test/Target/Wasm/inputs/xor.yaml.wasm	blob	100644	45079c3b4fed3465d3fe8aa6991ff8ffa8a5f29c
mlir/test/Target/Wasm/invalid_block_type_index.yaml	blob	100644	5b83e2e32c8a2f5978175546bf7b22ca9518fb2c
mlir/test/Target/Wasm/invalid_function_type_index.yaml	blob	100644	2d2954aa32dda40d2fb1dcdf99a8dc19306d6648
mlir/test/Target/Wasm/local.mlir	blob	100644	9844f9c64a21220bbffa337d4e6ef57fd912d13b
mlir/test/Target/Wasm/loop.mlir	blob	100644	29ad5026772b89fc28c0ad5c10681ebab7f335e4
mlir/test/Target/Wasm/loop_with_inst.mlir	blob	100644	311d007226516dcf640b98cf5d338887f2d70d90
mlir/test/Target/Wasm/max.mlir	blob	100644	9160bde7779bb02cbf6b2680e229c29908238dcf
mlir/test/Target/Wasm/memory_min_eq_max.mlir	blob	100644	ea8f71948200f1851a2e431c3ec34dd2fba08dd5
mlir/test/Target/Wasm/memory_min_max.mlir	blob	100644	88782eca2b96c7d148891bb99536db9d34587874
mlir/test/Target/Wasm/memory_min_no_max.mlir	blob	100644	c10c5ccef3b6d9466305022deb3d78eaf90ad414
mlir/test/Target/Wasm/min.mlir	blob	100644	2372bcc8d25b6dead614a7ae3249e909f8b29294
mlir/test/Target/Wasm/missing_header.yaml	blob	100644	a9f812e0a77f84d5757f059140f315cc31eef9f7
mlir/test/Target/Wasm/ne.mlir	blob	100644	331df757f193433179ac1cbac3346c69cef6f8f0
mlir/test/Target/Wasm/nearest.mlir	blob	100644	9acd1c4569ebbdb3f14c2799ddc11668b16c1080
mlir/test/Target/Wasm/neg.mlir	blob	100644	dae8ee58767fc6912f31f80178480981c82caa21
mlir/test/Target/Wasm/or.mlir	blob	100644	be0b3d7c89173b5b926209a871365b314f73ece1
mlir/test/Target/Wasm/popcnt.mlir	blob	100644	bfaa8ebaee996757afe3b58b8d7b3112cbec6d7b
mlir/test/Target/Wasm/promote.mlir	blob	100644	44c31b60548a21b64ad8bf4208e599b8cac6780c
mlir/test/Target/Wasm/reinterpret.mlir	blob	100644	574d13f8d3f452db1da066113aa6164268ed2d84
mlir/test/Target/Wasm/rem.mlir	blob	100644	16c9c78d04e007d3b66a24b32daeaaee369d972d
mlir/test/Target/Wasm/rotl.mlir	blob	100644	4c2e5af22c47710afcc3d6177b301fd1f492b078
mlir/test/Target/Wasm/rotr.mlir	blob	100644	ec403d0e36e4d5d3f8fad43a20ab6b83032f349e
mlir/test/Target/Wasm/rounding.mlir	blob	100644	947637eb8aa275b3fcd805402851072aadc8aeea
mlir/test/Target/Wasm/shl.mlir	blob	100644	13631123776950203b429b71d7c86aade45cec3d
mlir/test/Target/Wasm/shr_s.mlir	blob	100644	da1a38f6397f698693f26950f3616fc549d197c0
mlir/test/Target/Wasm/shr_u.mlir	blob	100644	2991c2a724cb6db179870e9183b6ac9bed66209b
mlir/test/Target/Wasm/sqrt.mlir	blob	100644	6b968d6b9ff1ad2cf772ca6c39aea42758a6ab94
mlir/test/Target/Wasm/sub.mlir	blob	100644	5b242f433a5ea5207ec4f5f459d2f46ccd66a558
mlir/test/Target/Wasm/trunc_sat.mlir	blob	100644	4fa531caab74dc8a1b7856609e12a839e5b7a1db
mlir/test/Target/Wasm/trunc_si.mlir	blob	100644	2d246ccc27ea1bac35974fe34bad45dac94d6485
mlir/test/Target/Wasm/trunc_ui.mlir	blob	100644	9e929b648e745aac36c6a0e2dcce0104cbd454f7
mlir/test/Target/Wasm/wrap.mlir	blob	100644	1266758c565949f323c7c95bbc0f2defd96e0043
mlir/test/Target/Wasm/xor.mlir	blob	100644	56407db501c0d709b37e3173fb254e5e7bea028d
mlir/test/Transforms/buffer-results-to-out-params-add-result-attr.mlir	blob	100644	8faacdb00d556d8d329c7a33701d2e13c13be785
mlir/test/Transforms/buffer-results-to-out-params-hosit-dynamic-allocs.mlir	blob	100644	f33eb8e26fbce5094f1ce3f22d9366f1205ba4de
mlir/test/Transforms/buffer-results-to-out-params-hosit-static-allocs.mlir	blob	100644	97fb9f45f57f8dfca3f9fdbcaf5a7409c2f22515
mlir/test/Transforms/buffer-results-to-out-params-modify-public-functions.mlir	blob	100644	c99bde3f34986d39944ccf4cd9f2036f8bee3931
mlir/test/Transforms/buffer-results-to-out-params.mlir	blob	100644	1462e120fad24317779969746e94f070a379a560
mlir/test/Transforms/canonicalize-block-merge.mlir	blob	100644	84a4647a6ef4c9f6d7753c1d90d44d45ff2f4f02
mlir/test/Transforms/canonicalize-cse-between-iterations.mlir	blob	100644	36ad8f7fb4cac77f5c028e7b010f5075147a98cd
mlir/test/Transforms/canonicalize-dce.mlir	blob	100644	84631947970ded519a505646e4b6e9576ac5064b
mlir/test/Transforms/canonicalize-debuginfo.mlir	blob	100644	5af0023fed801db643f2bcf28d150f6375eb8a4e
mlir/test/Transforms/canonicalize-filter-dialects.mlir	blob	100644	c84c98c21e50523877fa13cc9372edf662280cc5
mlir/test/Transforms/canonicalize-td.mlir	blob	100644	46fc4d085ba56520594e321c439ba57439f2cb0a
mlir/test/Transforms/canonicalize.mlir	blob	100644	8e02c06a0a293e4f44be92623d33dd3bf493d00e
mlir/test/Transforms/compose-subview.mlir	blob	100644	d6fa442fe53005a1599f3b9842eb56515c7d38ae
mlir/test/Transforms/composite-pass.mlir	blob	100644	03c540d72185b30f5b0086a8061044362f2eaeb5
mlir/test/Transforms/constant-fold-debuginfo.mlir	blob	100644	4fa7fb6698a2b26961d3cef803f076710a415f29
mlir/test/Transforms/constant-fold.mlir	blob	100644	0b393bf0556b9313ec77fb29a6b30d82b3e62dac
mlir/test/Transforms/control-flow-sink-test.mlir	blob	100644	ca7acb5b7da42e3b13ee519f66ccd1fb513f998c
mlir/test/Transforms/control-flow-sink.mlir	blob	100644	4efcac6cdbc29ad21b384387eaddcf1ef4da6626
mlir/test/Transforms/cse.mlir	blob	100644	4b2907287d89e23b64e54888a85e7c95921b956c
mlir/test/Transforms/dead-code-elimination.mlir	blob	100644	fa277c8a38b6434c3eb4cf6baa8459366fe376ef
mlir/test/Transforms/decompose-call-graph-types.mlir	blob	100644	55d78d9fedebb3ec6477464308843ece8fcf23c8
mlir/test/Transforms/gh-77420.mlir	blob	100644	0037cec0a96ab3b40f5b7dc425cde47aabbde24e
mlir/test/Transforms/inlining-dce.mlir	blob	100644	d167c1b4baae9898578b75e588a9e4178df20582
mlir/test/Transforms/inlining-dump-default-pipeline.mlir	blob	100644	ef5fac49c6ce2528142f8d7b6aae34ef2c3a56f6
mlir/test/Transforms/inlining-recursive-2.mlir	blob	100644	e50cf9695c4a3bea5e4f6158096a93ec52eb82ee
mlir/test/Transforms/inlining-recursive-self.mlir	blob	100644	01d5b8bd2a76c7843563620e56e6a6774232ebe8
mlir/test/Transforms/inlining-recursive.mlir	blob	100644	f953935475e1a7a393c0cbfa901b42b84f5a2297
mlir/test/Transforms/inlining-repeated-use.mlir	blob	100644	f08db3bc7e1cfbc7434f83d6045c993c0369b1b8
mlir/test/Transforms/inlining-threshold.mlir	blob	100644	649408aab577ac85be3a4404aac806eb1e25052d
mlir/test/Transforms/inlining.mlir	blob	100644	da3f1a28deaacd221cd0bc8f32600d8f130a8b96
mlir/test/Transforms/invalid-outer-loop-size.mlir	blob	100644	7c1e92a4b7ba75c7c1de767b602f79df3d542980
mlir/test/Transforms/invalid-parallel-loop-collapsing.mlir	blob	100644	4a3e4dc35d4f1171caa899e7b7c2cac67840c522
mlir/test/Transforms/location-snapshot.mlir	blob	100644	aeddfedd08ae5fd94294085b02f4ba72521ab7e3
mlir/test/Transforms/loop-invariant-code-motion.mlir	blob	100644	31a4f64dd7de0aaeb2c1d73258fece561105b1d8
mlir/test/Transforms/loop-invariant-subset-hoisting.mlir	blob	100644	57e9f7e772373b66d6864d7d24baa40c58477f53
mlir/test/Transforms/make-composed-folded-affine-apply.mlir	blob	100644	138426827fa15dff3e61db024cd5f70fa008bc62
mlir/test/Transforms/make-isolated-from-above.mlir	blob	100644	3b0084d6e000758f81fc493a165464feb6be3edf
mlir/test/Transforms/mem2reg.mlir	blob	100644	da39bc356a109ff23e76f03eabde8986724949c3
mlir/test/Transforms/move-operation-deps.mlir	blob	100644	f8e34301572475dc87cd12ebe64861c890c97d32
mlir/test/Transforms/parallel-loop-collapsing.mlir	blob	100644	dc4e042a3c4f56ce2888c1a70c5f9697d0dc9469
mlir/test/Transforms/parametric-mapping.mlir	blob	100644	b6ef0088d868b5f8d3ab6accddacd7f34a0dfdfb
mlir/test/Transforms/parametric-tiling.mlir	blob	100644	515d0af6c06dba367aef920fd92226f8acfcc8bb
mlir/test/Transforms/print-op-graph-back-edges.mlir	blob	100644	7950125e2f73546974f7fa3b1eb13eb1cde57af3
mlir/test/Transforms/print-op-graph-cycles.mlir	blob	100644	ba989544419f33bc9eb69c8cd5ed258954664f3b
mlir/test/Transforms/print-op-graph.mlir	blob	100644	6a24d914b65a5c69a060f4db764445e47684ae0c
mlir/test/Transforms/promote-buffers-to-stack.mlir	blob	100644	c055236ce6dffbabbf8c4729c6cd1e2abae90cc7
mlir/test/Transforms/remove-dead-values-call-segments.mlir	blob	100644	fed9cabbd2ee80f45a53a7572d97c8ce29694ca4
mlir/test/Transforms/remove-dead-values.mlir	blob	100644	390a448060b7f9c804397e9b49c50fcdcc9cba74
mlir/test/Transforms/sccp-callgraph.mlir	blob	100644	f31f749b6e75a361b11234e8392901cd9f82516b
mlir/test/Transforms/sccp-structured.mlir	blob	100644	f17f5ff51cf3fefdb3fb08e8152d249b5409442f
mlir/test/Transforms/sccp.mlir	blob	100644	80273c86090a7464d8cae5694378a70875bdf623
mlir/test/Transforms/scf-if-utils.mlir	blob	100644	fd59f5e9295e6e8eb2654db35d9784fcbf287166
mlir/test/Transforms/scf-loop-unroll.mlir	blob	100644	db96c659c49fbc7fbfc111b64bbb85e92ae46ba1
mlir/test/Transforms/scf-replace-with-new-yields.mlir	blob	100644	d7af15f52e72a9b4286e5bf3570ba5cc7062a0d6
mlir/test/Transforms/single-parallel-loop-collapsing.mlir	blob	100644	1ef787bec1bb37f005b6ffe8aeff94cbf147265e
mlir/test/Transforms/sroa.mlir	blob	100644	f8dda68e2c8f4347c56826d8f1255737bc5ab58e
mlir/test/Transforms/strip-debuginfo.mlir	blob	100644	7d0d4df17a5caf3badf299cd5c9080a51770a69e
mlir/test/Transforms/test-block-legalization.mlir	blob	100644	d739f95a56947263e30b1d537208b4f6ae1b7f91
mlir/test/Transforms/test-bubble-down-memory-space-casts.mlir	blob	100644	a03c93b7148e146e364f5a34107517514dd69d5d
mlir/test/Transforms/test-canonicalize-filter.mlir	blob	100644	dba5f05e84345fd238b0fb76a4b9e65d53861734
mlir/test/Transforms/test-canonicalize-merge-large-blocks.mlir	blob	100644	84df83619d28a79e80d03da94b0715b798137425
mlir/test/Transforms/test-canonicalize.mlir	blob	100644	8cad6b98441df1457fdb3015cfc8a0326b030c66
mlir/test/Transforms/test-commutativity-utils.mlir	blob	100644	c544f165990a2d8ab89c291731519f7a051038d0
mlir/test/Transforms/test-context-aware-type-converter.mlir	blob	100644	ae178b676a3920a78b64177eb118b7b07816be5a
mlir/test/Transforms/test-convert-call-op.mlir	blob	100644	d2788a72abd3bfe7fae885c54dd27bae4b6395de
mlir/test/Transforms/test-convert-func-op.mlir	blob	100644	180f16a32991b32767c33f8532157aa4247ebc46
mlir/test/Transforms/test-dialect-conversion-pdll.mlir	blob	100644	9abc7c83bff8c9570f2de9aa26e62a06ef2853ce
mlir/test/Transforms/test-inlining-callback.mlir	blob	100644	c012c31e7e490c59ef9fb23fd74bc9c6f970dcc3
mlir/test/Transforms/test-inlining.mlir	blob	100644	f6296064b36fbbe46d3d695f4c9f2ee27df1c43e
mlir/test/Transforms/test-legalize-erased-op-with-uses.mlir	blob	100644	031442b0ee2daf0d3c6c5f220944e01a78012821
mlir/test/Transforms/test-legalize-remapped-value.mlir	blob	100644	d0752405fa1095000ae6c051046330a73505ceb9
mlir/test/Transforms/test-legalize-target-materialization-no-uses.mlir	blob	100644	5e694a04af49a8e77a9cbdc376827eae49610590
mlir/test/Transforms/test-legalize-type-conversion.mlir	blob	100644	7a8bf06a3a0601fd4bd1cc692283ded0e6b29caf
mlir/test/Transforms/test-legalize-unknown-root.mlir	blob	100644	968d7e3763fb58ada7c4658a971033622d913530
mlir/test/Transforms/test-legalizer-analysis.mlir	blob	100644	5b070557e2811f90675f88a67cd2d20873a9bbd5
mlir/test/Transforms/test-legalizer-fold-after.mlir	blob	100644	7f80252dc9604a0b5b92e6c5cde5ba2e947d86f5
mlir/test/Transforms/test-legalizer-fold-before.mlir	blob	100644	fe6e29351a5d74f856dc3f71e31b502411f6b12f
mlir/test/Transforms/test-legalizer-full-rollback.mlir	blob	100644	c61847b55cf01fc0dcfdc295bb1da435b248b256
mlir/test/Transforms/test-legalizer-full.mlir	blob	100644	8da9109a3276234e4be149cc4036e6c7335800b2
mlir/test/Transforms/test-legalizer-no-fold.mlir	blob	100644	720d17f41943d898864c9fff9488558909260fff
mlir/test/Transforms/test-legalizer-no-materializations.mlir	blob	100644	82dd7422b22b29477cb606411e4a7ffeb0cc1c46
mlir/test/Transforms/test-legalizer-no-rollback.mlir	blob	100644	5f421a35d956bc080e3d874d5c0286ccd9df04bc
mlir/test/Transforms/test-legalizer-rollback.mlir	blob	100644	f6569201842b7b062ee14f56273c799b31a23680
mlir/test/Transforms/test-legalizer.mlir	blob	100644	96aeccfb7c1613aee8c5b9ff0c1ab13860cf0ddf
mlir/test/Transforms/test-merge-blocks.mlir	blob	100644	ec5af7fb932120127a8c552535f9a1afd628c72d
mlir/test/Transforms/test-operation-folder-commutative.mlir	blob	100644	55556c1ec584434cd8eb54ff1e95d69e2bfc57a4
mlir/test/Transforms/test-operation-folder.mlir	blob	100644	86ed6c25a227aacfb26b64477deaf3441fbf41da
mlir/test/Transforms/test-pattern-selective-replacement.mlir	blob	100644	2bab0b552d311e6e7e3ea92fc2f832c6166798c8
mlir/test/Transforms/test-rewrite-dynamic-op.mlir	blob	100644	19ab85876a86ed81944747c4c4254a978182a3d6
mlir/test/Transforms/test-strict-pattern-driver.mlir	blob	100644	c87444cba8e1a216845b59c588d5ab3c8253ccb6
mlir/test/Transforms/test-symbol-dce.mlir	blob	100644	90fe93f806d691a0cc3f9cc37a9ef8e6dd68f6bc
mlir/test/Transforms/test-symbol-privatize.mlir	blob	100644	d40c48e10ab0bc0587ae854476a6989ff42c24b5
mlir/test/Unit/lit.cfg.py	blob	100644	1898b72adf00280bbb0eae60151afe8f4c072f5f
mlir/test/Unit/lit.site.cfg.py.in	blob	100644	b1519f280be1931024f459a5783fa9cc4ce30a33
mlir/test/get_darwin_real_python.py	blob	100644	63bd08bcff89e1105daebba8e1d79b280f7fd8cc
mlir/test/lib/Analysis/CMakeLists.txt	blob	100644	d86af5017f24b164de8105341f23ee3ddb18f7f9
mlir/test/lib/Analysis/DataFlow/TestDeadCodeAnalysis.cpp	blob	100644	327e80787371453115d2a40d4c1f0f3262c7010f
mlir/test/lib/Analysis/DataFlow/TestDenseBackwardDataFlowAnalysis.cpp	blob	100644	e1ea28c06659f1bdbaba169545d9c472f6192fc4
mlir/test/lib/Analysis/DataFlow/TestDenseDataFlowAnalysis.h	blob	100644	6012c90f845394915a9770afa1626bc9b9cbc97a
mlir/test/lib/Analysis/DataFlow/TestDenseForwardDataFlowAnalysis.cpp	blob	100644	f2384f32948a269bcde9a98fec1cef539bdbb5f2
mlir/test/lib/Analysis/DataFlow/TestIntegerDivisibilityAnalysis.cpp	blob	100644	626cbc0fac7aab75c1b4c3991907429d25ac6f2e
mlir/test/lib/Analysis/DataFlow/TestLivenessAnalysis.cpp	blob	100644	2c9f46411f602d22a986da12b80be34e1afad800
mlir/test/lib/Analysis/DataFlow/TestSparseBackwardDataFlowAnalysis.cpp	blob	100644	b1978880e2bd6f6e16afe0ecd7908e65b181f19b
mlir/test/lib/Analysis/DataFlow/TestStridedMetadataRangeAnalysis.cpp	blob	100644	6ac09fdeed13665ac129eda88e74fb93792c7f7c
mlir/test/lib/Analysis/TestAliasAnalysis.cpp	blob	100644	0125e403272a8a914a711b25143ba9f9b44bf798
mlir/test/lib/Analysis/TestAliasAnalysis.h	blob	100644	f84b2fabb092aa366271eaa6c4560b0d9438d1a9
mlir/test/lib/Analysis/TestCFGLoopInfo.cpp	blob	100644	a4a8bfbb2178fc155828114f6bc364e228a1f227
mlir/test/lib/Analysis/TestCallGraph.cpp	blob	100644	bdb11a2108968ee071a5cc80499a0cfab2a68b28
mlir/test/lib/Analysis/TestDataFlowFramework.cpp	blob	100644	f29136853a9cd9229c45dd68748b126dee4b5de7
mlir/test/lib/Analysis/TestLiveness.cpp	blob	100644	e4ea521484bf2ff0d686ab74d53fc7320ebf6386
mlir/test/lib/Analysis/TestMatchReduction.cpp	blob	100644	54aea8410388f4bdabc23b8a5edea44a8c631d41
mlir/test/lib/Analysis/TestMemRefBoundCheck.cpp	blob	100644	a036ae836c3cbbf4d8e90f7cb8438e4d5d86bcea
mlir/test/lib/Analysis/TestMemRefDependenceCheck.cpp	blob	100644	b3b9a590773b03f2b59d101c5185d9c01c31e720
mlir/test/lib/Analysis/TestMemRefStrideCalculation.cpp	blob	100644	f17f5db2fa22fe9cfa101db893c88c1e03952abd
mlir/test/lib/Analysis/TestSlice.cpp	blob	100644	7e8320dbf3ec361688aeb5264c4e019bccf802bd
mlir/test/lib/Analysis/TestTopologicalSort.cpp	blob	100644	bd7e60f1ecc331d3acd99da13138d4e2fc531e41
mlir/test/lib/CMakeLists.txt	blob	100644	88e55e77a3fb93e4a218b748b73923298d56ccae
mlir/test/lib/Conversion/CMakeLists.txt	blob	100644	167cce225595b426a6b31a6094fbdea313cfd5c5
mlir/test/lib/Conversion/ConvertToSPIRV/CMakeLists.txt	blob	100644	fd557e0c989f52a9cfaac264d56739242d628698
mlir/test/lib/Conversion/ConvertToSPIRV/TestSPIRVFuncSignatureConversion.cpp	blob	100644	4a792336caba4bab71e5a6fdc665d31f239bad94
mlir/test/lib/Conversion/ConvertToSPIRV/TestSPIRVVectorUnrolling.cpp	blob	100644	85245ea50782d6ee6461a77e13b0266d68f8bfe0
mlir/test/lib/Conversion/FuncToLLVM/CMakeLists.txt	blob	100644	f190b2da5a190c9e73b68007f9d2ba81b28efdbd
mlir/test/lib/Conversion/FuncToLLVM/TestConvertCallOp.cpp	blob	100644	3b29867cc32631cac93ccaa6a5153ea289a6b813
mlir/test/lib/Conversion/FuncToLLVM/TestConvertFuncOp.cpp	blob	100644	75168dde93130f6e05349df1e8ff4d7e7d933685
mlir/test/lib/Conversion/MathToVCIX/CMakeLists.txt	blob	100644	3726993b59692f755ceb9391346b2a15e228a66c
mlir/test/lib/Conversion/MathToVCIX/TestMathToVCIXConversion.cpp	blob	100644	016052cfefdb800c93fb7d648cb97cab0428613c
mlir/test/lib/Conversion/MemRefToLLVM/CMakeLists.txt	blob	100644	580c9ca4a6049026acc7531953eb742f19c1e964
mlir/test/lib/Conversion/MemRefToLLVM/TestMemRefToLLVMWithTransforms.cpp	blob	100644	af3b6608aea163425b5400512d9c40b472ee5641
mlir/test/lib/Conversion/VectorToSPIRV/CMakeLists.txt	blob	100644	cb5ecc933ad82e4dccf1cd71dd619a4c91ee7632
mlir/test/lib/Conversion/VectorToSPIRV/TestVectorReductionToSPIRVDotProd.cpp	blob	100644	d49b4e391a68f2cddec79970d0230c4faf030d62
mlir/test/lib/Dialect/Affine/CMakeLists.txt	blob	100644	885bc9b4c3afc997eecd75d9f78c71e06aded566
mlir/test/lib/Dialect/Affine/TestAccessAnalysis.cpp	blob	100644	751302550092d71ab0ebf18c6f212c1494a497f6
mlir/test/lib/Dialect/Affine/TestAffineDataCopy.cpp	blob	100644	2a54e0c28f71f551bf9a658ffc656016e34240c4
mlir/test/lib/Dialect/Affine/TestAffineLoopParametricTiling.cpp	blob	100644	4e83d2acae18d066e77c558743d098e8192d498a
mlir/test/lib/Dialect/Affine/TestAffineLoopUnswitching.cpp	blob	100644	7e4a3ca7b7c72f8378e6ef42160d85d9b364e685
mlir/test/lib/Dialect/Affine/TestDecomposeAffineOps.cpp	blob	100644	429784f26e03846f8d99143c867860e9bf0a54a3
mlir/test/lib/Dialect/Affine/TestLoopFusion.cpp	blob	100644	bf11d94596fa7f145e59e98f3a6ab0db915e9a77
mlir/test/lib/Dialect/Affine/TestLoopMapping.cpp	blob	100644	3dc7abb15af17a86a97ccab98da5afb4fe0e287f
mlir/test/lib/Dialect/Affine/TestLoopPermutation.cpp	blob	100644	8bab9a0ef55b89107a35ccfe34b9643f9aa0bf06
mlir/test/lib/Dialect/Affine/TestReifyValueBounds.cpp	blob	100644	4aa1b134a1078089a55694c4fb3b48b42e718a73
mlir/test/lib/Dialect/Affine/TestVectorizationUtils.cpp	blob	100644	88d26d233c5cd8a1063eaaefbcf53cda857f369b
mlir/test/lib/Dialect/Arith/CMakeLists.txt	blob	100644	0c05ed5ce621076d9fccb6dafe4bc89c313bd858
mlir/test/lib/Dialect/Arith/TestEmulateWideInt.cpp	blob	100644	a792d08f2df497b23bc93576a703fc9b39e9e75d
mlir/test/lib/Dialect/ArmSME/CMakeLists.txt	blob	100644	9ee93dec65943cab05541b548dc80cd9fede0216
mlir/test/lib/Dialect/ArmSME/TestLowerToArmSME.cpp	blob	100644	ab38b3e1012b45967e0540f62f519b79932e7e04
mlir/test/lib/Dialect/Bufferization/CMakeLists.txt	blob	100644	2ee3222160d9133c32c9f6eab67707af896b4ef2
mlir/test/lib/Dialect/Bufferization/TestOneShotModuleBufferize.cpp	blob	100644	036e05bfc2e0213ed4799e6c22571efd7863e5cb
mlir/test/lib/Dialect/Bufferization/TestTensorCopyInsertion.cpp	blob	100644	dc971ad68b846ac4c57f3aecb32b7e6424002cb6
mlir/test/lib/Dialect/Bufferization/TestTensorLikeAndBufferLike.cpp	blob	100644	60e60849f3e6cd7abd4ba126ee0714d73c25f761
mlir/test/lib/Dialect/CMakeLists.txt	blob	100644	e31140a6f6ba78c58e5391a5dc1f87d7bad63fee
mlir/test/lib/Dialect/ControlFlow/CMakeLists.txt	blob	100644	03ae3c749f991767c20a201f53d975c7ea1b5a1a
mlir/test/lib/Dialect/ControlFlow/TestAssert.cpp	blob	100644	db769741117aa37b4070923831f87658cb909cec
mlir/test/lib/Dialect/DLTI/CMakeLists.txt	blob	100644	98cf47c78866fcd2981c0e45a5d04a9ab1ebb2fa
mlir/test/lib/Dialect/DLTI/TestDataLayoutQuery.cpp	blob	100644	58c77cb94b47f8744f169759e749fd706ada7e8b
mlir/test/lib/Dialect/Func/CMakeLists.txt	blob	100644	1fbe1f59e2fe5d73703a9d3ba618c02e2272aff1
mlir/test/lib/Dialect/Func/TestDecomposeCallGraphTypes.cpp	blob	100644	c67bcd94ea0bd602c127b788e483d18012f4bc7c
mlir/test/lib/Dialect/GPU/CMakeLists.txt	blob	100644	882d5abc2eeb844d6fe7d051f861977b3e35fefa
mlir/test/lib/Dialect/GPU/TestGpuMemoryPromotion.cpp	blob	100644	d6c35b4674878a5bb3f4d0de1482c70c6520ae0a
mlir/test/lib/Dialect/GPU/TestGpuRewrite.cpp	blob	100644	616f458e4824c8fd0f4d1d7e2d314f4ec9b1f042
mlir/test/lib/Dialect/LLVM/CMakeLists.txt	blob	100644	b4b0a71d129206271110f859791d54cc9f9b77d7
mlir/test/lib/Dialect/LLVM/TestLowerToLLVM.cpp	blob	100644	5a2529d626098c44de6fe88ddbbda97d5f52215c
mlir/test/lib/Dialect/LLVM/TestPatterns.cpp	blob	100644	69a3d98bc09e4d6a2cf4a6fb2b021e678a113615
mlir/test/lib/Dialect/Linalg/CMakeLists.txt	blob	100644	6549c1fec10a7dfb1e76474d2a99cab790c123fe
mlir/test/lib/Dialect/Linalg/TestLinalgDecomposeOps.cpp	blob	100644	0143a27bfe8437b9488c1e52fc4f2f06d16fa8a2
mlir/test/lib/Dialect/Linalg/TestLinalgDropUnitDims.cpp	blob	100644	c8ddcc3237a13987c46ef13e82f780040cc5e542
mlir/test/lib/Dialect/Linalg/TestLinalgElementwiseFusion.cpp	blob	100644	ee0b19006fc62ff8236e56a94b229d9422a87b86
mlir/test/lib/Dialect/Linalg/TestLinalgFusionTransforms.cpp	blob	100644	ed6761c46a1f2680038da29e1c9ba39ced980b00
mlir/test/lib/Dialect/Linalg/TestLinalgRankReduceContractionOps.cpp	blob	100644	2d37a8445accdd59848b1a4277b2a2da46856837
mlir/test/lib/Dialect/Linalg/TestLinalgTransforms.cpp	blob	100644	04dacbebe249ed9e90d283f40148ee54917bd576
mlir/test/lib/Dialect/Linalg/TestPadFusion.cpp	blob	100644	b927767038a9e216c04d60b9ee2ac9eecf21bf0d
mlir/test/lib/Dialect/Math/CMakeLists.txt	blob	100644	5d4724b9be985a983728336078e8a5dfa3dcbafa
mlir/test/lib/Dialect/Math/TestAlgebraicSimplification.cpp	blob	100644	42491d4c716c9813f9173005d0d4f9e89fa60eee
mlir/test/lib/Dialect/Math/TestPolynomialApproximation.cpp	blob	100644	b4ddbb5b116b9b238bcf93e4cb545656fb7d5c2c
mlir/test/lib/Dialect/MemRef/CMakeLists.txt	blob	100644	0f5eb68fc04eef5954886d6e8584b98e6e1c69e1
mlir/test/lib/Dialect/MemRef/TestComposeSubView.cpp	blob	100644	08d22ab59f94b8df2bbf620806177562316f6fe6
mlir/test/lib/Dialect/MemRef/TestEmulateNarrowType.cpp	blob	100644	a4fb10121edbe006287f85f2292bcd0868469e71
mlir/test/lib/Dialect/MemRef/TestMultiBuffer.cpp	blob	100644	1ca63bbb2a0e8ed55354b39968bb9152cafff486
mlir/test/lib/Dialect/NVGPU/CMakeLists.txt	blob	100644	025f1a0dbc488a09f3c30a049c21b4e503c4c29d
mlir/test/lib/Dialect/NVGPU/TestNVGPUTransforms.cpp	blob	100644	0099dc8caf427b189a57841cfcd3d2e437c91581
mlir/test/lib/Dialect/OpenACC/CMakeLists.txt	blob	100644	a54b642d4db420464b718a641c538fc96a25c192
mlir/test/lib/Dialect/OpenACC/TestOpenACC.cpp	blob	100644	e59d77777ee4006c7d343deabb851e68441b78b3
mlir/test/lib/Dialect/OpenACC/TestOpenACCSupport.cpp	blob	100644	7c8b08489c62e0260a4ae6e7454e7dce1da7f938
mlir/test/lib/Dialect/OpenACC/TestPointerLikeTypeInterface.cpp	blob	100644	e45fd104e7331579221015e01a6c8feafa523515
mlir/test/lib/Dialect/OpenACC/TestRecipePopulate.cpp	blob	100644	7b71f2c5f3b2049f3c9f87182d9c499e7c12b63c
mlir/test/lib/Dialect/SCF/CMakeLists.txt	blob	100644	d2f97e816cc14c0514fc0b38773da6b9a9e97e8c
mlir/test/lib/Dialect/SCF/TestLoopParametricTiling.cpp	blob	100644	e7e2f70ba119736face382e67b983f93402a0500
mlir/test/lib/Dialect/SCF/TestLoopUnrolling.cpp	blob	100644	e2d6996e435bbce55011bf0d01ec1e69f06ca363
mlir/test/lib/Dialect/SCF/TestParallelLoopUnrolling.cpp	blob	100644	77a22a18125375eea1724a2b6ec8eef23aff7276
mlir/test/lib/Dialect/SCF/TestSCFUtils.cpp	blob	100644	fafa03b6c089f28c13e5f2567a7fa78c67d07bfb
mlir/test/lib/Dialect/SCF/TestSCFWrapInZeroTripCheck.cpp	blob	100644	856cde19edd521576658ef16bd61ee2f3628f213
mlir/test/lib/Dialect/SCF/TestUpliftWhileToFor.cpp	blob	100644	cf123fe280242ac7d7681871e54b15e7bc9ec643
mlir/test/lib/Dialect/SCF/TestWhileOpBuilder.cpp	blob	100644	d3f7f0e6e33a3daff3251ac693eb1d38a3262859
mlir/test/lib/Dialect/SPIRV/CMakeLists.txt	blob	100644	0e2c1344782d9616d61b47f347a0a22a9363d540
mlir/test/lib/Dialect/SPIRV/TestAvailability.cpp	blob	100644	ae995a970bade3877a2f469eabf2389f45cc0eb4
mlir/test/lib/Dialect/SPIRV/TestEntryPointAbi.cpp	blob	100644	f492d7cd87d83c97000d69468fa75283295c9b06
mlir/test/lib/Dialect/SPIRV/TestModuleCombiner.cpp	blob	100644	3f5f094ed3afcdaa7d5960e0a02e3685fcd1dc8f
mlir/test/lib/Dialect/Shape/CMakeLists.txt	blob	100644	90c8c6cb223b8160c39bfbe34089ca92f4ce20e8
mlir/test/lib/Dialect/Shape/TestShapeFunctions.cpp	blob	100644	5239dc5388951b31613cfc63d0e777206fb62f45
mlir/test/lib/Dialect/Shape/TestShapeMappingAnalysis.cpp	blob	100644	391cb50c4bd48ca8c7ac7b12a874acc00042c298
mlir/test/lib/Dialect/Shard/CMakeLists.txt	blob	100644	a97839b6b1ffd31ede324e022a38cb7298e141f9
mlir/test/lib/Dialect/Shard/TestOpLowering.cpp	blob	100644	43f3b3f23918196b722cb78e7d2b047fc1166b71
mlir/test/lib/Dialect/Shard/TestReshardingPartition.cpp	blob	100644	ac82f752c537155667bc25989351b8b95bf0a83f
mlir/test/lib/Dialect/Tensor/CMakeLists.txt	blob	100644	28eae8ffb670f22058ec9b99dd73a1b73de1413f
mlir/test/lib/Dialect/Tensor/TestTensorTransforms.cpp	blob	100644	687473ebe6d60ed723480668481a6ee38e88c625
mlir/test/lib/Dialect/Test/CMakeLists.txt	blob	100644	4c4721193322b68e6086a4c7ec23d8a45baab9cf
mlir/test/lib/Dialect/Test/TestAttrDefs.td	blob	100644	415b27aeda9050b9ce4453d1d4340c01460de5b8
mlir/test/lib/Dialect/Test/TestAttributes.cpp	blob	100644	178029d3c5d904c2fb6b98516913c01ff7f2a0da
mlir/test/lib/Dialect/Test/TestAttributes.h	blob	100644	d4887ebd33c0adca6d58a4047419b9744401274c
mlir/test/lib/Dialect/Test/TestDialect.cpp	blob	100644	7c1db3884be103403994610fc37641c5379538c1
mlir/test/lib/Dialect/Test/TestDialect.h	blob	100644	bcf3b55d33cb917703e3f679ed7517b598f8d895
mlir/test/lib/Dialect/Test/TestDialect.td	blob	100644	37a263f1d10b8b121cea51e21e051be747b178d0
mlir/test/lib/Dialect/Test/TestDialectInterfaces.cpp	blob	100644	04d956cce2eea658230eb1bddda6b5c619819dcc
mlir/test/lib/Dialect/Test/TestEnumDefs.td	blob	100644	5d7c60d53c2c02cc8a88a0f694acf5dd7dea5f31
mlir/test/lib/Dialect/Test/TestFormatUtils.cpp	blob	100644	70bab21b83256ea12c21190214c5277a0bd525e1
mlir/test/lib/Dialect/Test/TestFormatUtils.h	blob	100644	e914f9a27b79bdae00f934cbc5247d2e43422372
mlir/test/lib/Dialect/Test/TestFromLLVMIRTranslation.cpp	blob	100644	b98f6ce32cdceb4b7505ecf3f874d44809896287
mlir/test/lib/Dialect/Test/TestInterfaces.cpp	blob	100644	14099bb4bb16bad110fb37cb78cb4c1bec1d4e48
mlir/test/lib/Dialect/Test/TestInterfaces.h	blob	100644	d58d1aafbe66c2e27818ba9af1c151e9771ed056
mlir/test/lib/Dialect/Test/TestInterfaces.td	blob	100644	c5787d00e853e5ceec0361c9d118499ba4e13d6f
mlir/test/lib/Dialect/Test/TestOpDefs.cpp	blob	100644	c6470da1b785220cbe4ef21122145e48c341f865
mlir/test/lib/Dialect/Test/TestOps.cpp	blob	100644	47d5b1b19121efa92059b0939f51959e9f9d7005
mlir/test/lib/Dialect/Test/TestOps.h	blob	100644	b4cc2cd6cf5693383ce132891e0f2ea5adbe02a9
mlir/test/lib/Dialect/Test/TestOps.td	blob	100644	3b69e474d76ad0d9f82a6b01ae718287a2b5b085
mlir/test/lib/Dialect/Test/TestOpsSyntax.cpp	blob	100644	5880c2a2302b0770280f30a43248d7a87c43bd7c
mlir/test/lib/Dialect/Test/TestOpsSyntax.h	blob	100644	7f32a3bae6c5f517d6651ea8fd82d4a41a859a57
mlir/test/lib/Dialect/Test/TestOpsSyntax.td	blob	100644	1d9ff9bdef3a228b4b4a7101dc588aed342b6b41
mlir/test/lib/Dialect/Test/TestPatterns.cpp	blob	100644	552a1a473c9fd37fed09eafefbe89b644d0ad513
mlir/test/lib/Dialect/Test/TestToLLVMIRTranslation.cpp	blob	100644	19624c71f841e13e28e5f00c30f3c64a9bd821c5
mlir/test/lib/Dialect/Test/TestTraits.cpp	blob	100644	d8763f562cbefc2fc3a0704543391d12287a675c
mlir/test/lib/Dialect/Test/TestTraits.h	blob	100644	309d77a29032cbfd9a70699d9a87e0cbf57cf804
mlir/test/lib/Dialect/Test/TestTypeDefs.td	blob	100644	9481aa1b35efd9eae3438c4d6255f6511bcf45c0
mlir/test/lib/Dialect/Test/TestTypes.cpp	blob	100644	2ebc48c3c7e8bdec399f0ed940e852fdb7c9a385
mlir/test/lib/Dialect/Test/TestTypes.h	blob	100644	cf3d1057de675ffbc14ecdb132489ea7dd07ca1e
mlir/test/lib/Dialect/Test/lit.local.cfg	blob	100644	65a7f202dc82a9c4fbd2b7ed2917e59eae27cab4
mlir/test/lib/Dialect/TestDyn/CMakeLists.txt	blob	100644	2c6854efee530f451c4c6614307d752755717199
mlir/test/lib/Dialect/TestDyn/TestDynDialect.cpp	blob	100644	1757f1dbb873df1a08a588d85190ddbe95f726bd
mlir/test/lib/Dialect/TestIRDLToCpp/CMakeLists.txt	blob	100644	7d325778f09cb642bf99755154d2c84bd2ede31b
mlir/test/lib/Dialect/TestIRDLToCpp/TestIRDLToCppDialect.cpp	blob	100644	421db7e4c0094b447ca261cbf729ef9b9a374ee4
mlir/test/lib/Dialect/TestIRDLToCpp/TestIRDLToCppDialect.h	blob	100644	5d2e3d7b4cd4855d36c3be86daed577dffd04618
mlir/test/lib/Dialect/TestIRDLToCpp/test.testd.mlir	blob	100644	30f27934857a59103cd334a00b264c92d80b137b
mlir/test/lib/Dialect/TestIRDLToCpp/test_conversion.testd.mlir	blob	100644	1915324ccb45950f29dc702fb15cd9b0b921704c
mlir/test/lib/Dialect/TestIRDLToCpp/test_irdl_to_cpp.irdl.mlir	blob	100644	770cd36cdee339af7e72cae6bab7aacd65561d0c
mlir/test/lib/Dialect/TestIRDLToCpp/test_irdl_to_cpp_invalid_unsupported_types.irdl.mlir	blob	100644	cc2745643db7e39979e64d4d99fc470c6bcea2b7
mlir/test/lib/Dialect/Tosa/CMakeLists.txt	blob	100644	7d40881ee6ee40319a099a553c4f6abfc41024b9
mlir/test/lib/Dialect/Tosa/TosaTestPasses.cpp	blob	100644	5f93035cac409d748177937a0c4dc3810b7d153f
mlir/test/lib/Dialect/Transform/CMakeLists.txt	blob	100644	4d626461d63bf69aea9a59ab4233f3946231b711
mlir/test/lib/Dialect/Transform/TestPassStateExtensionCommunication.cpp	blob	100644	9ec99f70630a82746eb4ee28e90f2b7332b54b43
mlir/test/lib/Dialect/Transform/TestTransformDialectExtension.cpp	blob	100644	faf87316f14669cc89593f3b80ef5a6558117911
mlir/test/lib/Dialect/Transform/TestTransformDialectExtension.h	blob	100644	c4dc7c3a857b9e34a3de2a1306e7d55402809ea2
mlir/test/lib/Dialect/Transform/TestTransformDialectExtension.td	blob	100644	d55311eb8965109a916df6d0c7b7f8db50271ad8
mlir/test/lib/Dialect/Transform/TestTransformDialectInterpreter.cpp	blob	100644	bd2de68fb276d0ea78db48c0ecae9d3700ec10c0
mlir/test/lib/Dialect/Transform/TestTransformStateExtension.cpp	blob	100644	e88f4df2d75c8a3aac39cd049eb52a088e9819b9
mlir/test/lib/Dialect/Transform/TestTransformStateExtension.h	blob	100644	54d00c70cfd8d8013ea176daeb0579b15b313c73
mlir/test/lib/Dialect/Transform/lit.local.cfg	blob	100644	65a7f202dc82a9c4fbd2b7ed2917e59eae27cab4
mlir/test/lib/Dialect/Vector/CMakeLists.txt	blob	100644	385ef2f00ea5d795ff489309c0733393e9355fef
mlir/test/lib/Dialect/Vector/TestVectorTransforms.cpp	blob	100644	4523a4cd3c4867392adc13a31be0c3c6bb72071e
mlir/test/lib/Dialect/XeGPU/CMakeLists.txt	blob	100644	5236d8765eac88f2346daa2b1d1c404827e5fd42
mlir/test/lib/Dialect/XeGPU/TestXeGPUTransforms.cpp	blob	100644	f6b0c50da91dd9946f4d7351d5feb5c461f089bb
mlir/test/lib/IR/CMakeLists.txt	blob	100644	1abcfc77d2d9b04e205c972df23fe4761940b33d
mlir/test/lib/IR/TestAffineWalk.cpp	blob	100644	e8b836888b459f37acdbdca24a04e4c571ece019
mlir/test/lib/IR/TestBuiltinAttributeInterfaces.cpp	blob	100644	f44b78673ec5f2240e75360f03acb17b89294786
mlir/test/lib/IR/TestBuiltinDistinctAttributes.cpp	blob	100644	4717ce345fc1fc617ce58646c4f6f89762243c5f
mlir/test/lib/IR/TestBytecodeRoundtrip.cpp	blob	100644	d7e224f8b04ea9a33904531aa0ddf787af24de70
mlir/test/lib/IR/TestClone.cpp	blob	100644	b742b316c77126da93febc31eea4d20f1f9b7264
mlir/test/lib/IR/TestDiagnostics.cpp	blob	100644	578486c0a3b141bb98ec323e6135980e4afb08bb
mlir/test/lib/IR/TestDiagnosticsMetadata.cpp	blob	100644	5cb0193baa171b38c1681ec77ddfd7b52b002d2d
mlir/test/lib/IR/TestDominance.cpp	blob	100644	b34149b3e2cbdfd39c0fe18fdccc82d84aa27300
mlir/test/lib/IR/TestFunc.cpp	blob	100644	2d4050d3484d083d30c8c0bb13de1ee7639aff84
mlir/test/lib/IR/TestInterfaces.cpp	blob	100644	881019dbfd50d674dca99614d60e116855f71c87
mlir/test/lib/IR/TestLazyLoading.cpp	blob	100644	187b977c7daaac5aab955cf513497c278f31484b
mlir/test/lib/IR/TestMatchers.cpp	blob	100644	fdd786f4c0d3aa2c33336aee79eb8aad0fa257f0
mlir/test/lib/IR/TestOpaqueLoc.cpp	blob	100644	c0ce8965868ab0f7d0e7651bf44f0b06f289fe6c
mlir/test/lib/IR/TestOperationEquals.cpp	blob	100644	7cef2e5bd4bfef3a6cd600c980dad7b653383eb1
mlir/test/lib/IR/TestPrintDefUse.cpp	blob	100644	b983366fc16dd089c4698dcedf457df07862d84e
mlir/test/lib/IR/TestPrintInvalid.cpp	blob	100644	25d1b19a5f14f09001162e95a12026c7731aeed5
mlir/test/lib/IR/TestPrintNesting.cpp	blob	100644	c66149b33371dd0ce8980f29e7cc825d40ba078a
mlir/test/lib/IR/TestRegions.cpp	blob	100644	e850691631be2f97973460871ac9ad8a69396ac4
mlir/test/lib/IR/TestSideEffects.cpp	blob	100644	7c6132c51f3106953600281771c137e9a7943108
mlir/test/lib/IR/TestSlicing.cpp	blob	100644	5a5ac450f91fbcb64d43685e5c0a543acc6c813d
mlir/test/lib/IR/TestSymbolUses.cpp	blob	100644	6aac9bfc8baa46afbaa5bed1f9296c15014ea09b
mlir/test/lib/IR/TestTypes.cpp	blob	100644	c6bce111d3ea7f7ce26b23da6ce2a2b805c71662
mlir/test/lib/IR/TestUseListOrders.cpp	blob	100644	78c5a19db072582d91a314fc767fa401429ecdf6
mlir/test/lib/IR/TestVisitors.cpp	blob	100644	148a57f2a739b9291f1def84a3ecbbc1eee6cf8d
mlir/test/lib/IR/TestVisitorsGeneric.cpp	blob	100644	4556671df0ba0b1460b43a42fcf377df12982eb9
mlir/test/lib/Interfaces/CMakeLists.txt	blob	100644	6a21ed10eec6f3bc727ba1fe6114e7f4f64b9944
mlir/test/lib/Interfaces/LoopLikeInterface/CMakeLists.txt	blob	100644	cb1e7adb412c5e3e692c74c4dbebe700d59f1e72
mlir/test/lib/Interfaces/LoopLikeInterface/TestBlockInLoop.cpp	blob	100644	303cc37cfc1db555960548adfde77e98cbec321b
mlir/test/lib/Interfaces/TilingInterface/CMakeLists.txt	blob	100644	657fcb76815bc63ec5bcc52fa48efae25d640aae
mlir/test/lib/Interfaces/TilingInterface/TestTilingInterfaceTransformOps.cpp	blob	100644	9467c925e543c712e0b187be09b044ba96a3533a
mlir/test/lib/Interfaces/TilingInterface/TestTilingInterfaceTransformOps.td	blob	100644	efa16212f0fef62aa00493450826bbd602795780
mlir/test/lib/Interfaces/TilingInterface/lit.local.cfg	blob	100644	65a7f202dc82a9c4fbd2b7ed2917e59eae27cab4
mlir/test/lib/Pass/CMakeLists.txt	blob	100644	04c91635def85cdbe489f3b1b76573c881bb893f
mlir/test/lib/Pass/TestConvertToSPIRVPass.cpp	blob	100644	3c99d3c5b60ced9c0007133052572e6de6b7b929
mlir/test/lib/Pass/TestDynamicPipeline.cpp	blob	100644	b46bf08657d57a02d69398bc7a14103ebe180eaf
mlir/test/lib/Pass/TestPassManager.cpp	blob	100644	df2736bd666ca28bfbaa2d9f40da260f98b9fbca
mlir/test/lib/Pass/TestRemarksPass.cpp	blob	100644	b372d2cd6ad6bc1b4bc94ecc00aa8876391f3370
mlir/test/lib/Pass/TestSPIRVCPURunnerPipeline.cpp	blob	100644	bf2880aa022eed802082235c0c6af5bbc4340e61
mlir/test/lib/Pass/TestVulkanRunnerPipeline.cpp	blob	100644	e30c31693fae7a020c1995e72cadd683b20c9366
mlir/test/lib/Reducer/CMakeLists.txt	blob	100644	1ea33bdd0a5b99026fa20c40ea83d87cc18dca23
mlir/test/lib/Reducer/MLIRTestReducer.cpp	blob	100644	496facd3125d5cd40012fa69e3553e3bb5c51009
mlir/test/lib/Rewrite/CMakeLists.txt	blob	100644	75702ca89333a59db7f01c1138c1ff54ad6eadf4
mlir/test/lib/Rewrite/TestPDLByteCode.cpp	blob	100644	1e3d0186eb1c961f1ff0a8caf71a6f860f327a76
mlir/test/lib/Tools/CMakeLists.txt	blob	100644	5aa03a3833812ebade6f46c665279632e03b4140
mlir/test/lib/Tools/PDLL/CMakeLists.txt	blob	100644	60cf30b33e559944fa1913b6192419e31f853566
mlir/test/lib/Tools/PDLL/TestPDLL.cpp	blob	100644	d2c17fc63f17883818c62edc77458bdfce9863e9
mlir/test/lib/Tools/PDLL/TestPDLL.pdll	blob	100644	718ab95c4bab0c885768f9004370e61998c0b599
mlir/test/lib/Tools/PDLL/lit.local.cfg	blob	100644	8ffccee1d6d792e7ea4209f2c1155f54142306e5
mlir/test/lib/Transforms/CMakeLists.txt	blob	100644	ddc0a779e8f6955f2872f93762fb6a20f1f8dfe8
mlir/test/lib/Transforms/TestCommutativityUtils.cpp	blob	100644	5ea35759bb7298656c662b43afda785439e36889
mlir/test/lib/Transforms/TestCompositePass.cpp	blob	100644	5c0d93cc0d64ec1e3dee805fd182fcac10d005c7
mlir/test/lib/Transforms/TestControlFlowSink.cpp	blob	100644	ad34b6c2ffdf8b852c5d12359595a5a6cc74ab04
mlir/test/lib/Transforms/TestDialectConversion.cpp	blob	100644	dc0538eddda28f8e25efd45f26021ab94b9e73f2
mlir/test/lib/Transforms/TestDialectConversion.pdll	blob	100644	a6cd21159d7d60cb8839733805c573b42b9562ec
mlir/test/lib/Transforms/TestInlining.cpp	blob	100644	ae904a92a5d68deeedc6cd46285c06d9dcc8b9b3
mlir/test/lib/Transforms/TestInliningCallback.cpp	blob	100644	2888c3cf3dda84e5a1f743738b9c372ba28a0ac6
mlir/test/lib/Transforms/TestMakeIsolatedFromAbove.cpp	blob	100644	f7bde79274e9166bd6e51de91daa60bd3766188e
mlir/test/lib/Transforms/TestSingleFold.cpp	blob	100644	e55f36aea0a7cdf202a4aa98cc8217516cca1fea
mlir/test/lib/Transforms/TestTransformsOps.cpp	blob	100644	8711c3aa99917eb31c783ef6db2c31fd32767c22
mlir/test/lib/Transforms/TestTransformsOps.td	blob	100644	bc53b233fdad50ae21a5026e6d424b01ae06f62b
mlir/test/lib/Transforms/lit.local.cfg	blob	100644	7f4d25f1ba025b1cae28d1427be2870afa41f921
mlir/test/lit.cfg.py	blob	100644	189c22adfe6b5a1cc93ab864efd72fdad4e689b7
mlir/test/lit.site.cfg.py.in	blob	100644	1874e6d3a0b166ff6fd704f0b108b91a22e58948
mlir/test/mlir-linalg-ods-gen/test-linalg-ods-yaml-gen.yaml	blob	100644	00c70705cbb354c18884836fca4fe8a633262865
mlir/test/mlir-lsp-server/code-action.test	blob	100644	69e7773784b708e819681126c2002ebedcaf120f
mlir/test/mlir-lsp-server/completion.test	blob	100644	5f3c939fc97a4e5c6a88d3540ad444f0443be1f3
mlir/test/mlir-lsp-server/definition-split-file.test	blob	100644	9e59c60b6481d790e10fba128bd001080719d0dd
mlir/test/mlir-lsp-server/definition.test	blob	100644	99f7c2b2c395372996ee12c416d22949f08ae4f1
mlir/test/mlir-lsp-server/diagnostics.test	blob	100644	25c57ba531f3be92c4ddc00bcf35838ad123ddb4
mlir/test/mlir-lsp-server/document-symbols.test	blob	100644	bf8ad99bdb1fe5eddd034890d4bbdfc4f155cd08
mlir/test/mlir-lsp-server/exit-eof.test	blob	100644	4fdc173bfe9ab5f67460db50b7280e75410c9e1b
mlir/test/mlir-lsp-server/exit-with-shutdown.test	blob	100644	3d0e92802753976ed3e9d2d6378ff72f10c65f89
mlir/test/mlir-lsp-server/exit-without-shutdown.test	blob	100644	be33097ef1031801289b35cd5a1facd59ec5d34c
mlir/test/mlir-lsp-server/hover.test	blob	100644	edca346b8c733bf1772b094bcef2db971684860d
mlir/test/mlir-lsp-server/initialize-params-invalid.test	blob	100644	5cf317661ae1db413b6a11aa1f9db00e5c072b06
mlir/test/mlir-lsp-server/initialize-params.test	blob	100644	4712c1f1fd73373e290b796cc71b7f84860939fc
mlir/test/mlir-lsp-server/references.test	blob	100644	a94d752ab9d2a66286272b611073534acdf390c2
mlir/test/mlir-lsp-server/rooturi_rel_path.test	blob	100644	14dc7c192ed9b1212df5649cc467109a930b6077
mlir/test/mlir-lsp-server/uri-based-registration.test	blob	100644	d6d06692a8d7a3057644d8392bf3e9fd3ce56760
mlir/test/mlir-opt/async.mlir	blob	100644	7f504f9c90fef2ec45f2e61d707621c47a6177dc
mlir/test/mlir-opt/commandline.mlir	blob	100644	fb344880598c335b5861ad699c9dfc04e740037c
mlir/test/mlir-opt/debugcounter-invalid-cl-options.mlir	blob	100644	ab66fedede6e809acf9c2954bdc6c0fa5a50e8d0
mlir/test/mlir-opt/debugcounter.mlir	blob	100644	e724699e705b32d6336ac8a39d15c5e38c34ae6f
mlir/test/mlir-opt/debuggerhook.mlir	blob	100644	54f1bf98d66dfe8ef07b4fec61d00416c0352b9a
mlir/test/mlir-opt/expected-unknown-loc-unmatched.mlir	blob	100644	5a06d386dabf8789c012883f220c2cdb19ba4e31
mlir/test/mlir-opt/local-reproducer-with-threading.mlir	blob	100644	8e94f4edb91bf45eb64f6dcd697954c6fcf83d19
mlir/test/mlir-opt/outputfile.mlir	blob	100644	cd7135e94524b0ba8c0bf79a0fb5d72cfa688ea9
mlir/test/mlir-opt/split-markers.mlir	blob	100644	f372654bcc8d3fc1e7b427795236f50c1013a10f
mlir/test/mlir-pdll-lsp-server/compilation_database.test	blob	100644	b861d7902c60edc8d610eaf8db92beed4134084a
mlir/test/mlir-pdll-lsp-server/completion.test	blob	100644	76c062e474081f2c838a6518da3abfc2081872e6
mlir/test/mlir-pdll-lsp-server/definition-split-file.test	blob	100644	93ca94c7b578fe65b5f88c1feb4a5f04da8a51b4
mlir/test/mlir-pdll-lsp-server/definition.test	blob	100644	d978737102c563efdaf884deac30ea42f86165d2
mlir/test/mlir-pdll-lsp-server/document-links.test	blob	100644	7e07d22afdde3618282bd7fde36e7ba3418c4c0c
mlir/test/mlir-pdll-lsp-server/document-symbols.test	blob	100644	a62d5c8428685ad8086d4837f79b79697aa3b82a
mlir/test/mlir-pdll-lsp-server/exit-eof.test	blob	100644	6681d803f4ce13e97526488c2e87a626bff9a384
mlir/test/mlir-pdll-lsp-server/exit-with-shutdown.test	blob	100644	792868f060e745361bc2b3b48ecf6fd3d4cc6ec8
mlir/test/mlir-pdll-lsp-server/exit-without-shutdown.test	blob	100644	fade79b9fb93f30e5fe89626ba642cbcaeb83141
mlir/test/mlir-pdll-lsp-server/hover.test	blob	100644	22673fed2bd9fc6a51bf59d281d6f863d4c29255
mlir/test/mlir-pdll-lsp-server/include/included.pdll	blob	100644	dee1df0d080ac8bb0aa0de5b3e65ecfc452f1b6c
mlir/test/mlir-pdll-lsp-server/include/included.td	blob	100644	21ab1b300f8694b4354ebd40579542f8a84c9ec0
mlir/test/mlir-pdll-lsp-server/initialize-params-invalid.test	blob	100644	941144e36d72449417bd7d2e8a38161f7cf08369
mlir/test/mlir-pdll-lsp-server/initialize-params.test	blob	100644	554cb0bd5edab8d47fd98425d758288e82810cc1
mlir/test/mlir-pdll-lsp-server/inlay-hints.test	blob	100644	13c6e202dfd3fd2d975077527cb0d3ed03c04bd1
mlir/test/mlir-pdll-lsp-server/lit.local.cfg	blob	100644	aa35dbfa8c01ffccaad153ed59207964e3a63554
mlir/test/mlir-pdll-lsp-server/references.test	blob	100644	a0125f0ad8ec3508df2b63ce203aa848949e3daf
mlir/test/mlir-pdll-lsp-server/signature-help.test	blob	100644	d7e88d40d370de36265d9a8bf72c7386106bbd3d
mlir/test/mlir-pdll-lsp-server/textdocument-didchange.test	blob	100644	7ef362a28dba586eda6cd2816bfb566ff28290a8
mlir/test/mlir-pdll-lsp-server/view-output.test	blob	100644	c45ac2ed810fed680763dc5e1481d1458b1b29b5
mlir/test/mlir-pdll/CodeGen/CPP/general.pdll	blob	100644	4be30d86dda351a49b10d38aa8216f149377ee0d
mlir/test/mlir-pdll/CodeGen/CPP/include/ods.td	blob	100644	3eb57a43849cf3448c38c1354fd7c13f2d95ac70
mlir/test/mlir-pdll/CodeGen/MLIR/decl.pdll	blob	100644	14098f55dfb9e70a9c6779c461938aeec9627770
mlir/test/mlir-pdll/CodeGen/MLIR/expr.pdll	blob	100644	948571cd7e5c81080f6754933f6a443456398738
mlir/test/mlir-pdll/CodeGen/MLIR/include/ops.td	blob	100644	588b290c45784a4b21e27385ac4deabc97561c8c
mlir/test/mlir-pdll/CodeGen/MLIR/stmt.pdll	blob	100644	0fc13caca83a2d1d1deb5dd823a39f14c3a1c029
mlir/test/mlir-pdll/Integration/test-pdll.mlir	blob	100644	f9adcf5347da8cf2e31eac0f95f8846c7809f3ab
mlir/test/mlir-pdll/Parser/constraint-failure.pdll	blob	100644	48747d3fa2e681ef88ab216bd8bfbfd4254d2a50
mlir/test/mlir-pdll/Parser/constraint.pdll	blob	100644	e2a52ff130cc8413360fda67626b28646ab878ac
mlir/test/mlir-pdll/Parser/dependency-file.pdll	blob	100644	d0bbc0c1c30910157caf84066664b536636b2fbb
mlir/test/mlir-pdll/Parser/directive-failure.pdll	blob	100644	14f8db8aa5e2e37a145027df7e5c0a863807429a
mlir/test/mlir-pdll/Parser/expr-failure.pdll	blob	100644	898fe8680a763f4053e2f959c846573590a2c988
mlir/test/mlir-pdll/Parser/expr.pdll	blob	100644	712e8835477aa178b2696320b0a535e2e9312398
mlir/test/mlir-pdll/Parser/include.pdll	blob	100644	bda56692d38396866f33c1ad0673a54704fae604
mlir/test/mlir-pdll/Parser/include/included.pdll	blob	100644	a47dba63bb7c57545d43d8ea6b08c6f3e77a2c52
mlir/test/mlir-pdll/Parser/include/interfaces.td	blob	100644	eea8783545f03c55b74eefce272ca0a3206f0919
mlir/test/mlir-pdll/Parser/include/ops.td	blob	100644	6463a9bab04252c13de7ec472589a3d393213395
mlir/test/mlir-pdll/Parser/include_td.pdll	blob	100644	f8d78dd339f23161c3e9738d95f45ce7812b3d66
mlir/test/mlir-pdll/Parser/pattern-failure.pdll	blob	100644	8b104128f5204f06fa34dadf7b0344ba47776233
mlir/test/mlir-pdll/Parser/pattern.pdll	blob	100644	f0b2046e4b1b84aae24d662d138beba4194e83f1
mlir/test/mlir-pdll/Parser/rewrite-failure.pdll	blob	100644	dd8843d8f85d35a060940504a4cba7daa318b0af
mlir/test/mlir-pdll/Parser/rewrite.pdll	blob	100644	7ef7478319d4b7ee4d77e5c96b6546b188dc0982
mlir/test/mlir-pdll/Parser/stmt-failure.pdll	blob	100644	aaf45a96033520ee500e1e64559402e605da5b0f
mlir/test/mlir-pdll/Parser/stmt.pdll	blob	100644	872301ce327240655fb93b6851b47b9c1ec17240
mlir/test/mlir-pdll/Parser/string-eof.pdll	blob	100644	5265d3383fe952bda9c8730c383e3a9835eb6e83
mlir/test/mlir-pdll/lit.local.cfg	blob	100644	4cb5622aaa761038cfca73d5590d9c60073a4fc3
mlir/test/mlir-pdll/split-markers.pdll	blob	100644	2b314538004fa1f362ee8004385350ed49d4b07a
mlir/test/mlir-query/backward-slice-union.mlir	blob	100644	f8f88c20437499a64bfa20b1eac99bfdcdbcaf8b
mlir/test/mlir-query/forward-slice-by-predicate.mlir	blob	100644	e11378da89d9f1b962d27fa7c88fe1c307124b3e
mlir/test/mlir-query/function-extraction.mlir	blob	100644	a783f65c6761bcfea302dc8804cccc56768b3058
mlir/test/mlir-query/logical-operator-test.mlir	blob	100644	ac05428287abd32e5f9b700591f1925aa21bc88d
mlir/test/mlir-query/simple-test.mlir	blob	100644	a4d006598767b3f38d208eae31293f29b6dc0f4b
mlir/test/mlir-query/slice-function-extraction.mlir	blob	100644	e55d5e77c57361e7a7d2ae12dbd6a60378412041
mlir/test/mlir-reduce/opt-reduction/cse-test.mlir	blob	100644	e212f7e1022a52fad94178c281067be89043c586
mlir/test/mlir-reduce/opt-reduction/dce-pipeline	blob	100644	92fc1ea2acc0310f8fa928f1815ca4d0bd16708b
mlir/test/mlir-reduce/opt-reduction/dce-test.mlir	blob	100644	93ce10ba651ad2cf2215ff5d93e64fa97eed762a
mlir/test/mlir-reduce/reduction-tree/doc-example.mlir	blob	100644	7f194025a7ef069c9de36fbab397fa31a2d11006
mlir/test/mlir-reduce/reduction-tree/invalid.mlir	blob	100644	7e973520a657ac75c9e3269732cf72352de72389
mlir/test/mlir-reduce/reduction-tree/reduction-tree.mlir	blob	100644	b235ca14d693a177c0820e5bfbf8e92160073d5b
mlir/test/mlir-reduce/reduction-tree/simple-test.mlir	blob	100644	c9c62fec282345e47e3519a8e35a7ac5474c4416
mlir/test/mlir-reduce/reduction-tree/single-function.mlir	blob	100644	2c1213a87702f5c4330b22235e9d01ae22be50ad
mlir/test/mlir-reduce/reduction-tree/trivially-dead.mlir	blob	100644	b75021226afd0d4e412232936ffc182ae2c94010
mlir/test/mlir-reduce/script/failure-test.sh	blob	100755	db6a4720d2d56d6ef316690e92163ca56f730eb2
mlir/test/mlir-reduce/script/false.sh	blob	100755	94d855ab1e58f52fe560d004b5dde5f1bbedf260
mlir/test/mlir-reduce/script/grep-select.sh	blob	100755	e906ab6f887de231f038fa9ba28507277f34b31c
mlir/test/mlir-reduce/script/trivially-dead.sh	blob	100755	3a973c12f0486b8452745195da058b18ceb8661f
mlir/test/mlir-reduce/script/true.sh	blob	100755	a21bf96f0fe7d364be139decbddaeececf9e4a4f
mlir/test/mlir-rewrite/simple.mlir	blob	100644	66f17f093f5094b0db18c25d5d55cefd135e27c9
mlir/test/mlir-runner/X86/lit.local.cfg	blob	100644	34dc4c71a8039bdd33891d88a23765f37b4902fa
mlir/test/mlir-runner/X86/math-polynomial-approx-avx2.mlir	blob	100644	16b363de4d6304d499a28efadb9ce4ae38e86566
mlir/test/mlir-runner/async-error.mlir	blob	100644	423ebe3a47a3f9e5b77d5310cbaf6e1bb0ec01ad
mlir/test/mlir-runner/async-func.mlir	blob	100644	d7bf92ad96551e28581735ef6530da23e03415c0
mlir/test/mlir-runner/async-group.mlir	blob	100644	761577f4837a77a08178db688990588712bc52fe
mlir/test/mlir-runner/async-value.mlir	blob	100644	ab81e5290b8be9ed40c8a4efeb49a3e4d0613ce9
mlir/test/mlir-runner/async.mlir	blob	100644	90ac948bacd9cec4db21fbd1760ae243b04bdd35
mlir/test/mlir-runner/bare-ptr-call-conv.mlir	blob	100644	fd6ef05fcc19d18539433ab697dceeb87bb22db1
mlir/test/mlir-runner/copy.mlir	blob	100644	ae8d7e611353a91ff2e73024b42137fc64dc011e
mlir/test/mlir-runner/expand-arith-ops.mlir	blob	100644	1db03db40e45b628655c47ddbbb00d8058893cfc
mlir/test/mlir-runner/global-constructors.mlir	blob	100644	6da09e7594863dfcce0d719941a0d995e14e5923
mlir/test/mlir-runner/global-memref.mlir	blob	100644	c8b9aff30c54b80ae65908abe54bc85f2f063ef1
mlir/test/mlir-runner/invalid.mlir	blob	100644	d3b784ef109d2dbe4eb7a4a94977015f8f2d8a40
mlir/test/mlir-runner/lit.local.cfg	blob	100644	3c20d203b800fb868b844b56b193c084d61174be
mlir/test/mlir-runner/math-polynomial-approx.mlir	blob	100644	5bde6b41c3f86aae0fe49aa7fa5758cb8dfd7d10
mlir/test/mlir-runner/memref-reinterpret-cast.mlir	blob	100644	42cea6e0bf497e0c795530c2e48398654a4ec868
mlir/test/mlir-runner/memref-reshape.mlir	blob	100644	df401173c4e60fb1ce91d65b0de0a2c14f3c1341
mlir/test/mlir-runner/sgemm-naive-codegen.mlir	blob	100644	7f062b4357d60c2814dde7a5ec7f02aba73f9981
mlir/test/mlir-runner/simple.mlir	blob	100644	44fe98f8d2bcbd4c8e4a2ea0397fadfd430837de
mlir/test/mlir-runner/test-expand-math-approx.mlir	blob	100644	06b3171a2349e73d86fb176efee19ba81eb1455a
mlir/test/mlir-runner/unranked-memref.mlir	blob	100644	bdf1b7b7fb8bc0062e2597c3e8787317aa30ef61
mlir/test/mlir-runner/utils.mlir	blob	100644	0682528821285e44f938e132f588897b6a595ce5
mlir/test/mlir-runner/verify-entry-point.mlir	blob	100644	c7165bd46302fdbd653a7f3c180e515d0366e1ee
mlir/test/mlir-runner/verify-flags.mlir	blob	100644	838af564e3caa599edc206101a4ca263455c45a2
mlir/test/mlir-runner/x86-varargs.mlir	blob	100644	668fbebfaed545e4338d51400215d461190d2670
mlir/test/mlir-tblgen/apint-param-error.td	blob	100644	602180790bbffb8eeea1fd107744d8840b9ad8aa
mlir/test/mlir-tblgen/attr-constraints.td	blob	100644	59bc5f25266035d94703636b666a5dafa0e8e03e
mlir/test/mlir-tblgen/attr-duplicated-builder-error.td	blob	100644	5f1c61a3a505dfb095462c38b015274f9f254bf1
mlir/test/mlir-tblgen/attr-duplicated-custom-builders-error.td	blob	100644	0e09f667c1ccd032ce34f17f8f3eeb395308f35f
mlir/test/mlir-tblgen/attr-or-type-builder-invalid.td	blob	100644	d16fcfc4cd09950c70b5d6b4a86842a52a52eb63
mlir/test/mlir-tblgen/attr-or-type-format-invalid.td	blob	100644	9a521a5053c0ff9f519e0897240f1413c2d6eb5f
mlir/test/mlir-tblgen/attr-or-type-format-roundtrip.mlir	blob	100644	e7545afa7e4ad3c9a6bbdc3146822ab767b733a6
mlir/test/mlir-tblgen/attr-or-type-format.mlir	blob	100644	907aad369a3444e1fe84b596b9a9777580203978
mlir/test/mlir-tblgen/attr-or-type-format.td	blob	100644	3a464592d038c521846ce466c9ce83357d46c474
mlir/test/mlir-tblgen/attrdefs.td	blob	100644	a809611fd0aec1497124c3ad5f358bd641a84d8e
mlir/test/mlir-tblgen/bytecode-reserved.td	blob	100644	5162a6b36317c72d0415aa97b7671774861f9add
mlir/test/mlir-tblgen/bytecode-write.td	blob	100644	ab5a3eea0f0f1075f259aa51da5d507786b5625a
mlir/test/mlir-tblgen/constant-str-attr-invalid.mlir	blob	100644	1d0e62d5dec094f119220e393445a632d9fb625e
mlir/test/mlir-tblgen/constraint-unique.td	blob	100644	55d6a56e3fc80ca789ca43beaf5a2b91be07bb3e
mlir/test/mlir-tblgen/cpp-class-comments.td	blob	100644	0d3445d6647af523364c18bcfca289a0ce08d4e2
mlir/test/mlir-tblgen/default-type-attr-print-parser.td	blob	100644	c0eedb879bcda44f0cf81a5e6caaf96301266c42
mlir/test/mlir-tblgen/deprecation-transitive.td	blob	100644	2c496ec4b0bc3b5ddebed69bc2d6897f072f6b3f
mlir/test/mlir-tblgen/deprecation.td	blob	100644	b6e6d6548f7a50795c840feacf8ab67b01c3a57e
mlir/test/mlir-tblgen/dialect-interface.td	blob	100644	5e41fdedfa76139b66546fa2ac7b244ae2bec702
mlir/test/mlir-tblgen/dialect.td	blob	100644	9b454959a1da98cf313bb1e13f8de309a0615ad0
mlir/test/mlir-tblgen/directive-common.td	blob	100644	78747b82f1f4aa135a902352cad9f0705155a4e0
mlir/test/mlir-tblgen/enums-gen-empty.td	blob	100644	88777d0e112e94288583719f859dceeadf0a0c8e
mlir/test/mlir-tblgen/enums-gen.td	blob	100644	cf66ad46ad24b0861ebfd35501b1d1a87872d396
mlir/test/mlir-tblgen/enums-python-bindings.td	blob	100644	74b9f51b0c2d68a26388856216b62f0658221b68
mlir/test/mlir-tblgen/expect-symbol.td	blob	100644	23407311165ac018a3d8b134f97d15655a9df377
mlir/test/mlir-tblgen/gen-dialect-doc.td	blob	100644	b279b518b85a9fadcbca0f13d21201eaf9f7b93e
mlir/test/mlir-tblgen/gen-op-doc.td	blob	100644	61b62b9bf8362f50d45bd3b0fefeb529a0987f68
mlir/test/mlir-tblgen/gen-pass-doc.td	blob	100644	fd8e9cccb5fb532887d109fc8ee233bd8680d337
mlir/test/mlir-tblgen/interface-method-arg-error.td	blob	100644	5bbaa93c1227fade114f43c8f3ea4b15589e05f5
mlir/test/mlir-tblgen/interfaces-as-constraints.td	blob	100644	b0438c2dfffe1edd51b2217e74ee51de9d11d0a2
mlir/test/mlir-tblgen/interfaces.mlir	blob	100644	b5d694f75734c0b888d7970dcaba2b12f466120f
mlir/test/mlir-tblgen/llvm-intrinsics.td	blob	100644	ed2fcf192079741fc2cd71383f90842a1476068d
mlir/test/mlir-tblgen/method-body-with-only-spaces.td	blob	100644	daa0067e062d52c3b9adf401cf2dc4910d911721
mlir/test/mlir-tblgen/op-attribute.td	blob	100644	cfdaaebb9e91ef94988a73b091efa3a98592c465
mlir/test/mlir-tblgen/op-decl-and-defs.td	blob	100644	e92b4044668c176ea6f8cb8dd3f4c2e647c67243
mlir/test/mlir-tblgen/op-default-builder.td	blob	100644	9881f925a1922069208adf0fa936a518daa9c045
mlir/test/mlir-tblgen/op-derived-attribute.mlir	blob	100644	2b0e6ed4994b6d9203b7c13f2dc2b17ddc5fa8c7
mlir/test/mlir-tblgen/op-error.td	blob	100644	a2eab1f08df28ce0c3689941d7957811c9819dc5
mlir/test/mlir-tblgen/op-format-invalid.td	blob	100644	59446bb9d7019602389a9dacacda643e0aff34d5
mlir/test/mlir-tblgen/op-format-spec.td	blob	100644	0ad6d0959809dfd7f11fda613818a3cd65a1959e
mlir/test/mlir-tblgen/op-format-verify.td	blob	100644	a5dbd877860400d67e99b1addb1f1b795245ee28
mlir/test/mlir-tblgen/op-format.mlir	blob	100644	5f44e5cffe675c7208bf74dbc433df0f3b023b8a
mlir/test/mlir-tblgen/op-format.td	blob	100644	eea574888aee550cb1f6cb2ef73b33abccd1e8da
mlir/test/mlir-tblgen/op-interface.td	blob	100644	aa71baddf58cded69c0ca279c672dc7c15774399
mlir/test/mlir-tblgen/op-operand.td	blob	100644	ab8d721ed54272ed047c51801e4d8827111fa973
mlir/test/mlir-tblgen/op-properties-predicates.td	blob	100644	dd3f4db7a72c36da943056f55276893182015413
mlir/test/mlir-tblgen/op-properties.td	blob	100644	cb9bd3dc868feadea5df4db1772650f7b0486b58
mlir/test/mlir-tblgen/op-python-bindings.td	blob	100644	f566290915dde082d638834546e5c6f967a802a8
mlir/test/mlir-tblgen/op-result.td	blob	100644	ddc1ef077d31c8b889826303eae487aeeaae950e
mlir/test/mlir-tblgen/op-side-effects.td	blob	100644	ca24c7f9cf520ff77c214f87da9c673222f14ae4
mlir/test/mlir-tblgen/openmp-clause-ops.td	blob	100644	3e5896a00182be749c261e6c3bff552062b3e580
mlir/test/mlir-tblgen/openmp-ops-verify.td	blob	100644	dc8bc4bdbe2e785b75161b874ba8c61d34c77594
mlir/test/mlir-tblgen/openmp-ops.td	blob	100644	1e841a15ebfc0895816069c78db9d042136b484b
mlir/test/mlir-tblgen/pattern.mlir	blob	100644	ffb78c28412cecba695f65881f89124ba901c0a6
mlir/test/mlir-tblgen/predicate.td	blob	100644	ae436885b421f0445688ef5029dffd308ab9fcd8
mlir/test/mlir-tblgen/return-types.mlir	blob	100644	24555034d26771e56a1d2bfd724fc38d8a53919f
mlir/test/mlir-tblgen/rewriter-attributes-properties.td	blob	100644	23ab24e7761611d5f90d21761320ce203aae7faa
mlir/test/mlir-tblgen/rewriter-errors.td	blob	100644	0b6d8c3fec613439a8adfeb4271a7ab703eeaa54
mlir/test/mlir-tblgen/rewriter-indexing.td	blob	100644	9bb6103584f23ecbd34849a8ae855a2cbb624b28
mlir/test/mlir-tblgen/rewriter-static-matcher.td	blob	100644	99a15921dab2e063c8409c76925497f647da62c8
mlir/test/mlir-tblgen/shard-op-defs.td	blob	100644	84ac6b0fbe9ebeea1cb4fba221bb0f8666f3c372
mlir/test/mlir-tblgen/testdialect-attrdefs.mlir	blob	100644	dca46a30e37f12599672ccd66c10602fdd933501
mlir/test/mlir-tblgen/testdialect-typedefs.mlir	blob	100644	c00d368fdab8ba8728c8b992c36426af39711b20
mlir/test/mlir-tblgen/trait.mlir	blob	100644	97279c374f7e3b95c875366352e82c37d1685d5e
mlir/test/mlir-tblgen/type-constraints.td	blob	100644	7ce806530777164cae74053ca1d57fe4ea198d87
mlir/test/mlir-tblgen/typedefs.td	blob	100644	b9e3a7954e361d609dd515778e5cb5626f1af4df
mlir/test/mlir-tblgen/types.mlir	blob	100644	30aea48e3e369a100bb35d8da0519d489e6f982d
mlir/test/mlir-tblgen/utils.td	blob	100644	28e0fecb2881bdd31ec07493a635e3391c6c6e39
mlir/test/mlir-translate/commandline.mlir	blob	100644	e55e7346cf48d790379e26b3049652ba2ba31b9c
mlir/test/mlir-translate/export-timing.mlir	blob	100644	f10cfb9bd815ba2d5f8e6b54cee1447cad5c8424
mlir/test/mlir-translate/import-diagnostics.ll	blob	100644	a945621c6acba842650c900050f84cd2e01eeb10
mlir/test/mlir-translate/import-timing.ll	blob	100644	60a21d4af54aa54a9f013994f29c06b703347df8
mlir/test/mlir-translate/split-markers.mlir	blob	100644	cf950eb12ec5a46bc40b8966c8ebf539a9cdb9c2
mlir/test/mlir-translate/unregistered-dialects.mlir	blob	100644	ac275ce6fec4e4859e6ce9c2ac7ee87fe5efd227
mlir/test/mlir-translate/verify-only-expected.mlir	blob	100644	0efeaa84a3f4f110d3d99970fec8dc256b1e5b0d
mlir/test/python/CMakeLists.txt	blob	100644	c81f75fc6a1af4e21222f176fb41bb1bdc734251
mlir/test/python/context_shutdown.py	blob	100644	cb7b12cd5a4d69cb1ccfb9788cca582407275a16
mlir/test/python/develoment_files.py	blob	100644	4dc3a0b700b1febeb351b020390ccb5a7f4cf449
mlir/test/python/dialects/affine.py	blob	100644	1b1655692f15c41a7e84dd60a1076ba6a1cc57b7
mlir/test/python/dialects/amdgpu.py	blob	100644	10415ec1e842ae071b11835d5638f8cfb88df8b3
mlir/test/python/dialects/arith_dialect.py	blob	100644	a4cfb302402313eca9e139d1251105885e1e4ead
mlir/test/python/dialects/arith_llvm.py	blob	100644	5645330f3174ec781a11584e46cca2b39174fa71
mlir/test/python/dialects/async_dialect.py	blob	100644	13e3c42e57c21eefe1fd082a6e92ec52b7b8b9d3
mlir/test/python/dialects/builtin.py	blob	100644	52ada96ee46f92335d9b3b220a9724bdf58a5594
mlir/test/python/dialects/cf.py	blob	100644	469e74d44a7dae7873b998a8c85d0f498f48c2e4
mlir/test/python/dialects/complex_dialect.py	blob	100644	afad21757bc3c2e2f60fd772aa2b1bdbdfa47840
mlir/test/python/dialects/emitc_dialect.py	blob	100644	0c42c2d4084f194e63ced4235ad3b34b869075a7
mlir/test/python/dialects/ext.py	blob	100644	6e83da4a4a78aa5d92a205363231227b8fb90c95
mlir/test/python/dialects/func.py	blob	100644	3c56bd993aec46fe585f09a36d18cc61e637c4ce
mlir/test/python/dialects/gpu/dialect.py	blob	100644	0956805b274853cec08aa64360dcbf939430bd86
mlir/test/python/dialects/gpu/module-to-binary-nvvm.py	blob	100644	96e3f6efcc5d3c6d51e663d442043765612df318
mlir/test/python/dialects/gpu/module-to-binary-rocdl.py	blob	100644	f5ee2856f39502d5df5fc872db279f375b2b18b4
mlir/test/python/dialects/index_dialect.py	blob	100644	8da6a262cc441e0b60cbd2f86ee546f24556b988
mlir/test/python/dialects/irdl.py	blob	100644	fce5ad212e3749be36c8a903befab6fa826e4581
mlir/test/python/dialects/linalg/opdsl/arguments.py	blob	100644	7892d020d9067c5b00c5c960f3f966d54243fa89
mlir/test/python/dialects/linalg/opdsl/assignments.py	blob	100644	ad0a3eac5913e500a96f1df680e5c75f569e9356
mlir/test/python/dialects/linalg/opdsl/doctests.py	blob	100644	d2f9cec19d5708baff2c8964d107ec7ecef2c832
mlir/test/python/dialects/linalg/opdsl/emit_convolution.py	blob	100644	d666d313767b9d9b917fb4641ff9c3ded05d1fbb
mlir/test/python/dialects/linalg/opdsl/emit_fill.py	blob	100644	ffef737755e858e1212e39af6a6a2d058949d9f8
mlir/test/python/dialects/linalg/opdsl/emit_matmul.py	blob	100644	64df4e1276222f8fc9603677da934a60c89c5d6e
mlir/test/python/dialects/linalg/opdsl/emit_misc.py	blob	100644	f8e034fb0e48b318751279509050e6d2a86c500a
mlir/test/python/dialects/linalg/opdsl/emit_pooling.py	blob	100644	0df87de6393d8b0f6ed97c7ae4f1e7a883e60b51
mlir/test/python/dialects/linalg/opdsl/lit.local.cfg	blob	100644	18d2d458ed790000a50495f49623e52a9ba8e4c6
mlir/test/python/dialects/linalg/opdsl/metadata.py	blob	100644	9c940e1060cabe105ab5904a1bcbfd3138a5a343
mlir/test/python/dialects/linalg/opdsl/shape_maps_iteration.py	blob	100644	4f3569b7974d8955927e2d3e5c61c0516e780357
mlir/test/python/dialects/linalg/opdsl/test_core_named_ops.py	blob	100644	bc273bfa06f86245ffbd944925f07021fb03216a
mlir/test/python/dialects/linalg/ops.py	blob	100644	68b32098b7782eb1eec29c5799a11f58a70cc9cb
mlir/test/python/dialects/linalg/utils.py	blob	100644	e91b2408e1382e601f74c6a63eefc9f3e6b496ec
mlir/test/python/dialects/llvm.py	blob	100644	d63fea70d4259e3cc268995a57dbcd84f05c07ac
mlir/test/python/dialects/math_dialect.py	blob	100644	3d402c54a11e3676e2bf03d77c0f010f8cc2027a
mlir/test/python/dialects/memory_effects_op_interface.py	blob	100644	dc3b744aae2d7d9cbcf6502783c9d61572da40a9
mlir/test/python/dialects/memref.py	blob	100644	b91fdc367cf301629440a7b0364c649057933015
mlir/test/python/dialects/ml_program.py	blob	100644	edffcfbf0138d3790697c04d1445f32b53ebc448
mlir/test/python/dialects/nvgpu.py	blob	100644	6df32bdd3c27394af39c4a89da0fc86689ba9f52
mlir/test/python/dialects/nvvm.py	blob	100644	3d705f752f95807c66a31e2a661bb379277e72cc
mlir/test/python/dialects/ods_helpers.py	blob	100644	6f02153e08db5ef4c7ebc949e5c96895f63d3d22
mlir/test/python/dialects/openacc.py	blob	100644	8f2142a74c7a1f6597af713af9a66df59db4614d
mlir/test/python/dialects/openmp_ops.py	blob	100644	d1368535234022189a0134568b4c40a0616767e1
mlir/test/python/dialects/pdl_ops.py	blob	100644	95cb25c14873dbac0ea71c428a969dec80d900b6
mlir/test/python/dialects/pdl_types.py	blob	100644	58c9e74e95bffa2f5c7a43f868b8519d035d9872
mlir/test/python/dialects/python_test.py	blob	100644	655862f957771e097723863adca3f6dadf5646c8
mlir/test/python/dialects/quant.py	blob	100644	abccfc488780a487f3fe372ac4793c1678eb658c
mlir/test/python/dialects/rocdl.py	blob	100644	ed83504f3ac5c11c02f2010ed41f7a1a4364ef6a
mlir/test/python/dialects/scf.py	blob	100644	e53a299d1f869ac7f1f4a9af45ea742f3ad64e2b
mlir/test/python/dialects/shape.py	blob	100644	ad755852f5d37df1f405790f2b277386a0231d22
mlir/test/python/dialects/shard.py	blob	100644	c3ba60529634541f9ec8b51264a605e5ca7840e0
mlir/test/python/dialects/smt.py	blob	100644	6f0cd8835b65b96cc231184df265adc832b0e6a8
mlir/test/python/dialects/sparse_tensor/dialect.py	blob	100644	c72a69830a1e8eda2d5dfc3a72bc81b7fdd364c5
mlir/test/python/dialects/sparse_tensor/passes.py	blob	100644	c37c5207ebd9f8784ac8e09e736b327f5073958c
mlir/test/python/dialects/spirv_dialect.py	blob	100644	d5b9e6cedb5d31ad1214b5710002550270315f54
mlir/test/python/dialects/tensor.py	blob	100644	ca9066b239111ba1575d487d257601bd8df0dd63
mlir/test/python/dialects/tosa.py	blob	100644	29f63e030ee23de6f17b6a7d8d63974ddc92b130
mlir/test/python/dialects/transform.py	blob	100644	dfcc890b83ffca3bc20988a432da575e7be388df
mlir/test/python/dialects/transform_bufferization_ext.py	blob	100644	03b16c324a4075891ef329ac0c8d54c42fa21c65
mlir/test/python/dialects/transform_debug_ext.py	blob	100644	2dfdaed343865a49dc93a3aaa254fd324e9892c3
mlir/test/python/dialects/transform_extras.py	blob	100644	ea47f170cb632122cd381d92527c4395f2614822
mlir/test/python/dialects/transform_gpu_ext.py	blob	100644	17f5a6d38f8c1a4079aae8422fc079e419533161
mlir/test/python/dialects/transform_interpreter.py	blob	100644	491afb3f8bd5a81a2119d33e861f93160ad3b003
mlir/test/python/dialects/transform_loop_ext.py	blob	100644	430b33fba04c7129ed7063bfa7b3473c7a701673
mlir/test/python/dialects/transform_memref_ext.py	blob	100644	e7d871c9eac8c7f39a31f58f09d58921474219f6
mlir/test/python/dialects/transform_nvgpu_ext.py	blob	100644	1de8b25bab7a5c66bdb6497f7a5ce3cbbb9737a9
mlir/test/python/dialects/transform_op_interface.py	blob	100644	811dd0a9149fb88f5429a871dc1861b9740a5332
mlir/test/python/dialects/transform_pattern_descriptor_op_interface.py	blob	100644	e194547fdc33a3fd9d84c5d90797af85e0d3dca9
mlir/test/python/dialects/transform_smt_ext.py	blob	100644	11d5adb029eeb1e14a8368fba34e031c84bd8411
mlir/test/python/dialects/transform_sparse_tensor_ext.py	blob	100644	e11cc6bf1e074269dfc745082044c910180faa69
mlir/test/python/dialects/transform_structured_ext.py	blob	100644	fcede61100e00c9ea9be65ab7926f3cad90d2291
mlir/test/python/dialects/transform_tensor_ext.py	blob	100644	a2e7aa242b9da69e54254f84c37459a53a2b997b
mlir/test/python/dialects/transform_tune_ext.py	blob	100644	eb2a083211ef7aee82ef1796466c40eaad35374d
mlir/test/python/dialects/transform_vector_ext.py	blob	100644	a3c53a45048b242abe6d6cd5f8d851bc4e3c0b3a
mlir/test/python/dialects/transform_x86_ext.py	blob	100644	b4034f02dc0b9eaeb002105d1f058be0bb0f1c34
mlir/test/python/dialects/transform_xegpu_ext.py	blob	100644	5d5db1919af1496ec513ff71dbd0ce8f11792029
mlir/test/python/dialects/ub.py	blob	100644	cbbd49d2ec6cc4b41d11e8f5cded05ef5c3f3a84
mlir/test/python/dialects/vector.py	blob	100644	77eaf94a830d9628e87c9dcdfe648d48c5a7453e
mlir/test/python/dialects/x86.py	blob	100644	9e528e57421c72d8890582ac3a0e353baf94eca7
mlir/test/python/execution_engine.py	blob	100644	858ee089042adfc44f74bc2d47fc07587ad13474
mlir/test/python/global_constructors.py	blob	100644	5020c00344a339d60e59f11bc900f85852702ce2
mlir/test/python/integration/dialects/bf.py	blob	100644	23632b7f4b9c9a4e29b121cb3a9fcd6c71e74fa9
mlir/test/python/integration/dialects/linalg/opsrun.py	blob	100644	8eff573f98ad3a543c78d9040c8f2198788177f2
mlir/test/python/integration/dialects/pdl.py	blob	100644	6a377a090fbb9d25a64194adb9f35152b2cbfe8a
mlir/test/python/integration/dialects/transform.py	blob	100644	303274a8f882878831856baa576e51adeb0a3563
mlir/test/python/integration/lit.local.cfg	blob	100644	837d1b7c898d630d072a95ecf430fdcb0e61befc
mlir/test/python/ir/affine_expr.py	blob	100644	cf1d5258333d71cadc0e4916bf3957f5d497d7e7
mlir/test/python/ir/affine_map.py	blob	100644	672335e9bf8a7a5263070e4c0bde169e0b5ca357
mlir/test/python/ir/array_attributes.py	blob	100644	9b4249b0c686b4dc95f88aa2ee351de5079a18f1
mlir/test/python/ir/attributes.py	blob	100644	3ba3788023293ee3ab61a2a1cb802b5ba03d78ce
mlir/test/python/ir/auto_location.py	blob	100644	3af20739b0c46bc0a81a8e03a3c93b1b83c950bb
mlir/test/python/ir/auto_location_stable_abi.py	blob	100644	a55b9ffe68c0f0165aacc495ca678e655721db35
mlir/test/python/ir/blocks.py	blob	100644	1e6ecea310f198879f5a967c4d16d7ad36a1317f
mlir/test/python/ir/builtin_types.py	blob	100644	acfcc6eaa9bcd1ff4fff557fd22c95dc605bcd5c
mlir/test/python/ir/context_lifecycle.py	blob	100644	230db8277c8e7802390d205da68522303fc8ae18
mlir/test/python/ir/context_managers.py	blob	100644	5d9f9ceee97f3b849a5c22038b203ed575dd3085
mlir/test/python/ir/custom_dialect/__init__.py	blob	100644	e69de29bb2d1d6434b8b29ae775ad8c2e48c5391
mlir/test/python/ir/custom_dialect/custom.py	blob	100644	388368ca6fe6bcd87e06b0a0fa1610976381ada1
mlir/test/python/ir/custom_dialect/lit.local.cfg	blob	100644	26ea63660d6a3bf338efcbcebadc2b337aa48cea
mlir/test/python/ir/debug.py	blob	100644	629a710e68585d91416c4c3066ca9c5b68c2a491
mlir/test/python/ir/diagnostic_handler.py	blob	100644	6d273e5092e42883cf6378f60e5f9ed6b1c0b084
mlir/test/python/ir/dialects.py	blob	100644	5a2ed684d298b3dc4db0f937d852887ca053dac7
mlir/test/python/ir/exception.py	blob	100644	74085cd349643b575fb769495a185b1156b11e82
mlir/test/python/ir/insertion_point.py	blob	100644	f48beb25f04b277ec6bead6c526988c824a5409f
mlir/test/python/ir/integer_set.py	blob	100644	9fe0480c33a2aefde774903240e8f2422bd1163c
mlir/test/python/ir/location.py	blob	100644	3a9d98e1f7214555a750ed509f6ad7f56b708681
mlir/test/python/ir/module.py	blob	100644	33959bea9ffb6ce7dd2b2beb5de658dd711cbe72
mlir/test/python/ir/operation.py	blob	100644	9f1ad01cbcc8805ba2ebeafd1b3b4c2c2e4f6e5e
mlir/test/python/ir/symbol_table.py	blob	100644	99d5fadfea10a914ace43e359f24f83457919866
mlir/test/python/ir/value.py	blob	100644	7761c2eb4a424e17767d39c5179b71085a05a941
mlir/test/python/lib/CMakeLists.txt	blob	100644	f51a7b44e64dd1fcf356fef051c3f91fdd231f40
mlir/test/python/lib/PythonTestCAPI.cpp	blob	100644	ee6a5ae2d9c3d4dda012e5add9ebd4b38f6e5a96
mlir/test/python/lib/PythonTestCAPI.h	blob	100644	5ffd0cbf6201ebd587880d5521cb08d386bb2726
mlir/test/python/lib/PythonTestDialect.cpp	blob	100644	a0ff31504c6918bbde52e225426f896fcfc6f6d7
mlir/test/python/lib/PythonTestDialect.h	blob	100644	889365e1136b4e3d4a87d86031000889b5a7511e
mlir/test/python/lib/PythonTestModuleNanobind.cpp	blob	100644	36fc7b433752d15fc5624a75a16ea96d9160f172
mlir/test/python/lit.local.cfg	blob	100644	12d6e1f22744a25f0e68e72fd45d70b9c14513a3
mlir/test/python/live_operations.py	blob	100644	892ed1715f6c734d6ff98f0cb2d490f856909b2c
mlir/test/python/multithreaded_tests.py	blob	100644	6e1a66834687291e94eb7c164fe187c66511e929
mlir/test/python/pass_manager.py	blob	100644	39b57d321033a988d8b62d64b6a637592a5d52b6
mlir/test/python/python_pass.py	blob	100644	50c42102f66d33c585c3c8b21621c10319526fe8
mlir/test/python/python_test_ops.td	blob	100644	96e951424ca5120543d28d7ea546a6dd2bc705ed
mlir/test/python/rewrite.py	blob	100644	1cd3e70d3dfce67ed15fdf02e1b05d2e16651d2b
mlir/test/tblgen-lsp-server/compilation_database.test	blob	100644	d1a9412af61c7d958507eb6dbf22c65e476bff1c
mlir/test/tblgen-lsp-server/definition.test	blob	100644	e05e8d6196833f15be282958945302c93a3a0479
mlir/test/tblgen-lsp-server/diagnostics.test	blob	100644	792acb6e382d00ec30405d73c828733e5cf9fa62
mlir/test/tblgen-lsp-server/document-links.test	blob	100644	1dc0e0c0fa55ede2b3b31b178795cd7f55a7e43b
mlir/test/tblgen-lsp-server/exit-eof.test	blob	100644	a3e1e667dd74bd7c12b4fcab7b06528298ad0bd9
mlir/test/tblgen-lsp-server/exit-with-shutdown.test	blob	100644	f4295afe38232d0cc079bb1a3d97afe638248e35
mlir/test/tblgen-lsp-server/exit-without-shutdown.test	blob	100644	3fcac2b4138b28d8611c3db1bc027bc269e35bba
mlir/test/tblgen-lsp-server/hover.test	blob	100644	4e3c9a6b46eda0f7e4bf0c501b746d69a11fe8f9
mlir/test/tblgen-lsp-server/include/included.td	blob	100644	b5b0b93592fca2bd8881064a522aab7f3bcf9cdf
mlir/test/tblgen-lsp-server/initialize-params-invalid.test	blob	100644	bb53a7afea5f32f305b989ea6929cac250d2c0cc
mlir/test/tblgen-lsp-server/initialize-params.test	blob	100644	4623f2b87e062b92eaf7fff27848f7288be8365e
mlir/test/tblgen-lsp-server/lit.local.cfg	blob	100644	aa35dbfa8c01ffccaad153ed59207964e3a63554
mlir/test/tblgen-lsp-server/references.test	blob	100644	55aa96e8ed8b931dbc683458a0e05e7e324df861
mlir/test/tblgen-lsp-server/templ-arg-check.test	blob	100644	cda9b79a1f4633772d4a8d766e365ebe3be64c6a
mlir/test/tblgen-lsp-server/textdocument-didchange.test	blob	100644	06e22977bc8fca23921c35ab795e04e5339a51d3
mlir/test/tblgen-to-irdl/CMathDialect.td	blob	100644	3ed700c49741037814d0ba99b69b58e92802adfc
mlir/test/tblgen-to-irdl/TestDialect.td	blob	100644	4ab1750e30fb4d6f9b890988a72a387cd4b546d0
mlir/tools/CMakeLists.txt	blob	100644	a9d0eb106f18a870b8021679b10b2848dcf729b4
mlir/tools/mlir-irdl-to-cpp/CMakeLists.txt	blob	100644	5b69b364c6b32a15d2cf8a900e84be64edd25577
mlir/tools/mlir-irdl-to-cpp/mlir-irdl-to-cpp.cpp	blob	100644	4a512bd90874b1806fd216e8dc0bae3650d7c47e
mlir/tools/mlir-linalg-ods-gen/CMakeLists.txt	blob	100644	ef5ce8882ec76f15ebbfc8f20be7bdb6b4956c8f
mlir/tools/mlir-linalg-ods-gen/mlir-linalg-ods-yaml-gen.cpp	blob	100644	67dbab8ca79f9a17545dababcff6db4686c55f0d
mlir/tools/mlir-linalg-ods-gen/update_core_linalg_named_ops.sh.in	blob	100755	0bb6a209b6c18d7b55acd744316e3017b3af9dc3
mlir/tools/mlir-lsp-server/CMakeLists.txt	blob	100644	0518620699ae0389259123f0ab1be78a5fa8d50a
mlir/tools/mlir-lsp-server/mlir-lsp-server.cpp	blob	100644	712237bbbbca6bbdafcefdef5fb630094f4365b1
mlir/tools/mlir-opt/CMakeLists.txt	blob	100644	c607ccfa80e3ce00aabcfa6a0ce0b5abd8715ec9
mlir/tools/mlir-opt/mlir-opt.cpp	blob	100644	47dffb1b2d28bc1af0d8d61f17b937b93065a4a8
mlir/tools/mlir-parser-fuzzer/CMakeLists.txt	blob	100644	ea1d4aabf3d942e998dcefa28ec9845b9549f4a2
mlir/tools/mlir-parser-fuzzer/bytecode/CMakeLists.txt	blob	100644	e17b1588519898f46ab016e2a0b50558e12c306d
mlir/tools/mlir-parser-fuzzer/bytecode/DummyParserFuzzer.cpp	blob	100644	7d99f41a96c19dbb24c86038487715c22145e05f
mlir/tools/mlir-parser-fuzzer/bytecode/mlir-bytecode-parser-fuzzer.cpp	blob	100644	bb06c64d7215acc006c82fac5494785081c4d718
mlir/tools/mlir-parser-fuzzer/text/CMakeLists.txt	blob	100644	b4a2bacc0ee0be792bdc90f911f033e9750c4916
mlir/tools/mlir-parser-fuzzer/text/DummyParserFuzzer.cpp	blob	100644	7d99f41a96c19dbb24c86038487715c22145e05f
mlir/tools/mlir-parser-fuzzer/text/mlir-text-parser-fuzzer.cpp	blob	100644	faa578bc1fde899dcd55e86ec42ccea030bda056
mlir/tools/mlir-pdll-lsp-server/CMakeLists.txt	blob	100644	4dfcd13a65857e45112635b59578adc92604aec0
mlir/tools/mlir-pdll-lsp-server/mlir-pdll-lsp-server.cpp	blob	100644	ffda7c8a194a8d676acd8a6b25aae86718da9d9e
mlir/tools/mlir-pdll/CMakeLists.txt	blob	100644	35b8870a1b1a6c20e80b7e7b6b89107b0a041faa
mlir/tools/mlir-pdll/mlir-pdll.cpp	blob	100644	76122a0411513969311e7d34ca06ac01b41b8696
mlir/tools/mlir-query/CMakeLists.txt	blob	100644	1668bbac23d166ced061ef3043ef88959ea8d68f
mlir/tools/mlir-query/mlir-query.cpp	blob	100644	8a17a33c6183863dd3b979b2d716400bc2a97b87
mlir/tools/mlir-reduce/CMakeLists.txt	blob	100644	349d75b84df0e7bb16d0eb564160d79c1e2357b4
mlir/tools/mlir-reduce/mlir-reduce.cpp	blob	100644	44b21b805e8c3e2255de3278ced6033da3f631b1
mlir/tools/mlir-rewrite/CMakeLists.txt	blob	100644	4120b175da306cb9a094805c530bc6f08de9c7f5
mlir/tools/mlir-rewrite/mlir-rewrite.cpp	blob	100644	795766f933ddcdfcb5d755b2b93861e58147952a
mlir/tools/mlir-runner/CMakeLists.txt	blob	100644	2f34c3403261037de48f20c4b298e62ed0f0c875
mlir/tools/mlir-runner/mlir-runner.cpp	blob	100644	44ad660e346faedf082f3ec563bb2869e1300c91
mlir/tools/mlir-shlib/CMakeLists.txt	blob	100644	a33c70c5807bea99a5f6c76e10d9128b07e88152
mlir/tools/mlir-shlib/mlir-shlib.cpp	blob	100644	0093622e6a14375fdbfa8ba91989d38d32ab6f5a
mlir/tools/mlir-src-sharder/CMakeLists.txt	blob	100644	b5d90cfe238ed3864949b3abe6bf232565196f9d
mlir/tools/mlir-src-sharder/mlir-src-sharder.cpp	blob	100644	9ec9b7215020767e08e7dc9330fc026040fb8565
mlir/tools/mlir-tblgen/AttrOrTypeDefGen.cpp	blob	100644	64f35e7fef6d34abad965e8bba6d985178be3be2
mlir/tools/mlir-tblgen/AttrOrTypeFormatGen.cpp	blob	100644	d8778c6f59d287b3f5f2b391c912199c92f06096
mlir/tools/mlir-tblgen/AttrOrTypeFormatGen.h	blob	100644	d4711532a79bb30ab58b93a3cc86a426c1419b8f
mlir/tools/mlir-tblgen/BytecodeDialectGen.cpp	blob	100644	031fe6cc94eb275f0ae936a37fbf02f03c923e97
mlir/tools/mlir-tblgen/CMakeLists.txt	blob	100644	936c84ef58b2b13f9e2b61c61c249256bc50fa82
mlir/tools/mlir-tblgen/CppGenUtilities.cpp	blob	100644	6c05d5336224db99f15efed677799c4099d02023
mlir/tools/mlir-tblgen/CppGenUtilities.h	blob	100644	69d8cd85ecf70b4cf346c83fe96d137b7ed0c126
mlir/tools/mlir-tblgen/DialectGen.cpp	blob	100644	8eecad39f49f3e84e7e5ea12394b47add898f0ee
mlir/tools/mlir-tblgen/DialectGenUtilities.h	blob	100644	979a9d67b404703b6fe83f9862484c422b233f7b
mlir/tools/mlir-tblgen/DialectInterfacesGen.cpp	blob	100644	e695b8c7618956ed752551131a1346fdba941876
mlir/tools/mlir-tblgen/DirectiveCommonGen.cpp	blob	100644	09e1bdafe7bc9891a2ffff456c916e228f401e22
mlir/tools/mlir-tblgen/DocGenUtilities.h	blob	100644	dd1dbbe243911fe0a3648cec256edecb5fb57557
mlir/tools/mlir-tblgen/EnumPythonBindingGen.cpp	blob	100644	6cef09d9958c7a3a60af113749b97e5d87ecff5d
mlir/tools/mlir-tblgen/EnumsGen.cpp	blob	100644	4b90082176dc08377394a9509b5c0d6b5a7b23c7
mlir/tools/mlir-tblgen/FormatGen.cpp	blob	100644	04d3ed1f3b70d996bb190b68044bba45b7109f6b
mlir/tools/mlir-tblgen/FormatGen.h	blob	100644	8e7d49bb37e716b8bbb1fc55bf2ad7875fb37d60
mlir/tools/mlir-tblgen/LLVMIRConversionGen.cpp	blob	100644	11a2db4a1cc67289adcb0c0f746df509a8569eec
mlir/tools/mlir-tblgen/LLVMIRIntrinsicGen.cpp	blob	100644	ea72ae974c585660a3da826fda9c17dbf50dd4f7
mlir/tools/mlir-tblgen/OmpOpGen.cpp	blob	100644	e1be11a0d92edd019b6dbe37f342b7f67fa62031
mlir/tools/mlir-tblgen/OpClass.cpp	blob	100644	60fa1833ce625ef843f38373bcb00f08a4292e63
mlir/tools/mlir-tblgen/OpClass.h	blob	100644	20b96baf868c77b143ad8f8074c514c071e61ba6
mlir/tools/mlir-tblgen/OpDefinitionsGen.cpp	blob	100644	d7c119a31795a71a935c51faeaba5f1c3079a05e
mlir/tools/mlir-tblgen/OpDocGen.cpp	blob	100644	971039d31ed343b9b19f708a9e8ab24ba2b05fbc
mlir/tools/mlir-tblgen/OpFormatGen.cpp	blob	100644	2ae276a62e939d4d68f266c0d4165202a81728a8
mlir/tools/mlir-tblgen/OpFormatGen.h	blob	100644	5e43f38498664bcce5af406db9a06b944a41392c
mlir/tools/mlir-tblgen/OpGenHelpers.cpp	blob	100644	44dbacf19fffd4fccadd2e9ca42194b4cdac00c3
mlir/tools/mlir-tblgen/OpGenHelpers.h	blob	100644	3cd171d10c08abc9a39997f42d68c67342e635c7
mlir/tools/mlir-tblgen/OpInterfacesGen.cpp	blob	100644	8f4a2f3907a53c70f627ab87873bcbe719a49d88
mlir/tools/mlir-tblgen/OpPythonBindingGen.cpp	blob	100644	81c598ebbef0ad8281c689bdfda6b69fded771de
mlir/tools/mlir-tblgen/PassCAPIGen.cpp	blob	100644	8c13c9b03133521ebfcbb8c5a01bde91f4542d1a
mlir/tools/mlir-tblgen/PassDocGen.cpp	blob	100644	456f9ceffeb9b27fc003e777c3f91735ef1df6bd
mlir/tools/mlir-tblgen/PassGen.cpp	blob	100644	e4ae78f022405eac036d4abcb580a558be3a5cb5
mlir/tools/mlir-tblgen/RewriterGen.cpp	blob	100644	5bc2ac48b472611b663bf9fa7ebba9918fc41c75
mlir/tools/mlir-tblgen/SPIRVUtilsGen.cpp	blob	100644	4de8c60dfb55aa175c3f90c51c4d05cefca12e23
mlir/tools/mlir-tblgen/mlir-tblgen.cpp	blob	100644	9c5cc6a6f6f4d1fd7b38de1c26bf45e2112b3006
mlir/tools/mlir-translate/CMakeLists.txt	blob	100644	b356e04bb1dc4a3ff4bc7ab3c200c8afefd14719
mlir/tools/mlir-translate/mlir-translate.cpp	blob	100644	9d2dd88d948833e57b05be703144e44356f3e6a6
mlir/tools/tblgen-lsp-server/CMakeLists.txt	blob	100644	a96fa41180e0937b767792b7f3925b9ce986848a
mlir/tools/tblgen-lsp-server/tblgen-lsp-server.cpp	blob	100644	e8fdbfcc0fb1bea78fcc1c2a082783d0acea0220
mlir/tools/tblgen-to-irdl/CMakeLists.txt	blob	100644	a6621cb98ac6bdc1e4f8a48415e0e85551ac7d57
mlir/tools/tblgen-to-irdl/OpDefinitionsGen.cpp	blob	100644	c3b1de0dff18d9cb4709e202a0d3ecef13037c65
mlir/tools/tblgen-to-irdl/tblgen-to-irdl.cpp	blob	100644	33421b4e2ddd6fe276937b5495b53d193e30d2c8
mlir/unittests/ABI/ABIRewriteContextTest.cpp	blob	100644	59a5307225e0dd8ede0c6be9fe33af185fdf5e36
mlir/unittests/ABI/ABITypeMapperTest.cpp	blob	100644	c702cf387b58aa84a9d26447abd53742c6344b49
mlir/unittests/ABI/CMakeLists.txt	blob	100644	1113ed9516f9c8a60d05f2ab8c4b58292647ded5
mlir/unittests/ABI/TestTargetTest.cpp	blob	100644	a83f2290b0b589db4625faa578e57f34bba08f9d
mlir/unittests/Analysis/CMakeLists.txt	blob	100644	a05d09f89070cffb945b29ffedf7e6b143390003
mlir/unittests/Analysis/Presburger/BarvinokTest.cpp	blob	100644	4ca999878df2c66a8fd54271b5fcb513c9a07a4d
mlir/unittests/Analysis/Presburger/CMakeLists.txt	blob	100644	c7d6dafbd84c95fc447bdf0f16cdd517a5a26a8c
mlir/unittests/Analysis/Presburger/FractionTest.cpp	blob	100644	c9fad953dacd56d183e2fdcb34748e64a258edcb
mlir/unittests/Analysis/Presburger/GeneratingFunctionTest.cpp	blob	100644	3fc68cddaad00715358bd62fb9a9c7b45b38ad71
mlir/unittests/Analysis/Presburger/IntegerPolyhedronTest.cpp	blob	100644	a4a48f0b8923deef77f022dda50b5263988df285
mlir/unittests/Analysis/Presburger/IntegerRelationTest.cpp	blob	100644	c3da1c1556d266af011e0e6c4867a76bdbd1f485
mlir/unittests/Analysis/Presburger/LinearTransformTest.cpp	blob	100644	388ac1174dcdc97901ca029b99454ce4a96bbbd1
mlir/unittests/Analysis/Presburger/MatrixTest.cpp	blob	100644	d40760fa8d894a489f52df8286c4b42d49005c02
mlir/unittests/Analysis/Presburger/PWMAFunctionTest.cpp	blob	100644	ee2931e78185cad77c15f0c353b192bbaee39f05
mlir/unittests/Analysis/Presburger/Parser.h	blob	100644	992e86c8b41a7cee39f864eaf2efb1904e5189eb
mlir/unittests/Analysis/Presburger/ParserTest.cpp	blob	100644	06b728cd1a8fa10dfc52d8a80cfe447fc34688eb
mlir/unittests/Analysis/Presburger/PresburgerRelationTest.cpp	blob	100644	ad71bb32a06880f2a502a962d792768c12f8d7f7
mlir/unittests/Analysis/Presburger/PresburgerSetTest.cpp	blob	100644	c89b528bc7f7b87f4e99ebf26a66867da34f4688
mlir/unittests/Analysis/Presburger/PresburgerSpaceTest.cpp	blob	100644	7229a8ab6b4c474dc45bc6862b5d32f62e791ce4
mlir/unittests/Analysis/Presburger/QuasiPolynomialTest.cpp	blob	100644	e9f3c577af97f82894d15479842f15cf847c39d5
mlir/unittests/Analysis/Presburger/SimplexTest.cpp	blob	100644	0955efdf2e988db4c077513bf3b217db8f7f6003
mlir/unittests/Analysis/Presburger/Utils.h	blob	100644	ef4355f9e380583caa29184b1b23a3532cb66a29
mlir/unittests/Analysis/Presburger/UtilsTest.cpp	blob	100644	d91a0f2da9ceee1285d80135dc053649b2e5ef0c
mlir/unittests/Bytecode/BytecodeTest.cpp	blob	100644	d8f6510924698266659202daef9dede7fd07a7c0
mlir/unittests/Bytecode/CMakeLists.txt	blob	100644	92bb5fe3c158de11796a7e4dacb56c06c0b152d4
mlir/unittests/CMakeLists.txt	blob	100644	654ec44d90b0446bb1a1eb63aba3f1a85ecc49ed
mlir/unittests/Conversion/CMakeLists.txt	blob	100644	2dee5e7dac90c4dc85d89a00e6024f3ce3bbeada
mlir/unittests/Conversion/PDLToPDLInterp/CMakeLists.txt	blob	100644	cc5d3eef9a797dd92df0d0143b149eb7ae5a6d95
mlir/unittests/Conversion/PDLToPDLInterp/RootOrderingTest.cpp	blob	100644	020c0fe770bfc3f440084164e3aacab7867c2e93
mlir/unittests/Debug/CMakeLists.txt	blob	100644	d55282937956a9e277869743e90818a67cd91ee4
mlir/unittests/Debug/DebugCounterTest.cpp	blob	100644	eeeb538a94ba340a1865add52c907df5b5992689
mlir/unittests/Debug/ExecutionContextTest.cpp	blob	100644	1c442d4aa1acc1b541fc0d3a67905492fb11c867
mlir/unittests/Debug/FileLineColLocBreakpointManagerTest.cpp	blob	100644	a345aec72f583570c9d852630f2f07174ad59f10
mlir/unittests/Dialect/AMDGPU/AMDGPUUtilsTest.cpp	blob	100644	570d56f3c6ff139d17f1da7442da1c8bb66b0043
mlir/unittests/Dialect/AMDGPU/CMakeLists.txt	blob	100644	a5acbe60349af41db346d85f47395c509aac5a3b
mlir/unittests/Dialect/ArmSME/CMakeLists.txt	blob	100644	38bc0238d86a5463c7b2d1d9110277e84abb9d93
mlir/unittests/Dialect/ArmSME/TileTypeConversionTest.cpp	blob	100644	305f879489813e32c39b128ff95b2f3a4f772552
mlir/unittests/Dialect/BroadcastShapeTest.cpp	blob	100644	db8afe5bceeaf2150316f41416deb8b62b175b0f
mlir/unittests/Dialect/CMakeLists.txt	blob	100644	269eccb1f93c3b04af8040abf22fdc8eb138c418
mlir/unittests/Dialect/Index/CMakeLists.txt	blob	100644	34afa75861f955ddfe4ad28f38afb11750bf4988
mlir/unittests/Dialect/Index/IndexOpsFoldersTest.cpp	blob	100644	948033ddb5934a62e6379d4c9d22709862fee09f
mlir/unittests/Dialect/LLVMIR/CMakeLists.txt	blob	100644	7cc130d02ad74335c65c016c2d72bc01b423261d
mlir/unittests/Dialect/LLVMIR/LLVMTestBase.h	blob	100644	1badc44ce2132cdc1b5744bdd35b51a35f0d5404
mlir/unittests/Dialect/LLVMIR/LLVMTypeTest.cpp	blob	100644	083dec819a0e05432a49411cfb9790a25c20a224
mlir/unittests/Dialect/Linalg/CMakeLists.txt	blob	100644	a7da4e07c25510f1a8cc6e96a3bd57f0077063da
mlir/unittests/Dialect/Linalg/InferConvolutionDimsTest.cpp	blob	100644	cab17f2a6e9c147ced94283618542dc1b4ebd5c2
mlir/unittests/Dialect/MemRef/CMakeLists.txt	blob	100644	face68c587d39a90ab9a0f2b5dcb3fa1bdb0de87
mlir/unittests/Dialect/MemRef/InferShapeTest.cpp	blob	100644	3937095c119c3969b8f1ddd2e381dd659c42bd37
mlir/unittests/Dialect/MemRef/MemRefUtilsTest.cpp	blob	100644	92f447be969c22bc05268ea0e1574d70b8609abe
mlir/unittests/Dialect/OpenACC/CMakeLists.txt	blob	100644	676b87161c114dd6eaecd699ddff46b3f078ca6b
mlir/unittests/Dialect/OpenACC/OpenACCCGOpsTest.cpp	blob	100644	44283c9091b4d8fd22f7634afaef76ebe6481756
mlir/unittests/Dialect/OpenACC/OpenACCOpsInterfacesTest.cpp	blob	100644	7d52ef31b21edde890068db7f650465682e4b0e4
mlir/unittests/Dialect/OpenACC/OpenACCOpsTest.cpp	blob	100644	f277001ca1cfdff710e1028295d59f64a2917bbd
mlir/unittests/Dialect/OpenACC/OpenACCTypeInterfacesTest.cpp	blob	100644	29407122049308e4453f3787637b1825433ccb9f
mlir/unittests/Dialect/OpenACC/OpenACCUtilsCGTest.cpp	blob	100644	97e15a71f181406e169a2226fa1222ffe4e36887
mlir/unittests/Dialect/OpenACC/OpenACCUtilsGPUTest.cpp	blob	100644	e7ee0655d41f0f873807774442b3c8df3975eac0
mlir/unittests/Dialect/OpenACC/OpenACCUtilsLoopTest.cpp	blob	100644	b71affa8ded1180fc7253cf41149b9d81a8510ea
mlir/unittests/Dialect/OpenACC/OpenACCUtilsReductionTest.cpp	blob	100644	690b174b5ba03952de8aaef4f4a2169f47afdf09
mlir/unittests/Dialect/OpenACC/OpenACCUtilsTest.cpp	blob	100644	30c6f4312efafbd7e83a4161a9feea313a12a64d
mlir/unittests/Dialect/OpenACC/OpenACCUtilsTilingTest.cpp	blob	100644	302e60cca168dc20abb9e65fad76ec2429675a9f
mlir/unittests/Dialect/OpenACC/OpenACCUtilsTypeTest.cpp	blob	100644	9b178688749c4107823f3557d84cb877d015e7a1
mlir/unittests/Dialect/SCF/CMakeLists.txt	blob	100644	83cefbcabf4d90efbd47d486e9472c33d3a4c90e
mlir/unittests/Dialect/SCF/LoopLikeSCFOpsTest.cpp	blob	100644	ef2312398265f773ef7427a0e2e5431fd5a613fb
mlir/unittests/Dialect/SMT/AttributeTest.cpp	blob	100644	4b4aada36bed5128b06a04f4493dce7b761a8148
mlir/unittests/Dialect/SMT/CMakeLists.txt	blob	100644	184e227c40327662d514913286a4d5af5119a3b8
mlir/unittests/Dialect/SMT/QuantifierTest.cpp	blob	100644	5cbc019989736d9967a27f8b75221ca11156c67d
mlir/unittests/Dialect/SPIRV/CMakeLists.txt	blob	100644	3aa0512459f2102f06f3fde288dfa839a589c0be
mlir/unittests/Dialect/SPIRV/DeserializationTest.cpp	blob	100644	dd9fddc527fc66a5d9514702fd333e33b3a03800
mlir/unittests/Dialect/SPIRV/SerializationTest.cpp	blob	100644	b0413a8e994ba56e1bdb2a6549eb807ca1d1d6c7
mlir/unittests/Dialect/SparseTensor/CMakeLists.txt	blob	100644	15a61492a8bb21f728113c0bd72085690fef2741
mlir/unittests/Dialect/SparseTensor/MergerTest.cpp	blob	100644	2b92e47d9288ef800d10b47094a143ca5340f26f
mlir/unittests/Dialect/Transform/BuildOnlyExtensionTest.cpp	blob	100644	d2a4999594a9e991b2053941af08cb015dd46b0b
mlir/unittests/Dialect/Transform/CMakeLists.txt	blob	100644	20cdc63966ec0b20415e47e2606e742d6d38f0f0
mlir/unittests/Dialect/Transform/Preload.cpp	blob	100644	8504928d85cb29383fbd7733b1156ae47a3419e8
mlir/unittests/Dialect/Utils/CMakeLists.txt	blob	100644	e921c8bcfb4e58262a5da78ef987408a6ec22961
mlir/unittests/Dialect/Utils/IndexingUtilsTest.cpp	blob	100644	4b68e4214e7718b2e1f39b3524dc4a6a5ba32a49
mlir/unittests/Dialect/Utils/ReshapeOpsUtilsTest.cpp	blob	100644	05f97e875e2dc3b08083cafdcc568e537d7fa233
mlir/unittests/Dialect/Utils/StructuredOpsUtilsTest.cpp	blob	100644	d257fc5d6e041d1b557623223b25f23297e64cc5
mlir/unittests/ExecutionEngine/CMakeLists.txt	blob	100644	b83163e39c01425532c9ad26c44e15776532e2a1
mlir/unittests/ExecutionEngine/DynamicMemRef.cpp	blob	100644	78a2440b59cbaabefb86472bc6f8554094291475
mlir/unittests/ExecutionEngine/Invoke.cpp	blob	100644	4061d16a8380775232aa95fbd6b62c7e9433f58b
mlir/unittests/ExecutionEngine/StridedMemRef.cpp	blob	100644	f5ffcc8fc911f10c67542f5b6afccae82302d346
mlir/unittests/IR/AdaptorTest.cpp	blob	100644	0a5fa8d3c475c3325f104baf52d87c33d256cf5f
mlir/unittests/IR/AffineExprTest.cpp	blob	100644	f8494ecb971c2155206a68cc1d0dab9a3bc245d1
mlir/unittests/IR/AffineMapTest.cpp	blob	100644	ff1f28235d409346cd26f2a6fe7a75a003ff5a6b
mlir/unittests/IR/AttrTypeReplacerTest.cpp	blob	100644	f17c7122ecf438dbccb74eda54cd6fa19a084f45
mlir/unittests/IR/AttributeTest.cpp	blob	100644	17d8e567fbebcc33cc8883b9eb3061a98bd7c501
mlir/unittests/IR/BlobManagerTest.cpp	blob	100644	d82482ddb793654672acb5c8319983099607594b
mlir/unittests/IR/BuiltinDialectVersionTest.cpp	blob	100644	f78ac64d3d2bd565e079ba8dc9c1ba6722d2298c
mlir/unittests/IR/CMakeLists.txt	blob	100644	f5b522bb5cf22b138542d814ab390ada24ecd8ce
mlir/unittests/IR/Diagnostic.cpp	blob	100644	96e09d33309263f3f37bc2c7cbf202c7d831823b
mlir/unittests/IR/DialectTest.cpp	blob	100644	7dd6a01c3389bc1085e1827819b9a7a3db4f35c2
mlir/unittests/IR/DistinctAttributeAllocatorTest.cpp	blob	100644	99067d09f7bed886f5a3f0411b9c85929b1f4d19
mlir/unittests/IR/IRMapping.cpp	blob	100644	983c41a6c4aef989daa0631e002deedcb893ae46
mlir/unittests/IR/InterfaceAttachmentTest.cpp	blob	100644	b8dc851cdc5011bcb11a9a98cd47eda1a649dcb2
mlir/unittests/IR/InterfaceTest.cpp	blob	100644	235163cbebb891a33aab256a7cb882cb2cb3fab9
mlir/unittests/IR/LocationTest.cpp	blob	100644	03374ee0b8467b826a16fb6fbca19b7c0c48f29b
mlir/unittests/IR/MemrefLayoutTest.cpp	blob	100644	f243a76ee660c3809e29e9341ccd3f07393e87e0
mlir/unittests/IR/OpPropertiesTest.cpp	blob	100644	bea69e9e8f107e0c01754fcba0144ec74ff1cb90
mlir/unittests/IR/OperationSupportTest.cpp	blob	100644	90e59808c984a7acb6639d790b4ae8819fe028e7
mlir/unittests/IR/PatternMatchTest.cpp	blob	100644	1c67bfc284d320a022799b15ce6ba9ab0deb5a20
mlir/unittests/IR/RemarkTest.cpp	blob	100644	81bfcd1446455fa22bc3a2f85403654d48323001
mlir/unittests/IR/ShapedTypeTest.cpp	blob	100644	a013193b8dd9e045e69a394968d75a50ae60c2aa
mlir/unittests/IR/SymbolTableTest.cpp	blob	100644	864eb40898335f1d9a1cf562a3f8eb468143f948
mlir/unittests/IR/TypeAttrNamesTest.cpp	blob	100644	488c164b23b4bdd6b0ecb5b54f4f0d8c3d50a8f4
mlir/unittests/IR/TypeTest.cpp	blob	100644	30f6642a9ca71d093d64af88d3d6a9742c7c8696
mlir/unittests/IR/ValueTest.cpp	blob	100644	df354a57fe474c742693f7c96b0dd0b419d83cb4
mlir/unittests/IR/VerifierTest.cpp	blob	100644	c4f4e1a71cf4132e3660374a25c6959f1d1cdfca
mlir/unittests/Interfaces/CMakeLists.txt	blob	100644	193edda6bf8d8a303b2746feae373f5113a7ad06
mlir/unittests/Interfaces/ControlFlowInterfacesTest.cpp	blob	100644	5b5da0534393b063207e53f6e2fa3a8630a14242
mlir/unittests/Interfaces/DataLayoutInterfacesTest.cpp	blob	100644	3067cf103590c0eee3f4a89cee3f449feb46fe7d
mlir/unittests/Interfaces/InferIntRangeInterfaceTest.cpp	blob	100644	97c75b368056799d79f61eeb73b997074471e3cd
mlir/unittests/Interfaces/InferTypeOpInterfaceTest.cpp	blob	100644	2fc8a43f7c04c661cd3568e2635092a6631479ec
mlir/unittests/Interfaces/MemorySlotUtilsTest.cpp	blob	100644	ae38768435005acec6ec2754cb6f138f8b4e5ef9
mlir/unittests/Interfaces/SideEffectInterfacesTest.cpp	blob	100644	d7dbdd08f0416555f8664e47d59d3f3ef25b38dc
mlir/unittests/Parser/CMakeLists.txt	blob	100644	4b3fedbb638c0b21b63f7ba40f44238f1f9ee5b0
mlir/unittests/Parser/ParserTest.cpp	blob	100644	52b965bcc1326b15d91733614d935f9ea8755c3e
mlir/unittests/Parser/ResourceTest.cpp	blob	100644	b93e7a6d6c16d3df5a2b40de6832d7930f036349
mlir/unittests/Pass/AnalysisManagerTest.cpp	blob	100644	1a28659f47e645d1b67fc1d3fb348a584ade3fa7
mlir/unittests/Pass/CMakeLists.txt	blob	100644	a47d2eead6180489038c1e6a72fbefe7d62a05fb
mlir/unittests/Pass/PassManagerTest.cpp	blob	100644	3f5db8ebcbb6de3e636a98037080714601583723
mlir/unittests/Pass/PassPipelineParserTest.cpp	blob	100644	4aa35af5c277c3e6a3d4861770f618268c90f8ec
mlir/unittests/Rewrite/CMakeLists.txt	blob	100644	c9db1a86a39fcf47d76f2bb4dd17e15b5e97ca29
mlir/unittests/Rewrite/PatternBenefit.cpp	blob	100644	e4363f9f4b8bb4af91decdb35c092edfde4b9cf8
mlir/unittests/Support/CMakeLists.txt	blob	100644	f4a5ab7d5b9a03a9692522d9c31f8d9c9008765e
mlir/unittests/Support/ComplexTest.cpp	blob	100644	a91199727737e6980d69f8e05530a89105db0a50
mlir/unittests/Support/CyclicReplacerCacheTest.cpp	blob	100644	26f0709f7d83100924bf14e8409dc4f1bb148cb9
mlir/unittests/Support/IndentedOstreamTest.cpp	blob	100644	df1edb7c03b13839782e4aa6d8499e970863ee12
mlir/unittests/Support/StorageUniquerTest.cpp	blob	100644	6db6783bb89f935b96868262417dfea71185046b
mlir/unittests/TableGen/CMakeLists.txt	blob	100644	4d8e508ecdf5bc8c4100fd1a294efc3ebd0ba832
mlir/unittests/TableGen/EnumsGenTest.cpp	blob	100644	3bc02fc2cb3ae72817f3399456eaaf2965ae582e
mlir/unittests/TableGen/FormatTest.cpp	blob	100644	ef00cb4a1c24b300f3f5c7a5d793da21ae21f7e9
mlir/unittests/TableGen/OpBuildGen.cpp	blob	100644	09430336de9946bb70326f48be84760c477d9c7a
mlir/unittests/TableGen/PassGenTest.cpp	blob	100644	ac01d498790b78fa7a5e3c5ffbce65ed4cf20076
mlir/unittests/TableGen/enums.td	blob	100644	8500d7337a0e188f6ebcdb6716d13ef50654cdcc
mlir/unittests/TableGen/passes.td	blob	100644	79c57a97bba7c47d45ae3b1892f980313a522fc6
mlir/unittests/Target/CMakeLists.txt	blob	100644	8bd3107356c05683d6c66c8760c7eb844850de3f
mlir/unittests/Target/LLVM/CMakeLists.txt	blob	100644	0a77deb9ee9ea43056dd8966234eb00ea6f2cc36
mlir/unittests/Target/LLVM/SerializeNVVMTarget.cpp	blob	100644	31c5aa3195db73b931a62d0bfdd4e542a081ce25
mlir/unittests/Target/LLVM/SerializeROCDLTarget.cpp	blob	100644	7d238494506b856bdee87f389688292e16215ed2
mlir/unittests/Target/LLVM/SerializeToLLVMBitcode.cpp	blob	100644	5271923d923e26f6b38b87ac3e7e6a60bd623e63
mlir/unittests/Transforms/CMakeLists.txt	blob	100644	dc5920087b505eb4c29b34736c37a9ecea2de95e
mlir/unittests/Transforms/Canonicalizer.cpp	blob	100644	4b94e0602b5097f62efcf6886ad197d5114a7c88
mlir/unittests/Transforms/DialectConversion.cpp	blob	100644	d29a14abd47c851d641512f1527416aedae98813
mlir/utils/MLIRVisualizers/mlir.natvis	blob	100644	49332f34aa5f9a7674c86a2773b4ffcc3ae9c0a1
mlir/utils/clang-tidy/README.md	blob	100644	ca43a77c4a0e97f4f588b5c4c732bba6a474a4a5
mlir/utils/clang-tidy/apply-clang-tidy.sh	blob	100755	f0973dd73d7e5e7aeb96feacc97f69774d06e742
mlir/utils/emacs/mlir-lsp-client.el	blob	100644	4397a55e7206ac2ab7c23d1c3658fe930547beb8
mlir/utils/emacs/mlir-mode.el	blob	100644	46a85bed19cc41c0f24d53d5540776b6a8df3472
mlir/utils/emacs/tblgen-lsp-client.el	blob	100644	6830e328eb8de36092cf8e12092a21ea2631244d
mlir/utils/gdb-scripts/prettyprinters.py	blob	100644	d9d80398ffa677c1ebd494ed9115e23f6a7a27ee
mlir/utils/generate-test-checks.py	blob	100755	89f561f5858a4808319154c17d13ed93316b0848
mlir/utils/jupyter/.gitignore	blob	100644	3b62e6397412087f0d28c9060f77d1ac1a88c972
mlir/utils/jupyter/README.md	blob	100644	afed79fb77e64a20e66c07f73d6419ef0481cdd1
mlir/utils/jupyter/mlir_opt_kernel/__init__.py	blob	100644	7ed2bbe0ad4973f775b5c5c7d7e2fc2b574b1e1d
mlir/utils/jupyter/mlir_opt_kernel/__main__.py	blob	100644	21994ff6ec6fa9dc1cfdbf0ece20c031c32cbb16
mlir/utils/jupyter/mlir_opt_kernel/assets/kernel.js	blob	100644	55444f9cf568c0aaca37e3e83d5aab56efef1f1d
mlir/utils/jupyter/mlir_opt_kernel/assets/kernel.json	blob	100644	7ae515b1f7d6a54906330d7d93c4a9e9bd875dc9
mlir/utils/jupyter/mlir_opt_kernel/install.py	blob	100644	bd7b1d10b734fb8fc62639045040434336ef10c8
mlir/utils/jupyter/mlir_opt_kernel/kernel.py	blob	100644	c0e4fc1db4c8a834528a5000be1d4ec5f398ff1b
mlir/utils/lldb-scripts/action_debugging.py	blob	100644	2371967bf72a40011bbddfa1409292a7f8cd3839
mlir/utils/lldb-scripts/mlirDataFormatters.py	blob	100644	dec3a599c75e909e3141b9d56d6534f3e3fc8d27
mlir/utils/mbr/CMakeLists.txt	blob	100644	5ebbfd58b0564cff1ccbd6856890e8fba7ab1f1f
mlir/utils/mbr/README.md	blob	100644	0cbccdc20d32139ed3a13c8d9a90ddb339e244ca
mlir/utils/mbr/mbr/__init__.py	blob	100644	d01befd8fedbafbaef2bfd8ecf35af62c9872e26
mlir/utils/mbr/mbr/config.ini	blob	100644	1337f44a79da564a66597a63490f7a841e39cb5c
mlir/utils/mbr/mbr/discovery.py	blob	100644	6c9803e0d3c33490744397c11b4c176a653162c5
mlir/utils/mbr/mbr/main.py	blob	100644	5d301abcc2393e5c78105a986d69463acab92207
mlir/utils/mbr/mbr/stats.py	blob	100644	9b7a3dce23bfa5ff476c82d91d83b34f8c294a80
mlir/utils/mbr/mlir-mbr.in	blob	100644	858c8ca718b9669d11541cb9f1ba5dbd803b3281
mlir/utils/mbr/requirements.txt	blob	100644	e69de29bb2d1d6434b8b29ae775ad8c2e48c5391
mlir/utils/mbr/setup.py	blob	100644	98b148a248b8b92482c4d30910fb0f2e0089a675
mlir/utils/pygments/README.md	blob	100644	09c99b78d8880e2a289c5d07d03d7f0b4e88bf1e
mlir/utils/pygments/mlir_lexer.py	blob	100644	c493d20272cc651ffaf0806ea2450c7dfe73371d
mlir/utils/spirv/define_enum.sh	blob	100755	ca9d8642cd9027958b76ba400e7dec8b9a6abf3c
mlir/utils/spirv/define_inst.sh	blob	100755	eb37cef602a4ad2f60d5395b0ed4444d340d4079
mlir/utils/spirv/define_opcodes.sh	blob	100755	5284ce8e7db225673b704ef6d5eb250183530c06
mlir/utils/spirv/gen_spirv_dialect.py	blob	100755	d2d0b410f52dfd1366a0b36aa9191e5f5b968206
mlir/utils/spirv/refresh_inst.sh	blob	100755	fe08a06d557a8f3c09c5da420632a979697277d7
mlir/utils/spirv/report_coverage.sh	blob	100755	7ef1cf2a2140f7405ceda2e5125598d91a493928
mlir/utils/textmate/mlir.json	blob	100644	7c60f63f360dc594f47180c0cf268177dbad2a23
mlir/utils/tree-sitter-mlir/.gitignore	blob	100644	428ca81674582825ad476abe423c96f32eff8d6c
mlir/utils/tree-sitter-mlir/README.md	blob	100644	58555b83ef4aad6db25843a8c39f8bb8da7fabbc
mlir/utils/tree-sitter-mlir/dialect/affine.js	blob	100644	a8e3f0f56284ee4aab6628cdea759e1e39c94938
mlir/utils/tree-sitter-mlir/dialect/arith.js	blob	100644	f77e2a758edfd833c395235f2f7268c117362ca2
mlir/utils/tree-sitter-mlir/dialect/bufferization.js	blob	100644	d5c99263f8ec46d7df28fabe5311fe6e7b8680e1
mlir/utils/tree-sitter-mlir/dialect/builtin.js	blob	100644	fc7614c90b27a2ce4f8c9fdad78e52b26083b5a2
mlir/utils/tree-sitter-mlir/dialect/cf.js	blob	100644	62b1db91f00c45062b74de8f348f961538150751
mlir/utils/tree-sitter-mlir/dialect/func.js	blob	100644	b94cc98ce0a180fcd9a34643883dcebf8f73244d
mlir/utils/tree-sitter-mlir/dialect/linalg.js	blob	100644	f4658085ce6f3187d2a4e2693ea49e693c5fb635
mlir/utils/tree-sitter-mlir/dialect/llvm.js	blob	100644	f2e7c08c88be93b4754c178f9e17e662ae6d1eb7
mlir/utils/tree-sitter-mlir/dialect/math.js	blob	100644	c6eb2f9777133cd18762c575a1df3bc49bc73b24
mlir/utils/tree-sitter-mlir/dialect/memref.js	blob	100644	3ea9a60bdb8388d7715315f1e6ff575339b09ace
mlir/utils/tree-sitter-mlir/dialect/scf.js	blob	100644	c39d856d5807178c2beb11e3198fddd25662b023
mlir/utils/tree-sitter-mlir/dialect/tensor.js	blob	100644	6b69e6824d9b8357ca0c462674331cb943ee68da
mlir/utils/tree-sitter-mlir/dialect/vector.js	blob	100644	497ed7dc2cc8c206df05e13d5c20311e130f9935
mlir/utils/tree-sitter-mlir/grammar.js	blob	100644	8a8b8e8037c3f973a4dfe1deebf4553a928394ef
mlir/utils/tree-sitter-mlir/package-lock.json	blob	100644	5676fb892f12f221fcb9905a2323270390ac06c6
mlir/utils/tree-sitter-mlir/package.json	blob	100644	afb687a38e2b312524a700673989537bae583450
mlir/utils/tree-sitter-mlir/queries/highlights.scm	blob	100644	ca52bcce042f7ae694803b214b3c2b81dc8d8338
mlir/utils/tree-sitter-mlir/queries/locals.scm	blob	100644	d47354c8451badb663c728ec7a80ae9094d82d99
mlir/utils/tree-sitter-mlir/test/corpus/affine.txt	blob	100644	adb47cd9701717f347c82e303793461c8a7f39e9
mlir/utils/tree-sitter-mlir/test/corpus/attribute.txt	blob	100644	59fb13e0ce8298f5bde05ee61af393c7d1035942
mlir/utils/tree-sitter-mlir/test/corpus/controlflow.txt	blob	100644	89353d36630f7b8002d736b9c54afeb2868412bd
mlir/utils/tree-sitter-mlir/test/corpus/func.txt	blob	100644	632b50db935bddd4edd6205c0e5fa0e6a263bda9
mlir/utils/tree-sitter-mlir/test/corpus/op.txt	blob	100644	d2914e24e65f95ee473ff7752d23770d868e706c
mlir/utils/tree-sitter-mlir/test/corpus/type.txt	blob	100644	25bf80df65a438113469d594da8bfa51cea1cbcb
mlir/utils/tree-sitter-mlir/test/highlight/attribute.mlir	blob	100644	4fe2d42fc1e07d10a989720d5ef148e185900c04
mlir/utils/tree-sitter-mlir/test/highlight/controlflow.mlir	blob	100644	d3193838c3a7380f532d9b2836e0f10cd3154d81
mlir/utils/tree-sitter-mlir/test/highlight/downstream.mlir	blob	100644	3bbb21bdb5bb5f773b206a254a373a67e2437d6d
mlir/utils/tree-sitter-mlir/test/highlight/func.mlir	blob	100644	cc6f872cf7410c87563bd9ba6cdec2638a85c1fb
mlir/utils/tree-sitter-mlir/test/highlight/type.mlir	blob	100644	97b19dfea6185884cc019f6c927198df0876686e
mlir/utils/verify-canon/verify_canon.py	blob	100644	bfddba9577b9a28bee75c3663033a9166d088425
mlir/utils/vim/README	blob	100644	78cefde4c90dd9a0f9a1ee89ab8f152f231c7ddb
mlir/utils/vim/ftdetect/mlir.vim	blob	100644	f8b1de4830d22a1cc6bf7adff711577a0480d9a7
mlir/utils/vim/ftplugin/mlir.vim	blob	100644	2e3845cdddc3274190ccecc4ddcb552faa090153
mlir/utils/vim/indent/mlir.vim	blob	100644	2c5b4aea534c74c0b653a006aa273a956b6c3622
mlir/utils/vim/syntax/mlir.vim	blob	100644	070d81658ca3d27817a3117dacd9f2c8e799af3b
mlir/utils/vscode/.gitignore	blob	100644	9354f9119287ba0aa618651b4cda4fedb26912be
mlir/utils/vscode/.npmrc	blob	100644	b7d836e47bf5dd873f5d049bafe41a49ef116de7
mlir/utils/vscode/.vscode/launch.json	blob	100644	dfe1753e6a663d4f86792e3e4fdfcc43e9a5d443
mlir/utils/vscode/.vscode/tasks.json	blob	100644	5efd8048880a1897e9014a322538e00db30def48
mlir/utils/vscode/.vscodeignore	blob	100644	f369b5e55b684e5c99d8446581a52ab2d7fc0437
mlir/utils/vscode/cpp-grammar.json	blob	100644	36063c6a5210bd29db069cab579b994683578e0d
mlir/utils/vscode/language-configuration.json	blob	100644	ded00a40bab7034dc1aba1f9948cd45c7e484b19
mlir/utils/vscode/markdown-grammar.json	blob	100644	2a285a0705bcb092cb61c1466c3180f6393bd6c8
mlir/utils/vscode/package-lock.json	blob	100644	106c5d743f6c08a11b38dee4898e63aae9f9a1fa
mlir/utils/vscode/package.json	blob	100644	ff0aaa52db1337bd26649334c063345c8cf2a514
mlir/utils/vscode/pdll-grammar.json	blob	100644	308a250f352e51ab09481b7cee6988c453304fcc
mlir/utils/vscode/pdll-language-configuration.json	blob	100644	1357db8a9d4db172e563821296248f0cb3140d39
mlir/utils/vscode/src/MLIR/bytecodeProvider.ts	blob	100644	28ce02398a3123ade7bba366b7c55c3377bc0370
mlir/utils/vscode/src/MLIR/mlir.ts	blob	100644	bd026bd0a42e83f5da5b9e66b5a32b919090fa55
mlir/utils/vscode/src/PDLL/commands/viewOutput.ts	blob	100644	3c165ad1067d02c680b050fbc79b291ef4831cfe
mlir/utils/vscode/src/PDLL/pdll.ts	blob	100644	79262d9f9572f2f8c402289798db6a1a9db6862b
mlir/utils/vscode/src/command.ts	blob	100644	4623a5bed085ae8a2ff687e37e44f63f13f4d91d
mlir/utils/vscode/src/config.ts	blob	100644	04ff8f53c9e58612bf27d75c2de93b07f0764e93
mlir/utils/vscode/src/configWatcher.ts	blob	100644	68426873c18e6eebfb127eec40bcf2717097948f
mlir/utils/vscode/src/extension.ts	blob	100644	133fb8f6cf6ae04274173ca4d523403ecbe6974e
mlir/utils/vscode/src/mlirContext.ts	blob	100644	2738b41cb0ad622933af822d1bf2d812f53eab64
mlir/utils/vscode/tablegen-language-configuration.json	blob	100644	6a1455bf8ca7fdc4ad81f0db7af2b9fd513eaeb3
mlir/utils/vscode/tsconfig.json	blob	100644	5fb5c238652c3f39c63ccd2b8cbfccbd21eae553
